{"type":"FeatureCollection","features":[{"type":"Feature","id":"building-208449395","properties":{"kind":"building","name":"Mont-Fort","height":7.2},"geometry":{"type":"Polygon","coordinates":[[[7.318379,46.0799824],[7.3184469,46.0800983],[7.3184249,46.0801046],[7.3182933,46.0801423],[7.3182424,46.0801569],[7.3182073,46.0800983],[7.3181737,46.0800426],[7.3182216,46.0800287],[7.318379,46.0799824]]]}},{"type":"Feature","id":"building-1119543589","properties":{"kind":"building","name":"Alpine building","height":7.2},"geometry":{"type":"Polygon","coordinates":[[[7.3115442,46.0848554],[7.3114144,46.0848476],[7.3113996,46.0849662],[7.3115294,46.084974],[7.3115442,46.0848554]]]}},{"type":"Feature","id":"building-224872291","properties":{"kind":"building","name":"Alpine building","height":7.2},"geometry":{"type":"Polygon","coordinates":[[[7.3408077,46.0961905],[7.3408875,46.0962124],[7.3409317,46.0961319],[7.3409143,46.0961264],[7.340927,46.0961067],[7.3408835,46.096093],[7.3408709,46.0961144],[7.3408504,46.0961084],[7.3408077,46.0961905]]]}},{"type":"Feature","id":"pylon-verbier-mont-fort-0","properties":{"kind":"pylon","name":"Lift tower","height":13},"geometry":{"type":"Polygon","coordinates":[[[7.278450291596783,46.0812408],[7.278441946601292,46.08125477444232],[7.2784218,46.081260562845856],[7.278401653398708,46.08125477444232],[7.278393308403218,46.0812408],[7.278401653398708,46.081226825557685],[7.2784218,46.08122103715415],[7.278441946601292,46.081226825557685],[7.278450291596783,46.0812408]]]}},{"type":"Feature","id":"pylon-verbier-mont-fort-1","properties":{"kind":"pylon","name":"Lift tower","height":13},"geometry":{"type":"Polygon","coordinates":[[[7.233295101913797,46.1012088],[7.233286753896523,46.10122277444232],[7.2332666,46.101228562845854],[7.233246446103478,46.10122277444232],[7.233238098086203,46.1012088],[7.233246446103478,46.101194825557684],[7.2332666,46.10118903715415],[7.233286753896523,46.101194825557684],[7.233295101913797,46.1012088]]]}},{"type":"Feature","id":"pylon-verbier-mont-fort-2","properties":{"kind":"pylon","name":"Lift tower","height":13},"geometry":{"type":"Polygon","coordinates":[[[7.340909424436378,46.1447266],[7.340901069822393,46.14474057444232],[7.3408809,46.14474636284585],[7.340860730177607,46.14474057444232],[7.340852375563622,46.1447266],[7.340860730177607,46.14471262555768],[7.3408809,46.144706837154146],[7.340901069822393,46.14471262555768],[7.340909424436378,46.1447266]]]}},{"type":"Feature","id":"pylon-verbier-mont-fort-3","properties":{"kind":"pylon","name":"Lift tower","height":13},"geometry":{"type":"Polygon","coordinates":[[[7.354216524514308,46.144877],[7.354208169877497,46.14489097444232],[7.354188,46.14489676284585],[7.354167830122503,46.14489097444232],[7.354159475485692,46.144877],[7.354167830122503,46.14486302555768],[7.354188,46.14485723715415],[7.354208169877497,46.14486302555768],[7.354216524514308,46.144877]]]}},{"type":"Feature","id":"pylon-verbier-mont-fort-4","properties":{"kind":"pylon","name":"Lift tower","height":13},"geometry":{"type":"Polygon","coordinates":[[[7.340918724413683,46.1446828],[7.340910369806345,46.144696774442316],[7.3408902,46.14470256284585],[7.3408700301936545,46.144696774442316],[7.340861675586316,46.1446828],[7.3408700301936545,46.14466882555768],[7.3408902,46.144663037154146],[7.340910369806345,46.14466882555768],[7.340918724413683,46.1446828]]]}},{"type":"Feature","id":"pylon-verbier-mont-fort-5","properties":{"kind":"pylon","name":"Lift tower","height":13},"geometry":{"type":"Polygon","coordinates":[[[7.353213324478711,46.1448083],[7.353204969852326,46.14482227444232],[7.3531848,46.14482806284585],[7.353164630147674,46.14482227444232],[7.35315627552129,46.1448083],[7.353164630147674,46.14479432555768],[7.3531848,46.14478853715415],[7.353204969852326,46.14479432555768],[7.353213324478711,46.1448083]]]}},{"type":"Feature","id":"pylon-verbier-mont-fort-6","properties":{"kind":"pylon","name":"Lift tower","height":13},"geometry":{"type":"Polygon","coordinates":[[[7.227543095552877,46.0889001],[7.227534749398673,46.088914074442314],[7.2275146,46.08891986284585],[7.227494450601327,46.088914074442314],[7.227486104447123,46.0889001],[7.227494450601327,46.08888612555768],[7.2275146,46.088880337154144],[7.227534749398673,46.08888612555768],[7.227543095552877,46.0889001]]]}},{"type":"Feature","id":"pylon-verbier-mont-fort-7","properties":{"kind":"pylon","name":"Lift tower","height":13},"geometry":{"type":"Polygon","coordinates":[[[7.2315930972254545,46.0921374],[7.231584750581363,46.09215137444232],[7.2315646,46.09215716284585],[7.231544449418636,46.09215137444232],[7.231536102774545,46.0921374],[7.231544449418636,46.09212342555768],[7.2315646,46.092117637154146],[7.231584750581363,46.09212342555768],[7.2315930972254545,46.0921374]]]}},{"type":"Feature","id":"pylon-verbier-mont-fort-8","properties":{"kind":"pylon","name":"Lift tower","height":13},"geometry":{"type":"Polygon","coordinates":[[[7.232922397770487,46.0931922],[7.23291405096676,46.093206174442315],[7.2328939,46.09321196284585],[7.2328737490332395,46.093206174442315],[7.232865402229512,46.0931922],[7.2328737490332395,46.09317822555768],[7.2328939,46.093172437154145],[7.23291405096676,46.09317822555768],[7.232922397770487,46.0931922]]]}},{"type":"Feature","id":"pylon-verbier-mont-fort-9","properties":{"kind":"pylon","name":"Lift tower","height":13},"geometry":{"type":"Polygon","coordinates":[[[7.265047994591197,46.0870385],[7.265039648718663,46.08705247444232],[7.2650195,46.08705826284585],[7.264999351281338,46.08705247444232],[7.264991005408803,46.0870385],[7.264999351281338,46.08702452555768],[7.2650195,46.087018737154146],[7.265039648718663,46.08702452555768],[7.265047994591197,46.0870385]]]}},{"type":"Feature","id":"pylon-verbier-mont-fort-10","properties":{"kind":"pylon","name":"Lift tower","height":13},"geometry":{"type":"Polygon","coordinates":[[[7.278370802808112,46.1029387],[7.278362454528899,46.10295267444232],[7.2783423,46.102958462845855],[7.278322145471101,46.10295267444232],[7.278313797191888,46.1029387],[7.278322145471101,46.102924725557685],[7.2783423,46.10291893715415],[7.278362454528899,46.102924725557685],[7.278370802808112,46.1029387]]]}},{"type":"Feature","id":"pylon-verbier-mont-fort-11","properties":{"kind":"pylon","name":"Lift tower","height":13},"geometry":{"type":"Polygon","coordinates":[[[7.314279319731599,46.1356444],[7.314270966495612,46.135658374442315],[7.3142508,46.13566416284585],[7.314230633504388,46.135658374442315],[7.3142222802684005,46.1356444],[7.314230633504388,46.13563042555768],[7.3142508,46.135624637154145],[7.314270966495612,46.13563042555768],[7.314279319731599,46.1356444]]]}},{"type":"Feature","id":"pylon-verbier-mont-fort-12","properties":{"kind":"pylon","name":"Lift tower","height":13},"geometry":{"type":"Polygon","coordinates":[[[7.311672320034056,46.1362284],[7.311663966709481,46.13624237444232],[7.3116438,46.13624816284585],[7.311623633290519,46.13624237444232],[7.3116152799659435,46.1362284],[7.311623633290519,46.13621442555768],[7.3116438,46.13620863715415],[7.311663966709481,46.13621442555768],[7.311672320034056,46.1362284]]]}},{"type":"Feature","id":"pylon-verbier-mont-fort-13","properties":{"kind":"pylon","name":"Lift tower","height":13},"geometry":{"type":"Polygon","coordinates":[[[7.308071320453471,46.1370382],[7.308062967006052,46.13705217444232],[7.3080428,46.13705796284585],[7.308022632993948,46.13705217444232],[7.308014279546529,46.1370382],[7.308022632993948,46.13702422555768],[7.3080428,46.13701843715415],[7.308062967006052,46.13702422555768],[7.308071320453471,46.1370382]]]}},{"type":"Feature","id":"pylon-verbier-mont-fort-14","properties":{"kind":"pylon","name":"Lift tower","height":13},"geometry":{"type":"Polygon","coordinates":[[[7.309503520286491,46.1367158],[7.309495166887979,46.136729774442315],[7.309475,46.13673556284585],[7.309454833112021,46.136729774442315],[7.309446479713509,46.1367158],[7.309454833112021,46.13670182555768],[7.309475,46.136696037154145],[7.309495166887979,46.13670182555768],[7.309503520286491,46.1367158]]]}},{"type":"Feature","id":"pylon-verbier-mont-fort-15","properties":{"kind":"pylon","name":"Lift tower","height":13},"geometry":{"type":"Polygon","coordinates":[[[7.305247920781693,46.1376719],[7.305239567238139,46.13768587444232],[7.3052194,46.13769166284585],[7.305199232761861,46.13768587444232],[7.305190879218308,46.1376719],[7.305199232761861,46.13765792555768],[7.3052194,46.13765213715415],[7.305239567238139,46.13765792555768],[7.305247920781693,46.1376719]]]}},{"type":"Feature","id":"pylon-verbier-mont-fort-16","properties":{"kind":"pylon","name":"Lift tower","height":13},"geometry":{"type":"Polygon","coordinates":[[[7.31970761991416,46.1359969],[7.319699266624702,46.13601087444232],[7.3196791,46.136016662845854],[7.319658933375298,46.13601087444232],[7.31965058008584,46.1359969],[7.319658933375298,46.135982925557684],[7.3196791,46.13597713715415],[7.319699266624702,46.135982925557684],[7.31970761991416,46.1359969]]]}},{"type":"Feature","id":"pylon-verbier-mont-fort-17","properties":{"kind":"pylon","name":"Lift tower","height":13},"geometry":{"type":"Polygon","coordinates":[[[7.320531620043793,46.1362472],[7.320523266716366,46.13626117444232],[7.3205031,46.13626696284585],[7.320482933283634,46.13626117444232],[7.3204745799562065,46.1362472],[7.320482933283634,46.13623322555768],[7.3205031,46.13622743715415],[7.320523266716366,46.13623322555768],[7.320531620043793,46.1362472]]]}},{"type":"Feature","id":"pylon-verbier-mont-fort-18","properties":{"kind":"pylon","name":"Lift tower","height":13},"geometry":{"type":"Polygon","coordinates":[[[7.321726920234387,46.1366152],[7.3217185668511355,46.13662917444232],[7.3216984,46.136634962845854],[7.321678233148864,46.13662917444232],[7.321669879765612,46.1366152],[7.321678233148864,46.13660122555768],[7.3216984,46.13659543715415],[7.3217185668511355,46.13660122555768],[7.321726920234387,46.1366152]]]}},{"type":"Feature","id":"pylon-verbier-mont-fort-19","properties":{"kind":"pylon","name":"Lift tower","height":13},"geometry":{"type":"Polygon","coordinates":[[[7.323053220442181,46.1370164],[7.323044866998068,46.13703037444232],[7.3230247,46.13703616284585],[7.323004533001932,46.13703037444232],[7.32299617955782,46.1370164],[7.323004533001932,46.13700242555768],[7.3230247,46.13699663715415],[7.323044866998068,46.13700242555768],[7.323053220442181,46.1370164]]]}},{"type":"Feature","id":"pylon-verbier-mont-fort-20","properties":{"kind":"pylon","name":"Lift tower","height":13},"geometry":{"type":"Polygon","coordinates":[[[7.32594522088751,46.1378762],[7.325936867312964,46.13789017444232],[7.3259167,46.13789596284585],[7.325896532687035,46.13789017444232],[7.325888179112489,46.1378762],[7.325896532687035,46.13786222555768],[7.3259167,46.13785643715415],[7.325936867312964,46.13786222555768],[7.32594522088751,46.1378762]]]}},{"type":"Feature","id":"pylon-verbier-mont-fort-21","properties":{"kind":"pylon","name":"Lift tower","height":13},"geometry":{"type":"Polygon","coordinates":[[[7.32714432107781,46.1382436],[7.327135967447526,46.13825757444232],[7.3271158,46.138263362845855],[7.327095632552473,46.13825757444232],[7.327087278922189,46.1382436],[7.327095632552473,46.138229625557685],[7.3271158,46.13822383715415],[7.327135967447526,46.138229625557685],[7.32714432107781,46.1382436]]]}},{"type":"Feature","id":"pylon-verbier-mont-fort-22","properties":{"kind":"pylon","name":"Lift tower","height":13},"geometry":{"type":"Polygon","coordinates":[[[7.328163921239107,46.138555],[7.328155567561581,46.138568974442315],[7.3281354,46.13857476284585],[7.328115232438419,46.138568974442315],[7.3281068787608925,46.138555],[7.328115232438419,46.13854102555768],[7.3281354,46.138535237154144],[7.328155567561581,46.13854102555768],[7.328163921239107,46.138555]]]}},{"type":"Feature","id":"pylon-verbier-mont-fort-23","properties":{"kind":"pylon","name":"Lift tower","height":13},"geometry":{"type":"Polygon","coordinates":[[[7.330137621547618,46.1391506],[7.330129267779731,46.13916457444232],[7.3301091,46.13917036284585],[7.330088932220268,46.13916457444232],[7.330080578452381,46.1391506],[7.330088932220268,46.13913662555768],[7.3301091,46.13913083715415],[7.330129267779731,46.13913662555768],[7.330137621547618,46.1391506]]]}},{"type":"Feature","id":"pylon-verbier-mont-fort-24","properties":{"kind":"pylon","name":"Lift tower","height":13},"geometry":{"type":"Polygon","coordinates":[[[7.331516321759429,46.1395595],[7.331507967929503,46.139573474442315],[7.3314878,46.13957926284585],[7.331467632070496,46.139573474442315],[7.331459278240571,46.1395595],[7.331467632070496,46.13954552555768],[7.3314878,46.139539737154145],[7.331507967929503,46.13954552555768],[7.331516321759429,46.1395595]]]}},{"type":"Feature","id":"pylon-verbier-mont-fort-25","properties":{"kind":"pylon","name":"Lift tower","height":13},"geometry":{"type":"Polygon","coordinates":[[[7.332917021983572,46.1399922],[7.332908668087997,46.14000617444232],[7.3328885,46.140011962845854],[7.332868331912003,46.14000617444232],[7.332859978016428,46.1399922],[7.332868331912003,46.139978225557684],[7.3328885,46.13997243715415],[7.332908668087997,46.139978225557684],[7.332917021983572,46.1399922]]]}},{"type":"Feature","id":"pylon-verbier-mont-fort-26","properties":{"kind":"pylon","name":"Lift tower","height":13},"geometry":{"type":"Polygon","coordinates":[[[7.3150693183444595,46.1329658],[7.315060965514756,46.13297977444232],[7.3150408,46.13298556284585],[7.315020634485244,46.13297977444232],[7.315012281655541,46.1329658],[7.315020634485244,46.13295182555768],[7.3150408,46.13294603715415],[7.315060965514756,46.13295182555768],[7.3150693183444595,46.1329658]]]}},{"type":"Feature","id":"pylon-verbier-mont-fort-27","properties":{"kind":"pylon","name":"Lift tower","height":13},"geometry":{"type":"Polygon","coordinates":[[[7.314873518037499,46.132373],[7.314865165297701,46.13238697444232],[7.314845,46.13239276284585],[7.314824834702299,46.13238697444232],[7.3148164819625014,46.132373],[7.314824834702299,46.13235902555768],[7.314845,46.13235323715415],[7.314865165297701,46.13235902555768],[7.314873518037499,46.132373]]]}},{"type":"Feature","id":"pylon-verbier-mont-fort-28","properties":{"kind":"pylon","name":"Lift tower","height":13},"geometry":{"type":"Polygon","coordinates":[[[7.314463017394921,46.131132],[7.31445466484333,46.13114597444232],[7.3144345,46.13115176284585],[7.31441433515667,46.13114597444232],[7.314405982605079,46.131132],[7.31441433515667,46.13111802555768],[7.3144345,46.13111223715415],[7.31445466484333,46.13111802555768],[7.314463017394921,46.131132]]]}},{"type":"Feature","id":"pylon-verbier-mont-fort-29","properties":{"kind":"pylon","name":"Lift tower","height":13},"geometry":{"type":"Polygon","coordinates":[[[7.314209816982784,46.130336],[7.314201464551905,46.13034997444232],[7.3141813,46.13035576284585],[7.314161135448096,46.13034997444232],[7.314152783017217,46.130336],[7.314161135448096,46.13032202555768],[7.3141813,46.13031623715415],[7.314201464551905,46.13032202555768],[7.314209816982784,46.130336]]]}},{"type":"Feature","id":"pylon-verbier-mont-fort-30","properties":{"kind":"pylon","name":"Lift tower","height":13},"geometry":{"type":"Polygon","coordinates":[[[7.314354217217897,46.1307901],[7.314345864718155,46.13080407444232],[7.3143257,46.13080986284585],[7.314305535281846,46.13080407444232],[7.314297182782104,46.1307901],[7.314305535281846,46.13077612555768],[7.3143257,46.130770337154146],[7.314345864718155,46.13077612555768],[7.314354217217897,46.1307901]]]}},{"type":"Feature","id":"pylon-verbier-mont-fort-31","properties":{"kind":"pylon","name":"Lift tower","height":13},"geometry":{"type":"Polygon","coordinates":[[[7.314057316734679,46.1298568],[7.314048964376469,46.12987077444232],[7.3140288,46.12987656284585],[7.314008635623531,46.12987077444232],[7.314000283265321,46.1298568],[7.314008635623531,46.12984282555768],[7.3140288,46.12983703715415],[7.314048964376469,46.12984282555768],[7.314057316734679,46.1298568]]]}},{"type":"Feature","id":"pylon-verbier-mont-fort-32","properties":{"kind":"pylon","name":"Lift tower","height":13},"geometry":{"type":"Polygon","coordinates":[[[7.313650416136866,46.1287021],[7.313642063953751,46.128716074442316],[7.3136219,46.12872186284585],[7.313601736046249,46.128716074442316],[7.313593383863134,46.1287021],[7.313601736046249,46.12868812555768],[7.3136219,46.128682337154146],[7.313642063953751,46.12868812555768],[7.313650416136866,46.1287021]]]}},{"type":"Feature","id":"pylon-verbier-mont-fort-33","properties":{"kind":"pylon","name":"Lift tower","height":13},"geometry":{"type":"Polygon","coordinates":[[[7.313406615739898,46.1279353],[7.313398263673053,46.127949274442315],[7.3133781,46.12795506284585],[7.313357936326948,46.127949274442315],[7.313349584260103,46.1279353],[7.313357936326948,46.12792132555768],[7.3133781,46.127915537154145],[7.313398263673053,46.12792132555768],[7.313406615739898,46.1279353]]]}},{"type":"Feature","id":"pylon-verbier-mont-fort-34","properties":{"kind":"pylon","name":"Lift tower","height":13},"geometry":{"type":"Polygon","coordinates":[[[7.313174915380889,46.1272418],[7.313166563419195,46.12725577444232],[7.3131464,46.12726156284585],[7.313126236580805,46.12725577444232],[7.3131178846191105,46.1272418],[7.313126236580805,46.12722782555768],[7.3131464,46.12722203715415],[7.313166563419195,46.12722782555768],[7.313174915380889,46.1272418]]]}},{"type":"Feature","id":"pylon-verbier-mont-fort-35","properties":{"kind":"pylon","name":"Lift tower","height":13},"geometry":{"type":"Polygon","coordinates":[[[7.312918214990473,46.1264876],[7.31290986314313,46.126501574442315],[7.3128897,46.12650736284585],[7.312869536856871,46.126501574442315],[7.3128611850095275,46.1264876],[7.312869536856871,46.12647362555768],[7.3128897,46.126467837154145],[7.31290986314313,46.12647362555768],[7.312918214990473,46.1264876]]]}},{"type":"Feature","id":"pylon-verbier-mont-fort-36","properties":{"kind":"pylon","name":"Lift tower","height":13},"geometry":{"type":"Polygon","coordinates":[[[7.312579014601005,46.1257352],[7.312570662867733,46.12574917444232],[7.3125505,46.12575496284585],[7.312530337132268,46.12574917444232],[7.312521985398996,46.1257352],[7.312530337132268,46.12572122555768],[7.3125505,46.12571543715415],[7.312570662867733,46.12572122555768],[7.312579014601005,46.1257352]]]}},{"type":"Feature","id":"pylon-verbier-mont-fort-37","properties":{"kind":"pylon","name":"Lift tower","height":13},"geometry":{"type":"Polygon","coordinates":[[[7.311800014005495,46.1245847],[7.311791662446645,46.12459867444232],[7.3117715,46.12460446284585],[7.311751337553355,46.12459867444232],[7.3117429859945045,46.1245847],[7.311751337553355,46.12457072555768],[7.3117715,46.12456493715415],[7.311791662446645,46.12457072555768],[7.311800014005495,46.1245847]]]}},{"type":"Feature","id":"pylon-verbier-mont-fort-38","properties":{"kind":"pylon","name":"Lift tower","height":13},"geometry":{"type":"Polygon","coordinates":[[[7.310972513367377,46.1233518],[7.310964161995426,46.12336577444232],[7.310944,46.123371562845854],[7.310923838004574,46.12336577444232],[7.310915486632624,46.1233518],[7.310923838004574,46.123337825557684],[7.310944,46.12333203715415],[7.310964161995426,46.123337825557684],[7.310972513367377,46.1233518]]]}},{"type":"Feature","id":"pylon-verbier-mont-fort-39","properties":{"kind":"pylon","name":"Lift tower","height":13},"geometry":{"type":"Polygon","coordinates":[[[7.3102710128371,46.1223272],[7.310262661620464,46.12234117444232],[7.3102425,46.12234696284585],[7.310222338379536,46.12234117444232],[7.310213987162901,46.1223272],[7.310222338379536,46.12231322555768],[7.3102425,46.12230743715415],[7.310262661620464,46.12231322555768],[7.3102710128371,46.1223272]]]}},{"type":"Feature","id":"pylon-verbier-mont-fort-40","properties":{"kind":"pylon","name":"Lift tower","height":13},"geometry":{"type":"Polygon","coordinates":[[[7.309602712318392,46.1213249],[7.309594361253683,46.121338874442316],[7.3095742,46.12134466284585],[7.309554038746318,46.121338874442316],[7.3095456876816085,46.1213249],[7.309554038746318,46.12131092555768],[7.3095742,46.121305137154145],[7.309594361253683,46.12131092555768],[7.309602712318392,46.1213249]]]}},{"type":"Feature","id":"pylon-verbier-mont-fort-41","properties":{"kind":"pylon","name":"Lift tower","height":13},"geometry":{"type":"Polygon","coordinates":[[[7.309428112190932,46.1210786],[7.3094197611635545,46.121092574442315],[7.3093996,46.12109836284585],[7.309379438836445,46.121092574442315],[7.309371087809068,46.1210786],[7.309379438836445,46.12106462555768],[7.3093996,46.121058837154145],[7.3094197611635545,46.12106462555768],[7.309428112190932,46.1210786]]]}},{"type":"Feature","id":"pylon-verbier-mont-fort-42","properties":{"kind":"pylon","name":"Lift tower","height":13},"geometry":{"type":"Polygon","coordinates":[[[7.3089332118019374,46.1203269],[7.308924860888494,46.12034087444232],[7.3089047,46.120346662845854],[7.3088845391115065,46.12034087444232],[7.308876188198063,46.1203269],[7.3088845391115065,46.120312925557684],[7.3089047,46.12030713715415],[7.308924860888494,46.120312925557684],[7.3089332118019374,46.1203269]]]}},{"type":"Feature","id":"pylon-verbier-mont-fort-43","properties":{"kind":"pylon","name":"Lift tower","height":13},"geometry":{"type":"Polygon","coordinates":[[[7.308228011263829,46.119287],[7.308219660507993,46.11930097444232],[7.3081995,46.11930676284585],[7.308179339492006,46.11930097444232],[7.308170988736171,46.119287],[7.308179339492006,46.11927302555768],[7.3081995,46.11926723715415],[7.308219660507993,46.11927302555768],[7.308228011263829,46.119287]]]}},{"type":"Feature","id":"pylon-verbier-mont-fort-44","properties":{"kind":"pylon","name":"Lift tower","height":13},"geometry":{"type":"Polygon","coordinates":[[[7.3077026108567615,46.1185003],[7.307694260220154,46.11851427444232],[7.3076741,46.11852006284585],[7.307653939779846,46.11851427444232],[7.307645589143238,46.1185003],[7.307653939779846,46.11848632555768],[7.3076741,46.11848053715415],[7.307694260220154,46.11848632555768],[7.3077026108567615,46.1185003]]]}},{"type":"Feature","id":"pylon-verbier-mont-fort-45","properties":{"kind":"pylon","name":"Lift tower","height":13},"geometry":{"type":"Polygon","coordinates":[[[7.306918310264068,46.1173548],[7.3069099598010565,46.11736877444232],[7.3068898,46.11737456284585],[7.306869640198944,46.11736877444232],[7.306861289735933,46.1173548],[7.306869640198944,46.11734082555768],[7.3068898,46.11733503715415],[7.3069099598010565,46.11734082555768],[7.306918310264068,46.1173548]]]}},{"type":"Feature","id":"pylon-verbier-mont-fort-46","properties":{"kind":"pylon","name":"Lift tower","height":13},"geometry":{"type":"Polygon","coordinates":[[[7.306364109835261,46.116526],[7.306355759497843,46.11653997444232],[7.3063356,46.11654576284585],[7.306315440502156,46.11653997444232],[7.306307090164738,46.116526],[7.306315440502156,46.11651202555768],[7.3063356,46.11650623715415],[7.306355759497843,46.11651202555768],[7.306364109835261,46.116526]]]}},{"type":"Feature","id":"pylon-verbier-mont-fort-47","properties":{"kind":"pylon","name":"Lift tower","height":13},"geometry":{"type":"Polygon","coordinates":[[[7.305921809499079,46.1158762],[7.305913459260127,46.11589017444232],[7.3058933,46.115895962845855],[7.305873140739873,46.11589017444232],[7.305864790500921,46.1158762],[7.305873140739873,46.115862225557684],[7.3058933,46.11585643715415],[7.305913459260127,46.115862225557684],[7.305921809499079,46.1158762]]]}},{"type":"Feature","id":"pylon-verbier-mont-fort-48","properties":{"kind":"pylon","name":"Lift tower","height":13},"geometry":{"type":"Polygon","coordinates":[[[7.305317809029384,46.1149683],[7.305309458928003,46.11498227444232],[7.3052893,46.11498806284585],[7.305269141071997,46.11498227444232],[7.305260790970616,46.1149683],[7.305269141071997,46.11495432555768],[7.3052893,46.11494853715415],[7.305309458928003,46.11495432555768],[7.305317809029384,46.1149683]]]}},{"type":"Feature","id":"pylon-verbier-mont-fort-49","properties":{"kind":"pylon","name":"Lift tower","height":13},"geometry":{"type":"Polygon","coordinates":[[[7.304765708606995,46.1141518],[7.304757358629328,46.11416577444232],[7.3047372,46.114171562845854],[7.3047170413706715,46.11416577444232],[7.304708691393005,46.1141518],[7.3047170413706715,46.114137825557684],[7.3047372,46.11413203715415],[7.304757358629328,46.114137825557684],[7.304765708606995,46.1141518]]]}},{"type":"Feature","id":"pylon-verbier-mont-fort-50","properties":{"kind":"pylon","name":"Lift tower","height":13},"geometry":{"type":"Polygon","coordinates":[[[7.304554108441561,46.113832],[7.304545758512349,46.11384597444232],[7.3045256,46.113851762845854],[7.304505441487651,46.11384597444232],[7.304497091558439,46.113832],[7.304505441487651,46.113818025557684],[7.3045256,46.11381223715415],[7.304545758512349,46.113818025557684],[7.304554108441561,46.113832]]]}},{"type":"Feature","id":"pylon-verbier-mont-fort-51","properties":{"kind":"pylon","name":"Lift tower","height":13},"geometry":{"type":"Polygon","coordinates":[[[7.301038507769977,46.1125337],[7.3010301580374675,46.11254767444232],[7.30101,46.11255346284585],[7.300989841962532,46.11254767444232],[7.300981492230022,46.1125337],[7.300989841962532,46.11251972555768],[7.30101,46.11251393715415],[7.3010301580374675,46.11251972555768],[7.301038507769977,46.1125337]]]}},{"type":"Feature","id":"pylon-verbier-mont-fort-52","properties":{"kind":"pylon","name":"Lift tower","height":13},"geometry":{"type":"Polygon","coordinates":[[[7.297128306982529,46.1110113],[7.297119957480658,46.11102527444232],[7.2970998,46.11103106284585],[7.297079642519342,46.11102527444232],[7.297071293017471,46.1110113],[7.297079642519342,46.11099732555768],[7.2970998,46.11099153715415],[7.297119957480658,46.11099732555768],[7.297128306982529,46.1110113]]]}},{"type":"Feature","id":"pylon-verbier-mont-fort-53","properties":{"kind":"pylon","name":"Lift tower","height":13},"geometry":{"type":"Polygon","coordinates":[[[7.2954717066556,46.1103792],[7.295463357249484,46.110393174442315],[7.2954432,46.11039896284585],[7.2954230427505165,46.110393174442315],[7.295414693344401,46.1103792],[7.2954230427505165,46.11036522555768],[7.2954432,46.110359437154145],[7.295463357249484,46.11036522555768],[7.2954717066556,46.1103792]]]}},{"type":"Feature","id":"pylon-verbier-mont-fort-54","properties":{"kind":"pylon","name":"Lift tower","height":13},"geometry":{"type":"Polygon","coordinates":[[[7.293185606189663,46.1094783],[7.293177256920017,46.10949227444232],[7.2931571,46.10949806284585],[7.2931369430799835,46.10949227444232],[7.293128593810337,46.1094783],[7.2931369430799835,46.10946432555768],[7.2931571,46.10945853715415],[7.293177256920017,46.10946432555768],[7.293185606189663,46.1094783]]]}},{"type":"Feature","id":"pylon-verbier-mont-fort-55","properties":{"kind":"pylon","name":"Lift tower","height":13},"geometry":{"type":"Polygon","coordinates":[[[7.290065005567156,46.1082746],[7.2900566564798375,46.10828857444232],[7.2900365,46.108294362845854],[7.290016343520163,46.10828857444232],[7.290007994432845,46.1082746],[7.290016343520163,46.10826062555768],[7.2900365,46.10825483715415],[7.2900566564798375,46.10826062555768],[7.290065005567156,46.1082746]]]}},{"type":"Feature","id":"pylon-verbier-mont-fort-56","properties":{"kind":"pylon","name":"Lift tower","height":13},"geometry":{"type":"Polygon","coordinates":[[[7.288232105196887,46.1075586],[7.288223756218017,46.107572574442315],[7.2882036,46.10757836284585],[7.288183443781983,46.107572574442315],[7.288175094803114,46.1075586],[7.288183443781983,46.10754462555768],[7.2882036,46.107538837154145],[7.288223756218017,46.10754462555768],[7.288232105196887,46.1075586]]]}},{"type":"Feature","id":"pylon-verbier-mont-fort-57","properties":{"kind":"pylon","name":"Lift tower","height":13},"geometry":{"type":"Polygon","coordinates":[[[7.284614004471801,46.1061564],[7.284605655705304,46.10617037444232],[7.2845855,46.106176162845856],[7.2845653442946965,46.10617037444232],[7.2845569955282,46.1061564],[7.2845653442946965,46.106142425557685],[7.2845855,46.10613663715415],[7.284605655705304,46.106142425557685],[7.284614004471801,46.1061564]]]}},{"type":"Feature","id":"pylon-verbier-mont-fort-58","properties":{"kind":"pylon","name":"Lift tower","height":13},"geometry":{"type":"Polygon","coordinates":[[[7.2807363036947015,46.1046535],[7.280727955155812,46.104667474442316],[7.2807078,46.10467326284585],[7.280687644844188,46.104667474442316],[7.280679296305299,46.1046535],[7.280687644844188,46.10463952555768],[7.2807078,46.104633737154145],[7.280727955155812,46.10463952555768],[7.2807363036947015,46.1046535]]]}},{"type":"Feature","id":"pylon-verbier-mont-fort-59","properties":{"kind":"pylon","name":"Lift tower","height":13},"geometry":{"type":"Polygon","coordinates":[[[7.279915703530283,46.1043355],[7.27990735503955,46.104349474442316],[7.2798872,46.10435526284585],[7.27986704496045,46.104349474442316],[7.279858696469717,46.1043355],[7.27986704496045,46.10432152555768],[7.2798872,46.104315737154145],[7.27990735503955,46.10432152555768],[7.279915703530283,46.1043355]]]}},{"type":"Feature","id":"pylon-verbier-mont-fort-60","properties":{"kind":"pylon","name":"Lift tower","height":13},"geometry":{"type":"Polygon","coordinates":[[[7.298145293142244,46.0842333],[7.298136947694098,46.08424727444232],[7.2981168,46.08425306284585],[7.298096652305902,46.08424727444232],[7.298088306857756,46.0842333],[7.298096652305902,46.08421932555768],[7.2981168,46.08421353715415],[7.298136947694098,46.08421932555768],[7.298145293142244,46.0842333]]]}},{"type":"Feature","id":"pylon-verbier-mont-fort-61","properties":{"kind":"pylon","name":"Lift tower","height":13},"geometry":{"type":"Polygon","coordinates":[[[7.297659193105057,46.0841613],[7.297650847667803,46.084175274442316],[7.2976307,46.08418106284585],[7.2976105523321975,46.084175274442316],[7.297602206894943,46.0841613],[7.2976105523321975,46.08414732555768],[7.2976307,46.084141537154146],[7.297650847667803,46.08414732555768],[7.297659193105057,46.0841613]]]}},{"type":"Feature","id":"pylon-verbier-mont-fort-62","properties":{"kind":"pylon","name":"Lift tower","height":13},"geometry":{"type":"Polygon","coordinates":[[[7.270204191531303,46.081114],[7.270195846554991,46.08112797444232],[7.2701757,46.08113376284585],[7.27015555344501,46.08112797444232],[7.270147208468697,46.081114],[7.27015555344501,46.08110002555768],[7.2701757,46.08109423715415],[7.270195846554991,46.08110002555768],[7.270204191531303,46.081114]]]}},{"type":"Feature","id":"pylon-verbier-mont-fort-63","properties":{"kind":"pylon","name":"Lift tower","height":13},"geometry":{"type":"Polygon","coordinates":[[[7.2702531921289,46.0822712],[7.270244846977556,46.08228517444232],[7.2702247,46.08229096284585],[7.270204553022444,46.08228517444232],[7.2701962078711,46.0822712],[7.270204553022444,46.08225722555768],[7.2702247,46.08225143715415],[7.270244846977556,46.08225722555768],[7.2702531921289,46.0822712]]]}},{"type":"Feature","id":"pylon-verbier-mont-fort-64","properties":{"kind":"pylon","name":"Lift tower","height":13},"geometry":{"type":"Polygon","coordinates":[[[7.27030739292212,46.0838071],[7.270299047538447,46.08382107444232],[7.2702789,46.083826862845854],[7.270258752461554,46.08382107444232],[7.270250407077881,46.0838071],[7.270258752461554,46.08379312555768],[7.2702789,46.08378733715415],[7.270299047538447,46.08379312555768],[7.27030739292212,46.0838071]]]}},{"type":"Feature","id":"pylon-verbier-mont-fort-65","properties":{"kind":"pylon","name":"Lift tower","height":13},"geometry":{"type":"Polygon","coordinates":[[[7.270362293643196,46.0852032],[7.270353948048325,46.08521717444232],[7.2703338,46.085222962845855],[7.270313651951676,46.08521717444232],[7.270305306356804,46.0852032],[7.270313651951676,46.085189225557684],[7.2703338,46.08518343715415],[7.270353948048325,46.085189225557684],[7.270362293643196,46.0852032]]]}},{"type":"Feature","id":"pylon-verbier-mont-fort-66","properties":{"kind":"pylon","name":"Lift tower","height":13},"geometry":{"type":"Polygon","coordinates":[[[7.270393594113285,46.0861133],[7.270385248380728,46.08612727444232],[7.2703651,46.08613306284585],[7.270344951619273,46.08612727444232],[7.270336605886715,46.0861133],[7.270344951619273,46.08609932555768],[7.2703651,46.08609353715415],[7.270385248380728,46.08609932555768],[7.270393594113285,46.0861133]]]}},{"type":"Feature","id":"pylon-verbier-mont-fort-67","properties":{"kind":"pylon","name":"Lift tower","height":13},"geometry":{"type":"Polygon","coordinates":[[[7.2704371946393405,46.0871317],[7.270428848752705,46.08714567444232],[7.2704087,46.08715146284585],[7.2703885512472946,46.08714567444232],[7.270380205360659,46.0871317],[7.2703885512472946,46.08711772555768],[7.2704087,46.08711193715415],[7.270428848752705,46.08711772555768],[7.2704371946393405,46.0871317]]]}},{"type":"Feature","id":"pylon-verbier-mont-fort-68","properties":{"kind":"pylon","name":"Lift tower","height":13},"geometry":{"type":"Polygon","coordinates":[[[7.270487195290596,46.0883924],[7.270478849213212,46.088406374442314],[7.2704587,46.08841216284585],[7.270438550786787,46.088406374442314],[7.270430204709403,46.0883924],[7.270438550786787,46.08837842555768],[7.2704587,46.088372637154144],[7.270478849213212,46.08837842555768],[7.270487195290596,46.0883924]]]}},{"type":"Feature","id":"pylon-verbier-mont-fort-69","properties":{"kind":"pylon","name":"Lift tower","height":13},"geometry":{"type":"Polygon","coordinates":[[[7.270540195978783,46.0897245],[7.270531849699834,46.08973847444232],[7.2705117,46.089744262845855],[7.270491550300166,46.08973847444232],[7.270483204021217,46.0897245],[7.270491550300166,46.089710525557685],[7.2705117,46.08970473715415],[7.270531849699834,46.089710525557685],[7.270540195978783,46.0897245]]]}},{"type":"Feature","id":"pylon-verbier-mont-fort-70","properties":{"kind":"pylon","name":"Lift tower","height":13},"geometry":{"type":"Polygon","coordinates":[[[7.265757093780795,46.0854696],[7.265748748145622,46.08548357444232],[7.2657286,46.085489362845856],[7.265708451854378,46.08548357444232],[7.265700106219205,46.0854696],[7.265708451854378,46.085455625557685],[7.2657286,46.08544983715415],[7.265748748145622,46.085455625557685],[7.265757093780795,46.0854696]]]}},{"type":"Feature","id":"pylon-verbier-mont-fort-71","properties":{"kind":"pylon","name":"Lift tower","height":13},"geometry":{"type":"Polygon","coordinates":[[[7.266125793347084,46.0846299],[7.266117447838942,46.08464387444232],[7.2660973,46.084649662845855],[7.266077152161058,46.08464387444232],[7.266068806652917,46.0846299],[7.266077152161058,46.084615925557685],[7.2660973,46.08461013715415],[7.266117447838942,46.084615925557685],[7.266125793347084,46.0846299]]]}},{"type":"Feature","id":"pylon-verbier-mont-fort-72","properties":{"kind":"pylon","name":"Lift tower","height":13},"geometry":{"type":"Polygon","coordinates":[[[7.266765292612602,46.0832078],[7.2667569473195845,46.083221774442315],[7.2667368,46.08322756284585],[7.266716652680416,46.083221774442315],[7.266708307387399,46.0832078],[7.266716652680416,46.08319382555768],[7.2667368,46.083188037154144],[7.2667569473195845,46.08319382555768],[7.266765292612602,46.0832078]]]}},{"type":"Feature","id":"pylon-verbier-mont-fort-73","properties":{"kind":"pylon","name":"Lift tower","height":13},"geometry":{"type":"Polygon","coordinates":[[[7.267510491761982,46.0815607],[7.267502146718106,46.081574674442315],[7.267482,46.08158046284585],[7.267461853281895,46.081574674442315],[7.2674535082380185,46.0815607],[7.267461853281895,46.08154672555768],[7.267482,46.081540937154145],[7.267502146718106,46.08154672555768],[7.267510491761982,46.0815607]]]}},{"type":"Feature","id":"pylon-verbier-mont-fort-74","properties":{"kind":"pylon","name":"Lift tower","height":13},"geometry":{"type":"Polygon","coordinates":[[[7.2643128948988664,46.0876341],[7.264304548936218,46.08764807444232],[7.2642844,46.087653862845855],[7.264264251063782,46.08764807444232],[7.264255905101134,46.0876341],[7.264264251063782,46.087620125557685],[7.2642844,46.08761433715415],[7.264304548936218,46.087620125557685],[7.2643128948988664,46.0876341]]]}},{"type":"Feature","id":"pylon-verbier-mont-fort-75","properties":{"kind":"pylon","name":"Lift tower","height":13},"geometry":{"type":"Polygon","coordinates":[[[7.263335895072439,46.0879701],[7.263327549058952,46.08798407444232],[7.2633074,46.08798986284585],[7.263287250941048,46.08798407444232],[7.263278904927562,46.0879701],[7.263287250941048,46.08795612555768],[7.2633074,46.08795033715415],[7.263327549058952,46.08795612555768],[7.263335895072439,46.0879701]]]}},{"type":"Feature","id":"pylon-verbier-mont-fort-76","properties":{"kind":"pylon","name":"Lift tower","height":13},"geometry":{"type":"Polygon","coordinates":[[[7.261603695382552,46.0885704],[7.261595349278235,46.08858437444232],[7.2615752,46.088590162845854],[7.261555050721766,46.08858437444232],[7.261546704617449,46.0885704],[7.261555050721766,46.088556425557684],[7.2615752,46.08855063715415],[7.261595349278235,46.088556425557684],[7.261603695382552,46.0885704]]]}},{"type":"Feature","id":"pylon-verbier-mont-fort-77","properties":{"kind":"pylon","name":"Lift tower","height":13},"geometry":{"type":"Polygon","coordinates":[[[7.259562595748469,46.0892787],[7.259554249536977,46.08929267444232],[7.2595341,46.08929846284585],[7.259513950463022,46.08929267444232],[7.2595056042515305,46.0892787],[7.259513950463022,46.08926472555768],[7.2595341,46.08925893715415],[7.259554249536977,46.08926472555768],[7.259562595748469,46.0892787]]]}},{"type":"Feature","id":"pylon-verbier-mont-fort-78","properties":{"kind":"pylon","name":"Lift tower","height":13},"geometry":{"type":"Polygon","coordinates":[[[7.256399596312484,46.0903704],[7.256391249935796,46.090384374442316],[7.2563711,46.09039016284585],[7.256350950064204,46.090384374442316],[7.256342603687516,46.0903704],[7.256350950064204,46.09035642555768],[7.2563711,46.090350637154145],[7.256391249935796,46.09035642555768],[7.256399596312484,46.0903704]]]}},{"type":"Feature","id":"pylon-verbier-mont-fort-79","properties":{"kind":"pylon","name":"Lift tower","height":13},"geometry":{"type":"Polygon","coordinates":[[[7.255802896421396,46.0905812],[7.2557945500128085,46.09059517444232],[7.2557744,46.090600962845855],[7.255754249987191,46.09059517444232],[7.255745903578604,46.0905812],[7.255754249987191,46.090567225557685],[7.2557744,46.09056143715415],[7.2557945500128085,46.090567225557685],[7.255802896421396,46.0905812]]]}},{"type":"Feature","id":"pylon-verbier-mont-fort-80","properties":{"kind":"pylon","name":"Lift tower","height":13},"geometry":{"type":"Polygon","coordinates":[[[7.254129796950573,46.0916054],[7.254121450386993,46.09161937444232],[7.2541013,46.09162516284585],[7.2540811496130075,46.09161937444232],[7.254072803049428,46.0916054],[7.2540811496130075,46.09159142555768],[7.2541013,46.09158563715415],[7.254121450386993,46.09159142555768],[7.254129796950573,46.0916054]]]}},{"type":"Feature","id":"pylon-verbier-mont-fort-81","properties":{"kind":"pylon","name":"Lift tower","height":13},"geometry":{"type":"Polygon","coordinates":[[[7.25511999723801,46.0921617],[7.255111650590242,46.092175674442316],[7.2550915,46.09218146284585],[7.255071349409757,46.092175674442316],[7.25506300276199,46.0921617],[7.255071349409757,46.09214772555768],[7.2550915,46.092141937154146],[7.255111650590242,46.09214772555768],[7.25511999723801,46.0921617]]]}},{"type":"Feature","id":"pylon-verbier-mont-fort-82","properties":{"kind":"pylon","name":"Lift tower","height":13},"geometry":{"type":"Polygon","coordinates":[[[7.261498599089637,46.0957449],[7.261490251899541,46.09575887444232],[7.2614701,46.09576466284585],[7.26144994810046,46.09575887444232],[7.261441600910364,46.0957449],[7.26144994810046,46.09573092555768],[7.2614701,46.09572513715415],[7.261490251899541,46.09573092555768],[7.261498599089637,46.0957449]]]}},{"type":"Feature","id":"pylon-verbier-mont-fort-83","properties":{"kind":"pylon","name":"Lift tower","height":13},"geometry":{"type":"Polygon","coordinates":[[[7.266185300446076,46.0983694],[7.266176952858688,46.09838337444232],[7.2661568,46.098389162845855],[7.2661366471413125,46.09838337444232],[7.266128299553924,46.0983694],[7.2661366471413125,46.098355425557685],[7.2661568,46.09834963715415],[7.266176952858688,46.098355425557685],[7.266185300446076,46.0983694]]]}},{"type":"Feature","id":"pylon-verbier-mont-fort-84","properties":{"kind":"pylon","name":"Lift tower","height":13},"geometry":{"type":"Polygon","coordinates":[[[7.271496500313964,46.0981138],[7.2714881527652695,46.09812777444232],[7.271468,46.09813356284585],[7.27144784723473,46.09812777444232],[7.271439499686035,46.0981138],[7.27144784723473,46.09809982555768],[7.271468,46.09809403715415],[7.2714881527652695,46.09809982555768],[7.271496500313964,46.0981138]]]}},{"type":"Feature","id":"pylon-verbier-mont-fort-85","properties":{"kind":"pylon","name":"Lift tower","height":13},"geometry":{"type":"Polygon","coordinates":[[[7.270261100019355,46.0975438],[7.27025275255695,46.097557774442315],[7.2702326,46.09756356284585],[7.27021244744305,46.097557774442315],[7.270204099980645,46.0975438],[7.27021244744305,46.09752982555768],[7.2702326,46.097524037154145],[7.27025275255695,46.09752982555768],[7.270261100019355,46.0975438]]]}},{"type":"Feature","id":"pylon-verbier-mont-fort-86","properties":{"kind":"pylon","name":"Lift tower","height":13},"geometry":{"type":"Polygon","coordinates":[[[7.269433599818406,46.097155],[7.269425252414857,46.09716897444232],[7.2694051,46.09717476284585],[7.269384947585143,46.09716897444232],[7.2693766001815945,46.097155],[7.269384947585143,46.09714102555768],[7.2694051,46.09713523715415],[7.269425252414857,46.09714102555768],[7.269433599818406,46.097155]]]}},{"type":"Feature","id":"pylon-verbier-mont-fort-87","properties":{"kind":"pylon","name":"Lift tower","height":13},"geometry":{"type":"Polygon","coordinates":[[[7.268156599517403,46.0965726],[7.268148252202016,46.09658657444232],[7.2681281,46.096592362845854],[7.268107947797985,46.09658657444232],[7.268099600482597,46.0965726],[7.268107947797985,46.096558625557684],[7.2681281,46.09655283715415],[7.268148252202016,46.096558625557684],[7.268156599517403,46.0965726]]]}},{"type":"Feature","id":"pylon-verbier-mont-fort-88","properties":{"kind":"pylon","name":"Lift tower","height":13},"geometry":{"type":"Polygon","coordinates":[[[7.267164399280753,46.0961147],[7.267156052034679,46.09612867444232],[7.2671359,46.09613446284585],[7.267115747965322,46.09612867444232],[7.267107400719248,46.0961147],[7.267115747965322,46.09610072555768],[7.2671359,46.09609493715415],[7.267156052034679,46.09610072555768],[7.267164399280753,46.0961147]]]}},{"type":"Feature","id":"pylon-verbier-mont-fort-89","properties":{"kind":"pylon","name":"Lift tower","height":13},"geometry":{"type":"Polygon","coordinates":[[[7.2652118988151155,46.0952137],[7.265203551705424,46.09522767444232],[7.2651834,46.095233462845854],[7.265163248294575,46.09522767444232],[7.265154901184884,46.0952137],[7.265163248294575,46.095199725557684],[7.2651834,46.09519393715415],[7.265203551705424,46.095199725557684],[7.2652118988151155,46.0952137]]]}},{"type":"Feature","id":"pylon-verbier-mont-fort-90","properties":{"kind":"pylon","name":"Lift tower","height":13},"geometry":{"type":"Polygon","coordinates":[[[7.264197098573107,46.0947454],[7.264188751534298,46.09475937444232],[7.2641686,46.09476516284585],[7.2641484484657015,46.09475937444232],[7.264140101426892,46.0947454],[7.2641484484657015,46.09473142555768],[7.2641686,46.09472563715415],[7.264188751534298,46.09473142555768],[7.264197098573107,46.0947454]]]}},{"type":"Feature","id":"pylon-verbier-mont-fort-91","properties":{"kind":"pylon","name":"Lift tower","height":13},"geometry":{"type":"Polygon","coordinates":[[[7.263068798304027,46.0942247],[7.26306045134403,46.094238674442316],[7.2630403,46.09424446284585],[7.26302014865597,46.094238674442316],[7.263011801695973,46.0942247],[7.26302014865597,46.09421072555768],[7.2630403,46.094204937154146],[7.26306045134403,46.09421072555768],[7.263068798304027,46.0942247]]]}},{"type":"Feature","id":"pylon-verbier-mont-fort-92","properties":{"kind":"pylon","name":"Lift tower","height":13},"geometry":{"type":"Polygon","coordinates":[[[7.262374198138356,46.0939041],[7.262365851226883,46.09391807444232],[7.2623457,46.093923862845855],[7.262325548773117,46.09391807444232],[7.262317201861644,46.0939041],[7.262325548773117,46.093890125557685],[7.2623457,46.09388433715415],[7.262365851226883,46.093890125557685],[7.262374198138356,46.0939041]]]}},{"type":"Feature","id":"pylon-verbier-mont-fort-93","properties":{"kind":"pylon","name":"Lift tower","height":13},"geometry":{"type":"Polygon","coordinates":[[[7.261389497903546,46.0934497],[7.2613811510608475,46.09346367444232],[7.261361,46.09346946284585],[7.261340848939152,46.09346367444232],[7.261332502096454,46.0934497],[7.261340848939152,46.09343572555768],[7.261361,46.09342993715415],[7.2613811510608475,46.09343572555768],[7.261389497903546,46.0934497]]]}},{"type":"Feature","id":"pylon-verbier-mont-fort-94","properties":{"kind":"pylon","name":"Lift tower","height":13},"geometry":{"type":"Polygon","coordinates":[[[7.260600997715508,46.0930858],[7.260592650927884,46.093099774442315],[7.2605725,46.09310556284585],[7.260552349072117,46.093099774442315],[7.260544002284493,46.0930858],[7.260552349072117,46.09307182555768],[7.2605725,46.093066037154145],[7.260592650927884,46.09307182555768],[7.260600997715508,46.0930858]]]}},{"type":"Feature","id":"pylon-verbier-mont-fort-95","properties":{"kind":"pylon","name":"Lift tower","height":13},"geometry":{"type":"Polygon","coordinates":[[[7.259449597443971,46.0925603],[7.259441250735878,46.09257427444232],[7.2594211,46.092580062845855],[7.259400949264122,46.09257427444232],[7.259392602556029,46.0925603],[7.259400949264122,46.092546325557684],[7.2594211,46.09254053715415],[7.259441250735878,46.092546325557684],[7.259449597443971,46.0925603]]]}},{"type":"Feature","id":"pylon-verbier-mont-fort-96","properties":{"kind":"pylon","name":"Lift tower","height":13},"geometry":{"type":"Polygon","coordinates":[[[7.258193197141336,46.0919746],[7.258184850521883,46.09198857444232],[7.2581647,46.09199436284585],[7.258144549478117,46.09198857444232],[7.2581362028586645,46.0919746],[7.258144549478117,46.09196062555768],[7.2581647,46.09195483715415],[7.258184850521883,46.09196062555768],[7.258193197141336,46.0919746]]]}},{"type":"Feature","id":"pylon-verbier-mont-fort-97","properties":{"kind":"pylon","name":"Lift tower","height":13},"geometry":{"type":"Polygon","coordinates":[[[7.255455597234911,46.0921557],[7.25544725058805,46.09216967444232],[7.2554271,46.09217546284585],[7.255406949411951,46.09216967444232],[7.25539860276509,46.0921557],[7.255406949411951,46.09214172555768],[7.2554271,46.09213593715415],[7.25544725058805,46.09214172555768],[7.255455597234911,46.0921557]]]}},{"type":"Feature","id":"pylon-verbier-mont-fort-98","properties":{"kind":"pylon","name":"Lift tower","height":13},"geometry":{"type":"Polygon","coordinates":[[[7.255148597298465,46.0922787],[7.25514025063299,46.09229267444232],[7.2551201,46.092298462845854],[7.25509994936701,46.09229267444232],[7.255091602701535,46.0922787],[7.25509994936701,46.09226472555768],[7.2551201,46.09225893715415],[7.25514025063299,46.09226472555768],[7.255148597298465,46.0922787]]]}},{"type":"Feature","id":"pylon-verbier-mont-fort-99","properties":{"kind":"pylon","name":"Lift tower","height":13},"geometry":{"type":"Polygon","coordinates":[[[7.2538530975720645,46.0928082],[7.253844750826454,46.09282217444232],[7.2538246,46.09282796284585],[7.253804449173545,46.09282217444232],[7.253796102427935,46.0928082],[7.253804449173545,46.09279422555768],[7.2538246,46.09278843715415],[7.253844750826454,46.09279422555768],[7.2538530975720645,46.0928082]]]}},{"type":"Feature","id":"pylon-verbier-mont-fort-100","properties":{"kind":"pylon","name":"Lift tower","height":13},"geometry":{"type":"Polygon","coordinates":[[[7.2527621978003545,46.09325],[7.2527538509878795,46.093263974442316],[7.2527337,46.09326976284585],[7.252713549012121,46.093263974442316],[7.252705202199646,46.09325],[7.252713549012121,46.09323602555768],[7.2527337,46.093230237154145],[7.2527538509878795,46.09323602555768],[7.2527621978003545,46.09325]]]}},{"type":"Feature","id":"pylon-verbier-mont-fort-101","properties":{"kind":"pylon","name":"Lift tower","height":13},"geometry":{"type":"Polygon","coordinates":[[[7.250937698184036,46.0939925],[7.250929351259184,46.09400647444232],[7.2509092,46.09401226284585],[7.250889048740816,46.09400647444232],[7.250880701815963,46.0939925],[7.250889048740816,46.09397852555768],[7.2509092,46.09397273715415],[7.250929351259184,46.09397852555768],[7.250937698184036,46.0939925]]]}},{"type":"Feature","id":"pylon-verbier-mont-fort-102","properties":{"kind":"pylon","name":"Lift tower","height":13},"geometry":{"type":"Polygon","coordinates":[[[7.249254298538122,46.0946777],[7.249245951509559,46.094691674442316],[7.2492258,46.09469746284585],[7.24920564849044,46.094691674442316],[7.249197301461877,46.0946777],[7.24920564849044,46.09466372555768],[7.2492258,46.094657937154146],[7.249245951509559,46.09466372555768],[7.249254298538122,46.0946777]]]}},{"type":"Feature","id":"pylon-verbier-mont-fort-103","properties":{"kind":"pylon","name":"Lift tower","height":13},"geometry":{"type":"Polygon","coordinates":[[[7.247733098858526,46.0952977],[7.247724751736119,46.09531167444232],[7.2477046,46.095317462845856],[7.24768444826388,46.09531167444232],[7.247676101141473,46.0952977],[7.24768444826388,46.095283725557685],[7.2477046,46.09527793715415],[7.247724751736119,46.095283725557685],[7.247733098858526,46.0952977]]]}},{"type":"Feature","id":"pylon-verbier-mont-fort-104","properties":{"kind":"pylon","name":"Lift tower","height":13},"geometry":{"type":"Polygon","coordinates":[[[7.246579199101523,46.0957679],[7.246570851907945,46.09578187444232],[7.2465507,46.09578766284585],[7.246530548092055,46.09578187444232],[7.246522200898477,46.0957679],[7.246530548092055,46.09575392555768],[7.2465507,46.095748137154146],[7.246570851907945,46.09575392555768],[7.246579199101523,46.0957679]]]}},{"type":"Feature","id":"pylon-verbier-mont-fort-105","properties":{"kind":"pylon","name":"Lift tower","height":13},"geometry":{"type":"Polygon","coordinates":[[[7.245202199390884,46.0963278],[7.245193852112554,46.096341774442315],[7.2451737,46.09634756284585],[7.245153547887445,46.096341774442315],[7.245145200609115,46.0963278],[7.245153547887445,46.09631382555768],[7.2451737,46.096308037154145],[7.245193852112554,46.09631382555768],[7.245202199390884,46.0963278]]]}},{"type":"Feature","id":"pylon-verbier-mont-fort-106","properties":{"kind":"pylon","name":"Lift tower","height":13},"geometry":{"type":"Polygon","coordinates":[[[7.243357799779539,46.0970798],[7.243349452387375,46.09709377444232],[7.2433293,46.097099562845855],[7.243309147612625,46.09709377444232],[7.243300800220461,46.0970798],[7.243309147612625,46.097065825557685],[7.2433293,46.09706003715415],[7.243349452387375,46.097065825557685],[7.243357799779539,46.0970798]]]}},{"type":"Feature","id":"pylon-verbier-mont-fort-107","properties":{"kind":"pylon","name":"Lift tower","height":13},"geometry":{"type":"Polygon","coordinates":[[[7.242054000054191,46.0976112],[7.242045652581582,46.09762517444232],[7.2420255,46.097630962845855],[7.242005347418417,46.09762517444232],[7.241996999945808,46.0976112],[7.242005347418417,46.097597225557685],[7.2420255,46.09759143715415],[7.242045652581582,46.097597225557685],[7.242054000054191,46.0976112]]]}},{"type":"Feature","id":"pylon-verbier-mont-fort-108","properties":{"kind":"pylon","name":"Lift tower","height":13},"geometry":{"type":"Polygon","coordinates":[[[7.26919960176166,46.1009145],[7.269191253788946,46.10092847444232],[7.2691711,46.100934262845854],[7.269150946211055,46.10092847444232],[7.269142598238341,46.1009145],[7.269150946211055,46.100900525557684],[7.2691711,46.10089473715415],[7.269191253788946,46.100900525557684],[7.26919960176166,46.1009145]]]}},{"type":"Feature","id":"pylon-verbier-mont-fort-109","properties":{"kind":"pylon","name":"Lift tower","height":13},"geometry":{"type":"Polygon","coordinates":[[[7.269091201061692,46.0995604],[7.269082853293994,46.09957437444232],[7.2690627,46.099580162845854],[7.2690425467060065,46.09957437444232],[7.269034198938308,46.0995604],[7.2690425467060065,46.09954642555768],[7.2690627,46.09954063715415],[7.269082853293994,46.09954642555768],[7.269091201061692,46.0995604]]]}},{"type":"Feature","id":"pylon-verbier-mont-fort-110","properties":{"kind":"pylon","name":"Lift tower","height":13},"geometry":{"type":"Polygon","coordinates":[[[7.269283002273963,46.1019055],[7.269274654151198,46.10191947444232],[7.2692545,46.10192526284585],[7.269234345848801,46.10191947444232],[7.2692259977260365,46.1019055],[7.269234345848801,46.10189152555768],[7.2692545,46.10188573715415],[7.269274654151198,46.10189152555768],[7.269283002273963,46.1019055]]]}},{"type":"Feature","id":"pylon-verbier-mont-fort-111","properties":{"kind":"pylon","name":"Lift tower","height":13},"geometry":{"type":"Polygon","coordinates":[[[7.26937790298229,46.1032756],[7.269369554652061,46.10328957444232],[7.2693494,46.103295362845856],[7.269329245347939,46.10328957444232],[7.26932089701771,46.1032756],[7.269329245347939,46.103261625557685],[7.2693494,46.10325583715415],[7.269369554652061,46.103261625557685],[7.26937790298229,46.1032756]]]}},{"type":"Feature","id":"pylon-verbier-mont-fort-112","properties":{"kind":"pylon","name":"Lift tower","height":13},"geometry":{"type":"Polygon","coordinates":[[[7.270294703570818,46.1044139],[7.2702863550682135,46.104427874442315],[7.2702662,46.10443366284585],[7.2702460449317865,46.104427874442315],[7.270237696429182,46.1044139],[7.2702460449317865,46.10439992555768],[7.2702662,46.104394137154145],[7.2702863550682135,46.10439992555768],[7.270294703570818,46.1044139]]]}},{"type":"Feature","id":"pylon-verbier-mont-fort-113","properties":{"kind":"pylon","name":"Lift tower","height":13},"geometry":{"type":"Polygon","coordinates":[[[7.271122603492383,46.1042622],[7.271114255012752,46.10427617444232],[7.2710941,46.10428196284585],[7.271073944987248,46.10427617444232],[7.271065596507617,46.1042622],[7.271073944987248,46.10424822555768],[7.2710941,46.10424243715415],[7.271114255012752,46.10424822555768],[7.271122603492383,46.1042622]]]}},{"type":"Feature","id":"pylon-verbier-mont-fort-114","properties":{"kind":"pylon","name":"Lift tower","height":13},"geometry":{"type":"Polygon","coordinates":[[[7.272085503401076,46.1040856],[7.272077154948188,46.104099574442316],[7.272057,46.10410536284585],[7.2720368450518125,46.104099574442316],[7.272028496598924,46.1040856],[7.2720368450518125,46.10407162555768],[7.272057,46.104065837154145],[7.272077154948188,46.10407162555768],[7.272085503401076,46.1040856]]]}},{"type":"Feature","id":"pylon-verbier-mont-fort-115","properties":{"kind":"pylon","name":"Lift tower","height":13},"geometry":{"type":"Polygon","coordinates":[[[7.273030603311526,46.1039124],[7.273022254884867,46.10392637444232],[7.2730021,46.10393216284585],[7.272981945115133,46.10392637444232],[7.272973596688474,46.1039124],[7.272981945115133,46.10389842555768],[7.2730021,46.103892637154146],[7.273022254884867,46.10389842555768],[7.273030603311526,46.1039124]]]}},{"type":"Feature","id":"pylon-verbier-mont-fort-116","properties":{"kind":"pylon","name":"Lift tower","height":13},"geometry":{"type":"Polygon","coordinates":[[[7.273723903247881,46.1037893],[7.273715554839863,46.10380327444232],[7.2736954,46.103809062845855],[7.273675245160137,46.10380327444232],[7.273666896752119,46.1037893],[7.273675245160137,46.103775325557685],[7.2736954,46.10376953715415],[7.273715554839863,46.103775325557685],[7.273723903247881,46.1037893]]]}},{"type":"Feature","id":"pylon-verbier-mont-fort-117","properties":{"kind":"pylon","name":"Lift tower","height":13},"geometry":{"type":"Polygon","coordinates":[[[7.274624203164951,46.1036289],[7.274615854781222,46.103642874442315],[7.2745957,46.10364866284585],[7.274575545218778,46.103642874442315],[7.274567196835049,46.1036289],[7.274575545218778,46.10361492555768],[7.2745957,46.103609137154145],[7.274615854781222,46.10361492555768],[7.274624203164951,46.1036289]]]}},{"type":"Feature","id":"pylon-verbier-mont-fort-118","properties":{"kind":"pylon","name":"Lift tower","height":13},"geometry":{"type":"Polygon","coordinates":[[[7.275598503072871,46.1034508],[7.275590154716111,46.103464774442315],[7.27557,46.10347056284585],[7.275549845283889,46.103464774442315],[7.275541496927129,46.1034508],[7.275549845283889,46.10343682555768],[7.27557,46.103431037154145],[7.275590154716111,46.10343682555768],[7.275598503072871,46.1034508]]]}},{"type":"Feature","id":"pylon-verbier-mont-fort-119","properties":{"kind":"pylon","name":"Lift tower","height":13},"geometry":{"type":"Polygon","coordinates":[[[7.276612902976086,46.1032636],[7.276604554647674,46.103277574442316],[7.2765844,46.10328336284585],[7.276564245352326,46.103277574442316],[7.276555897023914,46.1032636],[7.276564245352326,46.10324962555768],[7.2765844,46.103243837154146],[7.276604554647674,46.10324962555768],[7.276612902976086,46.1032636]]]}},{"type":"Feature","id":"pylon-verbier-mont-fort-120","properties":{"kind":"pylon","name":"Lift tower","height":13},"geometry":{"type":"Polygon","coordinates":[[[7.277383002904119,46.1031244],[7.277374654596787,46.10313837444232],[7.2773545,46.10314416284585],[7.277334345403214,46.10313837444232],[7.277325997095882,46.1031244],[7.277334345403214,46.10311042555768],[7.2773545,46.103104637154146],[7.277374654596787,46.10311042555768],[7.277383002904119,46.1031244]]]}},{"type":"Feature","id":"pylon-verbier-mont-fort-121","properties":{"kind":"pylon","name":"Lift tower","height":13},"geometry":{"type":"Polygon","coordinates":[[[7.234288097951138,46.0935418],[7.234279751094499,46.093555774442315],[7.2342596,46.09356156284585],[7.2342394489055,46.093555774442315],[7.234231102048861,46.0935418],[7.2342394489055,46.09352782555768],[7.2342596,46.093522037154145],[7.234279751094499,46.09352782555768],[7.234288097951138,46.0935418]]]}},{"type":"Feature","id":"pylon-verbier-mont-fort-122","properties":{"kind":"pylon","name":"Lift tower","height":13},"geometry":{"type":"Polygon","coordinates":[[[7.234638297864999,46.0933751],[7.23462995103359,46.09338907444232],[7.2346098,46.093394862845855],[7.234589648966411,46.09338907444232],[7.234581302135002,46.0933751],[7.234589648966411,46.093361125557685],[7.2346098,46.09335533715415],[7.23462995103359,46.093361125557685],[7.234638297864999,46.0933751]]]}},{"type":"Feature","id":"pylon-verbier-mont-fort-123","properties":{"kind":"pylon","name":"Lift tower","height":13},"geometry":{"type":"Polygon","coordinates":[[[7.236308797817665,46.0932835],[7.23630045100012,46.093297474442316],[7.2362803,46.09330326284585],[7.23626014899988,46.093297474442316],[7.236251802182335,46.0932835],[7.23626014899988,46.09326952555768],[7.2362803,46.093263737154146],[7.23630045100012,46.09326952555768],[7.236308797817665,46.0932835]]]}},{"type":"Feature","id":"pylon-verbier-mont-fort-124","properties":{"kind":"pylon","name":"Lift tower","height":13},"geometry":{"type":"Polygon","coordinates":[[[7.23641149774894,46.0931505],[7.236403150951524,46.09316447444232],[7.236383,46.09317026284585],[7.236362849048476,46.09316447444232],[7.23635450225106,46.0931505],[7.236362849048476,46.09313652555768],[7.236383,46.09313073715415],[7.236403150951524,46.09313652555768],[7.23641149774894,46.0931505]]]}},{"type":"Feature","id":"pylon-verbier-mont-fort-125","properties":{"kind":"pylon","name":"Lift tower","height":13},"geometry":{"type":"Polygon","coordinates":[[[7.238331397623943,46.0929086],[7.238323050863138,46.09292257444232],[7.2383029,46.09292836284585],[7.238282749136862,46.09292257444232],[7.238274402376057,46.0929086],[7.238282749136862,46.09289462555768],[7.2383029,46.09288883715415],[7.238323050863138,46.09289462555768],[7.238331397623943,46.0929086]]]}},{"type":"Feature","id":"pylon-verbier-mont-fort-126","properties":{"kind":"pylon","name":"Lift tower","height":13},"geometry":{"type":"Polygon","coordinates":[[[7.2384097976803705,46.0930178],[7.238401450903038,46.093031774442316],[7.2383813,46.09303756284585],[7.238361149096963,46.093031774442316],[7.23835280231963,46.0930178],[7.238361149096963,46.09300382555768],[7.2383813,46.092998037154146],[7.238401450903038,46.09300382555768],[7.2384097976803705,46.0930178]]]}},{"type":"Feature","id":"pylon-verbier-mont-fort-127","properties":{"kind":"pylon","name":"Lift tower","height":13},"geometry":{"type":"Polygon","coordinates":[[[7.2395543976055485,46.092873],[7.239546050850131,46.092886974442315],[7.2395259,46.09289276284585],[7.2395057491498696,46.092886974442315],[7.239497402394452,46.092873],[7.2395057491498696,46.09285902555768],[7.2395259,46.092853237154145],[7.239546050850131,46.09285902555768],[7.2395543976055485,46.092873]]]}},{"type":"Feature","id":"pylon-verbier-mont-fort-128","properties":{"kind":"pylon","name":"Lift tower","height":13},"geometry":{"type":"Polygon","coordinates":[[[7.2398192975261795,46.0927194],[7.239810950794008,46.09273337444232],[7.2397908,46.09273916284585],[7.239770649205991,46.09273337444232],[7.23976230247382,46.0927194],[7.239770649205991,46.09270542555768],[7.2397908,46.09269963715415],[7.239810950794008,46.09270542555768],[7.2398192975261795,46.0927194]]]}},{"type":"Feature","id":"pylon-verbier-mont-fort-129","properties":{"kind":"pylon","name":"Lift tower","height":13},"geometry":{"type":"Polygon","coordinates":[[[7.241419797483654,46.0926371],[7.241411450763938,46.092651074442315],[7.2413913,46.09265686284585],[7.241371149236062,46.092651074442315],[7.241362802516346,46.0926371],[7.241371149236062,46.09262312555768],[7.2413913,46.092617337154145],[7.241411450763938,46.09262312555768],[7.241419797483654,46.0926371]]]}},{"type":"Feature","id":"pylon-verbier-mont-fort-130","properties":{"kind":"pylon","name":"Lift tower","height":13},"geometry":{"type":"Polygon","coordinates":[[[7.242418597356543,46.0923911],[7.242410250674057,46.09240507444232],[7.2423901,46.09241086284585],[7.242369949325942,46.09240507444232],[7.242361602643457,46.0923911],[7.242369949325942,46.09237712555768],[7.2423901,46.09237133715415],[7.242410250674057,46.09237712555768],[7.242418597356543,46.0923911]]]}},{"type":"Feature","id":"pylon-verbier-mont-fort-131","properties":{"kind":"pylon","name":"Lift tower","height":13},"geometry":{"type":"Polygon","coordinates":[[[7.2423688974215965,46.092517],[7.242360550720057,46.09253097444232],[7.2423404,46.09253676284585],[7.242320249279943,46.09253097444232],[7.242311902578403,46.092517],[7.242320249279943,46.09250302555768],[7.2423404,46.09249723715415],[7.242360550720057,46.09250302555768],[7.2423688974215965,46.092517]]]}},{"type":"Feature","id":"pylon-verbier-mont-fort-132","properties":{"kind":"pylon","name":"Lift tower","height":13},"geometry":{"type":"Polygon","coordinates":[[[7.243543497344866,46.0923685],[7.2435351506658,46.09238247444232],[7.243515,46.09238826284585],[7.2434948493342,46.09238247444232],[7.243486502655135,46.0923685],[7.2434948493342,46.09235452555768],[7.243515,46.09234873715415],[7.2435351506658,46.09235452555768],[7.243543497344866,46.0923685]]]}},{"type":"Feature","id":"pylon-verbier-mont-fort-133","properties":{"kind":"pylon","name":"Lift tower","height":13},"geometry":{"type":"Polygon","coordinates":[[[7.24529499717058,46.0920312],[7.245286650542562,46.09204517444232],[7.2452665,46.09205096284585],[7.245246349457437,46.09204517444232],[7.245238002829419,46.0920312],[7.245246349457437,46.09201722555768],[7.2452665,46.09201143715415],[7.245286650542562,46.09201722555768],[7.24529499717058,46.0920312]]]}},{"type":"Feature","id":"pylon-verbier-mont-fort-134","properties":{"kind":"pylon","name":"Lift tower","height":13},"geometry":{"type":"Polygon","coordinates":[[[7.245332097233308,46.0921526],[7.245323750586917,46.09216657444232],[7.2453036,46.09217236284585],[7.245283449413082,46.09216657444232],[7.2452751027666915,46.0921526],[7.245283449413082,46.09213862555768],[7.2453036,46.092132837154146],[7.245323750586917,46.09213862555768],[7.245332097233308,46.0921526]]]}},{"type":"Feature","id":"pylon-verbier-mont-fort-135","properties":{"kind":"pylon","name":"Lift tower","height":13},"geometry":{"type":"Polygon","coordinates":[[[7.2464488971602465,46.0920112],[7.246440550535255,46.09202517444232],[7.2464204,46.092030962845854],[7.246400249464744,46.09202517444232],[7.246391902839753,46.0920112],[7.246400249464744,46.091997225557684],[7.2464204,46.09199143715415],[7.246440550535255,46.091997225557684],[7.2464488971602465,46.0920112]]]}},{"type":"Feature","id":"pylon-verbier-mont-fort-136","properties":{"kind":"pylon","name":"Lift tower","height":13},"geometry":{"type":"Polygon","coordinates":[[[7.246398897096693,46.0918882],[7.246390550490315,46.09190217444232],[7.2463704,46.09190796284585],[7.2463502495096845,46.09190217444232],[7.246341902903307,46.0918882],[7.2463502495096845,46.09187422555768],[7.2463704,46.09186843715415],[7.246390550490315,46.09187422555768],[7.246398897096693,46.0918882]]]}},{"type":"Feature","id":"pylon-verbier-mont-fort-137","properties":{"kind":"pylon","name":"Lift tower","height":13},"geometry":{"type":"Polygon","coordinates":[[[7.2486644970152625,46.0917306],[7.248656150432736,46.091744574442316],[7.248636,46.09175036284585],[7.248615849567265,46.091744574442316],[7.248607502984738,46.0917306],[7.248615849567265,46.09171662555768],[7.248636,46.091710837154146],[7.248656150432736,46.09171662555768],[7.2486644970152625,46.0917306]]]}},{"type":"Feature","id":"pylon-verbier-mont-fort-138","properties":{"kind":"pylon","name":"Lift tower","height":13},"geometry":{"type":"Polygon","coordinates":[[[7.248192396979455,46.0916613],[7.248184050407416,46.091675274442316],[7.2481639,46.09168106284585],[7.248143749592583,46.091675274442316],[7.2481354030205445,46.0916613],[7.248143749592583,46.09164732555768],[7.2481639,46.091641537154146],[7.248184050407416,46.09164732555768],[7.248192396979455,46.0916613]]]}},{"type":"Feature","id":"pylon-verbier-mont-fort-139","properties":{"kind":"pylon","name":"Lift tower","height":13},"geometry":{"type":"Polygon","coordinates":[[[7.24983459687307,46.0914554],[7.24982625033219,46.09146937444232],[7.2498061,46.09147516284585],[7.249785949667809,46.09146937444232],[7.24977760312693,46.0914554],[7.249785949667809,46.09144142555768],[7.2498061,46.09143563715415],[7.24982625033219,46.09144142555768],[7.24983459687307,46.0914554]]]}},{"type":"Feature","id":"pylon-verbier-mont-fort-140","properties":{"kind":"pylon","name":"Lift tower","height":13},"geometry":{"type":"Polygon","coordinates":[[[7.249997996929491,46.0915646],[7.249989650372086,46.091578574442316],[7.2499695,46.09158436284585],[7.249949349627913,46.091578574442316],[7.249941003070508,46.0915646],[7.249949349627913,46.09155062555768],[7.2499695,46.091544837154146],[7.249989650372086,46.09155062555768],[7.249997996929491,46.0915646]]]}},{"type":"Feature","id":"pylon-verbier-mont-fort-141","properties":{"kind":"pylon","name":"Lift tower","height":13},"geometry":{"type":"Polygon","coordinates":[[[7.251278896778982,46.0912733],[7.2512705502656605,46.091287274442315],[7.2512504,46.09129306284585],[7.2512302497343395,46.091287274442315],[7.251221903221018,46.0912733],[7.2512302497343395,46.09125932555768],[7.2512504,46.091253537154145],[7.2512705502656605,46.09125932555768],[7.251278896778982,46.0912733]]]}},{"type":"Feature","id":"pylon-verbier-mont-fort-142","properties":{"kind":"pylon","name":"Lift tower","height":13},"geometry":{"type":"Polygon","coordinates":[[[7.2510383968615475,46.0914331],[7.251030050324043,46.09144707444232],[7.2510099,46.091452862845856],[7.2509897496759566,46.09144707444232],[7.250981403138452,46.0914331],[7.2509897496759566,46.091419125557685],[7.2510099,46.09141333715415],[7.251030050324043,46.091419125557685],[7.2510383968615475,46.0914331]]]}},{"type":"Feature","id":"pylon-verbier-mont-fort-143","properties":{"kind":"pylon","name":"Lift tower","height":13},"geometry":{"type":"Polygon","coordinates":[[[7.252040696729278,46.0911771],[7.252032350230515,46.09119107444232],[7.2520122,46.091196862845855],[7.251992049769486,46.09119107444232],[7.251983703270723,46.0911771],[7.251992049769486,46.091163125557685],[7.2520122,46.09115733715415],[7.252032350230515,46.091163125557685],[7.252040696729278,46.0911771]]]}},{"type":"Feature","id":"pylon-verbier-mont-fort-144","properties":{"kind":"pylon","name":"Lift tower","height":13},"geometry":{"type":"Polygon","coordinates":[[[7.252364496775365,46.0912663],[7.252356150263102,46.09128027444232],[7.252336,46.09128606284585],[7.252315849736897,46.09128027444232],[7.2523075032246345,46.0912663],[7.252315849736897,46.09125232555768],[7.252336,46.09124653715415],[7.252356150263102,46.09125232555768],[7.252364496775365,46.0912663]]]}},{"type":"Feature","id":"pylon-verbier-mont-fort-145","properties":{"kind":"pylon","name":"Lift tower","height":13},"geometry":{"type":"Polygon","coordinates":[[[7.232803301852487,46.1010902],[7.232794953853169,46.10110417444232],[7.2327748,46.101109962845854],[7.23275464614683,46.10110417444232],[7.232746298147513,46.1010902],[7.23275464614683,46.101076225557684],[7.2327748,46.10107043715415],[7.232794953853169,46.101076225557684],[7.232803301852487,46.1010902]]]}},{"type":"Feature","id":"pylon-verbier-mont-fort-146","properties":{"kind":"pylon","name":"Lift tower","height":13},"geometry":{"type":"Polygon","coordinates":[[[7.2344796019584106,46.1012951],[7.234471253928069,46.10130907444232],[7.2344511,46.101314862845854],[7.234430946071932,46.10130907444232],[7.23442259804159,46.1012951],[7.234430946071932,46.10128112555768],[7.2344511,46.10127533715415],[7.234471253928069,46.10128112555768],[7.2344796019584106,46.1012951]]]}},{"type":"Feature","id":"pylon-verbier-mont-fort-147","properties":{"kind":"pylon","name":"Lift tower","height":13},"geometry":{"type":"Polygon","coordinates":[[[7.234962301978106,46.1013332],[7.2349539539419965,46.10134717444232],[7.2349338,46.10135296284585],[7.234913646058004,46.10134717444232],[7.234905298021895,46.1013332],[7.234913646058004,46.10131922555768],[7.2349338,46.10131343715415],[7.2349539539419965,46.10131922555768],[7.234962301978106,46.1013332]]]}},{"type":"Feature","id":"pylon-verbier-mont-fort-148","properties":{"kind":"pylon","name":"Lift tower","height":13},"geometry":{"type":"Polygon","coordinates":[[[7.237416502069091,46.1015092],[7.2374081540063315,46.10152317444232],[7.237388,46.101528962845855],[7.237367845993669,46.10152317444232],[7.2373594979309095,46.1015092],[7.237367845993669,46.101495225557684],[7.237388,46.10148943715415],[7.2374081540063315,46.101495225557684],[7.237416502069091,46.1015092]]]}},{"type":"Feature","id":"pylon-verbier-mont-fort-149","properties":{"kind":"pylon","name":"Lift tower","height":13},"geometry":{"type":"Polygon","coordinates":[[[7.239294202139862,46.1016461],[7.239285854056375,46.10166007444232],[7.2392657,46.101665862845856],[7.239245545943625,46.10166007444232],[7.239237197860137,46.1016461],[7.239245545943625,46.101632125557686],[7.2392657,46.10162633715415],[7.239285854056375,46.101632125557686],[7.239294202139862,46.1016461]]]}},{"type":"Feature","id":"pylon-verbier-mont-fort-150","properties":{"kind":"pylon","name":"Lift tower","height":13},"geometry":{"type":"Polygon","coordinates":[[[7.240625002190008,46.1017431],[7.240616654091833,46.10175707444232],[7.2405965,46.10176286284585],[7.240576345908166,46.10175707444232],[7.2405679978099915,46.1017431],[7.240576345908166,46.10172912555768],[7.2405965,46.10172333715415],[7.240616654091833,46.10172912555768],[7.240625002190008,46.1017431]]]}},{"type":"Feature","id":"pylon-verbier-mont-fort-151","properties":{"kind":"pylon","name":"Lift tower","height":13},"geometry":{"type":"Polygon","coordinates":[[[7.241421202219992,46.1018011],[7.241412854113035,46.10181507444232],[7.2413927,46.101820862845855],[7.241372545886964,46.10181507444232],[7.241364197780007,46.1018011],[7.241372545886964,46.101787125557685],[7.2413927,46.10178133715415],[7.241412854113035,46.101787125557685],[7.241421202219992,46.1018011]]]}},{"type":"Feature","id":"pylon-verbier-mont-fort-152","properties":{"kind":"pylon","name":"Lift tower","height":13},"geometry":{"type":"Polygon","coordinates":[[[7.337849024190832,46.1442527],[7.337840669648765,46.14426667444232],[7.3378205,46.144272462845855],[7.337800330351236,46.14426667444232],[7.337791975809169,46.1442527],[7.337800330351236,46.144238725557685],[7.3378205,46.14423293715415],[7.337840669648765,46.144238725557685],[7.337849024190832,46.1442527]]]}},{"type":"Feature","id":"pylon-verbier-mont-fort-153","properties":{"kind":"pylon","name":"Lift tower","height":13},"geometry":{"type":"Polygon","coordinates":[[[7.337876924166998,46.1442067],[7.337868569631912,46.144220674442316],[7.3378484,46.14422646284585],[7.337828230368089,46.144220674442316],[7.337819875833003,46.1442067],[7.337828230368089,46.14419272555768],[7.3378484,46.144186937154146],[7.337868569631912,46.14419272555768],[7.337876924166998,46.1442067]]]}},{"type":"Feature","id":"pylon-verbier-mont-fort-154","properties":{"kind":"pylon","name":"Lift tower","height":13},"geometry":{"type":"Polygon","coordinates":[[[7.338644624254666,46.1443759],[7.338636269693903,46.14438987444232],[7.3386161,46.14439566284585],[7.338595930306098,46.14438987444232],[7.3385875757453345,46.1443759],[7.338595930306098,46.14436192555768],[7.3386161,46.14435613715415],[7.338636269693903,46.14436192555768],[7.338644624254666,46.1443759]]]}},{"type":"Feature","id":"pylon-verbier-mont-fort-155","properties":{"kind":"pylon","name":"Lift tower","height":13},"geometry":{"type":"Polygon","coordinates":[[[7.338675424231764,46.1443317],[7.338667069677708,46.14434567444232],[7.3386469,46.144351462845854],[7.338626730322291,46.14434567444232],[7.3386183757682355,46.1443317],[7.338626730322291,46.144317725557684],[7.3386469,46.14431193715415],[7.338667069677708,46.144317725557684],[7.338675424231764,46.1443317]]]}},{"type":"Feature","id":"pylon-verbier-mont-fort-156","properties":{"kind":"pylon","name":"Lift tower","height":13},"geometry":{"type":"Polygon","coordinates":[[[7.340435424398346,46.1446532],[7.340427069795499,46.14466717444232],[7.3404069,46.14467296284585],[7.3403867302045,46.14466717444232],[7.340378375601653,46.1446532],[7.3403867302045,46.14463922555768],[7.3404069,46.14463343715415],[7.340427069795499,46.14463922555768],[7.340435424398346,46.1446532]]]}},{"type":"Feature","id":"pylon-verbier-mont-fort-157","properties":{"kind":"pylon","name":"Lift tower","height":13},"geometry":{"type":"Polygon","coordinates":[[[7.3404513243757545,46.1446096],[7.3404429697795255,46.14462357444232],[7.3404228,46.144629362845855],[7.340402630220474,46.14462357444232],[7.340394275624245,46.1446096],[7.340402630220474,46.144595625557685],[7.3404228,46.14458983715415],[7.3404429697795255,46.144595625557685],[7.3404513243757545,46.1446096]]]}},{"type":"Feature","id":"pylon-verbier-mont-fort-158","properties":{"kind":"pylon","name":"Lift tower","height":13},"geometry":{"type":"Polygon","coordinates":[[[7.342480824445601,46.1447444],[7.342472469828913,46.14475837444232],[7.3424523,46.14476416284585],[7.342432130171086,46.14475837444232],[7.342423775554399,46.1447444],[7.342432130171086,46.14473042555768],[7.3424523,46.14472463715415],[7.342472469828913,46.14473042555768],[7.342480824445601,46.1447444]]]}},{"type":"Feature","id":"pylon-verbier-mont-fort-159","properties":{"kind":"pylon","name":"Lift tower","height":13},"geometry":{"type":"Polygon","coordinates":[[[7.342486424421974,46.1446988],[7.342478069812207,46.14471277444232],[7.3424579,46.14471856284585],[7.342437730187793,46.14471277444232],[7.3424293755780266,46.1446988],[7.342437730187793,46.14468482555768],[7.3424579,46.14467903715415],[7.342478069812207,46.14468482555768],[7.342486424421974,46.1446988]]]}},{"type":"Feature","id":"pylon-verbier-mont-fort-160","properties":{"kind":"pylon","name":"Lift tower","height":13},"geometry":{"type":"Polygon","coordinates":[[[7.346492724469073,46.1447897],[7.346484369845511,46.144803674442315],[7.3464642,46.14480946284585],[7.346444030154489,46.144803674442315],[7.346435675530927,46.1447897],[7.346444030154489,46.14477572555768],[7.3464642,46.144769937154145],[7.346484369845511,46.14477572555768],[7.346492724469073,46.1447897]]]}},{"type":"Feature","id":"pylon-verbier-mont-fort-161","properties":{"kind":"pylon","name":"Lift tower","height":13},"geometry":{"type":"Polygon","coordinates":[[[7.34651342444327,46.1447399],[7.346505069827265,46.144753874442316],[7.3464849,46.14475966284585],[7.346464730172735,46.144753874442316],[7.3464563755567305,46.1447399],[7.346464730172735,46.14472592555768],[7.3464849,46.144720137154145],[7.346505069827265,46.14472592555768],[7.34651342444327,46.1447399]]]}},{"type":"Feature","id":"pylon-verbier-mont-fort-162","properties":{"kind":"pylon","name":"Lift tower","height":13},"geometry":{"type":"Polygon","coordinates":[[[7.348439324480473,46.1448117],[7.348430969853572,46.144825674442316],[7.3484108,46.14483146284585],[7.348390630146428,46.144825674442316],[7.348382275519527,46.1448117],[7.348390630146428,46.14479772555768],[7.3484108,46.144791937154146],[7.348430969853572,46.14479772555768],[7.348439324480473,46.1448117]]]}},{"type":"Feature","id":"pylon-verbier-mont-fort-163","properties":{"kind":"pylon","name":"Lift tower","height":13},"geometry":{"type":"Polygon","coordinates":[[[7.348441724453477,46.1447596],[7.348433369834484,46.14477357444232],[7.3484132,46.14477936284585],[7.348393030165517,46.14477357444232],[7.348384675546524,46.1447596],[7.348393030165517,46.14474562555768],[7.3484132,46.14473983715415],[7.348433369834484,46.14474562555768],[7.348441724453477,46.1447596]]]}},{"type":"Feature","id":"pylon-verbier-mont-fort-164","properties":{"kind":"pylon","name":"Lift tower","height":13},"geometry":{"type":"Polygon","coordinates":[[[7.3510550244958095,46.1448413],[7.351046669864417,46.14485527444232],[7.3510265,46.144861062845855],[7.351006330135583,46.14485527444232],[7.35099797550419,46.1448413],[7.351006330135583,46.144827325557685],[7.3510265,46.14482153715415],[7.351046669864417,46.144827325557685],[7.3510550244958095,46.1448413]]]}},{"type":"Feature","id":"pylon-verbier-mont-fort-165","properties":{"kind":"pylon","name":"Lift tower","height":13},"geometry":{"type":"Polygon","coordinates":[[[7.351038624467208,46.1447861],[7.351030269844192,46.144800074442315],[7.3510101,46.14480586284585],[7.350989930155808,46.144800074442315],[7.350981575532792,46.1447861],[7.350989930155808,46.14477212555768],[7.3510101,46.144766337154145],[7.351030269844192,46.14477212555768],[7.351038624467208,46.1447861]]]}},{"type":"Feature","id":"pylon-verbier-mont-fort-166","properties":{"kind":"pylon","name":"Lift tower","height":13},"geometry":{"type":"Polygon","coordinates":[[[7.352222324473478,46.1447982],[7.352213969848626,46.144812174442315],[7.3521938,46.14481796284585],[7.352173630151374,46.144812174442315],[7.352165275526523,46.1447982],[7.352173630151374,46.14478422555768],[7.3521938,46.144778437154145],[7.352213969848626,46.14478422555768],[7.352222324473478,46.1447982]]]}},{"type":"Feature","id":"pylon-verbier-mont-fort-167","properties":{"kind":"pylon","name":"Lift tower","height":13},"geometry":{"type":"Polygon","coordinates":[[[7.352425524503841,46.1448568],[7.352417169870096,46.14487077444232],[7.352397,46.14487656284585],[7.352376830129904,46.14487077444232],[7.352368475496159,46.1448568],[7.352376830129904,46.14484282555768],[7.352397,46.14483703715415],[7.352417169870096,46.14484282555768],[7.352425524503841,46.1448568]]]}},{"type":"Feature","id":"pylon-verbier-mont-fort-168","properties":{"kind":"pylon","name":"Lift tower","height":13},"geometry":{"type":"Polygon","coordinates":[[[7.24335169735737,46.0923927],[7.243343350674642,46.092406674442316],[7.2433232,46.09241246284585],[7.243303049325358,46.092406674442316],[7.24329470264263,46.0923927],[7.243303049325358,46.09237872555768],[7.2433232,46.092372937154146],[7.243343350674642,46.09237872555768],[7.24335169735737,46.0923927]]]}},{"type":"Feature","id":"pylon-verbier-mont-fort-169","properties":{"kind":"pylon","name":"Lift tower","height":13},"geometry":{"type":"Polygon","coordinates":[[[7.304051306853433,46.1107617],[7.304042957389372,46.110775674442316],[7.3040228,46.11078146284585],[7.304002642610628,46.110775674442316],[7.303994293146568,46.1107617],[7.304002642610628,46.11074772555768],[7.3040228,46.110741937154145],[7.304042957389372,46.11074772555768],[7.304051306853433,46.1107617]]]}},{"type":"Feature","id":"pylon-verbier-mont-fort-170","properties":{"kind":"pylon","name":"Lift tower","height":13},"geometry":{"type":"Polygon","coordinates":[[[7.3029075994186385,46.0963815],[7.302899252132179,46.09639547444232],[7.3028791,46.09640126284585],[7.302858947867821,46.09639547444232],[7.302850600581362,46.0963815],[7.302858947867821,46.09636752555768],[7.3028791,46.09636173715415],[7.302899252132179,46.09636752555768],[7.3029075994186385,46.0963815]]]}},{"type":"Feature","id":"pylon-verbier-mont-fort-171","properties":{"kind":"pylon","name":"Lift tower","height":13},"geometry":{"type":"Polygon","coordinates":[[[7.3025089967952574,46.0913048],[7.302500650277168,46.09131877444232],[7.3024805,46.091324562845855],[7.302460349722831,46.09131877444232],[7.302452003204742,46.0913048],[7.302460349722831,46.091290825557685],[7.3024805,46.09128503715415],[7.302500650277168,46.091290825557685],[7.3025089967952574,46.0913048]]]}},{"type":"Feature","id":"pylon-verbier-mont-fort-172","properties":{"kind":"pylon","name":"Lift tower","height":13},"geometry":{"type":"Polygon","coordinates":[[[7.234311197885771,46.0934153],[7.234302851048278,46.093429274442315],[7.2342827,46.09343506284585],[7.234262548951722,46.093429274442315],[7.234254202114228,46.0934153],[7.234262548951722,46.09340132555768],[7.2342827,46.093395537154144],[7.234302851048278,46.09340132555768],[7.234311197885771,46.0934153]]]}},{"type":"Feature","id":"pylon-verbier-mont-fort-173","properties":{"kind":"pylon","name":"Lift tower","height":13},"geometry":{"type":"Polygon","coordinates":[[[7.254111496722871,46.0911647],[7.254103150225983,46.09117867444232],[7.254083,46.09118446284585],[7.254062849774016,46.09117867444232],[7.254054503277128,46.0911647],[7.254062849774016,46.09115072555768],[7.254083,46.09114493715415],[7.254103150225983,46.09115072555768],[7.254111496722871,46.0911647]]]}},{"type":"Feature","id":"pylon-verbier-mont-fort-174","properties":{"kind":"pylon","name":"Lift tower","height":13},"geometry":{"type":"Polygon","coordinates":[[[7.234472304347907,46.1059168],[7.234463955617699,46.10593077444232],[7.2344438,46.105936562845855],[7.234423644382302,46.10593077444232],[7.234415295652093,46.1059168],[7.234423644382302,46.105902825557685],[7.2344438,46.10589703715415],[7.234463955617699,46.105902825557685],[7.234472304347907,46.1059168]]]}},{"type":"Feature","id":"pylon-verbier-mont-fort-175","properties":{"kind":"pylon","name":"Lift tower","height":13},"geometry":{"type":"Polygon","coordinates":[[[7.236256502025407,46.1014247],[7.236248153975443,46.10143867444232],[7.236228,46.101444462845855],[7.2362078460245565,46.10143867444232],[7.236199497974592,46.1014247],[7.2362078460245565,46.101410725557685],[7.236228,46.10140493715415],[7.236248153975443,46.101410725557685],[7.236256502025407,46.1014247]]]}},{"type":"Feature","id":"pylon-verbier-mont-fort-176","properties":{"kind":"pylon","name":"Lift tower","height":13},"geometry":{"type":"Polygon","coordinates":[[[7.238339002103881,46.1015765],[7.238330654030933,46.10159047444232],[7.2383105,46.10159626284585],[7.238290345969067,46.10159047444232],[7.238281997896118,46.1015765],[7.238290345969067,46.10156252555768],[7.2383105,46.10155673715415],[7.238330654030933,46.10156252555768],[7.238339002103881,46.1015765]]]}},{"type":"Feature","id":"pylon-verbier-mont-fort-177","properties":{"kind":"pylon","name":"Lift tower","height":13},"geometry":{"type":"Polygon","coordinates":[[[7.252171896721734,46.0911625],[7.2521635502251796,46.09117647444232],[7.2521434,46.091182262845855],[7.25212324977482,46.09117647444232],[7.252114903278265,46.0911625],[7.25212324977482,46.091148525557685],[7.2521434,46.09114273715415],[7.2521635502251796,46.091148525557685],[7.252171896721734,46.0911625]]]}},{"type":"Feature","id":"pylon-verbier-mont-fort-178","properties":{"kind":"pylon","name":"Lift tower","height":13},"geometry":{"type":"Polygon","coordinates":[[[7.252268496781927,46.091279],[7.252260150267742,46.09129297444232],[7.25224,46.09129876284585],[7.252219849732257,46.09129297444232],[7.2522115032180725,46.091279],[7.252219849732257,46.09126502555768],[7.25224,46.09125923715415],[7.252260150267742,46.09126502555768],[7.252268496781927,46.091279]]]}},{"type":"Feature","id":"pylon-verbier-mont-fort-179","properties":{"kind":"pylon","name":"Lift tower","height":13},"geometry":{"type":"Polygon","coordinates":[[[7.252319696778311,46.091272],[7.2523113502651855,46.091285974442314],[7.2522912,46.09129176284585],[7.252271049734815,46.091285974442314],[7.25226270322169,46.091272],[7.252271049734815,46.09125802555768],[7.2522912,46.091252237154144],[7.2523113502651855,46.09125802555768],[7.252319696778311,46.091272]]]}},{"type":"Feature","id":"pylon-verbier-mont-fort-180","properties":{"kind":"pylon","name":"Lift tower","height":13},"geometry":{"type":"Polygon","coordinates":[[[7.258669095906248,46.0895841],[7.258660749648543,46.08959807444232],[7.2586406,46.089603862845856],[7.258620450351456,46.08959807444232],[7.258612104093752,46.0895841],[7.258620450351456,46.089570125557685],[7.2586406,46.08956433715415],[7.258660749648543,46.089570125557685],[7.258669095906248,46.0895841]]]}},{"type":"Feature","id":"pylon-verbier-mont-fort-181","properties":{"kind":"pylon","name":"Lift tower","height":13},"geometry":{"type":"Polygon","coordinates":[[[7.264246094910903,46.0876574],[7.264237748944729,46.087671374442316],[7.2642176,46.08767716284585],[7.264197451055272,46.087671374442316],[7.264189105089097,46.0876574],[7.264197451055272,46.08764342555768],[7.2642176,46.087637637154145],[7.264237748944729,46.08764342555768],[7.264246094910903,46.0876574]]]}},{"type":"Feature","id":"pylon-verbier-mont-fort-182","properties":{"kind":"pylon","name":"Lift tower","height":13},"geometry":{"type":"Polygon","coordinates":[[[7.266745892637185,46.0832554],[7.266737547336968,46.08326937444232],[7.2667174,46.08327516284585],[7.2666972526630325,46.08326937444232],[7.266688907362815,46.0832554],[7.2666972526630325,46.08324142555768],[7.2667174,46.08323563715415],[7.266737547336968,46.08324142555768],[7.266745892637185,46.0832554]]]}},{"type":"Feature","id":"pylon-verbier-mont-fort-183","properties":{"kind":"pylon","name":"Lift tower","height":13},"geometry":{"type":"Polygon","coordinates":[[[7.31549411901496,46.1342606],[7.31548576598887,46.134274574442315],[7.3154656,46.13428036284585],[7.315445434011129,46.134274574442315],[7.315437080985039,46.1342606],[7.315445434011129,46.13424662555768],[7.3154656,46.134240837154145],[7.31548576598887,46.13424662555768],[7.31549411901496,46.1342606]]]}},{"type":"Feature","id":"pylon-verbier-mont-fort-184","properties":{"kind":"pylon","name":"Lift tower","height":13},"geometry":{"type":"Polygon","coordinates":[[[7.3004529076498175,46.1123014],[7.300444557952502,46.11231537444232],[7.3004244,46.11232116284585],[7.300404242047498,46.11231537444232],[7.300395892350182,46.1123014],[7.300404242047498,46.11228742555768],[7.3004244,46.11228163715415],[7.300444557952502,46.11228742555768],[7.3004529076498175,46.1123014]]]}},{"type":"Feature","id":"pylon-verbier-mont-fort-185","properties":{"kind":"pylon","name":"Lift tower","height":13},"geometry":{"type":"Polygon","coordinates":[[[7.318488519721812,46.1356255],[7.3184801664886905,46.13563947444232],[7.31846,46.135645262845856],[7.3184398335113094,46.13563947444232],[7.318431480278188,46.1356255],[7.3184398335113094,46.135611525557685],[7.31846,46.13560573715415],[7.3184801664886905,46.135611525557685],[7.318488519721812,46.1356255]]]}},{"type":"Feature","id":"pylon-verbier-mont-fort-186","properties":{"kind":"pylon","name":"Lift tower","height":13},"geometry":{"type":"Polygon","coordinates":[[[7.324672320692501,46.1374997],[7.324663967175072,46.13751367444232],[7.3246438,46.13751946284585],[7.3246236328249275,46.13751367444232],[7.324615279307499,46.1374997],[7.3246236328249275,46.13748572555768],[7.3246438,46.13747993715415],[7.324663967175072,46.13748572555768],[7.324672320692501,46.1374997]]]}},{"type":"Feature","id":"pylon-verbier-mont-fort-187","properties":{"kind":"pylon","name":"Lift tower","height":13},"geometry":{"type":"Polygon","coordinates":[[[7.332988921994762,46.1400138],[7.332980568095909,46.140027774442316],[7.3329604,46.14003356284585],[7.332940231904091,46.140027774442316],[7.332931878005239,46.1400138],[7.332940231904091,46.13999982555768],[7.3329604,46.139994037154146],[7.332980568095909,46.13999982555768],[7.332988921994762,46.1400138]]]}},{"type":"Feature","id":"pylon-verbier-mont-fort-188","properties":{"kind":"pylon","name":"Lift tower","height":13},"geometry":{"type":"Polygon","coordinates":[[[7.315578619579028,46.1353498],[7.315570266387728,46.13536377444232],[7.3155501,46.13536956284585],[7.3155299336122726,46.13536377444232],[7.315521580420972,46.1353498],[7.3155299336122726,46.13533582555768],[7.3155501,46.13533003715415],[7.315570266387728,46.13533582555768],[7.315578619579028,46.1353498]]]}},{"type":"Feature","id":"pylon-verbier-mont-fort-189","properties":{"kind":"pylon","name":"Lift tower","height":13},"geometry":{"type":"Polygon","coordinates":[[[7.3156409195717265,46.1353357],[7.315632566382564,46.13534967444232],[7.3156124,46.13535546284585],[7.315592233617436,46.13534967444232],[7.315583880428274,46.1353357],[7.315592233617436,46.13532172555768],[7.3156124,46.13531593715415],[7.315632566382564,46.13532172555768],[7.3156409195717265,46.1353357]]]}},{"type":"Feature","id":"pylon-verbier-mont-fort-190","properties":{"kind":"pylon","name":"Lift tower","height":13},"geometry":{"type":"Polygon","coordinates":[[[7.303804020950029,46.1379969],[7.303795667357171,46.138010874442315],[7.3037755,46.13801666284585],[7.3037553326428295,46.138010874442315],[7.303746979049972,46.1379969],[7.3037553326428295,46.13798292555768],[7.3037755,46.137977137154145],[7.303795667357171,46.13798292555768],[7.303804020950029,46.1379969]]]}},{"type":"Feature","id":"pylon-verbier-mont-fort-191","properties":{"kind":"pylon","name":"Lift tower","height":13},"geometry":{"type":"Polygon","coordinates":[[[7.3016925211969435,46.1384736],[7.301684167531766,46.138487574442316],[7.301664,46.13849336284585],[7.301643832468233,46.138487574442316],[7.301635478803056,46.1384736],[7.301643832468233,46.13845962555768],[7.301664,46.138453837154145],[7.301684167531766,46.13845962555768],[7.3016925211969435,46.1384736]]]}},{"type":"Feature","id":"pylon-verbier-mont-fort-192","properties":{"kind":"pylon","name":"Lift tower","height":13},"geometry":{"type":"Polygon","coordinates":[[[7.299270621475877,46.1390121],[7.299262267729002,46.13902607444232],[7.2992421,46.139031862845854],[7.2992219322709975,46.13902607444232],[7.299213578524123,46.1390121],[7.2992219322709975,46.138998125557684],[7.2992421,46.13899233715415],[7.299262267729002,46.138998125557684],[7.299270621475877,46.1390121]]]}},{"type":"Feature","id":"pylon-verbier-mont-fort-193","properties":{"kind":"pylon","name":"Lift tower","height":13},"geometry":{"type":"Polygon","coordinates":[[[7.297363821696803,46.1394386],[7.29735546788522,46.139452574442316],[7.2973353,46.13945836284585],[7.297315132114781,46.139452574442316],[7.297306778303198,46.1394386],[7.297315132114781,46.13942462555768],[7.2973353,46.139418837154146],[7.29735546788522,46.13942462555768],[7.297363821696803,46.1394386]]]}},{"type":"Feature","id":"pylon-verbier-mont-fort-194","properties":{"kind":"pylon","name":"Lift tower","height":13},"geometry":{"type":"Polygon","coordinates":[[[7.294814621997403,46.1400189],[7.294806268097776,46.14003287444232],[7.2947861,46.14003866284585],[7.294765931902223,46.14003287444232],[7.294757578002597,46.1400189],[7.294765931902223,46.14000492555768],[7.2947861,46.13999913715415],[7.294806268097776,46.14000492555768],[7.294814621997403,46.1400189]]]}},{"type":"Feature","id":"pylon-verbier-mont-fort-195","properties":{"kind":"pylon","name":"Lift tower","height":13},"geometry":{"type":"Polygon","coordinates":[[[7.294740322005381,46.1400343],[7.2947319681034175,46.14004827444232],[7.2947118,46.140054062845856],[7.294691631896582,46.14004827444232],[7.294683277994619,46.1400343],[7.294691631896582,46.140020325557686],[7.2947118,46.14001453715415],[7.2947319681034175,46.140020325557686],[7.294740322005381,46.1400343]]]}},{"type":"Feature","id":"pylon-verbier-mont-fort-196","properties":{"kind":"pylon","name":"Lift tower","height":13},"geometry":{"type":"Polygon","coordinates":[[[7.29376042221663,46.1404421],[7.293752068252794,46.14045607444232],[7.2937319,46.140461862845854],[7.293711731747206,46.14045607444232],[7.29370337778337,46.1404421],[7.293711731747206,46.14042812555768],[7.2937319,46.14042233715415],[7.293752068252794,46.14042812555768],[7.29376042221663,46.1404421]]]}},{"type":"Feature","id":"pylon-verbier-mont-fort-197","properties":{"kind":"pylon","name":"Lift tower","height":13},"geometry":{"type":"Polygon","coordinates":[[[7.293897822176017,46.1403637],[7.293889468224076,46.14037767444232],[7.2938693,46.140383462845854],[7.293849131775924,46.14037767444232],[7.293840777823982,46.1403637],[7.293849131775924,46.140349725557684],[7.2938693,46.14034393715415],[7.293889468224076,46.140349725557684],[7.293897822176017,46.1403637]]]}},{"type":"Feature","id":"pylon-verbier-mont-fort-198","properties":{"kind":"pylon","name":"Lift tower","height":13},"geometry":{"type":"Polygon","coordinates":[[[7.291422022914648,46.1417895],[7.291413668746366,46.14180347444232],[7.2913935,46.141809262845854],[7.2913733312536335,46.14180347444232],[7.291364977085352,46.1417895],[7.2913733312536335,46.141775525557684],[7.2913935,46.14176973715415],[7.291413668746366,46.141775525557684],[7.291422022914648,46.1417895]]]}},{"type":"Feature","id":"pylon-verbier-mont-fort-199","properties":{"kind":"pylon","name":"Lift tower","height":13},"geometry":{"type":"Polygon","coordinates":[[[7.288616123749858,46.1434016],[7.288607769336949,46.143415574442315],[7.2885876,46.14342136284585],[7.288567430663051,46.143415574442315],[7.2885590762501415,46.1434016],[7.288567430663051,46.14338762555768],[7.2885876,46.143381837154145],[7.288607769336949,46.14338762555768],[7.288616123749858,46.1434016]]]}},{"type":"Feature","id":"pylon-verbier-mont-fort-200","properties":{"kind":"pylon","name":"Lift tower","height":13},"geometry":{"type":"Polygon","coordinates":[[[7.241377000195344,46.0978843],[7.241368652681393,46.097898274442315],[7.2413485,46.09790406284585],[7.241328347318607,46.097898274442315],[7.241319999804656,46.0978843],[7.241328347318607,46.09787032555768],[7.2413485,46.097864537154145],[7.241368652681393,46.09787032555768],[7.241377000195344,46.0978843]]]}},{"type":"Feature","id":"pylon-verbier-mont-fort-201","properties":{"kind":"pylon","name":"Lift tower","height":13},"geometry":{"type":"Polygon","coordinates":[[[7.278489402796996,46.1029172],[7.2784810545210386,46.10293117444232],[7.2784609,46.10293696284585],[7.278440745478961,46.10293117444232],[7.278432397203003,46.1029172],[7.278440745478961,46.10290322555768],[7.2784609,46.10289743715415],[7.2784810545210386,46.10290322555768],[7.278489402796996,46.1029172]]]}},{"type":"Feature","id":"pylon-verbier-mont-fort-202","properties":{"kind":"pylon","name":"Lift tower","height":13},"geometry":{"type":"Polygon","coordinates":[[[7.278266302817677,46.1029572],[7.278257954535662,46.10297117444232],[7.2782378,46.10297696284585],[7.278217645464339,46.10297117444232],[7.278209297182324,46.1029572],[7.278217645464339,46.10294322555768],[7.2782378,46.10293743715415],[7.278257954535662,46.10294322555768],[7.278266302817677,46.1029572]]]}},{"type":"Feature","id":"pylon-verbier-mont-fort-203","properties":{"kind":"pylon","name":"Lift tower","height":13},"geometry":{"type":"Polygon","coordinates":[[[7.275940403040247,46.1033877],[7.275932054693043,46.10340167444232],[7.2759119,46.10340746284585],[7.275891745306956,46.10340167444232],[7.2758833969597525,46.1033877],[7.275891745306956,46.10337372555768],[7.2759119,46.10336793715415],[7.275932054693043,46.10337372555768],[7.275940403040247,46.1033877]]]}},{"type":"Feature","id":"pylon-verbier-mont-fort-204","properties":{"kind":"pylon","name":"Lift tower","height":13},"geometry":{"type":"Polygon","coordinates":[[[7.30307510817795,46.1133224],[7.303066758325948,46.11333637444232],[7.3030466,46.11334216284585],[7.303026441674052,46.11333637444232],[7.30301809182205,46.1133224],[7.303026441674052,46.11330842555768],[7.3030466,46.11330263715415],[7.303066758325948,46.11330842555768],[7.30307510817795,46.1133224]]]}},{"type":"Feature","id":"pylon-verbier-mont-fort-205","properties":{"kind":"pylon","name":"Lift tower","height":13},"geometry":{"type":"Polygon","coordinates":[[[7.303153908193572,46.1133526],[7.303145558336994,46.11336657444232],[7.3031254,46.11337236284585],[7.303105241663006,46.11336657444232],[7.303096891806428,46.1133526],[7.303105241663006,46.11333862555768],[7.3031254,46.11333283715415],[7.303145558336994,46.11333862555768],[7.303153908193572,46.1133526]]]}},{"type":"Feature","id":"pylon-verbier-mont-fort-206","properties":{"kind":"pylon","name":"Lift tower","height":13},"geometry":{"type":"Polygon","coordinates":[[[7.272352600508722,46.0984906],[7.272344252902984,46.098504574442316],[7.2723241,46.09851036284585],[7.272303947097015,46.098504574442316],[7.272295599491278,46.0984906],[7.272303947097015,46.09847662555768],[7.2723241,46.098470837154146],[7.272344252902984,46.09847662555768],[7.272352600508722,46.0984906]]]}},{"type":"Feature","id":"pylon-verbier-mont-fort-207","properties":{"kind":"pylon","name":"Lift tower","height":13},"geometry":{"type":"Polygon","coordinates":[[[7.272424500525054,46.0985222],[7.272416152914533,46.098536174442316],[7.272396,46.09854196284585],[7.272375847085466,46.098536174442316],[7.272367499474945,46.0985222],[7.272375847085466,46.09850822555768],[7.272396,46.098502437154146],[7.272416152914533,46.09850822555768],[7.272424500525054,46.0985222]]]}},{"type":"Feature","id":"pylon-verbier-mont-fort-208","properties":{"kind":"pylon","name":"Lift tower","height":13},"geometry":{"type":"Polygon","coordinates":[[[7.257914797079436,46.0918548],[7.257906450478113,46.09186877444232],[7.2578863,46.09187456284585],[7.257866149521887,46.09186877444232],[7.257857802920564,46.0918548],[7.257866149521887,46.09184082555768],[7.2578863,46.09183503715415],[7.257906450478113,46.09184082555768],[7.257914797079436,46.0918548]]]}},{"type":"Feature","id":"pylon-verbier-mont-fort-209","properties":{"kind":"pylon","name":"Lift tower","height":13},"geometry":{"type":"Polygon","coordinates":[[[7.256428097029574,46.0917583],[7.256419750442856,46.09177227444232],[7.2563996,46.091778062845854],[7.256379449557144,46.09177227444232],[7.256371102970426,46.0917583],[7.256379449557144,46.091744325557684],[7.2563996,46.09173853715415],[7.256419750442856,46.091744325557684],[7.256428097029574,46.0917583]]]}},{"type":"Feature","id":"pylon-verbier-mont-fort-210","properties":{"kind":"pylon","name":"Lift tower","height":13},"geometry":{"type":"Polygon","coordinates":[[[7.26783119139673,46.0808534],[7.267822846459833,46.08086737444232],[7.2678027,46.080873162845855],[7.267782553540167,46.08086737444232],[7.26777420860327,46.0808534],[7.267782553540167,46.080839425557684],[7.2678027,46.08083363715415],[7.267822846459833,46.080839425557684],[7.26783119139673,46.0808534]]]}},{"type":"Feature","id":"pylon-verbier-mont-fort-211","properties":{"kind":"pylon","name":"Lift tower","height":13},"geometry":{"type":"Polygon","coordinates":[[[7.267470991807013,46.0816479],[7.267462646749947,46.08166187444232],[7.2674425,46.08166766284585],[7.267422353250052,46.08166187444232],[7.267414008192986,46.0816479],[7.267422353250052,46.08163392555768],[7.2674425,46.08162813715415],[7.267462646749947,46.08163392555768],[7.267470991807013,46.0816479]]]}},{"type":"Feature","id":"pylon-verbier-mont-fort-212","properties":{"kind":"pylon","name":"Lift tower","height":13},"geometry":{"type":"Polygon","coordinates":[[[7.270176691167248,46.080409],[7.270168346297565,46.08042297444232],[7.2701482,46.080428762845855],[7.270128053702436,46.08042297444232],[7.270119708832753,46.080409],[7.270128053702436,46.080395025557685],[7.2701482,46.08038923715415],[7.270168346297565,46.080395025557685],[7.270176691167248,46.080409]]]}},{"type":"Feature","id":"marker-verbier-mont-fort-summit","properties":{"kind":"marker","markerType":"summit","name":"Upper mountain · 3330 m","height":26},"geometry":{"type":"Polygon","coordinates":[[[7.326090656328141,46.082],[7.326073342510114,46.08203696098425],[7.3260280143460434,46.08205980412877],[7.325971985653958,46.08205980412877],[7.325926657489887,46.08203696098425],[7.32590934367186,46.082],[7.325926657489887,46.081963039015754],[7.325971985653958,46.08194019587123],[7.3260280143460434,46.08194019587123],[7.326073342510114,46.081963039015754],[7.326090656328141,46.082]]]}},{"type":"Feature","id":"marker-verbier-mont-fort-base","properties":{"kind":"marker","markerType":"base","name":"Base · 821 m","height":18},"geometry":{"type":"Polygon","coordinates":[[[7.330090649756162,46.078],[7.330073337193271,46.07803696098425],[7.33002801231519,46.07805980412877],[7.32997198768481,46.07805980412877],[7.329926662806729,46.07803696098425],[7.329909350243838,46.078],[7.329926662806729,46.077963039015756],[7.32997198768481,46.077940195871236],[7.33002801231519,46.077940195871236],[7.330073337193271,46.077963039015756],[7.330090649756162,46.078]]]}},{"type":"Feature","id":"marker-verbier-mont-fort-featured-run","properties":{"kind":"marker","markerType":"featured-run","name":"Powder · Backside","height":20},"geometry":{"type":"Polygon","coordinates":[[[7.3330906448280935,46.075],[7.3330733332063796,46.07503696098425],[7.333028010792333,46.07505980412877],[7.3329719892076675,46.07505980412877],[7.332926666793621,46.07503696098425],[7.332909355171907,46.075],[7.332926666793621,46.074963039015756],[7.3329719892076675,46.074940195871235],[7.333028010792333,46.074940195871235],[7.3330733332063796,46.074963039015756],[7.3330906448280935,46.075]]]}}]}