{"type":"FeatureCollection","features":[{"type":"Feature","id":"building-1227049069","properties":{"kind":"building","name":"Alpine building","height":7.2},"geometry":{"type":"Polygon","coordinates":[[[6.8054658,46.1733847],[6.8054732,46.173336],[6.8055656,46.1733428],[6.8055582,46.1733915],[6.8054658,46.1733847]]]}},{"type":"Feature","id":"building-274221229","properties":{"kind":"building","name":"O'Padcha","height":7.2},"geometry":{"type":"Polygon","coordinates":[[[6.8053783,46.1740917],[6.8051541,46.1740769],[6.8051575,46.1740524],[6.8050977,46.1740484],[6.8051091,46.173966],[6.8050527,46.1739622],[6.8050662,46.1738641],[6.8050951,46.1738661],[6.8051069,46.1737813],[6.8054009,46.1738008],[6.8053855,46.1739126],[6.8054029,46.1739137],[6.8053783,46.1740917]]]}},{"type":"Feature","id":"building-1227049070","properties":{"kind":"building","name":"Alpine building","height":7.2},"geometry":{"type":"Polygon","coordinates":[[[6.8044432,46.1730468],[6.80455,46.1730984],[6.8045902,46.1730585],[6.8044834,46.1730069],[6.8044432,46.1730468]]]}},{"type":"Feature","id":"building-1022081667","properties":{"kind":"building","name":"Alpine building","height":7.2},"geometry":{"type":"Polygon","coordinates":[[[6.8028553,46.1758294],[6.8029432,46.1757952],[6.8028903,46.17573],[6.8028024,46.1757642],[6.8028553,46.1758294]]]}},{"type":"Feature","id":"building-1022081668","properties":{"kind":"building","name":"Alpine building","height":7.2},"geometry":{"type":"Polygon","coordinates":[[[6.8026457,46.1757768],[6.8027351,46.1757396],[6.8028162,46.175833],[6.8027268,46.1758702],[6.8026457,46.1757768]]]}},{"type":"Feature","id":"building-839859473","properties":{"kind":"building","name":"Alpine building","height":7.2},"geometry":{"type":"Polygon","coordinates":[[[6.8018805,46.1718773],[6.80181,46.1718203],[6.8019807,46.1717192],[6.8020511,46.1717762],[6.8018805,46.1718773]]]}},{"type":"Feature","id":"building-1022081669","properties":{"kind":"building","name":"Alpine building","height":7.2},"geometry":{"type":"Polygon","coordinates":[[[6.8026566,46.175796],[6.8026111,46.1757439],[6.8025668,46.1757624],[6.8026124,46.1758145],[6.8026566,46.175796]]]}},{"type":"Feature","id":"building-839859474","properties":{"kind":"building","name":"Alpine building","height":7.2},"geometry":{"type":"Polygon","coordinates":[[[6.8018579,46.1717274],[6.8018165,46.1716935],[6.8018749,46.1716594],[6.8019162,46.1716933],[6.8018579,46.1717274]]]}},{"type":"Feature","id":"building-1022081666","properties":{"kind":"building","name":"Alpine building","height":7.2},"geometry":{"type":"Polygon","coordinates":[[[6.8051642,46.1787303],[6.8052333,46.1787035],[6.8052035,46.1786666],[6.8051343,46.1786935],[6.8051642,46.1787303]]]}},{"type":"Feature","id":"building-1416454427","properties":{"kind":"building","name":"Alpine building","height":7.2},"geometry":{"type":"Polygon","coordinates":[[[6.8154658,46.1738049],[6.8154775,46.1737523],[6.8154115,46.1737453],[6.8153998,46.1737979],[6.8154658,46.1738049]]]}},{"type":"Feature","id":"building-274221708","properties":{"kind":"building","name":"Alpine building","height":7.2},"geometry":{"type":"Polygon","coordinates":[[[6.8157984,46.1741709],[6.8156172,46.1741593],[6.8156374,46.1740079],[6.8156847,46.1740109],[6.8158186,46.1740195],[6.8157984,46.1741709]]]}},{"type":"Feature","id":"building-274770311","properties":{"kind":"building","name":"Alpine building","height":7.2},"geometry":{"type":"Polygon","coordinates":[[[6.8163047,46.1725302],[6.8162485,46.1725148],[6.8163059,46.1724148],[6.8163621,46.1724303],[6.8163047,46.1725302]]]}},{"type":"Feature","id":"building-1013876626","properties":{"kind":"building","name":"Alpine building","height":7.2},"geometry":{"type":"Polygon","coordinates":[[[6.8097954,46.1665198],[6.8098098,46.1664791],[6.8098788,46.1664908],[6.8098644,46.1665315],[6.8097954,46.1665198]]]}},{"type":"Feature","id":"building-274770312","properties":{"kind":"building","name":"Alpine building","height":7.2},"geometry":{"type":"Polygon","coordinates":[[[6.8165603,46.1725787],[6.8164975,46.1725719],[6.8165104,46.1725146],[6.8165732,46.1725214],[6.8165603,46.1725787]]]}},{"type":"Feature","id":"building-274770310","properties":{"kind":"building","name":"Alpine building","height":7.2},"geometry":{"type":"Polygon","coordinates":[[[6.8167406,46.1724344],[6.8165822,46.1724191],[6.8165895,46.1723831],[6.8165201,46.1723764],[6.8165132,46.1724103],[6.8164632,46.1724055],[6.8164702,46.1723708],[6.8162828,46.1723526],[6.8162952,46.1722912],[6.8167604,46.1723364],[6.8167406,46.1724344]]]}},{"type":"Feature","id":"building-274771937","properties":{"kind":"building","name":"Alpine building","height":7.2},"geometry":{"type":"Polygon","coordinates":[[[6.8099524,46.1663435],[6.8100813,46.1664077],[6.8099767,46.1665084],[6.8098478,46.1664442],[6.8099524,46.1663435]]]}},{"type":"Feature","id":"building-274771940","properties":{"kind":"building","name":"Alpine building","height":7.2},"geometry":{"type":"Polygon","coordinates":[[[6.8097121,46.1664033],[6.8096365,46.1663693],[6.8099293,46.1660577],[6.8100445,46.1661096],[6.8099293,46.1662322],[6.8098898,46.1662143],[6.8097121,46.1664033]]]}},{"type":"Feature","id":"building-1328481119","properties":{"kind":"building","name":"Alpine building","height":7.2},"geometry":{"type":"Polygon","coordinates":[[[6.8164167,46.1773788],[6.8163536,46.1773745],[6.8163644,46.1772999],[6.8164275,46.1773043],[6.8164167,46.1773788]]]}},{"type":"Feature","id":"building-708071201","properties":{"kind":"building","name":"Alpine building","height":7.2},"geometry":{"type":"Polygon","coordinates":[[[6.8163906,46.1776426],[6.8164793,46.1776386],[6.816463,46.1774678],[6.8163744,46.1774718],[6.8163906,46.1776426]]]}},{"type":"Feature","id":"building-708071202","properties":{"kind":"building","name":"Alpine building","height":7.2},"geometry":{"type":"Polygon","coordinates":[[[6.8166137,46.1773972],[6.8164926,46.1774036],[6.81651,46.1775604],[6.8165406,46.1775588],[6.8165487,46.1776319],[6.8166412,46.177627],[6.816623,46.1774629],[6.8166812,46.1774598],[6.8166764,46.1774164],[6.8166161,46.1774196],[6.8166137,46.1773972]]]}},{"type":"Feature","id":"building-708071203","properties":{"kind":"building","name":"Alpine building","height":7.2},"geometry":{"type":"Polygon","coordinates":[[[6.8168214,46.1775609],[6.816802,46.1776334],[6.8169535,46.1776529],[6.816973,46.1775804],[6.8168214,46.1775609]]]}},{"type":"Feature","id":"building-1022081670","properties":{"kind":"building","name":"Alpine building","height":7.2},"geometry":{"type":"Polygon","coordinates":[[[6.8088318,46.182413],[6.80886,46.1824482],[6.8088165,46.1824649],[6.8087884,46.1824297],[6.8088318,46.182413]]]}},{"type":"Feature","id":"building-274771938","properties":{"kind":"building","name":"Alpine building","height":7.2},"geometry":{"type":"Polygon","coordinates":[[[6.815696,46.1668629],[6.8156429,46.1668392],[6.8156962,46.166782],[6.8157493,46.1668057],[6.815696,46.1668629]]]}},{"type":"Feature","id":"building-274771939","properties":{"kind":"building","name":"Alpine building","height":7.2},"geometry":{"type":"Polygon","coordinates":[[[6.8154523,46.1668917],[6.815363,46.1668658],[6.815556,46.1665468],[6.8156341,46.1665695],[6.8155957,46.1666329],[6.8156653,46.1666531],[6.8156261,46.1667179],[6.8155678,46.1667009],[6.8154523,46.1668917]]]}},{"type":"Feature","id":"building-1328750675","properties":{"kind":"building","name":"Alpine building","height":7.2},"geometry":{"type":"Polygon","coordinates":[[[6.8045972,46.1637353],[6.8045256,46.1637256],[6.8045434,46.1636626],[6.804615,46.1636723],[6.8045972,46.1637353]]]}},{"type":"Feature","id":"building-708071200","properties":{"kind":"building","name":"Alpine building","height":7.2},"geometry":{"type":"Polygon","coordinates":[[[6.8037994,46.1634108],[6.803829,46.1633709],[6.8039571,46.1634164],[6.8039878,46.163375],[6.8041286,46.1634251],[6.8040683,46.1635064],[6.8037994,46.1634108]]]}},{"type":"Feature","id":"building-225316676","properties":{"kind":"building","name":"Alpine building","height":7.2},"geometry":{"type":"Polygon","coordinates":[[[6.791336,46.1762093],[6.7911999,46.1762169],[6.7911913,46.1761438],[6.7913275,46.1761361],[6.791336,46.1762093]]]}},{"type":"Feature","id":"building-1022081672","properties":{"kind":"building","name":"Alpine building","height":7.2},"geometry":{"type":"Polygon","coordinates":[[[6.814716,46.1827943],[6.8148062,46.1827976],[6.8148079,46.1827759],[6.8148921,46.182779],[6.8148961,46.1827271],[6.8147217,46.1827207],[6.814716,46.1827943]]]}},{"type":"Feature","id":"building-1022081671","properties":{"kind":"building","name":"Alpine building","height":7.2},"geometry":{"type":"Polygon","coordinates":[[[6.8146704,46.1828233],[6.8149155,46.1828353],[6.8149093,46.1828962],[6.8146642,46.1828843],[6.8146704,46.1828233]]]}},{"type":"Feature","id":"building-305383283","properties":{"kind":"building","name":"Alpine building","height":7.2},"geometry":{"type":"Polygon","coordinates":[[[6.7937075,46.1653185],[6.7937775,46.1651466],[6.7938922,46.165169],[6.7938222,46.1653409],[6.7937075,46.1653185]]]}},{"type":"Feature","id":"building-1013876625","properties":{"kind":"building","name":"Alpine building","height":7.2},"geometry":{"type":"Polygon","coordinates":[[[6.8067317,46.1618468],[6.8069734,46.1619652],[6.8070247,46.161915],[6.8068538,46.1618313],[6.8068742,46.1618113],[6.8068274,46.1617884],[6.8068089,46.1618066],[6.8067848,46.1617948],[6.8067317,46.1618468]]]}},{"type":"Feature","id":"building-305383282","properties":{"kind":"building","name":"Alpine building","height":7.2},"geometry":{"type":"Polygon","coordinates":[[[6.793577,46.1651958],[6.7936078,46.1651197],[6.7937094,46.1651394],[6.7936786,46.1652155],[6.793577,46.1651958]]]}},{"type":"Feature","id":"building-1013876623","properties":{"kind":"building","name":"Alpine building","height":7.2},"geometry":{"type":"Polygon","coordinates":[[[6.8070709,46.1618337],[6.8071125,46.1618632],[6.8071739,46.1618219],[6.8071323,46.1617923],[6.8070709,46.1618337]]]}},{"type":"Feature","id":"building-1013876624","properties":{"kind":"building","name":"Alpine building","height":7.2},"geometry":{"type":"Polygon","coordinates":[[[6.8069013,46.161781],[6.8069763,46.1618187],[6.8070153,46.1617814],[6.8069403,46.1617438],[6.8069013,46.161781]]]}},{"type":"Feature","id":"building-1013876622","properties":{"kind":"building","name":"Alpine building","height":7.2},"geometry":{"type":"Polygon","coordinates":[[[6.8088116,46.1613769],[6.8088765,46.1614392],[6.8089564,46.1613993],[6.80903,46.16147],[6.8091367,46.1614166],[6.80903,46.1613142],[6.8089861,46.1613362],[6.8089542,46.1613056],[6.8088116,46.1613769]]]}},{"type":"Feature","id":"building-749895482","properties":{"kind":"building","name":"Alpine building","height":7.2},"geometry":{"type":"Polygon","coordinates":[[[6.7893178,46.1794242],[6.7893656,46.1793986],[6.7893237,46.179361],[6.7892759,46.1793865],[6.7893178,46.1794242]]]}},{"type":"Feature","id":"building-1227052643","properties":{"kind":"building","name":"Alpine building","height":7.2},"geometry":{"type":"Polygon","coordinates":[[[6.7890172,46.1791957],[6.7890902,46.1792568],[6.7891283,46.1792349],[6.7891081,46.179218],[6.7891923,46.1791698],[6.7891396,46.1791256],[6.7890172,46.1791957]]]}},{"type":"Feature","id":"building-274572751","properties":{"kind":"building","name":"Alpine building","height":7.2},"geometry":{"type":"Polygon","coordinates":[[[6.8240655,46.1736486],[6.8240592,46.1735432],[6.8243072,46.1735361],[6.8243134,46.1736415],[6.8240655,46.1736486]]]}},{"type":"Feature","id":"building-749895484","properties":{"kind":"building","name":"Alpine building","height":7.2},"geometry":{"type":"Polygon","coordinates":[[[6.7881466,46.1788531],[6.7882533,46.178873],[6.7882788,46.1788077],[6.7881722,46.1787877],[6.7881466,46.1788531]]]}},{"type":"Feature","id":"building-1328750676","properties":{"kind":"building","name":"Alpine building","height":7.2},"geometry":{"type":"Polygon","coordinates":[[[6.8144551,46.1618978],[6.8142838,46.1618303],[6.8143507,46.1617488],[6.8144902,46.1618037],[6.8144456,46.1618582],[6.8144773,46.1618707],[6.8144551,46.1618978]]]}},{"type":"Feature","id":"building-749895483","properties":{"kind":"building","name":"Alpine building","height":7.2},"geometry":{"type":"Polygon","coordinates":[[[6.7880148,46.1788725],[6.7880788,46.1787356],[6.7880028,46.1787186],[6.7879583,46.1788139],[6.7879271,46.1788069],[6.7879077,46.1788486],[6.7880148,46.1788725]]]}},{"type":"Feature","id":"building-1113610497","properties":{"kind":"building","name":"Alpine building","height":7.2},"geometry":{"type":"Polygon","coordinates":[[[6.8104177,46.1864965],[6.8104743,46.1865048],[6.8104897,46.1864548],[6.8104331,46.1864465],[6.8104177,46.1864965]]]}},{"type":"Feature","id":"building-1113610498","properties":{"kind":"building","name":"Alpine building","height":7.2},"geometry":{"type":"Polygon","coordinates":[[[6.8106241,46.1864896],[6.8106869,46.186511],[6.810721,46.186463],[6.8106582,46.1864416],[6.8106241,46.1864896]]]}},{"type":"Feature","id":"building-1013876611","properties":{"kind":"building","name":"Alpine building","height":7.2},"geometry":{"type":"Polygon","coordinates":[[[6.8094693,46.1597419],[6.809473,46.159656],[6.8095307,46.1596572],[6.8095884,46.1596584],[6.8095847,46.1597443],[6.8094693,46.1597419]]]}},{"type":"Feature","id":"building-1019585593","properties":{"kind":"building","name":"Alpine building","height":7.2},"geometry":{"type":"Polygon","coordinates":[[[6.8161575,46.1858394],[6.8163546,46.1857544],[6.8163018,46.1856957],[6.8161046,46.1857807],[6.8161575,46.1858394]]]}},{"type":"Feature","id":"building-274713173","properties":{"kind":"building","name":"Alpine building","height":7.2},"geometry":{"type":"Polygon","coordinates":[[[6.8234544,46.1809955],[6.8231526,46.1809819],[6.823157,46.1809346],[6.823177,46.1809354],[6.8232066,46.1809368],[6.8232251,46.1807397],[6.8233177,46.1807439],[6.823307,46.1808586],[6.8233488,46.1808605],[6.8233515,46.1808316],[6.823453,46.1808361],[6.8234501,46.1808668],[6.8234664,46.1808675],[6.8234544,46.1809955]]]}},{"type":"Feature","id":"building-1019585594","properties":{"kind":"building","name":"Alpine building","height":7.2},"geometry":{"type":"Polygon","coordinates":[[[6.8163063,46.1856855],[6.8163474,46.1856678],[6.8164514,46.1857836],[6.8163674,46.1858198],[6.8163291,46.1857772],[6.816372,46.1857587],[6.8163063,46.1856855]]]}},{"type":"Feature","id":"building-1328920403","properties":{"kind":"building","name":"Alpine building","height":7.2},"geometry":{"type":"Polygon","coordinates":[[[6.8032062,46.1591869],[6.8031951,46.1591328],[6.8031262,46.1591384],[6.8031321,46.1591679],[6.8031105,46.1591704],[6.8031064,46.159159],[6.8030293,46.1591627],[6.8030288,46.1592072],[6.803069,46.1592055],[6.8030673,46.1592302],[6.8032103,46.1592181],[6.8032062,46.1591869]]]}},{"type":"Feature","id":"building-1328750674","properties":{"kind":"building","name":"Alpine building","height":7.2},"geometry":{"type":"Polygon","coordinates":[[[6.8263337,46.1736347],[6.8262866,46.1736249],[6.8263046,46.1735833],[6.8263517,46.1735931],[6.8263337,46.1736347]]]}},{"type":"Feature","id":"building-274573449","properties":{"kind":"building","name":"Alpine building","height":7.2},"geometry":{"type":"Polygon","coordinates":[[[6.8275405,46.1738775],[6.8274552,46.1738327],[6.8274121,46.1738721],[6.8273685,46.1738492],[6.8274027,46.173818],[6.8274467,46.1737778],[6.8274711,46.1737907],[6.8275256,46.1737409],[6.8276301,46.1737957],[6.8275405,46.1738775]]]}},{"type":"Feature","id":"building-274573447","properties":{"kind":"building","name":"Alpine building","height":7.2},"geometry":{"type":"Polygon","coordinates":[[[6.8276895,46.1737086],[6.8276146,46.1736679],[6.8276621,46.1736261],[6.8277369,46.1736667],[6.8276895,46.1737086]]]}},{"type":"Feature","id":"building-1013876621","properties":{"kind":"building","name":"Alpine building","height":7.2},"geometry":{"type":"Polygon","coordinates":[[[6.815774,46.1597464],[6.8159485,46.159761],[6.815974,46.1596146],[6.8157995,46.1596],[6.815774,46.1597464]]]}},{"type":"Feature","id":"building-1013876617","properties":{"kind":"building","name":"Alpine building","height":7.2},"geometry":{"type":"Polygon","coordinates":[[[6.8091607,46.1581513],[6.8092516,46.1581807],[6.8093468,46.1580397],[6.8092559,46.1580103],[6.8091607,46.1581513]]]}},{"type":"Feature","id":"building-274712454","properties":{"kind":"building","name":"Alpine building","height":7.2},"geometry":{"type":"Polygon","coordinates":[[[6.8238101,46.1826928],[6.8237837,46.1825755],[6.8241634,46.1825345],[6.8241898,46.1826518],[6.8238101,46.1826928]]]}},{"type":"Feature","id":"building-1013876615","properties":{"kind":"building","name":"Alpine building","height":7.2},"geometry":{"type":"Polygon","coordinates":[[[6.8067671,46.1577751],[6.8068949,46.1577015],[6.8069768,46.1577697],[6.8068752,46.1578282],[6.806829,46.1577897],[6.8068027,46.1578048],[6.8067671,46.1577751]]]}},{"type":"Feature","id":"building-274221232","properties":{"kind":"building","name":"Alpine building","height":7.2},"geometry":{"type":"Polygon","coordinates":[[[6.8281564,46.1747768],[6.8283851,46.1746931],[6.8283549,46.1746535],[6.8283259,46.1746641],[6.828292,46.1746196],[6.8281173,46.1746835],[6.8281458,46.1747209],[6.8281208,46.17473],[6.8281564,46.1747768]]]}},{"type":"Feature","id":"building-1013876614","properties":{"kind":"building","name":"Alpine building","height":7.2},"geometry":{"type":"Polygon","coordinates":[[[6.8069062,46.1576407],[6.8069777,46.1576844],[6.8070246,46.1576475],[6.8069531,46.1576038],[6.8069062,46.1576407]]]}},{"type":"Feature","id":"building-1253313598","properties":{"kind":"building","name":"Alpine building","height":7.2},"geometry":{"type":"Polygon","coordinates":[[[6.78224,46.1708044],[6.7822528,46.1707367],[6.782359,46.1707446],[6.7823505,46.1708112],[6.78224,46.1708044]]]}},{"type":"Feature","id":"building-225315497","properties":{"kind":"building","name":"Alpine building","height":7.2},"geometry":{"type":"Polygon","coordinates":[[[6.7823627,46.1703097],[6.7823113,46.1703034],[6.7823247,46.1702507],[6.7823761,46.170257],[6.7823627,46.1703097]]]}},{"type":"Feature","id":"building-1253313597","properties":{"kind":"building","name":"Alpine building","height":7.2},"geometry":{"type":"Polygon","coordinates":[[[6.782055,46.1710198],[6.7820961,46.1708168],[6.7822121,46.1708266],[6.7821697,46.1710257],[6.782055,46.1710198]]]}},{"type":"Feature","id":"building-1253313596","properties":{"kind":"building","name":"Alpine building","height":7.2},"geometry":{"type":"Polygon","coordinates":[[[6.7819442,46.1708622],[6.7818536,46.1708524],[6.7818748,46.1707612],[6.7819626,46.1707622],[6.7819442,46.1708622]]]}},{"type":"Feature","id":"building-274572489","properties":{"kind":"building","name":"Alpine building","height":7.2},"geometry":{"type":"Polygon","coordinates":[[[6.8294709,46.1724394],[6.8294375,46.1724079],[6.8294793,46.1723867],[6.8295127,46.1724182],[6.8294709,46.1724394]]]}},{"type":"Feature","id":"building-1013876629","properties":{"kind":"building","name":"Alpine building","height":7.2},"geometry":{"type":"Polygon","coordinates":[[[6.8198341,46.1598756],[6.8201641,46.1599125],[6.8201922,46.1597922],[6.8200287,46.1597739],[6.8200149,46.159833],[6.8198484,46.1598144],[6.8198341,46.1598756]]]}},{"type":"Feature","id":"building-1013876630","properties":{"kind":"building","name":"Alpine building","height":7.2},"geometry":{"type":"Polygon","coordinates":[[[6.8202005,46.1599437],[6.8203207,46.1599884],[6.8203638,46.1599328],[6.8202436,46.1598881],[6.8202005,46.1599437]]]}},{"type":"Feature","id":"building-274573448","properties":{"kind":"building","name":"Alpine building","height":7.2},"geometry":{"type":"Polygon","coordinates":[[[6.8301892,46.1751786],[6.8300856,46.1751178],[6.8301564,46.17506],[6.83026,46.1751208],[6.8301892,46.1751786]]]}},{"type":"Feature","id":"building-1227042593","properties":{"kind":"building","name":"Alpine building","height":7.2},"geometry":{"type":"Polygon","coordinates":[[[6.7817879,46.1792398],[6.7818053,46.1792033],[6.7818805,46.1792205],[6.7818631,46.179257],[6.7817879,46.1792398]]]}},{"type":"Feature","id":"building-842326408","properties":{"kind":"building","name":"Alpine building","height":7.2},"geometry":{"type":"Polygon","coordinates":[[[6.779586,46.1740294],[6.7796439,46.1740356],[6.7796533,46.1739937],[6.7795954,46.1739875],[6.779586,46.1740294]]]}},{"type":"Feature","id":"building-749895485","properties":{"kind":"building","name":"Alpine building","height":7.2},"geometry":{"type":"Polygon","coordinates":[[[6.7813358,46.1805092],[6.7814311,46.1804279],[6.7813525,46.1803838],[6.7812573,46.1804651],[6.7813358,46.1805092]]]}},{"type":"Feature","id":"building-749895476","properties":{"kind":"building","name":"Alpine building","height":7.2},"geometry":{"type":"Polygon","coordinates":[[[6.7790835,46.1755876],[6.7791107,46.1756116],[6.7791465,46.1755921],[6.7791193,46.1755681],[6.7790835,46.1755876]]]}},{"type":"Feature","id":"building-274712298","properties":{"kind":"building","name":"Alpine building","height":7.2},"geometry":{"type":"Polygon","coordinates":[[[6.830135,46.181717],[6.8300906,46.1817192],[6.8300941,46.1817529],[6.8300008,46.1817575],[6.8299869,46.1816219],[6.8301245,46.1816151],[6.830135,46.181717]]]}},{"type":"Feature","id":"building-749895488","properties":{"kind":"building","name":"Alpine building","height":7.2},"geometry":{"type":"Polygon","coordinates":[[[6.7800759,46.1804985],[6.7800808,46.180457],[6.7800231,46.1804538],[6.7800182,46.1804953],[6.7800759,46.1804985]]]}},{"type":"Feature","id":"building-749895487","properties":{"kind":"building","name":"Alpine building","height":7.2},"geometry":{"type":"Polygon","coordinates":[[[6.7799212,46.1805891],[6.779945,46.1804165],[6.7798437,46.1804098],[6.7798198,46.1805824],[6.7799212,46.1805891]]]}},{"type":"Feature","id":"building-1013876632","properties":{"kind":"building","name":"Alpine building","height":7.2},"geometry":{"type":"Polygon","coordinates":[[[6.8254703,46.160454],[6.8253441,46.1603222],[6.8254995,46.1602508],[6.8256135,46.1603698],[6.8254867,46.160428],[6.825499,46.1604409],[6.8254703,46.160454]]]}},{"type":"Feature","id":"building-274712302","properties":{"kind":"building","name":"Alpine building","height":7.2},"geometry":{"type":"Polygon","coordinates":[[[6.8304758,46.1818231],[6.8303447,46.1818201],[6.8303491,46.1817284],[6.8303319,46.181728],[6.8303345,46.1816723],[6.8304259,46.1816744],[6.8304248,46.1816967],[6.8304817,46.181698],[6.8304758,46.1818231]]]}},{"type":"Feature","id":"building-749895493","properties":{"kind":"building","name":"Alpine building","height":7.2},"geometry":{"type":"Polygon","coordinates":[[[6.7778047,46.1728072],[6.7777648,46.1728546],[6.7778554,46.1728911],[6.7778952,46.1728437],[6.7778047,46.1728072]]]}},{"type":"Feature","id":"building-274712294","properties":{"kind":"building","name":"Alpine building","height":7.2},"geometry":{"type":"Polygon","coordinates":[[[6.8297304,46.1829323],[6.829609,46.1829593],[6.8295649,46.1828643],[6.8296863,46.1828373],[6.8297304,46.1829323]]]}},{"type":"Feature","id":"building-749895492","properties":{"kind":"building","name":"Alpine building","height":7.2},"geometry":{"type":"Polygon","coordinates":[[[6.7778554,46.1728911],[6.7778294,46.1729219],[6.7777389,46.1728854],[6.7777648,46.1728546],[6.7778554,46.1728911]]]}},{"type":"Feature","id":"building-749895486","properties":{"kind":"building","name":"Alpine building","height":7.2},"geometry":{"type":"Polygon","coordinates":[[[6.7793798,46.1800951],[6.7794325,46.1800872],[6.7794151,46.1800308],[6.7793624,46.1800386],[6.7793798,46.1800951]]]}},{"type":"Feature","id":"building-1013876631","properties":{"kind":"building","name":"Alpine building","height":7.2},"geometry":{"type":"Polygon","coordinates":[[[6.8259032,46.1603598],[6.8257797,46.1602491],[6.8258778,46.1601966],[6.8260014,46.1603073],[6.8259032,46.1603598]]]}},{"type":"Feature","id":"building-225315334","properties":{"kind":"building","name":"Alpine building","height":7.2},"geometry":{"type":"Polygon","coordinates":[[[6.77962,46.180985],[6.779704,46.180988],[6.779699,46.181031],[6.779611,46.181026],[6.77962,46.180985]]]}},{"type":"Feature","id":"building-274712295","properties":{"kind":"building","name":"Alpine building","height":7.2},"geometry":{"type":"Polygon","coordinates":[[[6.830161,46.1828663],[6.8300593,46.1828917],[6.8300153,46.1828073],[6.830117,46.1827819],[6.830161,46.1828663]]]}},{"type":"Feature","id":"building-274712299","properties":{"kind":"building","name":"Alpine building","height":7.2},"geometry":{"type":"Polygon","coordinates":[[[6.8307461,46.1821353],[6.8306446,46.1820982],[6.8307089,46.1820138],[6.8308105,46.182051],[6.8307461,46.1821353]]]}},{"type":"Feature","id":"building-274571023","properties":{"kind":"building","name":"Alpine building","height":7.2},"geometry":{"type":"Polygon","coordinates":[[[6.8332763,46.1703281],[6.8332379,46.1703073],[6.8332612,46.1702867],[6.8330997,46.170199],[6.8331817,46.1701265],[6.8333816,46.170235],[6.8332763,46.1703281]]]}},{"type":"Feature","id":"building-1328750679","properties":{"kind":"building","name":"Alpine building","height":7.2},"geometry":{"type":"Polygon","coordinates":[[[6.8307973,46.1643332],[6.8309231,46.1642172],[6.8307784,46.1641419],[6.8306527,46.1642579],[6.8307973,46.1643332]]]}},{"type":"Feature","id":"building-149597052","properties":{"kind":"building","name":"cookie.cafe","height":7.2},"geometry":{"type":"Polygon","coordinates":[[[6.8153696,46.1922691],[6.8158513,46.1920784],[6.8157676,46.1919771],[6.8155027,46.192082],[6.8154447,46.1920118],[6.8153211,46.1920608],[6.8153362,46.1920791],[6.815243,46.1921159],[6.8153696,46.1922691]]]}},{"type":"Feature","id":"pylon-champery-portes-du-soleil-0","properties":{"kind":"pylon","name":"Lift tower","height":13},"geometry":{"type":"Polygon","coordinates":[[[6.770004051229789,46.1963658],[6.769995688768195,46.19637977444232],[6.7699755,46.196385562845855],[6.769955311231805,46.19637977444232],[6.769946948770211,46.1963658],[6.769955311231805,46.196351825557684],[6.7699755,46.19634603715415],[6.769995688768195,46.196351825557684],[6.770004051229789,46.1963658]]]}},{"type":"Feature","id":"pylon-champery-portes-du-soleil-1","properties":{"kind":"pylon","name":"Lift tower","height":13},"geometry":{"type":"Polygon","coordinates":[[[6.770839850453479,46.1948716],[6.770831488219261,46.19488557444232],[6.7708113,46.19489136284585],[6.770791111780739,46.19488557444232],[6.770782749546521,46.1948716],[6.770791111780739,46.19485762555768],[6.7708113,46.19485183715415],[6.770831488219261,46.19485762555768],[6.770839850453479,46.1948716]]]}},{"type":"Feature","id":"pylon-champery-portes-du-soleil-2","properties":{"kind":"pylon","name":"Lift tower","height":13},"geometry":{"type":"Polygon","coordinates":[[[6.773364749399983,46.1928437],[6.773356387474327,46.192857674442315],[6.7733362,46.19286346284585],[6.773316012525673,46.192857674442315],[6.773307650600017,46.1928437],[6.773316012525673,46.19282972555768],[6.7733362,46.192823937154145],[6.773356387474327,46.19282972555768],[6.773364749399983,46.1928437]]]}},{"type":"Feature","id":"pylon-champery-portes-du-soleil-3","properties":{"kind":"pylon","name":"Lift tower","height":13},"geometry":{"type":"Polygon","coordinates":[[[6.855482840186075,46.1750983],[6.85547448095911,46.17511227444232],[6.8554543,46.175118062845854],[6.85543411904089,46.17511227444232],[6.855425759813925,46.1750983],[6.85543411904089,46.175084325557684],[6.8554543,46.17507853715415],[6.85547448095911,46.175084325557684],[6.855482840186075,46.1750983]]]}},{"type":"Feature","id":"pylon-champery-portes-du-soleil-4","properties":{"kind":"pylon","name":"Lift tower","height":13},"geometry":{"type":"Polygon","coordinates":[[[6.712353829685995,46.1548554],[6.712345473534432,46.15486937444232],[6.7123253,46.154875162845855],[6.7123051264655675,46.15486937444232],[6.712296770314005,46.1548554],[6.7123051264655675,46.154841425557684],[6.7123253,46.15483563715415],[6.712345473534432,46.154841425557684],[6.712353829685995,46.1548554]]]}},{"type":"Feature","id":"pylon-champery-portes-du-soleil-5","properties":{"kind":"pylon","name":"Lift tower","height":13},"geometry":{"type":"Polygon","coordinates":[[[6.773296149376658,46.1927988],[6.773287787457834,46.19281277444232],[6.7732676,46.19281856284585],[6.773247412542165,46.19281277444232],[6.773239050623341,46.1927988],[6.773247412542165,46.19278482555768],[6.7732676,46.192779037154146],[6.773287787457834,46.19278482555768],[6.773296149376658,46.1927988]]]}},{"type":"Feature","id":"pylon-champery-portes-du-soleil-6","properties":{"kind":"pylon","name":"Lift tower","height":13},"geometry":{"type":"Polygon","coordinates":[[[6.714700630094522,46.1556434],[6.714692273823305,46.15565737444232],[6.7146721,46.155663162845855],[6.714651926176694,46.15565737444232],[6.714643569905477,46.1556434],[6.714651926176694,46.155629425557684],[6.7146721,46.15562363715415],[6.714692273823305,46.155629425557684],[6.714700630094522,46.1556434]]]}},{"type":"Feature","id":"pylon-champery-portes-du-soleil-7","properties":{"kind":"pylon","name":"Lift tower","height":13},"geometry":{"type":"Polygon","coordinates":[[[6.724286519162758,46.134546],[6.72427816609338,46.13455997444232],[6.724258,46.13456576284585],[6.72423783390662,46.13455997444232],[6.724229480837241,46.134546],[6.72423783390662,46.13453202555768],[6.724258,46.13452623715415],[6.72427816609338,46.13453202555768],[6.724286519162758,46.134546]]]}},{"type":"Feature","id":"pylon-champery-portes-du-soleil-8","properties":{"kind":"pylon","name":"Lift tower","height":13},"geometry":{"type":"Polygon","coordinates":[[[6.722818519368043,46.1349424],[6.722810166238538,46.13495637444232],[6.72279,46.13496216284585],[6.722769833761461,46.13495637444232],[6.722761480631957,46.1349424],[6.722769833761461,46.13492842555768],[6.72279,46.13492263715415],[6.722810166238538,46.13492842555768],[6.722818519368043,46.1349424]]]}},{"type":"Feature","id":"pylon-champery-portes-du-soleil-9","properties":{"kind":"pylon","name":"Lift tower","height":13},"geometry":{"type":"Polygon","coordinates":[[[6.721219719612639,46.1354147],[6.721211366411494,46.135428674442316],[6.7211912,46.13543446284585],[6.721171033588505,46.135428674442316],[6.72116268038736,46.1354147],[6.721171033588505,46.13540072555768],[6.7211912,46.135394937154146],[6.721211366411494,46.13540072555768],[6.721219719612639,46.1354147]]]}},{"type":"Feature","id":"pylon-champery-portes-du-soleil-10","properties":{"kind":"pylon","name":"Lift tower","height":13},"geometry":{"type":"Polygon","coordinates":[[[6.720761219682762,46.1355501],[6.720752866461079,46.13556407444232],[6.7207327,46.135569862845855],[6.720712533538921,46.13556407444232],[6.720704180317238,46.1355501],[6.720712533538921,46.135536125557685],[6.7207327,46.13553033715415],[6.720752866461079,46.135536125557685],[6.720761219682762,46.1355501]]]}},{"type":"Feature","id":"pylon-champery-portes-du-soleil-11","properties":{"kind":"pylon","name":"Lift tower","height":13},"geometry":{"type":"Polygon","coordinates":[[[6.720416619735484,46.1356519],[6.720408266498358,46.13566587444232],[6.7203881,46.13567166284585],[6.720367933501642,46.13566587444232],[6.720359580264516,46.1356519],[6.720367933501642,46.13563792555768],[6.7203881,46.13563213715415],[6.720408266498358,46.13563792555768],[6.720416619735484,46.1356519]]]}},{"type":"Feature","id":"pylon-champery-portes-du-soleil-12","properties":{"kind":"pylon","name":"Lift tower","height":13},"geometry":{"type":"Polygon","coordinates":[[[6.71886081997346,46.1361114],[6.718852466666633,46.136125374442315],[6.7188323,46.13613116284585],[6.718812133333366,46.136125374442315],[6.71880378002654,46.1361114],[6.718812133333366,46.13609742555768],[6.7188323,46.136091637154145],[6.718852466666633,46.13609742555768],[6.71886081997346,46.1361114]]]}},{"type":"Feature","id":"pylon-champery-portes-du-soleil-13","properties":{"kind":"pylon","name":"Lift tower","height":13},"geometry":{"type":"Polygon","coordinates":[[[6.717930620115784,46.1363862],[6.71792226676727,46.136400174442315],[6.7179021,46.13640596284585],[6.7178819332327295,46.136400174442315],[6.717873579884216,46.1363862],[6.7178819332327295,46.13637222555768],[6.7179021,46.136366437154145],[6.71792226676727,46.13637222555768],[6.717930620115784,46.1363862]]]}},{"type":"Feature","id":"pylon-champery-portes-du-soleil-14","properties":{"kind":"pylon","name":"Lift tower","height":13},"geometry":{"type":"Polygon","coordinates":[[[6.716679020311455,46.136764],[6.716670666905631,46.13677797444232],[6.7166505,46.13678376284585],[6.716630333094369,46.13677797444232],[6.716621979688545,46.136764],[6.716630333094369,46.13675002555768],[6.7166505,46.13674423715415],[6.716670666905631,46.13675002555768],[6.716679020311455,46.136764]]]}},{"type":"Feature","id":"pylon-champery-portes-du-soleil-15","properties":{"kind":"pylon","name":"Lift tower","height":13},"geometry":{"type":"Polygon","coordinates":[[[6.716537520333311,46.1368062],[6.716529166921086,46.13682017444232],[6.716509,46.136825962845855],[6.716488833078914,46.13682017444232],[6.716480479666689,46.1368062],[6.716488833078914,46.136792225557684],[6.716509,46.13678643715415],[6.716529166921086,46.136792225557684],[6.716537520333311,46.1368062]]]}},{"type":"Feature","id":"pylon-champery-portes-du-soleil-16","properties":{"kind":"pylon","name":"Lift tower","height":13},"geometry":{"type":"Polygon","coordinates":[[[6.860040965491933,46.2237957],[6.860032598853054,46.223809674442315],[6.8600124,46.22381546284585],[6.859992201146945,46.223809674442315],[6.859983834508066,46.2237957],[6.859992201146945,46.22378172555768],[6.8600124,46.223775937154144],[6.860032598853054,46.22378172555768],[6.860040965491933,46.2237957]]]}},{"type":"Feature","id":"pylon-champery-portes-du-soleil-17","properties":{"kind":"pylon","name":"Lift tower","height":13},"geometry":{"type":"Polygon","coordinates":[[[6.860555365592774,46.2239895],[6.860546998924359,46.22400347444232],[6.8605268,46.224009262845854],[6.860506601075641,46.22400347444232],[6.860498234407226,46.2239895],[6.860506601075641,46.223975525557684],[6.8605268,46.22396973715415],[6.860546998924359,46.223975525557684],[6.860555365592774,46.2239895]]]}},{"type":"Feature","id":"pylon-champery-portes-du-soleil-18","properties":{"kind":"pylon","name":"Lift tower","height":13},"geometry":{"type":"Polygon","coordinates":[[[6.861407565759855,46.2243106],[6.861399199042503,46.22432457444232],[6.861379,46.224330362845855],[6.861358800957498,46.22432457444232],[6.861350434240146,46.2243106],[6.861358800957498,46.224296625557685],[6.861379,46.22429083715415],[6.861399199042503,46.224296625557685],[6.861407565759855,46.2243106]]]}},{"type":"Feature","id":"pylon-champery-portes-du-soleil-19","properties":{"kind":"pylon","name":"Lift tower","height":13},"geometry":{"type":"Polygon","coordinates":[[[6.7802053564638305,46.2064369],[6.780196992469221,46.20645087444232],[6.7801768,46.20645666284585],[6.780156607530778,46.20645087444232],[6.780148243536169,46.2064369],[6.780156607530778,46.20642292555768],[6.7801768,46.20641713715415],[6.780196992469221,46.20642292555768],[6.7802053564638305,46.2064369]]]}},{"type":"Feature","id":"pylon-champery-portes-du-soleil-20","properties":{"kind":"pylon","name":"Lift tower","height":13},"geometry":{"type":"Polygon","coordinates":[[[6.7535422506607725,46.1952706],[6.75353388836584,46.19528457444232],[6.7535137,46.19529036284585],[6.753493511634161,46.19528457444232],[6.753485149339228,46.1952706],[6.753493511634161,46.19525662555768],[6.7535137,46.19525083715415],[6.75353388836584,46.19525662555768],[6.7535422506607725,46.1952706]]]}},{"type":"Feature","id":"pylon-champery-portes-du-soleil-21","properties":{"kind":"pylon","name":"Lift tower","height":13},"geometry":{"type":"Polygon","coordinates":[[[6.755246050711999,46.1953692],[6.755237688402062,46.19538317444232],[6.7552175,46.195388962845854],[6.755197311597938,46.19538317444232],[6.755188949288001,46.1953692],[6.755197311597938,46.195355225557684],[6.7552175,46.19534943715415],[6.755237688402062,46.195355225557684],[6.755246050711999,46.1953692]]]}},{"type":"Feature","id":"pylon-champery-portes-du-soleil-22","properties":{"kind":"pylon","name":"Lift tower","height":13},"geometry":{"type":"Polygon","coordinates":[[[6.756697450757927,46.1954576],[6.7566890884345385,46.195471574442315],[6.7566689,46.19547736284585],[6.756648711565462,46.195471574442315],[6.7566403492420735,46.1954576],[6.756648711565462,46.19544362555768],[6.7566689,46.195437837154145],[6.7566890884345385,46.19544362555768],[6.756697450757927,46.1954576]]]}},{"type":"Feature","id":"pylon-champery-portes-du-soleil-23","properties":{"kind":"pylon","name":"Lift tower","height":13},"geometry":{"type":"Polygon","coordinates":[[[6.758360850811752,46.1955612],[6.758352488472599,46.19557517444232],[6.7583323,46.19558096284585],[6.758312111527402,46.19557517444232],[6.758303749188248,46.1955612],[6.758312111527402,46.19554722555768],[6.7583323,46.19554143715415],[6.758352488472599,46.19554722555768],[6.758360850811752,46.1955612]]]}},{"type":"Feature","id":"pylon-champery-portes-du-soleil-24","properties":{"kind":"pylon","name":"Lift tower","height":13},"geometry":{"type":"Polygon","coordinates":[[[6.760132350865318,46.1956643],[6.760123988510475,46.195678274442315],[6.7601038,46.19568406284585],[6.7600836114895255,46.195678274442315],[6.760075249134683,46.1956643],[6.7600836114895255,46.19565032555768],[6.7601038,46.195644537154145],[6.760123988510475,46.19565032555768],[6.760132350865318,46.1956643]]]}},{"type":"Feature","id":"pylon-champery-portes-du-soleil-25","properties":{"kind":"pylon","name":"Lift tower","height":13},"geometry":{"type":"Polygon","coordinates":[[[6.761851250921636,46.1957727],[6.761842888550299,46.19578667444232],[6.7618227,46.19579246284585],[6.761802511449701,46.19578667444232],[6.761794149078363,46.1957727],[6.761802511449701,46.19575872555768],[6.7618227,46.19575293715415],[6.761842888550299,46.19575872555768],[6.761851250921636,46.1957727]]]}},{"type":"Feature","id":"pylon-champery-portes-du-soleil-26","properties":{"kind":"pylon","name":"Lift tower","height":13},"geometry":{"type":"Polygon","coordinates":[[[6.763395350974788,46.195875],[6.7633869885878815,46.19588897444232],[6.7633668,46.19589476284585],[6.763346611412119,46.19588897444232],[6.763338249025212,46.195875],[6.763346611412119,46.19586102555768],[6.7633668,46.19585523715415],[6.7633869885878815,46.19586102555768],[6.763395350974788,46.195875]]]}},{"type":"Feature","id":"pylon-champery-portes-du-soleil-27","properties":{"kind":"pylon","name":"Lift tower","height":13},"geometry":{"type":"Polygon","coordinates":[[[6.7651479510279895,46.1959774],[6.765139588625502,46.195991374442315],[6.7651194,46.19599716284585],[6.765099211374498,46.195991374442315],[6.76509084897201,46.1959774],[6.765099211374498,46.19596342555768],[6.7651194,46.195957637154144],[6.765139588625502,46.19596342555768],[6.7651479510279895,46.1959774]]]}},{"type":"Feature","id":"pylon-champery-portes-du-soleil-28","properties":{"kind":"pylon","name":"Lift tower","height":13},"geometry":{"type":"Polygon","coordinates":[[[6.767133651097508,46.1961112],[6.7671252886746585,46.196125174442315],[6.7671051,46.19613096284585],[6.767084911325342,46.196125174442315],[6.767076548902493,46.1961112],[6.767084911325342,46.19609722555768],[6.7671051,46.196091437154145],[6.7671252886746585,46.19609722555768],[6.767133651097508,46.1961112]]]}},{"type":"Feature","id":"pylon-champery-portes-du-soleil-29","properties":{"kind":"pylon","name":"Lift tower","height":13},"geometry":{"type":"Polygon","coordinates":[[[6.768563851143592,46.1961999],[6.768555488707245,46.19621387444232],[6.7685353,46.196219662845856],[6.768515111292754,46.19621387444232],[6.7685067488564075,46.1961999],[6.768515111292754,46.196185925557685],[6.7685353,46.19618013715415],[6.768555488707245,46.196185925557685],[6.768563851143592,46.1961999]]]}},{"type":"Feature","id":"pylon-champery-portes-du-soleil-30","properties":{"kind":"pylon","name":"Lift tower","height":13},"geometry":{"type":"Polygon","coordinates":[[[6.769918051179495,46.196269],[6.769909688732631,46.19628297444232],[6.7698895,46.19628876284585],[6.769869311267368,46.19628297444232],[6.769860948820504,46.196269],[6.769869311267368,46.19625502555768],[6.7698895,46.19624923715415],[6.769909688732631,46.19625502555768],[6.769918051179495,46.196269]]]}},{"type":"Feature","id":"pylon-champery-portes-du-soleil-31","properties":{"kind":"pylon","name":"Lift tower","height":13},"geometry":{"type":"Polygon","coordinates":[[[6.771409551225684,46.1963579],[6.771401188765292,46.19637187444232],[6.771381,46.196377662845855],[6.7713608112347075,46.19637187444232],[6.771352448774316,46.1963579],[6.7713608112347075,46.196343925557684],[6.771381,46.19633813715415],[6.771401188765292,46.196343925557684],[6.771409551225684,46.1963579]]]}},{"type":"Feature","id":"pylon-champery-portes-du-soleil-32","properties":{"kind":"pylon","name":"Lift tower","height":13},"geometry":{"type":"Polygon","coordinates":[[[6.773843549187781,46.1924352],[6.773835187324277,46.19244917444232],[6.773815,46.19245496284585],[6.773794812675723,46.19244917444232],[6.773786450812219,46.1924352],[6.773794812675723,46.19242122555768],[6.773815,46.192415437154146],[6.773835187324277,46.19242122555768],[6.773843549187781,46.1924352]]]}},{"type":"Feature","id":"pylon-champery-portes-du-soleil-33","properties":{"kind":"pylon","name":"Lift tower","height":13},"geometry":{"type":"Polygon","coordinates":[[[6.773900749210845,46.1924796],[6.773892387340585,46.19249357444232],[6.7738722,46.19249936284585],[6.773852012659414,46.19249357444232],[6.773843650789154,46.1924796],[6.773852012659414,46.19246562555768],[6.7738722,46.192459837154146],[6.773892387340585,46.19246562555768],[6.773900749210845,46.1924796]]]}},{"type":"Feature","id":"pylon-champery-portes-du-soleil-34","properties":{"kind":"pylon","name":"Lift tower","height":13},"geometry":{"type":"Polygon","coordinates":[[[6.770771150478936,46.1949206],[6.770762788237262,46.19493457444232],[6.7707426,46.194940362845855],[6.770722411762739,46.19493457444232],[6.7707140495210645,46.1949206],[6.770722411762739,46.194906625557685],[6.7707426,46.19490083715415],[6.770762788237262,46.194906625557685],[6.770771150478936,46.1949206]]]}},{"type":"Feature","id":"pylon-champery-portes-du-soleil-35","properties":{"kind":"pylon","name":"Lift tower","height":13},"geometry":{"type":"Polygon","coordinates":[[[6.771259750599415,46.1951525],[6.771251388322454,46.19516647444232],[6.7712312,46.19517226284585],[6.771211011677546,46.19516647444232],[6.771202649400585,46.1951525],[6.771211011677546,46.19513852555768],[6.7712312,46.19513273715415],[6.771251388322454,46.19513852555768],[6.771259750599415,46.1951525]]]}},{"type":"Feature","id":"pylon-champery-portes-du-soleil-36","properties":{"kind":"pylon","name":"Lift tower","height":13},"geometry":{"type":"Polygon","coordinates":[[[6.771199150622638,46.1951972],[6.771190788338874,46.19521117444232],[6.7711706,46.195216962845855],[6.771150411661125,46.19521117444232],[6.771142049377361,46.1951972],[6.771150411661125,46.195183225557685],[6.7711706,46.19517743715415],[6.771190788338874,46.195183225557685],[6.771199150622638,46.1951972]]]}},{"type":"Feature","id":"pylon-champery-portes-du-soleil-37","properties":{"kind":"pylon","name":"Lift tower","height":13},"geometry":{"type":"Polygon","coordinates":[[[6.7717260507577715,46.1954573],[6.771717688434428,46.19547127444232],[6.7716975,46.19547706284585],[6.771677311565572,46.19547127444232],[6.771668949242229,46.1954573],[6.771677311565572,46.19544332555768],[6.7716975,46.19543753715415],[6.771717688434428,46.19544332555768],[6.7717260507577715,46.1954573]]]}},{"type":"Feature","id":"pylon-champery-portes-du-soleil-38","properties":{"kind":"pylon","name":"Lift tower","height":13},"geometry":{"type":"Polygon","coordinates":[[[6.771666850782865,46.1955056],[6.771658488452172,46.195519574442315],[6.7716383,46.19552536284585],[6.771618111547828,46.195519574442315],[6.771609749217135,46.1955056],[6.771618111547828,46.19549162555768],[6.7716383,46.195485837154145],[6.771658488452172,46.19549162555768],[6.771666850782865,46.1955056]]]}},{"type":"Feature","id":"pylon-champery-portes-du-soleil-39","properties":{"kind":"pylon","name":"Lift tower","height":13},"geometry":{"type":"Polygon","coordinates":[[[6.772376650984399,46.1958935],[6.772368288594679,46.195907474442315],[6.7723481,46.19591326284585],[6.772327911405322,46.195907474442315],[6.772319549015601,46.1958935],[6.772327911405322,46.19587952555768],[6.7723481,46.195873737154145],[6.772368288594679,46.19587952555768],[6.772376650984399,46.1958935]]]}},{"type":"Feature","id":"pylon-champery-portes-du-soleil-40","properties":{"kind":"pylon","name":"Lift tower","height":13},"geometry":{"type":"Polygon","coordinates":[[[6.772306351003415,46.1959301],[6.772297988608125,46.195944074442316],[6.7722778,46.19594986284585],[6.7722576113918755,46.195944074442316],[6.7722492489965855,46.1959301],[6.7722576113918755,46.19591612555768],[6.7722778,46.195910337154146],[6.772297988608125,46.19591612555768],[6.772306351003415,46.1959301]]]}},{"type":"Feature","id":"pylon-champery-portes-du-soleil-41","properties":{"kind":"pylon","name":"Lift tower","height":13},"geometry":{"type":"Polygon","coordinates":[[[6.768235246847783,46.18793],[6.768226885669649,46.18794397444232],[6.7682067,46.187949762845854],[6.768186514330352,46.18794397444232],[6.768178153152218,46.18793],[6.768186514330352,46.18791602555768],[6.7682067,46.18791023715415],[6.768226885669649,46.18791602555768],[6.768235246847783,46.18793]]]}},{"type":"Feature","id":"pylon-champery-portes-du-soleil-42","properties":{"kind":"pylon","name":"Lift tower","height":13},"geometry":{"type":"Polygon","coordinates":[[[6.7632052470611805,46.1883409],[6.763196885820544,46.18835487444232],[6.7631767,46.18836066284585],[6.763156514179456,46.18835487444232],[6.763148152938819,46.1883409],[6.763156514179456,46.18832692555768],[6.7631767,46.18832113715415],[6.763196885820544,46.18832692555768],[6.7632052470611805,46.1883409]]]}},{"type":"Feature","id":"pylon-champery-portes-du-soleil-43","properties":{"kind":"pylon","name":"Lift tower","height":13},"geometry":{"type":"Polygon","coordinates":[[[6.774533947271467,46.1887458],[6.774525585969239,46.18875977444232],[6.7745054,46.18876556284585],[6.7744852140307605,46.18875977444232],[6.774476852728532,46.1887458],[6.7744852140307605,46.18873182555768],[6.7745054,46.18872603715415],[6.774525585969239,46.18873182555768],[6.774533947271467,46.1887458]]]}},{"type":"Feature","id":"pylon-champery-portes-du-soleil-44","properties":{"kind":"pylon","name":"Lift tower","height":13},"geometry":{"type":"Polygon","coordinates":[[[6.774266047659177,46.1894923],[6.7742576862433905,46.189506274442316],[6.7742375,46.18951206284585],[6.774217313756609,46.189506274442316],[6.774208952340823,46.1894923],[6.774217313756609,46.18947832555768],[6.7742375,46.189472537154145],[6.7742576862433905,46.18947832555768],[6.774266047659177,46.1894923]]]}},{"type":"Feature","id":"pylon-champery-portes-du-soleil-45","properties":{"kind":"pylon","name":"Lift tower","height":13},"geometry":{"type":"Polygon","coordinates":[[[6.7733508489956336,46.1920653],[6.773342487188409,46.19207927444232],[6.7733223,46.192085062845855],[6.773302112811591,46.19207927444232],[6.773293751004367,46.1920653],[6.773302112811591,46.192051325557685],[6.7733223,46.19204553715415],[6.773342487188409,46.192051325557685],[6.7733508489956336,46.1920653]]]}},{"type":"Feature","id":"pylon-champery-portes-du-soleil-46","properties":{"kind":"pylon","name":"Lift tower","height":13},"geometry":{"type":"Polygon","coordinates":[[[6.748162751278785,46.1964601],[6.74815438880284,46.19647407444232],[6.7481342,46.196479862845855],[6.74811401119716,46.19647407444232],[6.748105648721215,46.1964601],[6.74811401119716,46.196446125557685],[6.7481342,46.19644033715415],[6.74815438880284,46.196446125557685],[6.748162751278785,46.1964601]]]}},{"type":"Feature","id":"pylon-champery-portes-du-soleil-47","properties":{"kind":"pylon","name":"Lift tower","height":13},"geometry":{"type":"Polygon","coordinates":[[[6.746524951502567,46.1968908],[6.746516588961078,46.19690477444232],[6.7464964,46.19691056284585],[6.746476211038922,46.19690477444232],[6.746467848497432,46.1968908],[6.746476211038922,46.19687682555768],[6.7464964,46.196871037154146],[6.746516588961078,46.19687682555768],[6.746524951502567,46.1968908]]]}},{"type":"Feature","id":"pylon-champery-portes-du-soleil-48","properties":{"kind":"pylon","name":"Lift tower","height":13},"geometry":{"type":"Polygon","coordinates":[[[6.744928151720691,46.1973106],[6.744919789115316,46.19732457444232],[6.7448996,46.197330362845854],[6.744879410884685,46.19732457444232],[6.744871048279309,46.1973106],[6.744879410884685,46.197296625557684],[6.7448996,46.19729083715415],[6.744919789115316,46.197296625557684],[6.744928151720691,46.1973106]]]}},{"type":"Feature","id":"pylon-champery-portes-du-soleil-49","properties":{"kind":"pylon","name":"Lift tower","height":13},"geometry":{"type":"Polygon","coordinates":[[[6.743126551954668,46.1977609],[6.743118189280762,46.19777487444232],[6.743098,46.19778066284585],[6.743077810719238,46.19777487444232],[6.743069448045332,46.1977609],[6.743077810719238,46.19774692555768],[6.743098,46.197741137154146],[6.743118189280762,46.19774692555768],[6.743126551954668,46.1977609]]]}},{"type":"Feature","id":"pylon-champery-portes-du-soleil-50","properties":{"kind":"pylon","name":"Lift tower","height":13},"geometry":{"type":"Polygon","coordinates":[[[6.741928752122814,46.1980845],[6.7419203893996595,46.19809847444232],[6.7419002,46.19810426284585],[6.74188001060034,46.19809847444232],[6.741871647877185,46.1980845],[6.74188001060034,46.19807052555768],[6.7419002,46.19806473715415],[6.7419203893996595,46.19807052555768],[6.741928752122814,46.1980845]]]}},{"type":"Feature","id":"pylon-champery-portes-du-soleil-51","properties":{"kind":"pylon","name":"Lift tower","height":13},"geometry":{"type":"Polygon","coordinates":[[[6.740838052270907,46.1983695],[6.740829689504377,46.198383474442316],[6.7408095,46.19838926284585],[6.740789310495623,46.198383474442316],[6.740780947729093,46.1983695],[6.740789310495623,46.19835552555768],[6.7408095,46.198349737154146],[6.740829689504377,46.19835552555768],[6.740838052270907,46.1983695]]]}},{"type":"Feature","id":"pylon-champery-portes-du-soleil-52","properties":{"kind":"pylon","name":"Lift tower","height":13},"geometry":{"type":"Polygon","coordinates":[[[6.73972025242295,46.1986621],[6.739711889611887,46.19867607444232],[6.7396917,46.19868186284585],[6.739671510388113,46.19867607444232],[6.739663147577049,46.1986621],[6.739671510388113,46.19864812555768],[6.7396917,46.19864233715415],[6.739711889611887,46.19864812555768],[6.73972025242295,46.1986621]]]}},{"type":"Feature","id":"pylon-champery-portes-du-soleil-53","properties":{"kind":"pylon","name":"Lift tower","height":13},"geometry":{"type":"Polygon","coordinates":[[[6.771357458445797,46.2102491],[6.7713490938706835,46.21026307444232],[6.7713289,46.21026886284585],[6.771308706129317,46.21026307444232],[6.771300341554204,46.2102491],[6.771308706129317,46.21023512555768],[6.7713289,46.210229337154146],[6.7713490938706835,46.21023512555768],[6.771357458445797,46.2102491]]]}},{"type":"Feature","id":"pylon-champery-portes-du-soleil-54","properties":{"kind":"pylon","name":"Lift tower","height":13},"geometry":{"type":"Polygon","coordinates":[[[6.766771245939037,46.1861801],[6.7667628850270685,46.18619407444232],[6.7667427,46.186199862845854],[6.7667225149729315,46.18619407444232],[6.766714154060963,46.1861801],[6.7667225149729315,46.18616612555768],[6.7667427,46.18616033715415],[6.7667628850270685,46.18616612555768],[6.766771245939037,46.1861801]]]}},{"type":"Feature","id":"pylon-champery-portes-du-soleil-55","properties":{"kind":"pylon","name":"Lift tower","height":13},"geometry":{"type":"Polygon","coordinates":[[[6.76722734560244,46.1855319],[6.767218984789058,46.18554587444232],[6.7671988,46.18555166284585],[6.767178615210942,46.18554587444232],[6.76717025439756,46.1855319],[6.767178615210942,46.18551792555768],[6.7671988,46.18551213715415],[6.767218984789058,46.18551792555768],[6.76722734560244,46.1855319]]]}},{"type":"Feature","id":"pylon-champery-portes-du-soleil-56","properties":{"kind":"pylon","name":"Lift tower","height":13},"geometry":{"type":"Polygon","coordinates":[[[6.7904574422020145,46.1789823],[6.790449082384594,46.17899627444232],[6.7904289,46.17900206284585],[6.790408717615406,46.17899627444232],[6.790400357797986,46.1789823],[6.790408717615406,46.17896832555768],[6.7904289,46.17896253715415],[6.790449082384594,46.17896832555768],[6.7904574422020145,46.1789823]]]}},{"type":"Feature","id":"pylon-champery-portes-du-soleil-57","properties":{"kind":"pylon","name":"Lift tower","height":13},"geometry":{"type":"Polygon","coordinates":[[[6.790396442179122,46.1789382],[6.790388082368406,46.178952174442315],[6.7903679,46.17895796284585],[6.790347717631593,46.178952174442315],[6.790339357820877,46.1789382],[6.790347717631593,46.17892422555768],[6.7903679,46.178918437154145],[6.790388082368406,46.17892422555768],[6.790396442179122,46.1789382]]]}},{"type":"Feature","id":"pylon-champery-portes-du-soleil-58","properties":{"kind":"pylon","name":"Lift tower","height":13},"geometry":{"type":"Polygon","coordinates":[[[6.777524455596139,46.2047677],[6.77751609185567,46.204781674442316],[6.7774959,46.20478746284585],[6.77747570814433,46.204781674442316],[6.777467344403861,46.2047677],[6.77747570814433,46.20475372555768],[6.7774959,46.204747937154146],[6.77751609185567,46.20475372555768],[6.777524455596139,46.2047677]]]}},{"type":"Feature","id":"pylon-champery-portes-du-soleil-59","properties":{"kind":"pylon","name":"Lift tower","height":13},"geometry":{"type":"Polygon","coordinates":[[[6.777667655172458,46.2039526],[6.777659291556082,46.20396657444232],[6.7776391,46.20397236284585],[6.777618908443918,46.20396657444232],[6.777610544827542,46.2039526],[6.777618908443918,46.20393862555768],[6.7776391,46.20393283715415],[6.777659291556082,46.20393862555768],[6.777667655172458,46.2039526]]]}},{"type":"Feature","id":"pylon-champery-portes-du-soleil-60","properties":{"kind":"pylon","name":"Lift tower","height":13},"geometry":{"type":"Polygon","coordinates":[[[6.777914454432891,46.2025297],[6.77790609103313,46.20254367444232],[6.7778859,46.20254946284585],[6.77786570896687,46.20254367444232],[6.777857345567109,46.2025297],[6.77786570896687,46.20251572555768],[6.7778859,46.20250993715415],[6.77790609103313,46.20251572555768],[6.777914454432891,46.2025297]]]}},{"type":"Feature","id":"pylon-champery-portes-du-soleil-61","properties":{"kind":"pylon","name":"Lift tower","height":13},"geometry":{"type":"Polygon","coordinates":[[[6.778088753912229,46.2015279],[6.778080390664966,46.20154187444232],[6.7780602,46.201547662845854],[6.778040009335033,46.20154187444232],[6.77803164608777,46.2015279],[6.778040009335033,46.201513925557684],[6.7780602,46.20150813715415],[6.778080390664966,46.201513925557684],[6.778088753912229,46.2015279]]]}},{"type":"Feature","id":"pylon-champery-portes-du-soleil-62","properties":{"kind":"pylon","name":"Lift tower","height":13},"geometry":{"type":"Polygon","coordinates":[[[6.7782107535831,46.2008946],[6.778202390432238,46.200908574442316],[6.7781822,46.20091436284585],[6.778162009567762,46.200908574442316],[6.778153646416899,46.2008946],[6.778162009567762,46.20088062555768],[6.7781822,46.200874837154146],[6.778202390432238,46.20088062555768],[6.7782107535831,46.2008946]]]}},{"type":"Feature","id":"pylon-champery-portes-du-soleil-63","properties":{"kind":"pylon","name":"Lift tower","height":13},"geometry":{"type":"Polygon","coordinates":[[[6.779222650593181,46.1951405],[6.779214288318045,46.19515447444232],[6.7791941,46.19516026284585],[6.779173911681955,46.19515447444232],[6.779165549406819,46.1951405],[6.779173911681955,46.19512652555768],[6.7791941,46.19512073715415],[6.779214288318045,46.19512652555768],[6.779222650593181,46.1951405]]]}},{"type":"Feature","id":"pylon-champery-portes-du-soleil-64","properties":{"kind":"pylon","name":"Lift tower","height":13},"geometry":{"type":"Polygon","coordinates":[[[6.778949451364983,46.196626],[6.7789410888637915,46.19663997444232],[6.7789209,46.196645762845854],[6.778900711136209,46.19663997444232],[6.778892348635018,46.196626],[6.778900711136209,46.196612025557684],[6.7789209,46.19660623715415],[6.7789410888637915,46.196612025557684],[6.778949451364983,46.196626]]]}},{"type":"Feature","id":"pylon-champery-portes-du-soleil-65","properties":{"kind":"pylon","name":"Lift tower","height":13},"geometry":{"type":"Polygon","coordinates":[[[6.778716352106967,46.198054],[6.778707989388454,46.19806797444232],[6.7786878,46.19807376284585],[6.778667610611547,46.19806797444232],[6.778659247893033,46.198054],[6.778667610611547,46.19804002555768],[6.7786878,46.19803423715415],[6.778707989388454,46.19804002555768],[6.778716352106967,46.198054]]]}},{"type":"Feature","id":"pylon-champery-portes-du-soleil-66","properties":{"kind":"pylon","name":"Lift tower","height":13},"geometry":{"type":"Polygon","coordinates":[[[6.77847065280255,46.1993926],[6.778462289880306,46.19940657444232],[6.7784421,46.199412362845855],[6.778421910119695,46.19940657444232],[6.7784135471974505,46.1993926],[6.778421910119695,46.199378625557685],[6.7784421,46.19937283715415],[6.778462289880306,46.199378625557685],[6.77847065280255,46.1993926]]]}},{"type":"Feature","id":"pylon-champery-portes-du-soleil-67","properties":{"kind":"pylon","name":"Lift tower","height":13},"geometry":{"type":"Polygon","coordinates":[[[6.81471734881362,46.1917149],[6.8147089870597055,46.19172887444232],[6.8146888,46.19173466284585],[6.814668612940294,46.19172887444232],[6.81466025118638,46.1917149],[6.814668612940294,46.19170092555768],[6.8146888,46.19169513715415],[6.8147089870597055,46.19170092555768],[6.81471734881362,46.1917149]]]}},{"type":"Feature","id":"pylon-champery-portes-du-soleil-68","properties":{"kind":"pylon","name":"Lift tower","height":13},"geometry":{"type":"Polygon","coordinates":[[[6.81465594882245,46.1917319],[6.8146475870659495,46.19174587444232],[6.8146274,46.19175166284585],[6.8146072129340505,46.19174587444232],[6.81459885117755,46.1917319],[6.8146072129340505,46.19171792555768],[6.8146274,46.19171213715415],[6.8146475870659495,46.19171792555768],[6.81465594882245,46.1917319]]]}},{"type":"Feature","id":"pylon-champery-portes-du-soleil-69","properties":{"kind":"pylon","name":"Lift tower","height":13},"geometry":{"type":"Polygon","coordinates":[[[6.813921748923949,46.1919273],[6.81391338713772,46.19194127444232],[6.8138932,46.191947062845855],[6.813873012862279,46.19194127444232],[6.8138646510760505,46.1919273],[6.813873012862279,46.191913325557685],[6.8138932,46.19190753715415],[6.81391338713772,46.191913325557685],[6.813921748923949,46.1919273]]]}},{"type":"Feature","id":"pylon-champery-portes-du-soleil-70","properties":{"kind":"pylon","name":"Lift tower","height":13},"geometry":{"type":"Polygon","coordinates":[[[6.812431749128875,46.1923218],[6.812423387282624,46.19233577444232],[6.8124032,46.192341562845854],[6.812383012717377,46.19233577444232],[6.812374650871126,46.1923218],[6.812383012717377,46.192307825557684],[6.8124032,46.19230203715415],[6.812423387282624,46.192307825557684],[6.812431749128875,46.1923218]]]}},{"type":"Feature","id":"pylon-champery-portes-du-soleil-71","properties":{"kind":"pylon","name":"Lift tower","height":13},"geometry":{"type":"Polygon","coordinates":[[[6.81155604924861,46.1925523],[6.81154768736729,46.19256627444232],[6.8115275,46.192572062845855],[6.811507312632711,46.19256627444232],[6.811498950751391,46.1925523],[6.811507312632711,46.192538325557685],[6.8115275,46.19253253715415],[6.81154768736729,46.192538325557685],[6.81155604924861,46.1925523]]]}},{"type":"Feature","id":"pylon-champery-portes-du-soleil-72","properties":{"kind":"pylon","name":"Lift tower","height":13},"geometry":{"type":"Polygon","coordinates":[[[6.809610749519619,46.193074],[6.809602387558922,46.19308797444232],[6.8095822,46.193093762845855],[6.809562012441079,46.19308797444232],[6.809553650480382,46.193074],[6.809562012441079,46.193060025557685],[6.8095822,46.19305423715415],[6.809602387558922,46.193060025557685],[6.809610749519619,46.193074]]]}},{"type":"Feature","id":"pylon-champery-portes-du-soleil-73","properties":{"kind":"pylon","name":"Lift tower","height":13},"geometry":{"type":"Polygon","coordinates":[[[6.808909149615411,46.1932584],[6.808900787626658,46.193272374442316],[6.8088806,46.19327816284585],[6.808860412373343,46.193272374442316],[6.80885205038459,46.1932584],[6.808860412373343,46.19324442555768],[6.8088806,46.193238637154145],[6.808900787626658,46.19324442555768],[6.808909149615411,46.1932584]]]}},{"type":"Feature","id":"pylon-champery-portes-du-soleil-74","properties":{"kind":"pylon","name":"Lift tower","height":13},"geometry":{"type":"Polygon","coordinates":[[[6.807497849807934,46.193629],[6.807489487762791,46.19364297444232],[6.8074693,46.193648762845854],[6.807449112237209,46.19364297444232],[6.807440750192066,46.193629],[6.807449112237209,46.19361502555768],[6.8074693,46.19360923715415],[6.807489487762791,46.19361502555768],[6.807497849807934,46.193629]]]}},{"type":"Feature","id":"pylon-champery-portes-du-soleil-75","properties":{"kind":"pylon","name":"Lift tower","height":13},"geometry":{"type":"Polygon","coordinates":[[[6.806828949902534,46.1938111],[6.806820587829684,46.193825074442316],[6.8068004,46.19383086284585],[6.806780212170317,46.193825074442316],[6.8067718500974665,46.1938111],[6.806780212170317,46.19379712555768],[6.8068004,46.193791337154146],[6.806820587829684,46.19379712555768],[6.806828949902534,46.1938111]]]}},{"type":"Feature","id":"pylon-champery-portes-du-soleil-76","properties":{"kind":"pylon","name":"Lift tower","height":13},"geometry":{"type":"Polygon","coordinates":[[[6.80488405016769,46.1943215],[6.804875688017178,46.19433547444232],[6.8048555,46.19434126284585],[6.804835311982822,46.19433547444232],[6.804826949832311,46.1943215],[6.804835311982822,46.19430752555768],[6.8048555,46.19430173715415],[6.804875688017178,46.19430752555768],[6.80488405016769,46.1943215]]]}},{"type":"Feature","id":"pylon-champery-portes-du-soleil-77","properties":{"kind":"pylon","name":"Lift tower","height":13},"geometry":{"type":"Polygon","coordinates":[[[6.8046141502056665,46.1943946],[6.804605788044031,46.19440857444232],[6.8045856,46.194414362845855],[6.804565411955969,46.19440857444232],[6.804557049794334,46.1943946],[6.804565411955969,46.194380625557685],[6.8045856,46.19437483715415],[6.804605788044031,46.194380625557685],[6.8046141502056665,46.1943946]]]}},{"type":"Feature","id":"pylon-champery-portes-du-soleil-78","properties":{"kind":"pylon","name":"Lift tower","height":13},"geometry":{"type":"Polygon","coordinates":[[[6.803255250393525,46.1947562],[6.803246888176867,46.19477017444232],[6.8032267,46.19477596284585],[6.803206511823133,46.19477017444232],[6.803198149606475,46.1947562],[6.803206511823133,46.19474222555768],[6.8032267,46.19473643715415],[6.803246888176867,46.19474222555768],[6.803255250393525,46.1947562]]]}},{"type":"Feature","id":"pylon-champery-portes-du-soleil-79","properties":{"kind":"pylon","name":"Lift tower","height":13},"geometry":{"type":"Polygon","coordinates":[[[6.80191885057692,46.1951092],[6.801910488306547,46.195123174442315],[6.8018903,46.19512896284585],[6.801870111693454,46.195123174442315],[6.801861749423081,46.1951092],[6.801870111693454,46.19509522555768],[6.8018903,46.195089437154145],[6.801910488306547,46.19509522555768],[6.80191885057692,46.1951092]]]}},{"type":"Feature","id":"pylon-champery-portes-du-soleil-80","properties":{"kind":"pylon","name":"Lift tower","height":13},"geometry":{"type":"Polygon","coordinates":[[[6.800796950731223,46.1954062],[6.800788588415656,46.19542017444232],[6.8007684,46.19542596284585],[6.800748211584344,46.19542017444232],[6.800739849268777,46.1954062],[6.800748211584344,46.19539222555768],[6.8007684,46.19538643715415],[6.800788588415656,46.19539222555768],[6.800796950731223,46.1954062]]]}},{"type":"Feature","id":"pylon-champery-portes-du-soleil-81","properties":{"kind":"pylon","name":"Lift tower","height":13},"geometry":{"type":"Polygon","coordinates":[[[6.799198750955876,46.1958386],[6.799190388574509,46.19585257444232],[6.7991702,46.195858362845854],[6.799150011425491,46.19585257444232],[6.799141649044124,46.1958386],[6.799150011425491,46.195824625557684],[6.7991702,46.19581883715415],[6.799190388574509,46.195824625557684],[6.799198750955876,46.1958386]]]}},{"type":"Feature","id":"pylon-champery-portes-du-soleil-82","properties":{"kind":"pylon","name":"Lift tower","height":13},"geometry":{"type":"Polygon","coordinates":[[[6.797715451158557,46.1962287],[6.797707088717827,46.19624267444232],[6.7976869,46.19624846284585],[6.797666711282174,46.19624267444232],[6.797658348841444,46.1962287],[6.797666711282174,46.19621472555768],[6.7976869,46.19620893715415],[6.797707088717827,46.19621472555768],[6.797715451158557,46.1962287]]]}},{"type":"Feature","id":"pylon-champery-portes-du-soleil-83","properties":{"kind":"pylon","name":"Lift tower","height":13},"geometry":{"type":"Polygon","coordinates":[[[6.796640251302165,46.1965051],[6.796631888819372,46.19651907444232],[6.7966117,46.196524862845855],[6.796591511180627,46.19651907444232],[6.7965831486978345,46.1965051],[6.796591511180627,46.196491125557685],[6.7966117,46.19648533715415],[6.796631888819372,46.196491125557685],[6.796640251302165,46.1965051]]]}},{"type":"Feature","id":"pylon-champery-portes-du-soleil-84","properties":{"kind":"pylon","name":"Lift tower","height":13},"geometry":{"type":"Polygon","coordinates":[[[6.795234751495293,46.1968768],[6.795226388955935,46.196890774442316],[6.7952062,46.19689656284585],[6.795186011044065,46.196890774442316],[6.795177648504707,46.1968768],[6.795186011044065,46.19686282555768],[6.7952062,46.196857037154146],[6.795226388955935,46.19686282555768],[6.795234751495293,46.1968768]]]}},{"type":"Feature","id":"pylon-champery-portes-du-soleil-85","properties":{"kind":"pylon","name":"Lift tower","height":13},"geometry":{"type":"Polygon","coordinates":[[[6.7933293517601285,46.1973865],[6.793320989143202,46.19740047444232],[6.7933008,46.19740626284585],[6.793280610856798,46.19740047444232],[6.793272248239871,46.1973865],[6.793280610856798,46.19737252555768],[6.7933008,46.19736673715415],[6.793320989143202,46.19737252555768],[6.7933293517601285,46.1973865]]]}},{"type":"Feature","id":"pylon-champery-portes-du-soleil-86","properties":{"kind":"pylon","name":"Lift tower","height":13},"geometry":{"type":"Polygon","coordinates":[[[6.791206752052199,46.1979486],[6.791198389349727,46.197962574442315],[6.7911782,46.19796836284585],[6.791158010650273,46.197962574442315],[6.791149647947801,46.1979486],[6.791158010650273,46.19793462555768],[6.7911782,46.197928837154144],[6.791198389349727,46.19793462555768],[6.791206752052199,46.1979486]]]}},{"type":"Feature","id":"pylon-champery-portes-du-soleil-87","properties":{"kind":"pylon","name":"Lift tower","height":13},"geometry":{"type":"Polygon","coordinates":[[[6.789781152250901,46.198331],[6.789772789490231,46.19834497444232],[6.7897526,46.198350762845855],[6.789732410509769,46.19834497444232],[6.7897240477490985,46.198331],[6.789732410509769,46.198317025557685],[6.7897526,46.19831123715415],[6.789772789490231,46.198317025557685],[6.789781152250901,46.198331]]]}},{"type":"Feature","id":"pylon-champery-portes-du-soleil-88","properties":{"kind":"pylon","name":"Lift tower","height":13},"geometry":{"type":"Polygon","coordinates":[[[6.789406952301565,46.1984285],[6.789398589526056,46.19844247444232],[6.7893784,46.19844826284585],[6.789358210473945,46.19844247444232],[6.7893498476984355,46.1984285],[6.789358210473945,46.19841452555768],[6.7893784,46.198408737154146],[6.789398589526056,46.19841452555768],[6.789406952301565,46.1984285]]]}},{"type":"Feature","id":"pylon-champery-portes-du-soleil-89","properties":{"kind":"pylon","name":"Lift tower","height":13},"geometry":{"type":"Polygon","coordinates":[[[6.788448258807171,46.2109441],[6.788439894126213,46.21095807444232],[6.7884197,46.21096386284585],[6.788399505873787,46.21095807444232],[6.78839114119283,46.2109441],[6.788399505873787,46.21093012555768],[6.7884197,46.21092433715415],[6.788439894126213,46.21093012555768],[6.788448258807171,46.2109441]]]}},{"type":"Feature","id":"pylon-champery-portes-du-soleil-90","properties":{"kind":"pylon","name":"Lift tower","height":13},"geometry":{"type":"Polygon","coordinates":[[[6.787041258520254,46.2103923],[6.787032893923333,46.21040627444232],[6.7870127,46.210412062845855],[6.786992506076667,46.21040627444232],[6.786984141479746,46.2103923],[6.786992506076667,46.210378325557684],[6.7870127,46.21037253715415],[6.787032893923333,46.210378325557684],[6.787041258520254,46.2103923]]]}},{"type":"Feature","id":"pylon-champery-portes-du-soleil-91","properties":{"kind":"pylon","name":"Lift tower","height":13},"geometry":{"type":"Polygon","coordinates":[[[6.785926858299951,46.2099686],[6.7859184937675545,46.20998257444232],[6.7858983,46.209988362845856],[6.785878106232446,46.20998257444232],[6.78586974170005,46.2099686],[6.785878106232446,46.209954625557685],[6.7858983,46.20994883715415],[6.7859184937675545,46.209954625557685],[6.785926858299951,46.2099686]]]}},{"type":"Feature","id":"pylon-champery-portes-du-soleil-92","properties":{"kind":"pylon","name":"Lift tower","height":13},"geometry":{"type":"Polygon","coordinates":[[[6.77907045691273,46.2073004],[6.779062092786641,46.20731437444232],[6.7790419,46.20732016284585],[6.779021707213359,46.20731437444232],[6.7790133430872705,46.2073004],[6.779021707213359,46.20728642555768],[6.7790419,46.20728063715415],[6.779062092786641,46.20728642555768],[6.77907045691273,46.2073004]]]}},{"type":"Feature","id":"pylon-champery-portes-du-soleil-93","properties":{"kind":"pylon","name":"Lift tower","height":13},"geometry":{"type":"Polygon","coordinates":[[[6.7843719579848685,46.2093626],[6.784363593544757,46.20937657444232],[6.7843434,46.20938236284585],[6.784323206455243,46.20937657444232],[6.784314842015132,46.2093626],[6.784323206455243,46.20934862555768],[6.7843434,46.209342837154146],[6.784363593544757,46.20934862555768],[6.7843719579848685,46.2093626]]]}},{"type":"Feature","id":"pylon-champery-portes-du-soleil-94","properties":{"kind":"pylon","name":"Lift tower","height":13},"geometry":{"type":"Polygon","coordinates":[[[6.782446657596074,46.2086148],[6.782438293269838,46.20862877444232],[6.7824181,46.20863456284585],[6.7823979067301625,46.20862877444232],[6.782389542403926,46.2086148],[6.7823979067301625,46.20860082555768],[6.7824181,46.20859503715415],[6.782438293269838,46.20860082555768],[6.782446657596074,46.2086148]]]}},{"type":"Feature","id":"pylon-champery-portes-du-soleil-95","properties":{"kind":"pylon","name":"Lift tower","height":13},"geometry":{"type":"Polygon","coordinates":[[[6.780606357225022,46.2079011],[6.780597993007465,46.20791507444232],[6.7805778,46.20792086284585],[6.780557606992534,46.20791507444232],[6.780549242774978,46.2079011],[6.780557606992534,46.20788712555768],[6.7805778,46.20788133715415],[6.780597993007465,46.20788712555768],[6.780606357225022,46.2079011]]]}},{"type":"Feature","id":"pylon-champery-portes-du-soleil-96","properties":{"kind":"pylon","name":"Lift tower","height":13},"geometry":{"type":"Polygon","coordinates":[[[6.70560334512384,46.1846102],[6.705594984450636,46.18462417444232],[6.7055748,46.184629962845854],[6.705554615549364,46.18462417444232],[6.70554625487616,46.1846102],[6.705554615549364,46.184596225557684],[6.7055748,46.18459043715415],[6.705594984450636,46.184596225557684],[6.70560334512384,46.1846102]]]}},{"type":"Feature","id":"pylon-champery-portes-du-soleil-97","properties":{"kind":"pylon","name":"Lift tower","height":13},"geometry":{"type":"Polygon","coordinates":[[[6.708845146015113,46.1863266],[6.7088367850808615,46.18634057444232],[6.7088166,46.18634636284585],[6.708796414919138,46.18634057444232],[6.708788053984886,46.1863266],[6.708796414919138,46.18631262555768],[6.7088166,46.18630683715415],[6.7088367850808615,46.18631262555768],[6.708845146015113,46.1863266]]]}},{"type":"Feature","id":"pylon-champery-portes-du-soleil-98","properties":{"kind":"pylon","name":"Lift tower","height":13},"geometry":{"type":"Polygon","coordinates":[[[6.71735544835247,46.1908271],[6.717347086733623,46.19084107444232],[6.7173269,46.19084686284585],[6.717306713266376,46.19084107444232],[6.717298351647529,46.1908271],[6.717306713266376,46.19081312555768],[6.7173269,46.19080733715415],[6.717347086733623,46.19081312555768],[6.71735544835247,46.1908271]]]}},{"type":"Feature","id":"pylon-champery-portes-du-soleil-99","properties":{"kind":"pylon","name":"Lift tower","height":13},"geometry":{"type":"Polygon","coordinates":[[[6.716022747985042,46.1901197],[6.716014386473812,46.190133674442315],[6.7159942,46.19013946284585],[6.715974013526187,46.190133674442315],[6.715965652014958,46.1901197],[6.715974013526187,46.19010572555768],[6.7159942,46.190099937154145],[6.716014386473812,46.19010572555768],[6.716022747985042,46.1901197]]]}},{"type":"Feature","id":"pylon-champery-portes-du-soleil-100","properties":{"kind":"pylon","name":"Lift tower","height":13},"geometry":{"type":"Polygon","coordinates":[[[6.714553247581426,46.1893426],[6.7145448861884125,46.18935657444232],[6.7145247,46.189362362845856],[6.714504513811588,46.18935657444232],[6.714496152418574,46.1893426],[6.714504513811588,46.189328625557685],[6.7145247,46.18932283715415],[6.7145448861884125,46.189328625557685],[6.714553247581426,46.1893426]]]}},{"type":"Feature","id":"pylon-champery-portes-du-soleil-101","properties":{"kind":"pylon","name":"Lift tower","height":13},"geometry":{"type":"Polygon","coordinates":[[[6.712976447144328,46.188501],[6.712968085879338,46.18851497444232],[6.7129479,46.188520762845855],[6.712927714120661,46.18851497444232],[6.712919352855671,46.188501],[6.712927714120661,46.188487025557684],[6.7129479,46.18848123715415],[6.712968085879338,46.188487025557684],[6.712976447144328,46.188501]]]}},{"type":"Feature","id":"pylon-champery-portes-du-soleil-102","properties":{"kind":"pylon","name":"Lift tower","height":13},"geometry":{"type":"Polygon","coordinates":[[[6.711952046869855,46.1879725],[6.711943685685256,46.18798647444232],[6.7119235,46.18799226284585],[6.711903314314744,46.18798647444232],[6.7118949531301455,46.1879725],[6.711903314314744,46.18795852555768],[6.7119235,46.18795273715415],[6.711943685685256,46.18795852555768],[6.711952046869855,46.1879725]]]}},{"type":"Feature","id":"pylon-champery-portes-du-soleil-103","properties":{"kind":"pylon","name":"Lift tower","height":13},"geometry":{"type":"Polygon","coordinates":[[[6.710841946565008,46.1873855],[6.710833585469697,46.187399474442316],[6.7108134,46.18740526284585],[6.7107932145303035,46.187399474442316],[6.710784853434992,46.1873855],[6.7107932145303035,46.18737152555768],[6.7108134,46.187365737154146],[6.710833585469697,46.18737152555768],[6.710841946565008,46.1873855]]]}},{"type":"Feature","id":"pylon-champery-portes-du-soleil-104","properties":{"kind":"pylon","name":"Lift tower","height":13},"geometry":{"type":"Polygon","coordinates":[[[6.710004246333549,46.1869398],[6.70999588530603,46.186953774442316],[6.7099757,46.18695956284585],[6.70995551469397,46.186953774442316],[6.709947153666452,46.1869398],[6.70995551469397,46.18692582555768],[6.7099757,46.186920037154145],[6.70999588530603,46.18692582555768],[6.710004246333549,46.1869398]]]}},{"type":"Feature","id":"pylon-champery-portes-du-soleil-105","properties":{"kind":"pylon","name":"Lift tower","height":13},"geometry":{"type":"Polygon","coordinates":[[[6.7068898454794255,46.185295],[6.706881484702074,46.18530897444232],[6.7068613,46.185314762845856],[6.706841115297926,46.18530897444232],[6.706832754520574,46.185295],[6.706841115297926,46.185281025557686],[6.7068613,46.18527523715415],[6.706881484702074,46.185281025557686],[6.7068898454794255,46.185295]]]}},{"type":"Feature","id":"pylon-champery-portes-du-soleil-106","properties":{"kind":"pylon","name":"Lift tower","height":13},"geometry":{"type":"Polygon","coordinates":[[[6.706509745375209,46.1850943],[6.706501384628382,46.18510827444232],[6.7064812,46.185114062845855],[6.706461015371618,46.18510827444232],[6.7064526546247905,46.1850943],[6.706461015371618,46.185080325557685],[6.7064812,46.18507453715415],[6.706501384628382,46.185080325557685],[6.706509745375209,46.1850943]]]}},{"type":"Feature","id":"pylon-champery-portes-du-soleil-107","properties":{"kind":"pylon","name":"Lift tower","height":13},"geometry":{"type":"Polygon","coordinates":[[[6.772657251267718,46.1964388],[6.772648888795015,46.19645277444232],[6.7726287,46.196458562845855],[6.772608511204986,46.19645277444232],[6.772600148732282,46.1964388],[6.772608511204986,46.196424825557685],[6.7726287,46.19641903715415],[6.772648888795015,46.196424825557685],[6.772657251267718,46.1964388]]]}},{"type":"Feature","id":"pylon-champery-portes-du-soleil-108","properties":{"kind":"pylon","name":"Lift tower","height":13},"geometry":{"type":"Polygon","coordinates":[[[6.776625938750517,46.172332],[6.776617579944017,46.172345974442315],[6.7765974,46.17235176284585],[6.776577220055983,46.172345974442315],[6.7765688612494825,46.172332],[6.776577220055983,46.17231802555768],[6.7765974,46.172312237154145],[6.776617579944017,46.17231802555768],[6.776625938750517,46.172332]]]}},{"type":"Feature","id":"pylon-champery-portes-du-soleil-109","properties":{"kind":"pylon","name":"Lift tower","height":13},"geometry":{"type":"Polygon","coordinates":[[[6.776548838806662,46.1724402],[6.776540479983718,46.172454174442315],[6.7765203,46.17245996284585],[6.776500120016281,46.172454174442315],[6.776491761193337,46.1724402],[6.776500120016281,46.17242622555768],[6.7765203,46.172420437154145],[6.776540479983718,46.17242622555768],[6.776548838806662,46.1724402]]]}},{"type":"Feature","id":"pylon-champery-portes-du-soleil-110","properties":{"kind":"pylon","name":"Lift tower","height":13},"geometry":{"type":"Polygon","coordinates":[[[6.776225939042043,46.1728938],[6.776217580150157,46.172907774442315],[6.7761974,46.17291356284585],[6.776177219849843,46.172907774442315],[6.776168860957957,46.1728938],[6.776177219849843,46.17287982555768],[6.7761974,46.172874037154145],[6.776217580150157,46.17287982555768],[6.776225939042043,46.1728938]]]}},{"type":"Feature","id":"pylon-champery-portes-du-soleil-111","properties":{"kind":"pylon","name":"Lift tower","height":13},"geometry":{"type":"Polygon","coordinates":[[[6.775497539572967,46.1739169],[6.775489180525578,46.17393087444232],[6.775469,46.173936662845854],[6.7754488194744225,46.17393087444232],[6.775440460427033,46.1739169],[6.7754488194744225,46.173902925557684],[6.775469,46.17389713715415],[6.775489180525578,46.173902925557684],[6.775497539572967,46.1739169]]]}},{"type":"Feature","id":"pylon-champery-portes-du-soleil-112","properties":{"kind":"pylon","name":"Lift tower","height":13},"geometry":{"type":"Polygon","coordinates":[[[6.774431540350023,46.1754142],[6.774423181075039,46.17542817444232],[6.774403,46.17543396284585],[6.774382818924962,46.17542817444232],[6.7743744596499775,46.1754142],[6.774382818924962,46.17540022555768],[6.774403,46.17539443715415],[6.774423181075039,46.17540022555768],[6.774431540350023,46.1754142]]]}},{"type":"Feature","id":"pylon-champery-portes-du-soleil-113","properties":{"kind":"pylon","name":"Lift tower","height":13},"geometry":{"type":"Polygon","coordinates":[[[6.768488144683062,46.1837613],[6.76847978413896,46.18377527444232],[6.7684596,46.18378106284585],[6.76843941586104,46.18377527444232],[6.768431055316938,46.1837613],[6.76843941586104,46.18374732555768],[6.7684596,46.18374153715415],[6.76847978413896,46.18374732555768],[6.768488144683062,46.1837613]]]}},{"type":"Feature","id":"pylon-champery-portes-du-soleil-114","properties":{"kind":"pylon","name":"Lift tower","height":13},"geometry":{"type":"Polygon","coordinates":[[[6.768081944979283,46.1843318],[6.76807358434842,46.18434577444232],[6.7680534,46.184351562845855],[6.768033215651581,46.18434577444232],[6.768024855020718,46.1843318],[6.768033215651581,46.184317825557685],[6.7680534,46.18431203715415],[6.76807358434842,46.184317825557685],[6.768081944979283,46.1843318]]]}},{"type":"Feature","id":"pylon-champery-portes-du-soleil-115","properties":{"kind":"pylon","name":"Lift tower","height":13},"geometry":{"type":"Polygon","coordinates":[[[6.767431145453825,46.1852457],[6.767422784683972,46.18525967444232],[6.7674026,46.185265462845855],[6.767382415316027,46.18525967444232],[6.767374054546174,46.1852457],[6.767382415316027,46.185231725557685],[6.7674026,46.18522593715415],[6.767422784683972,46.185231725557685],[6.767431145453825,46.1852457]]]}},{"type":"Feature","id":"pylon-champery-portes-du-soleil-116","properties":{"kind":"pylon","name":"Lift tower","height":13},"geometry":{"type":"Polygon","coordinates":[[[6.7688310444330595,46.1832798],[6.768822683962181,46.18329377444232],[6.7688025,46.18329956284585],[6.768782316037818,46.18329377444232],[6.76877395556694,46.1832798],[6.768782316037818,46.18326582555768],[6.7688025,46.18326003715415],[6.768822683962181,46.18326582555768],[6.7688310444330595,46.1832798]]]}},{"type":"Feature","id":"pylon-champery-portes-du-soleil-117","properties":{"kind":"pylon","name":"Lift tower","height":13},"geometry":{"type":"Polygon","coordinates":[[[6.769665243824826,46.1821083],[6.769656883532095,46.18212227444232],[6.7696367,46.182128062845855],[6.769616516467906,46.18212227444232],[6.769608156175175,46.1821083],[6.769616516467906,46.182094325557685],[6.7696367,46.18208853715415],[6.769656883532095,46.182094325557685],[6.769665243824826,46.1821083]]]}},{"type":"Feature","id":"pylon-champery-portes-du-soleil-118","properties":{"kind":"pylon","name":"Lift tower","height":13},"geometry":{"type":"Polygon","coordinates":[[[6.770383043301457,46.1811002],[6.770374683162018,46.18111417444232],[6.7703545,46.181119962845855],[6.770334316837982,46.18111417444232],[6.770325956698542,46.1811002],[6.770334316837982,46.181086225557685],[6.7703545,46.18108043715415],[6.770374683162018,46.181086225557685],[6.770383043301457,46.1811002]]]}},{"type":"Feature","id":"pylon-champery-portes-du-soleil-119","properties":{"kind":"pylon","name":"Lift tower","height":13},"geometry":{"type":"Polygon","coordinates":[[[6.771337742605407,46.1797594],[6.771329382669837,46.17977337444232],[6.7713092,46.179779162845854],[6.771289017330163,46.17977337444232],[6.771280657394593,46.1797594],[6.771289017330163,46.179745425557684],[6.7713092,46.17973963715415],[6.771329382669837,46.179745425557684],[6.771337742605407,46.1797594]]]}},{"type":"Feature","id":"pylon-champery-portes-du-soleil-120","properties":{"kind":"pylon","name":"Lift tower","height":13},"geometry":{"type":"Polygon","coordinates":[[[6.772368541853866,46.1783116],[6.772360182138416,46.17832557444232],[6.77234,46.17833136284585],[6.772319817861583,46.17832557444232],[6.772311458146134,46.1783116],[6.772319817861583,46.17829762555768],[6.77234,46.17829183715415],[6.772360182138416,46.17829762555768],[6.772368541853866,46.1783116]]]}},{"type":"Feature","id":"pylon-champery-portes-du-soleil-121","properties":{"kind":"pylon","name":"Lift tower","height":13},"geometry":{"type":"Polygon","coordinates":[[[6.772910541458809,46.1775505],[6.7729021818590684,46.17756447444232],[6.772882,46.177570262845855],[6.772861818140932,46.17756447444232],[6.772853458541191,46.1775505],[6.772861818140932,46.177536525557684],[6.772882,46.17753073715415],[6.7729021818590684,46.177536525557684],[6.772910541458809,46.1775505]]]}},{"type":"Feature","id":"pylon-champery-portes-du-soleil-122","properties":{"kind":"pylon","name":"Lift tower","height":13},"geometry":{"type":"Polygon","coordinates":[[[6.773767240834255,46.1763472],[6.773758881417442,46.17636117444232],[6.7737387,46.176366962845854],[6.773718518582558,46.17636117444232],[6.773710159165745,46.1763472],[6.773718518582558,46.176333225557684],[6.7737387,46.17632743715415],[6.773758881417442,46.176333225557684],[6.773767240834255,46.1763472]]]}},{"type":"Feature","id":"pylon-champery-portes-du-soleil-123","properties":{"kind":"pylon","name":"Lift tower","height":13},"geometry":{"type":"Polygon","coordinates":[[[6.76650354613076,46.1865493],[6.766495185162637,46.18656327444232],[6.766475,46.186569062845855],[6.766454814837362,46.18656327444232],[6.766446453869239,46.1865493],[6.766454814837362,46.186535325557685],[6.766475,46.18652953715415],[6.766495185162637,46.186535325557685],[6.76650354613076,46.1865493]]]}},{"type":"Feature","id":"pylon-champery-portes-du-soleil-124","properties":{"kind":"pylon","name":"Lift tower","height":13},"geometry":{"type":"Polygon","coordinates":[[[6.766553546094461,46.1864794],[6.76654518513697,46.18649337444232],[6.766525,46.186499162845855],[6.76650481486303,46.18649337444232],[6.766496453905538,46.1864794],[6.76650481486303,46.186465425557685],[6.766525,46.18645963715415],[6.76654518513697,46.186465425557685],[6.766553546094461,46.1864794]]]}},{"type":"Feature","id":"pylon-champery-portes-du-soleil-125","properties":{"kind":"pylon","name":"Lift tower","height":13},"geometry":{"type":"Polygon","coordinates":[[[6.779855043216785,46.1809371],[6.7798466831021456,46.18095107444232],[6.7798265,46.18095686284585],[6.779806316897855,46.18095107444232],[6.779797956783216,46.1809371],[6.779806316897855,46.18092312555768],[6.7798265,46.18091733715415],[6.7798466831021456,46.18092312555768],[6.779855043216785,46.1809371]]]}},{"type":"Feature","id":"pylon-champery-portes-du-soleil-126","properties":{"kind":"pylon","name":"Lift tower","height":13},"geometry":{"type":"Polygon","coordinates":[[[6.7796490440468276,46.1825359],[6.779640683689075,46.182549874442316],[6.7796205,46.18255566284585],[6.779600316310925,46.182549874442316],[6.7795919559531725,46.1825359],[6.779600316310925,46.18252192555768],[6.7796205,46.182516137154145],[6.779640683689075,46.18252192555768],[6.7796490440468276,46.1825359]]]}},{"type":"Feature","id":"pylon-champery-portes-du-soleil-127","properties":{"kind":"pylon","name":"Lift tower","height":13},"geometry":{"type":"Polygon","coordinates":[[[6.779585044304971,46.1830331],[6.77957668387161,46.18304707444232],[6.7795565,46.183052862845855],[6.77953631612839,46.18304707444232],[6.779527955695029,46.1830331],[6.77953631612839,46.183019125557685],[6.7795565,46.18301333715415],[6.77957668387161,46.183019125557685],[6.779585044304971,46.1830331]]]}},{"type":"Feature","id":"pylon-champery-portes-du-soleil-128","properties":{"kind":"pylon","name":"Lift tower","height":13},"geometry":{"type":"Polygon","coordinates":[[[6.7795303445254795,46.1834578],[6.779521984027532,46.18347177444232],[6.7795018,46.18347756284585],[6.779481615972468,46.18347177444232],[6.779473255474521,46.1834578],[6.779481615972468,46.18344382555768],[6.7795018,46.18343803715415],[6.779521984027532,46.18344382555768],[6.7795303445254795,46.1834578]]]}},{"type":"Feature","id":"pylon-champery-portes-du-soleil-129","properties":{"kind":"pylon","name":"Lift tower","height":13},"geometry":{"type":"Polygon","coordinates":[[[6.776802949985602,46.193971],[6.776794587888422,46.193984974442316],[6.7767744,46.19399076284585],[6.776754212111578,46.193984974442316],[6.7767458500143976,46.193971],[6.776754212111578,46.19395702555768],[6.7767744,46.193951237154145],[6.776794587888422,46.19395702555768],[6.776802949985602,46.193971]]]}},{"type":"Feature","id":"pylon-champery-portes-du-soleil-130","properties":{"kind":"pylon","name":"Lift tower","height":13},"geometry":{"type":"Polygon","coordinates":[[[6.773191551631114,46.1971382],[6.7731831890519745,46.197152174442316],[6.773163,46.19715796284585],[6.773142810948026,46.197152174442316],[6.773134448368887,46.1971382],[6.773142810948026,46.19712422555768],[6.773163,46.197118437154145],[6.7731831890519745,46.19712422555768],[6.773191551631114,46.1971382]]]}},{"type":"Feature","id":"pylon-champery-portes-du-soleil-131","properties":{"kind":"pylon","name":"Lift tower","height":13},"geometry":{"type":"Polygon","coordinates":[[[6.77321885167159,46.1972161],[6.773210489080595,46.19723007444232],[6.7731903,46.19723586284585],[6.773170110919406,46.19723007444232],[6.773161748328411,46.1972161],[6.773170110919406,46.19720212555768],[6.7731903,46.197196337154146],[6.773210489080595,46.19720212555768],[6.77321885167159,46.1972161]]]}},{"type":"Feature","id":"pylon-champery-portes-du-soleil-132","properties":{"kind":"pylon","name":"Lift tower","height":13},"geometry":{"type":"Polygon","coordinates":[[[6.773248351715339,46.1973003],[6.773239989111531,46.19731427444232],[6.7732198,46.197320062845854],[6.773199610888469,46.19731427444232],[6.77319124828466,46.1973003],[6.773199610888469,46.197286325557684],[6.7732198,46.19728053715415],[6.773239989111531,46.197286325557684],[6.773248351715339,46.1973003]]]}},{"type":"Feature","id":"pylon-champery-portes-du-soleil-133","properties":{"kind":"pylon","name":"Lift tower","height":13},"geometry":{"type":"Polygon","coordinates":[[[6.774422953456193,46.2006504],[6.7744145903425,46.20066437444232],[6.7743944,46.20067016284585],[6.7743742096575,46.20066437444232],[6.774365846543808,46.2006504],[6.7743742096575,46.20063642555768],[6.7743944,46.20063063715415],[6.7744145903425,46.20063642555768],[6.774422953456193,46.2006504]]]}},{"type":"Feature","id":"pylon-champery-portes-du-soleil-134","properties":{"kind":"pylon","name":"Lift tower","height":13},"geometry":{"type":"Polygon","coordinates":[[[6.776677856798774,46.2070812],[6.776669492706063,46.207095174442316],[6.7766493,46.20710096284585],[6.776629107293937,46.207095174442316],[6.776620743201225,46.2070812],[6.776629107293937,46.20706722555768],[6.7766493,46.207061437154145],[6.776669492706063,46.20706722555768],[6.776677856798774,46.2070812]]]}},{"type":"Feature","id":"pylon-champery-portes-du-soleil-135","properties":{"kind":"pylon","name":"Lift tower","height":13},"geometry":{"type":"Polygon","coordinates":[[[6.77946804477647,46.1839412],[6.779459684205009,46.18395517444232],[6.7794395,46.18396096284585],[6.77941931579499,46.18395517444232],[6.779410955223529,46.1839412],[6.77941931579499,46.18392722555768],[6.7794395,46.18392143715415],[6.779459684205009,46.18392722555768],[6.77946804477647,46.1839412]]]}},{"type":"Feature","id":"pylon-champery-portes-du-soleil-136","properties":{"kind":"pylon","name":"Lift tower","height":13},"geometry":{"type":"Polygon","coordinates":[[[6.779381845123892,46.1846103],[6.779373484450674,46.18462427444232],[6.7793533,46.184630062845855],[6.779333115549327,46.18462427444232],[6.779324754876109,46.1846103],[6.779333115549327,46.184596325557685],[6.7793533,46.18459053715415],[6.779373484450674,46.184596325557685],[6.779381845123892,46.1846103]]]}},{"type":"Feature","id":"pylon-champery-portes-du-soleil-137","properties":{"kind":"pylon","name":"Lift tower","height":13},"geometry":{"type":"Polygon","coordinates":[[[6.779275145553836,46.1854383],[6.7792667847546895,46.18545227444232],[6.7792466,46.18545806284585],[6.77922641524531,46.18545227444232],[6.779218054446163,46.1854383],[6.77922641524531,46.18542432555768],[6.7792466,46.18541853715415],[6.7792667847546895,46.18542432555768],[6.779275145553836,46.1854383]]]}},{"type":"Feature","id":"pylon-champery-portes-du-soleil-138","properties":{"kind":"pylon","name":"Lift tower","height":13},"geometry":{"type":"Polygon","coordinates":[[[6.779149646060084,46.1864132],[6.779141285112662,46.186427174442315],[6.7791211,46.18643296284585],[6.779100914887339,46.186427174442315],[6.7790925539399165,46.1864132],[6.779100914887339,46.18639922555768],[6.7791211,46.186393437154145],[6.779141285112662,46.18639922555768],[6.779149646060084,46.1864132]]]}},{"type":"Feature","id":"pylon-champery-portes-du-soleil-139","properties":{"kind":"pylon","name":"Lift tower","height":13},"geometry":{"type":"Polygon","coordinates":[[[6.779070246380183,46.1870296],[6.779061885339005,46.18704357444232],[6.7790417,46.187049362845855],[6.779021514660994,46.18704357444232],[6.779013153619816,46.1870296],[6.779021514660994,46.187015625557684],[6.7790417,46.18700983715415],[6.779061885339005,46.187015625557684],[6.779070246380183,46.1870296]]]}},{"type":"Feature","id":"pylon-champery-portes-du-soleil-140","properties":{"kind":"pylon","name":"Lift tower","height":13},"geometry":{"type":"Polygon","coordinates":[[[6.779060946417418,46.1871013],[6.779052585365335,46.18711527444232],[6.7790324,46.187121062845854],[6.779012214634665,46.18711527444232],[6.779003853582583,46.1871013],[6.779012214634665,46.187087325557684],[6.7790324,46.18708153715415],[6.779052585365335,46.187087325557684],[6.779060946417418,46.1871013]]]}},{"type":"Feature","id":"pylon-champery-portes-du-soleil-141","properties":{"kind":"pylon","name":"Lift tower","height":13},"geometry":{"type":"Polygon","coordinates":[[[6.763353459865164,46.2129787],[6.763345094874327,46.21299267444232],[6.7633249,46.21299846284585],[6.763304705125672,46.21299267444232],[6.763296340134835,46.2129787],[6.763304705125672,46.21296472555768],[6.7633249,46.21295893715415],[6.763345094874327,46.21296472555768],[6.763353459865164,46.2129787]]]}},{"type":"Feature","id":"pylon-champery-portes-du-soleil-142","properties":{"kind":"pylon","name":"Lift tower","height":13},"geometry":{"type":"Polygon","coordinates":[[[6.761975160108489,46.2134466],[6.7619667950463835,46.213460574442315],[6.7619466,46.21346636284585],[6.761926404953616,46.213460574442315],[6.761918039891511,46.2134466],[6.761926404953616,46.21343262555768],[6.7619466,46.213426837154145],[6.7619667950463835,46.21343262555768],[6.761975160108489,46.2134466]]]}},{"type":"Feature","id":"pylon-champery-portes-du-soleil-143","properties":{"kind":"pylon","name":"Lift tower","height":13},"geometry":{"type":"Polygon","coordinates":[[[6.761442660206101,46.2136343],[6.761434295115406,46.21364827444232],[6.7614141,46.213654062845855],[6.761393904884593,46.21364827444232],[6.761385539793898,46.2136343],[6.761393904884593,46.213620325557685],[6.7614141,46.21361453715415],[6.761434295115406,46.213620325557685],[6.761442660206101,46.2136343]]]}},{"type":"Feature","id":"pylon-champery-portes-du-soleil-144","properties":{"kind":"pylon","name":"Lift tower","height":13},"geometry":{"type":"Polygon","coordinates":[[[6.769059858848821,46.2110242],[6.769051494155664,46.211038174442315],[6.7690313,46.21104396284585],[6.769011105844336,46.211038174442315],[6.769002741151179,46.2110242],[6.769011105844336,46.21101022555768],[6.7690313,46.211004437154145],[6.769051494155664,46.21101022555768],[6.769059858848821,46.2110242]]]}},{"type":"Feature","id":"pylon-champery-portes-du-soleil-145","properties":{"kind":"pylon","name":"Lift tower","height":13},"geometry":{"type":"Polygon","coordinates":[[[6.7684759589530765,46.2112247],[6.768467594229384,46.21123867444232],[6.7684474,46.211244462845855],[6.7684272057706165,46.21123867444232],[6.768418841046924,46.2112247],[6.7684272057706165,46.211210725557684],[6.7684474,46.21120493715415],[6.768467594229384,46.211210725557684],[6.7684759589530765,46.2112247]]]}},{"type":"Feature","id":"pylon-champery-portes-du-soleil-146","properties":{"kind":"pylon","name":"Lift tower","height":13},"geometry":{"type":"Polygon","coordinates":[[[6.765082359556532,46.2123852],[6.765073994656091,46.21239917444232],[6.7650538,46.21240496284585],[6.765033605343908,46.21239917444232],[6.765025240443467,46.2123852],[6.765033605343908,46.21237122555768],[6.7650538,46.21236543715415],[6.765073994656091,46.21237122555768],[6.765082359556532,46.2123852]]]}},{"type":"Feature","id":"pylon-champery-portes-du-soleil-147","properties":{"kind":"pylon","name":"Lift tower","height":13},"geometry":{"type":"Polygon","coordinates":[[[6.773435358074037,46.2095341],[6.773426993607809,46.20954807444232],[6.7734068,46.20955386284585],[6.773386606392191,46.20954807444232],[6.773378241925963,46.2095341],[6.773386606392191,46.20952012555768],[6.7734068,46.20951433715415],[6.773426993607809,46.20952012555768],[6.773435358074037,46.2095341]]]}},{"type":"Feature","id":"pylon-champery-portes-du-soleil-148","properties":{"kind":"pylon","name":"Lift tower","height":13},"geometry":{"type":"Polygon","coordinates":[[[6.775222257757091,46.2089245],[6.775213893383694,46.20893847444232],[6.7751937,46.208944262845854],[6.775173506616306,46.20893847444232],[6.775165142242909,46.2089245],[6.775173506616306,46.208910525557684],[6.7751937,46.20890473715415],[6.775213893383694,46.208910525557684],[6.775222257757091,46.2089245]]]}},{"type":"Feature","id":"pylon-champery-portes-du-soleil-149","properties":{"kind":"pylon","name":"Lift tower","height":13},"geometry":{"type":"Polygon","coordinates":[[[6.776242057577616,46.2085793],[6.776233693256787,46.208593274442315],[6.7762135,46.20859906284585],[6.776193306743213,46.208593274442315],[6.7761849424223835,46.2085793],[6.776193306743213,46.20856532555768],[6.7762135,46.208559537154144],[6.776233693256787,46.20856532555768],[6.776242057577616,46.2085793]]]}},{"type":"Feature","id":"pylon-champery-portes-du-soleil-150","properties":{"kind":"pylon","name":"Lift tower","height":13},"geometry":{"type":"Polygon","coordinates":[[[6.777507257350887,46.2081432],[6.777498893096465,46.20815717444232],[6.7774787,46.208162962845854],[6.7774585069035345,46.20815717444232],[6.777450142649112,46.2081432],[6.7774585069035345,46.208129225557684],[6.7774787,46.20812343715415],[6.777498893096465,46.208129225557684],[6.777507257350887,46.2081432]]]}},{"type":"Feature","id":"pylon-champery-portes-du-soleil-151","properties":{"kind":"pylon","name":"Lift tower","height":13},"geometry":{"type":"Polygon","coordinates":[[[6.777782857301654,46.2080485],[6.777774493061652,46.208062474442315],[6.7777543,46.20806826284585],[6.777734106938348,46.208062474442315],[6.777725742698346,46.2080485],[6.777734106938348,46.20803452555768],[6.7777543,46.208028737154144],[6.777774493061652,46.20803452555768],[6.777782857301654,46.2080485]]]}},{"type":"Feature","id":"pylon-champery-portes-du-soleil-152","properties":{"kind":"pylon","name":"Lift tower","height":13},"geometry":{"type":"Polygon","coordinates":[[[6.790009459125971,46.2115572],[6.790001094351639,46.21157117444232],[6.7899809,46.211576962845854],[6.789960705648361,46.21157117444232],[6.789952340874028,46.2115572],[6.789960705648361,46.21154322555768],[6.7899809,46.21153743715415],[6.790001094351639,46.21154322555768],[6.790009459125971,46.2115572]]]}},{"type":"Feature","id":"pylon-champery-portes-du-soleil-153","properties":{"kind":"pylon","name":"Lift tower","height":13},"geometry":{"type":"Polygon","coordinates":[[[6.78989355910226,46.2115116],[6.789885194334873,46.21152557444232],[6.789865,46.211531362845854],[6.789844805665127,46.21152557444232],[6.78983644089774,46.2115116],[6.789844805665127,46.21149762555768],[6.789865,46.21149183715415],[6.789885194334873,46.21149762555768],[6.78989355910226,46.2115116]]]}},{"type":"Feature","id":"pylon-champery-portes-du-soleil-154","properties":{"kind":"pylon","name":"Lift tower","height":13},"geometry":{"type":"Polygon","coordinates":[[[6.70383944464547,46.1836889],[6.7038310841123785,46.18370287444232],[6.7038109,46.18370866284585],[6.703790715887621,46.18370287444232],[6.703782355354529,46.1836889],[6.703790715887621,46.18367492555768],[6.7038109,46.18366913715415],[6.7038310841123785,46.18367492555768],[6.70383944464547,46.1836889]]]}},{"type":"Feature","id":"pylon-champery-portes-du-soleil-155","properties":{"kind":"pylon","name":"Lift tower","height":13},"geometry":{"type":"Polygon","coordinates":[[[6.858878134433438,46.1640106],[6.858869776891382,46.164024574442315],[6.8588496,46.16403036284585],[6.858829423108618,46.164024574442315],[6.858821065566562,46.1640106],[6.858829423108618,46.16399662555768],[6.8588496,46.163990837154145],[6.858869776891382,46.16399662555768],[6.858878134433438,46.1640106]]]}},{"type":"Feature","id":"pylon-champery-portes-du-soleil-156","properties":{"kind":"pylon","name":"Lift tower","height":13},"geometry":{"type":"Polygon","coordinates":[[[6.857893634523118,46.1641835],[6.857885276954795,46.16419747444232],[6.8578651,46.16420326284585],[6.857844923045205,46.16419747444232],[6.857836565476881,46.1641835],[6.857844923045205,46.16416952555768],[6.8578651,46.16416373715415],[6.857885276954795,46.16416952555768],[6.857893634523118,46.1641835]]]}},{"type":"Feature","id":"pylon-champery-portes-du-soleil-157","properties":{"kind":"pylon","name":"Lift tower","height":13},"geometry":{"type":"Polygon","coordinates":[[[6.853824734893672,46.1648979],[6.853816377216816,46.16491187444232],[6.8537962,46.16491766284585],[6.853776022783183,46.16491187444232],[6.853767665106328,46.1648979],[6.853776022783183,46.16488392555768],[6.8537962,46.16487813715415],[6.853816377216816,46.16488392555768],[6.853824734893672,46.1648979]]]}},{"type":"Feature","id":"pylon-champery-portes-du-soleil-158","properties":{"kind":"pylon","name":"Lift tower","height":13},"geometry":{"type":"Polygon","coordinates":[[[6.851764535081289,46.1652596],[6.851756177349481,46.16527357444232],[6.851736,46.16527936284585],[6.851715822650519,46.16527357444232],[6.851707464918711,46.1652596],[6.851715822650519,46.16524562555768],[6.851736,46.16523983715415],[6.851756177349481,46.16524562555768],[6.851764535081289,46.1652596]]]}},{"type":"Feature","id":"pylon-champery-portes-du-soleil-159","properties":{"kind":"pylon","name":"Lift tower","height":13},"geometry":{"type":"Polygon","coordinates":[[[6.852328335029936,46.1651606],[6.8523199773131696,46.16517457444232],[6.8522998,46.16518036284585],[6.85227962268683,46.16517457444232],[6.852271264970064,46.1651606],[6.85227962268683,46.16514662555768],[6.8522998,46.16514083715415],[6.8523199773131696,46.16514662555768],[6.852328335029936,46.1651606]]]}},{"type":"Feature","id":"pylon-champery-portes-du-soleil-160","properties":{"kind":"pylon","name":"Lift tower","height":13},"geometry":{"type":"Polygon","coordinates":[[[6.850865335163193,46.1654175],[6.850856977407396,46.165431474442315],[6.8508368,46.16543726284585],[6.850816622592603,46.165431474442315],[6.8508082648368065,46.1654175],[6.850816622592603,46.16540352555768],[6.8508368,46.165397737154144],[6.850856977407396,46.16540352555768],[6.850865335163193,46.1654175]]]}},{"type":"Feature","id":"pylon-champery-portes-du-soleil-161","properties":{"kind":"pylon","name":"Lift tower","height":13},"geometry":{"type":"Polygon","coordinates":[[[6.84938153529832,46.165678],[6.849373177502945,46.16569197444232],[6.849353,46.16569776284585],[6.849332822497055,46.16569197444232],[6.84932446470168,46.165678],[6.849332822497055,46.16566402555768],[6.849353,46.16565823715415],[6.849373177502945,46.16566402555768],[6.84938153529832,46.165678]]]}},{"type":"Feature","id":"pylon-champery-portes-du-soleil-162","properties":{"kind":"pylon","name":"Lift tower","height":13},"geometry":{"type":"Polygon","coordinates":[[[6.847875035435524,46.1659425],[6.847866677599963,46.16595647444232],[6.8478465,46.16596226284585],[6.847826322400038,46.16595647444232],[6.847817964564476,46.1659425],[6.847826322400038,46.16592852555768],[6.8478465,46.16592273715415],[6.847866677599963,46.16592852555768],[6.847875035435524,46.1659425]]]}},{"type":"Feature","id":"pylon-champery-portes-du-soleil-163","properties":{"kind":"pylon","name":"Lift tower","height":13},"geometry":{"type":"Polygon","coordinates":[[[6.847057235510014,46.1660861],[6.847048877652635,46.16610007444232],[6.8470287,46.16610586284585],[6.847008522347365,46.16610007444232],[6.8470001644899865,46.1660861],[6.847008522347365,46.16607212555768],[6.8470287,46.16606633715415],[6.847048877652635,46.16607212555768],[6.847057235510014,46.1660861]]]}},{"type":"Feature","id":"pylon-champery-portes-du-soleil-164","properties":{"kind":"pylon","name":"Lift tower","height":13},"geometry":{"type":"Polygon","coordinates":[[[6.845961635779604,46.1666058],[6.845953277843265,46.16661977444232],[6.8459331,46.16662556284585],[6.845912922156735,46.16661977444232],[6.845904564220396,46.1666058],[6.845912922156735,46.16659182555768],[6.8459331,46.16658603715415],[6.845953277843265,46.16659182555768],[6.845961635779604,46.1666058]]]}},{"type":"Feature","id":"pylon-champery-portes-du-soleil-165","properties":{"kind":"pylon","name":"Lift tower","height":13},"geometry":{"type":"Polygon","coordinates":[[[6.844717136302257,46.1676133],[6.844708778212836,46.16762727444232],[6.8446886,46.16763306284585],[6.844668421787163,46.16762727444232],[6.844660063697742,46.1676133],[6.844668421787163,46.16759932555768],[6.8446886,46.16759353715415],[6.844708778212836,46.16759932555768],[6.844717136302257,46.1676133]]]}},{"type":"Feature","id":"pylon-champery-portes-du-soleil-166","properties":{"kind":"pylon","name":"Lift tower","height":13},"geometry":{"type":"Polygon","coordinates":[[[6.843777536696847,46.1683739],[6.843769178491853,46.16838787444232],[6.843749,46.16839366284585],[6.843728821508146,46.16838787444232],[6.8437204633031525,46.1683739],[6.843728821508146,46.16835992555768],[6.843749,46.16835413715415],[6.843769178491853,46.16835992555768],[6.843777536696847,46.1683739]]]}},{"type":"Feature","id":"pylon-champery-portes-du-soleil-167","properties":{"kind":"pylon","name":"Lift tower","height":13},"geometry":{"type":"Polygon","coordinates":[[[6.843344336878843,46.1687247],[6.843335978620544,46.16873867444232],[6.8433158,46.16874446284585],[6.843295621379456,46.16873867444232],[6.843287263121157,46.1687247],[6.843295621379456,46.16871072555768],[6.8433158,46.168704937154146],[6.843335978620544,46.16871072555768],[6.843344336878843,46.1687247]]]}},{"type":"Feature","id":"pylon-champery-portes-du-soleil-168","properties":{"kind":"pylon","name":"Lift tower","height":13},"geometry":{"type":"Polygon","coordinates":[[[6.842226037456189,46.1698375],[6.842217679028789,46.16985147444232],[6.8421975,46.16985726284585],[6.842177320971211,46.16985147444232],[6.842168962543811,46.1698375],[6.842177320971211,46.16982352555768],[6.8421975,46.16981773715415],[6.842217679028789,46.16982352555768],[6.842226037456189,46.1698375]]]}},{"type":"Feature","id":"pylon-champery-portes-du-soleil-169","properties":{"kind":"pylon","name":"Lift tower","height":13},"geometry":{"type":"Polygon","coordinates":[[[6.84256353775904,46.1704212],[6.842555179242937,46.17043517444232],[6.842535,46.17044096284585],[6.842514820757063,46.17043517444232],[6.8425064622409595,46.1704212],[6.842514820757063,46.17040722555768],[6.842535,46.17040143715415],[6.842555179242937,46.17040722555768],[6.84256353775904,46.1704212]]]}},{"type":"Feature","id":"pylon-champery-portes-du-soleil-170","properties":{"kind":"pylon","name":"Lift tower","height":13},"geometry":{"type":"Polygon","coordinates":[[[6.843388038499007,46.1718473],[6.843379679766172,46.17186127444232],[6.8433595,46.171867062845855],[6.843339320233828,46.17186127444232],[6.843330961500993,46.1718473],[6.843339320233828,46.171833325557685],[6.8433595,46.17182753715415],[6.843379679766172,46.171833325557685],[6.843388038499007,46.1718473]]]}},{"type":"Feature","id":"pylon-champery-portes-du-soleil-171","properties":{"kind":"pylon","name":"Lift tower","height":13},"geometry":{"type":"Polygon","coordinates":[[[6.843773838845374,46.1725148],[6.843765480011092,46.17252877444232],[6.8437453,46.172534562845854],[6.843725119988909,46.17252877444232],[6.843716761154626,46.1725148],[6.843725119988909,46.172500825557684],[6.8437453,46.17249503715415],[6.843765480011092,46.172500825557684],[6.843773838845374,46.1725148]]]}},{"type":"Feature","id":"pylon-champery-portes-du-soleil-172","properties":{"kind":"pylon","name":"Lift tower","height":13},"geometry":{"type":"Polygon","coordinates":[[[6.844393539401559,46.1735866],[6.844385180404374,46.17360057444232],[6.844365,46.17360636284585],[6.844344819595626,46.17360057444232],[6.8443364605984405,46.1735866],[6.844344819595626,46.17357262555768],[6.844365,46.17356683715415],[6.844385180404374,46.17357262555768],[6.844393539401559,46.1735866]]]}},{"type":"Feature","id":"pylon-champery-portes-du-soleil-173","properties":{"kind":"pylon","name":"Lift tower","height":13},"geometry":{"type":"Polygon","coordinates":[[[6.845101740037232,46.1748115],[6.845093380853862,46.174825474442315],[6.8450732,46.17483126284585],[6.845053019146138,46.174825474442315],[6.845044659962768,46.1748115],[6.845053019146138,46.17479752555768],[6.8450732,46.174791737154145],[6.845093380853862,46.17479752555768],[6.845101740037232,46.1748115]]]}},{"type":"Feature","id":"pylon-champery-portes-du-soleil-174","properties":{"kind":"pylon","name":"Lift tower","height":13},"geometry":{"type":"Polygon","coordinates":[[[6.846446940246641,46.175215],[6.846438581001936,46.17522897444232],[6.8464184,46.175234762845854],[6.846398218998064,46.17522897444232],[6.8463898597533595,46.175215],[6.846398218998064,46.17520102555768],[6.8464184,46.17519523715415],[6.846438581001936,46.17520102555768],[6.846446940246641,46.175215]]]}},{"type":"Feature","id":"pylon-champery-portes-du-soleil-175","properties":{"kind":"pylon","name":"Lift tower","height":13},"geometry":{"type":"Polygon","coordinates":[[[6.8396339416546486,46.1779278],[6.839625581997549,46.17794177444232],[6.8396054,46.17794756284585],[6.839585218002451,46.17794177444232],[6.839576858345351,46.1779278],[6.839585218002451,46.17791382555768],[6.8396054,46.17790803715415],[6.839625581997549,46.17791382555768],[6.8396339416546486,46.1779278]]]}},{"type":"Feature","id":"pylon-champery-portes-du-soleil-176","properties":{"kind":"pylon","name":"Lift tower","height":13},"geometry":{"type":"Polygon","coordinates":[[[6.83992174148502,46.177601],[6.8399133818776034,46.17761497444232],[6.8398932,46.177620762845855],[6.839873018122396,46.17761497444232],[6.839864658514979,46.177601],[6.839873018122396,46.177587025557685],[6.8398932,46.17758123715415],[6.8399133818776034,46.177587025557685],[6.83992174148502,46.177601]]]}},{"type":"Feature","id":"pylon-champery-portes-du-soleil-177","properties":{"kind":"pylon","name":"Lift tower","height":13},"geometry":{"type":"Polygon","coordinates":[[[6.838459342347153,46.1792619],[6.838450982487223,46.17927587444232],[6.8384308,46.17928166284585],[6.8384106175127775,46.17927587444232],[6.838402257652848,46.1792619],[6.8384106175127775,46.17924792555768],[6.8384308,46.17924213715415],[6.838450982487223,46.17924792555768],[6.838459342347153,46.1792619]]]}},{"type":"Feature","id":"pylon-champery-portes-du-soleil-178","properties":{"kind":"pylon","name":"Lift tower","height":13},"geometry":{"type":"Polygon","coordinates":[[[6.8374436429459,46.1804153],[6.8374352829106,46.18042927444232],[6.8374151,46.18043506284585],[6.837394917089401,46.18042927444232],[6.837386557054101,46.1804153],[6.837394917089401,46.18040132555768],[6.8374151,46.18039553715415],[6.8374352829106,46.18040132555768],[6.8374436429459,46.1804153]]]}},{"type":"Feature","id":"pylon-champery-portes-du-soleil-179","properties":{"kind":"pylon","name":"Lift tower","height":13},"geometry":{"type":"Polygon","coordinates":[[[6.83664964341401,46.181317],[6.836641283241605,46.18133097444232],[6.8366211,46.18133676284585],[6.836600916758396,46.18133097444232],[6.836592556585991,46.181317],[6.836600916758396,46.18130302555768],[6.8366211,46.18129723715415],[6.836641283241605,46.18130302555768],[6.83664964341401,46.181317]]]}},{"type":"Feature","id":"pylon-champery-portes-du-soleil-180","properties":{"kind":"pylon","name":"Lift tower","height":13},"geometry":{"type":"Polygon","coordinates":[[[6.83586124387882,46.1822123],[6.835852883570275,46.18222627444232],[6.8358327,46.182232062845856],[6.835812516429725,46.18222627444232],[6.83580415612118,46.1822123],[6.835812516429725,46.182198325557685],[6.8358327,46.18219253715415],[6.835852883570275,46.182198325557685],[6.83586124387882,46.1822123]]]}},{"type":"Feature","id":"pylon-champery-portes-du-soleil-181","properties":{"kind":"pylon","name":"Lift tower","height":13},"geometry":{"type":"Polygon","coordinates":[[[6.835265444230155,46.182889],[6.835257083818706,46.18290297444232],[6.8352369,46.182908762845855],[6.835216716181294,46.18290297444232],[6.835208355769845,46.182889],[6.835216716181294,46.182875025557685],[6.8352369,46.18286923715415],[6.835257083818706,46.182875025557685],[6.835265444230155,46.182889]]]}},{"type":"Feature","id":"pylon-champery-portes-du-soleil-182","properties":{"kind":"pylon","name":"Lift tower","height":13},"geometry":{"type":"Polygon","coordinates":[[[6.832982644996937,46.1843658],[6.832974284360903,46.18437977444232],[6.8329541,46.184385562845854],[6.832933915639098,46.18437977444232],[6.832925555003063,46.1843658],[6.832933915639098,46.184351825557684],[6.8329541,46.18434603715415],[6.832974284360903,46.184351825557684],[6.832982644996937,46.1843658]]]}},{"type":"Feature","id":"pylon-champery-portes-du-soleil-183","properties":{"kind":"pylon","name":"Lift tower","height":13},"geometry":{"type":"Polygon","coordinates":[[[6.831769045276967,46.1849051],[6.831760684558914,46.18491907444232],[6.8317405,46.184924862845854],[6.831720315441087,46.18491907444232],[6.831711954723034,46.1849051],[6.831720315441087,46.184891125557684],[6.8317405,46.18488533715415],[6.831760684558914,46.184891125557684],[6.831769045276967,46.1849051]]]}},{"type":"Feature","id":"pylon-champery-portes-du-soleil-184","properties":{"kind":"pylon","name":"Lift tower","height":13},"geometry":{"type":"Polygon","coordinates":[[[6.8307724455069465,46.185348],[6.830764084721534,46.185361974442316],[6.8307439,46.18536776284585],[6.830723715278466,46.185361974442316],[6.830715354493053,46.185348],[6.830723715278466,46.18533402555768],[6.8307439,46.185328237154145],[6.830764084721534,46.18533402555768],[6.8307724455069465,46.185348]]]}},{"type":"Feature","id":"pylon-champery-portes-du-soleil-185","properties":{"kind":"pylon","name":"Lift tower","height":13},"geometry":{"type":"Polygon","coordinates":[[[6.829621545772555,46.1858595],[6.8296131849093475,46.18587347444232],[6.829593,46.18587926284585],[6.8295728150906525,46.18587347444232],[6.829564454227445,46.1858595],[6.8295728150906525,46.18584552555768],[6.829593,46.18583973715415],[6.8296131849093475,46.18584552555768],[6.829621545772555,46.1858595]]]}},{"type":"Feature","id":"pylon-champery-portes-du-soleil-186","properties":{"kind":"pylon","name":"Lift tower","height":13},"geometry":{"type":"Polygon","coordinates":[[[6.827176146336872,46.1869462],[6.82716778530838,46.18696017444232],[6.8271476,46.18696596284585],[6.82712741469162,46.18696017444232],[6.827119053663128,46.1869462],[6.82712741469162,46.18693222555768],[6.8271476,46.18692643715415],[6.82716778530838,46.18693222555768],[6.827176146336872,46.1869462]]]}},{"type":"Feature","id":"pylon-champery-portes-du-soleil-187","properties":{"kind":"pylon","name":"Lift tower","height":13},"geometry":{"type":"Polygon","coordinates":[[[6.826121846580172,46.1874147],[6.82611348548042,46.187428674442316],[6.8260933,46.18743446284585],[6.8260731145195805,46.187428674442316],[6.826064753419828,46.1874147],[6.8260731145195805,46.18740072555768],[6.8260933,46.187394937154146],[6.82611348548042,46.18740072555768],[6.826121846580172,46.1874147]]]}},{"type":"Feature","id":"pylon-champery-portes-du-soleil-188","properties":{"kind":"pylon","name":"Lift tower","height":13},"geometry":{"type":"Polygon","coordinates":[[[6.825104746814909,46.1878667],[6.825096385646403,46.18788067444232],[6.8250762,46.18788646284585],[6.8250560143535965,46.18788067444232],[6.8250476531850905,46.1878667],[6.8250560143535965,46.18785272555768],[6.8250762,46.18784693715415],[6.825096385646403,46.18785272555768],[6.825104746814909,46.1878667]]]}},{"type":"Feature","id":"pylon-champery-portes-du-soleil-189","properties":{"kind":"pylon","name":"Lift tower","height":13},"geometry":{"type":"Polygon","coordinates":[[[6.823816047112337,46.1884394],[6.823807685856717,46.18845337444232],[6.8237875,46.18845916284585],[6.823767314143283,46.18845337444232],[6.823758952887663,46.1884394],[6.823767314143283,46.18842542555768],[6.8237875,46.18841963715415],[6.823807685856717,46.18842542555768],[6.823816047112337,46.1884394]]]}},{"type":"Feature","id":"pylon-champery-portes-du-soleil-190","properties":{"kind":"pylon","name":"Lift tower","height":13},"geometry":{"type":"Polygon","coordinates":[[[6.823019847296085,46.1887932],[6.823011485986646,46.18880717444232],[6.8229913,46.18881296284585],[6.822971114013354,46.18880717444232],[6.822962752703915,46.1887932],[6.822971114013354,46.18877922555768],[6.8229913,46.18877343715415],[6.823011485986646,46.18877922555768],[6.823019847296085,46.1887932]]]}},{"type":"Feature","id":"pylon-champery-portes-du-soleil-191","properties":{"kind":"pylon","name":"Lift tower","height":13},"geometry":{"type":"Polygon","coordinates":[[[6.821000047762274,46.1896908],[6.820991686316292,46.18970477444232],[6.8209715,46.18971056284585],[6.820951313683707,46.18970477444232],[6.820942952237726,46.1896908],[6.820951313683707,46.18967682555768],[6.8209715,46.18967103715415],[6.820991686316292,46.18967682555768],[6.821000047762274,46.1896908]]]}},{"type":"Feature","id":"pylon-champery-portes-du-soleil-192","properties":{"kind":"pylon","name":"Lift tower","height":13},"geometry":{"type":"Polygon","coordinates":[[[6.82050484787654,46.1899108],[6.82049648639709,46.18992477444232],[6.8204763,46.18993056284585],[6.82045611360291,46.18992477444232],[6.82044775212346,46.1899108],[6.82045611360291,46.18989682555768],[6.8204763,46.18989103715415],[6.82049648639709,46.18989682555768],[6.82050484787654,46.1899108]]]}},{"type":"Feature","id":"pylon-champery-portes-du-soleil-193","properties":{"kind":"pylon","name":"Lift tower","height":13},"geometry":{"type":"Polygon","coordinates":[[[6.818728348286609,46.1907003],[6.818719986687052,46.19071427444232],[6.8186998,46.190720062845855],[6.818679613312948,46.19071427444232],[6.818671251713392,46.1907003],[6.818679613312948,46.190686325557685],[6.8186998,46.19068053715415],[6.818719986687052,46.190686325557685],[6.818728348286609,46.1907003]]]}},{"type":"Feature","id":"pylon-champery-portes-du-soleil-194","properties":{"kind":"pylon","name":"Lift tower","height":13},"geometry":{"type":"Polygon","coordinates":[[[6.817974548460562,46.1910352],[6.817966186810056,46.19104917444232],[6.817946,46.191054962845854],[6.8179258131899445,46.19104917444232],[6.817917451539438,46.1910352],[6.8179258131899445,46.191021225557684],[6.817946,46.19101543715415],[6.817966186810056,46.191021225557684],[6.817974548460562,46.1910352]]]}},{"type":"Feature","id":"pylon-champery-portes-du-soleil-195","properties":{"kind":"pylon","name":"Lift tower","height":13},"geometry":{"type":"Polygon","coordinates":[[[6.816334448839124,46.191764],[6.81632608707774,46.19177797444232],[6.8163059,46.19178376284585],[6.81628571292226,46.19177797444232],[6.816277351160875,46.191764],[6.81628571292226,46.19175002555768],[6.8163059,46.19174423715415],[6.81632608707774,46.19175002555768],[6.816334448839124,46.191764]]]}},{"type":"Feature","id":"pylon-champery-portes-du-soleil-196","properties":{"kind":"pylon","name":"Lift tower","height":13},"geometry":{"type":"Polygon","coordinates":[[[6.8325254445958326,46.1835933],[6.8325170840772795,46.183607274442316],[6.8324969,46.18361306284585],[6.83247671592272,46.183607274442316],[6.832468355404167,46.1835933],[6.83247671592272,46.18357932555768],[6.8324969,46.183573537154146],[6.8325170840772795,46.18357932555768],[6.8325254445958326,46.1835933]]]}},{"type":"Feature","id":"pylon-champery-portes-du-soleil-197","properties":{"kind":"pylon","name":"Lift tower","height":13},"geometry":{"type":"Polygon","coordinates":[[[6.830563944553568,46.1835119],[6.830555584047394,46.18352587444232],[6.8305354,46.18353166284585],[6.830515215952605,46.18352587444232],[6.830506855446431,46.1835119],[6.830515215952605,46.18349792555768],[6.8305354,46.18349213715415],[6.830555584047394,46.18349792555768],[6.830563944553568,46.1835119]]]}},{"type":"Feature","id":"pylon-champery-portes-du-soleil-198","properties":{"kind":"pylon","name":"Lift tower","height":13},"geometry":{"type":"Polygon","coordinates":[[[6.828819244515925,46.1834394],[6.828810884020776,46.183453374442315],[6.8287907,46.18345916284585],[6.828770515979223,46.183453374442315],[6.828762155484075,46.1834394],[6.828770515979223,46.18342542555768],[6.8287907,46.183419637154145],[6.828810884020776,46.18342542555768],[6.828819244515925,46.1834394]]]}},{"type":"Feature","id":"pylon-champery-portes-du-soleil-199","properties":{"kind":"pylon","name":"Lift tower","height":13},"geometry":{"type":"Polygon","coordinates":[[[6.827623444490173,46.1833898],[6.8276150840025664,46.18340377444232],[6.8275949,46.18340956284585],[6.827574715997434,46.18340377444232],[6.827566355509828,46.1833898],[6.827574715997434,46.18337582555768],[6.8275949,46.18337003715415],[6.8276150840025664,46.18337582555768],[6.827623444490173,46.1833898]]]}},{"type":"Feature","id":"pylon-champery-portes-du-soleil-200","properties":{"kind":"pylon","name":"Lift tower","height":13},"geometry":{"type":"Polygon","coordinates":[[[6.825904344453101,46.1833184],[6.825895983976353,46.183332374442315],[6.8258758,46.18333816284585],[6.825855616023648,46.183332374442315],[6.8258472555469,46.1833184],[6.825855616023648,46.18330442555768],[6.8258758,46.183298637154145],[6.825895983976353,46.18330442555768],[6.825904344453101,46.1833184]]]}},{"type":"Feature","id":"pylon-champery-portes-du-soleil-201","properties":{"kind":"pylon","name":"Lift tower","height":13},"geometry":{"type":"Polygon","coordinates":[[[6.824307344418678,46.1832521],[6.824298983952012,46.183266074442315],[6.8242788,46.18327186284585],[6.824258616047988,46.183266074442315],[6.8242502555813225,46.1832521],[6.824258616047988,46.18323812555768],[6.8242788,46.183232337154145],[6.824298983952012,46.18323812555768],[6.824307344418678,46.1832521]]]}},{"type":"Feature","id":"pylon-champery-portes-du-soleil-202","properties":{"kind":"pylon","name":"Lift tower","height":13},"geometry":{"type":"Polygon","coordinates":[[[6.822588044381606,46.1831807],[6.822579683925798,46.18319467444232],[6.8225595,46.18320046284585],[6.822539316074201,46.18319467444232],[6.822530955618394,46.1831807],[6.822539316074201,46.18316672555768],[6.8225595,46.18316093715415],[6.822579683925798,46.18316672555768],[6.822588044381606,46.1831807]]]}},{"type":"Feature","id":"pylon-champery-portes-du-soleil-203","properties":{"kind":"pylon","name":"Lift tower","height":13},"geometry":{"type":"Polygon","coordinates":[[[6.821180944351233,46.1831222],[6.821172583904321,46.18313617444232],[6.8211524,46.18314196284585],[6.821132216095679,46.18313617444232],[6.821123855648767,46.1831222],[6.821132216095679,46.18310822555768],[6.8211524,46.18310243715415],[6.821172583904321,46.18310822555768],[6.821180944351233,46.1831222]]]}},{"type":"Feature","id":"pylon-champery-portes-du-soleil-204","properties":{"kind":"pylon","name":"Lift tower","height":13},"geometry":{"type":"Polygon","coordinates":[[[6.820983344346975,46.183114],[6.82097498390131,46.18312797444232],[6.8209548,46.183133762845856],[6.82093461609869,46.18312797444232],[6.820926255653025,46.183114],[6.82093461609869,46.183100025557685],[6.8209548,46.18309423715415],[6.82097498390131,46.183100025557685],[6.820983344346975,46.183114]]]}},{"type":"Feature","id":"pylon-champery-portes-du-soleil-205","properties":{"kind":"pylon","name":"Lift tower","height":13},"geometry":{"type":"Polygon","coordinates":[[[6.81901934430466,46.1830325],[6.819010983871389,46.18304647444232],[6.8189908,46.183052262845855],[6.8189706161286106,46.18304647444232],[6.8189622556953395,46.1830325],[6.8189706161286106,46.183018525557685],[6.8189908,46.18301273715415],[6.819010983871389,46.183018525557685],[6.81901934430466,46.1830325]]]}},{"type":"Feature","id":"pylon-champery-portes-du-soleil-206","properties":{"kind":"pylon","name":"Lift tower","height":13},"geometry":{"type":"Polygon","coordinates":[[[6.817159544264525,46.1829552],[6.81715118384301,46.18296917444232],[6.817131,46.182974962845854],[6.8171108161569896,46.18296917444232],[6.8171024557354745,46.1829552],[6.8171108161569896,46.182941225557684],[6.817131,46.18293543715415],[6.81715118384301,46.182941225557684],[6.817159544264525,46.1829552]]]}},{"type":"Feature","id":"pylon-champery-portes-du-soleil-207","properties":{"kind":"pylon","name":"Lift tower","height":13},"geometry":{"type":"Polygon","coordinates":[[[6.815740844233945,46.1828963],[6.815732483821386,46.18291027444232],[6.8157123,46.182916062845855],[6.815692116178615,46.18291027444232],[6.815683755766056,46.1828963],[6.815692116178615,46.182882325557685],[6.8157123,46.18287653715415],[6.815732483821386,46.182882325557685],[6.815740844233945,46.1828963]]]}},{"type":"Feature","id":"pylon-champery-portes-du-soleil-208","properties":{"kind":"pylon","name":"Lift tower","height":13},"geometry":{"type":"Polygon","coordinates":[[[6.815188944222055,46.1828734],[6.815180583812979,46.182887374442316],[6.8151604,46.18289316284585],[6.815140216187021,46.182887374442316],[6.815131855777945,46.1828734],[6.815140216187021,46.18285942555768],[6.8151604,46.182853637154146],[6.815180583812979,46.18285942555768],[6.815188944222055,46.1828734]]]}},{"type":"Feature","id":"pylon-champery-portes-du-soleil-209","properties":{"kind":"pylon","name":"Lift tower","height":13},"geometry":{"type":"Polygon","coordinates":[[[6.808390943779449,46.1820209],[6.808382583500009,46.182034874442316],[6.8083624,46.18204066284585],[6.808342216499991,46.182034874442316],[6.808333856220551,46.1820209],[6.808342216499991,46.18200692555768],[6.8083624,46.182001137154145],[6.808382583500009,46.18200692555768],[6.808390943779449,46.1820209]]]}},{"type":"Feature","id":"pylon-champery-portes-du-soleil-210","properties":{"kind":"pylon","name":"Lift tower","height":13},"geometry":{"type":"Polygon","coordinates":[[[6.808721343968327,46.1823847],[6.808712983633566,46.18239867444232],[6.8086928,46.18240446284585],[6.808672616366435,46.18239867444232],[6.8086642560316735,46.1823847],[6.808672616366435,46.18237072555768],[6.8086928,46.18236493715415],[6.808712983633566,46.18237072555768],[6.808721343968327,46.1823847]]]}},{"type":"Feature","id":"pylon-champery-portes-du-soleil-211","properties":{"kind":"pylon","name":"Lift tower","height":13},"geometry":{"type":"Polygon","coordinates":[[[6.807684643375644,46.1812431],[6.807676283214476,46.18125707444232],[6.8076561,46.181262862845855],[6.807635916785524,46.18125707444232],[6.807627556624356,46.1812431],[6.807635916785524,46.181229125557685],[6.8076561,46.18122333715415],[6.807676283214476,46.181229125557685],[6.807684643375644,46.1812431]]]}},{"type":"Feature","id":"pylon-champery-portes-du-soleil-212","properties":{"kind":"pylon","name":"Lift tower","height":13},"geometry":{"type":"Polygon","coordinates":[[[6.806957242959812,46.1804421],[6.806948882920438,46.18045607444232],[6.8069287,46.18046186284585],[6.806908517079562,46.18045607444232],[6.806900157040189,46.1804421],[6.806908517079562,46.18042812555768],[6.8069287,46.18042233715415],[6.806948882920438,46.18042812555768],[6.806957242959812,46.1804421]]]}},{"type":"Feature","id":"pylon-champery-portes-du-soleil-213","properties":{"kind":"pylon","name":"Lift tower","height":13},"geometry":{"type":"Polygon","coordinates":[[[6.807071043024859,46.1805674],[6.807062682966433,46.18058137444232],[6.8070425,46.18058716284585],[6.807022317033566,46.18058137444232],[6.8070139569751404,46.1805674],[6.807022317033566,46.18055342555768],[6.8070425,46.18054763715415],[6.807062682966433,46.18055342555768],[6.807071043024859,46.1805674]]]}},{"type":"Feature","id":"pylon-champery-portes-du-soleil-214","properties":{"kind":"pylon","name":"Lift tower","height":13},"geometry":{"type":"Polygon","coordinates":[[[6.806162542505479,46.1795669],[6.806154182599176,46.179580874442316],[6.806134,46.17958666284585],[6.806113817400824,46.179580874442316],[6.806105457494521,46.1795669],[6.806113817400824,46.17955292555768],[6.806134,46.179547137154145],[6.806154182599176,46.17955292555768],[6.806162542505479,46.1795669]]]}},{"type":"Feature","id":"pylon-champery-portes-du-soleil-215","properties":{"kind":"pylon","name":"Lift tower","height":13},"geometry":{"type":"Polygon","coordinates":[[[6.805710242246915,46.1790688],[6.805701882416344,46.17908277444232],[6.8056817,46.179088562845855],[6.805661517583656,46.17908277444232],[6.805653157753085,46.1790688],[6.805661517583656,46.179054825557685],[6.8056817,46.17904903715415],[6.805701882416344,46.179054825557685],[6.805710242246915,46.1790688]]]}},{"type":"Feature","id":"pylon-champery-portes-du-soleil-216","properties":{"kind":"pylon","name":"Lift tower","height":13},"geometry":{"type":"Polygon","coordinates":[[[6.805141041920256,46.1784395],[6.805132682185361,46.17845347444232],[6.8051125,46.178459262845855],[6.805092317814639,46.17845347444232],[6.805083958079744,46.1784395],[6.805092317814639,46.178425525557685],[6.8051125,46.17841973715415],[6.805132682185361,46.178425525557685],[6.805141041920256,46.1784395]]]}},{"type":"Feature","id":"pylon-champery-portes-du-soleil-217","properties":{"kind":"pylon","name":"Lift tower","height":13},"geometry":{"type":"Polygon","coordinates":[[[6.80546634210754,46.1788003],[6.805457982317791,46.17881427444232],[6.8054378,46.17882006284585],[6.805417617682209,46.17881427444232],[6.80540925789246,46.1788003],[6.805417617682209,46.17878632555768],[6.8054378,46.17878053715415],[6.805457982317791,46.17878632555768],[6.80546634210754,46.1788003]]]}},{"type":"Feature","id":"pylon-champery-portes-du-soleil-218","properties":{"kind":"pylon","name":"Lift tower","height":13},"geometry":{"type":"Polygon","coordinates":[[[6.804152441349289,46.1773395],[6.804144081781627,46.17735347444232],[6.8041239,46.177359262845854],[6.804103718218372,46.17735347444232],[6.80409535865071,46.1773395],[6.804103718218372,46.177325525557684],[6.8041239,46.17731973715415],[6.804144081781627,46.177325525557684],[6.804152441349289,46.1773395]]]}},{"type":"Feature","id":"pylon-champery-portes-du-soleil-219","properties":{"kind":"pylon","name":"Lift tower","height":13},"geometry":{"type":"Polygon","coordinates":[[[6.803562041008335,46.1766826],[6.803553681540536,46.17669657444232],[6.8035335,46.17670236284585],[6.803513318459465,46.17669657444232],[6.803504958991666,46.1766826],[6.803513318459465,46.17666862555768],[6.8035335,46.17666283715415],[6.803553681540536,46.17666862555768],[6.803562041008335,46.1766826]]]}},{"type":"Feature","id":"pylon-champery-portes-du-soleil-220","properties":{"kind":"pylon","name":"Lift tower","height":13},"geometry":{"type":"Polygon","coordinates":[[[6.795387750559879,46.1950764],[6.795379388294497,46.195090374442316],[6.7953592,46.19509616284585],[6.7953390117055035,46.195090374442316],[6.795330649440121,46.1950764],[6.7953390117055035,46.19506242555768],[6.7953592,46.195056637154146],[6.795379388294497,46.19506242555768],[6.795387750559879,46.1950764]]]}},{"type":"Feature","id":"pylon-champery-portes-du-soleil-221","properties":{"kind":"pylon","name":"Lift tower","height":13},"geometry":{"type":"Polygon","coordinates":[[[6.796902750208836,46.1944007],[6.796894388046272,46.19441467444232],[6.7968742,46.194420462845855],[6.796854011953728,46.19441467444232],[6.796845649791165,46.1944007],[6.796854011953728,46.194386725557685],[6.7968742,46.19438093715415],[6.796894388046272,46.194386725557685],[6.796902750208836,46.1944007]]]}},{"type":"Feature","id":"pylon-champery-portes-du-soleil-222","properties":{"kind":"pylon","name":"Lift tower","height":13},"geometry":{"type":"Polygon","coordinates":[[[6.798983949726685,46.1934726],[6.79897558770534,46.19348657444232],[6.7989554,46.19349236284585],[6.798935212294659,46.19348657444232],[6.798926850273315,46.1934726],[6.798935212294659,46.19345862555768],[6.7989554,46.19345283715415],[6.79897558770534,46.19345862555768],[6.798983949726685,46.1934726]]]}},{"type":"Feature","id":"pylon-champery-portes-du-soleil-223","properties":{"kind":"pylon","name":"Lift tower","height":13},"geometry":{"type":"Polygon","coordinates":[[[6.800149749456606,46.1929527],[6.8001413875143655,46.19296667444232],[6.8001212,46.19297246284585],[6.800101012485635,46.19296667444232],[6.8000926505433945,46.1929527],[6.800101012485635,46.19293872555768],[6.8001212,46.19293293715415],[6.8001413875143655,46.19293872555768],[6.800149749456606,46.1929527]]]}},{"type":"Feature","id":"pylon-champery-portes-du-soleil-224","properties":{"kind":"pylon","name":"Lift tower","height":13},"geometry":{"type":"Polygon","coordinates":[[[6.803086048776376,46.1916432],[6.803077687033371,46.19165717444232],[6.8030575,46.191662962845854],[6.80303731296663,46.19165717444232],[6.803028951223625,46.1916432],[6.80303731296663,46.19162922555768],[6.8030575,46.19162343715415],[6.803077687033371,46.19162922555768],[6.803086048776376,46.1916432]]]}},{"type":"Feature","id":"pylon-champery-portes-du-soleil-225","properties":{"kind":"pylon","name":"Lift tower","height":13},"geometry":{"type":"Polygon","coordinates":[[[6.8039981485650705,46.1912364],[6.803989786883954,46.19125037444232],[6.8039696,46.19125616284585],[6.8039494131160465,46.19125037444232],[6.80394105143493,46.1912364],[6.8039494131160465,46.19122242555768],[6.8039696,46.19121663715415],[6.803989786883954,46.19122242555768],[6.8039981485650705,46.1912364]]]}},{"type":"Feature","id":"pylon-champery-portes-du-soleil-226","properties":{"kind":"pylon","name":"Lift tower","height":13},"geometry":{"type":"Polygon","coordinates":[[[6.805723048165483,46.1904671],[6.805714686601403,46.19048107444232],[6.8056945,46.19048686284585],[6.8056743133985975,46.19048107444232],[6.805665951834518,46.1904671],[6.8056743133985975,46.19045312555768],[6.8056945,46.19044733715415],[6.805714686601403,46.19045312555768],[6.805723048165483,46.1904671]]]}},{"type":"Feature","id":"pylon-champery-portes-du-soleil-227","properties":{"kind":"pylon","name":"Lift tower","height":13},"geometry":{"type":"Polygon","coordinates":[[[6.807183847827094,46.1898156],[6.8071754863621265,46.18982957444232],[6.8071553,46.189835362845855],[6.807135113637873,46.18982957444232],[6.8071267521729055,46.1898156],[6.807135113637873,46.189801625557685],[6.8071553,46.18979583715415],[6.8071754863621265,46.189801625557685],[6.807183847827094,46.1898156]]]}},{"type":"Feature","id":"pylon-champery-portes-du-soleil-228","properties":{"kind":"pylon","name":"Lift tower","height":13},"geometry":{"type":"Polygon","coordinates":[[[6.807442447767157,46.1897002],[6.807434086319745,46.189714174442315],[6.8074139,46.18971996284585],[6.807393713680256,46.189714174442315],[6.807385352232844,46.1897002],[6.807393713680256,46.18968622555768],[6.8074139,46.189680437154145],[6.807434086319745,46.18968622555768],[6.807442447767157,46.1897002]]]}},{"type":"Feature","id":"pylon-champery-portes-du-soleil-229","properties":{"kind":"pylon","name":"Lift tower","height":13},"geometry":{"type":"Polygon","coordinates":[[[6.809144047373002,46.1889413],[6.809135686041035,46.18895527444232],[6.8091155,46.188961062845856],[6.809095313958965,46.18895527444232],[6.8090869526269975,46.1889413],[6.809095313958965,46.188927325557685],[6.8091155,46.18892153715415],[6.809135686041035,46.188927325557685],[6.809144047373002,46.1889413]]]}},{"type":"Feature","id":"pylon-champery-portes-du-soleil-230","properties":{"kind":"pylon","name":"Lift tower","height":13},"geometry":{"type":"Polygon","coordinates":[[[6.81084974697793,46.1881806],[6.810841385761677,46.18819457444232],[6.8108212,46.188200362845855],[6.810801014238324,46.18819457444232],[6.81079265302207,46.1881806],[6.810801014238324,46.188166625557685],[6.8108212,46.18816083715415],[6.810841385761677,46.188166625557685],[6.81084974697793,46.1881806]]]}},{"type":"Feature","id":"pylon-champery-portes-du-soleil-231","properties":{"kind":"pylon","name":"Lift tower","height":13},"geometry":{"type":"Polygon","coordinates":[[[6.812713746546156,46.1873492],[6.812705385456367,46.18736317444232],[6.8126852,46.18736896284585],[6.812665014543633,46.18736317444232],[6.8126566534538435,46.1873492],[6.812665014543633,46.18733522555768],[6.8126852,46.18732943715415],[6.812705385456367,46.18733522555768],[6.812713746546156,46.1873492]]]}},{"type":"Feature","id":"pylon-champery-portes-du-soleil-232","properties":{"kind":"pylon","name":"Lift tower","height":13},"geometry":{"type":"Polygon","coordinates":[[[6.814705246084906,46.186461],[6.814696885130213,46.18647497444232],[6.8146767,46.186480762845854],[6.814656514869786,46.18647497444232],[6.814648153915093,46.186461],[6.814656514869786,46.18644702555768],[6.8146767,46.18644123715415],[6.814696885130213,46.18644702555768],[6.814705246084906,46.186461]]]}},{"type":"Feature","id":"pylon-champery-portes-du-soleil-233","properties":{"kind":"pylon","name":"Lift tower","height":13},"geometry":{"type":"Polygon","coordinates":[[[6.815881445812436,46.1859363],[6.8158730849375475,46.18595027444232],[6.8158529,46.185956062845854],[6.815832715062453,46.18595027444232],[6.815824354187565,46.1859363],[6.815832715062453,46.185922325557684],[6.8158529,46.18591653715415],[6.8158730849375475,46.185922325557684],[6.815881445812436,46.1859363]]]}},{"type":"Feature","id":"pylon-champery-portes-du-soleil-234","properties":{"kind":"pylon","name":"Lift tower","height":13},"geometry":{"type":"Polygon","coordinates":[[[6.79434215058201,46.195119],[6.794333788310146,46.195132974442316],[6.7943136,46.19513876284585],[6.7942934116898535,46.195132974442316],[6.794285049417989,46.195119],[6.7942934116898535,46.19510502555768],[6.7943136,46.195099237154146],[6.794333788310146,46.19510502555768],[6.79434215058201,46.195119]]]}},{"type":"Feature","id":"pylon-champery-portes-du-soleil-235","properties":{"kind":"pylon","name":"Lift tower","height":13},"geometry":{"type":"Polygon","coordinates":[[[6.793208951004038,46.1959313],[6.793200588608565,46.195945274442316],[6.7931804,46.19595106284585],[6.7931602113914344,46.195945274442316],[6.7931518489959615,46.1959313],[6.7931602113914344,46.19591732555768],[6.7931804,46.195911537154146],[6.793200588608565,46.19591732555768],[6.793208951004038,46.1959313]]]}},{"type":"Feature","id":"pylon-champery-portes-du-soleil-236","properties":{"kind":"pylon","name":"Lift tower","height":13},"geometry":{"type":"Polygon","coordinates":[[[6.792830851144892,46.1962024],[6.792822488708164,46.196216374442315],[6.7928023,46.19622216284585],[6.792782111291836,46.196216374442315],[6.792773748855108,46.1962024],[6.792782111291836,46.19618842555768],[6.7928023,46.196182637154145],[6.792822488708164,46.19618842555768],[6.792830851144892,46.1962024]]]}},{"type":"Feature","id":"pylon-champery-portes-du-soleil-237","properties":{"kind":"pylon","name":"Lift tower","height":13},"geometry":{"type":"Polygon","coordinates":[[[6.7911530517697924,46.1974051],[6.791144689150035,46.197419074442315],[6.7911245,46.19742486284585],[6.791104310849964,46.197419074442315],[6.791095948230207,46.1974051],[6.791104310849964,46.19739112555768],[6.7911245,46.197385337154145],[6.791144689150035,46.19739112555768],[6.7911530517697924,46.1974051]]]}},{"type":"Feature","id":"pylon-champery-portes-du-soleil-238","properties":{"kind":"pylon","name":"Lift tower","height":13},"geometry":{"type":"Polygon","coordinates":[[[6.789734652298136,46.1984219],[6.78972628952363,46.19843587444232],[6.7897061,46.19844166284585],[6.78968591047637,46.19843587444232],[6.7896775477018645,46.1984219],[6.78968591047637,46.19840792555768],[6.7897061,46.19840213715415],[6.78972628952363,46.19840792555768],[6.789734652298136,46.1984219]]]}},{"type":"Feature","id":"pylon-champery-portes-du-soleil-239","properties":{"kind":"pylon","name":"Lift tower","height":13},"geometry":{"type":"Polygon","coordinates":[[[6.7891903525159645,46.1988411],[6.789181989677658,46.19885507444232],[6.7891618,46.198860862845855],[6.789141610322341,46.19885507444232],[6.789133247484035,46.1988411],[6.789141610322341,46.198827125557685],[6.7891618,46.19882133715415],[6.789181989677658,46.198827125557685],[6.7891903525159645,46.1988411]]]}},{"type":"Feature","id":"pylon-champery-portes-du-soleil-240","properties":{"kind":"pylon","name":"Lift tower","height":13},"geometry":{"type":"Polygon","coordinates":[[[6.788522152778854,46.199347],[6.788513789863549,46.19936097444232],[6.7884936,46.199366762845855],[6.788473410136451,46.19936097444232],[6.788465047221146,46.199347],[6.788473410136451,46.199333025557685],[6.7884936,46.19932723715415],[6.788513789863549,46.199333025557685],[6.788522152778854,46.199347]]]}},{"type":"Feature","id":"pylon-champery-portes-du-soleil-241","properties":{"kind":"pylon","name":"Lift tower","height":13},"geometry":{"type":"Polygon","coordinates":[[[6.7874708531771235,46.2001134],[6.787462490145169,46.20012737444232],[6.7874423,46.20013316284585],[6.787422109854832,46.20012737444232],[6.787413746822877,46.2001134],[6.787422109854832,46.20009942555768],[6.7874423,46.20009363715415],[6.787462490145169,46.20009942555768],[6.7874708531771235,46.2001134]]]}},{"type":"Feature","id":"pylon-champery-portes-du-soleil-242","properties":{"kind":"pylon","name":"Lift tower","height":13},"geometry":{"type":"Polygon","coordinates":[[[6.786789053458011,46.2006539],[6.786780690343786,46.20066787444232],[6.7867605,46.20067366284585],[6.7867403096562136,46.20066787444232],[6.786731946541988,46.2006539],[6.7867403096562136,46.20063992555768],[6.7867605,46.20063413715415],[6.786780690343786,46.20063992555768],[6.786789053458011,46.2006539]]]}},{"type":"Feature","id":"pylon-champery-portes-du-soleil-243","properties":{"kind":"pylon","name":"Lift tower","height":13},"geometry":{"type":"Polygon","coordinates":[[[6.785107754084308,46.201859],[6.785099390786645,46.20187297444232],[6.7850792,46.20187876284585],[6.785059009213356,46.20187297444232],[6.7850506459156925,46.201859],[6.785059009213356,46.20184502555768],[6.7850792,46.20183923715415],[6.785099390786645,46.20184502555768],[6.785107754084308,46.201859]]]}},{"type":"Feature","id":"pylon-champery-portes-du-soleil-244","properties":{"kind":"pylon","name":"Lift tower","height":13},"geometry":{"type":"Polygon","coordinates":[[[6.78399535450711,46.2026725],[6.783986991085611,46.20268647444232],[6.7839668,46.20269226284585],[6.7839466089143885,46.20268647444232],[6.78393824549289,46.2026725],[6.7839466089143885,46.20265852555768],[6.7839668,46.202652737154146],[6.783986991085611,46.20265852555768],[6.78399535450711,46.2026725]]]}},{"type":"Feature","id":"pylon-champery-portes-du-soleil-245","properties":{"kind":"pylon","name":"Lift tower","height":13},"geometry":{"type":"Polygon","coordinates":[[[6.783045054870158,46.203371],[6.783036691342325,46.203384974442315],[6.7830165,46.20339076284585],[6.782996308657674,46.203384974442315],[6.782987945129841,46.203371],[6.782996308657674,46.20335702555768],[6.7830165,46.203351237154145],[6.783036691342325,46.20335702555768],[6.783045054870158,46.203371]]]}},{"type":"Feature","id":"pylon-champery-portes-du-soleil-246","properties":{"kind":"pylon","name":"Lift tower","height":13},"geometry":{"type":"Polygon","coordinates":[[[6.781986455281352,46.2041621],[6.781978091633083,46.204176074442316],[6.7819579,46.20418186284585],[6.781937708366917,46.204176074442316],[6.781929344718648,46.2041621],[6.781937708366917,46.20414812555768],[6.7819579,46.204142337154146],[6.781978091633083,46.20414812555768],[6.781986455281352,46.2041621]]]}},{"type":"Feature","id":"pylon-champery-portes-du-soleil-247","properties":{"kind":"pylon","name":"Lift tower","height":13},"geometry":{"type":"Polygon","coordinates":[[[6.780656155778955,46.2051194],[6.780647791984941,46.20513337444232],[6.7806276,46.20513916284585],[6.780607408015059,46.20513337444232],[6.780599044221045,46.2051194],[6.780607408015059,46.20510542555768],[6.7806276,46.20509963715415],[6.780647791984941,46.20510542555768],[6.780656155778955,46.2051194]]]}},{"type":"Feature","id":"pylon-champery-portes-du-soleil-248","properties":{"kind":"pylon","name":"Lift tower","height":13},"geometry":{"type":"Polygon","coordinates":[[[6.779988056013237,46.2055701],[6.7799796921506035,46.20558407444232],[6.7799595,46.205589862845855],[6.779939307849397,46.20558407444232],[6.779930943986764,46.2055701],[6.779939307849397,46.205556125557685],[6.7799595,46.20555033715415],[6.7799796921506035,46.205556125557685],[6.779988056013237,46.2055701]]]}},{"type":"Feature","id":"pylon-champery-portes-du-soleil-249","properties":{"kind":"pylon","name":"Lift tower","height":13},"geometry":{"type":"Polygon","coordinates":[[[6.776352956317079,46.2061546],[6.776344592365452,46.206168574442316],[6.7763244,46.20617436284585],[6.776304207634548,46.206168574442316],[6.776295843682921,46.2061546],[6.776304207634548,46.20614062555768],[6.7763244,46.206134837154146],[6.776344592365452,46.20614062555768],[6.776352956317079,46.2061546]]]}},{"type":"Feature","id":"pylon-champery-portes-du-soleil-250","properties":{"kind":"pylon","name":"Lift tower","height":13},"geometry":{"type":"Polygon","coordinates":[[[6.775978955762737,46.2050882],[6.775970591973473,46.20510217444232],[6.7759504,46.20510796284585],[6.775930208026527,46.20510217444232],[6.7759218442372635,46.2050882],[6.775930208026527,46.20507422555768],[6.7759504,46.20506843715415],[6.775970591973473,46.20507422555768],[6.775978955762737,46.2050882]]]}},{"type":"Feature","id":"pylon-champery-portes-du-soleil-251","properties":{"kind":"pylon","name":"Lift tower","height":13},"geometry":{"type":"Polygon","coordinates":[[[6.77573375539924,46.2043889],[6.775725391716442,46.204402874442316],[6.7757052,46.20440866284585],[6.775685008283558,46.204402874442316],[6.77567664460076,46.2043889],[6.775685008283558,46.20437492555768],[6.7757052,46.204369137154146],[6.775725391716442,46.20437492555768],[6.77573375539924,46.2043889]]]}},{"type":"Feature","id":"pylon-champery-portes-du-soleil-252","properties":{"kind":"pylon","name":"Lift tower","height":13},"geometry":{"type":"Polygon","coordinates":[[[6.775658655287901,46.2041747],[6.775650291637714,46.20418867444232],[6.7756301,46.204194462845855],[6.775609908362286,46.20418867444232],[6.7756015447120985,46.2041747],[6.775609908362286,46.204160725557685],[6.7756301,46.20415493715415],[6.775650291637714,46.204160725557685],[6.775658655287901,46.2041747]]]}},{"type":"Feature","id":"pylon-champery-portes-du-soleil-253","properties":{"kind":"pylon","name":"Lift tower","height":13},"geometry":{"type":"Polygon","coordinates":[[[6.775458654991368,46.2036042],[6.775450291428033,46.20361817444232],[6.7754301,46.20362396284585],[6.775409908571968,46.20361817444232],[6.7754015450086325,46.2036042],[6.775409908571968,46.20359022555768],[6.7754301,46.20358443715415],[6.775450291428033,46.20359022555768],[6.775458654991368,46.2036042]]]}},{"type":"Feature","id":"pylon-champery-portes-du-soleil-254","properties":{"kind":"pylon","name":"Lift tower","height":13},"geometry":{"type":"Polygon","coordinates":[[[6.775127854501081,46.2026609],[6.775119491081348,46.202674874442316],[6.7750993,46.20268066284585],[6.775079108918652,46.202674874442316],[6.775070745498919,46.2026609],[6.775079108918652,46.20264692555768],[6.7750993,46.202641137154146],[6.775119491081348,46.20264692555768],[6.775127854501081,46.2026609]]]}},{"type":"Feature","id":"pylon-champery-portes-du-soleil-255","properties":{"kind":"pylon","name":"Lift tower","height":13},"geometry":{"type":"Polygon","coordinates":[[[6.77507815442733,46.202519],[6.775069791029198,46.20253297444232],[6.7750496,46.202538762845855],[6.775029408970802,46.20253297444232],[6.77502104557267,46.202519],[6.775029408970802,46.202505025557684],[6.7750496,46.20249923715415],[6.775069791029198,46.202505025557684],[6.77507815442733,46.202519]]]}},{"type":"Feature","id":"pylon-champery-portes-du-soleil-256","properties":{"kind":"pylon","name":"Lift tower","height":13},"geometry":{"type":"Polygon","coordinates":[[[6.774776253979896,46.2016581],[6.774767890712814,46.20167207444232],[6.7747477,46.201677862845855],[6.774727509287185,46.20167207444232],[6.774719146020104,46.2016581],[6.774727509287185,46.201644125557685],[6.7747477,46.20163833715415],[6.774767890712814,46.201644125557685],[6.774776253979896,46.2016581]]]}},{"type":"Feature","id":"pylon-champery-portes-du-soleil-257","properties":{"kind":"pylon","name":"Lift tower","height":13},"geometry":{"type":"Polygon","coordinates":[[[6.774182253099381,46.1999638],[6.774173890090196,46.19997777444232],[6.7741537,46.19998356284585],[6.774133509909804,46.19997777444232],[6.774125146900619,46.1999638],[6.774133509909804,46.19994982555768],[6.7741537,46.19994403715415],[6.774173890090196,46.19994982555768],[6.774182253099381,46.1999638]]]}},{"type":"Feature","id":"pylon-champery-portes-du-soleil-258","properties":{"kind":"pylon","name":"Lift tower","height":13},"geometry":{"type":"Polygon","coordinates":[[[6.773701352386732,46.1985924],[6.773692989586277,46.19860637444232],[6.7736728,46.198612162845855],[6.7736526104137225,46.19860637444232],[6.773644247613268,46.1985924],[6.7736526104137225,46.198578425557685],[6.7736728,46.19857263715415],[6.773692989586277,46.198578425557685],[6.773701352386732,46.1985924]]]}},{"type":"Feature","id":"pylon-champery-portes-du-soleil-259","properties":{"kind":"pylon","name":"Lift tower","height":13},"geometry":{"type":"Polygon","coordinates":[[[6.773458952027413,46.1979009],[6.7734505893322,46.19791487444232],[6.7734304,46.19792066284585],[6.773410210667799,46.19791487444232],[6.773401847972586,46.1979009],[6.773410210667799,46.19788692555768],[6.7734304,46.19788113715415],[6.7734505893322,46.19788692555768],[6.773458952027413,46.1979009]]]}},{"type":"Feature","id":"pylon-champery-portes-du-soleil-260","properties":{"kind":"pylon","name":"Lift tower","height":13},"geometry":{"type":"Polygon","coordinates":[[[6.791466059327469,46.2119447],[6.791457694494119,46.211958674442315],[6.7914375,46.21196446284585],[6.79141730550588,46.211958674442315],[6.791408940672531,46.2119447],[6.79141730550588,46.21193072555768],[6.7914375,46.211924937154144],[6.791457694494119,46.21193072555768],[6.791466059327469,46.2119447]]]}},{"type":"Feature","id":"pylon-champery-portes-du-soleil-261","properties":{"kind":"pylon","name":"Lift tower","height":13},"geometry":{"type":"Polygon","coordinates":[[[6.791738859836719,46.212924],[6.791730494854214,46.21293797444232],[6.7917103,46.21294376284585],[6.791690105145786,46.21293797444232],[6.791681740163281,46.212924],[6.791690105145786,46.21291002555768],[6.7917103,46.21290423715415],[6.791730494854214,46.21291002555768],[6.791738859836719,46.212924]]]}},{"type":"Feature","id":"pylon-champery-portes-du-soleil-262","properties":{"kind":"pylon","name":"Lift tower","height":13},"geometry":{"type":"Polygon","coordinates":[[[6.791963860256701,46.2137316],[6.791955495151186,46.21374557444232],[6.7919353,46.213751362845855],[6.7919151048488136,46.21374557444232],[6.791906739743298,46.2137316],[6.7919151048488136,46.213717625557685],[6.7919353,46.21371183715415],[6.791955495151186,46.213717625557685],[6.791963860256701,46.2137316]]]}},{"type":"Feature","id":"pylon-champery-portes-du-soleil-263","properties":{"kind":"pylon","name":"Lift tower","height":13},"geometry":{"type":"Polygon","coordinates":[[[6.792205960708635,46.2146006],[6.792197595470752,46.214614574442315],[6.7921774,46.21462036284585],[6.792157204529248,46.214614574442315],[6.7921488392913645,46.2146006],[6.792157204529248,46.21458662555768],[6.7921774,46.214580837154145],[6.792197595470752,46.21458662555768],[6.792205960708635,46.2146006]]]}},{"type":"Feature","id":"pylon-champery-portes-du-soleil-264","properties":{"kind":"pylon","name":"Lift tower","height":13},"geometry":{"type":"Polygon","coordinates":[[[6.792422361112637,46.2153774],[6.792413995756424,46.21539137444232],[6.7923938,46.21539716284585],[6.7923736042435765,46.21539137444232],[6.792365238887363,46.2153774],[6.7923736042435765,46.21536342555768],[6.7923938,46.21535763715415],[6.792413995756424,46.21536342555768],[6.792422361112637,46.2153774]]]}},{"type":"Feature","id":"pylon-champery-portes-du-soleil-265","properties":{"kind":"pylon","name":"Lift tower","height":13},"geometry":{"type":"Polygon","coordinates":[[[6.792705161640652,46.2163926],[6.792696796129787,46.21640657444232],[6.7926766,46.21641236284585],[6.792656403870213,46.21640657444232],[6.792648038359348,46.2163926],[6.792656403870213,46.21637862555768],[6.7926766,46.21637283715415],[6.792696796129787,46.21637862555768],[6.792705161640652,46.2163926]]]}},{"type":"Feature","id":"pylon-champery-portes-du-soleil-266","properties":{"kind":"pylon","name":"Lift tower","height":13},"geometry":{"type":"Polygon","coordinates":[[[6.793119262413794,46.217879],[6.79311089667648,46.21789297444232],[6.7930907,46.217898762845856],[6.793070503323519,46.21789297444232],[6.7930621375862055,46.217879],[6.793070503323519,46.217865025557685],[6.7930907,46.21785923715415],[6.79311089667648,46.217865025557685],[6.793119262413794,46.217879]]]}},{"type":"Feature","id":"pylon-champery-portes-du-soleil-267","properties":{"kind":"pylon","name":"Lift tower","height":13},"geometry":{"type":"Polygon","coordinates":[[[6.793166362501754,46.2180481],[6.793157996738678,46.218062074442315],[6.7931378,46.21806786284585],[6.793117603261322,46.218062074442315],[6.793109237498246,46.2180481],[6.793117603261322,46.21803412555768],[6.7931378,46.218028337154145],[6.793157996738678,46.21803412555768],[6.793166362501754,46.2180481]]]}},{"type":"Feature","id":"pylon-champery-portes-du-soleil-268","properties":{"kind":"pylon","name":"Lift tower","height":13},"geometry":{"type":"Polygon","coordinates":[[[6.7941740619778015,46.2170408],[6.794165696368188,46.21705477444232],[6.7941455,46.21706056284585],[6.794125303631812,46.21705477444232],[6.794116938022198,46.2170408],[6.794125303631812,46.21702682555768],[6.7941455,46.21702103715415],[6.794165696368188,46.21702682555768],[6.7941740619778015,46.2170408]]]}},{"type":"Feature","id":"pylon-champery-portes-du-soleil-269","properties":{"kind":"pylon","name":"Lift tower","height":13},"geometry":{"type":"Polygon","coordinates":[[[6.795495161653967,46.2164182],[6.795486796139202,46.21643217444232],[6.7954666,46.21643796284585],[6.795446403860798,46.21643217444232],[6.795438038346033,46.2164182],[6.795446403860798,46.21640422555768],[6.7954666,46.21639843715415],[6.795486796139202,46.21640422555768],[6.795495161653967,46.2164182]]]}},{"type":"Feature","id":"pylon-champery-portes-du-soleil-270","properties":{"kind":"pylon","name":"Lift tower","height":13},"geometry":{"type":"Polygon","coordinates":[[[6.796222861475618,46.2160753],[6.79621449601309,46.21608927444232],[6.7961943,46.21609506284585],[6.7961741039869095,46.21608927444232],[6.796165738524381,46.2160753],[6.7961741039869095,46.21606132555768],[6.7961943,46.21605553715415],[6.79621449601309,46.21606132555768],[6.796222861475618,46.2160753]]]}},{"type":"Feature","id":"pylon-champery-portes-du-soleil-271","properties":{"kind":"pylon","name":"Lift tower","height":13},"geometry":{"type":"Polygon","coordinates":[[[6.797024561279121,46.2156975],[6.7970161958741455,46.215711474442315],[6.796996,46.21571726284585],[6.796975804125855,46.215711474442315],[6.796967438720879,46.2156975],[6.796975804125855,46.21568352555768],[6.796996,46.215677737154145],[6.7970161958741455,46.21568352555768],[6.797024561279121,46.2156975]]]}},{"type":"Feature","id":"pylon-champery-portes-du-soleil-272","properties":{"kind":"pylon","name":"Lift tower","height":13},"geometry":{"type":"Polygon","coordinates":[[[6.79843856093253,46.2150311],[6.798430195629068,46.215045074442315],[6.79841,46.21505086284585],[6.798389804370931,46.215045074442315],[6.7983814390674695,46.2150311],[6.798389804370931,46.21501712555768],[6.79841,46.215011337154145],[6.798430195629068,46.21501712555768],[6.79843856093253,46.2150311]]]}},{"type":"Feature","id":"pylon-champery-portes-du-soleil-273","properties":{"kind":"pylon","name":"Lift tower","height":13},"geometry":{"type":"Polygon","coordinates":[[[6.799315960715396,46.2146136],[6.799307595475533,46.21462757444232],[6.7992874,46.21463336284585],[6.799267204524467,46.21462757444232],[6.799258839284604,46.2146136],[6.799267204524467,46.21459962555768],[6.7992874,46.21459383715415],[6.799307595475533,46.21459962555768],[6.799315960715396,46.2146136]]]}},{"type":"Feature","id":"pylon-champery-portes-du-soleil-274","properties":{"kind":"pylon","name":"Lift tower","height":13},"geometry":{"type":"Polygon","coordinates":[[[6.800375260456144,46.2141151],[6.800366895292213,46.21412907444232],[6.8003467,46.21413486284585],[6.800326504707788,46.21412907444232],[6.800318139543857,46.2141151],[6.800326504707788,46.21410112555768],[6.8003467,46.21409533715415],[6.800366895292213,46.21410112555768],[6.800375260456144,46.2141151]]]}},{"type":"Feature","id":"pylon-champery-portes-du-soleil-275","properties":{"kind":"pylon","name":"Lift tower","height":13},"geometry":{"type":"Polygon","coordinates":[[[6.800723060368357,46.2139463],[6.8007146952301385,46.21396027444232],[6.8006945,46.213966062845856],[6.800674304769861,46.21396027444232],[6.800665939631642,46.2139463],[6.800674304769861,46.213932325557685],[6.8006945,46.21392653715415],[6.8007146952301385,46.213932325557685],[6.800723060368357,46.2139463]]]}},{"type":"Feature","id":"pylon-champery-portes-du-soleil-276","properties":{"kind":"pylon","name":"Lift tower","height":13},"geometry":{"type":"Polygon","coordinates":[[[6.802228260000893,46.2132397],[6.802219894970302,46.21325367444232],[6.8021997,46.213259462845855],[6.802179505029698,46.21325367444232],[6.802171139999107,46.2132397],[6.802179505029698,46.213225725557685],[6.8021997,46.21321993715415],[6.802219894970302,46.213225725557685],[6.802228260000893,46.2132397]]]}},{"type":"Feature","id":"pylon-champery-portes-du-soleil-277","properties":{"kind":"pylon","name":"Lift tower","height":13},"geometry":{"type":"Polygon","coordinates":[[[6.802854059848159,46.212946],[6.802845694862303,46.21295997444232],[6.8028255,46.212965762845855],[6.802805305137697,46.21295997444232],[6.802796940151841,46.212946],[6.802805305137697,46.212932025557684],[6.8028255,46.21292623715415],[6.802845694862303,46.212932025557684],[6.802854059848159,46.212946]]]}},{"type":"Feature","id":"pylon-champery-portes-du-soleil-278","properties":{"kind":"pylon","name":"Lift tower","height":13},"geometry":{"type":"Polygon","coordinates":[[[6.804524359440466,46.212162],[6.80451599457402,46.21217597444232],[6.8044958,46.21218176284585],[6.80447560542598,46.21217597444232],[6.804467240559534,46.212162],[6.80447560542598,46.21214802555768],[6.8044958,46.21214223715415],[6.80451599457402,46.21214802555768],[6.804524359440466,46.212162]]]}},{"type":"Feature","id":"pylon-champery-portes-du-soleil-279","properties":{"kind":"pylon","name":"Lift tower","height":13},"geometry":{"type":"Polygon","coordinates":[[[6.790941971308378,46.2349708],[6.790933602965901,46.23498477444232],[6.7909134,46.23499056284585],[6.790893197034099,46.23498477444232],[6.790884828691622,46.2349708],[6.790893197034099,46.23495682555768],[6.7909134,46.23495103715415],[6.790933602965901,46.23495682555768],[6.790941971308378,46.2349708]]]}},{"type":"Feature","id":"pylon-champery-portes-du-soleil-280","properties":{"kind":"pylon","name":"Lift tower","height":13},"geometry":{"type":"Polygon","coordinates":[[[6.792167270795564,46.2339858],[6.792158902603287,46.23399977444232],[6.7921387,46.23400556284585],[6.792118497396713,46.23399977444232],[6.792110129204436,46.2339858],[6.792118497396713,46.23397182555768],[6.7921387,46.23396603715415],[6.792158902603287,46.23397182555768],[6.792167270795564,46.2339858]]]}},{"type":"Feature","id":"pylon-champery-portes-du-soleil-281","properties":{"kind":"pylon","name":"Lift tower","height":13},"geometry":{"type":"Polygon","coordinates":[[[6.792509570652293,46.2337106],[6.79250120250198,46.23372457444232],[6.792481,46.233730362845854],[6.792460797498021,46.23372457444232],[6.7924524293477075,46.2337106],[6.792460797498021,46.233696625557684],[6.792481,46.23369083715415],[6.79250120250198,46.233696625557684],[6.792509570652293,46.2337106]]]}},{"type":"Feature","id":"pylon-champery-portes-du-soleil-282","properties":{"kind":"pylon","name":"Lift tower","height":13},"geometry":{"type":"Polygon","coordinates":[[[6.7933872702849625,46.233005],[6.793378902242238,46.23301897444232],[6.7933587,46.23302476284585],[6.7933384977577616,46.23301897444232],[6.793330129715037,46.233005],[6.7933384977577616,46.23299102555768],[6.7933587,46.232985237154146],[6.793378902242238,46.23299102555768],[6.7933872702849625,46.233005]]]}},{"type":"Feature","id":"pylon-champery-portes-du-soleil-283","properties":{"kind":"pylon","name":"Lift tower","height":13},"geometry":{"type":"Polygon","coordinates":[[[6.7943119698979695,46.2322616],[6.7943036019685925,46.23227557444232],[6.7942834,46.23228136284585],[6.794263198031408,46.23227557444232],[6.794254830102031,46.2322616],[6.794263198031408,46.23224762555768],[6.7942834,46.23224183715415],[6.7943036019685925,46.23224762555768],[6.7943119698979695,46.2322616]]]}},{"type":"Feature","id":"pylon-champery-portes-du-soleil-284","properties":{"kind":"pylon","name":"Lift tower","height":13},"geometry":{"type":"Polygon","coordinates":[[[6.795494169403188,46.2313111],[6.795485801618728,46.23132507444232],[6.7954656,46.23133086284585],[6.795445398381272,46.23132507444232],[6.795437030596812,46.2313111],[6.795445398381272,46.23129712555768],[6.7954656,46.23129133715415],[6.795485801618728,46.23129712555768],[6.795494169403188,46.2313111]]]}},{"type":"Feature","id":"pylon-champery-portes-du-soleil-285","properties":{"kind":"pylon","name":"Lift tower","height":13},"geometry":{"type":"Polygon","coordinates":[[[6.795702769315894,46.2311434],[6.795694401557002,46.23115737444232],[6.7956742,46.23116316284585],[6.795653998442997,46.23115737444232],[6.795645630684105,46.2311434],[6.795653998442997,46.23112942555768],[6.7956742,46.23112363715415],[6.795694401557002,46.23112942555768],[6.795702769315894,46.2311434]]]}},{"type":"Feature","id":"pylon-champery-portes-du-soleil-286","properties":{"kind":"pylon","name":"Lift tower","height":13},"geometry":{"type":"Polygon","coordinates":[[[6.797194968691433,46.2299437],[6.797186601115442,46.22995767444232],[6.7971664,46.22996346284585],[6.797146198884558,46.22995767444232],[6.797137831308567,46.2299437],[6.797146198884558,46.22992972555768],[6.7971664,46.22992393715415],[6.797186601115442,46.22992972555768],[6.797194968691433,46.2299437]]]}},{"type":"Feature","id":"pylon-champery-portes-du-soleil-287","properties":{"kind":"pylon","name":"Lift tower","height":13},"geometry":{"type":"Polygon","coordinates":[[[6.798054668331671,46.2292525],[6.798046300861052,46.22926647444232],[6.7980261,46.22927226284585],[6.798005899138949,46.22926647444232],[6.797997531668329,46.2292525],[6.798005899138949,46.22923852555768],[6.7980261,46.22923273715415],[6.798046300861052,46.22923852555768],[6.798054668331671,46.2292525]]]}},{"type":"Feature","id":"pylon-champery-portes-du-soleil-288","properties":{"kind":"pylon","name":"Lift tower","height":13},"geometry":{"type":"Polygon","coordinates":[[[6.799176267862315,46.2283507],[6.7991679005291665,46.22836467444232],[6.7991477,46.22837046284585],[6.799127499470833,46.22836467444232],[6.799119132137685,46.2283507],[6.799127499470833,46.22833672555768],[6.7991477,46.22833093715415],[6.7991679005291665,46.22833672555768],[6.799176267862315,46.2283507]]]}},{"type":"Feature","id":"pylon-champery-portes-du-soleil-289","properties":{"kind":"pylon","name":"Lift tower","height":13},"geometry":{"type":"Polygon","coordinates":[[[6.799727767631496,46.2279072],[6.799719400365953,46.227921174442315],[6.7996992,46.22792696284585],[6.799678999634047,46.227921174442315],[6.799670632368504,46.2279072],[6.799678999634047,46.22789322555768],[6.7996992,46.227887437154145],[6.799719400365953,46.22789322555768],[6.799727767631496,46.2279072]]]}},{"type":"Feature","id":"pylon-champery-portes-du-soleil-290","properties":{"kind":"pylon","name":"Lift tower","height":13},"geometry":{"type":"Polygon","coordinates":[[[6.801007767095924,46.2268781],[6.800999399987246,46.22689207444232],[6.8009792,46.22689786284585],[6.800959000012753,46.22689207444232],[6.800950632904075,46.2268781],[6.800959000012753,46.22686412555768],[6.8009792,46.22685833715415],[6.800999399987246,46.22686412555768],[6.801007767095924,46.2268781]]]}},{"type":"Feature","id":"pylon-champery-portes-du-soleil-291","properties":{"kind":"pylon","name":"Lift tower","height":13},"geometry":{"type":"Polygon","coordinates":[[[6.801600166848054,46.2264018],[6.801591799811977,46.226415774442316],[6.8015716,46.22642156284585],[6.801551400188023,46.226415774442316],[6.801543033151946,46.2264018],[6.801551400188023,46.22638782555768],[6.8015716,46.226382037154146],[6.801591799811977,46.22638782555768],[6.801600166848054,46.2264018]]]}},{"type":"Feature","id":"pylon-champery-portes-du-soleil-292","properties":{"kind":"pylon","name":"Lift tower","height":13},"geometry":{"type":"Polygon","coordinates":[[[6.8019886666854825,46.2260894],[6.8019802996970204,46.22610337444232],[6.8019601,46.22610916284585],[6.801939900302979,46.22610337444232],[6.801931533314517,46.2260894],[6.801939900302979,46.22607542555768],[6.8019601,46.22606963715415],[6.8019802996970204,46.22607542555768],[6.8019886666854825,46.2260894]]]}},{"type":"Feature","id":"pylon-champery-portes-du-soleil-293","properties":{"kind":"pylon","name":"Lift tower","height":13},"geometry":{"type":"Polygon","coordinates":[[[6.799368367438258,46.2275359],[6.7993600002293135,46.22754987444232],[6.7993398,46.22755566284585],[6.799319599770687,46.22754987444232],[6.799311232561743,46.2275359],[6.799319599770687,46.22752192555768],[6.7993398,46.22751613715415],[6.7993600002293135,46.22752192555768],[6.799368367438258,46.2275359]]]}},{"type":"Feature","id":"pylon-champery-portes-du-soleil-294","properties":{"kind":"pylon","name":"Lift tower","height":13},"geometry":{"type":"Polygon","coordinates":[[[6.800135666813239,46.2263349],[6.800127299787358,46.226348874442316],[6.8001071,46.22635466284585],[6.800086900212642,46.226348874442316],[6.800078533186761,46.2263349],[6.800086900212642,46.22632092555768],[6.8001071,46.226315137154145],[6.800127299787358,46.22632092555768],[6.800135666813239,46.2263349]]]}},{"type":"Feature","id":"pylon-champery-portes-du-soleil-295","properties":{"kind":"pylon","name":"Lift tower","height":13},"geometry":{"type":"Polygon","coordinates":[[[6.800918966175253,46.2251089],[6.800910599336234,46.22512287444232],[6.8008904,46.225128662845854],[6.800870200663766,46.22512287444232],[6.800861833824747,46.2251089],[6.800870200663766,46.225094925557684],[6.8008904,46.22508913715415],[6.800910599336234,46.225094925557684],[6.800918966175253,46.2251089]]]}},{"type":"Feature","id":"pylon-champery-portes-du-soleil-296","properties":{"kind":"pylon","name":"Lift tower","height":13},"geometry":{"type":"Polygon","coordinates":[[[6.801501065701056,46.2241976],[6.801492699000926,46.224211574442315],[6.8014725,46.22421736284585],[6.801452300999074,46.224211574442315],[6.801443934298944,46.2241976],[6.801452300999074,46.22418362555768],[6.8014725,46.224177837154144],[6.801492699000926,46.22418362555768],[6.801501065701056,46.2241976]]]}},{"type":"Feature","id":"pylon-champery-portes-du-soleil-297","properties":{"kind":"pylon","name":"Lift tower","height":13},"geometry":{"type":"Polygon","coordinates":[[[6.8021479651742265,46.2231851],[6.8021395986284015,46.22319907444232],[6.8021194,46.223204862845854],[6.802099201371598,46.22319907444232],[6.802090834825773,46.2231851],[6.802099201371598,46.223171125557684],[6.8021194,46.22316533715415],[6.8021395986284015,46.223171125557684],[6.8021479651742265,46.2231851]]]}},{"type":"Feature","id":"pylon-champery-portes-du-soleil-298","properties":{"kind":"pylon","name":"Lift tower","height":13},"geometry":{"type":"Polygon","coordinates":[[[6.802532564860952,46.222583],[6.802524198406883,46.22259697444232],[6.802504,46.22260276284585],[6.802483801593117,46.22259697444232],[6.802475435139048,46.222583],[6.802483801593117,46.22256902555768],[6.802504,46.22256323715415],[6.802524198406883,46.22256902555768],[6.802532564860952,46.222583]]]}},{"type":"Feature","id":"pylon-champery-portes-du-soleil-299","properties":{"kind":"pylon","name":"Lift tower","height":13},"geometry":{"type":"Polygon","coordinates":[[[6.80312356437964,46.2216579],[6.803115198066544,46.221671874442315],[6.803095,46.22167766284585],[6.803074801933456,46.221671874442315],[6.80306643562036,46.2216579],[6.803074801933456,46.22164392555768],[6.803095,46.221638137154144],[6.803115198066544,46.22164392555768],[6.80312356437964,46.2216579]]]}},{"type":"Feature","id":"pylon-champery-portes-du-soleil-300","properties":{"kind":"pylon","name":"Lift tower","height":13},"geometry":{"type":"Polygon","coordinates":[[[6.803461964104006,46.2211281],[6.803453597871641,46.22114207444232],[6.8034334,46.221147862845854],[6.803413202128359,46.22114207444232],[6.803404835895995,46.2211281],[6.803413202128359,46.22111412555768],[6.8034334,46.22110833715415],[6.803453597871641,46.22111412555768],[6.803461964104006,46.2211281]]]}},{"type":"Feature","id":"pylon-champery-portes-du-soleil-301","properties":{"kind":"pylon","name":"Lift tower","height":13},"geometry":{"type":"Polygon","coordinates":[[[6.804159063536373,46.220037],[6.804150697470264,46.220050974442316],[6.8041305,46.22005676284585],[6.804110302529737,46.220050974442316],[6.804101936463628,46.220037],[6.804110302529737,46.22002302555768],[6.8041305,46.220017237154146],[6.804150697470264,46.22002302555768],[6.804159063536373,46.220037]]]}},{"type":"Feature","id":"pylon-champery-portes-du-soleil-302","properties":{"kind":"pylon","name":"Lift tower","height":13},"geometry":{"type":"Polygon","coordinates":[[[6.804620863160259,46.219314],[6.804612497204311,46.219327974442315],[6.8045923,46.21933376284585],[6.80457210279569,46.219327974442315],[6.804563736839742,46.219314],[6.80457210279569,46.21930002555768],[6.8045923,46.219294237154145],[6.804612497204311,46.21930002555768],[6.804620863160259,46.219314]]]}},{"type":"Feature","id":"pylon-champery-portes-du-soleil-303","properties":{"kind":"pylon","name":"Lift tower","height":13},"geometry":{"type":"Polygon","coordinates":[[[6.804702263094037,46.2191867],[6.804693897157485,46.21920067444232],[6.8046737,46.219206462845854],[6.804653502842516,46.21920067444232],[6.804645136905964,46.2191867],[6.804653502842516,46.219172725557684],[6.8046737,46.21916693715415],[6.804693897157485,46.219172725557684],[6.804702263094037,46.2191867]]]}},{"type":"Feature","id":"pylon-champery-portes-du-soleil-304","properties":{"kind":"pylon","name":"Lift tower","height":13},"geometry":{"type":"Polygon","coordinates":[[[6.805427562503315,46.2180511],[6.8054191967397815,46.218065074442315],[6.805399,46.21807086284585],[6.805378803260219,46.218065074442315],[6.805370437496686,46.2180511],[6.805378803260219,46.21803712555768],[6.805399,46.218031337154144],[6.8054191967397815,46.21803712555768],[6.805427562503315,46.2180511]]]}},{"type":"Feature","id":"pylon-champery-portes-du-soleil-305","properties":{"kind":"pylon","name":"Lift tower","height":13},"geometry":{"type":"Polygon","coordinates":[[[6.8059535620750164,46.2172277],[6.805945196436929,46.21724167444232],[6.805925,46.217247462845854],[6.805904803563071,46.21724167444232],[6.805896437924984,46.2172277],[6.805904803563071,46.217213725557684],[6.805925,46.21720793715415],[6.805945196436929,46.217213725557684],[6.8059535620750164,46.2172277]]]}},{"type":"Feature","id":"pylon-champery-portes-du-soleil-306","properties":{"kind":"pylon","name":"Lift tower","height":13},"geometry":{"type":"Polygon","coordinates":[[[6.806456861665202,46.2164398],[6.806448496147146,46.21645377444232],[6.8064283,46.216459562845856],[6.8064081038528546,46.21645377444232],[6.8063997383347985,46.2164398],[6.8064081038528546,46.216425825557685],[6.8064283,46.21642003715415],[6.806448496147146,46.216425825557685],[6.806456861665202,46.2164398]]]}},{"type":"Feature","id":"pylon-champery-portes-du-soleil-307","properties":{"kind":"pylon","name":"Lift tower","height":13},"geometry":{"type":"Polygon","coordinates":[[[6.807060861173385,46.2154942],[6.807052495799379,46.21550817444232],[6.8070323,46.215513962845854],[6.807012104200622,46.21550817444232],[6.807003738826616,46.2154942],[6.807012104200622,46.215480225557684],[6.8070323,46.21547443715415],[6.807052495799379,46.215480225557684],[6.807060861173385,46.2154942]]]}},{"type":"Feature","id":"pylon-champery-portes-du-soleil-308","properties":{"kind":"pylon","name":"Lift tower","height":13},"geometry":{"type":"Polygon","coordinates":[[[6.807853360528119,46.2142535],[6.807844995343108,46.214267474442316],[6.8078248,46.21427326284585],[6.807804604656892,46.214267474442316],[6.80779623947188,46.2142535],[6.807804604656892,46.21423952555768],[6.8078248,46.214233737154146],[6.807844995343108,46.21423952555768],[6.807853360528119,46.2142535]]]}},{"type":"Feature","id":"pylon-champery-portes-du-soleil-309","properties":{"kind":"pylon","name":"Lift tower","height":13},"geometry":{"type":"Polygon","coordinates":[[[6.800323068201812,46.229003],[6.800314700769228,46.22901697444232],[6.8002945,46.22902276284585],[6.800274299230772,46.22901697444232],[6.8002659317981875,46.229003],[6.800274299230772,46.22898902555768],[6.8002945,46.22898323715415],[6.800314700769228,46.22898902555768],[6.800323068201812,46.229003]]]}},{"type":"Feature","id":"pylon-champery-portes-du-soleil-310","properties":{"kind":"pylon","name":"Lift tower","height":13},"geometry":{"type":"Polygon","coordinates":[[[6.802206968139773,46.2288838],[6.802198600725359,46.228897774442316],[6.8021784,46.22890356284585],[6.802158199274641,46.228897774442316],[6.802149831860227,46.2288838],[6.802158199274641,46.22886982555768],[6.8021784,46.228864037154146],[6.802198600725359,46.22886982555768],[6.802206968139773,46.2288838]]]}},{"type":"Feature","id":"pylon-champery-portes-du-soleil-311","properties":{"kind":"pylon","name":"Lift tower","height":13},"geometry":{"type":"Polygon","coordinates":[[[6.803454768098655,46.2288048],[6.803446400696284,46.22881877444232],[6.8034262,46.22882456284585],[6.803405999303715,46.22881877444232],[6.803397631901344,46.2288048],[6.803405999303715,46.22879082555768],[6.8034262,46.22878503715415],[6.803446400696284,46.22879082555768],[6.803454768098655,46.2288048]]]}},{"type":"Feature","id":"pylon-champery-portes-du-soleil-312","properties":{"kind":"pylon","name":"Lift tower","height":13},"geometry":{"type":"Polygon","coordinates":[[[6.805702568024645,46.2286626],[6.805694200643952,46.22867657444232],[6.805674,46.22868236284585],[6.8056537993560475,46.22867657444232],[6.805645431975354,46.2286626],[6.8056537993560475,46.22864862555768],[6.805674,46.22864283715415],[6.805694200643952,46.22864862555768],[6.805702568024645,46.2286626]]]}},{"type":"Feature","id":"pylon-champery-portes-du-soleil-313","properties":{"kind":"pylon","name":"Lift tower","height":13},"geometry":{"type":"Polygon","coordinates":[[[6.8062779680057,46.2286262],[6.806269600630555,46.22864017444232],[6.8062494,46.22864596284585],[6.806229199369444,46.22864017444232],[6.806220831994299,46.2286262],[6.806229199369444,46.22861222555768],[6.8062494,46.22860643715415],[6.806269600630555,46.22861222555768],[6.8062779680057,46.2286262]]]}},{"type":"Feature","id":"pylon-champery-portes-du-soleil-314","properties":{"kind":"pylon","name":"Lift tower","height":13},"geometry":{"type":"Polygon","coordinates":[[[6.808746967924353,46.2284699],[6.808738600573035,46.22848387444232],[6.8087184,46.22848966284585],[6.808698199426965,46.22848387444232],[6.808689832075647,46.2284699],[6.808698199426965,46.22845592555768],[6.8087184,46.22845013715415],[6.808738600573035,46.22845592555768],[6.808746967924353,46.2284699]]]}},{"type":"Feature","id":"pylon-champery-portes-du-soleil-315","properties":{"kind":"pylon","name":"Lift tower","height":13},"geometry":{"type":"Polygon","coordinates":[[[6.810903067853363,46.2283335],[6.810894700522836,46.228347474442316],[6.8108745,46.22835326284585],[6.810854299477163,46.228347474442316],[6.810845932146637,46.2283335],[6.810854299477163,46.22831952555768],[6.8108745,46.228313737154146],[6.810894700522836,46.22831952555768],[6.810903067853363,46.2283335]]]}},{"type":"Feature","id":"pylon-champery-portes-du-soleil-316","properties":{"kind":"pylon","name":"Lift tower","height":13},"geometry":{"type":"Polygon","coordinates":[[[6.812283667807875,46.2282461],[6.812275300490672,46.22826007444232],[6.8122551,46.22826586284585],[6.812234899509328,46.22826007444232],[6.812226532192125,46.2282461],[6.812234899509328,46.22823212555768],[6.8122551,46.22822633715415],[6.812275300490672,46.22823212555768],[6.812283667807875,46.2282461]]]}},{"type":"Feature","id":"pylon-champery-portes-du-soleil-317","properties":{"kind":"pylon","name":"Lift tower","height":13},"geometry":{"type":"Polygon","coordinates":[[[6.814337467740217,46.2281161],[6.814329100442831,46.22813007444232],[6.8143089,46.22813586284585],[6.81428869955717,46.22813007444232],[6.814280332259783,46.2281161],[6.81428869955717,46.22810212555768],[6.8143089,46.22809633715415],[6.814329100442831,46.22810212555768],[6.814337467740217,46.2281161]]]}},{"type":"Feature","id":"pylon-champery-portes-du-soleil-318","properties":{"kind":"pylon","name":"Lift tower","height":13},"geometry":{"type":"Polygon","coordinates":[[[6.816116267681615,46.2280035],[6.816107900401392,46.22801747444232],[6.8160877,46.22802326284585],[6.816067499598607,46.22801747444232],[6.816059132318385,46.2280035],[6.816067499598607,46.22798952555768],[6.8160877,46.22798373715415],[6.816107900401392,46.22798952555768],[6.816116267681615,46.2280035]]]}},{"type":"Feature","id":"pylon-champery-portes-du-soleil-319","properties":{"kind":"pylon","name":"Lift tower","height":13},"geometry":{"type":"Polygon","coordinates":[[[6.817962867620775,46.2278866],[6.817954500358373,46.227900574442316],[6.8179343,46.22790636284585],[6.817914099641627,46.227900574442316],[6.817905732379225,46.2278866],[6.817914099641627,46.22787262555768],[6.8179343,46.227866837154146],[6.817954500358373,46.22787262555768],[6.817962867620775,46.2278866]]]}},{"type":"Feature","id":"pylon-champery-portes-du-soleil-320","properties":{"kind":"pylon","name":"Lift tower","height":13},"geometry":{"type":"Polygon","coordinates":[[[6.819519067569563,46.2277882],[6.8195107003221604,46.22780217444232],[6.8194905,46.22780796284585],[6.819470299677839,46.22780217444232],[6.819461932430436,46.2277882],[6.819470299677839,46.22777422555768],[6.8194905,46.22776843715415],[6.8195107003221604,46.22777422555768],[6.819519067569563,46.2277882]]]}},{"type":"Feature","id":"pylon-champery-portes-du-soleil-321","properties":{"kind":"pylon","name":"Lift tower","height":13},"geometry":{"type":"Polygon","coordinates":[[[6.820329367542866,46.2277369],[6.820321000303282,46.227750874442314],[6.8203008,46.22775666284585],[6.820280599696718,46.227750874442314],[6.8202722324571345,46.2277369],[6.820280599696718,46.22772292555768],[6.8203008,46.227717137154144],[6.820321000303282,46.22772292555768],[6.820329367542866,46.2277369]]]}},{"type":"Feature","id":"pylon-champery-portes-du-soleil-322","properties":{"kind":"pylon","name":"Lift tower","height":13},"geometry":{"type":"Polygon","coordinates":[[[6.8172757695841275,46.2316587],[6.817267401746672,46.231672674442315],[6.8172472,46.23167846284585],[6.817226998253328,46.231672674442315],[6.817218630415872,46.2316587],[6.817226998253328,46.23164472555768],[6.8172472,46.231638937154145],[6.817267401746672,46.23164472555768],[6.8172757695841275,46.2316587]]]}},{"type":"Feature","id":"pylon-champery-portes-du-soleil-323","properties":{"kind":"pylon","name":"Lift tower","height":13},"geometry":{"type":"Polygon","coordinates":[[[6.817487370205939,46.2328532],[6.817479002186359,46.23286717444232],[6.8174588,46.23287296284585],[6.8174385978136405,46.23286717444232],[6.817430229794061,46.2328532],[6.8174385978136405,46.23283922555768],[6.8174588,46.23283343715415],[6.817479002186359,46.23283922555768],[6.817487370205939,46.2328532]]]}},{"type":"Feature","id":"pylon-champery-portes-du-soleil-324","properties":{"kind":"pylon","name":"Lift tower","height":13},"geometry":{"type":"Polygon","coordinates":[[[6.817614570564312,46.2335416],[6.817606202439768,46.23355557444232],[6.817586,46.233561362845855],[6.817565797560233,46.23355557444232],[6.817557429435689,46.2335416],[6.817565797560233,46.233527625557684],[6.817586,46.23352183715415],[6.817606202439768,46.233527625557684],[6.817614570564312,46.2335416]]]}},{"type":"Feature","id":"pylon-champery-portes-du-soleil-325","properties":{"kind":"pylon","name":"Lift tower","height":13},"geometry":{"type":"Polygon","coordinates":[[[6.817840871233354,46.2348267],[6.817832502912852,46.23484067444232],[6.8178123,46.23484646284585],[6.817792097087148,46.23484067444232],[6.817783728766646,46.2348267],[6.817792097087148,46.23481272555768],[6.8178123,46.23480693715415],[6.817832502912852,46.23481272555768],[6.817840871233354,46.2348267]]]}},{"type":"Feature","id":"pylon-champery-portes-du-soleil-326","properties":{"kind":"pylon","name":"Lift tower","height":13},"geometry":{"type":"Polygon","coordinates":[[[6.818080371913221,46.2361325],[6.81807200339359,46.236146474442315],[6.8180518,46.23615226284585],[6.81803159660641,46.236146474442315],[6.818023228086779,46.2361325],[6.81803159660641,46.23611852555768],[6.8180518,46.236112737154144],[6.81807200339359,46.23611852555768],[6.818080371913221,46.2361325]]]}},{"type":"Feature","id":"pylon-champery-portes-du-soleil-327","properties":{"kind":"pylon","name":"Lift tower","height":13},"geometry":{"type":"Polygon","coordinates":[[[6.818163472165697,46.2366174],[6.818155103572118,46.23663137444232],[6.8181349,46.23663716284585],[6.818114696427883,46.23663137444232],[6.818106327834304,46.2366174],[6.818114696427883,46.23660342555768],[6.8181349,46.23659763715415],[6.818155103572118,46.23660342555768],[6.818163472165697,46.2366174]]]}},{"type":"Feature","id":"pylon-champery-portes-du-soleil-328","properties":{"kind":"pylon","name":"Lift tower","height":13},"geometry":{"type":"Polygon","coordinates":[[[6.818387472813551,46.2378616],[6.818379104030219,46.23787557444232],[6.8183589,46.237881362845854],[6.81833869596978,46.23787557444232],[6.818330327186448,46.2378616],[6.81833869596978,46.237847625557684],[6.8183589,46.23784183715415],[6.818379104030219,46.237847625557684],[6.818387472813551,46.2378616]]]}},{"type":"Feature","id":"pylon-champery-portes-du-soleil-329","properties":{"kind":"pylon","name":"Lift tower","height":13},"geometry":{"type":"Polygon","coordinates":[[[6.818596673373912,46.2389377],[6.818588304426454,46.23895167444232],[6.8185681,46.23895746284585],[6.818547895573547,46.23895167444232],[6.818539526626089,46.2389377],[6.818547895573547,46.23892372555768],[6.8185681,46.23891793715415],[6.818588304426454,46.23892372555768],[6.818596673373912,46.2389377]]]}},{"type":"Feature","id":"pylon-champery-portes-du-soleil-330","properties":{"kind":"pylon","name":"Lift tower","height":13},"geometry":{"type":"Polygon","coordinates":[[[6.818719973740211,46.2396411],[6.818711604685467,46.23965507444232],[6.8186914,46.23966086284585],[6.818671195314532,46.23965507444232],[6.818662826259788,46.2396411],[6.818671195314532,46.23962712555768],[6.8186914,46.23962133715415],[6.818711604685467,46.23962712555768],[6.818719973740211,46.2396411]]]}},{"type":"Feature","id":"pylon-champery-portes-du-soleil-331","properties":{"kind":"pylon","name":"Lift tower","height":13},"geometry":{"type":"Polygon","coordinates":[[[6.819008274576911,46.2412477],[6.818999905277103,46.24126167444232],[6.8189797,46.241267462845855],[6.818959494722897,46.24126167444232],[6.818951125423089,46.2412477],[6.818959494722897,46.241233725557684],[6.8189797,46.24122793715415],[6.818999905277103,46.241233725557684],[6.819008274576911,46.2412477]]]}},{"type":"Feature","id":"pylon-champery-portes-du-soleil-332","properties":{"kind":"pylon","name":"Lift tower","height":13},"geometry":{"type":"Polygon","coordinates":[[[6.819132774963516,46.24199],[6.8191244055504745,46.24200397444232],[6.8191042,46.24200976284585],[6.819083994449525,46.24200397444232],[6.819075625036484,46.24199],[6.819083994449525,46.24197602555768],[6.8191042,46.24197023715415],[6.8191244055504745,46.24197602555768],[6.819132774963516,46.24199]]]}},{"type":"Feature","id":"pylon-champery-portes-du-soleil-333","properties":{"kind":"pylon","name":"Lift tower","height":13},"geometry":{"type":"Polygon","coordinates":[[[6.819337775536604,46.2430903],[6.819329405955709,46.24310427444232],[6.8193092,46.24311006284585],[6.819288994044292,46.24310427444232],[6.819280624463397,46.2430903],[6.819288994044292,46.24307632555768],[6.8193092,46.243070537154146],[6.819329405955709,46.24307632555768],[6.819337775536604,46.2430903]]]}},{"type":"Feature","id":"pylon-champery-portes-du-soleil-334","properties":{"kind":"pylon","name":"Lift tower","height":13},"geometry":{"type":"Polygon","coordinates":[[[6.8194876759869,46.2439548],[6.819479306274116,46.243968774442315],[6.8194591,46.24397456284585],[6.819438893725885,46.243968774442315],[6.819430524013101,46.2439548],[6.819438893725885,46.24394082555768],[6.8194591,46.243935037154145],[6.819479306274116,46.24394082555768],[6.8194876759869,46.2439548]]]}},{"type":"Feature","id":"pylon-champery-portes-du-soleil-335","properties":{"kind":"pylon","name":"Lift tower","height":13},"geometry":{"type":"Polygon","coordinates":[[[6.70340323490664,46.1649229],[6.7033948772259855,46.16493687444232],[6.7033747,46.16494266284585],[6.703354522774015,46.16493687444232],[6.703346165093361,46.1649229],[6.703354522774015,46.16490892555768],[6.7033747,46.16490313715415],[6.7033948772259855,46.16490892555768],[6.70340323490664,46.1649229]]]}},{"type":"Feature","id":"pylon-champery-portes-du-soleil-336","properties":{"kind":"pylon","name":"Lift tower","height":13},"geometry":{"type":"Polygon","coordinates":[[[6.7049491350776576,46.1652526],[6.704940777346914,46.16526657444232],[6.7049206,46.165272362845855],[6.704900422653087,46.16526657444232],[6.704892064922343,46.1652526],[6.704900422653087,46.165238625557684],[6.7049206,46.16523283715415],[6.704940777346914,46.165238625557684],[6.7049491350776576,46.1652526]]]}},{"type":"Feature","id":"pylon-champery-portes-du-soleil-337","properties":{"kind":"pylon","name":"Lift tower","height":13},"geometry":{"type":"Polygon","coordinates":[[[6.70602513519525,46.1654793],[6.706016777430063,46.16549327444232],[6.7059966,46.16549906284585],[6.705976422569936,46.16549327444232],[6.7059680648047495,46.1654793],[6.705976422569936,46.16546532555768],[6.7059966,46.16545953715415],[6.706016777430063,46.16546532555768],[6.70602513519525,46.1654793]]]}},{"type":"Feature","id":"pylon-champery-portes-du-soleil-338","properties":{"kind":"pylon","name":"Lift tower","height":13},"geometry":{"type":"Polygon","coordinates":[[[6.706745935286026,46.1656543],[6.706737577494252,46.16566827444232],[6.7067174,46.16567406284585],[6.706697222505747,46.16566827444232],[6.706688864713973,46.1656543],[6.706697222505747,46.16564032555768],[6.7067174,46.16563453715415],[6.706737577494252,46.16564032555768],[6.706745935286026,46.1656543]]]}},{"type":"Feature","id":"pylon-champery-portes-du-soleil-339","properties":{"kind":"pylon","name":"Lift tower","height":13},"geometry":{"type":"Polygon","coordinates":[[[6.708122435423489,46.1659193],[6.7081140775914525,46.16593327444232],[6.7080939,46.16593906284585],[6.708073722408547,46.16593327444232],[6.708065364576511,46.1659193],[6.708073722408547,46.16590532555768],[6.7080939,46.16589953715415],[6.7081140775914525,46.16590532555768],[6.708122435423489,46.1659193]]]}},{"type":"Feature","id":"pylon-champery-portes-du-soleil-340","properties":{"kind":"pylon","name":"Lift tower","height":13},"geometry":{"type":"Polygon","coordinates":[[[6.707762634393811,46.1639342],[6.707754276863361,46.16394817444232],[6.7077341,46.16395396284585],[6.707713923136638,46.16394817444232],[6.707705565606188,46.1639342],[6.707713923136638,46.16392022555768],[6.7077341,46.16391443715415],[6.707754276863361,46.16392022555768],[6.707762634393811,46.1639342]]]}},{"type":"Feature","id":"pylon-champery-portes-du-soleil-341","properties":{"kind":"pylon","name":"Lift tower","height":13},"geometry":{"type":"Polygon","coordinates":[[[6.708106033991691,46.1631589],[6.708097676579019,46.16317287444232],[6.7080775,46.16317866284585],[6.708057323420981,46.16317287444232],[6.708048966008309,46.1631589],[6.708057323420981,46.16314492555768],[6.7080775,46.16313913715415],[6.708097676579019,46.16314492555768],[6.708106033991691,46.1631589]]]}},{"type":"Feature","id":"pylon-champery-portes-du-soleil-342","properties":{"kind":"pylon","name":"Lift tower","height":13},"geometry":{"type":"Polygon","coordinates":[[[6.708261033810164,46.1628089],[6.70825267645066,46.16282287444232],[6.7082325,46.162828662845854],[6.708212323549341,46.16282287444232],[6.708203966189837,46.1628089],[6.708212323549341,46.162794925557684],[6.7082325,46.16278913715415],[6.70825267645066,46.162794925557684],[6.708261033810164,46.1628089]]]}},{"type":"Feature","id":"pylon-champery-portes-du-soleil-343","properties":{"kind":"pylon","name":"Lift tower","height":13},"geometry":{"type":"Polygon","coordinates":[[[6.708528233497322,46.1622057],[6.708519876229447,46.16221967444232],[6.7084997,46.16222546284585],[6.708479523770553,46.16221967444232],[6.708471166502678,46.1622057],[6.708479523770553,46.16219172555768],[6.7084997,46.16218593715415],[6.708519876229447,46.16219172555768],[6.708528233497322,46.1622057]]]}},{"type":"Feature","id":"pylon-champery-portes-du-soleil-344","properties":{"kind":"pylon","name":"Lift tower","height":13},"geometry":{"type":"Polygon","coordinates":[[[6.708836233136675,46.1615103],[6.708827875974432,46.16152427444232],[6.7088077,46.161530062845856],[6.708787524025569,46.16152427444232],[6.708779166863326,46.1615103],[6.708787524025569,46.161496325557685],[6.7088077,46.16149053715415],[6.708827875974432,46.161496325557685],[6.708836233136675,46.1615103]]]}},{"type":"Feature","id":"pylon-champery-portes-du-soleil-345","properties":{"kind":"pylon","name":"Lift tower","height":13},"geometry":{"type":"Polygon","coordinates":[[[6.709141532779153,46.1608209],[6.709133175721625,46.160834874442315],[6.709113,46.16084066284585],[6.709092824278375,46.160834874442315],[6.709084467220848,46.1608209],[6.709092824278375,46.16080692555768],[6.709113,46.160801137154145],[6.709133175721625,46.16080692555768],[6.709141532779153,46.1608209]]]}},{"type":"Feature","id":"pylon-champery-portes-du-soleil-346","properties":{"kind":"pylon","name":"Lift tower","height":13},"geometry":{"type":"Polygon","coordinates":[[[6.709301332592151,46.1604603],[6.709292975589395,46.160474274442315],[6.7092728,46.16048006284585],[6.709252624410605,46.160474274442315],[6.709244267407849,46.1604603],[6.709252624410605,46.16044632555768],[6.7092728,46.160440537154145],[6.709292975589395,46.16044632555768],[6.709301332592151,46.1604603]]]}},{"type":"Feature","id":"pylon-champery-portes-du-soleil-347","properties":{"kind":"pylon","name":"Lift tower","height":13},"geometry":{"type":"Polygon","coordinates":[[[6.709470332394159,46.1600785],[6.7094619754493925,46.160092474442315],[6.7094418,46.16009826284585],[6.709421624550607,46.160092474442315],[6.70941326760584,46.1600785],[6.709421624550607,46.16006452555768],[6.7094418,46.160058737154145],[6.7094619754493925,46.16006452555768],[6.709470332394159,46.1600785]]]}},{"type":"Feature","id":"pylon-champery-portes-du-soleil-348","properties":{"kind":"pylon","name":"Lift tower","height":13},"geometry":{"type":"Polygon","coordinates":[[[6.7098321319706,46.1592617],[6.709823775149892,46.15927567444232],[6.7098036,46.159281462845854],[6.709783424850108,46.15927567444232],[6.7097750680293995,46.1592617],[6.709783424850108,46.159247725557684],[6.7098036,46.15924193715415],[6.709823775149892,46.159247725557684],[6.7098321319706,46.1592617]]]}},{"type":"Feature","id":"pylon-champery-portes-du-soleil-349","properties":{"kind":"pylon","name":"Lift tower","height":13},"geometry":{"type":"Polygon","coordinates":[[[6.710310931409963,46.1581805],[6.710302574753462,46.15819447444232],[6.7102824,46.15820026284585],[6.710262225246537,46.15819447444232],[6.710253868590036,46.1581805],[6.710262225246537,46.15816652555768],[6.7102824,46.15816073715415],[6.710302574753462,46.15816652555768],[6.710310931409963,46.1581805]]]}},{"type":"Feature","id":"pylon-champery-portes-du-soleil-350","properties":{"kind":"pylon","name":"Lift tower","height":13},"geometry":{"type":"Polygon","coordinates":[[[6.710516731169116,46.157716],[6.710508374583157,46.15772997444232],[6.7104882,46.15773576284585],[6.710468025416843,46.15772997444232],[6.710459668830885,46.157716],[6.710468025416843,46.15770202555768],[6.7104882,46.15769623715415],[6.710508374583157,46.15770202555768],[6.710516731169116,46.157716]]]}},{"type":"Feature","id":"pylon-champery-portes-du-soleil-351","properties":{"kind":"pylon","name":"Lift tower","height":13},"geometry":{"type":"Polygon","coordinates":[[[6.712222830281788,46.1560046],[6.712214473955721,46.15601857444232],[6.7121943,46.156024362845855],[6.712174126044279,46.15601857444232],[6.712165769718212,46.1560046],[6.712174126044279,46.155990625557685],[6.7121943,46.15598483715415],[6.712214473955721,46.155990625557685],[6.712222830281788,46.1560046]]]}},{"type":"Feature","id":"pylon-champery-portes-du-soleil-352","properties":{"kind":"pylon","name":"Lift tower","height":13},"geometry":{"type":"Polygon","coordinates":[[[6.71207133097053,46.157333],[6.712062974442736,46.15734697444232],[6.7120428,46.15735276284585],[6.712022625557264,46.15734697444232],[6.71201426902947,46.157333],[6.712022625557264,46.15731902555768],[6.7120428,46.15731323715415],[6.712062974442736,46.15731902555768],[6.71207133097053,46.157333]]]}},{"type":"Feature","id":"pylon-champery-portes-du-soleil-353","properties":{"kind":"pylon","name":"Lift tower","height":13},"geometry":{"type":"Polygon","coordinates":[[[6.712488729010043,46.1535515],[6.7124803730564615,46.15356547444232],[6.7124602,46.15357126284585],[6.712440026943538,46.15356547444232],[6.7124316709899565,46.1535515],[6.712440026943538,46.15353752555768],[6.7124602,46.15353173715415],[6.7124803730564615,46.15353752555768],[6.712488729010043,46.1535515]]]}},{"type":"Feature","id":"pylon-champery-portes-du-soleil-354","properties":{"kind":"pylon","name":"Lift tower","height":13},"geometry":{"type":"Polygon","coordinates":[[[6.712597728463624,46.1524974],[6.712589372670085,46.15251137444232],[6.7125692,46.152517162845854],[6.712549027329914,46.15251137444232],[6.712540671536376,46.1524974],[6.712549027329914,46.15248342555768],[6.7125692,46.15247763715415],[6.712589372670085,46.15248342555768],[6.712597728463624,46.1524974]]]}},{"type":"Feature","id":"pylon-champery-portes-du-soleil-355","properties":{"kind":"pylon","name":"Lift tower","height":13},"geometry":{"type":"Polygon","coordinates":[[[6.711257127492679,46.1506242],[6.711248771983524,46.15063817444232],[6.7112286,46.150643962845855],[6.7112084280164765,46.15063817444232],[6.711200072507321,46.1506242],[6.7112084280164765,46.150610225557685],[6.7112286,46.15060443715415],[6.711248771983524,46.150610225557685],[6.711257127492679,46.1506242]]]}},{"type":"Feature","id":"pylon-champery-portes-du-soleil-356","properties":{"kind":"pylon","name":"Lift tower","height":13},"geometry":{"type":"Polygon","coordinates":[[[6.713167527271053,46.1501966],[6.71315917182681,46.15021057444232],[6.713139,46.15021636284585],[6.71311882817319,46.15021057444232],[6.713110472728947,46.1501966],[6.71311882817319,46.15018262555768],[6.713139,46.15017683715415],[6.71315917182681,46.15018262555768],[6.713167527271053,46.1501966]]]}},{"type":"Feature","id":"pylon-champery-portes-du-soleil-357","properties":{"kind":"pylon","name":"Lift tower","height":13},"geometry":{"type":"Polygon","coordinates":[[[6.710175327621377,46.1508725],[6.710166972074527,46.150886474442316],[6.7101468,46.15089226284585],[6.710126627925474,46.150886474442316],[6.710118272378624,46.1508725],[6.710126627925474,46.15085852555768],[6.7101468,46.150852737154146],[6.710166972074527,46.15085852555768],[6.710175327621377,46.1508725]]]}},{"type":"Feature","id":"pylon-champery-portes-du-soleil-358","properties":{"kind":"pylon","name":"Lift tower","height":13},"geometry":{"type":"Polygon","coordinates":[[[6.7088581277717925,46.1511627],[6.708849772180886,46.15117667444232],[6.7088296,46.15118246284585],[6.708809427819113,46.15117667444232],[6.708801072228207,46.1511627],[6.708809427819113,46.15114872555768],[6.7088296,46.15114293715415],[6.708849772180886,46.15114872555768],[6.7088581277717925,46.1511627]]]}},{"type":"Feature","id":"pylon-champery-portes-du-soleil-359","properties":{"kind":"pylon","name":"Lift tower","height":13},"geometry":{"type":"Polygon","coordinates":[[[6.707145027975029,46.1515548],[6.707136672324596,46.15156877444232],[6.7071165,46.15157456284585],[6.707096327675403,46.15156877444232],[6.70708797202497,46.1515548],[6.707096327675403,46.15154082555768],[6.7071165,46.15153503715415],[6.707136672324596,46.15154082555768],[6.707145027975029,46.1515548]]]}},{"type":"Feature","id":"pylon-champery-portes-du-soleil-360","properties":{"kind":"pylon","name":"Lift tower","height":13},"geometry":{"type":"Polygon","coordinates":[[[6.788710541780106,46.1781695],[6.7887021820862605,46.17818347444232],[6.788682,46.178189262845855],[6.788661817913739,46.17818347444232],[6.788653458219893,46.1781695],[6.788661817913739,46.178155525557685],[6.788682,46.17814973715415],[6.7887021820862605,46.178155525557685],[6.788710541780106,46.1781695]]]}},{"type":"Feature","id":"pylon-champery-portes-du-soleil-361","properties":{"kind":"pylon","name":"Lift tower","height":13},"geometry":{"type":"Polygon","coordinates":[[[6.788969741440538,46.1775153],[6.788961381846149,46.17752927444232],[6.7889412,46.177535062845855],[6.788921018153851,46.17752927444232],[6.788912658559462,46.1775153],[6.788921018153851,46.177501325557685],[6.7889412,46.17749553715415],[6.788961381846149,46.177501325557685],[6.788969741440538,46.1775153]]]}},{"type":"Feature","id":"pylon-champery-portes-du-soleil-362","properties":{"kind":"pylon","name":"Lift tower","height":13},"geometry":{"type":"Polygon","coordinates":[[[6.78922414110721,46.1768731],[6.789215781610451,46.17688707444232],[6.7891956,46.176892862845854],[6.78917541838955,46.17688707444232],[6.78916705889279,46.1768731],[6.78917541838955,46.176859125557684],[6.7891956,46.17685333715415],[6.789215781610451,46.176859125557684],[6.78922414110721,46.1768731]]]}},{"type":"Feature","id":"pylon-champery-portes-du-soleil-363","properties":{"kind":"pylon","name":"Lift tower","height":13},"geometry":{"type":"Polygon","coordinates":[[[6.78967314051906,46.1757399],[6.789664781194566,46.17575387444232],[6.7896446,46.175759662845856],[6.789624418805434,46.17575387444232],[6.78961605948094,46.1757399],[6.789624418805434,46.175725925557686],[6.7896446,46.17572013715415],[6.789664781194566,46.175725925557686],[6.78967314051906,46.1757399]]]}},{"type":"Feature","id":"pylon-champery-portes-du-soleil-364","properties":{"kind":"pylon","name":"Lift tower","height":13},"geometry":{"type":"Polygon","coordinates":[[[6.790106239951705,46.1746467],[6.790097880793386,46.174660674442315],[6.7900777,46.17466646284585],[6.790057519206615,46.174660674442315],[6.790049160048295,46.1746467],[6.790057519206615,46.17463272555768],[6.7900777,46.174626937154144],[6.790097880793386,46.17463272555768],[6.790106239951705,46.1746467]]]}},{"type":"Feature","id":"pylon-champery-portes-du-soleil-365","properties":{"kind":"pylon","name":"Lift tower","height":13},"geometry":{"type":"Polygon","coordinates":[[[6.790527939399277,46.1735822],[6.790519580402759,46.17359617444232],[6.7904994,46.17360196284585],[6.79047921959724,46.17359617444232],[6.790470860600723,46.1735822],[6.79047921959724,46.17356822555768],[6.7904994,46.173562437154146],[6.790519580402759,46.17356822555768],[6.790527939399277,46.1735822]]]}},{"type":"Feature","id":"pylon-champery-portes-du-soleil-366","properties":{"kind":"pylon","name":"Lift tower","height":13},"geometry":{"type":"Polygon","coordinates":[[[6.790770639081378,46.1729696],[6.7907622801779715,46.17298357444232],[6.7907421,46.172989362845854],[6.790721919822029,46.17298357444232],[6.790713560918622,46.1729696],[6.790721919822029,46.172955625557684],[6.7907421,46.17294983715415],[6.7907622801779715,46.172955625557684],[6.790770639081378,46.1729696]]]}},{"type":"Feature","id":"pylon-champery-portes-du-soleil-367","properties":{"kind":"pylon","name":"Lift tower","height":13},"geometry":{"type":"Polygon","coordinates":[[[6.7911168386279,46.1720957],[6.791108479857314,46.17210967444232],[6.7910883,46.17211546284585],[6.791068120142686,46.17210967444232],[6.7910597613721,46.1720957],[6.791068120142686,46.17208172555768],[6.7910883,46.17207593715415],[6.791108479857314,46.17208172555768],[6.7911168386279,46.1720957]]]}},{"type":"Feature","id":"pylon-champery-portes-du-soleil-368","properties":{"kind":"pylon","name":"Lift tower","height":13},"geometry":{"type":"Polygon","coordinates":[[[6.791461638176363,46.1712255],[6.791453279538029,46.17123947444232],[6.7914331,46.17124526284585],[6.791412920461971,46.17123947444232],[6.7914045618236365,46.1712255],[6.791412920461971,46.17121152555768],[6.7914331,46.171205737154146],[6.791453279538029,46.17121152555768],[6.791461638176363,46.1712255]]]}},{"type":"Feature","id":"pylon-champery-portes-du-soleil-369","properties":{"kind":"pylon","name":"Lift tower","height":13},"geometry":{"type":"Polygon","coordinates":[[[6.79186643764619,46.1702037],[6.7918580791631395,46.17021767444232],[6.7918379,46.170223462845854],[6.79181772083686,46.17021767444232],[6.79180936235381,46.1702037],[6.79181772083686,46.170189725557684],[6.7918379,46.17018393715415],[6.7918580791631395,46.170189725557684],[6.79186643764619,46.1702037]]]}},{"type":"Feature","id":"pylon-champery-portes-du-soleil-370","properties":{"kind":"pylon","name":"Lift tower","height":13},"geometry":{"type":"Polygon","coordinates":[[[6.7921687372502655,46.1694406],[6.792160378883179,46.16945457444232],[6.7921402,46.169460362845854],[6.792120021116822,46.16945457444232],[6.792111662749735,46.1694406],[6.792120021116822,46.16942662555768],[6.7921402,46.16942083715415],[6.792160378883179,46.16942662555768],[6.7921687372502655,46.1694406]]]}},{"type":"Feature","id":"pylon-champery-portes-du-soleil-371","properties":{"kind":"pylon","name":"Lift tower","height":13},"geometry":{"type":"Polygon","coordinates":[[[6.792609836672464,46.1683269],[6.792601478474612,46.168340874442315],[6.7925813,46.16834666284585],[6.792561121525388,46.168340874442315],[6.792552763327536,46.1683269],[6.792561121525388,46.16831292555768],[6.7925813,46.168307137154144],[6.792601478474612,46.16831292555768],[6.792609836672464,46.1683269]]]}},{"type":"Feature","id":"pylon-champery-portes-du-soleil-372","properties":{"kind":"pylon","name":"Lift tower","height":13},"geometry":{"type":"Polygon","coordinates":[[[6.792964036208619,46.1674328],[6.792955678146623,46.16744677444232],[6.7929355,46.16745256284585],[6.792915321853376,46.16744677444232],[6.79290696379138,46.1674328],[6.792915321853376,46.16741882555768],[6.7929355,46.16741303715415],[6.792955678146623,46.16741882555768],[6.792964036208619,46.1674328]]]}},{"type":"Feature","id":"pylon-champery-portes-du-soleil-373","properties":{"kind":"pylon","name":"Lift tower","height":13},"geometry":{"type":"Polygon","coordinates":[[[6.793747335182853,46.1654554],[6.793738977421297,46.16546937444232],[6.7937188,46.16547516284585],[6.793698622578702,46.16546937444232],[6.793690264817147,46.1654554],[6.793698622578702,46.16544142555768],[6.7937188,46.16543563715415],[6.793738977421297,46.16544142555768],[6.793747335182853,46.1654554]]]}},{"type":"Feature","id":"pylon-champery-portes-du-soleil-374","properties":{"kind":"pylon","name":"Lift tower","height":13},"geometry":{"type":"Polygon","coordinates":[[[6.801772938534706,46.1719161],[6.801764579791415,46.171930074442315],[6.8017444,46.17193586284585],[6.801724220208584,46.171930074442315],[6.8017158614652935,46.1719161],[6.801724220208584,46.17190212555768],[6.8017444,46.171896337154145],[6.801764579791415,46.17190212555768],[6.801772938534706,46.1719161]]]}},{"type":"Feature","id":"pylon-champery-portes-du-soleil-375","properties":{"kind":"pylon","name":"Lift tower","height":13},"geometry":{"type":"Polygon","coordinates":[[[6.800152839029382,46.1728694],[6.8001444801412045,46.17288337444232],[6.8001243,46.172889162845856],[6.800104119858796,46.17288337444232],[6.800095760970619,46.1728694],[6.800104119858796,46.172855425557685],[6.8001243,46.17284963715415],[6.8001444801412045,46.172855425557685],[6.800152839029382,46.1728694]]]}},{"type":"Feature","id":"pylon-champery-portes-du-soleil-376","properties":{"kind":"pylon","name":"Lift tower","height":13},"geometry":{"type":"Polygon","coordinates":[[[6.798846939428129,46.1736378],[6.798838580423162,46.17365177444232],[6.7988184,46.173657562845854],[6.798798219576838,46.17365177444232],[6.798789860571871,46.1736378],[6.798798219576838,46.173623825557684],[6.7988184,46.17361803715415],[6.798838580423162,46.173623825557684],[6.798846939428129,46.1736378]]]}},{"type":"Feature","id":"pylon-champery-portes-du-soleil-377","properties":{"kind":"pylon","name":"Lift tower","height":13},"geometry":{"type":"Polygon","coordinates":[[[6.798093239658336,46.1740814],[6.798084880585942,46.17409537444232],[6.7980647,46.17410116284585],[6.798044519414058,46.17409537444232],[6.798036160341665,46.1740814],[6.798044519414058,46.17406742555768],[6.7980647,46.174061637154146],[6.798084880585942,46.17406742555768],[6.798093239658336,46.1740814]]]}},{"type":"Feature","id":"pylon-champery-portes-du-soleil-378","properties":{"kind":"pylon","name":"Lift tower","height":13},"geometry":{"type":"Polygon","coordinates":[[[6.797032639982168,46.1747054],[6.797024280814926,46.17471937444232],[6.7970041,46.17472516284585],[6.796983919185073,46.17471937444232],[6.796975560017831,46.1747054],[6.796983919185073,46.17469142555768],[6.7970041,46.17468563715415],[6.797024280814926,46.17469142555768],[6.797032639982168,46.1747054]]]}},{"type":"Feature","id":"pylon-champery-portes-du-soleil-379","properties":{"kind":"pylon","name":"Lift tower","height":13},"geometry":{"type":"Polygon","coordinates":[[[6.796532140135008,46.1749999],[6.796523780923,46.17501387444232],[6.7965036,46.175019662845855],[6.796483419077001,46.17501387444232],[6.796475059864993,46.1749999],[6.796483419077001,46.174985925557685],[6.7965036,46.17498013715415],[6.796523780923,46.174985925557685],[6.796532140135008,46.1749999]]]}},{"type":"Feature","id":"pylon-champery-portes-du-soleil-380","properties":{"kind":"pylon","name":"Lift tower","height":13},"geometry":{"type":"Polygon","coordinates":[[[6.7951296405633315,46.1758252],[6.795121281225871,46.17583917444232],[6.7951011,46.17584496284585],[6.795080918774129,46.17583917444232],[6.795072559436669,46.1758252],[6.795080918774129,46.17581122555768],[6.7951011,46.175805437154146],[6.795121281225871,46.17581122555768],[6.7951296405633315,46.1758252]]]}},{"type":"Feature","id":"pylon-champery-portes-du-soleil-381","properties":{"kind":"pylon","name":"Lift tower","height":13},"geometry":{"type":"Polygon","coordinates":[[[6.794409940783131,46.1762487],[6.794401581381293,46.17626267444232],[6.7943814,46.176268462845854],[6.794361218618707,46.17626267444232],[6.794352859216868,46.1762487],[6.794361218618707,46.176234725557684],[6.7943814,46.17622893715415],[6.794401581381293,46.176234725557684],[6.794409940783131,46.1762487]]]}},{"type":"Feature","id":"pylon-champery-portes-du-soleil-382","properties":{"kind":"pylon","name":"Lift tower","height":13},"geometry":{"type":"Polygon","coordinates":[[[6.793045741199754,46.1770514],[6.79303738167589,46.17706537444232],[6.7930172,46.177071162845856],[6.792997018324111,46.17706537444232],[6.792988658800247,46.1770514],[6.792997018324111,46.177037425557685],[6.7930172,46.17703163715415],[6.79303738167589,46.177037425557685],[6.793045741199754,46.1770514]]]}},{"type":"Feature","id":"pylon-champery-portes-du-soleil-383","properties":{"kind":"pylon","name":"Lift tower","height":13},"geometry":{"type":"Polygon","coordinates":[[[6.791454741685636,46.1779875],[6.79144638201946,46.17800147444232],[6.7914262,46.17800726284585],[6.79140601798054,46.17800147444232],[6.791397658314364,46.1779875],[6.79140601798054,46.17797352555768],[6.7914262,46.17796773715415],[6.79144638201946,46.17797352555768],[6.791454741685636,46.1779875]]]}},{"type":"Feature","id":"pylon-champery-portes-du-soleil-384","properties":{"kind":"pylon","name":"Lift tower","height":13},"geometry":{"type":"Polygon","coordinates":[[[6.790135642088542,46.1787637],[6.790127282304357,46.178777674442316],[6.7901071,46.17878346284585],[6.7900869176956435,46.178777674442316],[6.790078557911459,46.1787637],[6.7900869176956435,46.17874972555768],[6.7901071,46.178743937154145],[6.790127282304357,46.17874972555768],[6.790135642088542,46.1787637]]]}},{"type":"Feature","id":"pylon-champery-portes-du-soleil-385","properties":{"kind":"pylon","name":"Lift tower","height":13},"geometry":{"type":"Polygon","coordinates":[[[6.783579249069085,46.1922067],[6.783570887240346,46.19222067444232],[6.7835507,46.19222646284585],[6.783530512759654,46.19222067444232],[6.783522150930915,46.1922067],[6.783530512759654,46.19219272555768],[6.7835507,46.19218693715415],[6.783570887240346,46.19219272555768],[6.783579249069085,46.1922067]]]}},{"type":"Feature","id":"pylon-champery-portes-du-soleil-386","properties":{"kind":"pylon","name":"Lift tower","height":13},"geometry":{"type":"Polygon","coordinates":[[[6.784719450063996,46.1941219],[6.784711087943855,46.19413587444232],[6.7846909,46.19414166284585],[6.784670712056146,46.19413587444232],[6.784662349936005,46.1941219],[6.784670712056146,46.19410792555768],[6.7846909,46.19410213715415],[6.784711087943855,46.19410792555768],[6.784719450063996,46.1941219]]]}},{"type":"Feature","id":"pylon-champery-portes-du-soleil-387","properties":{"kind":"pylon","name":"Lift tower","height":13},"geometry":{"type":"Polygon","coordinates":[[[6.785274650548345,46.1950542],[6.7852662882863415,46.19506817444232],[6.7852461,46.19507396284585],[6.785225911713659,46.19506817444232],[6.785217549451655,46.1950542],[6.785225911713659,46.19504022555768],[6.7852461,46.19503443715415],[6.7852662882863415,46.19504022555768],[6.785274650548345,46.1950542]]]}},{"type":"Feature","id":"pylon-champery-portes-du-soleil-388","properties":{"kind":"pylon","name":"Lift tower","height":13},"geometry":{"type":"Polygon","coordinates":[[[6.785927251117823,46.1961503],[6.7859188886890225,46.19616427444232],[6.7858987,46.19617006284585],[6.785878511310977,46.19616427444232],[6.785870148882177,46.1961503],[6.785878511310977,46.19613632555768],[6.7858987,46.19613053715415],[6.7859188886890225,46.19613632555768],[6.785927251117823,46.1961503]]]}},{"type":"Feature","id":"pylon-champery-portes-du-soleil-389","properties":{"kind":"pylon","name":"Lift tower","height":13},"geometry":{"type":"Polygon","coordinates":[[[6.7867755518580735,46.197575],[6.786767189212459,46.19758897444232],[6.786747,46.19759476284585],[6.786726810787541,46.19758897444232],[6.786718448141927,46.197575],[6.786726810787541,46.19756102555768],[6.786747,46.19755523715415],[6.786767189212459,46.19756102555768],[6.7867755518580735,46.197575]]]}},{"type":"Feature","id":"pylon-champery-portes-du-soleil-390","properties":{"kind":"pylon","name":"Lift tower","height":13},"geometry":{"type":"Polygon","coordinates":[[[6.73181715109387,46.1961042],[6.731808788672086,46.19611817444232],[6.7317886,46.19612396284585],[6.731768411327914,46.19611817444232],[6.731760048906129,46.1961042],[6.731768411327914,46.19609022555768],[6.7317886,46.19608443715415],[6.731808788672086,46.19609022555768],[6.73181715109387,46.1961042]]]}},{"type":"Feature","id":"pylon-champery-portes-du-soleil-391","properties":{"kind":"pylon","name":"Lift tower","height":13},"geometry":{"type":"Polygon","coordinates":[[[6.730442750793776,46.1955266],[6.730434388459887,46.19554057444232],[6.7304142,46.19554636284585],[6.730394011540113,46.19554057444232],[6.730385649206225,46.1955266],[6.730394011540113,46.19551262555768],[6.7304142,46.19550683715415],[6.730434388459887,46.19551262555768],[6.730442750793776,46.1955266]]]}},{"type":"Feature","id":"pylon-champery-portes-du-soleil-392","properties":{"kind":"pylon","name":"Lift tower","height":13},"geometry":{"type":"Polygon","coordinates":[[[6.728834350442517,46.1948505],[6.72882598821151,46.19486447444232],[6.7288058,46.19487026284585],[6.72878561178849,46.19486447444232],[6.728777249557483,46.1948505],[6.72878561178849,46.19483652555768],[6.7288058,46.19483073715415],[6.72882598821151,46.19483652555768],[6.728834350442517,46.1948505]]]}},{"type":"Feature","id":"pylon-champery-portes-du-soleil-393","properties":{"kind":"pylon","name":"Lift tower","height":13},"geometry":{"type":"Polygon","coordinates":[[[6.726899850020097,46.1940374],[6.726891487912813,46.19405137444232],[6.7268713,46.19405716284585],[6.726851112087187,46.19405137444232],[6.726842749979903,46.1940374],[6.726851112087187,46.19402342555768],[6.7268713,46.19401763715415],[6.726891487912813,46.19402342555768],[6.726899850020097,46.1940374]]]}},{"type":"Feature","id":"pylon-champery-portes-du-soleil-394","properties":{"kind":"pylon","name":"Lift tower","height":13},"geometry":{"type":"Polygon","coordinates":[[[6.725058049617956,46.1932633],[6.725049687628457,46.193277274442316],[6.7250295,46.19328306284585],[6.725009312371543,46.193277274442316],[6.725000950382044,46.1932633],[6.725009312371543,46.19324932555768],[6.7250295,46.193243537154146],[6.725049687628457,46.19324932555768],[6.725058049617956,46.1932633]]]}},{"type":"Feature","id":"pylon-champery-portes-du-soleil-395","properties":{"kind":"pylon","name":"Lift tower","height":13},"geometry":{"type":"Polygon","coordinates":[[[6.723470749271362,46.1925961],[6.723462387383378,46.19261007444232],[6.7234422,46.192615862845855],[6.723422012616622,46.19261007444232],[6.723413650728638,46.1925961],[6.723422012616622,46.192582125557685],[6.7234422,46.19257633715415],[6.723462387383378,46.192582125557685],[6.723470749271362,46.1925961]]]}},{"type":"Feature","id":"pylon-champery-portes-du-soleil-396","properties":{"kind":"pylon","name":"Lift tower","height":13},"geometry":{"type":"Polygon","coordinates":[[[6.722162948985816,46.1920464],[6.722154587181467,46.19206037444232],[6.7221344,46.192066162845855],[6.722114212818533,46.19206037444232],[6.722105851014184,46.1920464],[6.722114212818533,46.192032425557684],[6.7221344,46.19202663715415],[6.722154587181467,46.192032425557684],[6.722162948985816,46.1920464]]]}},{"type":"Feature","id":"pylon-champery-portes-du-soleil-397","properties":{"kind":"pylon","name":"Lift tower","height":13},"geometry":{"type":"Polygon","coordinates":[[[6.720403848601742,46.191307],[6.720395486909885,46.19132097444232],[6.7203753,46.191326762845854],[6.720355113090115,46.19132097444232],[6.7203467513982575,46.191307],[6.720355113090115,46.191293025557684],[6.7203753,46.19128723715415],[6.720395486909885,46.191293025557684],[6.720403848601742,46.191307]]]}},{"type":"Feature","id":"pylon-champery-portes-du-soleil-398","properties":{"kind":"pylon","name":"Lift tower","height":13},"geometry":{"type":"Polygon","coordinates":[[[6.719058348308009,46.1907415],[6.719049986702185,46.19075547444232],[6.7190298,46.190761262845854],[6.719009613297816,46.19075547444232],[6.719001251691992,46.1907415],[6.719009613297816,46.19072752555768],[6.7190298,46.19072173715415],[6.719049986702185,46.19072752555768],[6.719058348308009,46.1907415]]]}},{"type":"Feature","id":"pylon-champery-portes-du-soleil-399","properties":{"kind":"pylon","name":"Lift tower","height":13},"geometry":{"type":"Polygon","coordinates":[[[6.7184389481727536,46.1904811],[6.718430586606544,46.19049507444232],[6.7184104,46.19050086284585],[6.718390213393455,46.19049507444232],[6.718381851827246,46.1904811],[6.718390213393455,46.19046712555768],[6.7184104,46.19046133715415],[6.718430586606544,46.19046712555768],[6.7184389481727536,46.1904811]]]}},{"type":"Feature","id":"pylon-champery-portes-du-soleil-400","properties":{"kind":"pylon","name":"Lift tower","height":13},"geometry":{"type":"Polygon","coordinates":[[[6.827129639718846,46.174198],[6.827121280628729,46.174211974442315],[6.8271011,46.17421776284585],[6.827080919371271,46.174211974442315],[6.827072560281154,46.174198],[6.827080919371271,46.17418402555768],[6.8271011,46.174178237154145],[6.827121280628729,46.17418402555768],[6.827129639718846,46.174198]]]}},{"type":"Feature","id":"pylon-champery-portes-du-soleil-401","properties":{"kind":"pylon","name":"Lift tower","height":13},"geometry":{"type":"Polygon","coordinates":[[[6.826638939948383,46.1746403],[6.826630580791036,46.17465427444232],[6.8266104,46.17466006284585],[6.826590219208963,46.17465427444232],[6.826581860051617,46.1746403],[6.826590219208963,46.17462632555768],[6.8266104,46.17462053715415],[6.826630580791036,46.17462632555768],[6.826638939948383,46.1746403]]]}},{"type":"Feature","id":"pylon-champery-portes-du-soleil-402","properties":{"kind":"pylon","name":"Lift tower","height":13},"geometry":{"type":"Polygon","coordinates":[[[6.82578364034857,46.1754114],[6.825775281074011,46.17542537444232],[6.8257551,46.175431162845854],[6.825734918925989,46.17542537444232],[6.8257265596514305,46.1754114],[6.825734918925989,46.175397425557684],[6.8257551,46.17539163715415],[6.825775281074011,46.175397425557684],[6.82578364034857,46.1754114]]]}},{"type":"Feature","id":"pylon-champery-portes-du-soleil-403","properties":{"kind":"pylon","name":"Lift tower","height":13},"geometry":{"type":"Polygon","coordinates":[[[6.825717940379346,46.1754707],[6.825709581095773,46.175484674442316],[6.8256894,46.17549046284585],[6.825669218904227,46.175484674442316],[6.825660859620654,46.1754707],[6.825669218904227,46.17545672555768],[6.8256894,46.175450937154146],[6.825709581095773,46.17545672555768],[6.825717940379346,46.1754707]]]}},{"type":"Feature","id":"pylon-champery-portes-du-soleil-404","properties":{"kind":"pylon","name":"Lift tower","height":13},"geometry":{"type":"Polygon","coordinates":[[[6.824905640759361,46.1762029],[6.824897281364485,46.17621687444232],[6.8248771,46.17622266284585],[6.824856918635516,46.17621687444232],[6.824848559240639,46.1762029],[6.824856918635516,46.17618892555768],[6.8248771,46.17618313715415],[6.824897281364485,46.17618892555768],[6.824905640759361,46.1762029]]]}},{"type":"Feature","id":"pylon-champery-portes-du-soleil-405","properties":{"kind":"pylon","name":"Lift tower","height":13},"geometry":{"type":"Polygon","coordinates":[[[6.824406140993076,46.1766532],[6.824397781529745,46.176667174442315],[6.8243776,46.17667296284585],[6.824357418470255,46.176667174442315],[6.8243490590069245,46.1766532],[6.824357418470255,46.17663922555768],[6.8243776,46.176633437154145],[6.824397781529745,46.17663922555768],[6.824406140993076,46.1766532]]]}},{"type":"Feature","id":"pylon-champery-portes-du-soleil-406","properties":{"kind":"pylon","name":"Lift tower","height":13},"geometry":{"type":"Polygon","coordinates":[[[6.823704641321261,46.1772855],[6.823696281761808,46.17729947444232],[6.8236761,46.177305262845856],[6.823655918238193,46.17729947444232],[6.823647558678739,46.1772855],[6.823655918238193,46.177271525557686],[6.8236761,46.17726573715415],[6.823696281761808,46.177271525557686],[6.823704641321261,46.1772855]]]}},{"type":"Feature","id":"pylon-champery-portes-du-soleil-407","properties":{"kind":"pylon","name":"Lift tower","height":13},"geometry":{"type":"Polygon","coordinates":[[[6.822758341764016,46.1781385],[6.822749982074883,46.17815247444232],[6.8227298,46.178158262845855],[6.822709617925118,46.17815247444232],[6.822701258235985,46.1781385],[6.822709617925118,46.178124525557685],[6.8227298,46.17811873715415],[6.822749982074883,46.178124525557685],[6.822758341764016,46.1781385]]]}},{"type":"Feature","id":"pylon-champery-portes-du-soleil-408","properties":{"kind":"pylon","name":"Lift tower","height":13},"geometry":{"type":"Polygon","coordinates":[[[6.821967442134118,46.1788515],[6.821959082336584,46.17886547444232],[6.8219389,46.17887126284585],[6.821918717663416,46.17886547444232],[6.821910357865883,46.1788515],[6.821918717663416,46.17883752555768],[6.8219389,46.17883173715415],[6.821959082336584,46.17883752555768],[6.821967442134118,46.1788515]]]}},{"type":"Feature","id":"pylon-champery-portes-du-soleil-409","properties":{"kind":"pylon","name":"Lift tower","height":13},"geometry":{"type":"Polygon","coordinates":[[[6.82077844269049,46.1799233],[6.820770082729999,46.17993727444232],[6.8207499,46.17994306284585],[6.820729717270001,46.17993727444232],[6.82072135730951,46.1799233],[6.820729717270001,46.17990932555768],[6.8207499,46.179903537154146],[6.820770082729999,46.17990932555768],[6.82077844269049,46.1799233]]]}},{"type":"Feature","id":"pylon-champery-portes-du-soleil-410","properties":{"kind":"pylon","name":"Lift tower","height":13},"geometry":{"type":"Polygon","coordinates":[[[6.8202135429548285,46.1804325],[6.820205182916914,46.18044647444232],[6.820185,46.180452262845854],[6.820164817083087,46.18044647444232],[6.820156457045172,46.1804325],[6.820164817083087,46.180418525557684],[6.820185,46.18041273715415],[6.820205182916914,46.180418525557684],[6.8202135429548285,46.1804325]]]}},{"type":"Feature","id":"pylon-champery-portes-du-soleil-411","properties":{"kind":"pylon","name":"Lift tower","height":13},"geometry":{"type":"Polygon","coordinates":[[[6.820272042927418,46.1803797],[6.820263682897532,46.18039367444232],[6.8202435,46.180399462845855],[6.820223317102468,46.18039367444232],[6.820214957072582,46.1803797],[6.820223317102468,46.180365725557685],[6.8202435,46.18035993715415],[6.820263682897532,46.180365725557685],[6.820272042927418,46.1803797]]]}},{"type":"Feature","id":"pylon-champery-portes-du-soleil-412","properties":{"kind":"pylon","name":"Lift tower","height":13},"geometry":{"type":"Polygon","coordinates":[[[6.815213339639134,46.1740444],[6.815204980572364,46.17405837444232],[6.8151848,46.17406416284585],[6.815164619427636,46.17405837444232],[6.815156260360866,46.1740444],[6.815164619427636,46.17403042555768],[6.8151848,46.17402463715415],[6.815204980572364,46.17403042555768],[6.815213339639134,46.1740444]]]}},{"type":"Feature","id":"pylon-champery-portes-du-soleil-413","properties":{"kind":"pylon","name":"Lift tower","height":13},"geometry":{"type":"Polygon","coordinates":[[[6.814508339612823,46.1739937],[6.81449998055376,46.174007674442315],[6.8144798,46.17401346284585],[6.81445961944624,46.174007674442315],[6.814451260387177,46.1739937],[6.81445961944624,46.17397972555768],[6.8144798,46.173973937154145],[6.81449998055376,46.17397972555768],[6.814508339612823,46.1739937]]]}},{"type":"Feature","id":"pylon-champery-portes-du-soleil-414","properties":{"kind":"pylon","name":"Lift tower","height":13},"geometry":{"type":"Polygon","coordinates":[[[6.813785039589938,46.1739496],[6.813776680537577,46.17396357444232],[6.8137565,46.17396936284585],[6.813736319462423,46.17396357444232],[6.813727960410063,46.1739496],[6.813736319462423,46.17393562555768],[6.8137565,46.17392983715415],[6.813776680537577,46.17393562555768],[6.813785039589938,46.1739496]]]}},{"type":"Feature","id":"pylon-champery-portes-du-soleil-415","properties":{"kind":"pylon","name":"Lift tower","height":13},"geometry":{"type":"Polygon","coordinates":[[[6.812727739556465,46.1738851],[6.812719380513909,46.17389907444232],[6.8126992,46.17390486284585],[6.812679019486091,46.17389907444232],[6.812670660443535,46.1738851],[6.812679019486091,46.17387112555768],[6.8126992,46.17386533715415],[6.812719380513909,46.17387112555768],[6.812727739556465,46.1738851]]]}},{"type":"Feature","id":"pylon-champery-portes-du-soleil-416","properties":{"kind":"pylon","name":"Lift tower","height":13},"geometry":{"type":"Polygon","coordinates":[[[6.811592239520501,46.1738158],[6.811583880488478,46.17382977444232],[6.8115637,46.17383556284585],[6.811543519511521,46.17382977444232],[6.811535160479498,46.1738158],[6.811543519511521,46.17380182555768],[6.8115637,46.17379603715415],[6.811583880488478,46.17380182555768],[6.811592239520501,46.1738158]]]}},{"type":"Feature","id":"pylon-champery-portes-du-soleil-417","properties":{"kind":"pylon","name":"Lift tower","height":13},"geometry":{"type":"Polygon","coordinates":[[[6.810385839482307,46.1737422],[6.8103774804614705,46.17375617444232],[6.8103573,46.17376196284585],[6.810337119538529,46.17375617444232],[6.8103287605176925,46.1737422],[6.810337119538529,46.17372822555768],[6.8103573,46.17372243715415],[6.8103774804614705,46.17372822555768],[6.810385839482307,46.1737422]]]}},{"type":"Feature","id":"pylon-champery-portes-du-soleil-418","properties":{"kind":"pylon","name":"Lift tower","height":13},"geometry":{"type":"Polygon","coordinates":[[[6.809213639445151,46.1736706],[6.809205280435197,46.17368457444232],[6.8091851,46.17369036284585],[6.809164919564802,46.17368457444232],[6.8091565605548485,46.1736706],[6.809164919564802,46.17365662555768],[6.8091851,46.17365083715415],[6.809205280435197,46.17365662555768],[6.809213639445151,46.1736706]]]}},{"type":"Feature","id":"pylon-champery-portes-du-soleil-419","properties":{"kind":"pylon","name":"Lift tower","height":13},"geometry":{"type":"Polygon","coordinates":[[[6.8082240394138065,46.1736102],[6.808215680413034,46.17362417444232],[6.8081955,46.17362996284585],[6.808175319586966,46.17362417444232],[6.808166960586194,46.1736102],[6.808175319586966,46.17359622555768],[6.8081955,46.17359043715415],[6.808215680413034,46.17359622555768],[6.8082240394138065,46.1736102]]]}},{"type":"Feature","id":"pylon-champery-portes-du-soleil-420","properties":{"kind":"pylon","name":"Lift tower","height":13},"geometry":{"type":"Polygon","coordinates":[[[6.806628139363314,46.1735129],[6.80661978037733,46.17352687444232],[6.8065996,46.17353266284585],[6.80657941962267,46.17352687444232],[6.806571060636687,46.1735129],[6.80657941962267,46.17349892555768],[6.8065996,46.173493137154146],[6.80661978037733,46.17349892555768],[6.806628139363314,46.1735129]]]}},{"type":"Feature","id":"pylon-champery-portes-du-soleil-421","properties":{"kind":"pylon","name":"Lift tower","height":13},"geometry":{"type":"Polygon","coordinates":[[[6.805691539333631,46.1734557],[6.805683180356341,46.173469674442316],[6.805663,46.17347546284585],[6.805642819643659,46.173469674442316],[6.8056344606663695,46.1734557],[6.805642819643659,46.17344172555768],[6.805663,46.173435937154146],[6.805683180356341,46.17344172555768],[6.805691539333631,46.1734557]]]}},{"type":"Feature","id":"pylon-champery-portes-du-soleil-422","properties":{"kind":"pylon","name":"Lift tower","height":13},"geometry":{"type":"Polygon","coordinates":[[[6.858558456462271,46.2064339],[6.858550092468119,46.20644787444232],[6.8585299,46.20645366284585],[6.858509707531881,46.20644787444232],[6.8585013435377284,46.2064339],[6.858509707531881,46.20641992555768],[6.8585299,46.20641413715415],[6.858550092468119,46.20641992555768],[6.858558456462271,46.2064339]]]}},{"type":"Feature","id":"pylon-champery-portes-du-soleil-423","properties":{"kind":"pylon","name":"Lift tower","height":13},"geometry":{"type":"Polygon","coordinates":[[[6.8583000564398136,46.2063907],[6.858291692452239,46.20640467444232],[6.8582715,46.20641046284585],[6.858251307547761,46.20640467444232],[6.858242943560186,46.2063907],[6.858251307547761,46.20637672555768],[6.8582715,46.20637093715415],[6.858291692452239,46.20637672555768],[6.8583000564398136,46.2063907]]]}},{"type":"Feature","id":"pylon-champery-portes-du-soleil-424","properties":{"kind":"pylon","name":"Lift tower","height":13},"geometry":{"type":"Polygon","coordinates":[[[6.856891056317391,46.2061552],[6.856882692365673,46.206169174442316],[6.8568625,46.20617496284585],[6.856842307634327,46.206169174442316],[6.856833943682609,46.2061552],[6.856842307634327,46.20614122555768],[6.8568625,46.206135437154146],[6.856882692365673,46.20614122555768],[6.856891056317391,46.2061552]]]}},{"type":"Feature","id":"pylon-champery-portes-du-soleil-425","properties":{"kind":"pylon","name":"Lift tower","height":13},"geometry":{"type":"Polygon","coordinates":[[[6.854922256146312,46.2058261],[6.854913892244702,46.20584007444232],[6.8548937,46.205845862845855],[6.854873507755298,46.20584007444232],[6.854865143853687,46.2058261],[6.854873507755298,46.205812125557685],[6.8548937,46.20580633715415],[6.854913892244702,46.205812125557685],[6.854922256146312,46.2058261]]]}},{"type":"Feature","id":"pylon-champery-portes-du-soleil-426","properties":{"kind":"pylon","name":"Lift tower","height":13},"geometry":{"type":"Polygon","coordinates":[[[6.854811856136696,46.2058076],[6.854803492237902,46.20582157444232],[6.8547833,46.20582736284585],[6.854763107762098,46.20582157444232],[6.854754743863304,46.2058076],[6.854763107762098,46.20579362555768],[6.8547833,46.20578783715415],[6.854803492237902,46.20579362555768],[6.854811856136696,46.2058076]]]}},{"type":"Feature","id":"pylon-champery-portes-du-soleil-427","properties":{"kind":"pylon","name":"Lift tower","height":13},"geometry":{"type":"Polygon","coordinates":[[[6.854684256125624,46.2057863],[6.854675892230073,46.20580027444232],[6.8546557,46.20580606284585],[6.8546355077699275,46.20580027444232],[6.854627143874377,46.2057863],[6.8546355077699275,46.20577232555768],[6.8546557,46.20576653715415],[6.854675892230073,46.20577232555768],[6.854684256125624,46.2057863]]]}},{"type":"Feature","id":"pylon-champery-portes-du-soleil-428","properties":{"kind":"pylon","name":"Lift tower","height":13},"geometry":{"type":"Polygon","coordinates":[[[6.853526556024985,46.2055927],[6.85351819215891,46.205606674442315],[6.853498,46.20561246284585],[6.85347780784109,46.205606674442315],[6.8534694439750155,46.2055927],[6.85347780784109,46.20557872555768],[6.853498,46.205572937154145],[6.85351819215891,46.20557872555768],[6.853526556024985,46.2055927]]]}},{"type":"Feature","id":"pylon-champery-portes-du-soleil-429","properties":{"kind":"pylon","name":"Lift tower","height":13},"geometry":{"type":"Polygon","coordinates":[[[6.853303556005596,46.2055554],[6.8532951921452,46.20556937444232],[6.853275,46.205575162845854],[6.8532548078548,46.20556937444232],[6.853246443994404,46.2055554],[6.8532548078548,46.20554142555768],[6.853275,46.20553563715415],[6.8532951921452,46.20554142555768],[6.853303556005596,46.2055554]]]}},{"type":"Feature","id":"pylon-champery-portes-du-soleil-430","properties":{"kind":"pylon","name":"Lift tower","height":13},"geometry":{"type":"Polygon","coordinates":[[[6.850935555799851,46.2051596],[6.850927191999717,46.20517357444232],[6.850907,46.205179362845854],[6.850886808000284,46.20517357444232],[6.850878444200149,46.2051596],[6.850886808000284,46.205145625557684],[6.850907,46.20513983715415],[6.850927191999717,46.205145625557684],[6.850935555799851,46.2051596]]]}},{"type":"Feature","id":"pylon-champery-portes-du-soleil-431","properties":{"kind":"pylon","name":"Lift tower","height":13},"geometry":{"type":"Polygon","coordinates":[[[6.850808855788832,46.2051384],[6.850800491991925,46.20515237444232],[6.8507803,46.205158162845855],[6.8507601080080756,46.20515237444232],[6.850751744211169,46.2051384],[6.8507601080080756,46.205124425557685],[6.8507803,46.20511863715415],[6.850800491991925,46.205124425557685],[6.850808855788832,46.2051384]]]}},{"type":"Feature","id":"pylon-champery-portes-du-soleil-432","properties":{"kind":"pylon","name":"Lift tower","height":13},"geometry":{"type":"Polygon","coordinates":[[[6.850697155779111,46.2051197],[6.850688791985051,46.205133674442315],[6.8506686,46.20513946284585],[6.850648408014949,46.205133674442315],[6.850640044220889,46.2051197],[6.850648408014949,46.20510572555768],[6.8506686,46.205099937154145],[6.850688791985051,46.20510572555768],[6.850697155779111,46.2051197]]]}},{"type":"Feature","id":"pylon-champery-portes-du-soleil-433","properties":{"kind":"pylon","name":"Lift tower","height":13},"geometry":{"type":"Polygon","coordinates":[[[6.849204155649367,46.2048701],[6.849195791893308,46.20488407444232],[6.8491756,46.20488986284585],[6.849155408106691,46.20488407444232],[6.849147044350633,46.2048701],[6.849155408106691,46.20485612555768],[6.8491756,46.20485033715415],[6.849195791893308,46.20485612555768],[6.849204155649367,46.2048701]]]}},{"type":"Feature","id":"pylon-champery-portes-du-soleil-434","properties":{"kind":"pylon","name":"Lift tower","height":13},"geometry":{"type":"Polygon","coordinates":[[[6.849087855639283,46.2048507],[6.849079491886179,46.20486467444232],[6.8490593,46.204870462845854],[6.849039108113822,46.20486467444232],[6.849030744360718,46.2048507],[6.849039108113822,46.20483672555768],[6.8490593,46.20483093715415],[6.849079491886179,46.20483672555768],[6.849087855639283,46.2048507]]]}},{"type":"Feature","id":"pylon-champery-portes-du-soleil-435","properties":{"kind":"pylon","name":"Lift tower","height":13},"geometry":{"type":"Polygon","coordinates":[[[6.852265952258384,46.1983454],[6.8522575894955216,46.19835937444232],[6.8522374,46.19836516284585],[6.852217210504478,46.19835937444232],[6.852208847741616,46.1983454],[6.852217210504478,46.19833142555768],[6.8522374,46.19832563715415],[6.8522575894955216,46.19833142555768],[6.852265952258384,46.1983454]]]}},{"type":"Feature","id":"pylon-champery-portes-du-soleil-436","properties":{"kind":"pylon","name":"Lift tower","height":13},"geometry":{"type":"Polygon","coordinates":[[[6.85155315228582,46.1983982],[6.851544789514922,46.19841217444232],[6.8515246,46.19841796284585],[6.851504410485078,46.19841217444232],[6.85149604771418,46.1983982],[6.851504410485078,46.19838422555768],[6.8515246,46.19837843715415],[6.851544789514922,46.19838422555768],[6.85155315228582,46.1983982]]]}},{"type":"Feature","id":"pylon-champery-portes-du-soleil-437","properties":{"kind":"pylon","name":"Lift tower","height":13},"geometry":{"type":"Polygon","coordinates":[[[6.850059852349787,46.1985213],[6.850051489560153,46.19853527444232],[6.8500313,46.198541062845855],[6.850011110439848,46.19853527444232],[6.850002747650214,46.1985213],[6.850011110439848,46.198507325557685],[6.8500313,46.19850153715415],[6.850051489560153,46.198507325557685],[6.850059852349787,46.1985213]]]}},{"type":"Feature","id":"pylon-champery-portes-du-soleil-438","properties":{"kind":"pylon","name":"Lift tower","height":13},"geometry":{"type":"Polygon","coordinates":[[[6.849025052399203,46.1986164],[6.849016689595096,46.19863037444232],[6.8489965,46.19863616284585],[6.848976310404904,46.19863037444232],[6.848967947600797,46.1986164],[6.848976310404904,46.19860242555768],[6.8489965,46.19859663715415],[6.849016689595096,46.19860242555768],[6.849025052399203,46.1986164]]]}},{"type":"Feature","id":"pylon-champery-portes-du-soleil-439","properties":{"kind":"pylon","name":"Lift tower","height":13},"geometry":{"type":"Polygon","coordinates":[[[6.846943752497154,46.1988049],[6.846935389664358,46.19881887444232],[6.8469152,46.19882466284585],[6.846895010335642,46.19881887444232],[6.846886647502846,46.1988049],[6.846895010335642,46.19879092555768],[6.8469152,46.19878513715415],[6.846935389664358,46.19879092555768],[6.846943752497154,46.1988049]]]}},{"type":"Feature","id":"pylon-champery-portes-du-soleil-440","properties":{"kind":"pylon","name":"Lift tower","height":13},"geometry":{"type":"Polygon","coordinates":[[[6.845418852564292,46.1989341],[6.845410489711831,46.19894807444232],[6.8453903,46.198953862845855],[6.845370110288169,46.19894807444232],[6.8453617474357085,46.1989341],[6.845370110288169,46.198920125557684],[6.8453903,46.19891433715415],[6.845410489711831,46.198920125557684],[6.845418852564292,46.1989341]]]}},{"type":"Feature","id":"pylon-champery-portes-du-soleil-441","properties":{"kind":"pylon","name":"Lift tower","height":13},"geometry":{"type":"Polygon","coordinates":[[[6.844437452608566,46.1990193],[6.844429089743137,46.19903327444232],[6.8444089,46.199039062845856],[6.8443887102568635,46.19903327444232],[6.844380347391435,46.1990193],[6.8443887102568635,46.199005325557685],[6.8444089,46.19899953715415],[6.844429089743137,46.199005325557685],[6.844437452608566,46.1990193]]]}},{"type":"Feature","id":"pylon-champery-portes-du-soleil-442","properties":{"kind":"pylon","name":"Lift tower","height":13},"geometry":{"type":"Polygon","coordinates":[[[6.84337035266027,46.1991188],[6.843361989779698,46.19913277444232],[6.8433418,46.19913856284585],[6.843321610220302,46.19913277444232],[6.84331324733973,46.1991188],[6.843321610220302,46.19910482555768],[6.8433418,46.19909903715415],[6.843361989779698,46.19910482555768],[6.84337035266027,46.1991188]]]}},{"type":"Feature","id":"pylon-champery-portes-du-soleil-443","properties":{"kind":"pylon","name":"Lift tower","height":13},"geometry":{"type":"Polygon","coordinates":[[[6.841805852732813,46.1992584],[6.841797489830994,46.199272374442316],[6.8417773,46.19927816284585],[6.841757110169007,46.199272374442316],[6.841748747267188,46.1992584],[6.841757110169007,46.19924442555768],[6.8417773,46.199238637154146],[6.841797489830994,46.19924442555768],[6.841805852732813,46.1992584]]]}},{"type":"Feature","id":"pylon-champery-portes-du-soleil-444","properties":{"kind":"pylon","name":"Lift tower","height":13},"geometry":{"type":"Polygon","coordinates":[[[6.841344152755053,46.1993012],[6.8413357898467195,46.19931517444232],[6.8413156,46.19932096284585],[6.84129541015328,46.19931517444232],[6.841287047244946,46.1993012],[6.84129541015328,46.19928722555768],[6.8413156,46.19928143715415],[6.8413357898467195,46.19928722555768],[6.841344152755053,46.1993012]]]}},{"type":"Feature","id":"pylon-champery-portes-du-soleil-445","properties":{"kind":"pylon","name":"Lift tower","height":13},"geometry":{"type":"Polygon","coordinates":[[[6.861197566335786,46.2254174],[6.861189199449749,46.225431374442316],[6.861169,46.22543716284585],[6.861148800550252,46.225431374442316],[6.8611404336642146,46.2254174],[6.861148800550252,46.22540342555768],[6.861169,46.225397637154146],[6.861189199449749,46.22540342555768],[6.861197566335786,46.2254174]]]}},{"type":"Feature","id":"pylon-champery-portes-du-soleil-446","properties":{"kind":"pylon","name":"Lift tower","height":13},"geometry":{"type":"Polygon","coordinates":[[[6.861055566585256,46.2258968],[6.8610471996261495,46.22591077444232],[6.861027,46.22591656284585],[6.8610068003738505,46.22591077444232],[6.860998433414744,46.2258968],[6.8610068003738505,46.22588282555768],[6.861027,46.22587703715415],[6.8610471996261495,46.22588282555768],[6.861055566585256,46.2258968]]]}},{"type":"Feature","id":"pylon-champery-portes-du-soleil-447","properties":{"kind":"pylon","name":"Lift tower","height":13},"geometry":{"type":"Polygon","coordinates":[[[6.860917266851334,46.2264081],[6.860908899814295,46.22642207444232],[6.8608887,46.22642786284585],[6.860868500185705,46.22642207444232],[6.860860133148667,46.2264081],[6.860868500185705,46.22639412555768],[6.8608887,46.22638833715415],[6.860908899814295,46.22639412555768],[6.860917266851334,46.2264081]]]}},{"type":"Feature","id":"pylon-champery-portes-du-soleil-448","properties":{"kind":"pylon","name":"Lift tower","height":13},"geometry":{"type":"Polygon","coordinates":[[[6.860727167227537,46.227131],[6.860718800080312,46.22714497444232],[6.8606986,46.22715076284585],[6.8606783999196885,46.22714497444232],[6.860670032772463,46.227131],[6.8606783999196885,46.22711702555768],[6.8606986,46.22711123715415],[6.860718800080312,46.22711702555768],[6.860727167227537,46.227131]]]}},{"type":"Feature","id":"pylon-champery-portes-du-soleil-449","properties":{"kind":"pylon","name":"Lift tower","height":13},"geometry":{"type":"Polygon","coordinates":[[[6.860644767386007,46.2274355],[6.860636400192366,46.22744947444232],[6.8606162,46.22745526284585],[6.860595999807634,46.22744947444232],[6.860587632613993,46.2274355],[6.860595999807634,46.22742152555768],[6.8606162,46.227415737154146],[6.860636400192366,46.22742152555768],[6.860644767386007,46.2274355]]]}},{"type":"Feature","id":"pylon-champery-portes-du-soleil-450","properties":{"kind":"pylon","name":"Lift tower","height":13},"geometry":{"type":"Polygon","coordinates":[[[6.860397167857995,46.2283424],[6.860388800526112,46.22835637444232],[6.8603686,46.228362162845855],[6.860348399473888,46.22835637444232],[6.860340032142005,46.2283424],[6.860348399473888,46.228328425557685],[6.8603686,46.22832263715415],[6.860388800526112,46.228328425557685],[6.860397167857995,46.2283424]]]}},{"type":"Feature","id":"pylon-champery-portes-du-soleil-451","properties":{"kind":"pylon","name":"Lift tower","height":13},"geometry":{"type":"Polygon","coordinates":[[[6.859874368866478,46.23028],[6.859866001239218,46.23029397444232],[6.8598458,46.23029976284585],[6.859825598760783,46.23029397444232],[6.859817231133523,46.23028],[6.859825598760783,46.23026602555768],[6.8598458,46.23026023715415],[6.859866001239218,46.23026602555768],[6.859874368866478,46.23028]]]}},{"type":"Feature","id":"pylon-champery-portes-du-soleil-452","properties":{"kind":"pylon","name":"Lift tower","height":13},"geometry":{"type":"Polygon","coordinates":[[[6.859380869826757,46.2321248],[6.859372501918237,46.23213877444232],[6.8593523,46.23214456284585],[6.859332098081763,46.23213877444232],[6.8593237301732435,46.2321248],[6.859332098081763,46.23211082555768],[6.8593523,46.23210503715415],[6.859372501918237,46.23211082555768],[6.859380869826757,46.2321248]]]}},{"type":"Feature","id":"pylon-champery-portes-du-soleil-453","properties":{"kind":"pylon","name":"Lift tower","height":13},"geometry":{"type":"Polygon","coordinates":[[[6.85896187062996,46.2336677],[6.858953502486187,46.233681674442316],[6.8589333,46.23368746284585],[6.858913097513813,46.233681674442316],[6.858904729370041,46.2336677],[6.858913097513813,46.23365372555768],[6.8589333,46.233647937154146],[6.858953502486187,46.23365372555768],[6.85896187062996,46.2336677]]]}},{"type":"Feature","id":"pylon-champery-portes-du-soleil-454","properties":{"kind":"pylon","name":"Lift tower","height":13},"geometry":{"type":"Polygon","coordinates":[[[6.859771865369189,46.2235598],[6.85976349876626,46.223573774442315],[6.8597433,46.22357956284585],[6.859723101233739,46.223573774442315],[6.859714734630811,46.2235598],[6.859723101233739,46.22354582555768],[6.8597433,46.223540037154144],[6.85976349876626,46.22354582555768],[6.859771865369189,46.2235598]]]}},{"type":"Feature","id":"pylon-champery-portes-du-soleil-455","properties":{"kind":"pylon","name":"Lift tower","height":13},"geometry":{"type":"Polygon","coordinates":[[[6.8600030653375015,46.2234989],[6.859994698743854,46.22351287444232],[6.8599745,46.223518662845855],[6.8599543012561455,46.22351287444232],[6.859945934662498,46.2234989],[6.8599543012561455,46.223484925557685],[6.8599745,46.22347913715415],[6.859994698743854,46.223484925557685],[6.8600030653375015,46.2234989]]]}},{"type":"Feature","id":"pylon-champery-portes-du-soleil-456","properties":{"kind":"pylon","name":"Lift tower","height":13},"geometry":{"type":"Polygon","coordinates":[[[6.859636165387713,46.2235954],[6.85962779877936,46.22360937444232],[6.8596076,46.22361516284585],[6.859587401220641,46.22360937444232],[6.859579034612287,46.2235954],[6.859587401220641,46.22358142555768],[6.8596076,46.22357563715415],[6.85962779877936,46.22358142555768],[6.859636165387713,46.2235954]]]}},{"type":"Feature","id":"pylon-champery-portes-du-soleil-457","properties":{"kind":"pylon","name":"Lift tower","height":13},"geometry":{"type":"Polygon","coordinates":[[[6.861613865117045,46.2230752],[6.861605498587967,46.223089174442315],[6.8615853,46.22309496284585],[6.861565101412032,46.223089174442315],[6.861556734882955,46.2230752],[6.861565101412032,46.22306122555768],[6.8615853,46.223055437154144],[6.861605498587967,46.22306122555768],[6.861613865117045,46.2230752]]]}},{"type":"Feature","id":"pylon-champery-portes-du-soleil-458","properties":{"kind":"pylon","name":"Lift tower","height":13},"geometry":{"type":"Polygon","coordinates":[[[6.862414765007417,46.2228645],[6.8624063985104495,46.22287847444232],[6.8623862,46.22288426284585],[6.862366001489551,46.22287847444232],[6.862357634992584,46.2228645],[6.862366001489551,46.22285052555768],[6.8623862,46.22284473715415],[6.8624063985104495,46.22285052555768],[6.862414765007417,46.2228645]]]}},{"type":"Feature","id":"pylon-champery-portes-du-soleil-459","properties":{"kind":"pylon","name":"Lift tower","height":13},"geometry":{"type":"Polygon","coordinates":[[[6.864127264773024,46.222414],[6.864118898344708,46.22242797444232],[6.8640987,46.22243376284585],[6.8640785016552925,46.22242797444232],[6.864070135226977,46.222414],[6.8640785016552925,46.22240002555768],[6.8640987,46.22239423715415],[6.864118898344708,46.22240002555768],[6.864127264773024,46.222414]]]}},{"type":"Feature","id":"pylon-champery-portes-du-soleil-460","properties":{"kind":"pylon","name":"Lift tower","height":13},"geometry":{"type":"Polygon","coordinates":[[[6.864460564727394,46.2223263],[6.864452198312443,46.22234027444232],[6.864432,46.22234606284585],[6.864411801687557,46.22234027444232],[6.864403435272606,46.2223263],[6.864411801687557,46.22231232555768],[6.864432,46.22230653715415],[6.864452198312443,46.22231232555768],[6.864460564727394,46.2223263]]]}},{"type":"Feature","id":"pylon-champery-portes-du-soleil-461","properties":{"kind":"pylon","name":"Lift tower","height":13},"geometry":{"type":"Polygon","coordinates":[[[6.866616664432344,46.2217592],[6.866608298103811,46.22177317444232],[6.8665881,46.22177896284585],[6.86656790189619,46.22177317444232],[6.8665595355676565,46.2217592],[6.86656790189619,46.22174522555768],[6.8665881,46.22173943715415],[6.866608298103811,46.22174522555768],[6.866616664432344,46.2217592]]]}},{"type":"Feature","id":"pylon-champery-portes-du-soleil-462","properties":{"kind":"pylon","name":"Lift tower","height":13},"geometry":{"type":"Polygon","coordinates":[[[6.867594264298531,46.221502],[6.867585898009191,46.22151597444232],[6.8675657,46.22152176284585],[6.86754550199081,46.22151597444232],[6.867537135701469,46.221502],[6.86754550199081,46.22148802555768],[6.8675657,46.22148223715415],[6.867585898009191,46.22148802555768],[6.867594264298531,46.221502]]]}},{"type":"Feature","id":"pylon-champery-portes-du-soleil-463","properties":{"kind":"pylon","name":"Lift tower","height":13},"geometry":{"type":"Polygon","coordinates":[[[6.867931364252383,46.2214133],[6.86792299797656,46.22142727444232],[6.8679028,46.221433062845854],[6.867882602023441,46.22142727444232],[6.8678742357476175,46.2214133],[6.867882602023441,46.221399325557684],[6.8679028,46.22139353715415],[6.86792299797656,46.221399325557684],[6.867931364252383,46.2214133]]]}},{"type":"Feature","id":"pylon-champery-portes-du-soleil-464","properties":{"kind":"pylon","name":"Lift tower","height":13},"geometry":{"type":"Polygon","coordinates":[[[6.868790464134805,46.2211873],[6.868782097893419,46.221201274442315],[6.8687619,46.22120706284585],[6.868741702106581,46.221201274442315],[6.868733335865195,46.2211873],[6.868741702106581,46.22117332555768],[6.8687619,46.221167537154145],[6.868782097893419,46.22117332555768],[6.868790464134805,46.2211873]]]}},{"type":"Feature","id":"pylon-champery-portes-du-soleil-465","properties":{"kind":"pylon","name":"Lift tower","height":13},"geometry":{"type":"Polygon","coordinates":[[[6.870265863932896,46.2207992],[6.870257497750648,46.22081317444232],[6.8702373,46.220818962845854],[6.870217102249352,46.22081317444232],[6.870208736067105,46.2207992],[6.870217102249352,46.220785225557684],[6.8702373,46.22077943715415],[6.870257497750648,46.220785225557684],[6.870265863932896,46.2207992]]]}},{"type":"Feature","id":"pylon-champery-portes-du-soleil-466","properties":{"kind":"pylon","name":"Lift tower","height":13},"geometry":{"type":"Polygon","coordinates":[[[6.7128804236406925,46.1431909],[6.712872069259758,46.14320487444232],[6.7128519,46.14321066284585],[6.712831730740243,46.14320487444232],[6.712823376359308,46.1431909],[6.712831730740243,46.14317692555768],[6.7128519,46.14317113715415],[6.712872069259758,46.14317692555768],[6.7128804236406925,46.1431909]]]}},{"type":"Feature","id":"pylon-champery-portes-du-soleil-467","properties":{"kind":"pylon","name":"Lift tower","height":13},"geometry":{"type":"Polygon","coordinates":[[[6.71216262400788,46.1438996],[6.712154269519399,46.143913574442315],[6.7121341,46.14391936284585],[6.7121139304806015,46.143913574442315],[6.71210557599212,46.1438996],[6.7121139304806015,46.14388562555768],[6.7121341,46.143879837154145],[6.712154269519399,46.14388562555768],[6.71216262400788,46.1438996]]]}},{"type":"Feature","id":"pylon-champery-portes-du-soleil-468","properties":{"kind":"pylon","name":"Lift tower","height":13},"geometry":{"type":"Polygon","coordinates":[[[6.711337524417465,46.1446901],[6.711329169809019,46.144704074442316],[6.711309,46.14470986284585],[6.7112888301909805,46.144704074442316],[6.711280475582535,46.1446901],[6.7112888301909805,46.14467612555768],[6.711309,46.144670337154146],[6.711329169809019,46.14467612555768],[6.711337524417465,46.1446901]]]}},{"type":"Feature","id":"pylon-champery-portes-du-soleil-469","properties":{"kind":"pylon","name":"Lift tower","height":13},"geometry":{"type":"Polygon","coordinates":[[[6.710506724831162,46.1454885],[6.710498370101547,46.14550247444232],[6.7104782,46.14550826284585],[6.710458029898453,46.14550247444232],[6.710449675168838,46.1454885],[6.710458029898453,46.14547452555768],[6.7104782,46.14546873715415],[6.710498370101547,46.14547452555768],[6.710506724831162,46.1454885]]]}},{"type":"Feature","id":"pylon-champery-portes-du-soleil-470","properties":{"kind":"pylon","name":"Lift tower","height":13},"geometry":{"type":"Polygon","coordinates":[[[6.709265225457336,46.1466969],[6.709256870544318,46.14671087444232],[6.7092367,46.146716662845854],[6.709216529455682,46.14671087444232],[6.709208174542664,46.1466969],[6.709216529455682,46.146682925557684],[6.7092367,46.14667713715415],[6.709256870544318,46.146682925557684],[6.709265225457336,46.1466969]]]}},{"type":"Feature","id":"pylon-champery-portes-du-soleil-471","properties":{"kind":"pylon","name":"Lift tower","height":13},"geometry":{"type":"Polygon","coordinates":[[[6.724617019109625,46.1344434],[6.7246086660558095,46.13445737444232],[6.7245885,46.134463162845854],[6.724568333944191,46.13445737444232],[6.724559980890375,46.1344434],[6.724568333944191,46.134429425557684],[6.7245885,46.13442363715415],[6.7246086660558095,46.134429425557684],[6.724617019109625,46.1344434]]]}},{"type":"Feature","id":"pylon-champery-portes-du-soleil-472","properties":{"kind":"pylon","name":"Lift tower","height":13},"geometry":{"type":"Polygon","coordinates":[[[6.838005249644553,46.1933145],[6.837996887647264,46.19332847444232],[6.8379767,46.19333426284585],[6.8379565123527355,46.19332847444232],[6.837948150355446,46.1933145],[6.8379565123527355,46.19330052555768],[6.8379767,46.19329473715415],[6.837996887647264,46.19330052555768],[6.838005249644553,46.1933145]]]}},{"type":"Feature","id":"pylon-champery-portes-du-soleil-473","properties":{"kind":"pylon","name":"Lift tower","height":13},"geometry":{"type":"Polygon","coordinates":[[[6.838527549775309,46.1935662],[6.838519187739722,46.19358017444232],[6.838499,46.19358596284585],[6.838478812260277,46.19358017444232],[6.8384704502246905,46.1935662],[6.838478812260277,46.19355222555768],[6.838499,46.19354643715415],[6.838519187739722,46.19355222555768],[6.838527549775309,46.1935662]]]}},{"type":"Feature","id":"pylon-champery-portes-du-soleil-474","properties":{"kind":"pylon","name":"Lift tower","height":13},"geometry":{"type":"Polygon","coordinates":[[[6.839538150028409,46.1940534],[6.839529787918692,46.19406737444232],[6.8395096,46.194073162845854],[6.839489412081309,46.19406737444232],[6.8394810499715915,46.1940534],[6.839489412081309,46.19403942555768],[6.8395096,46.19403363715415],[6.839529787918692,46.19403942555768],[6.839538150028409,46.1940534]]]}},{"type":"Feature","id":"pylon-champery-portes-du-soleil-475","properties":{"kind":"pylon","name":"Lift tower","height":13},"geometry":{"type":"Polygon","coordinates":[[[6.840135550178028,46.1943414],[6.840127188024487,46.19435537444232],[6.840107,46.19436116284585],[6.840086811975512,46.19435537444232],[6.840078449821972,46.1943414],[6.840086811975512,46.19432742555768],[6.840107,46.19432163715415],[6.840127188024487,46.19432742555768],[6.840135550178028,46.1943414]]]}},{"type":"Feature","id":"pylon-champery-portes-du-soleil-476","properties":{"kind":"pylon","name":"Lift tower","height":13},"geometry":{"type":"Polygon","coordinates":[[[6.792392262936729,46.2188843],[6.792383897046252,46.21889827444232],[6.7923637,46.21890406284585],[6.792343502953749,46.21889827444232],[6.792335137063271,46.2188843],[6.792343502953749,46.21887032555768],[6.7923637,46.21886453715415],[6.792383897046252,46.21887032555768],[6.792392262936729,46.2188843]]]}},{"type":"Feature","id":"pylon-champery-portes-du-soleil-477","properties":{"kind":"pylon","name":"Lift tower","height":13},"geometry":{"type":"Polygon","coordinates":[[[6.792296663091175,46.2191812],[6.792288297155462,46.21919517444232],[6.7922681,46.219200962845854],[6.792247902844538,46.21919517444232],[6.792239536908825,46.2191812],[6.792247902844538,46.21916722555768],[6.7922681,46.21916143715415],[6.792288297155462,46.21916722555768],[6.792296663091175,46.2191812]]]}},{"type":"Feature","id":"pylon-champery-portes-du-soleil-478","properties":{"kind":"pylon","name":"Lift tower","height":13},"geometry":{"type":"Polygon","coordinates":[[[6.792265863138409,46.219272],[6.792257497188861,46.219285974442315],[6.7922373,46.21929176284585],[6.792217102811139,46.219285974442315],[6.792208736861591,46.219272],[6.792217102811139,46.21925802555768],[6.7922373,46.219252237154144],[6.792257497188861,46.21925802555768],[6.792265863138409,46.219272]]]}},{"type":"Feature","id":"pylon-champery-portes-du-soleil-479","properties":{"kind":"pylon","name":"Lift tower","height":13},"geometry":{"type":"Polygon","coordinates":[[[6.791870763787696,46.2205201],[6.791862397647976,46.22053407444232],[6.7918422,46.220539862845854],[6.791822002352023,46.22053407444232],[6.791813636212304,46.2205201],[6.791822002352023,46.220506125557684],[6.7918422,46.22050033715415],[6.791862397647976,46.220506125557684],[6.791870763787696,46.2205201]]]}},{"type":"Feature","id":"pylon-champery-portes-du-soleil-480","properties":{"kind":"pylon","name":"Lift tower","height":13},"geometry":{"type":"Polygon","coordinates":[[[6.791658664127521,46.2211733],[6.7916502978882685,46.221187274442315],[6.7916301,46.22119306284585],[6.791609902111731,46.221187274442315],[6.791601535872479,46.2211733],[6.791609902111731,46.22115932555768],[6.7916301,46.221153537154144],[6.7916502978882685,46.22115932555768],[6.791658664127521,46.2211733]]]}},{"type":"Feature","id":"pylon-champery-portes-du-soleil-481","properties":{"kind":"pylon","name":"Lift tower","height":13},"geometry":{"type":"Polygon","coordinates":[[[6.791271664751223,46.2223721],[6.791263298329293,46.22238607444232],[6.7912431,46.22239186284585],[6.791222901670707,46.22238607444232],[6.791214535248777,46.2223721],[6.791222901670707,46.22235812555768],[6.7912431,46.22235233715415],[6.791263298329293,46.22235812555768],[6.791271664751223,46.2223721]]]}},{"type":"Feature","id":"pylon-champery-portes-du-soleil-482","properties":{"kind":"pylon","name":"Lift tower","height":13},"geometry":{"type":"Polygon","coordinates":[[[6.790772865552761,46.2239126],[6.790764498896065,46.22392657444232],[6.7907443,46.22393236284585],[6.790724101103935,46.22392657444232],[6.7907157344472395,46.2239126],[6.790724101103935,46.22389862555768],[6.7907443,46.223892837154146],[6.790764498896065,46.22389862555768],[6.790772865552761,46.2239126]]]}},{"type":"Feature","id":"pylon-champery-portes-du-soleil-483","properties":{"kind":"pylon","name":"Lift tower","height":13},"geometry":{"type":"Polygon","coordinates":[[[6.790424666115307,46.2249937],[6.790416299293845,46.22500767444232],[6.7903961,46.22501346284585],[6.790375900706154,46.22500767444232],[6.790367533884693,46.2249937],[6.790375900706154,46.22497972555768],[6.7903961,46.22497393715415],[6.790416299293845,46.22497972555768],[6.790424666115307,46.2249937]]]}},{"type":"Feature","id":"pylon-champery-portes-du-soleil-484","properties":{"kind":"pylon","name":"Lift tower","height":13},"geometry":{"type":"Polygon","coordinates":[[[6.7899647668498755,46.2264053],[6.789956399813264,46.22641927444232],[6.7899362,46.226425062845856],[6.789916000186735,46.22641927444232],[6.789907633150124,46.2264053],[6.789916000186735,46.226391325557685],[6.7899362,46.22638553715415],[6.789956399813264,46.226391325557685],[6.7899647668498755,46.2264053]]]}},{"type":"Feature","id":"pylon-champery-portes-du-soleil-485","properties":{"kind":"pylon","name":"Lift tower","height":13},"geometry":{"type":"Polygon","coordinates":[[[6.78968626730404,46.227278],[6.789677900134407,46.227291974442316],[6.7896577,46.22729776284585],[6.789637499865593,46.227291974442316],[6.789629132695961,46.227278],[6.789637499865593,46.22726402555768],[6.7896577,46.227258237154146],[6.789677900134407,46.22726402555768],[6.78968626730404,46.227278]]]}},{"type":"Feature","id":"pylon-champery-portes-du-soleil-486","properties":{"kind":"pylon","name":"Lift tower","height":13},"geometry":{"type":"Polygon","coordinates":[[[6.7893154679004635,46.228424],[6.789307100556142,46.228437974442315],[6.7892869,46.22844376284585],[6.789266699443857,46.228437974442315],[6.789258332099536,46.228424],[6.789266699443857,46.22841002555768],[6.7892869,46.228404237154145],[6.789307100556142,46.22841002555768],[6.7893154679004635,46.228424]]]}},{"type":"Feature","id":"pylon-champery-portes-du-soleil-487","properties":{"kind":"pylon","name":"Lift tower","height":13},"geometry":{"type":"Polygon","coordinates":[[[6.78889766857276,46.2297157],[6.788889301031528,46.22972967444232],[6.7888691,46.22973546284585],[6.788848898968473,46.22972967444232],[6.78884053142724,46.2297157],[6.788848898968473,46.22970172555768],[6.7888691,46.22969593715415],[6.788889301031528,46.22970172555768],[6.78889766857276,46.2297157]]]}},{"type":"Feature","id":"pylon-champery-portes-du-soleil-488","properties":{"kind":"pylon","name":"Lift tower","height":13},"geometry":{"type":"Polygon","coordinates":[[[6.788410269356392,46.2312212],[6.788401901585639,46.23123517444232],[6.7883817,46.23124096284585],[6.788361498414361,46.23123517444232],[6.788353130643609,46.2312212],[6.788361498414361,46.23120722555768],[6.7883817,46.23120143715415],[6.788401901585639,46.23120722555768],[6.788410269356392,46.2312212]]]}},{"type":"Feature","id":"pylon-champery-portes-du-soleil-489","properties":{"kind":"pylon","name":"Lift tower","height":13},"geometry":{"type":"Polygon","coordinates":[[[6.788301769535405,46.2315651],[6.78829340171222,46.231579074442315],[6.7882732,46.23158486284585],[6.7882529982877795,46.231579074442315],[6.788244630464595,46.2315651],[6.7882529982877795,46.23155112555768],[6.7882732,46.231545337154145],[6.78829340171222,46.23155112555768],[6.788301769535405,46.2315651]]]}},{"type":"Feature","id":"pylon-champery-portes-du-soleil-490","properties":{"kind":"pylon","name":"Lift tower","height":13},"geometry":{"type":"Polygon","coordinates":[[[6.788283869563982,46.23162],[6.788275501732428,46.23163397444232],[6.7882553,46.23163976284585],[6.788235098267573,46.23163397444232],[6.788226730436018,46.23162],[6.788235098267573,46.23160602555768],[6.7882553,46.23160023715415],[6.788275501732428,46.23160602555768],[6.788283869563982,46.23162]]]}},{"type":"Feature","id":"pylon-champery-portes-du-soleil-491","properties":{"kind":"pylon","name":"Lift tower","height":13},"geometry":{"type":"Polygon","coordinates":[[[6.817075969012794,46.2305611],[6.817067601342678,46.23057507444232],[6.8170474,46.230580862845855],[6.817027198657322,46.23057507444232],[6.817018830987206,46.2305611],[6.817027198657322,46.230547125557685],[6.8170474,46.23054133715415],[6.817067601342678,46.230547125557685],[6.817075969012794,46.2305611]]]}},{"type":"Feature","id":"pylon-champery-portes-du-soleil-492","properties":{"kind":"pylon","name":"Lift tower","height":13},"geometry":{"type":"Polygon","coordinates":[[[6.8170920690587025,46.2306493],[6.81708370137514,46.23066327444232],[6.8170635,46.230669062845855],[6.817043298624859,46.23066327444232],[6.817034930941297,46.2306493],[6.817043298624859,46.230635325557685],[6.8170635,46.23062953715415],[6.81708370137514,46.230635325557685],[6.8170920690587025,46.2306493]]]}},{"type":"Feature","id":"pylon-champery-portes-du-soleil-493","properties":{"kind":"pylon","name":"Lift tower","height":13},"geometry":{"type":"Polygon","coordinates":[[[6.819536976147802,46.2442637],[6.819528606387891,46.244277674442316],[6.8195084,46.24428346284585],[6.819488193612109,46.244277674442316],[6.819479823852198,46.2442637],[6.819488193612109,46.24424972555768],[6.8195084,46.244243937154145],[6.819528606387891,46.24424972555768],[6.819536976147802,46.2442637]]]}},{"type":"Feature","id":"pylon-champery-portes-du-soleil-494","properties":{"kind":"pylon","name":"Lift tower","height":13},"geometry":{"type":"Polygon","coordinates":[[[6.819044075526759,46.2430714],[6.819035705948748,46.243085374442316],[6.8190155,46.24309116284585],[6.818995294051252,46.243085374442316],[6.818986924473241,46.2430714],[6.818995294051252,46.24305742555768],[6.8190155,46.243051637154146],[6.819035705948748,46.24305742555768],[6.819044075526759,46.2430714]]]}},{"type":"Feature","id":"pylon-champery-portes-du-soleil-495","properties":{"kind":"pylon","name":"Lift tower","height":13},"geometry":{"type":"Polygon","coordinates":[[[6.818738274794664,46.2416658],[6.818729905431078,46.24167977444232],[6.8187097,46.24168556284585],[6.818689494568923,46.24167977444232],[6.8186811252053365,46.2416658],[6.818689494568923,46.24165182555768],[6.8187097,46.24164603715415],[6.818729905431078,46.24165182555768],[6.818738274794664,46.2416658]]]}},{"type":"Feature","id":"pylon-champery-portes-du-soleil-496","properties":{"kind":"pylon","name":"Lift tower","height":13},"geometry":{"type":"Polygon","coordinates":[[[6.818333273783852,46.2397249],[6.8183249047163255,46.23973887444232],[6.8183047,46.23974466284585],[6.818284495283674,46.23973887444232],[6.818276126216148,46.2397249],[6.818284495283674,46.23971092555768],[6.8183047,46.23970513715415],[6.8183249047163255,46.23971092555768],[6.818333273783852,46.2397249]]]}},{"type":"Feature","id":"pylon-champery-portes-du-soleil-497","properties":{"kind":"pylon","name":"Lift tower","height":13},"geometry":{"type":"Polygon","coordinates":[[[6.8182508735819,46.2393371],[6.818242504573525,46.23935107444232],[6.8182223,46.23935686284585],[6.818202095426476,46.23935107444232],[6.818193726418101,46.2393371],[6.818202095426476,46.23932312555768],[6.8182223,46.23931733715415],[6.818242504573525,46.23932312555768],[6.8182508735819,46.2393371]]]}},{"type":"Feature","id":"pylon-champery-portes-du-soleil-498","properties":{"kind":"pylon","name":"Lift tower","height":13},"geometry":{"type":"Polygon","coordinates":[[[6.861493862280581,46.2176229],[6.861485496582285,46.21763687444232],[6.8614653,46.217642662845854],[6.861445103417715,46.21763687444232],[6.861436737719419,46.2176229],[6.861445103417715,46.217608925557684],[6.8614653,46.21760313715415],[6.861485496582285,46.217608925557684],[6.861493862280581,46.2176229]]]}},{"type":"Feature","id":"pylon-champery-portes-du-soleil-499","properties":{"kind":"pylon","name":"Lift tower","height":13},"geometry":{"type":"Polygon","coordinates":[[[6.852413462009894,46.2171025],[6.85240509639088,46.21711647444232],[6.8523849,46.217122262845855],[6.852364703609119,46.21711647444232],[6.852356337990106,46.2171025],[6.852364703609119,46.217088525557685],[6.8523849,46.21708273715415],[6.85240509639088,46.217088525557685],[6.852413462009894,46.2171025]]]}},{"type":"Feature","id":"pylon-champery-portes-du-soleil-500","properties":{"kind":"pylon","name":"Lift tower","height":13},"geometry":{"type":"Polygon","coordinates":[[[6.854358662067891,46.217214],[6.854350296431891,46.21722797444232],[6.8543301,46.21723376284585],[6.85430990356811,46.21722797444232],[6.85430153793211,46.217214],[6.85430990356811,46.21720002555768],[6.8543301,46.217194237154146],[6.854350296431891,46.21720002555768],[6.854358662067891,46.217214]]]}},{"type":"Feature","id":"pylon-champery-portes-du-soleil-501","properties":{"kind":"pylon","name":"Lift tower","height":13},"geometry":{"type":"Polygon","coordinates":[[[6.855601362104925,46.2172852],[6.8555929964580775,46.21729917444232],[6.8555728,46.21730496284585],[6.8555526035419225,46.21729917444232],[6.855544237895075,46.2172852],[6.8555526035419225,46.21727122555768],[6.8555728,46.21726543715415],[6.8555929964580775,46.21727122555768],[6.855601362104925,46.2172852]]]}},{"type":"Feature","id":"pylon-champery-portes-du-soleil-502","properties":{"kind":"pylon","name":"Lift tower","height":13},"geometry":{"type":"Polygon","coordinates":[[[6.857836862171556,46.2174133],[6.857828496505193,46.217427274442315],[6.8578083,46.21743306284585],[6.857788103494808,46.217427274442315],[6.857779737828444,46.2174133],[6.857788103494808,46.21739932555768],[6.8578083,46.217393537154145],[6.857828496505193,46.21739932555768],[6.857836862171556,46.2174133]]]}},{"type":"Feature","id":"pylon-champery-portes-du-soleil-503","properties":{"kind":"pylon","name":"Lift tower","height":13},"geometry":{"type":"Polygon","coordinates":[[[6.859582862223624,46.2175134],[6.8595744965420105,46.21752737444232],[6.8595543,46.217533162845854],[6.85953410345799,46.21752737444232],[6.8595257377763765,46.2175134],[6.85953410345799,46.21749942555768],[6.8595543,46.21749363715415],[6.8595744965420105,46.21749942555768],[6.859582862223624,46.2175134]]]}},{"type":"Feature","id":"pylon-champery-portes-du-soleil-504","properties":{"kind":"pylon","name":"Lift tower","height":13},"geometry":{"type":"Polygon","coordinates":[[[6.862294862304508,46.2176689],[6.862286496599204,46.21768287444232],[6.8622663,46.21768866284585],[6.862246103400796,46.21768287444232],[6.862237737695492,46.2176689],[6.862246103400796,46.21765492555768],[6.8622663,46.21764913715415],[6.862286496599204,46.21765492555768],[6.862294862304508,46.2176689]]]}},{"type":"Feature","id":"pylon-champery-portes-du-soleil-505","properties":{"kind":"pylon","name":"Lift tower","height":13},"geometry":{"type":"Polygon","coordinates":[[[6.863960462354131,46.2177643],[6.863952096634293,46.21777827444232],[6.8639319,46.21778406284585],[6.863911703365707,46.21777827444232],[6.863903337645869,46.2177643],[6.863911703365707,46.21775032555768],[6.8639319,46.21774453715415],[6.863952096634293,46.21775032555768],[6.863960462354131,46.2177643]]]}},{"type":"Feature","id":"pylon-champery-portes-du-soleil-506","properties":{"kind":"pylon","name":"Lift tower","height":13},"geometry":{"type":"Polygon","coordinates":[[[6.866360462425705,46.2179019],[6.866352096684903,46.21791587444232],[6.8663319,46.21792166284585],[6.866311703315096,46.21791587444232],[6.866303337574294,46.2179019],[6.866311703315096,46.21788792555768],[6.8663319,46.21788213715415],[6.866352096684903,46.21788792555768],[6.866360462425705,46.2179019]]]}},{"type":"Feature","id":"pylon-champery-portes-du-soleil-507","properties":{"kind":"pylon","name":"Lift tower","height":13},"geometry":{"type":"Polygon","coordinates":[[[6.867574762461909,46.2179715],[6.867566396710503,46.217985474442315],[6.8675462,46.21799126284585],[6.8675260032894965,46.217985474442315],[6.86751763753809,46.2179715],[6.8675260032894965,46.21795752555768],[6.8675462,46.217951737154145],[6.867566396710503,46.21795752555768],[6.867574762461909,46.2179715]]]}},{"type":"Feature","id":"pylon-champery-portes-du-soleil-508","properties":{"kind":"pylon","name":"Lift tower","height":13},"geometry":{"type":"Polygon","coordinates":[[[6.8691212625079965,46.2180601],[6.869112896743092,46.21807407444232],[6.8690927,46.218079862845855],[6.869072503256909,46.21807407444232],[6.869064137492004,46.2180601],[6.869072503256909,46.218046125557684],[6.8690927,46.21804033715415],[6.869112896743092,46.218046125557684],[6.8691212625079965,46.2180601]]]}},{"type":"Feature","id":"pylon-champery-portes-du-soleil-509","properties":{"kind":"pylon","name":"Lift tower","height":13},"geometry":{"type":"Polygon","coordinates":[[[6.870572262551274,46.2181433],[6.870563896773693,46.21815727444232],[6.8705437,46.21816306284585],[6.870523503226306,46.21815727444232],[6.870515137448725,46.2181433],[6.870523503226306,46.21812932555768],[6.8705437,46.21812353715415],[6.870563896773693,46.21812932555768],[6.870572262551274,46.2181433]]]}},{"type":"Feature","id":"pylon-champery-portes-du-soleil-510","properties":{"kind":"pylon","name":"Lift tower","height":13},"geometry":{"type":"Polygon","coordinates":[[[6.721027748737937,46.1915692],[6.72101938700619,46.19158317444232],[6.7209992,46.191588962845856],[6.720979012993809,46.19158317444232],[6.720970651262062,46.1915692],[6.720979012993809,46.191555225557686],[6.7209992,46.19154943715415],[6.72101938700619,46.191555225557686],[6.721027748737937,46.1915692]]]}},{"type":"Feature","id":"pylon-champery-portes-du-soleil-511","properties":{"kind":"pylon","name":"Lift tower","height":13},"geometry":{"type":"Polygon","coordinates":[[[6.71667312905898,46.1536459],[6.716664773091066,46.15365987444232],[6.7166446,46.15366566284585],[6.716624426908935,46.15365987444232],[6.716616070941021,46.1536459],[6.716624426908935,46.15363192555768],[6.7166446,46.15362613715415],[6.716664773091066,46.15363192555768],[6.71667312905898,46.1536459]]]}},{"type":"Feature","id":"pylon-champery-portes-du-soleil-512","properties":{"kind":"pylon","name":"Lift tower","height":13},"geometry":{"type":"Polygon","coordinates":[[[6.715341429758108,46.1549945],[6.715333073585423,46.15500847444232],[6.7153129,46.15501426284585],[6.715292726414576,46.15500847444232],[6.715284370241892,46.1549945],[6.715292726414576,46.15498052555768],[6.7153129,46.15497473715415],[6.715333073585423,46.15498052555768],[6.715341429758108,46.1549945]]]}},{"type":"Feature","id":"pylon-champery-portes-du-soleil-513","properties":{"kind":"pylon","name":"Lift tower","height":13},"geometry":{"type":"Polygon","coordinates":[[[6.714250330337418,46.1561119],[6.714241973995057,46.15612587444232],[6.7142218,46.15613166284585],[6.714201626004942,46.15612587444232],[6.714193269662582,46.1561119],[6.714201626004942,46.15609792555768],[6.7142218,46.15609213715415],[6.714241973995057,46.15609792555768],[6.714250330337418,46.1561119]]]}},{"type":"Feature","id":"pylon-champery-portes-du-soleil-514","properties":{"kind":"pylon","name":"Lift tower","height":13},"geometry":{"type":"Polygon","coordinates":[[[6.713802930595356,46.1566094],[6.713794574177448,46.15662337444232],[6.7137744,46.15662916284585],[6.713754225822552,46.15662337444232],[6.713745869404645,46.1566094],[6.713754225822552,46.15659542555768],[6.7137744,46.15658963715415],[6.713794574177448,46.15659542555768],[6.713802930595356,46.1566094]]]}},{"type":"Feature","id":"pylon-champery-portes-du-soleil-515","properties":{"kind":"pylon","name":"Lift tower","height":13},"geometry":{"type":"Polygon","coordinates":[[[6.712924331051209,46.1574886],[6.712915974499784,46.15750257444232],[6.7128958,46.15750836284585],[6.712875625500216,46.15750257444232],[6.712867268948791,46.1574886],[6.712875625500216,46.15747462555768],[6.7128958,46.15746883715415],[6.712915974499784,46.15747462555768],[6.712924331051209,46.1574886]]]}},{"type":"Feature","id":"pylon-champery-portes-du-soleil-516","properties":{"kind":"pylon","name":"Lift tower","height":13},"geometry":{"type":"Polygon","coordinates":[[[6.717302728728407,46.1530082],[6.717294372857315,46.15302217444232],[6.7172742,46.153027962845854],[6.717254027142686,46.15302217444232],[6.717245671271594,46.1530082],[6.717254027142686,46.152994225557684],[6.7172742,46.15298843715415],[6.717294372857315,46.152994225557684],[6.717302728728407,46.1530082]]]}},{"type":"Feature","id":"pylon-champery-portes-du-soleil-517","properties":{"kind":"pylon","name":"Lift tower","height":13},"geometry":{"type":"Polygon","coordinates":[[[6.7186754280378524,46.151676],[6.718667072369019,46.15168997444232],[6.7186469,46.151695762845854],[6.718626727630982,46.15168997444232],[6.718618371962148,46.151676],[6.718626727630982,46.151662025557684],[6.7186469,46.15165623715415],[6.718667072369019,46.151662025557684],[6.7186754280378524,46.151676]]]}},{"type":"Feature","id":"pylon-champery-portes-du-soleil-518","properties":{"kind":"pylon","name":"Lift tower","height":13},"geometry":{"type":"Polygon","coordinates":[[[6.719394727654496,46.1509364],[6.719386372097945,46.15095037444232],[6.7193662,46.15095616284585],[6.719346027902054,46.15095037444232],[6.719337672345503,46.1509364],[6.719346027902054,46.15092242555768],[6.7193662,46.15091663715415],[6.719386372097945,46.15092242555768],[6.719394727654496,46.1509364]]]}},{"type":"Feature","id":"pylon-champery-portes-du-soleil-519","properties":{"kind":"pylon","name":"Lift tower","height":13},"geometry":{"type":"Polygon","coordinates":[[[6.719331927687825,46.1510007],[6.719323572121512,46.151014674442315],[6.7193034,46.15102046284585],[6.719283227878488,46.151014674442315],[6.719274872312176,46.1510007],[6.719283227878488,46.15098672555768],[6.7193034,46.150980937154145],[6.719323572121512,46.15098672555768],[6.719331927687825,46.1510007]]]}},{"type":"Feature","id":"pylon-champery-portes-du-soleil-520","properties":{"kind":"pylon","name":"Lift tower","height":13},"geometry":{"type":"Polygon","coordinates":[[[6.719261627725143,46.1510727],[6.719253272147901,46.15108667444232],[6.7192331,46.15109246284585],[6.7192129278521,46.15108667444232],[6.719204572274857,46.1510727],[6.7192129278521,46.15105872555768],[6.7192331,46.15105293715415],[6.719253272147901,46.15105872555768],[6.719261627725143,46.1510727]]]}},{"type":"Feature","id":"pylon-champery-portes-du-soleil-521","properties":{"kind":"pylon","name":"Lift tower","height":13},"geometry":{"type":"Polygon","coordinates":[[[6.72243532604007,46.1478214],[6.722426970956374,46.147835374442316],[6.7224068,46.14784116284585],[6.722386629043625,46.147835374442316],[6.722378273959929,46.1478214],[6.722386629043625,46.14780742555768],[6.7224068,46.147801637154146],[6.722426970956374,46.14780742555768],[6.72243532604007,46.1478214]]]}},{"type":"Feature","id":"pylon-champery-portes-du-soleil-522","properties":{"kind":"pylon","name":"Lift tower","height":13},"geometry":{"type":"Polygon","coordinates":[[[6.722460926026337,46.1477949],[6.722452570946663,46.14780887444232],[6.7224324,46.14781466284585],[6.722412229053337,46.14780887444232],[6.722403873973662,46.1477949],[6.722412229053337,46.14778092555768],[6.7224324,46.14777513715415],[6.722452570946663,46.14778092555768],[6.722460926026337,46.1477949]]]}},{"type":"Feature","id":"pylon-champery-portes-du-soleil-523","properties":{"kind":"pylon","name":"Lift tower","height":13},"geometry":{"type":"Polygon","coordinates":[[[6.722491426009857,46.1477631],[6.72248307093501,46.14777707444232],[6.7224629,46.14778286284585],[6.72244272906499,46.14777707444232],[6.722434373990143,46.1477631],[6.72244272906499,46.14774912555768],[6.7224629,46.14774333715415],[6.72248307093501,46.14774912555768],[6.722491426009857,46.1477631]]]}},{"type":"Feature","id":"pylon-champery-portes-du-soleil-524","properties":{"kind":"pylon","name":"Lift tower","height":13},"geometry":{"type":"Polygon","coordinates":[[[6.721664326454872,46.1486218],[6.721655971249683,46.14863577444232],[6.7216358,46.14864156284585],[6.721615628750317,46.14863577444232],[6.7216072735451275,46.1486218],[6.721615628750317,46.14860782555768],[6.7216358,46.14860203715415],[6.721655971249683,46.14860782555768],[6.721664326454872,46.1486218]]]}},{"type":"Feature","id":"pylon-champery-portes-du-soleil-525","properties":{"kind":"pylon","name":"Lift tower","height":13},"geometry":{"type":"Polygon","coordinates":[[[6.720435327101986,46.1498704],[6.720426971707262,46.149884374442316],[6.7204068,46.14989016284585],[6.720386628292738,46.149884374442316],[6.720378272898015,46.1498704],[6.720386628292738,46.14985642555768],[6.7204068,46.149850637154145],[6.720426971707262,46.14985642555768],[6.720435327101986,46.1498704]]]}},{"type":"Feature","id":"pylon-champery-portes-du-soleil-526","properties":{"kind":"pylon","name":"Lift tower","height":13},"geometry":{"type":"Polygon","coordinates":[[[6.710065425054495,46.1459195],[6.7100570702594675,46.145933474442316],[6.7100369,46.14593926284585],[6.710016729740533,46.145933474442316],[6.710008374945506,46.1459195],[6.710016729740533,46.14590552555768],[6.7100369,46.145899737154146],[6.7100570702594675,46.14590552555768],[6.710065425054495,46.1459195]]]}},{"type":"Feature","id":"pylon-champery-portes-du-soleil-527","properties":{"kind":"pylon","name":"Lift tower","height":13},"geometry":{"type":"Polygon","coordinates":[[[6.77725434960258,46.1932337],[6.777245987617584,46.19324767444232],[6.7772258,46.19325346284585],[6.777205612382416,46.19324767444232],[6.77719725039742,46.1932337],[6.777205612382416,46.19321972555768],[6.7772258,46.19321393715415],[6.777245987617584,46.19321972555768],[6.77725434960258,46.1932337]]]}},{"type":"Feature","id":"pylon-champery-portes-du-soleil-528","properties":{"kind":"pylon","name":"Lift tower","height":13},"geometry":{"type":"Polygon","coordinates":[[[6.778027448946753,46.1919712],[6.7780190871538455,46.191985174442316],[6.7779989,46.19199096284585],[6.777978712846155,46.191985174442316],[6.777970351053247,46.1919712],[6.777978712846155,46.19195722555768],[6.7779989,46.191951437154145],[6.7780190871538455,46.19195722555768],[6.778027448946753,46.1919712]]]}},{"type":"Feature","id":"pylon-champery-portes-du-soleil-529","properties":{"kind":"pylon","name":"Lift tower","height":13},"geometry":{"type":"Polygon","coordinates":[[[6.778347948674877,46.1914478],[6.7783395869616,46.19146177444232],[6.7783194,46.19146756284585],[6.7782992130384,46.19146177444232],[6.7782908513251225,46.1914478],[6.7782992130384,46.19143382555768],[6.7783194,46.19142803715415],[6.7783395869616,46.19143382555768],[6.778347948674877,46.1914478]]]}},{"type":"Feature","id":"pylon-champery-portes-du-soleil-530","properties":{"kind":"pylon","name":"Lift tower","height":13},"geometry":{"type":"Polygon","coordinates":[[[6.769664748694408,46.1914854],[6.76965638697541,46.191499374442316],[6.7696362,46.19150516284585],[6.7696160130245895,46.191499374442316],[6.769607651305591,46.1914854],[6.7696160130245895,46.19147142555768],[6.7696362,46.191465637154145],[6.76965638697541,46.19147142555768],[6.769664748694408,46.1914854]]]}},{"type":"Feature","id":"pylon-champery-portes-du-soleil-531","properties":{"kind":"pylon","name":"Lift tower","height":13},"geometry":{"type":"Polygon","coordinates":[[[6.7691478488222945,46.1917316],[6.769139487065839,46.191745574442315],[6.7691193,46.19175136284585],[6.7690991129341604,46.191745574442315],[6.769090751177705,46.1917316],[6.7690991129341604,46.19171762555768],[6.7691193,46.191711837154145],[6.769139487065839,46.19171762555768],[6.7691478488222945,46.1917316]]]}},{"type":"Feature","id":"pylon-champery-portes-du-soleil-532","properties":{"kind":"pylon","name":"Lift tower","height":13},"geometry":{"type":"Polygon","coordinates":[[[6.7687352489244175,46.1919282],[6.768726887138051,46.19194217444232],[6.7687067,46.19194796284585],[6.768686512861949,46.19194217444232],[6.768678151075583,46.1919282],[6.768686512861949,46.19191422555768],[6.7687067,46.19190843715415],[6.768726887138051,46.19191422555768],[6.7687352489244175,46.1919282]]]}},{"type":"Feature","id":"pylon-champery-portes-du-soleil-533","properties":{"kind":"pylon","name":"Lift tower","height":13},"geometry":{"type":"Polygon","coordinates":[[[6.7682875490352155,46.1921415],[6.768279187216397,46.192155474442316],[6.768259,46.19216126284585],[6.768238812783602,46.192155474442316],[6.768230450964784,46.1921415],[6.768238812783602,46.19212752555768],[6.768259,46.192121737154146],[6.768279187216397,46.19212752555768],[6.7682875490352155,46.1921415]]]}},{"type":"Feature","id":"pylon-champery-portes-du-soleil-534","properties":{"kind":"pylon","name":"Lift tower","height":13},"geometry":{"type":"Polygon","coordinates":[[[6.779253556546175,46.2065953],[6.779245192527448,46.206609274442314],[6.779225,46.20661506284585],[6.779204807472553,46.206609274442314],[6.779196443453825,46.2065953],[6.779204807472553,46.20658132555768],[6.779225,46.206575537154144],[6.779245192527448,46.20658132555768],[6.779253556546175,46.2065953]]]}},{"type":"Feature","id":"pylon-champery-portes-du-soleil-535","properties":{"kind":"pylon","name":"Lift tower","height":13},"geometry":{"type":"Polygon","coordinates":[[[6.781141856384763,46.2062848],[6.7811334924133115,46.20629877444232],[6.7811133,46.20630456284585],[6.781093107586689,46.20629877444232],[6.781084743615238,46.2062848],[6.781093107586689,46.20627082555768],[6.7811133,46.20626503715415],[6.7811334924133115,46.20627082555768],[6.781141856384763,46.2062848]]]}},{"type":"Feature","id":"pylon-champery-portes-du-soleil-536","properties":{"kind":"pylon","name":"Lift tower","height":13},"geometry":{"type":"Polygon","coordinates":[[[6.792071041877536,46.1783572],[6.792062682155153,46.17837117444232],[6.7920425,46.17837696284585],[6.792022317844847,46.17837117444232],[6.792013958122464,46.1783572],[6.792022317844847,46.17834322555768],[6.7920425,46.17833743715415],[6.792062682155153,46.17834322555768],[6.792071041877536,46.1783572]]]}},{"type":"Feature","id":"pylon-champery-portes-du-soleil-537","properties":{"kind":"pylon","name":"Lift tower","height":13},"geometry":{"type":"Polygon","coordinates":[[[6.792009641844679,46.1782939],[6.7920012821319204,46.17830787444232],[6.7919811,46.17831366284585],[6.79196091786808,46.17830787444232],[6.791952558155321,46.1782939],[6.79196091786808,46.17827992555768],[6.7919811,46.17827413715415],[6.7920012821319204,46.17827992555768],[6.792009641844679,46.1782939]]]}},{"type":"Feature","id":"pylon-champery-portes-du-soleil-538","properties":{"kind":"pylon","name":"Lift tower","height":13},"geometry":{"type":"Polygon","coordinates":[[[6.793443541601601,46.1778256],[6.793435181960038,46.17783957444232],[6.793415,46.17784536284585],[6.793394818039963,46.17783957444232],[6.7933864583984,46.1778256],[6.793394818039963,46.17781162555768],[6.793415,46.177805837154146],[6.793435181960038,46.17781162555768],[6.793443541601601,46.1778256]]]}},{"type":"Feature","id":"pylon-champery-portes-du-soleil-539","properties":{"kind":"pylon","name":"Lift tower","height":13},"geometry":{"type":"Polygon","coordinates":[[[6.793366841573624,46.1777717],[6.793358481940255,46.17778567444232],[6.7933383,46.17779146284585],[6.793318118059745,46.17778567444232],[6.793309758426377,46.1777717],[6.793318118059745,46.17775772555768],[6.7933383,46.17775193715415],[6.793358481940255,46.17775772555768],[6.793366841573624,46.1777717]]]}},{"type":"Feature","id":"pylon-champery-portes-du-soleil-540","properties":{"kind":"pylon","name":"Lift tower","height":13},"geometry":{"type":"Polygon","coordinates":[[[6.794155641458393,46.1775497],[6.794147281858775,46.17756367444232],[6.7941271,46.17756946284585],[6.794106918141225,46.17756367444232],[6.794098558541607,46.1775497],[6.794106918141225,46.17753572555768],[6.7941271,46.17752993715415],[6.794147281858775,46.17753572555768],[6.794155641458393,46.1775497]]]}},{"type":"Feature","id":"pylon-champery-portes-du-soleil-541","properties":{"kind":"pylon","name":"Lift tower","height":13},"geometry":{"type":"Polygon","coordinates":[[[6.794108841425434,46.1774862],[6.794100481835469,46.177500174442315],[6.7940803,46.17750596284585],[6.7940601181645315,46.177500174442315],[6.794051758574566,46.1774862],[6.7940601181645315,46.17747222555768],[6.7940803,46.177466437154145],[6.794100481835469,46.17747222555768],[6.794108841425434,46.1774862]]]}},{"type":"Feature","id":"pylon-champery-portes-du-soleil-542","properties":{"kind":"pylon","name":"Lift tower","height":13},"geometry":{"type":"Polygon","coordinates":[[[6.795519741184131,46.1770213],[6.795511381664842,46.17703527444232],[6.7954912,46.17704106284585],[6.795471018335157,46.17703527444232],[6.795462658815869,46.1770213],[6.795471018335157,46.17700732555768],[6.7954912,46.17700153715415],[6.795511381664842,46.17700732555768],[6.795519741184131,46.1770213]]]}},{"type":"Feature","id":"pylon-champery-portes-du-soleil-543","properties":{"kind":"pylon","name":"Lift tower","height":13},"geometry":{"type":"Polygon","coordinates":[[[6.795474141152781,46.1769609],[6.795465781642674,46.176974874442315],[6.7954456,46.17698066284585],[6.7954254183573255,46.176974874442315],[6.795417058847219,46.1769609],[6.7954254183573255,46.17694692555768],[6.7954456,46.176941137154145],[6.795465781642674,46.17694692555768],[6.795474141152781,46.1769609]]]}},{"type":"Feature","id":"pylon-champery-portes-du-soleil-544","properties":{"kind":"pylon","name":"Lift tower","height":13},"geometry":{"type":"Polygon","coordinates":[[[6.796484040990273,46.1766478],[6.796475681527764,46.176661774442316],[6.7964555,46.17666756284585],[6.796435318472237,46.176661774442316],[6.796426959009728,46.1766478],[6.796435318472237,46.17663382555768],[6.7964555,46.176628037154146],[6.796475681527764,46.17663382555768],[6.796484040990273,46.1766478]]]}},{"type":"Feature","id":"pylon-champery-portes-du-soleil-545","properties":{"kind":"pylon","name":"Lift tower","height":13},"geometry":{"type":"Polygon","coordinates":[[[6.796445440958819,46.1765872],[6.796437081505522,46.17660117444232],[6.7964169,46.17660696284585],[6.796396718494477,46.17660117444232],[6.79638835904118,46.1765872],[6.796396718494477,46.17657322555768],[6.7964169,46.17656743715415],[6.796437081505522,46.17657322555768],[6.796445440958819,46.1765872]]]}},{"type":"Feature","id":"pylon-champery-portes-du-soleil-546","properties":{"kind":"pylon","name":"Lift tower","height":13},"geometry":{"type":"Polygon","coordinates":[[[6.79833334061845,46.1759314],[6.798324981264845,46.17594537444232],[6.7983048,46.175951162845855],[6.798284618735155,46.17594537444232],[6.7982762593815504,46.1759314],[6.798284618735155,46.175917425557685],[6.7983048,46.17591163715415],[6.798324981264845,46.175917425557685],[6.79833334061845,46.1759314]]]}},{"type":"Feature","id":"pylon-champery-portes-du-soleil-547","properties":{"kind":"pylon","name":"Lift tower","height":13},"geometry":{"type":"Polygon","coordinates":[[[6.798291840590112,46.1758768],[6.798283481244807,46.175890774442315],[6.7982633,46.17589656284585],[6.7982431187551935,46.175890774442315],[6.798234759409889,46.1758768],[6.7982431187551935,46.17586282555768],[6.7982633,46.175857037154145],[6.798283481244807,46.17586282555768],[6.798291840590112,46.1758768]]]}},{"type":"Feature","id":"pylon-champery-portes-du-soleil-548","properties":{"kind":"pylon","name":"Lift tower","height":13},"geometry":{"type":"Polygon","coordinates":[[[6.799177240448736,46.1756044],[6.79916888114484,46.175618374442315],[6.7991487,46.17562416284585],[6.79912851885516,46.175618374442315],[6.799120159551264,46.1756044],[6.79912851885516,46.17559042555768],[6.7991487,46.175584637154145],[6.79916888114484,46.17559042555768],[6.799177240448736,46.1756044]]]}},{"type":"Feature","id":"pylon-champery-portes-du-soleil-549","properties":{"kind":"pylon","name":"Lift tower","height":13},"geometry":{"type":"Polygon","coordinates":[[[6.799997340283852,46.1752867],[6.799988981028249,46.17530067444232],[6.7999688,46.17530646284585],[6.799948618971752,46.17530067444232],[6.7999402597161485,46.1752867],[6.799948618971752,46.17527272555768],[6.7999688,46.17526693715415],[6.799988981028249,46.17527272555768],[6.799997340283852,46.1752867]]]}},{"type":"Feature","id":"pylon-champery-portes-du-soleil-550","properties":{"kind":"pylon","name":"Lift tower","height":13},"geometry":{"type":"Polygon","coordinates":[[[6.799957640257487,46.1752359],[6.7999492810096065,46.175249874442315],[6.7999291,46.17525566284585],[6.799908918990393,46.175249874442315],[6.799900559742513,46.1752359],[6.799908918990393,46.17522192555768],[6.7999291,46.175216137154145],[6.7999492810096065,46.17522192555768],[6.799957640257487,46.1752359]]]}},{"type":"Feature","id":"pylon-champery-portes-du-soleil-551","properties":{"kind":"pylon","name":"Lift tower","height":13},"geometry":{"type":"Polygon","coordinates":[[[6.799136940421385,46.1755517],[6.799128581125499,46.17556567444232],[6.7991084,46.17557146284585],[6.7990882188745,46.17556567444232],[6.799079859578614,46.1755517],[6.7990882188745,46.17553772555768],[6.7991084,46.17553193715415],[6.799128581125499,46.17553772555768],[6.799136940421385,46.1755517]]]}},{"type":"Feature","id":"pylon-champery-portes-du-soleil-552","properties":{"kind":"pylon","name":"Lift tower","height":13},"geometry":{"type":"Polygon","coordinates":[[[6.79726864083249,46.1763438],[6.797260281416194,46.176357774442316],[6.7972401,46.17636356284585],[6.797219918583806,46.176357774442316],[6.7972115591675095,46.1763438],[6.797219918583806,46.17632982555768],[6.7972401,46.176324037154146],[6.797260281416194,46.17632982555768],[6.79726864083249,46.1763438]]]}},{"type":"Feature","id":"pylon-champery-portes-du-soleil-553","properties":{"kind":"pylon","name":"Lift tower","height":13},"geometry":{"type":"Polygon","coordinates":[[[6.797195740808978,46.1762985],[6.797187381399569,46.17631247444232],[6.7971672,46.176318262845854],[6.79714701860043,46.17631247444232],[6.797138659191021,46.1762985],[6.79714701860043,46.17628452555768],[6.7971672,46.17627873715415],[6.797187381399569,46.17628452555768],[6.797195740808978,46.1762985]]]}},{"type":"Feature","id":"pylon-champery-portes-du-soleil-554","properties":{"kind":"pylon","name":"Lift tower","height":13},"geometry":{"type":"Polygon","coordinates":[[[6.801002840081708,46.1748972],[6.800994480885311,46.174911174442315],[6.8009743,46.17491696284585],[6.800954119114689,46.174911174442315],[6.800945759918292,46.1748972],[6.800954119114689,46.17488322555768],[6.8009743,46.174877437154144],[6.800994480885311,46.17488322555768],[6.801002840081708,46.1748972]]]}},{"type":"Feature","id":"pylon-champery-portes-du-soleil-555","properties":{"kind":"pylon","name":"Lift tower","height":13},"geometry":{"type":"Polygon","coordinates":[[[6.800963740056537,46.1748487],[6.800955380867513,46.174862674442316],[6.8009352,46.17486846284585],[6.8009150191324865,46.174862674442316],[6.800906659943462,46.1748487],[6.8009150191324865,46.17483472555768],[6.8009352,46.174828937154146],[6.800955380867513,46.17483472555768],[6.800963740056537,46.1748487]]]}},{"type":"Feature","id":"pylon-champery-portes-du-soleil-556","properties":{"kind":"pylon","name":"Lift tower","height":13},"geometry":{"type":"Polygon","coordinates":[[[6.801768639927729,46.1746005],[6.801760280776431,46.174614474442315],[6.8017401,46.17462026284585],[6.801719919223569,46.174614474442315],[6.801711560072271,46.1746005],[6.801719919223569,46.17458652555768],[6.8017401,46.174580737154145],[6.801760280776431,46.17458652555768],[6.801768639927729,46.1746005]]]}},{"type":"Feature","id":"pylon-champery-portes-du-soleil-557","properties":{"kind":"pylon","name":"Lift tower","height":13},"geometry":{"type":"Polygon","coordinates":[[[6.80174003990152,46.17455],[6.801731680757899,46.17456397444232],[6.8017115,46.174569762845856],[6.8016913192421,46.17456397444232],[6.801682960098479,46.17455],[6.8016913192421,46.174536025557686],[6.8017115,46.17453023715415],[6.801731680757899,46.174536025557686],[6.80174003990152,46.17455]]]}},{"type":"Feature","id":"pylon-champery-portes-du-soleil-558","properties":{"kind":"pylon","name":"Lift tower","height":13},"geometry":{"type":"Polygon","coordinates":[[[6.802534439773804,46.1743039],[6.80252608066759,46.174317874442316],[6.8025059,46.17432366284585],[6.8024857193324095,46.174317874442316],[6.802477360226196,46.1743039],[6.8024857193324095,46.17428992555768],[6.8025059,46.174284137154146],[6.80252608066759,46.17428992555768],[6.802534439773804,46.1743039]]]}},{"type":"Feature","id":"pylon-champery-portes-du-soleil-559","properties":{"kind":"pylon","name":"Lift tower","height":13},"geometry":{"type":"Polygon","coordinates":[[[6.802503839748997,46.1742561],[6.80249548065005,46.17427007444232],[6.8024753,46.17427586284585],[6.8024551193499505,46.17427007444232],[6.802446760251003,46.1742561],[6.8024551193499505,46.17424212555768],[6.8024753,46.17423633715415],[6.80249548065005,46.17424212555768],[6.802503839748997,46.1742561]]]}},{"type":"Feature","id":"pylon-champery-portes-du-soleil-560","properties":{"kind":"pylon","name":"Lift tower","height":13},"geometry":{"type":"Polygon","coordinates":[[[6.803256039628703,46.1740243],[6.803247680564989,46.17403827444232],[6.8032275,46.17404406284585],[6.803207319435011,46.17403827444232],[6.803198960371297,46.1740243],[6.803207319435011,46.17401032555768],[6.8032275,46.17400453715415],[6.803247680564989,46.17401032555768],[6.803256039628703,46.1740243]]]}},{"type":"Feature","id":"pylon-champery-portes-du-soleil-561","properties":{"kind":"pylon","name":"Lift tower","height":13},"geometry":{"type":"Polygon","coordinates":[[[6.803751939529013,46.1738322],[6.803743580494497,46.17384617444232],[6.8037234,46.17385196284585],[6.803703219505503,46.17384617444232],[6.803694860470987,46.1738322],[6.803703219505503,46.17381822555768],[6.8037234,46.17381243715415],[6.803743580494497,46.17381822555768],[6.803751939529013,46.1738322]]]}},{"type":"Feature","id":"pylon-champery-portes-du-soleil-562","properties":{"kind":"pylon","name":"Lift tower","height":13},"geometry":{"type":"Polygon","coordinates":[[[6.803225539604935,46.1739785],[6.803217180548182,46.173992474442315],[6.803197,46.17399826284585],[6.803176819451818,46.173992474442315],[6.803168460395065,46.1739785],[6.803176819451818,46.17396452555768],[6.803197,46.173958737154145],[6.803217180548182,46.17396452555768],[6.803225539604935,46.1739785]]]}},{"type":"Feature","id":"pylon-champery-portes-du-soleil-563","properties":{"kind":"pylon","name":"Lift tower","height":13},"geometry":{"type":"Polygon","coordinates":[[[6.803724839505193,46.1737863],[6.803716480477654,46.17380027444232],[6.8036963,46.173806062845856],[6.803676119522347,46.17380027444232],[6.8036677604948075,46.1737863],[6.803676119522347,46.173772325557685],[6.8036963,46.17376653715415],[6.803716480477654,46.173772325557685],[6.803724839505193,46.1737863]]]}},{"type":"Feature","id":"pylon-champery-portes-du-soleil-564","properties":{"kind":"pylon","name":"Lift tower","height":13},"geometry":{"type":"Polygon","coordinates":[[[6.8046314393522085,46.1734915],[6.804623080369477,46.173505474442315],[6.8046029,46.17351126284585],[6.804582719630523,46.173505474442315],[6.804574360647791,46.1734915],[6.804582719630523,46.17347752555768],[6.8046029,46.173471737154145],[6.804623080369477,46.17347752555768],[6.8046314393522085,46.1734915]]]}},{"type":"Feature","id":"pylon-champery-portes-du-soleil-565","properties":{"kind":"pylon","name":"Lift tower","height":13},"geometry":{"type":"Polygon","coordinates":[[[6.804593439331762,46.1734521],[6.80458508035502,46.17346607444232],[6.8045649,46.17347186284585],[6.80454471964498,46.17346607444232],[6.804536360668238,46.1734521],[6.80454471964498,46.17343812555768],[6.8045649,46.173432337154146],[6.80458508035502,46.17343812555768],[6.804593439331762,46.1734521]]]}},{"type":"Feature","id":"pylon-champery-portes-du-soleil-566","properties":{"kind":"pylon","name":"Lift tower","height":13},"geometry":{"type":"Polygon","coordinates":[[[6.738955350604714,46.1951627],[6.738946988326201,46.195176674442315],[6.7389268,46.19518246284585],[6.738906611673799,46.195176674442315],[6.738898249395286,46.1951627],[6.738906611673799,46.19514872555768],[6.7389268,46.195142937154145],[6.738946988326201,46.19514872555768],[6.738955350604714,46.1951627]]]}},{"type":"Feature","id":"pylon-champery-portes-du-soleil-567","properties":{"kind":"pylon","name":"Lift tower","height":13},"geometry":{"type":"Polygon","coordinates":[[[6.737770450704674,46.1953551],[6.737762088396882,46.19536907444232],[6.7377419,46.19537486284585],[6.737721711603117,46.19536907444232],[6.737713349295325,46.1953551],[6.737721711603117,46.19534112555768],[6.7377419,46.19533533715415],[6.737762088396882,46.19534112555768],[6.737770450704674,46.1953551]]]}},{"type":"Feature","id":"pylon-champery-portes-du-soleil-568","properties":{"kind":"pylon","name":"Lift tower","height":13},"geometry":{"type":"Polygon","coordinates":[[[6.7367928507871255,46.1955138],[6.736784488455185,46.19552777444232],[6.7367643,46.19553356284585],[6.736744111544815,46.19552777444232],[6.736735749212874,46.1955138],[6.736744111544815,46.19549982555768],[6.7367643,46.19549403715415],[6.736784488455185,46.19549982555768],[6.7367928507871255,46.1955138]]]}},{"type":"Feature","id":"pylon-champery-portes-du-soleil-569","properties":{"kind":"pylon","name":"Lift tower","height":13},"geometry":{"type":"Polygon","coordinates":[[[6.736062450848744,46.1956324],[6.736054088498755,46.19564637444232],[6.7360339,46.19565216284585],[6.736013711501244,46.19564637444232],[6.736005349151256,46.1956324],[6.736013711501244,46.19561842555768],[6.7360339,46.19561263715415],[6.736054088498755,46.19561842555768],[6.736062450848744,46.1956324]]]}},{"type":"Feature","id":"pylon-champery-portes-du-soleil-570","properties":{"kind":"pylon","name":"Lift tower","height":13},"geometry":{"type":"Polygon","coordinates":[[[6.735559750891139,46.195714],[6.735551388528733,46.19572797444232],[6.7355312,46.195733762845855],[6.735511011471266,46.19572797444232],[6.73550264910886,46.195714],[6.735511011471266,46.195700025557684],[6.7355312,46.19569423715415],[6.735551388528733,46.195700025557684],[6.735559750891139,46.195714]]]}},{"type":"Feature","id":"pylon-champery-portes-du-soleil-571","properties":{"kind":"pylon","name":"Lift tower","height":13},"geometry":{"type":"Polygon","coordinates":[[[6.797752567088795,46.2268644],[6.797744199982205,46.226878374442315],[6.797724,46.22688416284585],[6.7977038000177945,46.226878374442315],[6.797695432911205,46.2268644],[6.7977038000177945,46.22685042555768],[6.797724,46.226844637154144],[6.797744199982205,46.22685042555768],[6.797752567088795,46.2268644]]]}},{"type":"Feature","id":"pylon-champery-portes-du-soleil-572","properties":{"kind":"pylon","name":"Lift tower","height":13},"geometry":{"type":"Polygon","coordinates":[[[6.797606966794037,46.226298],[6.797598599773781,46.22631197444232],[6.7975784,46.22631776284585],[6.797558200226219,46.22631197444232],[6.797549833205963,46.226298],[6.797558200226219,46.22628402555768],[6.7975784,46.22627823715415],[6.797598599773781,46.22628402555768],[6.797606966794037,46.226298]]]}},{"type":"Feature","id":"pylon-champery-portes-du-soleil-573","properties":{"kind":"pylon","name":"Lift tower","height":13},"geometry":{"type":"Polygon","coordinates":[[[6.797477066518907,46.2257693],[6.797468699579234,46.22578327444232],[6.7974485,46.225789062845855],[6.797428300420766,46.22578327444232],[6.797419933481093,46.2257693],[6.797428300420766,46.225755325557685],[6.7974485,46.22574953715415],[6.797468699579234,46.225755325557685],[6.797477066518907,46.2257693]]]}},{"type":"Feature","id":"pylon-champery-portes-du-soleil-574","properties":{"kind":"pylon","name":"Lift tower","height":13},"geometry":{"type":"Polygon","coordinates":[[[6.797406066323349,46.2253935],[6.797397699440953,46.22540747444232],[6.7973775,46.225413262845855],[6.797357300559046,46.22540747444232],[6.79734893367665,46.2253935],[6.797357300559046,46.225379525557685],[6.7973775,46.22537373715415],[6.797397699440953,46.225379525557685],[6.797406066323349,46.2253935]]]}},{"type":"Feature","id":"pylon-champery-portes-du-soleil-575","properties":{"kind":"pylon","name":"Lift tower","height":13},"geometry":{"type":"Polygon","coordinates":[[[6.797933067468599,46.2275942],[6.797924700250768,46.22760817444232],[6.7979045,46.22761396284585],[6.7978842997492315,46.22760817444232],[6.7978759325314,46.2275942],[6.7978842997492315,46.22758022555768],[6.7979045,46.227574437154146],[6.797924700250768,46.22758022555768],[6.797933067468599,46.2275942]]]}},{"type":"Feature","id":"pylon-champery-portes-du-soleil-576","properties":{"kind":"pylon","name":"Lift tower","height":13},"geometry":{"type":"Polygon","coordinates":[[[6.798139967873608,46.2283724],[6.798131600537152,46.228386374442316],[6.7981114,46.22839216284585],[6.7980911994628475,46.228386374442316],[6.798082832126392,46.2283724],[6.7980911994628475,46.22835842555768],[6.7981114,46.228352637154146],[6.798131600537152,46.22835842555768],[6.798139967873608,46.2283724]]]}},{"type":"Feature","id":"pylon-champery-portes-du-soleil-577","properties":{"kind":"pylon","name":"Lift tower","height":13},"geometry":{"type":"Polygon","coordinates":[[[6.772739351615317,46.1971078],[6.772730989040805,46.197121774442316],[6.7727108,46.19712756284585],[6.772690610959194,46.197121774442316],[6.772682248384682,46.1971078],[6.772690610959194,46.19709382555768],[6.7727108,46.197088037154145],[6.772730989040805,46.19709382555768],[6.772739351615317,46.1971078]]]}},{"type":"Feature","id":"pylon-champery-portes-du-soleil-578","properties":{"kind":"pylon","name":"Lift tower","height":13},"geometry":{"type":"Polygon","coordinates":[[[6.772046851517739,46.19692],[6.772038488971806,46.19693397444232],[6.7720183,46.19693976284585],[6.771998111028194,46.19693397444232],[6.771989748482261,46.19692],[6.771998111028194,46.19690602555768],[6.7720183,46.196900237154146],[6.772038488971806,46.19690602555768],[6.772046851517739,46.19692]]]}},{"type":"Feature","id":"pylon-champery-portes-du-soleil-579","properties":{"kind":"pylon","name":"Lift tower","height":13},"geometry":{"type":"Polygon","coordinates":[[[6.770987451368412,46.1966326],[6.770979088866216,46.19664657444232],[6.7709589,46.19665236284585],[6.770938711133784,46.19664657444232],[6.770930348631588,46.1966326],[6.770938711133784,46.19661862555768],[6.7709589,46.19661283715415],[6.770979088866216,46.19661862555768],[6.770987451368412,46.1966326]]]}},{"type":"Feature","id":"pylon-champery-portes-du-soleil-580","properties":{"kind":"pylon","name":"Lift tower","height":13},"geometry":{"type":"Polygon","coordinates":[[[6.752561250628717,46.1952089],[6.752552888343173,46.195222874442315],[6.7525327,46.19522866284585],[6.7525125116568265,46.195222874442315],[6.7525041493712825,46.1952089],[6.7525125116568265,46.19519492555768],[6.7525327,46.195189137154145],[6.752552888343173,46.19519492555768],[6.752561250628717,46.1952089]]]}},{"type":"Feature","id":"pylon-champery-portes-du-soleil-581","properties":{"kind":"pylon","name":"Lift tower","height":13},"geometry":{"type":"Polygon","coordinates":[[[6.750937150899712,46.1957305],[6.750928788534795,46.19574447444232],[6.7509086,46.195750262845856],[6.750888411465205,46.19574447444232],[6.750880049100288,46.1957305],[6.750888411465205,46.195716525557685],[6.7509086,46.19571073715415],[6.750928788534795,46.195716525557685],[6.750937150899712,46.1957305]]]}},{"type":"Feature","id":"pylon-champery-portes-du-soleil-582","properties":{"kind":"pylon","name":"Lift tower","height":13},"geometry":{"type":"Polygon","coordinates":[[[6.750114051012195,46.195947],[6.750105688614333,46.195960974442315],[6.7500855,46.19596676284585],[6.750065311385667,46.195960974442315],[6.750056948987805,46.195947],[6.750065311385667,46.19593302555768],[6.7500855,46.195927237154145],[6.750105688614333,46.19593302555768],[6.750114051012195,46.195947]]]}},{"type":"Feature","id":"pylon-champery-portes-du-soleil-583","properties":{"kind":"pylon","name":"Lift tower","height":13},"geometry":{"type":"Polygon","coordinates":[[[6.861175366374658,46.2254921],[6.861166999477235,46.225506074442315],[6.8611468,46.22551186284585],[6.861126600522765,46.225506074442315],[6.8611182336253425,46.2254921],[6.861126600522765,46.22547812555768],[6.8611468,46.225472337154144],[6.861166999477235,46.22547812555768],[6.861175366374658,46.2254921]]]}},{"type":"Feature","id":"pylon-champery-portes-du-soleil-584","properties":{"kind":"pylon","name":"Lift tower","height":13},"geometry":{"type":"Polygon","coordinates":[[[6.847975652447062,46.1987085],[6.8479672896289365,46.19872247444232],[6.8479471,46.198728262845854],[6.847926910371063,46.19872247444232],[6.847918547552938,46.1987085],[6.847926910371063,46.198694525557684],[6.8479471,46.19868873715415],[6.8479672896289365,46.198694525557684],[6.847975652447062,46.1987085]]]}},{"type":"Feature","id":"pylon-champery-portes-du-soleil-585","properties":{"kind":"pylon","name":"Lift tower","height":13},"geometry":{"type":"Polygon","coordinates":[[[6.782080538195718,46.1712628],[6.782072179551715,46.17127677444232],[6.782052,46.17128256284585],[6.782031820448285,46.17127677444232],[6.7820234618042825,46.1712628],[6.782031820448285,46.17124882555768],[6.782052,46.17124303715415],[6.782072179551715,46.17124882555768],[6.782080538195718,46.1712628]]]}},{"type":"Feature","id":"pylon-champery-portes-du-soleil-586","properties":{"kind":"pylon","name":"Lift tower","height":13},"geometry":{"type":"Polygon","coordinates":[[[6.781952738613838,46.1720686],[6.781944379847371,46.17208257444232],[6.7819242,46.172088362845855],[6.781904020152629,46.17208257444232],[6.781895661386161,46.1720686],[6.781904020152629,46.172054625557685],[6.7819242,46.17204883715415],[6.781944379847371,46.172054625557685],[6.781952738613838,46.1720686]]]}},{"type":"Feature","id":"pylon-champery-portes-du-soleil-587","properties":{"kind":"pylon","name":"Lift tower","height":13},"geometry":{"type":"Polygon","coordinates":[[[6.781775339162797,46.1731265],[6.781766980235544,46.17314047444232],[6.7817468,46.173146262845854],[6.781726619764456,46.17314047444232],[6.781718260837202,46.1731265],[6.781726619764456,46.173112525557684],[6.7817468,46.17310673715415],[6.781766980235544,46.173112525557684],[6.781775339162797,46.1731265]]]}},{"type":"Feature","id":"pylon-champery-portes-du-soleil-588","properties":{"kind":"pylon","name":"Lift tower","height":13},"geometry":{"type":"Polygon","coordinates":[[[6.78147384007714,46.1748884],[6.781465480882082,46.17490237444232],[6.7814453,46.17490816284585],[6.781425119117918,46.17490237444232],[6.781416759922859,46.1748884],[6.781425119117918,46.17487442555768],[6.7814453,46.17486863715415],[6.781465480882082,46.17487442555768],[6.78147384007714,46.1748884]]]}},{"type":"Feature","id":"pylon-champery-portes-du-soleil-589","properties":{"kind":"pylon","name":"Lift tower","height":13},"geometry":{"type":"Polygon","coordinates":[[[6.781323840569612,46.1758373],[6.781315481230311,46.175851274442316],[6.7812953,46.17585706284585],[6.781275118769689,46.175851274442316],[6.781266759430388,46.1758373],[6.781275118769689,46.17582332555768],[6.7812953,46.175817537154145],[6.781315481230311,46.17582332555768],[6.781323840569612,46.1758373]]]}},{"type":"Feature","id":"pylon-champery-portes-du-soleil-590","properties":{"kind":"pylon","name":"Lift tower","height":13},"geometry":{"type":"Polygon","coordinates":[[[6.781035941514762,46.1776583],[6.781027581898634,46.177672274442315],[6.7810074,46.17767806284585],[6.780987218101366,46.177672274442315],[6.780978858485238,46.1776583],[6.780987218101366,46.17764432555768],[6.7810074,46.177638537154145],[6.781027581898634,46.17764432555768],[6.781035941514762,46.1776583]]]}},{"type":"Feature","id":"pylon-champery-portes-du-soleil-591","properties":{"kind":"pylon","name":"Lift tower","height":13},"geometry":{"type":"Polygon","coordinates":[[[6.780864742076966,46.1787414],[6.7808563822961725,46.17875537444232],[6.7808362,46.17876116284585],[6.780816017703828,46.17875537444232],[6.7808076579230345,46.1787414],[6.780816017703828,46.17872742555768],[6.7808362,46.17872163715415],[6.7808563822961725,46.17872742555768],[6.780864742076966,46.1787414]]]}},{"type":"Feature","id":"pylon-champery-portes-du-soleil-592","properties":{"kind":"pylon","name":"Lift tower","height":13},"geometry":{"type":"Polygon","coordinates":[[[6.7807304424608885,46.179481],[6.780722082567646,46.17949497444232],[6.7807019,46.179500762845855],[6.780681717432355,46.17949497444232],[6.780673357539112,46.179481],[6.780681717432355,46.179467025557685],[6.7807019,46.17946123715415],[6.780722082567646,46.179467025557685],[6.7807304424608885,46.179481]]]}},{"type":"Feature","id":"pylon-champery-portes-du-soleil-593","properties":{"kind":"pylon","name":"Lift tower","height":13},"geometry":{"type":"Polygon","coordinates":[[[6.780503443196693,46.1808984],[6.7804950830879385,46.180912374442315],[6.7804749,46.18091816284585],[6.780454716912061,46.180912374442315],[6.780446356803306,46.1808984],[6.780454716912061,46.18088442555768],[6.7804749,46.180878637154144],[6.7804950830879385,46.18088442555768],[6.780503443196693,46.1808984]]]}},{"type":"Feature","id":"pylon-champery-portes-du-soleil-594","properties":{"kind":"pylon","name":"Lift tower","height":13},"geometry":{"type":"Polygon","coordinates":[[[6.779528747673148,46.1895192],[6.77952038625327,46.18953317444232],[6.7795002,46.18953896284585],[6.77948001374673,46.18953317444232],[6.779471652326852,46.1895192],[6.77948001374673,46.18950522555768],[6.7795002,46.18949943715415],[6.77952038625327,46.18950522555768],[6.779528747673148,46.1895192]]]}},{"type":"Feature","id":"pylon-champery-portes-du-soleil-595","properties":{"kind":"pylon","name":"Lift tower","height":13},"geometry":{"type":"Polygon","coordinates":[[[6.780067247216364,46.1886397],[6.780058885930275,46.18865367444232],[6.7800387,46.188659462845855],[6.7800185140697256,46.18865367444232],[6.780010152783637,46.1886397],[6.7800185140697256,46.188625725557685],[6.7800387,46.18861993715415],[6.780058885930275,46.188625725557685],[6.780067247216364,46.1886397]]]}},{"type":"Feature","id":"pylon-champery-portes-du-soleil-596","properties":{"kind":"pylon","name":"Lift tower","height":13},"geometry":{"type":"Polygon","coordinates":[[[6.779632346011167,46.186319],[6.7796239850780715,46.186332974442315],[6.7796038,46.18633876284585],[6.779583614921929,46.186332974442315],[6.779575253988834,46.186319],[6.779583614921929,46.18630502555768],[6.7796038,46.186299237154145],[6.7796239850780715,46.18630502555768],[6.779632346011167,46.186319]]]}},{"type":"Feature","id":"pylon-champery-portes-du-soleil-597","properties":{"kind":"pylon","name":"Lift tower","height":13},"geometry":{"type":"Polygon","coordinates":[[[6.779842045338706,46.185024],[6.77983368460257,46.18503797444232],[6.7798135,46.18504376284585],[6.779793315397431,46.18503797444232],[6.779784954661295,46.185024],[6.779793315397431,46.18501002555768],[6.7798135,46.185004237154146],[6.77983368460257,46.18501002555768],[6.779842045338706,46.185024]]]}},{"type":"Feature","id":"pylon-champery-portes-du-soleil-598","properties":{"kind":"pylon","name":"Lift tower","height":13},"geometry":{"type":"Polygon","coordinates":[[[6.779278345035776,46.1844406],[6.779269984388366,46.18445457444232],[6.7792498,46.184460362845854],[6.779229615611634,46.18445457444232],[6.779221254964224,46.1844406],[6.779229615611634,46.184426625557684],[6.7792498,46.18442083715415],[6.779269984388366,46.184426625557684],[6.779278345035776,46.1844406]]]}},{"type":"Feature","id":"pylon-champery-portes-du-soleil-599","properties":{"kind":"pylon","name":"Lift tower","height":13},"geometry":{"type":"Polygon","coordinates":[[[6.780063644637682,46.1836739],[6.780055284106871,46.18368787444232],[6.7800351,46.183693662845855],[6.780014915893129,46.18368787444232],[6.780006555362318,46.1836739],[6.780014915893129,46.183659925557684],[6.7800351,46.18365413715415],[6.780055284106871,46.183659925557684],[6.780063644637682,46.1836739]]]}},{"type":"Feature","id":"pylon-champery-portes-du-soleil-600","properties":{"kind":"pylon","name":"Lift tower","height":13},"geometry":{"type":"Polygon","coordinates":[[[6.780111444358865,46.1831369],[6.780103083909718,46.18315087444232],[6.7800829,46.18315666284585],[6.780062716090282,46.18315087444232],[6.780054355641135,46.1831369],[6.780062716090282,46.18312292555768],[6.7800829,46.18311713715415],[6.780103083909718,46.18312292555768],[6.780111444358865,46.1831369]]]}},{"type":"Feature","id":"pylon-champery-portes-du-soleil-601","properties":{"kind":"pylon","name":"Lift tower","height":13},"geometry":{"type":"Polygon","coordinates":[[[6.780300743914643,46.1822813],[6.780292383595605,46.18229527444232],[6.7802722,46.18230106284585],[6.780252016404394,46.18229527444232],[6.780243656085356,46.1822813],[6.780252016404394,46.18226732555768],[6.7802722,46.18226153715415],[6.780292383595605,46.18226732555768],[6.780300743914643,46.1822813]]]}},{"type":"Feature","id":"pylon-champery-portes-du-soleil-602","properties":{"kind":"pylon","name":"Lift tower","height":13},"geometry":{"type":"Polygon","coordinates":[[[6.871561062580768,46.2182],[6.871552696794549,46.21821397444232],[6.8715325,46.218219762845855],[6.871512303205451,46.21821397444232],[6.871503937419232,46.2182],[6.871512303205451,46.218186025557685],[6.8715325,46.21818023715415],[6.871552696794549,46.218186025557685],[6.871561062580768,46.2182]]]}},{"type":"Feature","id":"pylon-champery-portes-du-soleil-603","properties":{"kind":"pylon","name":"Lift tower","height":13},"geometry":{"type":"Polygon","coordinates":[[[6.8509272619655786,46.2170173],[6.850918896359545,46.21703127444232],[6.8508987,46.217037062845854],[6.850878503640455,46.21703127444232],[6.850870138034422,46.2170173],[6.850878503640455,46.217003325557684],[6.8508987,46.21699753715415],[6.850918896359545,46.217003325557684],[6.8509272619655786,46.2170173]]]}},{"type":"Feature","id":"pylon-champery-portes-du-soleil-604","properties":{"kind":"pylon","name":"Lift tower","height":13},"geometry":{"type":"Polygon","coordinates":[[[6.864787556141219,46.2058163],[6.8647791922411,46.20583027444232],[6.864759,46.205836062845854],[6.864738807758901,46.20583027444232],[6.8647304438587815,46.2058163],[6.864738807758901,46.205802325557684],[6.864759,46.20579653715415],[6.8647791922411,46.205802325557684],[6.864787556141219,46.2058163]]]}},{"type":"Feature","id":"pylon-champery-portes-du-soleil-605","properties":{"kind":"pylon","name":"Lift tower","height":13},"geometry":{"type":"Polygon","coordinates":[[[6.864198956151251,46.2058356],[6.864190592248194,46.20584957444232],[6.8641704,46.20585536284585],[6.8641502077518055,46.20584957444232],[6.864141843848749,46.2058356],[6.8641502077518055,46.20582162555768],[6.8641704,46.20581583715415],[6.864190592248194,46.20582162555768],[6.864198956151251,46.2058356]]]}},{"type":"Feature","id":"pylon-champery-portes-du-soleil-606","properties":{"kind":"pylon","name":"Lift tower","height":13},"geometry":{"type":"Polygon","coordinates":[[[6.863112656169757,46.2058712],[6.86310429226128,46.205885174442315],[6.8630841,46.20589096284585],[6.86306390773872,46.205885174442315],[6.863055543830243,46.2058712],[6.86306390773872,46.20585722555768],[6.8630841,46.205851437154145],[6.86310429226128,46.20585722555768],[6.863112656169757,46.2058712]]]}},{"type":"Feature","id":"pylon-champery-portes-du-soleil-607","properties":{"kind":"pylon","name":"Lift tower","height":13},"geometry":{"type":"Polygon","coordinates":[[[6.861648056194761,46.2059193],[6.861639692278961,46.205933274442316],[6.8616195,46.20593906284585],[6.861599307721039,46.205933274442316],[6.861590943805239,46.2059193],[6.861599307721039,46.20590532555768],[6.8616195,46.205899537154146],[6.861639692278961,46.20590532555768],[6.861648056194761,46.2059193]]]}},{"type":"Feature","id":"pylon-champery-portes-du-soleil-608","properties":{"kind":"pylon","name":"Lift tower","height":13},"geometry":{"type":"Polygon","coordinates":[[[6.860401956216022,46.2059602],[6.8603935922939945,46.20597417444232],[6.8603734,46.20597996284585],[6.860353207706006,46.20597417444232],[6.860344843783978,46.2059602],[6.860353207706006,46.20594622555768],[6.8603734,46.20594043715415],[6.8603935922939945,46.20594622555768],[6.860401956216022,46.2059602]]]}},{"type":"Feature","id":"pylon-champery-portes-du-soleil-609","properties":{"kind":"pylon","name":"Lift tower","height":13},"geometry":{"type":"Polygon","coordinates":[[[6.859068756238739,46.2060039],[6.859060392310058,46.20601787444232],[6.8590402,46.20602366284585],[6.859020007689942,46.20601787444232],[6.859011643761261,46.2060039],[6.859020007689942,46.20598992555768],[6.8590402,46.20598413715415],[6.859060392310058,46.20598992555768],[6.859068756238739,46.2060039]]]}},{"type":"Feature","id":"pylon-champery-portes-du-soleil-610","properties":{"kind":"pylon","name":"Lift tower","height":13},"geometry":{"type":"Polygon","coordinates":[[[6.858542056247733,46.2060212],[6.858533692316417,46.20603517444232],[6.8585135,46.206040962845854],[6.858493307683583,46.20603517444232],[6.858484943752267,46.2060212],[6.858493307683583,46.206007225557684],[6.8585135,46.20600143715415],[6.858533692316417,46.206007225557684],[6.858542056247733,46.2060212]]]}},{"type":"Feature","id":"pylon-champery-portes-du-soleil-611","properties":{"kind":"pylon","name":"Lift tower","height":13},"geometry":{"type":"Polygon","coordinates":[[[6.856198556257193,46.2060394],[6.856190192323107,46.20605337444232],[6.85617,46.206059162845854],[6.856149807676893,46.20605337444232],[6.856141443742806,46.2060394],[6.856149807676893,46.206025425557684],[6.85617,46.20601963715415],[6.856190192323107,46.206025425557684],[6.856198556257193,46.2060394]]]}},{"type":"Feature","id":"pylon-champery-portes-du-soleil-612","properties":{"kind":"pylon","name":"Lift tower","height":13},"geometry":{"type":"Polygon","coordinates":[[[6.83395094477351,46.1839355],[6.833942584202917,46.183949474442315],[6.8339224,46.18395526284585],[6.833902215797083,46.183949474442315],[6.833893855226489,46.1839355],[6.833902215797083,46.18392152555768],[6.8339224,46.183915737154145],[6.833942584202917,46.18392152555768],[6.83395094477351,46.1839355]]]}},{"type":"Feature","id":"pylon-champery-portes-du-soleil-613","properties":{"kind":"pylon","name":"Lift tower","height":13},"geometry":{"type":"Polygon","coordinates":[[[6.8284051460532815,46.1864001],[6.828396785107851,46.18641407444232],[6.8283766,46.18641986284585],[6.828356414892149,46.18641407444232],[6.828348053946719,46.1864001],[6.828356414892149,46.18638612555768],[6.8283766,46.18638033715415],[6.828396785107851,46.18638612555768],[6.8284051460532815,46.1864001]]]}},{"type":"Feature","id":"pylon-champery-portes-du-soleil-614","properties":{"kind":"pylon","name":"Lift tower","height":13},"geometry":{"type":"Polygon","coordinates":[[[6.8209546477727665,46.189711],[6.820946286323711,46.18972497444232],[6.8209261,46.189730762845855],[6.82090591367629,46.18972497444232],[6.820897552227234,46.189711],[6.82090591367629,46.189697025557685],[6.8209261,46.18969123715415],[6.820946286323711,46.189697025557685],[6.8209546477727665,46.189711]]]}},{"type":"Feature","id":"pylon-champery-portes-du-soleil-615","properties":{"kind":"pylon","name":"Lift tower","height":13},"geometry":{"type":"Polygon","coordinates":[[[6.820881247789698,46.1897436],[6.820872886335683,46.18975757444232],[6.8208527,46.18976336284585],[6.820832513664317,46.18975757444232],[6.820824152210301,46.1897436],[6.820832513664317,46.18972962555768],[6.8208527,46.18972383715415],[6.820872886335683,46.18972962555768],[6.820881247789698,46.1897436]]]}},{"type":"Feature","id":"pylon-champery-portes-du-soleil-616","properties":{"kind":"pylon","name":"Lift tower","height":13},"geometry":{"type":"Polygon","coordinates":[[[6.817908848475729,46.1910644],[6.81790048682078,46.19107837444232],[6.8178803,46.191084162845854],[6.817860113179219,46.19107837444232],[6.8178517515242705,46.1910644],[6.817860113179219,46.191050425557684],[6.8178803,46.19104463715415],[6.81790048682078,46.191050425557684],[6.817908848475729,46.1910644]]]}},{"type":"Feature","id":"pylon-champery-portes-du-soleil-617","properties":{"kind":"pylon","name":"Lift tower","height":13},"geometry":{"type":"Polygon","coordinates":[[[6.832755744600817,46.1836029],[6.832747384080804,46.183616874442315],[6.8327272,46.18362266284585],[6.832707015919196,46.183616874442315],[6.832698655399183,46.1836029],[6.832707015919196,46.18358892555768],[6.8327272,46.183583137154145],[6.832747384080804,46.18358892555768],[6.832755744600817,46.1836029]]]}},{"type":"Feature","id":"pylon-champery-portes-du-soleil-618","properties":{"kind":"pylon","name":"Lift tower","height":13},"geometry":{"type":"Polygon","coordinates":[[[6.7151108348386375,46.1647918],[6.715102477177901,46.16480577444232],[6.7150823,46.164811562845856],[6.715062122822099,46.16480577444232],[6.715053765161362,46.1647918],[6.715062122822099,46.164777825557685],[6.7150823,46.16477203715415],[6.715102477177901,46.164777825557685],[6.7151108348386375,46.1647918]]]}},{"type":"Feature","id":"pylon-champery-portes-du-soleil-619","properties":{"kind":"pylon","name":"Lift tower","height":13},"geometry":{"type":"Polygon","coordinates":[[[6.714052432431289,46.1601501],[6.714044075475648,46.16016407444232],[6.7140239,46.160169862845855],[6.714003724524352,46.16016407444232],[6.713995367568711,46.1601501],[6.714003724524352,46.160136125557685],[6.7140239,46.16013033715415],[6.714044075475648,46.160136125557685],[6.714052432431289,46.1601501]]]}},{"type":"Feature","id":"pylon-champery-portes-du-soleil-620","properties":{"kind":"pylon","name":"Lift tower","height":13},"geometry":{"type":"Polygon","coordinates":[[[6.872468559570625,46.2124123],[6.872460194666057,46.212426274442315],[6.87244,46.21243206284585],[6.872419805333943,46.212426274442315],[6.872411440429375,46.2124123],[6.872419805333943,46.21239832555768],[6.87244,46.212392537154145],[6.872460194666057,46.21239832555768],[6.872468559570625,46.2124123]]]}},{"type":"Feature","id":"pylon-champery-portes-du-soleil-621","properties":{"kind":"pylon","name":"Lift tower","height":13},"geometry":{"type":"Polygon","coordinates":[[[6.8724436595937135,46.2124567],[6.872435294682383,46.212470674442315],[6.8724151,46.21247646284585],[6.872394905317618,46.212470674442315],[6.872386540406287,46.2124567],[6.872394905317618,46.21244272555768],[6.8724151,46.212436937154145],[6.872435294682383,46.21244272555768],[6.8724436595937135,46.2124567]]]}},{"type":"Feature","id":"pylon-champery-portes-du-soleil-622","properties":{"kind":"pylon","name":"Lift tower","height":13},"geometry":{"type":"Polygon","coordinates":[[[6.871907359481443,46.2122408],[6.871898994602995,46.212254774442314],[6.8718788,46.21226056284585],[6.871858605397005,46.212254774442314],[6.871850240518557,46.2122408],[6.871858605397005,46.21222682555768],[6.8718788,46.212221037154144],[6.871898994602995,46.21222682555768],[6.871907359481443,46.2122408]]]}},{"type":"Feature","id":"pylon-champery-portes-du-soleil-623","properties":{"kind":"pylon","name":"Lift tower","height":13},"geometry":{"type":"Polygon","coordinates":[[[6.871880959504115,46.2122844],[6.871872594619027,46.21229837444232],[6.8718524,46.212304162845854],[6.871832205380973,46.21229837444232],[6.8718238404958845,46.2122844],[6.871832205380973,46.21227042555768],[6.8718524,46.21226463715415],[6.871872594619027,46.21227042555768],[6.871880959504115,46.2122844]]]}},{"type":"Feature","id":"pylon-champery-portes-du-soleil-624","properties":{"kind":"pylon","name":"Lift tower","height":13},"geometry":{"type":"Polygon","coordinates":[[[6.870423959245829,46.2117877],[6.870415594436391,46.21180167444232],[6.8703954,46.211807462845854],[6.870375205563608,46.21180167444232],[6.87036684075417,46.2117877],[6.870375205563608,46.211773725557684],[6.8703954,46.21176793715415],[6.870415594436391,46.211773725557684],[6.870423959245829,46.2117877]]]}},{"type":"Feature","id":"pylon-champery-portes-du-soleil-625","properties":{"kind":"pylon","name":"Lift tower","height":13},"geometry":{"type":"Polygon","coordinates":[[[6.870396459267721,46.2118298],[6.870388094451871,46.211843774442315],[6.8703679,46.21184956284585],[6.870347705548128,46.211843774442315],[6.870339340732278,46.2118298],[6.870347705548128,46.21181582555768],[6.8703679,46.211810037154144],[6.870388094451871,46.21181582555768],[6.870396459267721,46.2118298]]]}},{"type":"Feature","id":"pylon-champery-portes-du-soleil-626","properties":{"kind":"pylon","name":"Lift tower","height":13},"geometry":{"type":"Polygon","coordinates":[[[6.868913259005854,46.2113262],[6.868904894266703,46.21134017444232],[6.8688847,46.211345962845854],[6.868864505733296,46.21134017444232],[6.868856140994145,46.2113262],[6.868864505733296,46.211312225557684],[6.8688847,46.21130643715415],[6.868904894266703,46.211312225557684],[6.868913259005854,46.2113262]]]}},{"type":"Feature","id":"pylon-champery-portes-du-soleil-627","properties":{"kind":"pylon","name":"Lift tower","height":13},"geometry":{"type":"Polygon","coordinates":[[[6.86888855902759,46.211368],[6.868880194282072,46.21138197444232],[6.86886,46.21138776284585],[6.868839805717927,46.21138197444232],[6.86883144097241,46.211368],[6.868839805717927,46.21135402555768],[6.86886,46.21134823715415],[6.868880194282072,46.21135402555768],[6.86888855902759,46.211368]]]}},{"type":"Feature","id":"pylon-champery-portes-du-soleil-628","properties":{"kind":"pylon","name":"Lift tower","height":13},"geometry":{"type":"Polygon","coordinates":[[[6.867624558801139,46.2109325],[6.867616194121948,46.210946474442316],[6.867596,46.21095226284585],[6.867575805878052,46.210946474442316],[6.867567441198861,46.2109325],[6.867575805878052,46.21091852555768],[6.867596,46.210912737154146],[6.867616194121948,46.21091852555768],[6.867624558801139,46.2109325]]]}},{"type":"Feature","id":"pylon-champery-portes-du-soleil-629","properties":{"kind":"pylon","name":"Lift tower","height":13},"geometry":{"type":"Polygon","coordinates":[[[6.867598358822146,46.2109729],[6.867589994136802,46.21098687444232],[6.8675698,46.210992662845854],[6.867549605863198,46.21098687444232],[6.867541241177854,46.2109729],[6.867549605863198,46.210958925557684],[6.8675698,46.21095313715415],[6.867589994136802,46.210958925557684],[6.867598358822146,46.2109729]]]}},{"type":"Feature","id":"pylon-champery-portes-du-soleil-630","properties":{"kind":"pylon","name":"Lift tower","height":13},"geometry":{"type":"Polygon","coordinates":[[[6.865812058513235,46.2103788],[6.865803693918369,46.21039277444232],[6.8657835,46.21039856284585],[6.865763306081631,46.21039277444232],[6.865754941486765,46.2103788],[6.865763306081631,46.21036482555768],[6.8657835,46.21035903715415],[6.865803693918369,46.21036482555768],[6.865812058513235,46.2103788]]]}},{"type":"Feature","id":"pylon-champery-portes-du-soleil-631","properties":{"kind":"pylon","name":"Lift tower","height":13},"geometry":{"type":"Polygon","coordinates":[[[6.865787758533825,46.2104184],[6.865779393932929,46.21043237444232],[6.8657592,46.210438162845854],[6.865739006067072,46.21043237444232],[6.865730641466175,46.2104184],[6.865739006067072,46.210404425557684],[6.8657592,46.21039863715415],[6.865779393932929,46.210404425557684],[6.865787758533825,46.2104184]]]}},{"type":"Feature","id":"pylon-champery-portes-du-soleil-632","properties":{"kind":"pylon","name":"Lift tower","height":13},"geometry":{"type":"Polygon","coordinates":[[[6.864425958293087,46.2099554],[6.864417593762701,46.209969374442316],[6.8643974,46.20997516284585],[6.8643772062372985,46.209969374442316],[6.864368841706912,46.2099554],[6.8643772062372985,46.20994142555768],[6.8643974,46.209935637154146],[6.864417593762701,46.20994142555768],[6.864425958293087,46.2099554]]]}},{"type":"Feature","id":"pylon-champery-portes-du-soleil-633","properties":{"kind":"pylon","name":"Lift tower","height":13},"geometry":{"type":"Polygon","coordinates":[[[6.864403158313313,46.2099943],[6.864394793777003,46.210008274442316],[6.8643746,46.21001406284585],[6.864354406222996,46.210008274442316],[6.864346041686686,46.2099943],[6.864354406222996,46.20998032555768],[6.8643746,46.209974537154146],[6.864394793777003,46.20998032555768],[6.864403158313313,46.2099943]]]}},{"type":"Feature","id":"pylon-champery-portes-du-soleil-634","properties":{"kind":"pylon","name":"Lift tower","height":13},"geometry":{"type":"Polygon","coordinates":[[[6.862950558058751,46.2095047],[6.862942193597,46.209518674442315],[6.862922,46.20952446284585],[6.862901806403,46.209518674442315],[6.8628934419412495,46.2095047],[6.862901806403,46.20949072555768],[6.862922,46.209484937154144],[6.862942193597,46.20949072555768],[6.862950558058751,46.2095047]]]}},{"type":"Feature","id":"pylon-champery-portes-du-soleil-635","properties":{"kind":"pylon","name":"Lift tower","height":13},"geometry":{"type":"Polygon","coordinates":[[[6.8613413578031555,46.2090131],[6.8613329934162675,46.20902707444232],[6.8613128,46.20903286284585],[6.861292606583733,46.20902707444232],[6.861284242196845,46.2090131],[6.861292606583733,46.20899912555768],[6.8613128,46.20899333715415],[6.8613329934162675,46.20899912555768],[6.8613413578031555,46.2090131]]]}},{"type":"Feature","id":"pylon-champery-portes-du-soleil-636","properties":{"kind":"pylon","name":"Lift tower","height":13},"geometry":{"type":"Polygon","coordinates":[[[6.859405757495679,46.2084217],[6.859397393198849,46.20843567444232],[6.8593772,46.208441462845855],[6.859357006801151,46.20843567444232],[6.859348642504321,46.2084217],[6.859357006801151,46.208407725557684],[6.8593772,46.20840193715415],[6.859397393198849,46.208407725557684],[6.859405757495679,46.2084217]]]}},{"type":"Feature","id":"pylon-champery-portes-du-soleil-637","properties":{"kind":"pylon","name":"Lift tower","height":13},"geometry":{"type":"Polygon","coordinates":[[[6.858137957294323,46.2080344],[6.858129593056469,46.20804837444232],[6.8581094,46.208054162845855],[6.858089206943531,46.20804837444232],[6.858080842705677,46.2080344],[6.858089206943531,46.208020425557685],[6.8581094,46.20801463715415],[6.858129593056469,46.208020425557685],[6.858137957294323,46.2080344]]]}},{"type":"Feature","id":"pylon-champery-portes-du-soleil-638","properties":{"kind":"pylon","name":"Lift tower","height":13},"geometry":{"type":"Polygon","coordinates":[[[6.7200170273196695,46.1502904],[6.720008671861187,46.15030437444232],[6.7199885,46.150310162845855],[6.719968328138814,46.15030437444232],[6.719959972680331,46.1502904],[6.719968328138814,46.150276425557685],[6.7199885,46.15027063715415],[6.720008671861187,46.150276425557685],[6.7200170273196695,46.1502904]]]}},{"type":"Feature","id":"marker-champery-portes-du-soleil-summit","properties":{"kind":"marker","markerType":"summit","name":"Upper mountain · 2277 m","height":26},"geometry":{"type":"Polygon","coordinates":[[[6.801590813649172,46.177499999999995],[6.8015734697855015,46.17753696098424],[6.801528062960916,46.17755980412876],[6.801471937039086,46.17755980412876],[6.8014265302145,46.17753696098424],[6.8014091863508295,46.177499999999995],[6.8014265302145,46.17746303901575],[6.801471937039086,46.17744019587123],[6.801528062960916,46.17744019587123],[6.8015734697855015,46.17746303901575],[6.801590813649172,46.177499999999995]]]}},{"type":"Feature","id":"marker-champery-portes-du-soleil-base","properties":{"kind":"marker","markerType":"base","name":"Base · 1050 m","height":18},"geometry":{"type":"Polygon","coordinates":[[[6.80559080704379,46.1735],[6.805573464441634,46.173536960984244],[6.80552806091974,46.173559804128764],[6.8054719390802605,46.173559804128764],[6.805426535558366,46.173536960984244],[6.805409192956211,46.1735],[6.805426535558366,46.17346303901575],[6.8054719390802605,46.17344019587123],[6.80552806091974,46.17344019587123],[6.805573464441634,46.17346303901575],[6.80559080704379,46.1735]]]}},{"type":"Feature","id":"marker-champery-portes-du-soleil-featured-run","properties":{"kind":"marker","markerType":"featured-run","name":"Powder · The Wall/Paradise","height":20},"geometry":{"type":"Polygon","coordinates":[[[6.808590802090674,46.1705],[6.80857346043448,46.17053696098424],[6.808528059389143,46.170559804128764],[6.808471940610858,46.170559804128764],[6.808426539565521,46.17053696098424],[6.808409197909327,46.1705],[6.808426539565521,46.17046303901575],[6.808471940610858,46.17044019587123],[6.808528059389143,46.17044019587123],[6.80857346043448,46.17046303901575],[6.808590802090674,46.1705]]]}}]}