{"type":"FeatureCollection","features":[{"type":"Feature","id":"building-208497742","properties":{"kind":"building","name":"Resort building","height":7.2},"geometry":{"type":"Polygon","coordinates":[[[148.3709139,-36.3796523],[148.3708923,-36.3796125],[148.3708382,-36.3796324],[148.3708591,-36.3796734],[148.3709139,-36.3796523]]]}},{"type":"Feature","id":"building-231046202","properties":{"kind":"building","name":"Resort building","height":7.2},"geometry":{"type":"Polygon","coordinates":[[[148.4421658,-36.4426186],[148.4422749,-36.4425127],[148.4422366,-36.4424872],[148.4422631,-36.4424615],[148.4421844,-36.442409],[148.4420611,-36.4425288],[148.4420248,-36.4425316],[148.4419884,-36.4425343],[148.4419629,-36.4425173],[148.4418255,-36.4426509],[148.441843,-36.4426625],[148.4418531,-36.4427489],[148.4418632,-36.4428354],[148.4418161,-36.4428812],[148.4421296,-36.44309],[148.4421767,-36.4430442],[148.4423168,-36.4430336],[148.4423905,-36.443028],[148.442421,-36.4430484],[148.442559,-36.4429143],[148.4425284,-36.442894],[148.4425255,-36.442869],[148.4425222,-36.4428407],[148.4426219,-36.4427438],[148.44252,-36.4426759],[148.442489,-36.4426553],[148.4423799,-36.4427613],[148.4423477,-36.4427398],[148.4422857,-36.4426981],[148.4422205,-36.442655],[148.4421826,-36.4426298],[148.4421658,-36.4426186]]]}},{"type":"Feature","id":"building-231156965","properties":{"kind":"building","name":"Resort building","height":7.2},"geometry":{"type":"Polygon","coordinates":[[[148.4438508,-36.4411448],[148.4439968,-36.441126],[148.4439901,-36.4410912],[148.4440542,-36.4410841],[148.4441364,-36.4410728],[148.4440773,-36.4408091],[148.4440009,-36.4408187],[148.4439758,-36.4408222],[148.4439717,-36.4407959],[148.4438284,-36.4408138],[148.4438356,-36.4408512],[148.4437952,-36.4408569],[148.4438508,-36.4411448]]]}},{"type":"Feature","id":"building-231158651","properties":{"kind":"building","name":"Blue Cow","height":7.2},"geometry":{"type":"Polygon","coordinates":[[[148.3928549,-36.3858401],[148.3927917,-36.3861544],[148.3928514,-36.3861622],[148.392838,-36.3862285],[148.3928975,-36.3862362],[148.3928847,-36.3862998],[148.3930153,-36.3863168],[148.3931458,-36.3863338],[148.3931692,-36.3862173],[148.3932745,-36.386231],[148.3933419,-36.3858954],[148.3930181,-36.3858533],[148.3930165,-36.3858611],[148.3928549,-36.3858401]]]}},{"type":"Feature","id":"building-231158652","properties":{"kind":"building","name":"Resort building","height":7.2},"geometry":{"type":"Polygon","coordinates":[[[148.4115753,-36.4054099],[148.411582,-36.4049686],[148.4116236,-36.4049691],[148.4118388,-36.4048003],[148.4120696,-36.4049909],[148.412066,-36.4052173],[148.4121243,-36.4052179],[148.412121,-36.4054224],[148.4120627,-36.4054218],[148.4118501,-36.4055886],[148.4118269,-36.4055695],[148.4116572,-36.4055677],[148.4116594,-36.4054334],[148.411631,-36.40541],[148.4115753,-36.4054099]]]}},{"type":"Feature","id":"building-231158653","properties":{"kind":"building","name":"NPWS","height":7.2},"geometry":{"type":"Polygon","coordinates":[[[148.412687,-36.4047919],[148.4130432,-36.4045512],[148.4131709,-36.4046737],[148.4128147,-36.4049144],[148.412687,-36.4047919]]]}},{"type":"Feature","id":"building-231158654","properties":{"kind":"building","name":"Perisher Valley Fire Station","height":7.2},"geometry":{"type":"Polygon","coordinates":[[[148.4135728,-36.4051493],[148.4136873,-36.4050701],[148.4136723,-36.405056],[148.4137669,-36.4049906],[148.4138908,-36.4051066],[148.4136817,-36.4052513],[148.4135728,-36.4051493]]]}},{"type":"Feature","id":"building-231158655","properties":{"kind":"building","name":"Resort building","height":7.2},"geometry":{"type":"Polygon","coordinates":[[[148.4138908,-36.4050039],[148.4140527,-36.4048876],[148.4141463,-36.4049721],[148.4141138,-36.4049955],[148.41413,-36.4050101],[148.4141043,-36.4050285],[148.4141371,-36.4050581],[148.4140333,-36.4051326],[148.4138908,-36.4050039]]]}},{"type":"Feature","id":"building-231158829","properties":{"kind":"building","name":"Perisher Centre","height":10.3},"geometry":{"type":"Polygon","coordinates":[[[148.41041,-36.4047235],[148.4104952,-36.4047611],[148.4105079,-36.4047425],[148.4105374,-36.4047555],[148.4105863,-36.404777],[148.4107567,-36.4045267],[148.4108854,-36.4045834],[148.4109546,-36.4044817],[148.4109342,-36.4044727],[148.4111038,-36.4042235],[148.4110482,-36.4041987],[148.411112,-36.4040995],[148.4111017,-36.4040788],[148.4110836,-36.4040429],[148.4111085,-36.4040062],[148.4110937,-36.4039992],[148.4110809,-36.4039931],[148.4109981,-36.4039566],[148.4109817,-36.4039116],[148.4111322,-36.4036905],[148.4108885,-36.4035831],[148.410782,-36.4037396],[148.4107269,-36.4037153],[148.4105545,-36.4039687],[148.4106437,-36.404008],[148.4106334,-36.4040231],[148.4104134,-36.4043465],[148.410504,-36.4043864],[148.410484,-36.4044158],[148.4103634,-36.404593],[148.4104676,-36.4046389],[148.41041,-36.4047235]]]}},{"type":"Feature","id":"building-231659357","properties":{"kind":"building","name":"Guthega Ski Centre","height":7.2},"geometry":{"type":"Polygon","coordinates":[[[148.3751056,-36.3777709],[148.3753261,-36.3776303],[148.3754885,-36.3777953],[148.3753964,-36.377854],[148.3754761,-36.3779351],[148.3755264,-36.377903],[148.3755904,-36.377968],[148.3754477,-36.378059],[148.3753837,-36.377994],[148.3754373,-36.3779598],[148.3753575,-36.3778788],[148.3752679,-36.3779359],[148.3751056,-36.3777709]]]}},{"type":"Feature","id":"building-231659359","properties":{"kind":"building","name":"Perisher Manor","height":7.2},"geometry":{"type":"Polygon","coordinates":[[[148.4094166,-36.4056194],[148.4095338,-36.4056415],[148.4096441,-36.4052621],[148.4097347,-36.4052792],[148.4099382,-36.4051776],[148.4099578,-36.4051099],[148.409919,-36.4050595],[148.4098124,-36.4050395],[148.4096229,-36.4051341],[148.4096034,-36.4052013],[148.4094093,-36.4051647],[148.4094132,-36.4051515],[148.409111,-36.4050945],[148.4090366,-36.4053502],[148.4091003,-36.4053622],[148.4090968,-36.4053743],[148.4092608,-36.4054702],[148.409452,-36.4055078],[148.4094166,-36.4056194]]]}},{"type":"Feature","id":"building-245059880","properties":{"kind":"building","name":"Powder Inn","height":7.2},"geometry":{"type":"Polygon","coordinates":[[[148.4002872,-36.4108238],[148.4003112,-36.4107011],[148.4004604,-36.41072],[148.4004363,-36.4108427],[148.4002872,-36.4108238]]]}},{"type":"Feature","id":"building-250080075","properties":{"kind":"building","name":"Doorack","height":7.2},"geometry":{"type":"Polygon","coordinates":[[[148.3735423,-36.3814366],[148.3734938,-36.3815222],[148.373325,-36.3814603],[148.3733735,-36.3813746],[148.3735423,-36.3814366]]]}},{"type":"Feature","id":"building-250080076","properties":{"kind":"building","name":"Australian Ski Club","height":7.2},"geometry":{"type":"Polygon","coordinates":[[[148.3727381,-36.3826681],[148.3726626,-36.382902],[148.372457,-36.382859],[148.3725325,-36.3826251],[148.3727381,-36.3826681]]]}},{"type":"Feature","id":"building-250080077","properties":{"kind":"building","name":"Resort building","height":7.2},"geometry":{"type":"Polygon","coordinates":[[[148.3721436,-36.3827761],[148.3721522,-36.3829952],[148.372001,-36.3829991],[148.3719924,-36.3827799],[148.3721436,-36.3827761]]]}},{"type":"Feature","id":"building-250080078","properties":{"kind":"building","name":"Jagungal","height":7.2},"geometry":{"type":"Polygon","coordinates":[[[148.3737273,-36.3812186],[148.3736212,-36.3813333],[148.3735222,-36.381274],[148.3736282,-36.3811593],[148.3737273,-36.3812186]]]}},{"type":"Feature","id":"building-250080079","properties":{"kind":"building","name":"Guthega Ski Club","height":7.2},"geometry":{"type":"Polygon","coordinates":[[[148.3731218,-36.3818247],[148.3730391,-36.3819352],[148.3728881,-36.381862],[148.3729708,-36.3817515],[148.3731218,-36.3818247]]]}},{"type":"Feature","id":"building-250080082","properties":{"kind":"building","name":"Guthega Inn","height":7.2},"geometry":{"type":"Polygon","coordinates":[[[148.3731832,-36.3821295],[148.3730354,-36.382419],[148.3728614,-36.3823584],[148.3729335,-36.3822463],[148.3728584,-36.3822117],[148.3729603,-36.3819958],[148.3730974,-36.3820344],[148.3731832,-36.3821295]]]}},{"type":"Feature","id":"building-250080210","properties":{"kind":"building","name":"Burning Log","height":7.2},"geometry":{"type":"Polygon","coordinates":[[[148.3720353,-36.3841679],[148.3719977,-36.3845523],[148.3718231,-36.3845482],[148.3718445,-36.3841465],[148.3720353,-36.3841679]]]}},{"type":"Feature","id":"building-250080347","properties":{"kind":"building","name":"Resort building","height":7.2},"geometry":{"type":"Polygon","coordinates":[[[148.3999026,-36.3868986],[148.3997288,-36.3871014],[148.3995646,-36.3870102],[148.3997384,-36.3868074],[148.3999026,-36.3868986]]]}},{"type":"Feature","id":"building-250080694","properties":{"kind":"building","name":"Resort building","height":7.2},"geometry":{"type":"Polygon","coordinates":[[[148.397995,-36.383375],[148.3979249,-36.3834908],[148.3976814,-36.3833951],[148.3977516,-36.3832793],[148.397995,-36.383375]]]}},{"type":"Feature","id":"building-250080695","properties":{"kind":"building","name":"Ski Patrol","height":7.2},"geometry":{"type":"Polygon","coordinates":[[[148.3956925,-36.3773665],[148.3957623,-36.3773252],[148.3957023,-36.3772594],[148.3956325,-36.3773007],[148.3956925,-36.3773665]]]}},{"type":"Feature","id":"building-250080816","properties":{"kind":"building","name":"Resort building","height":7.2},"geometry":{"type":"Polygon","coordinates":[[[148.3911819,-36.3952834],[148.3909963,-36.3954601],[148.3909487,-36.3954376],[148.3909079,-36.3954183],[148.3911107,-36.3952278],[148.3911819,-36.3952834]]]}},{"type":"Feature","id":"building-250259459","properties":{"kind":"building","name":"Blue Cow Lodge","height":7.2},"geometry":{"type":"Polygon","coordinates":[[[148.3725107,-36.3822653],[148.3724267,-36.3823263],[148.3723345,-36.382244],[148.3724185,-36.3821831],[148.3725107,-36.3822653]]]}},{"type":"Feature","id":"building-250259460","properties":{"kind":"building","name":"Resort building","height":7.2},"geometry":{"type":"Polygon","coordinates":[[[148.3726443,-36.3807626],[148.372513,-36.3808533],[148.3724438,-36.3807884],[148.3725751,-36.3806977],[148.3726443,-36.3807626]]]}},{"type":"Feature","id":"building-250259574","properties":{"kind":"building","name":"The Man from Snowy River Hotel","height":7.2},"geometry":{"type":"Polygon","coordinates":[[[148.4130141,-36.4061251],[148.4133764,-36.4059168],[148.4132585,-36.4057819],[148.4129009,-36.4059967],[148.4130141,-36.4061251]]]}},{"type":"Feature","id":"building-250259575","properties":{"kind":"building","name":"Marritz Hotel","height":7.2},"geometry":{"type":"Polygon","coordinates":[[[148.4121259,-36.4064469],[148.4120454,-36.4065506],[148.4119596,-36.4065981],[148.4118362,-36.406734],[148.4118764,-36.4067621],[148.4118898,-36.4068636],[148.4117316,-36.4070579],[148.4115658,-36.4070148],[148.4115787,-36.4068355],[148.4119118,-36.4064514],[148.4118764,-36.406434],[148.411863,-36.4063692],[148.4119279,-36.4063305],[148.412024,-36.4063498],[148.4121567,-36.4064081],[148.4121259,-36.4064469]]]}},{"type":"Feature","id":"building-250259578","properties":{"kind":"building","name":"Salzburg","height":7.2},"geometry":{"type":"Polygon","coordinates":[[[148.4120293,-36.4076947],[148.4120771,-36.4078508],[148.412144,-36.407838],[148.4121774,-36.4078508],[148.4121891,-36.4078953],[148.41216,-36.4079152],[148.4120989,-36.4079328],[148.4121393,-36.4081048],[148.4118743,-36.4081503],[148.4118308,-36.4080444],[148.4119038,-36.4079517],[148.4117799,-36.4075932],[148.4118099,-36.4075372],[148.4119649,-36.4075112],[148.4120803,-36.40755],[148.4121044,-36.4076342],[148.4120942,-36.407671],[148.412032,-36.4076666],[148.4120293,-36.4076947]]]}},{"type":"Feature","id":"building-250259616","properties":{"kind":"building","name":"The Man from Snowy River Hotel","height":7.2},"geometry":{"type":"Polygon","coordinates":[[[148.4127213,-36.4056288],[148.4128393,-36.4057475],[148.413092,-36.4056095],[148.41318,-36.4057281],[148.412628,-36.4060347],[148.4125792,-36.4060174],[148.4125255,-36.4060454],[148.4125368,-36.4060736],[148.4124102,-36.406149],[148.4121956,-36.4059202],[148.4127213,-36.4056288]]]}},{"type":"Feature","id":"building-250259617","properties":{"kind":"building","name":"Resort building","height":7.2},"geometry":{"type":"Polygon","coordinates":[[[148.4124765,-36.4061593],[148.4125356,-36.4062215],[148.4129046,-36.4060027],[148.4128469,-36.4059315],[148.4124765,-36.4061593]]]}},{"type":"Feature","id":"building-250260201","properties":{"kind":"building","name":"Resort building","height":7.2},"geometry":{"type":"Polygon","coordinates":[[[148.3868398,-36.4092186],[148.3868706,-36.4092872],[148.3869184,-36.4092734],[148.3868876,-36.4092047],[148.3868398,-36.4092186]]]}},{"type":"Feature","id":"building-250260202","properties":{"kind":"building","name":"Ski Patrol","height":7.2},"geometry":{"type":"Polygon","coordinates":[[[148.3875853,-36.4098044],[148.387546,-36.4098629],[148.3874734,-36.4098313],[148.3875127,-36.4097728],[148.3875853,-36.4098044]]]}},{"type":"Feature","id":"building-257401943","properties":{"kind":"building","name":"Cooma Ski Club","height":7.2},"geometry":{"type":"Polygon","coordinates":[[[148.4075147,-36.4003317],[148.4077541,-36.4003204],[148.4077465,-36.400216],[148.4075071,-36.4002272],[148.4075147,-36.4003317]]]}},{"type":"Feature","id":"building-257401944","properties":{"kind":"building","name":"Perisher Valley Chapel","height":7.2},"geometry":{"type":"Polygon","coordinates":[[[148.4144087,-36.4047925],[148.4143999,-36.4049363],[148.4144615,-36.4050082],[148.4144848,-36.4050631],[148.4145676,-36.4049767],[148.414541,-36.404885],[148.4144087,-36.4047925]]]}},{"type":"Feature","id":"building-257401945","properties":{"kind":"building","name":"Perisher Mid-Station Cafe","height":7.2},"geometry":{"type":"Polygon","coordinates":[[[148.3990341,-36.4030687],[148.3991863,-36.4031266],[148.3993611,-36.4030654],[148.3993159,-36.4029975],[148.3993405,-36.4029743],[148.3992953,-36.4028585],[148.399178,-36.4028369],[148.399067,-36.4028717],[148.3990567,-36.4029131],[148.3989724,-36.4029429],[148.3990341,-36.4030687]]]}},{"type":"Feature","id":"building-257401946","properties":{"kind":"building","name":"Geebung Lodge","height":7.2},"geometry":{"type":"Polygon","coordinates":[[[148.4050423,-36.4105011],[148.4050788,-36.4105242],[148.4050659,-36.4105374],[148.4051679,-36.4106018],[148.4051806,-36.4105888],[148.405197,-36.4105991],[148.4052706,-36.4105237],[148.4052437,-36.4105067],[148.405336,-36.410412],[148.4052081,-36.4103312],[148.4050423,-36.4105011]]]}},{"type":"Feature","id":"building-257401947","properties":{"kind":"building","name":"Eiger Chalet","height":7.2},"geometry":{"type":"Polygon","coordinates":[[[148.4091199,-36.4075348],[148.4091869,-36.4076092],[148.4094705,-36.4074436],[148.4095088,-36.4074861],[148.4096076,-36.4074284],[148.4095326,-36.4073452],[148.4095041,-36.4073135],[148.4094903,-36.4072982],[148.4091279,-36.4075098],[148.4091399,-36.4075231],[148.4091199,-36.4075348]]]}},{"type":"Feature","id":"building-257401948","properties":{"kind":"building","name":"Boonoona Lodge","height":7.2},"geometry":{"type":"Polygon","coordinates":[[[148.4064297,-36.4095605],[148.4064583,-36.4096155],[148.4064907,-36.4096046],[148.4065547,-36.4097276],[148.406709,-36.4096756],[148.4066728,-36.409606],[148.4067521,-36.4095793],[148.4066802,-36.4094413],[148.4064891,-36.4095058],[148.4065045,-36.4095352],[148.4064297,-36.4095605]]]}},{"type":"Feature","id":"building-257401949","properties":{"kind":"building","name":"Cronulla","height":7.2},"geometry":{"type":"Polygon","coordinates":[[[148.4079968,-36.4010156],[148.4081413,-36.4009758],[148.4081859,-36.4010807],[148.408166,-36.4010862],[148.4082083,-36.4011858],[148.4081951,-36.4011894],[148.4082069,-36.4012172],[148.4081133,-36.4012429],[148.4081007,-36.4012132],[148.4080828,-36.4012181],[148.4079968,-36.4010156]]]}},{"type":"Feature","id":"building-257401950","properties":{"kind":"building","name":"Maranatha Lodge","height":7.2},"geometry":{"type":"Polygon","coordinates":[[[148.4058234,-36.4097322],[148.4058851,-36.4097479],[148.4058974,-36.4097306],[148.4059704,-36.4097562],[148.4060311,-36.4096403],[148.4059756,-36.4096246],[148.4059509,-36.4095998],[148.4058964,-36.4095874],[148.4058542,-36.4096031],[148.4058162,-36.4097049],[148.4058234,-36.4097322]]]}},{"type":"Feature","id":"building-257401951","properties":{"kind":"building","name":"Mawabu Lodge","height":7.2},"geometry":{"type":"Polygon","coordinates":[[[148.4091966,-36.4095779],[148.4092771,-36.4095912],[148.4093392,-36.4093474],[148.4092801,-36.4093377],[148.4092736,-36.4093632],[148.4092267,-36.4093554],[148.4092233,-36.4093687],[148.4092083,-36.4093662],[148.4091704,-36.4095148],[148.4092109,-36.4095214],[148.4091966,-36.4095779]]]}},{"type":"Feature","id":"building-257401952","properties":{"kind":"building","name":"Benbullen Ski Lodge","height":7.2},"geometry":{"type":"Polygon","coordinates":[[[148.405936,-36.4120081],[148.4059864,-36.4120124],[148.4060211,-36.4117475],[148.4059482,-36.4117413],[148.4059375,-36.4118229],[148.405908,-36.4118204],[148.4058999,-36.4118829],[148.4059213,-36.4118847],[148.4059072,-36.4119928],[148.4059376,-36.4119954],[148.405936,-36.4120081]]]}},{"type":"Feature","id":"building-257401953","properties":{"kind":"building","name":"Orana","height":7.2},"geometry":{"type":"Polygon","coordinates":[[[148.4094113,-36.3984845],[148.4095541,-36.398489],[148.4095518,-36.3985371],[148.4095276,-36.3985363],[148.4095261,-36.3985667],[148.40951,-36.3985662],[148.4095072,-36.3986224],[148.4094118,-36.3986194],[148.4094152,-36.3985491],[148.4094082,-36.3985488],[148.4094113,-36.3984845]]]}},{"type":"Feature","id":"building-257401954","properties":{"kind":"building","name":"Beachcombers","height":7.2},"geometry":{"type":"Polygon","coordinates":[[[148.4087837,-36.3993289],[148.4088433,-36.3993315],[148.4088466,-36.3992828],[148.408868,-36.3992837],[148.408867,-36.3992985],[148.4089899,-36.3993038],[148.408995,-36.3992273],[148.4089066,-36.3992234],[148.4089097,-36.3991781],[148.4087942,-36.3991731],[148.4087837,-36.3993289]]]}},{"type":"Feature","id":"building-257401955","properties":{"kind":"building","name":"Parawa","height":7.2},"geometry":{"type":"Polygon","coordinates":[[[148.4108093,-36.4104192],[148.4109186,-36.4103965],[148.4109117,-36.4103748],[148.4110374,-36.4103487],[148.4110297,-36.4103246],[148.4110645,-36.4103173],[148.4110364,-36.4102297],[148.4109089,-36.4102562],[148.410901,-36.4102318],[148.4107586,-36.4102614],[148.4108093,-36.4104192]]]}},{"type":"Feature","id":"building-257401956","properties":{"kind":"building","name":"Kunapipi","height":7.2},"geometry":{"type":"Polygon","coordinates":[[[148.4069532,-36.4113735],[148.4069803,-36.4114016],[148.4069949,-36.4113925],[148.407021,-36.4114196],[148.407208,-36.4113028],[148.4071152,-36.4112065],[148.4070169,-36.4112679],[148.4070392,-36.4112911],[148.406953,-36.411345],[148.4069702,-36.4113628],[148.4069532,-36.4113735]]]}},{"type":"Feature","id":"building-257401957","properties":{"kind":"building","name":"Resort building","height":7.2},"geometry":{"type":"Polygon","coordinates":[[[148.4190672,-36.4107912],[148.4190533,-36.4108058],[148.4189908,-36.4108266],[148.4189305,-36.4108076],[148.4189282,-36.4108058],[148.4189023,-36.4107555],[148.4189282,-36.4107051],[148.4189393,-36.4106976],[148.4189908,-36.4106843],[148.4190533,-36.4107051],[148.4190792,-36.4107555],[148.4190672,-36.4107912]]]}},{"type":"Feature","id":"building-257401958","properties":{"kind":"building","name":"Resort building","height":7.2},"geometry":{"type":"Polygon","coordinates":[[[148.4078839,-36.4025721],[148.4078321,-36.4026079],[148.4077644,-36.4026155],[148.4077024,-36.4025924],[148.4076658,-36.402546],[148.4076661,-36.402491],[148.4077033,-36.4024449],[148.4077656,-36.4024223],[148.4078332,-36.4024304],[148.4078846,-36.4024666],[148.4079035,-36.4025194],[148.4078839,-36.4025721]]]}},{"type":"Feature","id":"building-257401959","properties":{"kind":"building","name":"Resort building","height":7.2},"geometry":{"type":"Polygon","coordinates":[[[148.4049984,-36.4019165],[148.405018,-36.4019263],[148.4050326,-36.4019405],[148.4050408,-36.4019578],[148.4050417,-36.4019763],[148.4050352,-36.401994],[148.4050219,-36.4020091],[148.4050026,-36.4020203],[148.4049798,-36.4020257],[148.4049561,-36.4020247],[148.4049342,-36.4020174],[148.4049164,-36.4020047],[148.4049049,-36.401988],[148.4049009,-36.4019691],[148.4049047,-36.4019509],[148.4049155,-36.4019346],[148.4049322,-36.4019219],[148.4049532,-36.4019143],[148.404976,-36.4019124],[148.4049984,-36.4019165]]]}},{"type":"Feature","id":"building-257401960","properties":{"kind":"building","name":"Yeti Ski Lodge","height":7.2},"geometry":{"type":"Polygon","coordinates":[[[148.4058749,-36.4122023],[148.4058694,-36.4123362],[148.4058913,-36.4123368],[148.4058908,-36.4123485],[148.4059989,-36.4123514],[148.4060022,-36.4122709],[148.4060354,-36.4122718],[148.4060348,-36.4122864],[148.4060916,-36.4122879],[148.4060956,-36.4121892],[148.4059881,-36.4121864],[148.4059873,-36.4122053],[148.4058749,-36.4122023]]]}},{"type":"Feature","id":"building-257401961","properties":{"kind":"building","name":"Cowra Ski Lodge","height":7.2},"geometry":{"type":"Polygon","coordinates":[[[148.4064922,-36.4114351],[148.4064994,-36.4115336],[148.4066207,-36.4115261],[148.4066197,-36.4115153],[148.4066439,-36.4115162],[148.4066521,-36.4115075],[148.4066691,-36.4115191],[148.4068511,-36.4114334],[148.4068043,-36.411368],[148.4066259,-36.4114409],[148.4066151,-36.411438],[148.406613,-36.4114309],[148.4064922,-36.4114351]]]}},{"type":"Feature","id":"building-257401962","properties":{"kind":"building","name":"Eiger Chalet","height":7.2},"geometry":{"type":"Polygon","coordinates":[[[148.4091462,-36.4071131],[148.4092254,-36.4072817],[148.4092854,-36.4072634],[148.4092985,-36.4072915],[148.4094031,-36.4072597],[148.4093986,-36.4072503],[148.4095214,-36.4072129],[148.4095486,-36.4072047],[148.4096742,-36.4071664],[148.4095937,-36.4069951],[148.4095089,-36.4070209],[148.4095014,-36.407005],[148.4091462,-36.4071131]]]}},{"type":"Feature","id":"building-257401963","properties":{"kind":"building","name":"Warratah","height":7.2},"geometry":{"type":"Polygon","coordinates":[[[148.4118116,-36.4073482],[148.4118955,-36.4074233],[148.4119391,-36.4073918],[148.4119238,-36.4073781],[148.4119633,-36.4073496],[148.4120117,-36.4073929],[148.4120491,-36.4073658],[148.4119333,-36.4072622],[148.4119089,-36.4072799],[148.4118903,-36.4072633],[148.411841,-36.407299],[148.4118582,-36.4073144],[148.4118116,-36.4073482]]]}},{"type":"Feature","id":"building-257401964","properties":{"kind":"building","name":"Resort building","height":7.2},"geometry":{"type":"Polygon","coordinates":[[[148.4098043,-36.402437],[148.4098302,-36.4024199],[148.4098143,-36.4024044],[148.4098413,-36.4023866],[148.4098271,-36.4023727],[148.4098926,-36.4023294],[148.4099799,-36.4024151],[148.409942,-36.4024401],[148.4099788,-36.4024762],[148.4099279,-36.4025098],[148.4098745,-36.4024573],[148.4098449,-36.4024768],[148.4098043,-36.402437]]]}},{"type":"Feature","id":"building-257401965","properties":{"kind":"building","name":"Swagman Chalet","height":7.2},"geometry":{"type":"Polygon","coordinates":[[[148.4110701,-36.4105442],[148.4111957,-36.4105985],[148.4112049,-36.4105847],[148.4113618,-36.4106526],[148.4113517,-36.4106678],[148.4114268,-36.4107003],[148.4113667,-36.4107902],[148.411264,-36.4107458],[148.411245,-36.4107743],[148.411141,-36.4107293],[148.4111568,-36.4107056],[148.4110059,-36.4106404],[148.4110701,-36.4105442]]]}},{"type":"Feature","id":"building-257401966","properties":{"kind":"building","name":"Kalymaro","height":7.2},"geometry":{"type":"Polygon","coordinates":[[[148.4078915,-36.3969412],[148.4079477,-36.396927],[148.4079257,-36.3968703],[148.4079468,-36.396865],[148.4079224,-36.3968024],[148.4079489,-36.3967958],[148.4079156,-36.3967102],[148.4078478,-36.3967273],[148.407854,-36.3967431],[148.4077866,-36.3967601],[148.4078395,-36.3968961],[148.4078708,-36.3968882],[148.4078915,-36.3969412]]]}},{"type":"Feature","id":"building-257401967","properties":{"kind":"building","name":"Corroboree Lodge","height":7.2},"geometry":{"type":"Polygon","coordinates":[[[148.40865,-36.4075157],[148.4088525,-36.4074567],[148.408738,-36.4072025],[148.4087076,-36.4072114],[148.4086904,-36.4071732],[148.4085246,-36.4072216],[148.4085315,-36.4072369],[148.4084484,-36.4072611],[148.4084781,-36.407327],[148.4084035,-36.4073488],[148.4084496,-36.4074511],[148.408601,-36.4074069],[148.40865,-36.4075157]]]}},{"type":"Feature","id":"building-257401968","properties":{"kind":"building","name":"Sundowner","height":7.2},"geometry":{"type":"Polygon","coordinates":[[[148.4112391,-36.409951],[148.4112624,-36.4099511],[148.4112623,-36.4099641],[148.411293,-36.4099643],[148.4112931,-36.4099539],[148.4113205,-36.4099541],[148.4113219,-36.4098169],[148.4113423,-36.409817],[148.4113434,-36.4097123],[148.4112306,-36.4097116],[148.4112297,-36.4097948],[148.4112407,-36.4097949],[148.4112391,-36.409951]]]}},{"type":"Feature","id":"building-257401969","properties":{"kind":"building","name":"Avalanche","height":7.2},"geometry":{"type":"Polygon","coordinates":[[[148.412782,-36.4087335],[148.4127888,-36.4087629],[148.4127576,-36.4087676],[148.4127787,-36.4088584],[148.4128119,-36.4088533],[148.4128188,-36.4088828],[148.4129388,-36.4088647],[148.4129362,-36.4088534],[148.4131459,-36.4088218],[148.413125,-36.4087319],[148.4129057,-36.4087649],[148.4128945,-36.4087166],[148.412782,-36.4087335]]]}},{"type":"Feature","id":"building-257401970","properties":{"kind":"building","name":"Kiandra Lodge","height":7.2},"geometry":{"type":"Polygon","coordinates":[[[148.409473,-36.408775],[148.4095685,-36.4087665],[148.4095654,-36.4087439],[148.4095868,-36.408742],[148.4095803,-36.4086943],[148.4096023,-36.4086924],[148.4095898,-36.4086013],[148.4095459,-36.4086052],[148.4095319,-36.408503],[148.4094392,-36.4085112],[148.4094654,-36.4087018],[148.4094731,-36.4087012],[148.4094764,-36.4087254],[148.4094663,-36.4087263],[148.409473,-36.408775]]]}},{"type":"Feature","id":"building-257401971","properties":{"kind":"building","name":"Alpenhof","height":7.2},"geometry":{"type":"Polygon","coordinates":[[[148.408888,-36.4080313],[148.4087777,-36.4080122],[148.4087871,-36.4079772],[148.4087623,-36.4079729],[148.4087562,-36.4079957],[148.4085996,-36.4079685],[148.4086055,-36.4079465],[148.4085461,-36.4079362],[148.4085744,-36.4078311],[148.4086308,-36.407841],[148.4086345,-36.4078274],[148.4087758,-36.407852],[148.408769,-36.4078774],[148.4089222,-36.407904],[148.408888,-36.4080313]]]}},{"type":"Feature","id":"building-257401972","properties":{"kind":"building","name":"Kosciuszko Snow Revellers","height":7.2},"geometry":{"type":"Polygon","coordinates":[[[148.4077239,-36.400003],[148.4078286,-36.3999686],[148.4078074,-36.399927],[148.4079105,-36.3998931],[148.4079004,-36.3998733],[148.4079692,-36.3998506],[148.4079202,-36.399754],[148.4079006,-36.3997604],[148.4078685,-36.399771],[148.4077166,-36.399821],[148.4077572,-36.399901],[148.407735,-36.3999083],[148.4077503,-36.3999385],[148.4076996,-36.3999551],[148.4077239,-36.400003]]]}},{"type":"Feature","id":"building-257401973","properties":{"kind":"building","name":"Sundeck Hotel","height":7.2},"geometry":{"type":"Polygon","coordinates":[[[148.4089781,-36.4018459],[148.4090055,-36.4018466],[148.4093409,-36.4019297],[148.4093185,-36.4020082],[148.4093348,-36.4020204],[148.4092694,-36.4022012],[148.4092191,-36.4021911],[148.4092178,-36.4021992],[148.4092582,-36.4023644],[148.4089808,-36.4024064],[148.4089391,-36.4022403],[148.4091415,-36.4022116],[148.4091356,-36.4021879],[148.4091443,-36.4021667],[148.409085,-36.4021488],[148.409098,-36.4021091],[148.4091749,-36.4020782],[148.4091881,-36.4020395],[148.4091721,-36.4020155],[148.409178,-36.4019956],[148.4089476,-36.4019387],[148.4089781,-36.4018459]]]}},{"type":"Feature","id":"building-257401974","properties":{"kind":"building","name":"The Stables","height":7.2},"geometry":{"type":"Polygon","coordinates":[[[148.4135855,-36.4079768],[148.4135425,-36.4079881],[148.4135486,-36.408003],[148.4135143,-36.408012],[148.4133845,-36.4076913],[148.4131478,-36.4077534],[148.4131156,-36.4076738],[148.4135763,-36.407553],[148.4136173,-36.4076543],[148.4135174,-36.4076805],[148.4135406,-36.4077378],[148.4135747,-36.4077289],[148.413639,-36.4078878],[148.4135967,-36.4078989],[148.4136135,-36.4079402],[148.4135748,-36.4079504],[148.4135855,-36.4079768]]]}},{"type":"Feature","id":"building-257401975","properties":{"kind":"building","name":"Wirrana Lodge","height":7.2},"geometry":{"type":"Polygon","coordinates":[[[148.4044574,-36.4108486],[148.404592,-36.4109458],[148.4047169,-36.4108337],[148.4046986,-36.4108205],[148.4048304,-36.4107023],[148.4047547,-36.4106476],[148.4047189,-36.4106797],[148.4047016,-36.4106672],[148.4046822,-36.4106846],[148.4046342,-36.4106499],[148.4045739,-36.410704],[148.4046247,-36.4107408],[148.4045626,-36.4107965],[148.4046003,-36.4108238],[148.404571,-36.41085],[148.4045072,-36.4108039],[148.4044574,-36.4108486]]]}},{"type":"Feature","id":"building-257401976","properties":{"kind":"building","name":"Fjellheim","height":7.2},"geometry":{"type":"Polygon","coordinates":[[[148.4076943,-36.3986847],[148.4077548,-36.3986681],[148.407746,-36.3986473],[148.4077939,-36.3986342],[148.4078007,-36.3986502],[148.4078473,-36.3986375],[148.4078427,-36.3986267],[148.4078973,-36.3986117],[148.4078788,-36.3985678],[148.4079353,-36.3985524],[148.4079092,-36.3984905],[148.4078704,-36.3985012],[148.4078629,-36.3984835],[148.4077681,-36.3985094],[148.4077876,-36.3985555],[148.4076551,-36.3985918],[148.4076943,-36.3986847]]]}},{"type":"Feature","id":"building-257401977","properties":{"kind":"building","name":"Chez Jean","height":7.2},"geometry":{"type":"Polygon","coordinates":[[[148.4123946,-36.409005],[148.412467,-36.409094],[148.4124212,-36.4091181],[148.4124387,-36.4091396],[148.4123839,-36.4091685],[148.41237,-36.4091515],[148.4122729,-36.4092027],[148.4122857,-36.4092184],[148.4122155,-36.4092554],[148.4121982,-36.4092341],[148.4121488,-36.4092601],[148.4121284,-36.4092351],[148.4120858,-36.4092575],[148.4120486,-36.4092118],[148.4120877,-36.4091913],[148.4120737,-36.4091741],[148.4123946,-36.409005]]]}},{"type":"Feature","id":"building-257401978","properties":{"kind":"building","name":"CSIRO","height":7.2},"geometry":{"type":"Polygon","coordinates":[[[148.4140653,-36.4082239],[148.4140801,-36.4082595],[148.4140889,-36.4082572],[148.4140999,-36.4082837],[148.4140911,-36.4082861],[148.4141074,-36.4083253],[148.4141164,-36.4083229],[148.4141207,-36.408333],[148.4141107,-36.4083357],[148.4141267,-36.4083741],[148.4141727,-36.4083617],[148.4141678,-36.4083499],[148.4143858,-36.408291],[148.4144165,-36.4082828],[148.4144072,-36.4082605],[148.4143949,-36.4082638],[148.4143871,-36.408245],[148.4143998,-36.4082416],[148.4143836,-36.4082028],[148.4143703,-36.4082064],[148.4143606,-36.4081831],[148.4143731,-36.4081797],[148.4143591,-36.4081459],[148.4143159,-36.4081575],[148.4143192,-36.4081653],[148.4141107,-36.4082216],[148.414107,-36.4082126],[148.4140653,-36.4082239]]]}},{"type":"Feature","id":"building-257401979","properties":{"kind":"building","name":"The Stables","height":7.2},"geometry":{"type":"Polygon","coordinates":[[[148.4130028,-36.4077931],[148.4130544,-36.4078922],[148.4131443,-36.4078619],[148.4130926,-36.4077628],[148.4130028,-36.4077931]]]}},{"type":"Feature","id":"building-257401980","properties":{"kind":"building","name":"Ski Patrol","height":7.2},"geometry":{"type":"Polygon","coordinates":[[[148.3990797,-36.4026438],[148.3991438,-36.4026838],[148.3991799,-36.4026464],[148.3991158,-36.4026064],[148.3990797,-36.4026438]]]}},{"type":"Feature","id":"building-257401981","properties":{"kind":"building","name":"Resort building","height":7.2},"geometry":{"type":"Polygon","coordinates":[[[148.4004542,-36.4109734],[148.4006622,-36.4109524],[148.4006826,-36.4110472],[148.400463,-36.4110764],[148.4004585,-36.4110242],[148.4004542,-36.4109734]]]}},{"type":"Feature","id":"building-257401982","properties":{"kind":"building","name":"Edelweiss","height":7.2},"geometry":{"type":"Polygon","coordinates":[[[148.4069965,-36.4008691],[148.4071812,-36.4008641],[148.4071866,-36.4009917],[148.4070019,-36.4009967],[148.4069965,-36.4008691]]]}},{"type":"Feature","id":"building-257401983","properties":{"kind":"building","name":"Alpine Church","height":7.2},"geometry":{"type":"Polygon","coordinates":[[[148.4106114,-36.4031799],[148.4104702,-36.4030872],[148.4105854,-36.4029736],[148.4107266,-36.4030663],[148.4106114,-36.4031799]]]}},{"type":"Feature","id":"building-257401984","properties":{"kind":"building","name":"The Stables","height":7.2},"geometry":{"type":"Polygon","coordinates":[[[148.4130967,-36.4078875],[148.4131414,-36.4080131],[148.4132861,-36.4079797],[148.4132414,-36.4078542],[148.4130967,-36.4078875]]]}},{"type":"Feature","id":"building-257401985","properties":{"kind":"building","name":"Resort building","height":7.2},"geometry":{"type":"Polygon","coordinates":[[[148.4008266,-36.4107932],[148.4008687,-36.4108505],[148.4009327,-36.4108154],[148.400892,-36.4107604],[148.4008266,-36.4107932]]]}},{"type":"Feature","id":"building-257401986","properties":{"kind":"building","name":"Resort building","height":7.2},"geometry":{"type":"Polygon","coordinates":[[[148.4095214,-36.4072129],[148.4095041,-36.4073135],[148.4095326,-36.4073452],[148.4095486,-36.4072047],[148.4095214,-36.4072129]]]}},{"type":"Feature","id":"building-257401987","properties":{"kind":"building","name":"Mirrabooka","height":7.2},"geometry":{"type":"Polygon","coordinates":[[[148.4093536,-36.4015336],[148.409504,-36.4015897],[148.4095849,-36.4014492],[148.4094344,-36.4013931],[148.4093536,-36.4015336]]]}},{"type":"Feature","id":"building-257401988","properties":{"kind":"building","name":"Resort building","height":7.2},"geometry":{"type":"Polygon","coordinates":[[[148.4140849,-36.4052994],[148.4141616,-36.405379],[148.4142765,-36.4053073],[148.4141998,-36.4052277],[148.4140849,-36.4052994]]]}},{"type":"Feature","id":"building-257401989","properties":{"kind":"building","name":"Main Range Huts","height":7.2},"geometry":{"type":"Polygon","coordinates":[[[148.4087174,-36.408841],[148.4087697,-36.4088917],[148.4088337,-36.408849],[148.4087814,-36.4087982],[148.4087174,-36.408841]]]}},{"type":"Feature","id":"building-257401990","properties":{"kind":"building","name":"Resort building","height":7.2},"geometry":{"type":"Polygon","coordinates":[[[148.4137294,-36.406954],[148.4138016,-36.4069973],[148.4138875,-36.4069044],[148.4138153,-36.4068611],[148.4137294,-36.406954]]]}},{"type":"Feature","id":"building-257401991","properties":{"kind":"building","name":"Langlauf","height":7.2},"geometry":{"type":"Polygon","coordinates":[[[148.4082295,-36.3994521],[148.408355,-36.3994642],[148.4083687,-36.3993715],[148.4082433,-36.3993594],[148.4082295,-36.3994521]]]}},{"type":"Feature","id":"building-257401992","properties":{"kind":"building","name":"Resort building","height":7.2},"geometry":{"type":"Polygon","coordinates":[[[148.4007719,-36.4107065],[148.4007961,-36.4107416],[148.400847,-36.4107189],[148.4008229,-36.4106838],[148.4007719,-36.4107065]]]}},{"type":"Feature","id":"building-257401993","properties":{"kind":"building","name":"Resort building","height":7.2},"geometry":{"type":"Polygon","coordinates":[[[148.4128289,-36.4074291],[148.412941,-36.4077593],[148.4131168,-36.40773],[148.4129821,-36.4073866],[148.4128289,-36.4074291]]]}},{"type":"Feature","id":"building-257401994","properties":{"kind":"building","name":"Mulubinba","height":7.2},"geometry":{"type":"Polygon","coordinates":[[[148.411993,-36.4102393],[148.4120132,-36.4103813],[148.4121735,-36.4103665],[148.4121533,-36.4102245],[148.411993,-36.4102393]]]}},{"type":"Feature","id":"building-257401995","properties":{"kind":"building","name":"Tambaroora Lodge","height":7.2},"geometry":{"type":"Polygon","coordinates":[[[148.4094237,-36.4082581],[148.4094922,-36.4082916],[148.4095287,-36.4082434],[148.4094601,-36.4082098],[148.4094237,-36.4082581]]]}},{"type":"Feature","id":"building-257401996","properties":{"kind":"building","name":"Resort building","height":7.2},"geometry":{"type":"Polygon","coordinates":[[[148.4127506,-36.4068512],[148.4127731,-36.4068902],[148.412828,-36.4068697],[148.4128054,-36.4068307],[148.4127506,-36.4068512]]]}},{"type":"Feature","id":"building-257401997","properties":{"kind":"building","name":"Ullr","height":7.2},"geometry":{"type":"Polygon","coordinates":[[[148.4117069,-36.4090689],[148.4116029,-36.4091806],[148.4117178,-36.4092503],[148.4118189,-36.4091397],[148.4117069,-36.4090689]]]}},{"type":"Feature","id":"building-257401998","properties":{"kind":"building","name":"Resort building","height":7.2},"geometry":{"type":"Polygon","coordinates":[[[148.4117157,-36.4031241],[148.4118874,-36.4031694],[148.4118609,-36.4032345],[148.4116892,-36.4031891],[148.4117157,-36.4031241]]]}},{"type":"Feature","id":"building-257401999","properties":{"kind":"building","name":"Australian Golf Club","height":7.2},"geometry":{"type":"Polygon","coordinates":[[[148.4125078,-36.4077724],[148.4126058,-36.4080172],[148.4127262,-36.407986],[148.4126283,-36.4077412],[148.4125078,-36.4077724]]]}},{"type":"Feature","id":"building-257402000","properties":{"kind":"building","name":"Resort building","height":7.2},"geometry":{"type":"Polygon","coordinates":[[[148.4055902,-36.4018578],[148.4055967,-36.4019153],[148.4056852,-36.4019089],[148.4056787,-36.4018513],[148.4055902,-36.4018578]]]}},{"type":"Feature","id":"building-257402001","properties":{"kind":"building","name":"Pimelia","height":7.2},"geometry":{"type":"Polygon","coordinates":[[[148.4131673,-36.4065833],[148.4132063,-36.4066672],[148.4135413,-36.4065663],[148.4135023,-36.4064824],[148.4131673,-36.4065833]]]}},{"type":"Feature","id":"building-257402002","properties":{"kind":"building","name":"Valhalla","height":7.2},"geometry":{"type":"Polygon","coordinates":[[[148.4138751,-36.4091551],[148.4142009,-36.4091399],[148.4141878,-36.4089959],[148.4138577,-36.4090123],[148.4138751,-36.4091551]]]}},{"type":"Feature","id":"building-257402003","properties":{"kind":"building","name":"Resort building","height":7.2},"geometry":{"type":"Polygon","coordinates":[[[148.4098477,-36.4027452],[148.409912,-36.4027851],[148.4100264,-36.4026659],[148.4099622,-36.402626],[148.4098477,-36.4027452]]]}},{"type":"Feature","id":"building-257402004","properties":{"kind":"building","name":"Royal Australian Navy Lodge","height":7.2},"geometry":{"type":"Polygon","coordinates":[[[148.4052719,-36.4107321],[148.4054897,-36.4108188],[148.4053821,-36.410994],[148.4051642,-36.4109073],[148.4052719,-36.4107321]]]}},{"type":"Feature","id":"building-257402005","properties":{"kind":"building","name":"Astelia","height":7.2},"geometry":{"type":"Polygon","coordinates":[[[148.4132924,-36.4061635],[148.4133284,-36.406252],[148.41367,-36.4061621],[148.4136341,-36.4060736],[148.4132924,-36.4061635]]]}},{"type":"Feature","id":"building-257402006","properties":{"kind":"building","name":"Ski Patrol","height":7.2},"geometry":{"type":"Polygon","coordinates":[[[148.4109005,-36.4029968],[148.4109982,-36.4030514],[148.4110936,-36.4029407],[148.4109959,-36.4028862],[148.4109005,-36.4029968]]]}},{"type":"Feature","id":"building-257402007","properties":{"kind":"building","name":"Eremo","height":7.2},"geometry":{"type":"Polygon","coordinates":[[[148.4122347,-36.4066988],[148.4123433,-36.4068228],[148.4125389,-36.4067119],[148.4124303,-36.4065878],[148.4122347,-36.4066988]]]}},{"type":"Feature","id":"building-257402008","properties":{"kind":"building","name":"Resort building","height":7.2},"geometry":{"type":"Polygon","coordinates":[[[148.4107601,-36.4031154],[148.4108432,-36.4031673],[148.4109115,-36.4030964],[148.4108284,-36.4030445],[148.4107601,-36.4031154]]]}},{"type":"Feature","id":"building-257402009","properties":{"kind":"building","name":"South Perisher Ski Lodge","height":7.2},"geometry":{"type":"Polygon","coordinates":[[[148.4057008,-36.4126835],[148.4057986,-36.4127415],[148.40584,-36.4126962],[148.4058814,-36.412651],[148.4057836,-36.412593],[148.4057008,-36.4126835]]]}},{"type":"Feature","id":"building-257402010","properties":{"kind":"building","name":"Calendia","height":7.2},"geometry":{"type":"Polygon","coordinates":[[[148.4129527,-36.406413],[148.4132744,-36.4063112],[148.4133208,-36.406406],[148.4129991,-36.4065079],[148.4129527,-36.406413]]]}},{"type":"Feature","id":"building-257402011","properties":{"kind":"building","name":"Highway Alpine Lodge","height":7.2},"geometry":{"type":"Polygon","coordinates":[[[148.4076729,-36.4108848],[148.4077862,-36.4110152],[148.407882,-36.4109614],[148.4078276,-36.4108988],[148.4079202,-36.4108467],[148.4078613,-36.4107788],[148.4076729,-36.4108848]]]}},{"type":"Feature","id":"building-257402012","properties":{"kind":"building","name":"Kooloora Lodge","height":7.2},"geometry":{"type":"Polygon","coordinates":[[[148.4114117,-36.4104287],[148.4115441,-36.4103831],[148.4114772,-36.4102941],[148.4114859,-36.4101267],[148.4113608,-36.4101244],[148.4113521,-36.4103222],[148.4114117,-36.4104287]]]}},{"type":"Feature","id":"building-257402013","properties":{"kind":"building","name":"Matterhorn","height":7.2},"geometry":{"type":"Polygon","coordinates":[[[148.4093167,-36.4081376],[148.4096398,-36.4080242],[148.4094869,-36.4077419],[148.4093262,-36.4077982],[148.4092771,-36.4077076],[148.4091146,-36.4077645],[148.4093167,-36.4081376]]]}},{"type":"Feature","id":"building-257402014","properties":{"kind":"building","name":"Dianella","height":7.2},"geometry":{"type":"Polygon","coordinates":[[[148.4094627,-36.400981],[148.4095358,-36.4009907],[148.4095186,-36.4010749],[148.409599,-36.4010856],[148.4095845,-36.4011565],[148.409431,-36.4011362],[148.4094627,-36.400981]]]}},{"type":"Feature","id":"building-257402015","properties":{"kind":"building","name":"Rugby Union Lodge","height":7.2},"geometry":{"type":"Polygon","coordinates":[[[148.4047597,-36.4111813],[148.4048252,-36.4113236],[148.404985,-36.4112759],[148.4049546,-36.4112101],[148.404974,-36.4112043],[148.4049387,-36.4111279],[148.4047597,-36.4111813]]]}},{"type":"Feature","id":"building-257402016","properties":{"kind":"building","name":"Aurora Lodge","height":7.2},"geometry":{"type":"Polygon","coordinates":[[[148.4081675,-36.4085577],[148.4082359,-36.408616],[148.4082833,-36.40858],[148.4083946,-36.4086748],[148.4084784,-36.4086111],[148.4082986,-36.408458],[148.4081675,-36.4085577]]]}},{"type":"Feature","id":"building-257402017","properties":{"kind":"building","name":"Gunyah","height":7.2},"geometry":{"type":"Polygon","coordinates":[[[148.412233,-36.4074037],[148.4123225,-36.4076123],[148.4124328,-36.4075816],[148.4123432,-36.407373],[148.4122998,-36.407378],[148.4122653,-36.4073873],[148.412233,-36.4074037]]]}},{"type":"Feature","id":"building-257402018","properties":{"kind":"building","name":"Merriment","height":7.2},"geometry":{"type":"Polygon","coordinates":[[[148.4101052,-36.4022518],[148.4101916,-36.4022816],[148.4101829,-36.402298],[148.4102204,-36.4023147],[148.4103335,-36.4021922],[148.4101936,-36.402121],[148.4101052,-36.4022518]]]}},{"type":"Feature","id":"building-257402019","properties":{"kind":"building","name":"Main Range Huts","height":7.2},"geometry":{"type":"Polygon","coordinates":[[[148.4086488,-36.4087073],[148.4086927,-36.4087831],[148.4087823,-36.4087495],[148.4087467,-36.4086882],[148.4087008,-36.4087054],[148.4086924,-36.4086909],[148.4086488,-36.4087073]]]}},{"type":"Feature","id":"building-257402020","properties":{"kind":"building","name":"Alexandra","height":7.2},"geometry":{"type":"Polygon","coordinates":[[[148.4099844,-36.401402],[148.410059,-36.4014329],[148.4101599,-36.4012749],[148.4100188,-36.4012165],[148.4099675,-36.4012969],[148.410034,-36.4013244],[148.4099844,-36.401402]]]}},{"type":"Feature","id":"building-257402021","properties":{"kind":"building","name":"Technology","height":7.2},"geometry":{"type":"Polygon","coordinates":[[[148.4063728,-36.4012809],[148.4064577,-36.401296],[148.4064545,-36.4013077],[148.4065836,-36.4013306],[148.406578,-36.4013512],[148.4067521,-36.4013821],[148.4067884,-36.4012499],[148.4064001,-36.401181],[148.4063728,-36.4012809]]]}},{"type":"Feature","id":"building-257402022","properties":{"kind":"building","name":"Yalara Ski Lodge","height":7.2},"geometry":{"type":"Polygon","coordinates":[[[148.4072838,-36.4110715],[148.4073502,-36.4111335],[148.4074925,-36.4110346],[148.4075302,-36.4110698],[148.4075599,-36.4110491],[148.4075459,-36.4110361],[148.4076021,-36.410997],[148.407512,-36.410913],[148.4072838,-36.4110715]]]}},{"type":"Feature","id":"building-257402023","properties":{"kind":"building","name":"Warrugang Lodge","height":7.2},"geometry":{"type":"Polygon","coordinates":[[[148.4064976,-36.4090819],[148.406606,-36.4091387],[148.4066475,-36.4090874],[148.4066805,-36.4091047],[148.4067855,-36.4089747],[148.4066648,-36.4089115],[148.4066045,-36.4089861],[148.4065837,-36.4089752],[148.4064976,-36.4090819]]]}},{"type":"Feature","id":"building-257402024","properties":{"kind":"building","name":"Perisher Hutte","height":7.2},"geometry":{"type":"Polygon","coordinates":[[[148.4069549,-36.4086358],[148.4070358,-36.4087156],[148.4072782,-36.4085565],[148.4071941,-36.4084736],[148.4071157,-36.408525],[148.4071034,-36.4085127],[148.4070116,-36.408573],[148.4070272,-36.4085884],[148.4069549,-36.4086358]]]}},{"type":"Feature","id":"building-257402025","properties":{"kind":"building","name":"Kosciuszko Snow Revellers","height":7.2},"geometry":{"type":"Polygon","coordinates":[[[148.4078685,-36.399771],[148.4078563,-36.3997469],[148.4078177,-36.3997452],[148.4078097,-36.3996755],[148.4079064,-36.3996697],[148.4079166,-36.3997311],[148.4078941,-36.399737],[148.4079006,-36.3997604],[148.4078685,-36.399771]]]}},{"type":"Feature","id":"building-257402026","properties":{"kind":"building","name":"Main Range Huts","height":7.2},"geometry":{"type":"Polygon","coordinates":[[[148.408683,-36.4085605],[148.4087466,-36.4086283],[148.4086889,-36.4086634],[148.4086814,-36.4086555],[148.4086434,-36.4086786],[148.4086068,-36.4086397],[148.4086279,-36.4086269],[148.4086083,-36.408606],[148.408683,-36.4085605]]]}},{"type":"Feature","id":"building-257402027","properties":{"kind":"building","name":"Resort building","height":7.2},"geometry":{"type":"Polygon","coordinates":[[[148.4128154,-36.407406],[148.4129006,-36.4073867],[148.4128815,-36.4073318],[148.4129148,-36.4073243],[148.4129042,-36.4072938],[148.4128028,-36.4073166],[148.412814,-36.4073486],[148.4127968,-36.4073525],[148.4128154,-36.407406]]]}},{"type":"Feature","id":"building-257402028","properties":{"kind":"building","name":"Tarrawonga","height":7.2},"geometry":{"type":"Polygon","coordinates":[[[148.4114585,-36.4092578],[148.4115267,-36.4092957],[148.4114284,-36.4094103],[148.4113616,-36.4093732],[148.4113894,-36.4093409],[148.4113714,-36.4093309],[148.4114261,-36.4092672],[148.4114426,-36.4092764],[148.4114585,-36.4092578]]]}},{"type":"Feature","id":"building-257402029","properties":{"kind":"building","name":"The Stables","height":7.2},"geometry":{"type":"Polygon","coordinates":[[[148.4134274,-36.4081309],[148.4132909,-36.4081576],[148.4132526,-36.4080413],[148.4133929,-36.408019],[148.4134076,-36.4080674],[148.4134478,-36.4080595],[148.4134542,-36.4080807],[148.4134146,-36.4080884],[148.4134274,-36.4081309]]]}},{"type":"Feature","id":"building-257402030","properties":{"kind":"building","name":"Narraburra","height":7.2},"geometry":{"type":"Polygon","coordinates":[[[148.4131392,-36.4092522],[148.413241,-36.4092276],[148.4132847,-36.4093283],[148.413401,-36.4093014],[148.4134286,-36.4093868],[148.4131712,-36.40945],[148.4131378,-36.4093693],[148.4131799,-36.4093576],[148.4131392,-36.4092522]]]}},{"type":"Feature","id":"building-257402031","properties":{"kind":"building","name":"Telemark","height":7.2},"geometry":{"type":"Polygon","coordinates":[[[148.4103202,-36.4008638],[148.4103928,-36.4008856],[148.4104036,-36.4008624],[148.4104599,-36.4008793],[148.4104889,-36.4008168],[148.4104153,-36.4007946],[148.4104217,-36.4007808],[148.4103663,-36.4007642],[148.4103202,-36.4008638]]]}},{"type":"Feature","id":"building-257402032","properties":{"kind":"building","name":"Rock Creek Lodge","height":7.2},"geometry":{"type":"Polygon","coordinates":[[[148.4104031,-36.4069021],[148.4104718,-36.4069048],[148.4104727,-36.4068902],[148.410549,-36.4068932],[148.4105516,-36.4068502],[148.4104899,-36.4068477],[148.4104955,-36.4067579],[148.4104122,-36.4067546],[148.4104031,-36.4069021]]]}},{"type":"Feature","id":"building-257402033","properties":{"kind":"building","name":"Telemark","height":7.2},"geometry":{"type":"Polygon","coordinates":[[[148.4101622,-36.4006516],[148.4102095,-36.4006679],[148.4102187,-36.4006505],[148.410301,-36.4006787],[148.4103529,-36.400581],[148.4102958,-36.4005614],[148.4102867,-36.4005785],[148.4102142,-36.4005536],[148.4101622,-36.4006516]]]}},{"type":"Feature","id":"building-257402034","properties":{"kind":"building","name":"Hus-ski","height":7.2},"geometry":{"type":"Polygon","coordinates":[[[148.4081836,-36.3981416],[148.4083869,-36.3981581],[148.4083946,-36.3980966],[148.4084268,-36.3980992],[148.4084352,-36.3980325],[148.4083195,-36.3980231],[148.408329,-36.3979474],[148.4082092,-36.3979376],[148.4081836,-36.3981416]]]}},{"type":"Feature","id":"building-257402035","properties":{"kind":"building","name":"Sverre Kaaten Nordic Shelter","height":7.2},"geometry":{"type":"Polygon","coordinates":[[[148.4142748,-36.4069229],[148.4143576,-36.4071],[148.4142268,-36.4071396],[148.4141843,-36.4070486],[148.4142061,-36.4070419],[148.4141957,-36.4070196],[148.4141865,-36.4070224],[148.4141567,-36.4069586],[148.4142748,-36.4069229]]]}},{"type":"Feature","id":"building-257402036","properties":{"kind":"building","name":"Yaraandoo","height":7.2},"geometry":{"type":"Polygon","coordinates":[[[148.4088071,-36.3976891],[148.4087806,-36.3976749],[148.4087708,-36.3976867],[148.4086019,-36.3975959],[148.4086146,-36.3975806],[148.4085851,-36.3975648],[148.4086405,-36.397498],[148.4088653,-36.397619],[148.4088071,-36.3976891]]]}},{"type":"Feature","id":"building-257402037","properties":{"kind":"building","name":"Barina Milpara","height":7.2},"geometry":{"type":"Polygon","coordinates":[[[148.4133594,-36.4086148],[148.4134253,-36.4086996],[148.4136057,-36.4086089],[148.4136298,-36.4086398],[148.4137481,-36.4085803],[148.4137232,-36.4085483],[148.4136871,-36.4085665],[148.413622,-36.4084827],[148.4133594,-36.4086148]]]}},{"type":"Feature","id":"building-257402038","properties":{"kind":"building","name":"Sydney","height":7.2},"geometry":{"type":"Polygon","coordinates":[[[148.4078488,-36.396437],[148.4079565,-36.3964344],[148.407948,-36.3962084],[148.4078438,-36.3962109],[148.4078467,-36.3962873],[148.4078271,-36.3962878],[148.4078289,-36.3963346],[148.4078449,-36.3963342],[148.4078488,-36.396437]]]}},{"type":"Feature","id":"building-257402039","properties":{"kind":"building","name":"Ku-ring-gai","height":7.2},"geometry":{"type":"Polygon","coordinates":[[[148.4105977,-36.4025157],[148.4107001,-36.4025415],[148.41069,-36.4025676],[148.4108199,-36.4026003],[148.4108514,-36.4025193],[148.4107877,-36.4025033],[148.4108198,-36.4024205],[148.4106512,-36.402378],[148.4105977,-36.4025157]]]}},{"type":"Feature","id":"building-257402040","properties":{"kind":"building","name":"Karralika","height":7.2},"geometry":{"type":"Polygon","coordinates":[[[148.408117,-36.402641],[148.4081923,-36.4026289],[148.4081777,-36.4025697],[148.4083009,-36.40255],[148.408351,-36.4027536],[148.4083142,-36.4027595],[148.4083214,-36.4027883],[148.4081597,-36.4028142],[148.408117,-36.402641]]]}},{"type":"Feature","id":"building-257402041","properties":{"kind":"building","name":"Christina","height":7.2},"geometry":{"type":"Polygon","coordinates":[[[148.408249,-36.3987796],[148.4083995,-36.3988702],[148.4084575,-36.3988078],[148.4083847,-36.398764],[148.4084018,-36.3987457],[148.4083759,-36.3987301],[148.4083846,-36.3987208],[148.4083327,-36.3986895],[148.408249,-36.3987796]]]}},{"type":"Feature","id":"building-257402042","properties":{"kind":"building","name":"The Stables","height":7.2},"geometry":{"type":"Polygon","coordinates":[[[148.4132926,-36.4078813],[148.4133279,-36.4079733],[148.4133675,-36.4079635],[148.4133804,-36.4079969],[148.4134102,-36.4079894],[148.4133977,-36.407957],[148.4134493,-36.4079441],[148.4134136,-36.4078512],[148.4132926,-36.4078813]]]}},{"type":"Feature","id":"building-257402043","properties":{"kind":"building","name":"University Lodge","height":7.2},"geometry":{"type":"Polygon","coordinates":[[[148.4041615,-36.4115255],[148.4042774,-36.4115635],[148.404299,-36.4115208],[148.4043544,-36.411539],[148.4044327,-36.4113845],[148.4042762,-36.4113332],[148.4042122,-36.4114596],[148.4041973,-36.4114547],[148.4041615,-36.4115255]]]}},{"type":"Feature","id":"building-257402044","properties":{"kind":"building","name":"Kandahar","height":7.2},"geometry":{"type":"Polygon","coordinates":[[[148.408175,-36.4017397],[148.4084722,-36.4017157],[148.4084919,-36.4018742],[148.4083539,-36.4018853],[148.4083453,-36.4018159],[148.4083055,-36.4018191],[148.4083124,-36.4018747],[148.408193,-36.4018844],[148.408175,-36.4017397]]]}},{"type":"Feature","id":"building-257402045","properties":{"kind":"building","name":"Lampada","height":7.2},"geometry":{"type":"Polygon","coordinates":[[[148.4073148,-36.3972828],[148.4074045,-36.3972923],[148.4074259,-36.3971615],[148.4074674,-36.3971659],[148.407479,-36.3970954],[148.4074455,-36.3970919],[148.4074514,-36.3970558],[148.4073538,-36.3970454],[148.4073148,-36.3972828]]]}},{"type":"Feature","id":"building-257402046","properties":{"kind":"building","name":"Snowgums Lodge","height":7.2},"geometry":{"type":"Polygon","coordinates":[[[148.4090796,-36.408906],[148.4092173,-36.4088961],[148.4092327,-36.4090351],[148.4091725,-36.4090394],[148.4091742,-36.4090545],[148.4091241,-36.4090581],[148.4091162,-36.4089868],[148.4090887,-36.4089888],[148.4090796,-36.408906]]]}},{"type":"Feature","id":"building-257402047","properties":{"kind":"building","name":"The Stables","height":7.2},"geometry":{"type":"Polygon","coordinates":[[[148.4131978,-36.4074742],[148.4130679,-36.4074977],[148.4130471,-36.4074229],[148.413033,-36.4074254],[148.413024,-36.407393],[148.4131353,-36.4073729],[148.4131516,-36.4074317],[148.4131843,-36.4074258],[148.4131978,-36.4074742]]]}},{"type":"Feature","id":"building-257402048","properties":{"kind":"building","name":"Canberra Alpine","height":7.2},"geometry":{"type":"Polygon","coordinates":[[[148.408889,-36.3996528],[148.4089454,-36.3997862],[148.4090999,-36.3997438],[148.4091794,-36.3998918],[148.4092324,-36.3997229],[148.4091595,-36.3995755],[148.409002,-36.3995297],[148.4090414,-36.399611],[148.408889,-36.3996528]]]}},{"type":"Feature","id":"building-257402049","properties":{"kind":"building","name":"Sonnenhof","height":7.2},"geometry":{"type":"Polygon","coordinates":[[[148.4074267,-36.4085606],[148.407863,-36.4087129],[148.4079176,-36.4086116],[148.4077213,-36.408543],[148.4077575,-36.4084757],[148.407552,-36.408404],[148.4075154,-36.4084719],[148.407481,-36.4084599],[148.4074267,-36.4085606]]]}},{"type":"Feature","id":"building-257402050","properties":{"kind":"building","name":"Resort building","height":7.2},"geometry":{"type":"Polygon","coordinates":[[[148.41308,-36.4073476],[148.4129582,-36.407371],[148.4129435,-36.4073214],[148.4129663,-36.407317],[148.4129607,-36.4072982],[148.41304,-36.407283],[148.413045,-36.4072999],[148.4130647,-36.4072961],[148.41308,-36.4073476]]]}},{"type":"Feature","id":"building-257402051","properties":{"kind":"building","name":"Illabunda","height":7.2},"geometry":{"type":"Polygon","coordinates":[[[148.409776,-36.4008538],[148.409878,-36.4011179],[148.4100115,-36.4010844],[148.4099624,-36.4009576],[148.4099299,-36.4009657],[148.4098838,-36.4008466],[148.4098495,-36.4008552],[148.4098426,-36.4008371],[148.409776,-36.4008538]]]}},{"type":"Feature","id":"building-257402052","properties":{"kind":"building","name":"Dulmison","height":7.2},"geometry":{"type":"Polygon","coordinates":[[[148.4085368,-36.4000969],[148.4087594,-36.4000978],[148.4087575,-36.4001836],[148.408726,-36.4001831],[148.4087249,-36.4002356],[148.4085499,-36.4002331],[148.4085508,-36.4001901],[148.4085325,-36.4001898],[148.4085368,-36.4000969]]]}},{"type":"Feature","id":"building-257402053","properties":{"kind":"building","name":"Oldina Lodge","height":7.2},"geometry":{"type":"Polygon","coordinates":[[[148.4063613,-36.4096328],[148.4062678,-36.4096678],[148.4062826,-36.4096935],[148.4062646,-36.4097003],[148.4062998,-36.4097613],[148.4062863,-36.4097663],[148.406333,-36.409847],[148.4064468,-36.4098044],[148.406458,-36.4098002],[148.4063613,-36.4096328]]]}},{"type":"Feature","id":"building-257402054","properties":{"kind":"building","name":"Resort building","height":7.2},"geometry":{"type":"Polygon","coordinates":[[[148.4073429,-36.4025463],[148.4074746,-36.402573],[148.4074706,-36.4025858],[148.4075614,-36.4026043],[148.4075653,-36.4025919],[148.4076097,-36.4026009],[148.4076632,-36.4024304],[148.4073963,-36.4023762],[148.4073429,-36.4025463]]]}},{"type":"Feature","id":"building-257406628","properties":{"kind":"building","name":"Apex Magic Castle","height":7.2},"geometry":{"type":"Polygon","coordinates":[[[148.4254254,-36.3942297],[148.4255978,-36.394184],[148.4255245,-36.3940049],[148.4253522,-36.3940506],[148.4254254,-36.3942297]]]}},{"type":"Feature","id":"building-257406629","properties":{"kind":"building","name":"Caloola Ski Club","height":7.2},"geometry":{"type":"Polygon","coordinates":[[[148.425582,-36.3936092],[148.4256321,-36.3936759],[148.425763,-36.3936121],[148.425692,-36.3935178],[148.4255941,-36.3935655],[148.4256149,-36.3935932],[148.425582,-36.3936092]]]}},{"type":"Feature","id":"building-257406630","properties":{"kind":"building","name":"Heidi's","height":7.2},"geometry":{"type":"Polygon","coordinates":[[[148.4277427,-36.3922511],[148.4274211,-36.3921931],[148.4274463,-36.3921027],[148.4275058,-36.3921134],[148.4275254,-36.3920429],[148.4274863,-36.3920358],[148.4275076,-36.3919593],[148.4278088,-36.3920136],[148.4277427,-36.3922511]]]}},{"type":"Feature","id":"building-257406631","properties":{"kind":"building","name":"Illawarra Alpine Club","height":7.2},"geometry":{"type":"Polygon","coordinates":[[[148.4248422,-36.3932504],[148.4249779,-36.3933106],[148.424969,-36.3933265],[148.4250367,-36.3933553],[148.4251055,-36.3932492],[148.4250255,-36.3932128],[148.4250564,-36.3931697],[148.4249674,-36.3931277],[148.4249206,-36.3931898],[148.4248886,-36.3931775],[148.4248422,-36.3932504]]]}},{"type":"Feature","id":"building-257406632","properties":{"kind":"building","name":"Illoura Chalet","height":7.2},"geometry":{"type":"Polygon","coordinates":[[[148.4251615,-36.3933626],[148.4253869,-36.3934534],[148.4253925,-36.393444],[148.4254192,-36.3934529],[148.425448,-36.3934086],[148.4254207,-36.3933985],[148.4254478,-36.3933445],[148.4252238,-36.3932647],[148.4251615,-36.3933626]]]}},{"type":"Feature","id":"building-257406634","properties":{"kind":"building","name":"Muniong Ski Club","height":7.2},"geometry":{"type":"Polygon","coordinates":[[[148.4242264,-36.3933873],[148.4243099,-36.3934111],[148.4243777,-36.3932569],[148.4242942,-36.3932331],[148.4242264,-36.3933873]]]}},{"type":"Feature","id":"building-257406635","properties":{"kind":"building","name":"Numbananga Ski Club","height":7.2},"geometry":{"type":"Polygon","coordinates":[[[148.4258541,-36.3944686],[148.4259944,-36.394515],[148.4260329,-36.3944396],[148.4258926,-36.3943932],[148.4258541,-36.3944686]]]}},{"type":"Feature","id":"building-257406636","properties":{"kind":"building","name":"Operations Workshop","height":7.2},"geometry":{"type":"Polygon","coordinates":[[[148.4255155,-36.3927469],[148.4254362,-36.3928724],[148.4255239,-36.3929084],[148.4256032,-36.3927829],[148.4255155,-36.3927469]]]}},{"type":"Feature","id":"building-257406637","properties":{"kind":"building","name":"Ski Chalet","height":7.2},"geometry":{"type":"Polygon","coordinates":[[[148.4258647,-36.3941881],[148.4259414,-36.3941788],[148.4259691,-36.3943258],[148.4258924,-36.3943352],[148.4258647,-36.3941881]]]}},{"type":"Feature","id":"building-257406638","properties":{"kind":"building","name":"Smiggins Hotel Chalet Apartments","height":7.2},"geometry":{"type":"Polygon","coordinates":[[[148.4259652,-36.3937269],[148.4261163,-36.3940332],[148.4262731,-36.3939831],[148.4261837,-36.3938017],[148.4262087,-36.3937937],[148.4261964,-36.3937688],[148.4262498,-36.3937518],[148.4262004,-36.3936517],[148.4259652,-36.3937269]]]}},{"type":"Feature","id":"building-257406639","properties":{"kind":"building","name":"Smiggins Hotel Staff Accomodation","height":7.2},"geometry":{"type":"Polygon","coordinates":[[[148.4248134,-36.3934663],[148.4250143,-36.3935318],[148.4249527,-36.3936543],[148.4247474,-36.3935873],[148.4247789,-36.3935247],[148.4247833,-36.3935261],[148.4248134,-36.3934663]]]}},{"type":"Feature","id":"building-257406640","properties":{"kind":"building","name":"Smugglers Chalet","height":7.2},"geometry":{"type":"Polygon","coordinates":[[[148.4245558,-36.3931098],[148.4246123,-36.393129],[148.424605,-36.393143],[148.4246989,-36.393175],[148.4247089,-36.3931559],[148.4247367,-36.3931654],[148.4247793,-36.3930846],[148.4246758,-36.3930493],[148.4246682,-36.3930637],[148.4245935,-36.3930383],[148.4245558,-36.3931098]]]}},{"type":"Feature","id":"building-257406641","properties":{"kind":"building","name":"Snow Country Ski Club","height":7.2},"geometry":{"type":"Polygon","coordinates":[[[148.4252951,-36.393891],[148.4253476,-36.3938572],[148.4253191,-36.3938285],[148.4253732,-36.3937936],[148.4252684,-36.3936882],[148.4252334,-36.3937108],[148.425209,-36.3936862],[148.4251374,-36.3937323],[148.4252951,-36.393891]]]}},{"type":"Feature","id":"building-257406642","properties":{"kind":"building","name":"Southern Cross Ski Club","height":7.2},"geometry":{"type":"Polygon","coordinates":[[[148.424476,-36.3934301],[148.4246807,-36.3935191],[148.4246137,-36.3936191],[148.4244089,-36.39353],[148.424476,-36.3934301]]]}},{"type":"Feature","id":"building-257406643","properties":{"kind":"building","name":"Resort building","height":7.2},"geometry":{"type":"Polygon","coordinates":[[[148.424543,-36.3942872],[148.4245559,-36.3942935],[148.4245656,-36.3943028],[148.4245711,-36.394314],[148.4245718,-36.3943262],[148.4245677,-36.3943378],[148.4245591,-36.3943478],[148.4245465,-36.3943553],[148.4245315,-36.394359],[148.4245158,-36.3943584],[148.4245013,-36.3943537],[148.4244895,-36.3943454],[148.4244818,-36.3943344],[148.4244792,-36.3943219],[148.4244816,-36.3943099],[148.4244887,-36.3942992],[148.4244996,-36.3942909],[148.4245133,-36.3942858],[148.4245283,-36.3942845],[148.424543,-36.3942872]]]}},{"type":"Feature","id":"building-257406644","properties":{"kind":"building","name":"Resort building","height":7.2},"geometry":{"type":"Polygon","coordinates":[[[148.4244386,-36.3943291],[148.4244531,-36.3943364],[148.424464,-36.3943469],[148.4244701,-36.3943598],[148.4244708,-36.3943735],[148.424466,-36.3943866],[148.4244561,-36.3943979],[148.4244418,-36.3944062],[148.4244248,-36.3944103],[148.4244071,-36.3944095],[148.4243907,-36.3944041],[148.4243775,-36.3943946],[148.4243689,-36.3943821],[148.424366,-36.394368],[148.4243689,-36.3943545],[148.424377,-36.3943424],[148.4243895,-36.394333],[148.424405,-36.3943274],[148.424422,-36.394326],[148.4244386,-36.3943291]]]}},{"type":"Feature","id":"building-257406645","properties":{"kind":"building","name":"Gunuma lodge","height":7.2},"geometry":{"type":"Polygon","coordinates":[[[148.42905,-36.3911493],[148.4291319,-36.3911896],[148.4291888,-36.3911145],[148.429273,-36.3911559],[148.4293321,-36.391078],[148.4292653,-36.3910451],[148.4293242,-36.3909675],[148.4292284,-36.3909203],[148.4291674,-36.3910007],[148.4291267,-36.3909807],[148.4290652,-36.3910618],[148.4291025,-36.3910801],[148.42905,-36.3911493]]]}},{"type":"Feature","id":"building-257406646","properties":{"kind":"building","name":"IMBAC","height":7.2},"geometry":{"type":"Polygon","coordinates":[[[148.4292019,-36.3919947],[148.4293416,-36.3919891],[148.429349,-36.3921092],[148.4293384,-36.3921096],[148.4293398,-36.3921319],[148.4293195,-36.3921327],[148.4293271,-36.3922552],[148.4292198,-36.3922595],[148.4292164,-36.3922041],[148.4291966,-36.3922049],[148.4291926,-36.3921396],[148.4292109,-36.3921389],[148.4292019,-36.3919947]]]}},{"type":"Feature","id":"building-257406647","properties":{"kind":"building","name":"The Lodge","height":7.2},"geometry":{"type":"Polygon","coordinates":[[[148.4294869,-36.3914313],[148.4296425,-36.3914423],[148.4296357,-36.3916336],[148.4296015,-36.3916405],[148.4296339,-36.3917011],[148.429651,-36.3916997],[148.4297006,-36.3918084],[148.429569,-36.3918566],[148.4295416,-36.3918112],[148.4295219,-36.3918146],[148.4294228,-36.3916605],[148.4294715,-36.3916467],[148.4294869,-36.3914313]]]}},{"type":"Feature","id":"building-257406648","properties":{"kind":"building","name":"Royal Coachman","height":7.2},"geometry":{"type":"Polygon","coordinates":[[[148.4284816,-36.3933815],[148.4282138,-36.3932892],[148.4282282,-36.393262],[148.4281681,-36.3932413],[148.4282238,-36.3931367],[148.4282428,-36.3931432],[148.4282503,-36.3931291],[148.4284368,-36.3931934],[148.4284582,-36.3931531],[148.4284366,-36.3931457],[148.4284845,-36.3930556],[148.4286153,-36.3931007],[148.428527,-36.3932666],[148.4285402,-36.3932712],[148.4284816,-36.3933815]]]}},{"type":"Feature","id":"building-257406649","properties":{"kind":"building","name":"Wild Spitze","height":7.2},"geometry":{"type":"Polygon","coordinates":[[[148.4286498,-36.3919035],[148.4287641,-36.3919058],[148.428753,-36.3922602],[148.4287022,-36.3922591],[148.4287017,-36.3922755],[148.4286629,-36.3922747],[148.4286634,-36.3922571],[148.4286145,-36.3922561],[148.4286175,-36.3921585],[148.4285096,-36.3921563],[148.4285128,-36.3920558],[148.4285957,-36.3920575],[148.4285968,-36.3920197],[148.4286461,-36.3920207],[148.4286498,-36.3919035]]]}},{"type":"Feature","id":"building-257406650","properties":{"kind":"building","name":"Snowy Gums","height":7.2},"geometry":{"type":"Polygon","coordinates":[[[148.428491,-36.3929318],[148.4283645,-36.3928895],[148.4283823,-36.3928571],[148.428353,-36.3928475],[148.4283249,-36.3928026],[148.42845,-36.3925714],[148.428522,-36.3925955],[148.4285646,-36.3925129],[148.4287132,-36.3925626],[148.4286732,-36.3926401],[148.4290624,-36.3927703],[148.4290143,-36.3928635],[148.4285761,-36.392717],[148.4285115,-36.3928422],[148.4285611,-36.3928588],[148.4285435,-36.3928929],[148.4285159,-36.3928837],[148.428491,-36.3929318]]]}},{"type":"Feature","id":"building-257406651","properties":{"kind":"building","name":"Smiggins Hotel","height":7.2},"geometry":{"type":"Polygon","coordinates":[[[148.425835,-36.3925464],[148.4259692,-36.3926096],[148.4259559,-36.392632],[148.4260527,-36.3926709],[148.4260708,-36.3926505],[148.4264239,-36.3928131],[148.4263634,-36.3929902],[148.4265146,-36.3930262],[148.4266331,-36.392668],[148.4266814,-36.3926768],[148.4266971,-36.3926291],[148.426656,-36.3926223],[148.4266778,-36.3925697],[148.4267225,-36.3925804],[148.4267322,-36.3925464],[148.4266947,-36.3925376],[148.4267104,-36.3924675],[148.4265629,-36.392448],[148.4265532,-36.3924675],[148.4265085,-36.3924588],[148.4264674,-36.392595],[148.4259632,-36.3923614],[148.425835,-36.3925464]]]}},{"type":"Feature","id":"building-257406652","properties":{"kind":"building","name":"Resort building","height":7.2},"geometry":{"type":"Polygon","coordinates":[[[148.4284298,-36.3924519],[148.4284703,-36.3924795],[148.4284442,-36.3925043],[148.4284037,-36.3924767],[148.4284298,-36.3924519]]]}},{"type":"Feature","id":"building-257406653","properties":{"kind":"building","name":"Resort building","height":7.2},"geometry":{"type":"Polygon","coordinates":[[[148.4269752,-36.3948478],[148.4270372,-36.3948829],[148.4271254,-36.3947819],[148.4270634,-36.3947469],[148.4269752,-36.3948478]]]}},{"type":"Feature","id":"building-257406655","properties":{"kind":"building","name":"Moerlina","height":7.2},"geometry":{"type":"Polygon","coordinates":[[[148.4283087,-36.3922932],[148.4284234,-36.3923697],[148.4285092,-36.3922863],[148.4283945,-36.3922098],[148.4283087,-36.3922932]]]}},{"type":"Feature","id":"building-257406656","properties":{"kind":"building","name":"Resort building","height":7.2},"geometry":{"type":"Polygon","coordinates":[[[148.4242498,-36.3941924],[148.4242859,-36.3941727],[148.4242596,-36.3941415],[148.4242235,-36.3941611],[148.4242498,-36.3941924]]]}},{"type":"Feature","id":"building-257406657","properties":{"kind":"building","name":"Resort building","height":7.2},"geometry":{"type":"Polygon","coordinates":[[[148.4272482,-36.3949581],[148.4273455,-36.3950605],[148.4272466,-36.3951214],[148.4271493,-36.3950189],[148.4272482,-36.3949581]]]}},{"type":"Feature","id":"building-257406658","properties":{"kind":"building","name":"Resort building","height":7.2},"geometry":{"type":"Polygon","coordinates":[[[148.4304281,-36.3906113],[148.4306933,-36.3906389],[148.4306789,-36.3907287],[148.4306051,-36.390721],[148.4305623,-36.3909874],[148.4303709,-36.3909675],[148.4304281,-36.3906113]]]}},{"type":"Feature","id":"building-257406659","properties":{"kind":"building","name":"Smiggins Workshop","height":7.2},"geometry":{"type":"Polygon","coordinates":[[[148.4271661,-36.39365],[148.4268925,-36.3938142],[148.4271126,-36.3940518],[148.4273371,-36.3939171],[148.4272741,-36.393849],[148.4273231,-36.3938196],[148.4271661,-36.39365]]]}},{"type":"Feature","id":"building-257406660","properties":{"kind":"building","name":"Lion's Lair","height":7.2},"geometry":{"type":"Polygon","coordinates":[[[148.4289336,-36.3932444],[148.4289995,-36.3934165],[148.4286719,-36.3934978],[148.4286479,-36.3934352],[148.4286983,-36.3934227],[148.4286564,-36.3933132],[148.4289336,-36.3932444]]]}},{"type":"Feature","id":"building-257406661","properties":{"kind":"building","name":"Windarra","height":7.2},"geometry":{"type":"Polygon","coordinates":[[[148.4288023,-36.3918606],[148.428658,-36.3918188],[148.4286981,-36.3917291],[148.4286327,-36.3917101],[148.4286746,-36.3916165],[148.4288843,-36.3916774],[148.4288023,-36.3918606]]]}},{"type":"Feature","id":"building-257406662","properties":{"kind":"building","name":"Clancy Alpine","height":7.2},"geometry":{"type":"Polygon","coordinates":[[[148.4293221,-36.3926107],[148.429417,-36.3926073],[148.4294401,-36.3925889],[148.4294764,-36.3926136],[148.4294504,-36.3926321],[148.429447,-36.3926933],[148.4293307,-36.3926954],[148.4293221,-36.3926107]]]}},{"type":"Feature","id":"building-257406663","properties":{"kind":"building","name":"Willow Lodge","height":7.2},"geometry":{"type":"Polygon","coordinates":[[[148.4295616,-36.3913316],[148.429714,-36.3914184],[148.4299977,-36.3910953],[148.4298509,-36.3910118],[148.4297205,-36.3911602],[148.4297485,-36.3911761],[148.4296941,-36.391238],[148.4296606,-36.3912189],[148.4295616,-36.3913316]]]}},{"type":"Feature","id":"building-257406664","properties":{"kind":"building","name":"Snowline Ski Centre","height":7.2},"geometry":{"type":"Polygon","coordinates":[[[148.4277831,-36.392579],[148.4275824,-36.3925877],[148.4275812,-36.3925696],[148.4275362,-36.3925715],[148.4275349,-36.3925507],[148.4274913,-36.3925526],[148.4274814,-36.3924034],[148.4277707,-36.392391],[148.4277831,-36.392579]]]}},{"type":"Feature","id":"building-257406665","properties":{"kind":"building","name":"Lodge 21","height":7.2},"geometry":{"type":"Polygon","coordinates":[[[148.4276442,-36.3930845],[148.4275918,-36.392856],[148.4276982,-36.3928402],[148.4277133,-36.3929063],[148.4278181,-36.3928907],[148.4278337,-36.3929591],[148.4277293,-36.3929746],[148.4277509,-36.3930687],[148.4276442,-36.3930845]]]}},{"type":"Feature","id":"building-257406666","properties":{"kind":"building","name":"Clancy Alpine","height":7.2},"geometry":{"type":"Polygon","coordinates":[[[148.4293112,-36.3925013],[148.4294401,-36.3925889],[148.4294764,-36.3926136],[148.4295609,-36.3926711],[148.4296291,-36.392606],[148.4296052,-36.3925898],[148.4296498,-36.3925472],[148.4294241,-36.3923937],[148.4293112,-36.3925013]]]}},{"type":"Feature","id":"building-345813697","properties":{"kind":"building","name":"Peer Gynt","height":7.2},"geometry":{"type":"Polygon","coordinates":[[[148.4087645,-36.39094],[148.4089185,-36.3909028],[148.4089863,-36.3910889],[148.4088353,-36.3911211],[148.4087953,-36.3910169],[148.4087645,-36.39094]]]}},{"type":"Feature","id":"building-345813698","properties":{"kind":"building","name":"Barakee","height":7.2},"geometry":{"type":"Polygon","coordinates":[[[148.4083417,-36.3899361],[148.4084942,-36.3898899],[148.4086839,-36.3902961],[148.408555,-36.3903351],[148.4084663,-36.3901452],[148.4083792,-36.3901715],[148.4083166,-36.3900374],[148.40838,-36.3900182],[148.4083417,-36.3899361]]]}},{"type":"Feature","id":"building-345813822","properties":{"kind":"building","name":"Trissana","height":7.2},"geometry":{"type":"Polygon","coordinates":[[[148.4076607,-36.3917071],[148.4077239,-36.3916456],[148.4077699,-36.3916762],[148.4078096,-36.3916374],[148.4079328,-36.3917193],[148.4078299,-36.3918196],[148.4076607,-36.3917071]]]}},{"type":"Feature","id":"building-345813823","properties":{"kind":"building","name":"Redwood","height":7.2},"geometry":{"type":"Polygon","coordinates":[[[148.4084374,-36.3918248],[148.4085282,-36.3918122],[148.408533,-36.391835],[148.4085617,-36.391831],[148.4085731,-36.3918843],[148.4085406,-36.3918888],[148.4085522,-36.3919436],[148.4084653,-36.3919557],[148.4084374,-36.3918248]]]}},{"type":"Feature","id":"building-345813828","properties":{"kind":"building","name":"Perisher Creek","height":7.2},"geometry":{"type":"Polygon","coordinates":[[[148.4087217,-36.3925938],[148.4087323,-36.3926407],[148.4086451,-36.392658],[148.4086681,-36.3927575],[148.4086456,-36.3927627],[148.4086842,-36.3928817],[148.4085553,-36.3929006],[148.4085312,-36.3929074],[148.4084876,-36.392713],[148.4085325,-36.3927071],[148.4085025,-36.392628],[148.4087217,-36.3925938]]]}},{"type":"Feature","id":"building-354016883","properties":{"kind":"building","name":"Munjarra Lodge","height":7.2},"geometry":{"type":"Polygon","coordinates":[[[148.4052011,-36.4101774],[148.4052966,-36.4100832],[148.4053675,-36.4101253],[148.4052751,-36.4102245],[148.4052011,-36.4101774]]]}},{"type":"Feature","id":"building-354031123","properties":{"kind":"building","name":"Kahane Lodge","height":7.2},"geometry":{"type":"Polygon","coordinates":[[[148.4075078,-36.4078802],[148.4077519,-36.4078047],[148.4077197,-36.4077269],[148.4078485,-36.4076881],[148.4079048,-36.407796],[148.4078538,-36.407809],[148.4078699,-36.4078478],[148.4077948,-36.4078737],[148.4078136,-36.4079083],[148.4075641,-36.4079881],[148.4075078,-36.4078802]]]}},{"type":"Feature","id":"building-376235834","properties":{"kind":"building","name":"Tiobunga","height":7.2},"geometry":{"type":"Polygon","coordinates":[[[148.3737733,-36.3799925],[148.3738996,-36.3800148],[148.3739551,-36.3797568],[148.3738226,-36.3797394],[148.3737733,-36.3799925]]]}},{"type":"Feature","id":"building-376235835","properties":{"kind":"building","name":"Tate Lodge","height":7.2},"geometry":{"type":"Polygon","coordinates":[[[148.3738719,-36.3795906],[148.3739551,-36.3796105],[148.3740044,-36.3794542],[148.3739705,-36.3794517],[148.3740105,-36.3793525],[148.3739304,-36.3793326],[148.373915,-36.3793847],[148.3738719,-36.3793748],[148.3738411,-36.3794889],[148.3738996,-36.3795013],[148.3738719,-36.3795906]]]}},{"type":"Feature","id":"building-376235836","properties":{"kind":"building","name":"Kyilla Lodge","height":7.2},"geometry":{"type":"Polygon","coordinates":[[[148.3739304,-36.3791441],[148.3740259,-36.3791714],[148.3741091,-36.3790226],[148.3740105,-36.3789878],[148.3739304,-36.3791441]]]}},{"type":"Feature","id":"building-441714392","properties":{"kind":"building","name":"Turnak Ski Club","height":7.2},"geometry":{"type":"Polygon","coordinates":[[[148.3731132,-36.3815939],[148.3731838,-36.3817056],[148.3733133,-36.3816526],[148.3732427,-36.3815408],[148.3731132,-36.3815939]]]}},{"type":"Feature","id":"building-589549872","properties":{"kind":"building","name":"Intake Tower","height":7.2},"geometry":{"type":"Polygon","coordinates":[[[148.3699122,-36.3774785],[148.3698649,-36.3775326],[148.3698366,-36.3775649],[148.3697687,-36.3775264],[148.3698443,-36.37744],[148.3698678,-36.3774533],[148.3699122,-36.3774785]]]}},{"type":"Feature","id":"building-635165410","properties":{"kind":"building","name":"Resort building","height":7.2},"geometry":{"type":"Polygon","coordinates":[[[148.4070859,-36.378154],[148.4070325,-36.3782316],[148.4069909,-36.378213],[148.4070443,-36.3781354],[148.4070859,-36.378154]]]}},{"type":"Feature","id":"building-703817065","properties":{"kind":"building","name":"Alpine Eyre Cafe","height":7.2},"geometry":{"type":"Polygon","coordinates":[[[148.3917642,-36.4151817],[148.391771,-36.4152305],[148.3918558,-36.4152997],[148.3918891,-36.4153043],[148.3919647,-36.4152536],[148.3919395,-36.4152019],[148.3918627,-36.4151245],[148.3917642,-36.4151817]]]}},{"type":"Feature","id":"building-705413577","properties":{"kind":"building","name":"Resort building","height":7.2},"geometry":{"type":"Polygon","coordinates":[[[148.3976315,-36.4073962],[148.3976236,-36.4074343],[148.3977404,-36.4074546],[148.397749,-36.4073922],[148.3976694,-36.4073822],[148.3976662,-36.4073975],[148.3976315,-36.4073962]]]}},{"type":"Feature","id":"building-705413578","properties":{"kind":"building","name":"Resort building","height":7.2},"geometry":{"type":"Polygon","coordinates":[[[148.3928961,-36.4004659],[148.3930283,-36.4005102],[148.393012,-36.4005484],[148.3930536,-36.4005616],[148.3930699,-36.4005281],[148.3931858,-36.4005664],[148.3932229,-36.4004946],[148.3929288,-36.4003989],[148.3928961,-36.4004659]]]}},{"type":"Feature","id":"building-705413580","properties":{"kind":"building","name":"Resort building","height":7.2},"geometry":{"type":"Polygon","coordinates":[[[148.3992857,-36.4025782],[148.3994125,-36.4026199],[148.3994085,-36.4026302],[148.3996904,-36.40273],[148.3997058,-36.4027354],[148.3997106,-36.4027284],[148.3998382,-36.4027752],[148.3998565,-36.4027438],[148.3993024,-36.4025481],[148.3992857,-36.4025782]]]}},{"type":"Feature","id":"building-705413581","properties":{"kind":"building","name":"Resort building","height":7.2},"geometry":{"type":"Polygon","coordinates":[[[148.3993909,-36.4026636],[148.3994188,-36.4026937],[148.3994435,-36.402679],[148.3994164,-36.4026514],[148.3993909,-36.4026636]]]}},{"type":"Feature","id":"building-705413582","properties":{"kind":"building","name":"Resort building","height":7.2},"geometry":{"type":"Polygon","coordinates":[[[148.3996476,-36.4027335],[148.3996508,-36.402756],[148.3996947,-36.4027527],[148.3996904,-36.40273],[148.3996476,-36.4027335]]]}},{"type":"Feature","id":"building-705668293","properties":{"kind":"building","name":"Resort building","height":7.2},"geometry":{"type":"Polygon","coordinates":[[[148.4089662,-36.4056871],[148.4088728,-36.4058722],[148.4093898,-36.4060392],[148.4094331,-36.4059362],[148.4092619,-36.4058722],[148.4092982,-36.4057873],[148.4089662,-36.4056871]]]}},{"type":"Feature","id":"building-705668294","properties":{"kind":"building","name":"Resort building","height":7.2},"geometry":{"type":"Polygon","coordinates":[[[148.4091114,-36.4057107],[148.4091858,-36.4057358],[148.4091944,-36.4057135],[148.4091218,-36.4056885],[148.4091114,-36.4057107]]]}},{"type":"Feature","id":"building-705668295","properties":{"kind":"building","name":"Resort building","height":7.2},"geometry":{"type":"Polygon","coordinates":[[[148.4097772,-36.4048567],[148.4100065,-36.4049609],[148.4100726,-36.404873],[148.4098366,-36.4047666],[148.4097772,-36.4048567]]]}},{"type":"Feature","id":"building-705668296","properties":{"kind":"building","name":"Resort building","height":7.2},"geometry":{"type":"Polygon","coordinates":[[[148.409962,-36.4048101],[148.4100065,-36.4048285],[148.4100213,-36.4048079],[148.4099795,-36.4047884],[148.409962,-36.4048101]]]}},{"type":"Feature","id":"building-705694974","properties":{"kind":"building","name":"Resort building","height":7.2},"geometry":{"type":"Polygon","coordinates":[[[148.409916,-36.4112823],[148.4099672,-36.4112978],[148.4099192,-36.411406],[148.409868,-36.4113931],[148.409916,-36.4112823]]]}},{"type":"Feature","id":"building-705794478","properties":{"kind":"building","name":"Ski Patrol","height":7.2},"geometry":{"type":"Polygon","coordinates":[[[148.4272522,-36.3907493],[148.4272543,-36.3907974],[148.4272948,-36.3907957],[148.4272948,-36.3907493],[148.4272522,-36.3907493]]]}},{"type":"Feature","id":"building-705794479","properties":{"kind":"building","name":"Hot Spot Kiosk","height":7.2},"geometry":{"type":"Polygon","coordinates":[[[148.4271711,-36.3913245],[148.4272266,-36.3913674],[148.4273418,-36.3912696],[148.4273599,-36.3912827],[148.4276649,-36.3910581],[148.4275849,-36.3910034],[148.4275252,-36.3910532],[148.4274889,-36.3910841],[148.4274292,-36.3910481],[148.4273823,-36.3910824],[148.4273631,-36.3910738],[148.427297,-36.3911322],[148.4273524,-36.3911734],[148.4273226,-36.3912009],[148.4273055,-36.391194],[148.4271711,-36.3913245]]]}},{"type":"Feature","id":"building-705822707","properties":{"kind":"building","name":"Resort building","height":7.2},"geometry":{"type":"Polygon","coordinates":[[[148.4258445,-36.3918069],[148.4258262,-36.3918938],[148.4259362,-36.3919036],[148.4259555,-36.3918221],[148.4258445,-36.3918069]]]}},{"type":"Feature","id":"building-705822708","properties":{"kind":"building","name":"Resort building","height":7.2},"geometry":{"type":"Polygon","coordinates":[[[148.4263544,-36.3917562],[148.4265354,-36.3918647],[148.4266097,-36.3917924],[148.4264343,-36.3916828],[148.4263544,-36.3917562]]]}},{"type":"Feature","id":"building-708464807","properties":{"kind":"building","name":"Resort building","height":7.2},"geometry":{"type":"Polygon","coordinates":[[[148.4066397,-36.3982966],[148.4067516,-36.3983651],[148.4068143,-36.3982966],[148.4067024,-36.3982246],[148.4066397,-36.3982966]]]}},{"type":"Feature","id":"building-708471083","properties":{"kind":"building","name":"Resort building","height":7.2},"geometry":{"type":"Polygon","coordinates":[[[148.4082247,-36.3878638],[148.4083297,-36.3883739],[148.4082614,-36.388383],[148.4082862,-36.3885032],[148.4081938,-36.3885155],[148.4082606,-36.3888404],[148.4082049,-36.3888478],[148.4081913,-36.3887815],[148.4081036,-36.3887932],[148.4080675,-36.3886175],[148.4080275,-36.3886228],[148.4079605,-36.3882964],[148.4080315,-36.3882869],[148.407994,-36.3881044],[148.4080516,-36.3880967],[148.40803,-36.3879914],[148.4080798,-36.3879847],[148.4080594,-36.3878859],[148.4082247,-36.3878638]]]}},{"type":"Feature","id":"building-708471084","properties":{"kind":"building","name":"Resort building","height":7.2},"geometry":{"type":"Polygon","coordinates":[[[148.4084015,-36.3888376],[148.4084221,-36.3889174],[148.4084924,-36.3889075],[148.4084738,-36.388826],[148.4084015,-36.3888376]]]}},{"type":"Feature","id":"building-708471085","properties":{"kind":"building","name":"Resort building","height":7.2},"geometry":{"type":"Polygon","coordinates":[[[148.4086329,-36.3882422],[148.4085936,-36.3883054],[148.4086453,-36.3883303],[148.4086845,-36.3882588],[148.4086329,-36.3882422]]]}},{"type":"Feature","id":"building-708508082","properties":{"kind":"building","name":"Resort building","height":7.2},"geometry":{"type":"Polygon","coordinates":[[[148.404237,-36.4023649],[148.4045873,-36.4025351],[148.404647,-36.4024547],[148.4042913,-36.4022857],[148.404237,-36.4023649]]]}},{"type":"Feature","id":"building-708838517","properties":{"kind":"building","name":"Resort building","height":7.2},"geometry":{"type":"Polygon","coordinates":[[[148.4090068,-36.3945405],[148.4090739,-36.3945552],[148.4090617,-36.3945896],[148.4091167,-36.3945994],[148.4091453,-36.3945026],[148.4090222,-36.3944799],[148.4090068,-36.3945405]]]}},{"type":"Feature","id":"building-709164938","properties":{"kind":"building","name":"Resort building","height":7.2},"geometry":{"type":"Polygon","coordinates":[[[148.4085989,-36.3942441],[148.4086524,-36.3942472],[148.4086581,-36.3942103],[148.4086047,-36.3942042],[148.4085989,-36.3942441]]]}},{"type":"Feature","id":"building-709164947","properties":{"kind":"building","name":"Resort building","height":7.2},"geometry":{"type":"Polygon","coordinates":[[[148.4065599,-36.3986178],[148.4065842,-36.3986945],[148.4067302,-36.39867],[148.4067038,-36.3985917],[148.4065599,-36.3986178]]]}},{"type":"Feature","id":"building-709164950","properties":{"kind":"building","name":"Resort building","height":7.2},"geometry":{"type":"Polygon","coordinates":[[[148.4089749,-36.392328],[148.4090886,-36.3923613],[148.409101,-36.3923197],[148.4089893,-36.3922897],[148.4089749,-36.392328]]]}},{"type":"Feature","id":"building-709164951","properties":{"kind":"building","name":"Resort building","height":7.2},"geometry":{"type":"Polygon","coordinates":[[[148.4091506,-36.3915608],[148.4091692,-36.391624],[148.4094049,-36.3915907],[148.4093842,-36.3915275],[148.4091506,-36.3915608]]]}},{"type":"Feature","id":"building-709164954","properties":{"kind":"building","name":"Resort building","height":7.2},"geometry":{"type":"Polygon","coordinates":[[[148.4087536,-36.390697],[148.4087619,-36.390737],[148.4088136,-36.390732],[148.4088012,-36.3906871],[148.4087536,-36.390697]]]}},{"type":"Feature","id":"building-709206470","properties":{"kind":"building","name":"Resort building","height":7.2},"geometry":{"type":"Polygon","coordinates":[[[148.4000723,-36.3928691],[148.4000623,-36.3928991],[148.4001063,-36.392909],[148.4001164,-36.3928768],[148.4000723,-36.3928691]]]}},{"type":"Feature","id":"building-709592496","properties":{"kind":"building","name":"Resort building","height":7.2},"geometry":{"type":"Polygon","coordinates":[[[148.3757696,-36.3777457],[148.3758544,-36.3778712],[148.3759415,-36.3778343],[148.3758613,-36.377707],[148.3757696,-36.3777457]]]}},{"type":"Feature","id":"building-709592505","properties":{"kind":"building","name":"Resort building","height":7.2},"geometry":{"type":"Polygon","coordinates":[[[148.3859116,-36.3812245],[148.3859653,-36.3812937],[148.3860834,-36.3812336],[148.3860281,-36.3811715],[148.3859116,-36.3812245]]]}},{"type":"Feature","id":"building-709592506","properties":{"kind":"building","name":"Resort building","height":7.2},"geometry":{"type":"Polygon","coordinates":[[[148.378537,-36.385365],[148.3785805,-36.3854176],[148.3787664,-36.3853259],[148.3787229,-36.3852719],[148.378537,-36.385365]]]}},{"type":"Feature","id":"building-709592507","properties":{"kind":"building","name":"Resort building","height":7.2},"geometry":{"type":"Polygon","coordinates":[[[148.3786283,-36.3824769],[148.3786909,-36.3825746],[148.3787952,-36.3825257],[148.3787364,-36.3824341],[148.3786283,-36.3824769]]]}},{"type":"Feature","id":"building-709592508","properties":{"kind":"building","name":"Resort building","height":7.2},"geometry":{"type":"Polygon","coordinates":[[[148.3787648,-36.3824418],[148.3787933,-36.3824891],[148.3788388,-36.3824784],[148.3788104,-36.3824295],[148.3787648,-36.3824418]]]}},{"type":"Feature","id":"building-709592515","properties":{"kind":"building","name":"Resort building","height":7.2},"geometry":{"type":"Polygon","coordinates":[[[148.3876608,-36.3840661],[148.3876659,-36.384099],[148.3877017,-36.384097],[148.3876966,-36.3840641],[148.3876608,-36.3840661]]]}},{"type":"Feature","id":"building-709592518","properties":{"kind":"building","name":"Resort building","height":7.2},"geometry":{"type":"Polygon","coordinates":[[[148.394864,-36.3772082],[148.3949226,-36.3772917],[148.3949993,-36.3772554],[148.3949474,-36.3771682],[148.394864,-36.3772082]]]}},{"type":"Feature","id":"building-709651186","properties":{"kind":"building","name":"Resort building","height":7.2},"geometry":{"type":"Polygon","coordinates":[[[148.3953702,-36.3832875],[148.3954302,-36.383374],[148.3954827,-36.3833579],[148.3954202,-36.3832674],[148.3953702,-36.3832875]]]}},{"type":"Feature","id":"building-709651190","properties":{"kind":"building","name":"Resort building","height":7.2},"geometry":{"type":"Polygon","coordinates":[[[148.3972848,-36.3828562],[148.3973857,-36.3827543],[148.3974486,-36.3827947],[148.3973585,-36.3828949],[148.3972848,-36.3828562]]]}},{"type":"Feature","id":"building-709651191","properties":{"kind":"building","name":"Resort building","height":7.2},"geometry":{"type":"Polygon","coordinates":[[[148.3974031,-36.3829125],[148.3974319,-36.382886],[148.3974134,-36.3828728],[148.3973846,-36.3828976],[148.3974031,-36.3829125]]]}},{"type":"Feature","id":"building-709651192","properties":{"kind":"building","name":"Resort building","height":7.2},"geometry":{"type":"Polygon","coordinates":[[[148.3976743,-36.3821036],[148.3977175,-36.3821847],[148.3978017,-36.3821582],[148.3977545,-36.3820738],[148.3976743,-36.3821036]]]}},{"type":"Feature","id":"building-709651196","properties":{"kind":"building","name":"Resort building","height":7.2},"geometry":{"type":"Polygon","coordinates":[[[148.3920866,-36.3857506],[148.3921257,-36.3857834],[148.3921852,-36.385741],[148.3921427,-36.385704],[148.3920866,-36.3857506]]]}},{"type":"Feature","id":"building-709651197","properties":{"kind":"building","name":"Resort building","height":7.2},"geometry":{"type":"Polygon","coordinates":[[[148.3921937,-36.3857615],[148.3922311,-36.3857383],[148.3922533,-36.3857561],[148.3922192,-36.3857862],[148.3921937,-36.3857615]]]}},{"type":"Feature","id":"building-710068242","properties":{"kind":"building","name":"Resort building","height":7.2},"geometry":{"type":"Polygon","coordinates":[[[148.393608,-36.3866487],[148.393554,-36.3866981],[148.3935969,-36.3867231],[148.3936487,-36.3866695],[148.393608,-36.3866487]]]}},{"type":"Feature","id":"building-710068243","properties":{"kind":"building","name":"Resort building","height":7.2},"geometry":{"type":"Polygon","coordinates":[[[148.3936473,-36.3866944],[148.3936675,-36.3866723],[148.3936906,-36.3866862],[148.393669,-36.3867094],[148.3936473,-36.3866944]]]}},{"type":"Feature","id":"building-710068244","properties":{"kind":"building","name":"Resort building","height":7.2},"geometry":{"type":"Polygon","coordinates":[[[148.3943736,-36.3871073],[148.3943779,-36.3870876],[148.3943952,-36.387069],[148.3944154,-36.3870563],[148.3944428,-36.3870528],[148.3944716,-36.3870551],[148.394499,-36.387069],[148.3945119,-36.3870864],[148.3945177,-36.3871062],[148.3945134,-36.3871352],[148.3944946,-36.3871584],[148.3944658,-36.3871688],[148.394437,-36.3871676],[148.3944096,-36.387163],[148.3943923,-36.3871502],[148.3943765,-36.3871305],[148.3943736,-36.3871073]]]}},{"type":"Feature","id":"building-710068245","properties":{"kind":"building","name":"Resort building","height":7.2},"geometry":{"type":"Polygon","coordinates":[[[148.3943837,-36.3870203],[148.3944485,-36.3870215],[148.3944485,-36.3870447],[148.3943822,-36.3870424],[148.3943837,-36.3870203]]]}},{"type":"Feature","id":"building-710899935","properties":{"kind":"building","name":"Resort building","height":7.2},"geometry":{"type":"Polygon","coordinates":[[[148.4072026,-36.3789947],[148.4073635,-36.3790162],[148.4073724,-36.3789429],[148.4072169,-36.3789227],[148.4072026,-36.3789947]]]}},{"type":"Feature","id":"building-712229898","properties":{"kind":"building","name":"Resort building","height":7.2},"geometry":{"type":"Polygon","coordinates":[[[148.416802,-36.4103123],[148.416898,-36.4103415],[148.4169135,-36.4103019],[148.4168175,-36.4102726],[148.416802,-36.4103123]]]}},{"type":"Feature","id":"building-712229899","properties":{"kind":"building","name":"Resort building","height":7.2},"geometry":{"type":"Polygon","coordinates":[[[148.4189648,-36.4105793],[148.4190089,-36.4105829],[148.4190265,-36.4105108],[148.4189824,-36.4105072],[148.4189648,-36.4105793]]]}},{"type":"Feature","id":"building-813508571","properties":{"kind":"building","name":"Resort building","height":7.2},"geometry":{"type":"Polygon","coordinates":[[[148.4423472,-36.4422874],[148.4425295,-36.4421213],[148.4426201,-36.4421841],[148.442439,-36.4423538],[148.4424034,-36.4423281],[148.4423472,-36.4422874]]]}},{"type":"Feature","id":"building-813514008","properties":{"kind":"building","name":"Ski Patrol","height":7.2},"geometry":{"type":"Polygon","coordinates":[[[148.4048298,-36.402158],[148.4048622,-36.4021704],[148.4048859,-36.4021363],[148.4048523,-36.4021226],[148.4048298,-36.402158]]]}},{"type":"Feature","id":"building-813514009","properties":{"kind":"building","name":"Ski Patrol","height":7.2},"geometry":{"type":"Polygon","coordinates":[[[148.3998135,-36.3925548],[148.3998264,-36.3925593],[148.3998383,-36.3925368],[148.3998262,-36.3925336],[148.3998135,-36.3925548]]]}},{"type":"Feature","id":"building-813514010","properties":{"kind":"building","name":"Ski Patrol","height":7.2},"geometry":{"type":"Polygon","coordinates":[[[148.3862032,-36.3808187],[148.3862032,-36.3808624],[148.3862419,-36.3808609],[148.3862399,-36.3808181],[148.3862032,-36.3808187]]]}},{"type":"Feature","id":"building-924971315","properties":{"kind":"building","name":"Resort building","height":7.2},"geometry":{"type":"Polygon","coordinates":[[[148.4032172,-36.3906158],[148.4032441,-36.3906242],[148.4032334,-36.3906463],[148.4032065,-36.3906379],[148.4032172,-36.3906158]]]}},{"type":"Feature","id":"building-1183569459","properties":{"kind":"building","name":"Resort building","height":7.2},"geometry":{"type":"Polygon","coordinates":[[[148.3694349,-36.4267766],[148.3694803,-36.4267676],[148.3694905,-36.4268007],[148.369445,-36.4268097],[148.3694349,-36.4267766]]]}},{"type":"Feature","id":"pylon-perisher-0","properties":{"kind":"pylon","name":"Lift tower","height":13},"geometry":{"type":"Polygon","coordinates":[[[148.3933158546498,-36.4040872],[148.39330866275938,-36.40407322555768],[148.3932913,-36.40406743715415],[148.3932739372406,-36.40407322555768],[148.39326674535016,-36.4040872],[148.3932739372406,-36.40410117444232],[148.3932913,-36.40410696284585],[148.39330866275938,-36.40410117444232],[148.3933158546498,-36.4040872]]]}},{"type":"Feature","id":"pylon-perisher-1","properties":{"kind":"pylon","name":"Lift tower","height":13},"geometry":{"type":"Polygon","coordinates":[[[148.32921486483448,-36.4362907],[148.32920766996105,-36.43627672555768],[148.3291903,-36.43627093715415],[148.32917293003894,-36.43627672555768],[148.3291657351655,-36.4362907],[148.32917293003894,-36.43630467444232],[148.3291903,-36.43631046284585],[148.32920766996105,-36.43630467444232],[148.32921486483448,-36.4362907]]]}},{"type":"Feature","id":"pylon-perisher-2","properties":{"kind":"pylon","name":"Lift tower","height":13},"geometry":{"type":"Polygon","coordinates":[[[148.40605735458996,-36.4038978],[148.40605016271707,-36.403883825557685],[148.4060328,-36.40387803715415],[148.40601543728292,-36.403883825557685],[148.40600824541002,-36.4038978],[148.40601543728292,-36.40391177444232],[148.4060328,-36.403917562845855],[148.40605016271707,-36.40391177444232],[148.40605735458996,-36.4038978]]]}},{"type":"Feature","id":"pylon-perisher-3","properties":{"kind":"pylon","name":"Lift tower","height":13},"geometry":{"type":"Polygon","coordinates":[[[148.40933335480798,-36.4045877],[148.40932616287122,-36.40457372555768],[148.4093088,-36.40456793715415],[148.40929143712876,-36.40457372555768],[148.409284245192,-36.4045877],[148.40929143712876,-36.40460167444232],[148.4093088,-36.40460746284585],[148.40932616287122,-36.40460167444232],[148.40933335480798,-36.4045877]]]}},{"type":"Feature","id":"pylon-perisher-4","properties":{"kind":"pylon","name":"Lift tower","height":13},"geometry":{"type":"Polygon","coordinates":[[[148.40820115464751,-36.4040799],[148.40819396275776,-36.40406592555768],[148.4081766,-36.40406013715415],[148.40815923724222,-36.40406592555768],[148.40815204535247,-36.4040799],[148.40815923724222,-36.40409387444232],[148.4081766,-36.40409966284585],[148.40819396275776,-36.40409387444232],[148.40820115464751,-36.4040799]]]}},{"type":"Feature","id":"pylon-perisher-5","properties":{"kind":"pylon","name":"Lift tower","height":13},"geometry":{"type":"Polygon","coordinates":[[[148.40679945444884,-36.4034512],[148.40679226261727,-36.40343722555768],[148.4067749,-36.40343143715415],[148.4067575373827,-36.40343722555768],[148.40675034555113,-36.4034512],[148.4067575373827,-36.40346517444232],[148.4067749,-36.40347096284585],[148.40679226261727,-36.40346517444232],[148.40679945444884,-36.4034512]]]}},{"type":"Feature","id":"pylon-perisher-6","properties":{"kind":"pylon","name":"Lift tower","height":13},"geometry":{"type":"Polygon","coordinates":[[[148.40563885428432,-36.4029306],[148.40563166250095,-36.40291662555768],[148.4056143,-36.402910837154145],[148.40559693749904,-36.40291662555768],[148.40558974571567,-36.4029306],[148.40559693749904,-36.402944574442316],[148.4056143,-36.40295036284585],[148.40563166250095,-36.402944574442316],[148.40563885428432,-36.4029306]]]}},{"type":"Feature","id":"pylon-perisher-7","properties":{"kind":"pylon","name":"Lift tower","height":13},"geometry":{"type":"Polygon","coordinates":[[[148.40485855417373,-36.4025806],[148.40485136242276,-36.40256662555768],[148.404834,-36.40256083715415],[148.40481663757723,-36.40256662555768],[148.40480944582626,-36.4025806],[148.40481663757723,-36.40259457444232],[148.404834,-36.40260036284585],[148.40485136242276,-36.40259457444232],[148.40485855417373,-36.4025806]]]}},{"type":"Feature","id":"pylon-perisher-8","properties":{"kind":"pylon","name":"Lift tower","height":13},"geometry":{"type":"Polygon","coordinates":[[[148.40824955496205,-36.4050753],[148.4082423629802,-36.40506132555768],[148.408225,-36.40505553715415],[148.40820763701979,-36.40506132555768],[148.40820044503792,-36.4050753],[148.40820763701979,-36.40508927444232],[148.408225,-36.40509506284585],[148.4082423629802,-36.40508927444232],[148.40824955496205,-36.4050753]]]}},{"type":"Feature","id":"pylon-perisher-9","properties":{"kind":"pylon","name":"Lift tower","height":13},"geometry":{"type":"Polygon","coordinates":[[[148.40780975488744,-36.4048391],[148.40780256292743,-36.40482512555768],[148.4077852,-36.404819337154144],[148.40776783707258,-36.40482512555768],[148.40776064511257,-36.4048391],[148.40776783707258,-36.404853074442315],[148.4077852,-36.40485886284585],[148.40780256292743,-36.404853074442315],[148.40780975488744,-36.4048391]]]}},{"type":"Feature","id":"pylon-perisher-10","properties":{"kind":"pylon","name":"Lift tower","height":13},"geometry":{"type":"Polygon","coordinates":[[[148.40734005480772,-36.4045868],[148.40733286287104,-36.40457282555768],[148.4073155,-36.404567037154145],[148.40729813712898,-36.40457282555768],[148.4072909451923,-36.4045868],[148.40729813712898,-36.404600774442315],[148.4073155,-36.40460656284585],[148.40733286287104,-36.404600774442315],[148.40734005480772,-36.4045868]]]}},{"type":"Feature","id":"pylon-perisher-11","properties":{"kind":"pylon","name":"Lift tower","height":13},"geometry":{"type":"Polygon","coordinates":[[[148.4067008546992,-36.4042435],[148.4066936627943,-36.40422952555768],[148.4066763,-36.40422373715415],[148.40665893720566,-36.40422952555768],[148.40665174530076,-36.4042435],[148.40665893720566,-36.40425747444232],[148.4066763,-36.40426326284585],[148.4066936627943,-36.40425747444232],[148.4067008546992,-36.4042435]]]}},{"type":"Feature","id":"pylon-perisher-12","properties":{"kind":"pylon","name":"Lift tower","height":13},"geometry":{"type":"Polygon","coordinates":[[[148.405397454478,-36.4035434],[148.4053902626379,-36.40352942555768],[148.4053729,-36.403523637154144],[148.4053555373621,-36.40352942555768],[148.40534834552201,-36.4035434],[148.4053555373621,-36.403557374442315],[148.4053729,-36.40356316284585],[148.4053902626379,-36.403557374442315],[148.405397454478,-36.4035434]]]}},{"type":"Feature","id":"pylon-perisher-13","properties":{"kind":"pylon","name":"Lift tower","height":13},"geometry":{"type":"Polygon","coordinates":[[[148.40463705435045,-36.4031398],[148.40462986254772,-36.40312582555768],[148.4046125,-36.403120037154146],[148.4045951374523,-36.40312582555768],[148.40458794564958,-36.4031398],[148.4045951374523,-36.403153774442316],[148.4046125,-36.40315956284585],[148.40462986254772,-36.403153774442316],[148.40463705435045,-36.4031398]]]}},{"type":"Feature","id":"pylon-perisher-14","properties":{"kind":"pylon","name":"Lift tower","height":13},"geometry":{"type":"Polygon","coordinates":[[[148.40884145518598,-36.4057838],[148.40883426313852,-36.405769825557684],[148.4088169,-36.40576403715415],[148.4087995368615,-36.405769825557684],[148.40879234481403,-36.4057838],[148.4087995368615,-36.40579777444232],[148.4088169,-36.405803562845854],[148.40883426313852,-36.40579777444232],[148.40884145518598,-36.4057838]]]}},{"type":"Feature","id":"pylon-perisher-15","properties":{"kind":"pylon","name":"Lift tower","height":13},"geometry":{"type":"Polygon","coordinates":[[[148.40859065515906,-36.4056986],[148.4085834631195,-36.40568462555768],[148.4085661,-36.40567883715415],[148.4085487368805,-36.40568462555768],[148.40854154484094,-36.4056986],[148.4085487368805,-36.40571257444232],[148.4085661,-36.40571836284585],[148.4085834631195,-36.40571257444232],[148.40859065515906,-36.4056986]]]}},{"type":"Feature","id":"pylon-perisher-16","properties":{"kind":"pylon","name":"Lift tower","height":13},"geometry":{"type":"Polygon","coordinates":[[[148.40780175507433,-36.4054305],[148.40779456305958,-36.40541652555768],[148.4077772,-36.40541073715415],[148.40775983694041,-36.40541652555768],[148.40775264492567,-36.4054305],[148.40775983694041,-36.40544447444232],[148.4077772,-36.405450262845854],[148.40779456305958,-36.40544447444232],[148.40780175507433,-36.4054305]]]}},{"type":"Feature","id":"pylon-perisher-17","properties":{"kind":"pylon","name":"Lift tower","height":13},"geometry":{"type":"Polygon","coordinates":[[[148.4065079549354,-36.4049908],[148.40650076296131,-36.40497682555768],[148.4064834,-36.40497103715415],[148.4064660370387,-36.40497682555768],[148.40645884506463,-36.4049908],[148.4064660370387,-36.40500477444232],[148.4064834,-36.40501056284585],[148.40650076296131,-36.40500477444232],[148.4065079549354,-36.4049908]]]}},{"type":"Feature","id":"pylon-perisher-18","properties":{"kind":"pylon","name":"Lift tower","height":13},"geometry":{"type":"Polygon","coordinates":[[[148.40561485483946,-36.4046873],[148.4056076628935,-36.40467332555768],[148.4055903,-36.40466753715415],[148.4055729371065,-36.40467332555768],[148.40556574516054,-36.4046873],[148.4055729371065,-36.40470127444232],[148.4055903,-36.40470706284585],[148.4056076628935,-36.40470127444232],[148.40561485483946,-36.4046873]]]}},{"type":"Feature","id":"pylon-perisher-19","properties":{"kind":"pylon","name":"Lift tower","height":13},"geometry":{"type":"Polygon","coordinates":[[[148.4046074547313,-36.404345],[148.404600262817,-36.40433102555768],[148.4045829,-36.40432523715415],[148.404565537183,-36.40433102555768],[148.40455834526873,-36.404345],[148.404565537183,-36.40435897444232],[148.4045829,-36.40436476284585],[148.404600262817,-36.40435897444232],[148.4046074547313,-36.404345]]]}},{"type":"Feature","id":"pylon-perisher-20","properties":{"kind":"pylon","name":"Lift tower","height":13},"geometry":{"type":"Polygon","coordinates":[[[148.40305475456452,-36.4038173],[148.40304756269907,-36.40380332555768],[148.4030302,-36.40379753715415],[148.4030128373009,-36.40380332555768],[148.40300564543546,-36.4038173],[148.4030128373009,-36.40383127444232],[148.4030302,-36.40383706284585],[148.40304756269907,-36.40383127444232],[148.40305475456452,-36.4038173]]]}},{"type":"Feature","id":"pylon-perisher-21","properties":{"kind":"pylon","name":"Lift tower","height":13},"geometry":{"type":"Polygon","coordinates":[[[148.40259365451502,-36.4036606],[148.40258646266406,-36.403646625557684],[148.4025691,-36.40364083715415],[148.40255173733593,-36.403646625557684],[148.40254454548497,-36.4036606],[148.40255173733593,-36.40367457444232],[148.4025691,-36.403680362845854],[148.40258646266406,-36.40367457444232],[148.40259365451502,-36.4036606]]]}},{"type":"Feature","id":"pylon-perisher-22","properties":{"kind":"pylon","name":"Lift tower","height":13},"geometry":{"type":"Polygon","coordinates":[[[148.4017470544241,-36.4033729],[148.40173986259978,-36.40335892555768],[148.4017225,-36.40335313715415],[148.40170513740023,-36.40335892555768],[148.4016979455759,-36.4033729],[148.40170513740023,-36.40338687444232],[148.4017225,-36.40339266284585],[148.40173986259978,-36.40338687444232],[148.4017470544241,-36.4033729]]]}},{"type":"Feature","id":"pylon-perisher-23","properties":{"kind":"pylon","name":"Lift tower","height":13},"geometry":{"type":"Polygon","coordinates":[[[148.4000102542376,-36.4027827],[148.40000306246793,-36.402768725557685],[148.3999857,-36.40276293715415],[148.39996833753207,-36.402768725557685],[148.3999611457624,-36.4027827],[148.39996833753207,-36.40279667444232],[148.3999857,-36.402802462845855],[148.40000306246793,-36.40279667444232],[148.4000102542376,-36.4027827]]]}},{"type":"Feature","id":"pylon-perisher-24","properties":{"kind":"pylon","name":"Lift tower","height":13},"geometry":{"type":"Polygon","coordinates":[[[148.39642675386105,-36.401591],[148.39641956220166,-36.401577025557685],[148.3964022,-36.40157123715415],[148.39638483779837,-36.401577025557685],[148.39637764613897,-36.401591],[148.39638483779837,-36.40160497444232],[148.3964022,-36.401610762845856],[148.39641956220166,-36.40160497444232],[148.39642675386105,-36.401591]]]}},{"type":"Feature","id":"pylon-perisher-25","properties":{"kind":"pylon","name":"Lift tower","height":13},"geometry":{"type":"Polygon","coordinates":[[[148.39568985378384,-36.4013467],[148.39568266214707,-36.40133272555768],[148.3956653,-36.401326937154145],[148.3956479378529,-36.40133272555768],[148.39564074621615,-36.4013467],[148.3956479378529,-36.401360674442316],[148.3956653,-36.40136646284585],[148.39568266214707,-36.401360674442316],[148.39568985378384,-36.4013467]]]}},{"type":"Feature","id":"pylon-perisher-26","properties":{"kind":"pylon","name":"Lift tower","height":13},"geometry":{"type":"Polygon","coordinates":[[[148.39704915392625,-36.4017973],[148.39704196224776,-36.40178332555768],[148.3970246,-36.401777537154146],[148.39700723775226,-36.40178332555768],[148.39700004607377,-36.4017973],[148.39700723775226,-36.401811274442316],[148.3970246,-36.40181706284585],[148.39704196224776,-36.401811274442316],[148.39704915392625,-36.4017973]]]}},{"type":"Feature","id":"pylon-perisher-27","properties":{"kind":"pylon","name":"Lift tower","height":13},"geometry":{"type":"Polygon","coordinates":[[[148.3979908540249,-36.4021095],[148.3979836623175,-36.402095525557684],[148.3979663,-36.40208973715415],[148.39794893768251,-36.402095525557684],[148.39794174597512,-36.4021095],[148.39794893768251,-36.40212347444232],[148.3979663,-36.402129262845854],[148.3979836623175,-36.40212347444232],[148.3979908540249,-36.4021095]]]}},{"type":"Feature","id":"pylon-perisher-28","properties":{"kind":"pylon","name":"Lift tower","height":13},"geometry":{"type":"Polygon","coordinates":[[[148.39905655413654,-36.4024628],[148.39904936239645,-36.402448825557684],[148.399032,-36.40244303715415],[148.39901463760356,-36.402448825557684],[148.39900744586348,-36.4024628],[148.39901463760356,-36.40247677444232],[148.399032,-36.402482562845854],[148.39904936239645,-36.40247677444232],[148.39905655413654,-36.4024628]]]}},{"type":"Feature","id":"pylon-perisher-29","properties":{"kind":"pylon","name":"Lift tower","height":13},"geometry":{"type":"Polygon","coordinates":[[[148.3943470536432,-36.4009016],[148.39433986204762,-36.40088762555768],[148.3943225,-36.400881837154145],[148.39430513795236,-36.40088762555768],[148.39429794635677,-36.4009016],[148.39430513795236,-36.400915574442315],[148.3943225,-36.40092136284585],[148.39433986204762,-36.400915574442315],[148.3943470536432,-36.4009016]]]}},{"type":"Feature","id":"pylon-perisher-30","properties":{"kind":"pylon","name":"Lift tower","height":13},"geometry":{"type":"Polygon","coordinates":[[[148.39348095355248,-36.4006144],[148.39347376198344,-36.400600425557684],[148.3934564,-36.40059463715415],[148.39343903801654,-36.400600425557684],[148.3934318464475,-36.4006144],[148.39343903801654,-36.40062837444232],[148.3934564,-36.400634162845854],[148.39347376198344,-36.40062837444232],[148.39348095355248,-36.4006144]]]}},{"type":"Feature","id":"pylon-perisher-31","properties":{"kind":"pylon","name":"Lift tower","height":13},"geometry":{"type":"Polygon","coordinates":[[[148.39342955354712,-36.4005974],[148.39342236197967,-36.400583425557684],[148.393405,-36.40057763715415],[148.39338763802033,-36.400583425557684],[148.39338044645288,-36.4005974],[148.39338763802033,-36.40061137444232],[148.393405,-36.400617162845855],[148.39342236197967,-36.40061137444232],[148.39342955354712,-36.4005974]]]}},{"type":"Feature","id":"pylon-perisher-32","properties":{"kind":"pylon","name":"Lift tower","height":13},"geometry":{"type":"Polygon","coordinates":[[[148.39164815517654,-36.4057539],[148.39164096313183,-36.40573992555768],[148.3916236,-36.40573413715415],[148.39160623686817,-36.40573992555768],[148.39159904482347,-36.4057539],[148.39160623686817,-36.40576787444232],[148.3916236,-36.40577366284585],[148.39164096313183,-36.40576787444232],[148.39164815517654,-36.4057539]]]}},{"type":"Feature","id":"pylon-perisher-33","properties":{"kind":"pylon","name":"Lift tower","height":13},"geometry":{"type":"Polygon","coordinates":[[[148.39242915492986,-36.4049734],[148.39242196295743,-36.404959425557685],[148.3924046,-36.40495363715415],[148.39238723704256,-36.404959425557685],[148.39238004507013,-36.4049734],[148.39238723704256,-36.40498737444232],[148.3924046,-36.404993162845855],[148.39242196295743,-36.40498737444232],[148.39242915492986,-36.4049734]]]}},{"type":"Feature","id":"pylon-perisher-34","properties":{"kind":"pylon","name":"Lift tower","height":13},"geometry":{"type":"Polygon","coordinates":[[[148.3930992547182,-36.4043036],[148.39309206280777,-36.40428962555768],[148.3930747,-36.404283837154146],[148.39305733719223,-36.40428962555768],[148.3930501452818,-36.4043036],[148.39305733719223,-36.40431757444232],[148.3930747,-36.40432336284585],[148.39309206280777,-36.40431757444232],[148.3930992547182,-36.4043036]]]}},{"type":"Feature","id":"pylon-perisher-35","properties":{"kind":"pylon","name":"Lift tower","height":13},"geometry":{"type":"Polygon","coordinates":[[[148.3930798543794,-36.4032315],[148.3930726625682,-36.40321752555768],[148.3930553,-36.403211737154145],[148.39303793743179,-36.40321752555768],[148.39303074562056,-36.4032315],[148.39303793743179,-36.403245474442315],[148.3930553,-36.40325126284585],[148.3930726625682,-36.403245474442315],[148.3930798543794,-36.4032315]]]}},{"type":"Feature","id":"pylon-perisher-36","properties":{"kind":"pylon","name":"Lift tower","height":13},"geometry":{"type":"Polygon","coordinates":[[[148.42746805018976,-36.3899685],[148.42746085960567,-36.389954525557684],[148.4274435,-36.38994873715415],[148.42742614039435,-36.389954525557684],[148.42741894981026,-36.3899685],[148.42742614039435,-36.38998247444232],[148.4274435,-36.389988262845854],[148.42746085960567,-36.38998247444232],[148.42746805018976,-36.3899685]]]}},{"type":"Feature","id":"pylon-perisher-37","properties":{"kind":"pylon","name":"Lift tower","height":13},"geometry":{"type":"Polygon","coordinates":[[[148.42753844993894,-36.3891742],[148.4275312594283,-36.38916022555768],[148.4275139,-36.38915443715415],[148.42749654057172,-36.38916022555768],[148.42748935006108,-36.3891742],[148.42749654057172,-36.38918817444232],[148.4275139,-36.38919396284585],[148.4275312594283,-36.38918817444232],[148.42753844993894,-36.3891742]]]}},{"type":"Feature","id":"pylon-perisher-38","properties":{"kind":"pylon","name":"Lift tower","height":13},"geometry":{"type":"Polygon","coordinates":[[[148.42759274974523,-36.3885608],[148.42758555929132,-36.38854682555768],[148.4275682,-36.38854103715415],[148.42755084070868,-36.38854682555768],[148.42754365025476,-36.3885608],[148.42755084070868,-36.38857477444232],[148.4275682,-36.38858056284585],[148.42758555929132,-36.38857477444232],[148.42759274974523,-36.3885608]]]}},{"type":"Feature","id":"pylon-perisher-39","properties":{"kind":"pylon","name":"Lift tower","height":13},"geometry":{"type":"Polygon","coordinates":[[[148.42675624976872,-36.3886352],[148.42674905930795,-36.388621225557685],[148.4267317,-36.38861543715415],[148.42671434069206,-36.388621225557685],[148.4267071502313,-36.3886352],[148.42671434069206,-36.38864917444232],[148.4267317,-36.388654962845855],[148.42674905930795,-36.38864917444232],[148.42675624976872,-36.3886352]]]}},{"type":"Feature","id":"pylon-perisher-40","properties":{"kind":"pylon","name":"Lift tower","height":13},"geometry":{"type":"Polygon","coordinates":[[[148.4269792501119,-36.389722],[148.42697205955062,-36.38970802555768],[148.4269547,-36.38970223715415],[148.4269373404494,-36.38970802555768],[148.4269301498881,-36.389722],[148.4269373404494,-36.38973597444232],[148.4269547,-36.38974176284585],[148.42697205955062,-36.38973597444232],[148.4269792501119,-36.389722]]]}},{"type":"Feature","id":"pylon-perisher-41","properties":{"kind":"pylon","name":"Lift tower","height":13},"geometry":{"type":"Polygon","coordinates":[[[148.42711815032558,-36.3903986],[148.4271109597017,-36.39038462555768],[148.4270936,-36.390378837154145],[148.4270762402983,-36.39038462555768],[148.42706904967443,-36.3903986],[148.4270762402983,-36.390412574442315],[148.4270936,-36.39041836284585],[148.4271109597017,-36.390412574442315],[148.42711815032558,-36.3903986]]]}},{"type":"Feature","id":"pylon-perisher-42","properties":{"kind":"pylon","name":"Lift tower","height":13},"geometry":{"type":"Polygon","coordinates":[[[148.42194934964084,-36.3882302],[148.4219421592175,-36.388216225557684],[148.4219248,-36.38821043715415],[148.4219074407825,-36.388216225557684],[148.42190025035916,-36.3882302],[148.4219074407825,-36.38824417444232],[148.4219248,-36.388249962845855],[148.4219421592175,-36.38824417444232],[148.42194934964084,-36.3882302]]]}},{"type":"Feature","id":"pylon-perisher-43","properties":{"kind":"pylon","name":"Lift tower","height":13},"geometry":{"type":"Polygon","coordinates":[[[148.42245204975194,-36.3885821],[148.4224448592961,-36.38856812555768],[148.4224275,-36.38856233715415],[148.4224101407039,-36.38856812555768],[148.42240295024806,-36.3885821],[148.4224101407039,-36.38859607444232],[148.4224275,-36.38860186284585],[148.4224448592961,-36.38859607444232],[148.42245204975194,-36.3885821]]]}},{"type":"Feature","id":"pylon-perisher-44","properties":{"kind":"pylon","name":"Lift tower","height":13},"geometry":{"type":"Polygon","coordinates":[[[148.42333814994782,-36.3892024],[148.4233309594346,-36.389188425557684],[148.4233136,-36.38918263715415],[148.4232962405654,-36.389188425557684],[148.42328905005218,-36.3892024],[148.4232962405654,-36.38921637444232],[148.4233136,-36.389222162845854],[148.4233309594346,-36.38921637444232],[148.42333814994782,-36.3892024]]]}},{"type":"Feature","id":"pylon-perisher-45","properties":{"kind":"pylon","name":"Lift tower","height":13},"geometry":{"type":"Polygon","coordinates":[[[148.42407465011064,-36.389718],[148.4240674595497,-36.389704025557684],[148.4240501,-36.38969823715415],[148.4240327404503,-36.389704025557684],[148.42402554988934,-36.389718],[148.4240327404503,-36.38973197444232],[148.4240501,-36.389737762845854],[148.4240674595497,-36.38973197444232],[148.42407465011064,-36.389718]]]}},{"type":"Feature","id":"pylon-perisher-46","properties":{"kind":"pylon","name":"Lift tower","height":13},"geometry":{"type":"Polygon","coordinates":[[[148.4247878502683,-36.3902173],[148.4247806596612,-36.390203325557685],[148.4247633,-36.39019753715415],[148.4247459403388,-36.390203325557685],[148.4247387497317,-36.3902173],[148.4247459403388,-36.39023127444232],[148.4247633,-36.390237062845856],[148.4247806596612,-36.39023127444232],[148.4247878502683,-36.3902173]]]}},{"type":"Feature","id":"pylon-perisher-47","properties":{"kind":"pylon","name":"Lift tower","height":13},"geometry":{"type":"Polygon","coordinates":[[[148.42513595034526,-36.390461],[148.42512875971562,-36.390447025557684],[148.4251114,-36.39044123715415],[148.42509404028436,-36.390447025557684],[148.42508684965472,-36.390461],[148.42509404028436,-36.39047497444232],[148.4251114,-36.390480762845854],[148.42512875971562,-36.39047497444232],[148.42513595034526,-36.390461]]]}},{"type":"Feature","id":"pylon-perisher-48","properties":{"kind":"pylon","name":"Lift tower","height":13},"geometry":{"type":"Polygon","coordinates":[[[148.4258354504999,-36.3909507],[148.42582825982495,-36.39093672555768],[148.4258109,-36.390930937154145],[148.42579354017502,-36.39093672555768],[148.42578634950007,-36.3909507],[148.42579354017502,-36.390964674442316],[148.4258109,-36.39097046284585],[148.42582825982495,-36.390964674442316],[148.4258354504999,-36.3909507]]]}},{"type":"Feature","id":"pylon-perisher-49","properties":{"kind":"pylon","name":"Lift tower","height":13},"geometry":{"type":"Polygon","coordinates":[[[148.42618905057807,-36.3911982],[148.42618185988024,-36.39118422555768],[148.4261645,-36.391178437154146],[148.42614714011975,-36.39118422555768],[148.42613994942192,-36.3911982],[148.42614714011975,-36.391212174442316],[148.4261645,-36.39121796284585],[148.42618185988024,-36.391212174442316],[148.42618905057807,-36.3911982]]]}},{"type":"Feature","id":"pylon-perisher-50","properties":{"kind":"pylon","name":"Lift tower","height":13},"geometry":{"type":"Polygon","coordinates":[[[148.42612995068464,-36.3915356],[148.4261227599556,-36.39152162555768],[148.4261054,-36.391515837154145],[148.42608804004442,-36.39152162555768],[148.42608084931538,-36.3915356],[148.42608804004442,-36.391549574442315],[148.4261054,-36.39155536284585],[148.4261227599556,-36.391549574442315],[148.42612995068464,-36.3915356]]]}},{"type":"Feature","id":"pylon-perisher-51","properties":{"kind":"pylon","name":"Lift tower","height":13},"geometry":{"type":"Polygon","coordinates":[[[148.4256354505848,-36.3912194],[148.425628259885,-36.39120542555768],[148.4256109,-36.391199637154145],[148.42559354011502,-36.39120542555768],[148.42558634941523,-36.3912194],[148.42559354011502,-36.391233374442315],[148.4256109,-36.39123916284585],[148.425628259885,-36.391233374442315],[148.4256354505848,-36.3912194]]]}},{"type":"Feature","id":"pylon-perisher-52","properties":{"kind":"pylon","name":"Lift tower","height":13},"geometry":{"type":"Polygon","coordinates":[[[148.42483775042368,-36.3907093],[148.42483055977107,-36.39069532555768],[148.4248132,-36.390689537154145],[148.4247958402289,-36.39069532555768],[148.4247886495763,-36.3907093],[148.4247958402289,-36.390723274442315],[148.4248132,-36.39072906284585],[148.42483055977107,-36.390723274442315],[148.42483775042368,-36.3907093]]]}},{"type":"Feature","id":"pylon-perisher-53","properties":{"kind":"pylon","name":"Lift tower","height":13},"geometry":{"type":"Polygon","coordinates":[[[148.42428545031217,-36.3903561],[148.42427825969222,-36.39034212555768],[148.4242609,-36.390336337154146],[148.4242435403078,-36.39034212555768],[148.42423634968785,-36.3903561],[148.4242435403078,-36.390370074442316],[148.4242609,-36.39037586284585],[148.42427825969222,-36.390370074442316],[148.42428545031217,-36.3903561]]]}},{"type":"Feature","id":"pylon-perisher-54","properties":{"kind":"pylon","name":"Lift tower","height":13},"geometry":{"type":"Polygon","coordinates":[[[148.42294275004102,-36.3894975],[148.42293555950047,-36.38948352555768],[148.4229182,-36.389477737154145],[148.42290084049952,-36.38948352555768],[148.42289364995898,-36.3894975],[148.42290084049952,-36.389511474442315],[148.4229182,-36.38951726284585],[148.42293555950047,-36.389511474442315],[148.42294275004102,-36.3894975]]]}},{"type":"Feature","id":"pylon-perisher-55","properties":{"kind":"pylon","name":"Lift tower","height":13},"geometry":{"type":"Polygon","coordinates":[[[148.4254841507065,-36.3916048],[148.42547695997106,-36.391590825557685],[148.4254596,-36.39158503715415],[148.42544224002896,-36.391590825557685],[148.42543504929353,-36.3916048],[148.42544224002896,-36.39161877444232],[148.4254596,-36.391624562845855],[148.42547695997106,-36.39161877444232],[148.4254841507065,-36.3916048]]]}},{"type":"Feature","id":"pylon-perisher-56","properties":{"kind":"pylon","name":"Lift tower","height":13},"geometry":{"type":"Polygon","coordinates":[[[148.42546205072375,-36.3916595],[148.42545485998323,-36.391645525557685],[148.4254375,-36.39163973715415],[148.42542014001674,-36.391645525557685],[148.42541294927622,-36.3916595],[148.42542014001674,-36.39167347444232],[148.4254375,-36.391679262845855],[148.42545485998323,-36.39167347444232],[148.42546205072375,-36.3916595]]]}},{"type":"Feature","id":"pylon-perisher-57","properties":{"kind":"pylon","name":"Lift tower","height":13},"geometry":{"type":"Polygon","coordinates":[[[148.42447005061686,-36.391321],[148.42446285990766,-36.39130702555768],[148.4244455,-36.391301237154146],[148.42442814009232,-36.39130702555768],[148.42442094938312,-36.391321],[148.42442814009232,-36.391334974442316],[148.4244455,-36.39134076284585],[148.42446285990766,-36.391334974442316],[148.42447005061686,-36.391321]]]}},{"type":"Feature","id":"pylon-perisher-58","properties":{"kind":"pylon","name":"Lift tower","height":13},"geometry":{"type":"Polygon","coordinates":[[[148.4244513506347,-36.3913775],[148.42444415992028,-36.39136352555768],[148.4244268,-36.391357737154145],[148.4244094400797,-36.39136352555768],[148.42440224936527,-36.3913775],[148.4244094400797,-36.391391474442315],[148.4244268,-36.39139726284585],[148.42444415992028,-36.391391474442315],[148.4244513506347,-36.3913775]]]}},{"type":"Feature","id":"pylon-perisher-59","properties":{"kind":"pylon","name":"Lift tower","height":13},"geometry":{"type":"Polygon","coordinates":[[[148.42328635051229,-36.3909898],[148.42327915983373,-36.39097582555768],[148.4232618,-36.39097003715415],[148.4232444401663,-36.39097582555768],[148.42323724948773,-36.3909898],[148.4232444401663,-36.39100377444232],[148.4232618,-36.39100956284585],[148.42327915983373,-36.39100377444232],[148.42328635051229,-36.3909898]]]}},{"type":"Feature","id":"pylon-perisher-60","properties":{"kind":"pylon","name":"Lift tower","height":13},"geometry":{"type":"Polygon","coordinates":[[[148.42326695053032,-36.391047],[148.42325975984647,-36.39103302555768],[148.4232424,-36.39102723715415],[148.4232250401535,-36.39103302555768],[148.42321784946967,-36.391047],[148.4232250401535,-36.39106097444232],[148.4232424,-36.39106676284585],[148.42325975984647,-36.39106097444232],[148.42326695053032,-36.391047]]]}},{"type":"Feature","id":"pylon-perisher-61","properties":{"kind":"pylon","name":"Lift tower","height":13},"geometry":{"type":"Polygon","coordinates":[[[148.42220295041653,-36.3906866],[148.422195759766,-36.390672625557684],[148.4221784,-36.39066683715415],[148.42216104023402,-36.390672625557684],[148.42215384958348,-36.3906866],[148.42216104023402,-36.39070057444232],[148.4221784,-36.390706362845854],[148.422195759766,-36.39070057444232],[148.42220295041653,-36.3906866]]]}},{"type":"Feature","id":"pylon-perisher-62","properties":{"kind":"pylon","name":"Lift tower","height":13},"geometry":{"type":"Polygon","coordinates":[[[148.42218355043485,-36.3907447],[148.42217635977897,-36.39073072555768],[148.422159,-36.39072493715415],[148.422141640221,-36.39073072555768],[148.42213444956514,-36.3907447],[148.422141640221,-36.39075867444232],[148.422159,-36.39076446284585],[148.42217635977897,-36.39075867444232],[148.42218355043485,-36.3907447]]]}},{"type":"Feature","id":"pylon-perisher-63","properties":{"kind":"pylon","name":"Lift tower","height":13},"geometry":{"type":"Polygon","coordinates":[[[148.42106775031624,-36.390369],[148.4210605596951,-36.39035502555768],[148.4210432,-36.39034923715415],[148.42102584030494,-36.39035502555768],[148.4210186496838,-36.390369],[148.42102584030494,-36.39038297444232],[148.4210432,-36.39038876284585],[148.4210605596951,-36.39038297444232],[148.42106775031624,-36.390369]]]}},{"type":"Feature","id":"pylon-perisher-64","properties":{"kind":"pylon","name":"Lift tower","height":13},"geometry":{"type":"Polygon","coordinates":[[[148.42104475033452,-36.390427],[148.42103755970803,-36.390413025557685],[148.4210202,-36.39040723715415],[148.42100284029195,-36.390413025557685],[148.42099564966546,-36.390427],[148.42100284029195,-36.39044097444232],[148.4210202,-36.390446762845855],[148.42103755970803,-36.39044097444232],[148.42104475033452,-36.390427]]]}},{"type":"Feature","id":"pylon-perisher-65","properties":{"kind":"pylon","name":"Lift tower","height":13},"geometry":{"type":"Polygon","coordinates":[[[148.42041495025853,-36.3901863],[148.4204077596543,-36.390172325557685],[148.4203904,-36.39016653715415],[148.4203730403457,-36.390172325557685],[148.42036584974147,-36.3901863],[148.4203730403457,-36.39020027444232],[148.4203904,-36.390206062845856],[148.4204077596543,-36.39020027444232],[148.42041495025853,-36.3901863]]]}},{"type":"Feature","id":"pylon-perisher-66","properties":{"kind":"pylon","name":"Lift tower","height":13},"geometry":{"type":"Polygon","coordinates":[[[148.42038885027674,-36.390244],[148.42038165966716,-36.390230025557685],[148.4203643,-36.39022423715415],[148.42034694033282,-36.390230025557685],[148.42033974972324,-36.390244],[148.42034694033282,-36.39025797444232],[148.4203643,-36.390263762845855],[148.42038165966716,-36.39025797444232],[148.42038885027674,-36.390244]]]}},{"type":"Feature","id":"pylon-perisher-67","properties":{"kind":"pylon","name":"Lift tower","height":13},"geometry":{"type":"Polygon","coordinates":[[[148.41962735018893,-36.3899659],[148.41962015960507,-36.38995192555768],[148.4196028,-36.38994613715415],[148.41958544039494,-36.38995192555768],[148.41957824981108,-36.3899659],[148.41958544039494,-36.38997987444232],[148.4196028,-36.38998566284585],[148.41962015960507,-36.38997987444232],[148.41962735018893,-36.3899659]]]}},{"type":"Feature","id":"pylon-perisher-68","properties":{"kind":"pylon","name":"Lift tower","height":13},"geometry":{"type":"Polygon","coordinates":[[[148.41960965020806,-36.3900265],[148.4196024596186,-36.39001252555768],[148.4195851,-36.390006737154145],[148.4195677403814,-36.39001252555768],[148.41956054979195,-36.3900265],[148.4195677403814,-36.390040474442316],[148.4195851,-36.39004626284585],[148.4196024596186,-36.390040474442316],[148.41960965020806,-36.3900265]]]}},{"type":"Feature","id":"pylon-perisher-69","properties":{"kind":"pylon","name":"Lift tower","height":13},"geometry":{"type":"Polygon","coordinates":[[[148.4189468501288,-36.3897755],[148.41893965956254,-36.38976152555768],[148.4189223,-36.38975573715415],[148.41890494043744,-36.38976152555768],[148.41889774987118,-36.3897755],[148.41890494043744,-36.38978947444232],[148.4189223,-36.38979526284585],[148.41893965956254,-36.38978947444232],[148.4189468501288,-36.3897755]]]}},{"type":"Feature","id":"pylon-perisher-70","properties":{"kind":"pylon","name":"Lift tower","height":13},"geometry":{"type":"Polygon","coordinates":[[[148.4189223501475,-36.3898348],[148.4189151595758,-36.389820825557685],[148.4188978,-36.38981503715415],[148.4188804404242,-36.389820825557685],[148.41887324985248,-36.3898348],[148.4188804404242,-36.38984877444232],[148.4188978,-36.389854562845855],[148.4189151595758,-36.38984877444232],[148.4189223501475,-36.3898348]]]}},{"type":"Feature","id":"pylon-perisher-71","properties":{"kind":"pylon","name":"Lift tower","height":13},"geometry":{"type":"Polygon","coordinates":[[[148.42435265095736,-36.3923991],[148.42434546014843,-36.39238512555768],[148.4243281,-36.392379337154146],[148.42431073985156,-36.39238512555768],[148.42430354904263,-36.3923991],[148.42431073985156,-36.39241307444232],[148.4243281,-36.39241886284585],[148.42434546014843,-36.39241307444232],[148.42435265095736,-36.3923991]]]}},{"type":"Feature","id":"pylon-perisher-72","properties":{"kind":"pylon","name":"Lift tower","height":13},"geometry":{"type":"Polygon","coordinates":[[[148.4238177509692,-36.3924366],[148.4238105601568,-36.392422625557685],[148.4237932,-36.39241683715415],[148.42377583984322,-36.392422625557685],[148.42376864903082,-36.3924366],[148.42377583984322,-36.39245057444232],[148.4237932,-36.392456362845856],[148.4238105601568,-36.39245057444232],[148.4238177509692,-36.3924366]]]}},{"type":"Feature","id":"pylon-perisher-73","properties":{"kind":"pylon","name":"Lift tower","height":13},"geometry":{"type":"Polygon","coordinates":[[[148.42248395099872,-36.3925301],[148.4224767601777,-36.392516125557684],[148.4224594,-36.39251033715415],[148.42244203982233,-36.392516125557684],[148.4224348490013,-36.3925301],[148.42244203982233,-36.39254407444232],[148.4224594,-36.392549862845854],[148.4224767601777,-36.39254407444232],[148.42248395099872,-36.3925301]]]}},{"type":"Feature","id":"pylon-perisher-74","properties":{"kind":"pylon","name":"Lift tower","height":13},"geometry":{"type":"Polygon","coordinates":[[[148.42156125101914,-36.3925948],[148.4215540601921,-36.39258082555768],[148.4215367,-36.392575037154145],[148.42151933980787,-36.39258082555768],[148.42151214898084,-36.3925948],[148.42151933980787,-36.392608774442316],[148.4215367,-36.39261456284585],[148.4215540601921,-36.392608774442316],[148.42156125101914,-36.3925948]]]}},{"type":"Feature","id":"pylon-perisher-75","properties":{"kind":"pylon","name":"Lift tower","height":13},"geometry":{"type":"Polygon","coordinates":[[[148.42099845103164,-36.3926343],[148.42099126020096,-36.39262032555768],[148.4209739,-36.392614537154145],[148.42095653979905,-36.39262032555768],[148.42094934896838,-36.3926343],[148.42095653979905,-36.392648274442315],[148.4209739,-36.39265406284585],[148.42099126020096,-36.392648274442315],[148.42099845103164,-36.3926343]]]}},{"type":"Feature","id":"pylon-perisher-76","properties":{"kind":"pylon","name":"Lift tower","height":13},"geometry":{"type":"Polygon","coordinates":[[[148.42017665104981,-36.3926919],[148.4201694602138,-36.392677925557685],[148.4201521,-36.39267213715415],[148.4201347397862,-36.392677925557685],[148.42012754895018,-36.3926919],[148.4201347397862,-36.39270587444232],[148.4201521,-36.392711662845855],[148.4201694602138,-36.39270587444232],[148.42017665104981,-36.3926919]]]}},{"type":"Feature","id":"pylon-perisher-77","properties":{"kind":"pylon","name":"Lift tower","height":13},"geometry":{"type":"Polygon","coordinates":[[[148.41957025106322,-36.3927344],[148.41956306022328,-36.392720425557684],[148.4195457,-36.39271463715415],[148.4195283397767,-36.392720425557684],[148.41952114893675,-36.3927344],[148.4195283397767,-36.39274837444232],[148.4195457,-36.392754162845854],[148.41956306022328,-36.39274837444232],[148.41957025106322,-36.3927344]]]}},{"type":"Feature","id":"pylon-perisher-78","properties":{"kind":"pylon","name":"Lift tower","height":13},"geometry":{"type":"Polygon","coordinates":[[[148.41859485108486,-36.3928028],[148.4185876602386,-36.39278882555768],[148.4185703,-36.392783037154146],[148.4185529397614,-36.39278882555768],[148.41854574891514,-36.3928028],[148.4185529397614,-36.392816774442316],[148.4185703,-36.39282256284585],[148.4185876602386,-36.392816774442316],[148.41859485108486,-36.3928028]]]}},{"type":"Feature","id":"pylon-perisher-79","properties":{"kind":"pylon","name":"Lift tower","height":13},"geometry":{"type":"Polygon","coordinates":[[[148.41810505109572,-36.3928372],[148.41809786024626,-36.392823225557684],[148.4180805,-36.39281743715415],[148.41806313975374,-36.392823225557684],[148.41805594890428,-36.3928372],[148.41806313975374,-36.39285117444232],[148.4180805,-36.392856962845855],[148.41809786024626,-36.39285117444232],[148.41810505109572,-36.3928372]]]}},{"type":"Feature","id":"pylon-perisher-80","properties":{"kind":"pylon","name":"Lift tower","height":13},"geometry":{"type":"Polygon","coordinates":[[[148.41644345190173,-36.3953891],[148.4164362608162,-36.395375125557685],[148.4164189,-36.39536933715415],[148.4164015391838,-36.395375125557685],[148.41639434809827,-36.3953891],[148.4164015391838,-36.39540307444232],[148.4164189,-36.395408862845855],[148.4164362608162,-36.39540307444232],[148.41644345190173,-36.3953891]]]}},{"type":"Feature","id":"pylon-perisher-81","properties":{"kind":"pylon","name":"Lift tower","height":13},"geometry":{"type":"Polygon","coordinates":[[[148.41581745209422,-36.3959984],[148.41581026095233,-36.395984425557685],[148.4157929,-36.39597863715415],[148.4157755390477,-36.395984425557685],[148.4157683479058,-36.3959984],[148.4157755390477,-36.39601237444232],[148.4157929,-36.396018162845856],[148.41581026095233,-36.39601237444232],[148.41581745209422,-36.3959984]]]}},{"type":"Feature","id":"pylon-perisher-82","properties":{"kind":"pylon","name":"Lift tower","height":13},"geometry":{"type":"Polygon","coordinates":[[[148.41528845225685,-36.3965132],[148.4152812610673,-36.39649922555768],[148.4152639,-36.39649343715415],[148.41524653893273,-36.39649922555768],[148.41523934774318,-36.3965132],[148.41524653893273,-36.39652717444232],[148.4152639,-36.39653296284585],[148.4152812610673,-36.39652717444232],[148.41528845225685,-36.3965132]]]}},{"type":"Feature","id":"pylon-perisher-83","properties":{"kind":"pylon","name":"Lift tower","height":13},"geometry":{"type":"Polygon","coordinates":[[[148.4148646523871,-36.3969257],[148.41485746115941,-36.39691172555768],[148.4148401,-36.396905937154145],[148.41482273884057,-36.39691172555768],[148.41481554761287,-36.3969257],[148.41482273884057,-36.396939674442315],[148.4148401,-36.39694546284585],[148.41485746115941,-36.396939674442315],[148.4148646523871,-36.3969257]]]}},{"type":"Feature","id":"pylon-perisher-84","properties":{"kind":"pylon","name":"Lift tower","height":13},"geometry":{"type":"Polygon","coordinates":[[[148.41425855257347,-36.3975156],[148.4142513612912,-36.39750162555768],[148.414234,-36.397495837154146],[148.41421663870878,-36.39750162555768],[148.41420944742651,-36.3975156],[148.41421663870878,-36.397529574442316],[148.414234,-36.39753536284585],[148.4142513612912,-36.397529574442316],[148.41425855257347,-36.3975156]]]}},{"type":"Feature","id":"pylon-perisher-85","properties":{"kind":"pylon","name":"Lift tower","height":13},"geometry":{"type":"Polygon","coordinates":[[[148.41377105272338,-36.3979901],[148.4137638613972,-36.39797612555768],[148.4137465,-36.39797033715415],[148.4137291386028,-36.39797612555768],[148.41372194727663,-36.3979901],[148.4137291386028,-36.39800407444232],[148.4137465,-36.39800986284585],[148.4137638613972,-36.39800407444232],[148.41377105272338,-36.3979901]]]}},{"type":"Feature","id":"pylon-perisher-86","properties":{"kind":"pylon","name":"Lift tower","height":13},"geometry":{"type":"Polygon","coordinates":[[[148.41323525288811,-36.3985115],[148.41322806151368,-36.39849752555768],[148.4132107,-36.398491737154146],[148.41319333848634,-36.39849752555768],[148.4131861471119,-36.3985115],[148.41319333848634,-36.398525474442316],[148.4132107,-36.39853126284585],[148.41322806151368,-36.398525474442316],[148.41323525288811,-36.3985115]]]}},{"type":"Feature","id":"pylon-perisher-87","properties":{"kind":"pylon","name":"Lift tower","height":13},"geometry":{"type":"Polygon","coordinates":[[[148.41273445304208,-36.3989989],[148.41272726162256,-36.398984925557684],[148.4127099,-36.39897913715415],[148.41269253837746,-36.398984925557684],[148.41268534695794,-36.3989989],[148.41269253837746,-36.39901287444232],[148.4127099,-36.399018662845855],[148.41272726162256,-36.39901287444232],[148.41273445304208,-36.3989989]]]}},{"type":"Feature","id":"pylon-perisher-88","properties":{"kind":"pylon","name":"Lift tower","height":13},"geometry":{"type":"Polygon","coordinates":[[[148.4122549531895,-36.3994655],[148.41224776172677,-36.39945152555768],[148.4122304,-36.399445737154146],[148.41221303827322,-36.39945152555768],[148.4122058468105,-36.3994655],[148.41221303827322,-36.399479474442316],[148.4122304,-36.39948526284585],[148.41224776172677,-36.399479474442316],[148.4122549531895,-36.3994655]]]}},{"type":"Feature","id":"pylon-perisher-89","properties":{"kind":"pylon","name":"Lift tower","height":13},"geometry":{"type":"Polygon","coordinates":[[[148.41033215331478,-36.399862],[148.41032496181538,-36.39984802555768],[148.4103076,-36.39984223715415],[148.41029023818464,-36.39984802555768],[148.41028304668524,-36.399862],[148.41029023818464,-36.39987597444232],[148.4103076,-36.39988176284585],[148.41032496181538,-36.39987597444232],[148.41033215331478,-36.399862]]]}},{"type":"Feature","id":"pylon-perisher-90","properties":{"kind":"pylon","name":"Lift tower","height":13},"geometry":{"type":"Polygon","coordinates":[[[148.40957655348984,-36.4004162],[148.40956936193916,-36.400402225557684],[148.409552,-36.40039643715415],[148.40953463806082,-36.400402225557684],[148.40952744651014,-36.4004162],[148.40953463806082,-36.40043017444232],[148.409552,-36.400435962845854],[148.40956936193916,-36.40043017444232],[148.40957655348984,-36.4004162]]]}},{"type":"Feature","id":"pylon-perisher-91","properties":{"kind":"pylon","name":"Lift tower","height":13},"geometry":{"type":"Polygon","coordinates":[[[148.4089001536466,-36.4009124],[148.40889296205003,-36.400898425557685],[148.4088756,-36.40089263715415],[148.40885823794994,-36.400898425557685],[148.40885104635336,-36.4009124],[148.40885823794994,-36.40092637444232],[148.4088756,-36.400932162845855],[148.40889296205003,-36.40092637444232],[148.4089001536466,-36.4009124]]]}},{"type":"Feature","id":"pylon-perisher-92","properties":{"kind":"pylon","name":"Lift tower","height":13},"geometry":{"type":"Polygon","coordinates":[[[148.4085469537285,-36.4011714],[148.40853976210792,-36.401157425557685],[148.4085224,-36.40115163715415],[148.4085050378921,-36.401157425557685],[148.40849784627153,-36.4011714],[148.4085050378921,-36.40118537444232],[148.4085224,-36.401191162845855],[148.40853976210792,-36.40118537444232],[148.4085469537285,-36.4011714]]]}},{"type":"Feature","id":"pylon-perisher-93","properties":{"kind":"pylon","name":"Lift tower","height":13},"geometry":{"type":"Polygon","coordinates":[[[148.40780905389948,-36.4017127],[148.40780186222884,-36.40169872555768],[148.4077845,-36.401692937154145],[148.40776713777115,-36.40169872555768],[148.4077599461005,-36.4017127],[148.40776713777115,-36.401726674442315],[148.4077845,-36.40173246284585],[148.40780186222884,-36.401726674442315],[148.40780905389948,-36.4017127]]]}},{"type":"Feature","id":"pylon-perisher-94","properties":{"kind":"pylon","name":"Lift tower","height":13},"geometry":{"type":"Polygon","coordinates":[[[148.40734895400612,-36.4020502],[148.40734176230424,-36.40203622555768],[148.4073244,-36.402030437154146],[148.40730703769574,-36.40203622555768],[148.40729984599386,-36.4020502],[148.40730703769574,-36.402064174442316],[148.4073244,-36.40206996284585],[148.40734176230424,-36.402064174442316],[148.40734895400612,-36.4020502]]]}},{"type":"Feature","id":"pylon-perisher-95","properties":{"kind":"pylon","name":"Lift tower","height":13},"geometry":{"type":"Polygon","coordinates":[[[148.40974745448096,-36.4035529],[148.40974026264,-36.40353892555768],[148.4097229,-36.40353313715415],[148.40970553735997,-36.40353892555768],[148.40969834551902,-36.4035529],[148.40970553735997,-36.40356687444232],[148.4097229,-36.40357266284585],[148.40974026264,-36.40356687444232],[148.40974745448096,-36.4035529]]]}},{"type":"Feature","id":"pylon-perisher-96","properties":{"kind":"pylon","name":"Lift tower","height":13},"geometry":{"type":"Polygon","coordinates":[[[148.40960875460237,-36.403937],[148.40960156272584,-36.40392302555768],[148.4095842,-36.40391723715415],[148.40956683727418,-36.40392302555768],[148.40955964539765,-36.403937],[148.40956683727418,-36.40395097444232],[148.4095842,-36.40395676284585],[148.40960156272584,-36.40395097444232],[148.40960875460237,-36.403937]]]}},{"type":"Feature","id":"pylon-perisher-97","properties":{"kind":"pylon","name":"Lift tower","height":13},"geometry":{"type":"Polygon","coordinates":[[[148.40854915442378,-36.4033719],[148.40854196259957,-36.403357925557685],[148.4085246,-36.40335213715415],[148.4085072374004,-36.403357925557685],[148.4085000455762,-36.4033719],[148.4085072374004,-36.40338587444232],[148.4085246,-36.403391662845856],[148.40854196259957,-36.40338587444232],[148.40854915442378,-36.4033719]]]}},{"type":"Feature","id":"pylon-perisher-98","properties":{"kind":"pylon","name":"Lift tower","height":13},"geometry":{"type":"Polygon","coordinates":[[[148.40787895431083,-36.4030145],[148.4078717625197,-36.40300052555768],[148.4078544,-36.402994737154145],[148.40783703748028,-36.40300052555768],[148.40782984568915,-36.4030145],[148.40783703748028,-36.403028474442316],[148.4078544,-36.40303426284585],[148.4078717625197,-36.403028474442316],[148.40787895431083,-36.4030145]]]}},{"type":"Feature","id":"pylon-perisher-99","properties":{"kind":"pylon","name":"Lift tower","height":13},"geometry":{"type":"Polygon","coordinates":[[[148.40652685408273,-36.4022926],[148.40651966235842,-36.402278625557685],[148.4065023,-36.40227283715415],[148.40648493764158,-36.402278625557685],[148.40647774591727,-36.4022926],[148.40648493764158,-36.40230657444232],[148.4065023,-36.402312362845855],[148.40651966235842,-36.40230657444232],[148.40652685408273,-36.4022926]]]}},{"type":"Feature","id":"pylon-perisher-100","properties":{"kind":"pylon","name":"Lift tower","height":13},"geometry":{"type":"Polygon","coordinates":[[[148.40682845530634,-36.4061646],[148.40682126322363,-36.40615062555768],[148.4068039,-36.406144837154145],[148.40678653677637,-36.40615062555768],[148.40677934469366,-36.4061646],[148.40678653677637,-36.406178574442315],[148.4068039,-36.40618436284585],[148.40682126322363,-36.406178574442315],[148.40682845530634,-36.4061646]]]}},{"type":"Feature","id":"pylon-perisher-101","properties":{"kind":"pylon","name":"Lift tower","height":13},"geometry":{"type":"Polygon","coordinates":[[[148.40677535531972,-36.406207],[148.4067681632331,-36.406193025557684],[148.4067508,-36.40618723715415],[148.4067334367669,-36.406193025557684],[148.40672624468027,-36.406207],[148.4067334367669,-36.40622097444232],[148.4067508,-36.406226762845854],[148.4067681632331,-36.40622097444232],[148.40677535531972,-36.406207]]]}},{"type":"Feature","id":"pylon-perisher-102","properties":{"kind":"pylon","name":"Lift tower","height":13},"geometry":{"type":"Polygon","coordinates":[[[148.40613635512688,-36.4055968],[148.40612916309672,-36.40558282555768],[148.4061118,-36.405577037154146],[148.40609443690326,-36.40558282555768],[148.4060872448731,-36.4055968],[148.40609443690326,-36.405610774442316],[148.4061118,-36.40561656284585],[148.40612916309672,-36.405610774442316],[148.40613635512688,-36.4055968]]]}},{"type":"Feature","id":"pylon-perisher-103","properties":{"kind":"pylon","name":"Lift tower","height":13},"geometry":{"type":"Polygon","coordinates":[[[148.40620615511418,-36.4055566],[148.40619896308775,-36.40554262555768],[148.4061816,-36.405536837154145],[148.40616423691225,-36.40554262555768],[148.40615704488582,-36.4055566],[148.40616423691225,-36.405570574442315],[148.4061816,-36.40557636284585],[148.40619896308775,-36.405570574442315],[148.40620615511418,-36.4055566]]]}},{"type":"Feature","id":"pylon-perisher-104","properties":{"kind":"pylon","name":"Lift tower","height":13},"geometry":{"type":"Polygon","coordinates":[[[148.40549935493468,-36.4049886],[148.40549216296083,-36.404974625557685],[148.4054748,-36.40496883715415],[148.4054574370392,-36.404974625557685],[148.40545024506534,-36.4049886],[148.4054574370392,-36.40500257444232],[148.4054748,-36.405008362845855],[148.40549216296083,-36.40500257444232],[148.40549935493468,-36.4049886]]]}},{"type":"Feature","id":"pylon-perisher-105","properties":{"kind":"pylon","name":"Lift tower","height":13},"geometry":{"type":"Polygon","coordinates":[[[148.40557385491888,-36.4049387],[148.40556666294967,-36.404924725557684],[148.4055493,-36.40491893715415],[148.4055319370503,-36.404924725557684],[148.4055247450811,-36.4049387],[148.4055319370503,-36.40495267444232],[148.4055493,-36.404958462845855],[148.40556666294967,-36.40495267444232],[148.40557385491888,-36.4049387]]]}},{"type":"Feature","id":"pylon-perisher-106","properties":{"kind":"pylon","name":"Lift tower","height":13},"geometry":{"type":"Polygon","coordinates":[[[148.40503185479358,-36.4045421],[148.40502466286105,-36.40452812555768],[148.4050073,-36.40452233715415],[148.40498993713894,-36.40452812555768],[148.4049827452064,-36.4045421],[148.40498993713894,-36.40455607444232],[148.4050073,-36.40456186284585],[148.40502466286105,-36.40455607444232],[148.40503185479358,-36.4045421]]]}},{"type":"Feature","id":"pylon-perisher-107","properties":{"kind":"pylon","name":"Lift tower","height":13},"geometry":{"type":"Polygon","coordinates":[[[148.40511875477836,-36.4044939],[148.4051115628503,-36.40447992555768],[148.4050942,-36.404474137154146],[148.40507683714972,-36.40447992555768],[148.40506964522166,-36.4044939],[148.40507683714972,-36.40450787444232],[148.4050942,-36.40451366284585],[148.4051115628503,-36.40450787444232],[148.40511875477836,-36.4044939]]]}},{"type":"Feature","id":"pylon-perisher-108","properties":{"kind":"pylon","name":"Lift tower","height":13},"geometry":{"type":"Polygon","coordinates":[[[148.40465345467942,-36.4041808],[148.40464626278032,-36.40416682555768],[148.4046289,-36.40416103715415],[148.4046115372197,-36.40416682555768],[148.4046043453206,-36.4041808],[148.4046115372197,-36.40419477444232],[148.4046289,-36.40420056284585],[148.40464626278032,-36.40419477444232],[148.40465345467942,-36.4041808]]]}},{"type":"Feature","id":"pylon-perisher-109","properties":{"kind":"pylon","name":"Lift tower","height":13},"geometry":{"type":"Polygon","coordinates":[[[148.40474055466157,-36.4041244],[148.40473336276773,-36.40411042555768],[148.404716,-36.40410463715415],[148.4046986372323,-36.40411042555768],[148.40469144533844,-36.4041244],[148.4046986372323,-36.40413837444232],[148.404716,-36.40414416284585],[148.40473336276773,-36.40413837444232],[148.40474055466157,-36.4041244]]]}},{"type":"Feature","id":"pylon-perisher-110","properties":{"kind":"pylon","name":"Lift tower","height":13},"geometry":{"type":"Polygon","coordinates":[[[148.40395905446985,-36.4035177],[148.40395186263214,-36.403503725557684],[148.4039345,-36.40349793715415],[148.40391713736784,-36.403503725557684],[148.40390994553013,-36.4035177],[148.40391713736784,-36.40353167444232],[148.4039345,-36.403537462845854],[148.40395186263214,-36.40353167444232],[148.40395905446985,-36.4035177]]]}},{"type":"Feature","id":"pylon-perisher-111","properties":{"kind":"pylon","name":"Lift tower","height":13},"geometry":{"type":"Polygon","coordinates":[[[148.40406535445308,-36.4034646],[148.40405816262026,-36.40345062555768],[148.4040408,-36.40344483715415],[148.40402343737972,-36.40345062555768],[148.4040162455469,-36.4034646],[148.40402343737972,-36.40347857444232],[148.4040408,-36.40348436284585],[148.40405816262026,-36.40347857444232],[148.40406535445308,-36.4034646]]]}},{"type":"Feature","id":"pylon-perisher-112","properties":{"kind":"pylon","name":"Lift tower","height":13},"geometry":{"type":"Polygon","coordinates":[[[148.40348715432748,-36.4030671],[148.40347996253146,-36.40305312555768],[148.4034626,-36.40304733715415],[148.40344523746856,-36.40305312555768],[148.40343804567254,-36.4030671],[148.40344523746856,-36.40308107444232],[148.4034626,-36.40308686284585],[148.40347996253146,-36.40308107444232],[148.40348715432748,-36.4030671]]]}},{"type":"Feature","id":"pylon-perisher-113","properties":{"kind":"pylon","name":"Lift tower","height":13},"geometry":{"type":"Polygon","coordinates":[[[148.40359375430745,-36.4030038],[148.40358656251732,-36.40298982555768],[148.4035692,-36.40298403715415],[148.40355183748267,-36.40298982555768],[148.40354464569253,-36.4030038],[148.40355183748267,-36.40301777444232],[148.4035692,-36.40302356284585],[148.40358656251732,-36.40301777444232],[148.40359375430745,-36.4030038]]]}},{"type":"Feature","id":"pylon-perisher-114","properties":{"kind":"pylon","name":"Lift tower","height":13},"geometry":{"type":"Polygon","coordinates":[[[148.4058768553586,-36.40633],[148.40586966326057,-36.40631602555768],[148.4058523,-36.406310237154145],[148.4058349367394,-36.40631602555768],[148.40582774464139,-36.40633],[148.4058349367394,-36.406343974442315],[148.4058523,-36.40634976284585],[148.40586966326057,-36.406343974442315],[148.4058768553586,-36.40633]]]}},{"type":"Feature","id":"pylon-perisher-115","properties":{"kind":"pylon","name":"Lift tower","height":13},"geometry":{"type":"Polygon","coordinates":[[[148.40526415528475,-36.4060964],[148.40525696320836,-36.406082425557685],[148.4052396,-36.40607663715415],[148.40522223679162,-36.406082425557685],[148.40521504471522,-36.4060964],[148.40522223679162,-36.40611037444232],[148.4052396,-36.406116162845855],[148.40525696320836,-36.40611037444232],[148.40526415528475,-36.4060964]]]}},{"type":"Feature","id":"pylon-perisher-116","properties":{"kind":"pylon","name":"Lift tower","height":13},"geometry":{"type":"Polygon","coordinates":[[[148.404469455189,-36.4057934],[148.40446226314066,-36.40577942555768],[148.4044449,-36.40577363715415],[148.40442753685932,-36.40577942555768],[148.40442034481097,-36.4057934],[148.40442753685932,-36.40580737444232],[148.4044449,-36.40581316284585],[148.40446226314066,-36.40580737444232],[148.404469455189,-36.4057934]]]}},{"type":"Feature","id":"pylon-perisher-117","properties":{"kind":"pylon","name":"Lift tower","height":13},"geometry":{"type":"Polygon","coordinates":[[[148.40389505511982,-36.4055744],[148.40388786309174,-36.40556042555768],[148.4038705,-36.40555463715415],[148.40385313690828,-36.40556042555768],[148.4038459448802,-36.4055744],[148.40385313690828,-36.40558837444232],[148.4038705,-36.40559416284585],[148.40388786309174,-36.40558837444232],[148.40389505511982,-36.4055744]]]}},{"type":"Feature","id":"pylon-perisher-118","properties":{"kind":"pylon","name":"Lift tower","height":13},"geometry":{"type":"Polygon","coordinates":[[[148.40298655501033,-36.405228],[148.4029793630143,-36.40521402555768],[148.402962,-36.40520823715415],[148.4029446369857,-36.40521402555768],[148.40293744498967,-36.405228],[148.4029446369857,-36.40524197444232],[148.402962,-36.40524776284585],[148.4029793630143,-36.40524197444232],[148.40298655501033,-36.405228]]]}},{"type":"Feature","id":"pylon-perisher-119","properties":{"kind":"pylon","name":"Lift tower","height":13},"geometry":{"type":"Polygon","coordinates":[[[148.40240895494074,-36.4050078],[148.4024017629651,-36.40499382555768],[148.4023844,-36.40498803715415],[148.40236703703488,-36.40499382555768],[148.40235984505924,-36.4050078],[148.40236703703488,-36.40502177444232],[148.4023844,-36.40502756284585],[148.4024017629651,-36.40502177444232],[148.40240895494074,-36.4050078]]]}},{"type":"Feature","id":"pylon-perisher-120","properties":{"kind":"pylon","name":"Lift tower","height":13},"geometry":{"type":"Polygon","coordinates":[[[148.40170425485584,-36.4047392],[148.40169706290507,-36.404725225557684],[148.4016797,-36.40471943715415],[148.4016623370949,-36.404725225557684],[148.40165514514413,-36.4047392],[148.4016623370949,-36.40475317444232],[148.4016797,-36.404758962845854],[148.40169706290507,-36.40475317444232],[148.40170425485584,-36.4047392]]]}},{"type":"Feature","id":"pylon-perisher-121","properties":{"kind":"pylon","name":"Lift tower","height":13},"geometry":{"type":"Polygon","coordinates":[[[148.40273995585912,-36.4079136],[148.4027327636145,-36.40789962555768],[148.4027154,-36.40789383715415],[148.40269803638552,-36.40789962555768],[148.4026908441409,-36.4079136],[148.40269803638552,-36.40792757444232],[148.4027154,-36.40793336284585],[148.4027327636145,-36.40792757444232],[148.40273995585912,-36.4079136]]]}},{"type":"Feature","id":"pylon-perisher-122","properties":{"kind":"pylon","name":"Lift tower","height":13},"geometry":{"type":"Polygon","coordinates":[[[148.40218925555766,-36.4069599],[148.40218206340134,-36.40694592555768],[148.4021647,-36.406940137154145],[148.40214733659863,-36.40694592555768],[148.4021401444423,-36.4069599],[148.40214733659863,-36.406973874442315],[148.4021647,-36.40697966284585],[148.40218206340134,-36.406973874442315],[148.40218925555766,-36.4069599]]]}},{"type":"Feature","id":"pylon-perisher-123","properties":{"kind":"pylon","name":"Lift tower","height":13},"geometry":{"type":"Polygon","coordinates":[[[148.40172525530377,-36.4061565],[148.4017180632218,-36.406142525557684],[148.4017007,-36.40613673715415],[148.40168333677818,-36.406142525557684],[148.4016761446962,-36.4061565],[148.40168333677818,-36.40617047444232],[148.4017007,-36.406176262845854],[148.4017180632218,-36.40617047444232],[148.40172525530377,-36.4061565]]]}},{"type":"Feature","id":"pylon-perisher-124","properties":{"kind":"pylon","name":"Lift tower","height":13},"geometry":{"type":"Polygon","coordinates":[[[148.40117145500074,-36.4051977],[148.40116426300753,-36.405183725557684],[148.4011469,-36.40517793715415],[148.40112953699244,-36.405183725557684],[148.40112234499924,-36.4051977],[148.40112953699244,-36.40521167444232],[148.4011469,-36.405217462845854],[148.40116426300753,-36.40521167444232],[148.40117145500074,-36.4051977]]]}},{"type":"Feature","id":"pylon-perisher-125","properties":{"kind":"pylon","name":"Lift tower","height":13},"geometry":{"type":"Polygon","coordinates":[[[148.40106565494284,-36.4050145],[148.4010584629666,-36.40500052555768],[148.4010411,-36.40499473715415],[148.40102373703337,-36.40500052555768],[148.40101654505713,-36.4050145],[148.40102373703337,-36.40502847444232],[148.4010411,-36.40503426284585],[148.4010584629666,-36.40502847444232],[148.40106565494284,-36.4050145]]]}},{"type":"Feature","id":"pylon-perisher-126","properties":{"kind":"pylon","name":"Lift tower","height":13},"geometry":{"type":"Polygon","coordinates":[[[148.40087985484112,-36.4046926],[148.40087266289467,-36.40467862555768],[148.4008553,-36.404672837154145],[148.4008379371053,-36.40467862555768],[148.40083074515886,-36.4046926],[148.4008379371053,-36.404706574442315],[148.4008553,-36.40471236284585],[148.40087266289467,-36.404706574442315],[148.40087985484112,-36.4046926]]]}},{"type":"Feature","id":"pylon-perisher-127","properties":{"kind":"pylon","name":"Lift tower","height":13},"geometry":{"type":"Polygon","coordinates":[[[148.39829405599394,-36.4083402],[148.39828686370984,-36.40832622555768],[148.3982695,-36.408320437154146],[148.39825213629015,-36.40832622555768],[148.39824494400605,-36.4083402],[148.39825213629015,-36.408354174442316],[148.3982695,-36.40835996284585],[148.39828686370984,-36.408354174442316],[148.39829405599394,-36.4083402]]]}},{"type":"Feature","id":"pylon-perisher-128","properties":{"kind":"pylon","name":"Lift tower","height":13},"geometry":{"type":"Polygon","coordinates":[[[148.3982784558101,-36.4077586],[148.39827126357983,-36.40774462555768],[148.3982539,-36.40773883715415],[148.39823653642014,-36.40774462555768],[148.39822934418987,-36.4077586],[148.39823653642014,-36.40777257444232],[148.3982539,-36.40777836284585],[148.39827126357983,-36.40777257444232],[148.3982784558101,-36.4077586]]]}},{"type":"Feature","id":"pylon-perisher-129","properties":{"kind":"pylon","name":"Lift tower","height":13},"geometry":{"type":"Polygon","coordinates":[[[148.39826185561574,-36.4071436],[148.3982546634424,-36.40712962555768],[148.3982373,-36.407123837154145],[148.3982199365576,-36.40712962555768],[148.39821274438427,-36.4071436],[148.3982199365576,-36.407157574442316],[148.3982373,-36.40716336284585],[148.3982546634424,-36.407157574442316],[148.39826185561574,-36.4071436]]]}},{"type":"Feature","id":"pylon-perisher-130","properties":{"kind":"pylon","name":"Lift tower","height":13},"geometry":{"type":"Polygon","coordinates":[[[148.39824235538572,-36.4064158],[148.39823516327976,-36.40640182555768],[148.3982178,-36.406396037154146],[148.39820043672023,-36.40640182555768],[148.39819324461428,-36.4064158],[148.39820043672023,-36.406429774442316],[148.3982178,-36.40643556284585],[148.39823516327976,-36.406429774442316],[148.39824235538572,-36.4064158]]]}},{"type":"Feature","id":"pylon-perisher-131","properties":{"kind":"pylon","name":"Lift tower","height":13},"geometry":{"type":"Polygon","coordinates":[[[148.39821905511263,-36.4055517],[148.39821186308663,-36.40553772555768],[148.3981945,-36.405531937154144],[148.39817713691335,-36.40553772555768],[148.39816994488734,-36.4055517],[148.39817713691335,-36.405565674442315],[148.3981945,-36.40557146284585],[148.39821186308663,-36.405565674442315],[148.39821905511263,-36.4055517]]]}},{"type":"Feature","id":"pylon-perisher-132","properties":{"kind":"pylon","name":"Lift tower","height":13},"geometry":{"type":"Polygon","coordinates":[[[148.39819555483638,-36.4046776],[148.39818836289132,-36.40466362555768],[148.398171,-36.40465783715415],[148.39815363710866,-36.40466362555768],[148.3981464451636,-36.4046776],[148.39815363710866,-36.40469157444232],[148.398171,-36.40469736284585],[148.39818836289132,-36.40469157444232],[148.39819555483638,-36.4046776]]]}},{"type":"Feature","id":"pylon-perisher-133","properties":{"kind":"pylon","name":"Lift tower","height":13},"geometry":{"type":"Polygon","coordinates":[[[148.39817075454422,-36.403753],[148.39816356268474,-36.403739025557684],[148.3981462,-36.40373323715415],[148.39812883731528,-36.403739025557684],[148.3981216454558,-36.403753],[148.39812883731528,-36.40376697444232],[148.3981462,-36.403772762845854],[148.39816356268474,-36.40376697444232],[148.39817075454422,-36.403753]]]}},{"type":"Feature","id":"pylon-perisher-134","properties":{"kind":"pylon","name":"Lift tower","height":13},"geometry":{"type":"Polygon","coordinates":[[[148.39814685426296,-36.4028629],[148.39813966248585,-36.402848925557684],[148.3981223,-36.40284313715415],[148.39810493751418,-36.402848925557684],[148.39809774573706,-36.4028629],[148.39810493751418,-36.40287687444232],[148.3981223,-36.402882662845855],[148.39813966248585,-36.40287687444232],[148.39814685426296,-36.4028629]]]}},{"type":"Feature","id":"pylon-perisher-135","properties":{"kind":"pylon","name":"Lift tower","height":13},"geometry":{"type":"Polygon","coordinates":[[[148.39568155557083,-36.4070015],[148.39567436341065,-36.40698752555768],[148.395657,-36.40698173715415],[148.39563963658935,-36.40698752555768],[148.39563244442917,-36.4070015],[148.39563963658935,-36.40701547444232],[148.395657,-36.40702126284585],[148.39567436341065,-36.40701547444232],[148.39568155557083,-36.4070015]]]}},{"type":"Feature","id":"pylon-perisher-136","properties":{"kind":"pylon","name":"Lift tower","height":13},"geometry":{"type":"Polygon","coordinates":[[[148.39485805568458,-36.4073614],[148.3948508634911,-36.40734742555768],[148.3948335,-36.40734163715415],[148.39481613650892,-36.40734742555768],[148.39480894431543,-36.4073614],[148.39481613650892,-36.40737537444232],[148.3948335,-36.40738116284585],[148.3948508634911,-36.40737537444232],[148.39485805568458,-36.4073614]]]}},{"type":"Feature","id":"pylon-perisher-137","properties":{"kind":"pylon","name":"Lift tower","height":13},"geometry":{"type":"Polygon","coordinates":[[[148.3937252558411,-36.4078566],[148.39371806360177,-36.407842625557684],[148.3937007,-36.40783683715415],[148.39368333639825,-36.407842625557684],[148.39367614415892,-36.4078566],[148.39368333639825,-36.40787057444232],[148.3937007,-36.407876362845855],[148.39371806360177,-36.40787057444232],[148.3937252558411,-36.4078566]]]}},{"type":"Feature","id":"pylon-perisher-138","properties":{"kind":"pylon","name":"Lift tower","height":13},"geometry":{"type":"Polygon","coordinates":[[[148.39305535593365,-36.4081495],[148.3930481636672,-36.40813552555768],[148.3930308,-36.40812973715415],[148.39301343633278,-36.40813552555768],[148.39300624406633,-36.4081495],[148.39301343633278,-36.40816347444232],[148.3930308,-36.40816926284585],[148.3930481636672,-36.40816347444232],[148.39305535593365,-36.4081495]]]}},{"type":"Feature","id":"pylon-perisher-139","properties":{"kind":"pylon","name":"Lift tower","height":13},"geometry":{"type":"Polygon","coordinates":[[[148.39242365602092,-36.4084255],[148.39241646372892,-36.40841152555768],[148.3923991,-36.40840573715415],[148.3923817362711,-36.40841152555768],[148.3923745439791,-36.4084255],[148.3923817362711,-36.40843947444232],[148.3923991,-36.40844526284585],[148.39241646372892,-36.40843947444232],[148.39242365602092,-36.4084255]]]}},{"type":"Feature","id":"pylon-perisher-140","properties":{"kind":"pylon","name":"Lift tower","height":13},"geometry":{"type":"Polygon","coordinates":[[[148.39148745615026,-36.4088348],[148.39148026382037,-36.40882082555768],[148.3914629,-36.40881503715415],[148.39144553617962,-36.40882082555768],[148.39143834384973,-36.4088348],[148.39144553617962,-36.40884877444232],[148.3914629,-36.40885456284585],[148.39148026382037,-36.40884877444232],[148.39148745615026,-36.4088348]]]}},{"type":"Feature","id":"pylon-perisher-141","properties":{"kind":"pylon","name":"Lift tower","height":13},"geometry":{"type":"Polygon","coordinates":[[[148.39494005739635,-36.4127767],[148.3949328647015,-36.412762725557684],[148.3949155,-36.41275693715415],[148.3948981352985,-36.412762725557684],[148.39489094260364,-36.4127767],[148.3948981352985,-36.41279067444232],[148.3949155,-36.412796462845854],[148.3949328647015,-36.41279067444232],[148.39494005739635,-36.4127767]]]}},{"type":"Feature","id":"pylon-perisher-142","properties":{"kind":"pylon","name":"Lift tower","height":13},"geometry":{"type":"Polygon","coordinates":[[[148.39369885722633,-36.4122389],[148.39369166458127,-36.41222492555768],[148.3936743,-36.412219137154146],[148.3936569354187,-36.41222492555768],[148.39364974277365,-36.4122389],[148.3936569354187,-36.412252874442316],[148.3936743,-36.41225866284585],[148.39369166458127,-36.412252874442316],[148.39369885722633,-36.4122389]]]}},{"type":"Feature","id":"pylon-perisher-143","properties":{"kind":"pylon","name":"Lift tower","height":13},"geometry":{"type":"Polygon","coordinates":[[[148.39320045715806,-36.4120229],[148.39319326453298,-36.41200892555768],[148.3931759,-36.412003137154144],[148.393158535467,-36.41200892555768],[148.39315134284192,-36.4120229],[148.393158535467,-36.412036874442315],[148.3931759,-36.41204266284585],[148.39319326453298,-36.412036874442315],[148.39320045715806,-36.4120229]]]}},{"type":"Feature","id":"pylon-perisher-144","properties":{"kind":"pylon","name":"Lift tower","height":13},"geometry":{"type":"Polygon","coordinates":[[[148.3925823570734,-36.4117551],[148.39257516447313,-36.41174112555768],[148.3925578,-36.41173533715415],[148.39254043552685,-36.41174112555768],[148.3925332429266,-36.4117551],[148.39254043552685,-36.41176907444232],[148.3925578,-36.41177486284585],[148.39257516447313,-36.41176907444232],[148.3925823570734,-36.4117551]]]}},{"type":"Feature","id":"pylon-perisher-145","properties":{"kind":"pylon","name":"Lift tower","height":13},"geometry":{"type":"Polygon","coordinates":[[[148.39195055698687,-36.4114813],[148.39194336441193,-36.41146732555768],[148.391926,-36.411461537154146],[148.3919086355881,-36.41146732555768],[148.39190144301315,-36.4114813],[148.3919086355881,-36.411495274442316],[148.391926,-36.41150106284585],[148.39194336441193,-36.411495274442316],[148.39195055698687,-36.4114813]]]}},{"type":"Feature","id":"pylon-perisher-146","properties":{"kind":"pylon","name":"Lift tower","height":13},"geometry":{"type":"Polygon","coordinates":[[[148.3910520568637,-36.4110918],[148.39104486432487,-36.41107782555768],[148.3910275,-36.41107203715415],[148.39101013567515,-36.41107782555768],[148.3910029431363,-36.4110918],[148.39101013567515,-36.41110577444232],[148.3910275,-36.41111156284585],[148.39104486432487,-36.41110577444232],[148.3910520568637,-36.4110918]]]}},{"type":"Feature","id":"pylon-perisher-147","properties":{"kind":"pylon","name":"Lift tower","height":13},"geometry":{"type":"Polygon","coordinates":[[[148.39016555674036,-36.4107016],[148.39015836423764,-36.410687625557685],[148.390141,-36.41068183715415],[148.39012363576236,-36.410687625557685],[148.39011644325964,-36.4107016],[148.39012363576236,-36.41071557444232],[148.390141,-36.410721362845855],[148.39015836423764,-36.41071557444232],[148.39016555674036,-36.4107016]]]}},{"type":"Feature","id":"pylon-perisher-148","properties":{"kind":"pylon","name":"Lift tower","height":13},"geometry":{"type":"Polygon","coordinates":[[[148.38934335662597,-36.4103397],[148.38933616415676,-36.41032572555768],[148.3893188,-36.41031993715415],[148.38930143584327,-36.41032572555768],[148.38929424337405,-36.4103397],[148.38930143584327,-36.41035367444232],[148.3893188,-36.410359462845854],[148.38933616415676,-36.41035367444232],[148.38934335662597,-36.4103397]]]}},{"type":"Feature","id":"pylon-perisher-149","properties":{"kind":"pylon","name":"Lift tower","height":13},"geometry":{"type":"Polygon","coordinates":[[[148.38860705652357,-36.4100157],[148.38859986408434,-36.410001725557684],[148.3885825,-36.40999593715415],[148.38856513591568,-36.410001725557684],[148.38855794347646,-36.4100157],[148.38856513591568,-36.41002967444232],[148.3885825,-36.410035462845855],[148.38859986408434,-36.41002967444232],[148.38860705652357,-36.4100157]]]}},{"type":"Feature","id":"pylon-perisher-150","properties":{"kind":"pylon","name":"Lift tower","height":13},"geometry":{"type":"Polygon","coordinates":[[[148.39105855800142,-36.4146905],[148.39105136512933,-36.41467652555768],[148.391034,-36.41467073715415],[148.39101663487065,-36.41467652555768],[148.39100944199856,-36.4146905],[148.39101663487065,-36.41470447444232],[148.391034,-36.41471026284585],[148.39105136512933,-36.41470447444232],[148.39105855800142,-36.4146905]]]}},{"type":"Feature","id":"pylon-perisher-151","properties":{"kind":"pylon","name":"Lift tower","height":13},"geometry":{"type":"Polygon","coordinates":[[[148.39039675773392,-36.4138444],[148.3903895649402,-36.413830425557684],[148.3903722,-36.41382463715415],[148.3903548350598,-36.413830425557684],[148.39034764226608,-36.4138444],[148.3903548350598,-36.41385837444232],[148.3903722,-36.413864162845854],[148.3903895649402,-36.41385837444232],[148.39039675773392,-36.4138444]]]}},{"type":"Feature","id":"pylon-perisher-152","properties":{"kind":"pylon","name":"Lift tower","height":13},"geometry":{"type":"Polygon","coordinates":[[[148.38969635745087,-36.4129491],[148.38968916474005,-36.41293512555768],[148.3896718,-36.41292933715415],[148.38965443525996,-36.41293512555768],[148.38964724254913,-36.4129491],[148.38965443525996,-36.41296307444232],[148.3896718,-36.41296886284585],[148.38968916474005,-36.41296307444232],[148.38969635745087,-36.4129491]]]}},{"type":"Feature","id":"pylon-perisher-153","properties":{"kind":"pylon","name":"Lift tower","height":13},"geometry":{"type":"Polygon","coordinates":[[[148.38914265722707,-36.4122412],[148.38913546458178,-36.41222722555768],[148.3891181,-36.412221437154145],[148.3891007354182,-36.41222722555768],[148.3890935427729,-36.4122412],[148.3891007354182,-36.412255174442315],[148.3891181,-36.41226096284585],[148.38913546458178,-36.412255174442315],[148.38914265722707,-36.4122412]]]}},{"type":"Feature","id":"pylon-perisher-154","properties":{"kind":"pylon","name":"Lift tower","height":13},"geometry":{"type":"Polygon","coordinates":[[[148.38879835708798,-36.4118012],[148.38879116448342,-36.41178722555768],[148.3887738,-36.41178143715415],[148.38875643551657,-36.41178722555768],[148.388749242912,-36.4118012],[148.38875643551657,-36.41181517444232],[148.3887738,-36.41182096284585],[148.38879116448342,-36.41181517444232],[148.38879835708798,-36.4118012]]]}},{"type":"Feature","id":"pylon-perisher-155","properties":{"kind":"pylon","name":"Lift tower","height":13},"geometry":{"type":"Polygon","coordinates":[[[148.38834435690447,-36.4112207],[148.3883371643537,-36.41120672555768],[148.3883198,-36.41120093715415],[148.38830243564632,-36.41120672555768],[148.38829524309554,-36.4112207],[148.38830243564632,-36.41123467444232],[148.3883198,-36.41124046284585],[148.3883371643537,-36.41123467444232],[148.38834435690447,-36.4112207]]]}},{"type":"Feature","id":"pylon-perisher-156","properties":{"kind":"pylon","name":"Lift tower","height":13},"geometry":{"type":"Polygon","coordinates":[[[148.3880360567799,-36.4108266],[148.38802886426558,-36.41081262555768],[148.3880115,-36.41080683715415],[148.38799413573443,-36.41081262555768],[148.3879869432201,-36.4108266],[148.38799413573443,-36.41084057444232],[148.3880115,-36.41084636284585],[148.38802886426558,-36.41084057444232],[148.3880360567799,-36.4108266]]]}},{"type":"Feature","id":"pylon-perisher-157","properties":{"kind":"pylon","name":"Lift tower","height":13},"geometry":{"type":"Polygon","coordinates":[[[148.3876871566389,-36.4103806],[148.3876799641659,-36.410366625557685],[148.3876626,-36.41036083715415],[148.3876452358341,-36.410366625557685],[148.3876380433611,-36.4103806],[148.3876452358341,-36.41039457444232],[148.3876626,-36.410400362845856],[148.3876799641659,-36.41039457444232],[148.3876871566389,-36.4103806]]]}},{"type":"Feature","id":"pylon-perisher-158","properties":{"kind":"pylon","name":"Lift tower","height":13},"geometry":{"type":"Polygon","coordinates":[[[148.38736565650893,-36.4099695],[148.387358464074,-36.409955525557685],[148.3873411,-36.40994973715415],[148.38732373592597,-36.409955525557685],[148.38731654349104,-36.4099695],[148.38732373592597,-36.40998347444232],[148.3873411,-36.409989262845855],[148.387358464074,-36.40998347444232],[148.38736565650893,-36.4099695]]]}},{"type":"Feature","id":"pylon-perisher-159","properties":{"kind":"pylon","name":"Lift tower","height":13},"geometry":{"type":"Polygon","coordinates":[[[148.396224953606,-36.4007838],[148.3962177620213,-36.40076982555768],[148.3962004,-36.40076403715415],[148.3961830379787,-36.40076982555768],[148.396175846394,-36.4007838],[148.3961830379787,-36.40079777444232],[148.3962004,-36.40080356284585],[148.3962177620213,-36.40079777444232],[148.396224953606,-36.4007838]]]}},{"type":"Feature","id":"pylon-perisher-160","properties":{"kind":"pylon","name":"Lift tower","height":13},"geometry":{"type":"Polygon","coordinates":[[[148.39691845356083,-36.4006408],[148.39691126198937,-36.40062682555768],[148.3968939,-36.400621037154146],[148.39687653801064,-36.40062682555768],[148.3968693464392,-36.4006408],[148.39687653801064,-36.400654774442316],[148.3968939,-36.40066056284585],[148.39691126198937,-36.400654774442316],[148.39691845356083,-36.4006408]]]}},{"type":"Feature","id":"pylon-perisher-161","properties":{"kind":"pylon","name":"Lift tower","height":13},"geometry":{"type":"Polygon","coordinates":[[[148.3980139534894,-36.4004147],[148.39800676193886,-36.40040072555768],[148.3979894,-36.40039493715415],[148.39797203806114,-36.40040072555768],[148.3979648465106,-36.4004147],[148.39797203806114,-36.40042867444232],[148.3979894,-36.40043446284585],[148.39800676193886,-36.40042867444232],[148.3980139534894,-36.4004147]]]}},{"type":"Feature","id":"pylon-perisher-162","properties":{"kind":"pylon","name":"Lift tower","height":13},"geometry":{"type":"Polygon","coordinates":[[[148.3989772534266,-36.400216],[148.39897006189446,-36.40020202555768],[148.3989527,-36.40019623715415],[148.39893533810553,-36.40020202555768],[148.39892814657338,-36.400216],[148.39893533810553,-36.40022997444232],[148.3989527,-36.40023576284585],[148.39897006189446,-36.40022997444232],[148.3989772534266,-36.400216]]]}},{"type":"Feature","id":"pylon-perisher-163","properties":{"kind":"pylon","name":"Lift tower","height":13},"geometry":{"type":"Polygon","coordinates":[[[148.40005525335633,-36.3999936],[148.40004806184476,-36.399979625557684],[148.4000307,-36.39997383715415],[148.40001333815525,-36.399979625557684],[148.40000614664368,-36.3999936],[148.40001333815525,-36.40000757444232],[148.4000307,-36.400013362845854],[148.40004806184476,-36.40000757444232],[148.40005525335633,-36.3999936]]]}},{"type":"Feature","id":"pylon-perisher-164","properties":{"kind":"pylon","name":"Lift tower","height":13},"geometry":{"type":"Polygon","coordinates":[[[148.40085415330424,-36.3998287],[148.40084696180793,-36.39981472555768],[148.4008296,-36.39980893715415],[148.4008122381921,-36.39981472555768],[148.40080504669578,-36.3998287],[148.4008122381921,-36.39984267444232],[148.4008296,-36.39984846284585],[148.40084696180793,-36.39984267444232],[148.40085415330424,-36.3998287]]]}},{"type":"Feature","id":"pylon-perisher-165","properties":{"kind":"pylon","name":"Lift tower","height":13},"geometry":{"type":"Polygon","coordinates":[[[148.40171285324828,-36.3996516],[148.40170566176835,-36.39963762555768],[148.4016883,-36.399631837154146],[148.40167093823163,-36.39963762555768],[148.4016637467517,-36.3996516],[148.40167093823163,-36.39966557444232],[148.4016883,-36.39967136284585],[148.40170566176835,-36.39966557444232],[148.40171285324828,-36.3996516]]]}},{"type":"Feature","id":"pylon-perisher-166","properties":{"kind":"pylon","name":"Lift tower","height":13},"geometry":{"type":"Polygon","coordinates":[[[148.40246785319906,-36.3994958],[148.40246066173356,-36.39948182555768],[148.4024433,-36.399476037154145],[148.40242593826642,-36.39948182555768],[148.40241874680092,-36.3994958],[148.40242593826642,-36.399509774442315],[148.4024433,-36.39951556284585],[148.40246066173356,-36.399509774442315],[148.40246785319906,-36.3994958]]]}},{"type":"Feature","id":"pylon-perisher-167","properties":{"kind":"pylon","name":"Lift tower","height":13},"geometry":{"type":"Polygon","coordinates":[[[148.40310835315728,-36.3993636],[148.40310116170403,-36.39934962555768],[148.4030838,-36.39934383715415],[148.40306643829595,-36.39934962555768],[148.4030592468427,-36.3993636],[148.40306643829595,-36.39937757444232],[148.4030838,-36.39938336284585],[148.40310116170403,-36.39937757444232],[148.40310835315728,-36.3993636]]]}},{"type":"Feature","id":"pylon-perisher-168","properties":{"kind":"pylon","name":"Lift tower","height":13},"geometry":{"type":"Polygon","coordinates":[[[148.40426015308222,-36.399126],[148.40425296165094,-36.399112025557685],[148.4042356,-36.39910623715415],[148.40421823834905,-36.399112025557685],[148.40421104691777,-36.399126],[148.40421823834905,-36.39913997444232],[148.4042356,-36.399145762845855],[148.40425296165094,-36.39913997444232],[148.40426015308222,-36.399126]]]}},{"type":"Feature","id":"pylon-perisher-169","properties":{"kind":"pylon","name":"Lift tower","height":13},"geometry":{"type":"Polygon","coordinates":[[[148.40537325300966,-36.3988963],[148.4053660615996,-36.39888232555768],[148.4053487,-36.398876537154145],[148.40533133840037,-36.39888232555768],[148.40532414699032,-36.3988963],[148.40533133840037,-36.398910274442315],[148.4053487,-36.39891606284585],[148.4053660615996,-36.398910274442315],[148.40537325300966,-36.3988963]]]}},{"type":"Feature","id":"pylon-perisher-170","properties":{"kind":"pylon","name":"Lift tower","height":13},"geometry":{"type":"Polygon","coordinates":[[[148.40616045295837,-36.3987339],[148.40615326156336,-36.398719925557685],[148.4061359,-36.39871413715415],[148.40611853843666,-36.398719925557685],[148.40611134704164,-36.3987339],[148.40611853843666,-36.39874787444232],[148.4061359,-36.398753662845856],[148.40615326156336,-36.39874787444232],[148.40616045295837,-36.3987339]]]}},{"type":"Feature","id":"pylon-perisher-171","properties":{"kind":"pylon","name":"Lift tower","height":13},"geometry":{"type":"Polygon","coordinates":[[[148.40143915117633,-36.3930924],[148.40143196030326,-36.39307842555768],[148.4014146,-36.39307263715415],[148.40139723969676,-36.39307842555768],[148.40139004882369,-36.3930924],[148.40139723969676,-36.39310637444232],[148.4014146,-36.39311216284585],[148.40143196030326,-36.39310637444232],[148.40143915117633,-36.3930924]]]}},{"type":"Feature","id":"pylon-perisher-172","properties":{"kind":"pylon","name":"Lift tower","height":13},"geometry":{"type":"Polygon","coordinates":[[[148.40200195121014,-36.3931995],[148.40199476032717,-36.39318552555768],[148.4019774,-36.39317973715415],[148.40196003967282,-36.39318552555768],[148.40195284878985,-36.3931995],[148.40196003967282,-36.39321347444232],[148.4019774,-36.393219262845854],[148.40199476032717,-36.39321347444232],[148.40200195121014,-36.3931995]]]}},{"type":"Feature","id":"pylon-perisher-173","properties":{"kind":"pylon","name":"Lift tower","height":13},"geometry":{"type":"Polygon","coordinates":[[[148.40352455130162,-36.3934891],[148.40351736039187,-36.39347512555768],[148.4035,-36.393469337154144],[148.40348263960814,-36.39347512555768],[148.4034754486984,-36.3934891],[148.40348263960814,-36.393503074442314],[148.4035,-36.39350886284585],[148.40351736039187,-36.393503074442314],[148.40352455130162,-36.3934891]]]}},{"type":"Feature","id":"pylon-perisher-174","properties":{"kind":"pylon","name":"Lift tower","height":13},"geometry":{"type":"Polygon","coordinates":[[[148.40454625136297,-36.3936834],[148.40453906043524,-36.39366942555768],[148.4045217,-36.39366363715415],[148.40450433956477,-36.39366942555768],[148.40449714863703,-36.3936834],[148.40450433956477,-36.39369737444232],[148.4045217,-36.39370316284585],[148.40453906043524,-36.39369737444232],[148.40454625136297,-36.3936834]]]}},{"type":"Feature","id":"pylon-perisher-175","properties":{"kind":"pylon","name":"Lift tower","height":13},"geometry":{"type":"Polygon","coordinates":[[[148.40549595142005,-36.3938641],[148.4054887604756,-36.393850125557684],[148.4054714,-36.39384433715415],[148.40545403952441,-36.393850125557684],[148.40544684857997,-36.3938641],[148.40545403952441,-36.39387807444232],[148.4054714,-36.393883862845854],[148.4054887604756,-36.39387807444232],[148.40549595142005,-36.3938641]]]}},{"type":"Feature","id":"pylon-perisher-176","properties":{"kind":"pylon","name":"Lift tower","height":13},"geometry":{"type":"Polygon","coordinates":[[[148.40629895146668,-36.3940117],[148.40629176050857,-36.39399772555768],[148.4062744,-36.39399193715415],[148.40625703949144,-36.39399772555768],[148.40624984853332,-36.3940117],[148.40625703949144,-36.39402567444232],[148.4062744,-36.39403146284585],[148.40629176050857,-36.39402567444232],[148.40629895146668,-36.3940117]]]}},{"type":"Feature","id":"pylon-perisher-177","properties":{"kind":"pylon","name":"Lift tower","height":13},"geometry":{"type":"Polygon","coordinates":[[[148.40684605149704,-36.3941078],[148.40683886053003,-36.39409382555768],[148.4068215,-36.39408803715415],[148.40680413946998,-36.39409382555768],[148.40679694850297,-36.3941078],[148.40680413946998,-36.39412177444232],[148.4068215,-36.39412756284585],[148.40683886053003,-36.39412177444232],[148.40684605149704,-36.3941078]]]}},{"type":"Feature","id":"pylon-perisher-178","properties":{"kind":"pylon","name":"Lift tower","height":13},"geometry":{"type":"Polygon","coordinates":[[[148.40808005156546,-36.3943245],[148.40807286057841,-36.394310525557685],[148.4080555,-36.39430473715415],[148.40803813942156,-36.394310525557685],[148.40803094843452,-36.3943245],[148.40803813942156,-36.39433847444232],[148.4080555,-36.394344262845856],[148.40807286057841,-36.39433847444232],[148.40808005156546,-36.3943245]]]}},{"type":"Feature","id":"pylon-perisher-179","properties":{"kind":"pylon","name":"Lift tower","height":13},"geometry":{"type":"Polygon","coordinates":[[[148.40874825160256,-36.3944419],[148.40874106060465,-36.39442792555768],[148.4087237,-36.394422137154145],[148.40870633939534,-36.39442792555768],[148.40869914839743,-36.3944419],[148.40870633939534,-36.394455874442315],[148.4087237,-36.39446166284585],[148.40874106060465,-36.394455874442315],[148.40874825160256,-36.3944419]]]}},{"type":"Feature","id":"pylon-perisher-180","properties":{"kind":"pylon","name":"Lift tower","height":13},"geometry":{"type":"Polygon","coordinates":[[[148.40785795082058,-36.3919661],[148.4078507600517,-36.39195212555768],[148.4078334,-36.391946337154145],[148.40781603994827,-36.39195212555768],[148.4078088491794,-36.3919661],[148.40781603994827,-36.391980074442316],[148.4078334,-36.39198586284585],[148.4078507600517,-36.391980074442316],[148.40785795082058,-36.3919661]]]}},{"type":"Feature","id":"pylon-perisher-181","properties":{"kind":"pylon","name":"Lift tower","height":13},"geometry":{"type":"Polygon","coordinates":[[[148.40672525071315,-36.3916259],[148.40671805997573,-36.39161192555768],[148.4067007,-36.39160613715415],[148.40668334002424,-36.39161192555768],[148.40667614928682,-36.3916259],[148.40668334002424,-36.39163987444232],[148.4067007,-36.39164566284585],[148.40671805997573,-36.39163987444232],[148.40672525071315,-36.3916259]]]}},{"type":"Feature","id":"pylon-perisher-182","properties":{"kind":"pylon","name":"Lift tower","height":13},"geometry":{"type":"Polygon","coordinates":[[[148.4057300506188,-36.3913271],[148.40572285990905,-36.39131312555768],[148.4057055,-36.391307337154146],[148.40568814009097,-36.39131312555768],[148.4056809493812,-36.3913271],[148.40568814009097,-36.391341074442316],[148.4057055,-36.39134686284585],[148.40572285990905,-36.391341074442316],[148.4057300506188,-36.3913271]]]}},{"type":"Feature","id":"pylon-perisher-183","properties":{"kind":"pylon","name":"Lift tower","height":13},"geometry":{"type":"Polygon","coordinates":[[[148.40533035058087,-36.391207],[148.40532315988222,-36.39119302555768],[148.4053058,-36.39118723715415],[148.4052884401178,-36.39119302555768],[148.40528124941915,-36.391207],[148.4052884401178,-36.39122097444232],[148.4053058,-36.391226762845854],[148.40532315988222,-36.39122097444232],[148.40533035058087,-36.391207]]]}},{"type":"Feature","id":"pylon-perisher-184","properties":{"kind":"pylon","name":"Lift tower","height":13},"geometry":{"type":"Polygon","coordinates":[[[148.40432445048546,-36.3909049],[148.40431725981477,-36.390890925557684],[148.4042999,-36.39088513715415],[148.40428254018525,-36.390890925557684],[148.40427534951456,-36.3909049],[148.40428254018525,-36.39091887444232],[148.4042999,-36.390924662845855],[148.40431725981477,-36.39091887444232],[148.40432445048546,-36.3909049]]]}},{"type":"Feature","id":"pylon-perisher-185","properties":{"kind":"pylon","name":"Lift tower","height":13},"geometry":{"type":"Polygon","coordinates":[[[148.40370235042647,-36.3907181],[148.40369515977304,-36.39070412555768],[148.4036778,-36.39069833715415],[148.40366044022696,-36.39070412555768],[148.40365324957352,-36.3907181],[148.40366044022696,-36.39073207444232],[148.4036778,-36.39073786284585],[148.40369515977304,-36.39073207444232],[148.40370235042647,-36.3907181]]]}},{"type":"Feature","id":"pylon-perisher-186","properties":{"kind":"pylon","name":"Lift tower","height":13},"geometry":{"type":"Polygon","coordinates":[[[148.40352355040952,-36.3906644],[148.40351635976106,-36.39065042555768],[148.403499,-36.390644637154146],[148.40348164023897,-36.39065042555768],[148.4034744495905,-36.3906644],[148.40348164023897,-36.39067837444232],[148.403499,-36.39068416284585],[148.40351635976106,-36.39067837444232],[148.40352355040952,-36.3906644]]]}},{"type":"Feature","id":"pylon-perisher-187","properties":{"kind":"pylon","name":"Lift tower","height":13},"geometry":{"type":"Polygon","coordinates":[[[148.39920294939097,-36.3874388],[148.39919575904082,-36.38742482555768],[148.3991784,-36.387419037154146],[148.3991610409592,-36.38742482555768],[148.39915385060905,-36.3874388],[148.3991610409592,-36.387452774442316],[148.3991784,-36.38745856284585],[148.39919575904082,-36.387452774442316],[148.39920294939097,-36.3874388]]]}},{"type":"Feature","id":"pylon-perisher-188","properties":{"kind":"pylon","name":"Lift tower","height":13},"geometry":{"type":"Polygon","coordinates":[[[148.39873124953567,-36.3878972],[148.39872405914315,-36.38788322555768],[148.3987067,-36.387877437154145],[148.39868934085683,-36.38788322555768],[148.3986821504643,-36.3878972],[148.39868934085683,-36.387911174442316],[148.3987067,-36.38791696284585],[148.39872405914315,-36.387911174442316],[148.39873124953567,-36.3878972]]]}},{"type":"Feature","id":"pylon-perisher-189","properties":{"kind":"pylon","name":"Lift tower","height":13},"geometry":{"type":"Polygon","coordinates":[[[148.39793214978093,-36.3886739],[148.39792495931658,-36.38865992555768],[148.3979076,-36.38865413715415],[148.3978902406834,-36.38865992555768],[148.39788305021906,-36.3886739],[148.3978902406834,-36.38868787444232],[148.3979076,-36.38869366284585],[148.39792495931658,-36.38868787444232],[148.39793214978093,-36.3886739]]]}},{"type":"Feature","id":"pylon-perisher-190","properties":{"kind":"pylon","name":"Lift tower","height":13},"geometry":{"type":"Polygon","coordinates":[[[148.39746174992536,-36.3891312],[148.3974545594187,-36.38911722555768],[148.3974372,-36.38911143715415],[148.39741984058134,-36.38911722555768],[148.39741265007467,-36.3891312],[148.39741984058134,-36.38914517444232],[148.3974372,-36.389150962845854],[148.3974545594187,-36.38914517444232],[148.39746174992536,-36.3891312]]]}},{"type":"Feature","id":"pylon-perisher-191","properties":{"kind":"pylon","name":"Lift tower","height":13},"geometry":{"type":"Polygon","coordinates":[[[148.39673005014993,-36.3898424],[148.3967228595775,-36.38982842555768],[148.3967055,-36.38982263715415],[148.3966881404225,-36.38982842555768],[148.39668094985007,-36.3898424],[148.3966881404225,-36.38985637444232],[148.3967055,-36.38986216284585],[148.3967228595775,-36.38985637444232],[148.39673005014993,-36.3898424]]]}},{"type":"Feature","id":"pylon-perisher-192","properties":{"kind":"pylon","name":"Lift tower","height":13},"geometry":{"type":"Polygon","coordinates":[[[148.3963443502683,-36.3902173],[148.3963371596612,-36.390203325557685],[148.3963198,-36.39019753715415],[148.3963024403388,-36.390203325557685],[148.39629524973168,-36.3902173],[148.3963024403388,-36.39023127444232],[148.3963198,-36.390237062845856],[148.3963371596612,-36.39023127444232],[148.3963443502683,-36.3902173]]]}},{"type":"Feature","id":"pylon-perisher-193","properties":{"kind":"pylon","name":"Lift tower","height":13},"geometry":{"type":"Polygon","coordinates":[[[148.39561805049124,-36.3909232],[148.39561085981882,-36.390909225557685],[148.3955935,-36.39090343715415],[148.39557614018116,-36.390909225557685],[148.39556894950874,-36.3909232],[148.39557614018116,-36.39093717444232],[148.3955935,-36.390942962845855],[148.39561085981882,-36.39093717444232],[148.39561805049124,-36.3909232]]]}},{"type":"Feature","id":"pylon-perisher-194","properties":{"kind":"pylon","name":"Lift tower","height":13},"geometry":{"type":"Polygon","coordinates":[[[148.3952886505923,-36.3912433],[148.3952814598903,-36.39122932555768],[148.3952641,-36.39122353715415],[148.39524674010968,-36.39122932555768],[148.39523954940768,-36.3912433],[148.39524674010968,-36.39125727444232],[148.3952641,-36.39126306284585],[148.3952814598903,-36.39125727444232],[148.3952886505923,-36.3912433]]]}},{"type":"Feature","id":"pylon-perisher-195","properties":{"kind":"pylon","name":"Lift tower","height":13},"geometry":{"type":"Polygon","coordinates":[[[148.39452665082624,-36.3919839],[148.3945194600557,-36.39196992555768],[148.3945021,-36.39196413715415],[148.39448473994432,-36.39196992555768],[148.39447754917379,-36.3919839],[148.39448473994432,-36.39199787444232],[148.3945021,-36.39200366284585],[148.3945194600557,-36.39199787444232],[148.39452665082624,-36.3919839]]]}},{"type":"Feature","id":"pylon-perisher-196","properties":{"kind":"pylon","name":"Lift tower","height":13},"geometry":{"type":"Polygon","coordinates":[[[148.3940362509768,-36.3924607],[148.39402906016218,-36.39244672555768],[148.3940117,-36.39244093715415],[148.3939943398378,-36.39244672555768],[148.3939871490232,-36.3924607],[148.3939943398378,-36.39247467444232],[148.3940117,-36.39248046284585],[148.39402906016218,-36.39247467444232],[148.3940362509768,-36.3924607]]]}},{"type":"Feature","id":"pylon-perisher-197","properties":{"kind":"pylon","name":"Lift tower","height":13},"geometry":{"type":"Polygon","coordinates":[[[148.39333565119185,-36.3931416],[148.39332846031425,-36.39312762555768],[148.3933111,-36.39312183715415],[148.39329373968576,-36.39312762555768],[148.39328654880816,-36.3931416],[148.39329373968576,-36.39315557444232],[148.3933111,-36.39316136284585],[148.39332846031425,-36.39315557444232],[148.39333565119185,-36.3931416]]]}},{"type":"Feature","id":"pylon-perisher-198","properties":{"kind":"pylon","name":"Lift tower","height":13},"geometry":{"type":"Polygon","coordinates":[[[148.3927590513688,-36.3937019],[148.39275186043938,-36.393687925557686],[148.3927345,-36.39368213715415],[148.3927171395606,-36.393687925557686],[148.39270994863116,-36.3937019],[148.3927171395606,-36.39371587444232],[148.3927345,-36.393721662845856],[148.39275186043938,-36.39371587444232],[148.3927590513688,-36.3937019]]]}},{"type":"Feature","id":"pylon-perisher-199","properties":{"kind":"pylon","name":"Lift tower","height":13},"geometry":{"type":"Polygon","coordinates":[[[148.39200795159942,-36.394432],[148.39200076060243,-36.394418025557684],[148.3919834,-36.39441223715415],[148.39196603939754,-36.394418025557684],[148.39195884840055,-36.394432],[148.39196603939754,-36.39444597444232],[148.3919834,-36.394451762845854],[148.39200076060243,-36.39444597444232],[148.39200795159942,-36.394432]]]}},{"type":"Feature","id":"pylon-perisher-200","properties":{"kind":"pylon","name":"Lift tower","height":13},"geometry":{"type":"Polygon","coordinates":[[[148.39134685180238,-36.3950745],[148.39133966074596,-36.39506052555768],[148.3913223,-36.39505473715415],[148.39130493925407,-36.39506052555768],[148.39129774819764,-36.3950745],[148.39130493925407,-36.39508847444232],[148.3913223,-36.39509426284585],[148.39133966074596,-36.39508847444232],[148.39134685180238,-36.3950745]]]}},{"type":"Feature","id":"pylon-perisher-201","properties":{"kind":"pylon","name":"Lift tower","height":13},"geometry":{"type":"Polygon","coordinates":[[[148.3940917490029,-36.3862098],[148.39408455876642,-36.386195825557685],[148.3940672,-36.38619003715415],[148.39404984123357,-36.386195825557685],[148.39404265099708,-36.3862098],[148.39404984123357,-36.38622377444232],[148.3940672,-36.386229562845855],[148.39408455876642,-36.38622377444232],[148.3940917490029,-36.3862098]]]}},{"type":"Feature","id":"pylon-perisher-202","properties":{"kind":"pylon","name":"Lift tower","height":13},"geometry":{"type":"Polygon","coordinates":[[[148.3991379490039,-36.3862129],[148.39913075876711,-36.38619892555768],[148.3991134,-36.386193137154144],[148.3990960412329,-36.38619892555768],[148.39908885099612,-36.3862129],[148.3990960412329,-36.386226874442315],[148.3991134,-36.38623266284585],[148.39913075876711,-36.386226874442315],[148.3991379490039,-36.3862129]]]}},{"type":"Feature","id":"pylon-perisher-203","properties":{"kind":"pylon","name":"Lift tower","height":13},"geometry":{"type":"Polygon","coordinates":[[[148.39849404901858,-36.3862594],[148.39848685877752,-36.38624542555768],[148.3984695,-36.38623963715415],[148.3984521412225,-36.38624542555768],[148.39844495098143,-36.3862594],[148.3984521412225,-36.38627337444232],[148.3984695,-36.38627916284585],[148.39848685877752,-36.38627337444232],[148.39849404901858,-36.3862594]]]}},{"type":"Feature","id":"pylon-perisher-204","properties":{"kind":"pylon","name":"Lift tower","height":13},"geometry":{"type":"Polygon","coordinates":[[[148.39783404903363,-36.3863071],[148.39782685878814,-36.386293125557685],[148.3978095,-36.38628733715415],[148.39779214121185,-36.386293125557685],[148.39778495096635,-36.3863071],[148.39779214121185,-36.38632107444232],[148.3978095,-36.386326862845856],[148.39782685878814,-36.38632107444232],[148.39783404903363,-36.3863071]]]}},{"type":"Feature","id":"pylon-perisher-205","properties":{"kind":"pylon","name":"Lift tower","height":13},"geometry":{"type":"Polygon","coordinates":[[[148.3975355490404,-36.3863286],[148.39752835879295,-36.38631462555768],[148.397511,-36.38630883715415],[148.39749364120706,-36.38631462555768],[148.3974864509596,-36.3863286],[148.39749364120706,-36.38634257444232],[148.397511,-36.38634836284585],[148.39752835879295,-36.38634257444232],[148.3975355490404,-36.3863286]]]}},{"type":"Feature","id":"pylon-perisher-206","properties":{"kind":"pylon","name":"Lift tower","height":13},"geometry":{"type":"Polygon","coordinates":[[[148.39632724906798,-36.3864159],[148.39632005881245,-36.386401925557685],[148.3963027,-36.38639613715415],[148.39628534118756,-36.386401925557685],[148.39627815093203,-36.3864159],[148.39628534118756,-36.38642987444232],[148.3963027,-36.386435662845855],[148.39632005881245,-36.38642987444232],[148.39632724906798,-36.3864159]]]}},{"type":"Feature","id":"pylon-perisher-207","properties":{"kind":"pylon","name":"Lift tower","height":13},"geometry":{"type":"Polygon","coordinates":[[[148.3955337490861,-36.3864733],[148.39552655882525,-36.38645932555768],[148.3955092,-36.386453537154146],[148.39549184117473,-36.38645932555768],[148.3954846509139,-36.3864733],[148.39549184117473,-36.38648727444232],[148.3955092,-36.38649306284585],[148.39552655882525,-36.38648727444232],[148.3955337490861,-36.3864733]]]}},{"type":"Feature","id":"pylon-perisher-208","properties":{"kind":"pylon","name":"Lift tower","height":13},"geometry":{"type":"Polygon","coordinates":[[[148.39493614909972,-36.3865164],[148.39492895883487,-36.38650242555768],[148.3949116,-36.386496637154146],[148.39489424116513,-36.38650242555768],[148.39488705090028,-36.3865164],[148.39489424116513,-36.386530374442316],[148.3949116,-36.38653616284585],[148.39492895883487,-36.386530374442316],[148.39493614909972,-36.3865164]]]}},{"type":"Feature","id":"pylon-perisher-209","properties":{"kind":"pylon","name":"Lift tower","height":13},"geometry":{"type":"Polygon","coordinates":[[[148.39450484886927,-36.3857866],[148.39449765867195,-36.385772625557685],[148.3944803,-36.38576683715415],[148.39446294132804,-36.385772625557685],[148.39445575113072,-36.3857866],[148.39446294132804,-36.38580057444232],[148.3944803,-36.385806362845855],[148.39449765867195,-36.38580057444232],[148.39450484886927,-36.3857866]]]}},{"type":"Feature","id":"pylon-perisher-210","properties":{"kind":"pylon","name":"Lift tower","height":13},"geometry":{"type":"Polygon","coordinates":[[[148.39509214867934,-36.3851849],[148.3950849585376,-36.38517092555768],[148.3950676,-36.38516513715415],[148.3950502414624,-36.38517092555768],[148.39504305132067,-36.3851849],[148.3950502414624,-36.38519887444232],[148.3950676,-36.38520466284585],[148.3950849585376,-36.38519887444232],[148.39509214867934,-36.3851849]]]}},{"type":"Feature","id":"pylon-perisher-211","properties":{"kind":"pylon","name":"Lift tower","height":13},"geometry":{"type":"Polygon","coordinates":[[[148.3952811486182,-36.3849913],[148.3952739584944,-36.384977325557685],[148.3952566,-36.38497153715415],[148.3952392415056,-36.384977325557685],[148.3952320513818,-36.3849913],[148.3952392415056,-36.38500527444232],[148.3952566,-36.385011062845855],[148.3952739584944,-36.38500527444232],[148.3952811486182,-36.3849913]]]}},{"type":"Feature","id":"pylon-perisher-212","properties":{"kind":"pylon","name":"Lift tower","height":13},"geometry":{"type":"Polygon","coordinates":[[[148.3958676484285,-36.3843904],[148.39586045836026,-36.38437642555768],[148.3958431,-36.38437063715415],[148.39582574163975,-36.38437642555768],[148.39581855157152,-36.3843904],[148.39582574163975,-36.38440437444232],[148.3958431,-36.38441016284585],[148.39586045836026,-36.38440437444232],[148.3958676484285,-36.3843904]]]}},{"type":"Feature","id":"pylon-perisher-213","properties":{"kind":"pylon","name":"Lift tower","height":13},"geometry":{"type":"Polygon","coordinates":[[[148.39637394826474,-36.3838717],[148.39636675824445,-36.38385772555768],[148.3963494,-36.38385193715415],[148.39633204175553,-36.38385772555768],[148.39632485173524,-36.3838717],[148.39633204175553,-36.38388567444232],[148.3963494,-36.38389146284585],[148.39636675824445,-36.38388567444232],[148.39637394826474,-36.3838717]]]}},{"type":"Feature","id":"pylon-perisher-214","properties":{"kind":"pylon","name":"Lift tower","height":13},"geometry":{"type":"Polygon","coordinates":[[[148.39682784811794,-36.3834067],[148.39682065814065,-36.383392725557684],[148.3968033,-36.38338693715415],[148.39678594185932,-36.383392725557684],[148.39677875188204,-36.3834067],[148.39678594185932,-36.38342067444232],[148.3968033,-36.383426462845854],[148.39682065814065,-36.38342067444232],[148.39682784811794,-36.3834067]]]}},{"type":"Feature","id":"pylon-perisher-215","properties":{"kind":"pylon","name":"Lift tower","height":13},"geometry":{"type":"Polygon","coordinates":[[[148.39717984800404,-36.3830459],[148.39717265806013,-36.38303192555768],[148.3971553,-36.38302613715415],[148.3971379419399,-36.38303192555768],[148.39713075199597,-36.3830459],[148.3971379419399,-36.38305987444232],[148.3971553,-36.38306566284585],[148.39717265806013,-36.38305987444232],[148.39717984800404,-36.3830459]]]}},{"type":"Feature","id":"pylon-perisher-216","properties":{"kind":"pylon","name":"Lift tower","height":13},"geometry":{"type":"Polygon","coordinates":[[[148.39424574831887,-36.3840431],[148.39423855828272,-36.38402912555768],[148.3942212,-36.38402333715415],[148.39420384171729,-36.38402912555768],[148.39419665168114,-36.3840431],[148.39420384171729,-36.38405707444232],[148.3942212,-36.38406286284585],[148.39423855828272,-36.38405707444232],[148.39424574831887,-36.3840431]]]}},{"type":"Feature","id":"pylon-perisher-217","properties":{"kind":"pylon","name":"Lift tower","height":13},"geometry":{"type":"Polygon","coordinates":[[[148.39382744842618,-36.3843831],[148.39382025835863,-36.38436912555768],[148.3938029,-36.38436333715415],[148.39378554164136,-36.38436912555768],[148.39377835157381,-36.3843831],[148.39378554164136,-36.38439707444232],[148.3938029,-36.38440286284585],[148.39382025835863,-36.38439707444232],[148.39382744842618,-36.3843831]]]}},{"type":"Feature","id":"pylon-perisher-218","properties":{"kind":"pylon","name":"Lift tower","height":13},"geometry":{"type":"Polygon","coordinates":[[[148.39322714858017,-36.3848708],[148.39321995846748,-36.384856825557684],[148.3932026,-36.38485103715415],[148.3931852415325,-36.384856825557684],[148.39317805141982,-36.3848708],[148.3931852415325,-36.38488477444232],[148.3932026,-36.384890562845854],[148.39321995846748,-36.38488477444232],[148.39322714858017,-36.3848708]]]}},{"type":"Feature","id":"pylon-perisher-219","properties":{"kind":"pylon","name":"Lift tower","height":13},"geometry":{"type":"Polygon","coordinates":[[[148.39260084874087,-36.3853798],[148.39259365858112,-36.385365825557685],[148.3925763,-36.38536003715415],[148.39255894141888,-36.385365825557685],[148.39255175125913,-36.3853798],[148.39255894141888,-36.38539377444232],[148.3925763,-36.385399562845855],[148.39259365858112,-36.38539377444232],[148.39260084874087,-36.3853798]]]}},{"type":"Feature","id":"pylon-perisher-220","properties":{"kind":"pylon","name":"Lift tower","height":13},"geometry":{"type":"Polygon","coordinates":[[[148.39746204755673,-36.3816289],[148.39745485774384,-36.381614925557685],[148.3974375,-36.38160913715415],[148.39742014225615,-36.381614925557685],[148.39741295244326,-36.3816289],[148.39742014225615,-36.38164287444232],[148.3974375,-36.381648662845855],[148.39745485774384,-36.38164287444232],[148.39746204755673,-36.3816289]]]}},{"type":"Feature","id":"pylon-perisher-221","properties":{"kind":"pylon","name":"Lift tower","height":13},"geometry":{"type":"Polygon","coordinates":[[[148.39711804736635,-36.3810257],[148.39711085760922,-36.381011725557684],[148.3970935,-36.38100593715415],[148.3970761423908,-36.381011725557684],[148.39706895263367,-36.3810257],[148.3970761423908,-36.38103967444232],[148.3970935,-36.381045462845854],[148.39711085760922,-36.38103967444232],[148.39711804736635,-36.3810257]]]}},{"type":"Feature","id":"pylon-perisher-222","properties":{"kind":"pylon","name":"Lift tower","height":13},"geometry":{"type":"Polygon","coordinates":[[[148.3966517471082,-36.3802078],[148.39664455742667,-36.38019382555768],[148.3966272,-36.38018803715415],[148.39660984257335,-36.38019382555768],[148.39660265289183,-36.3802078],[148.39660984257335,-36.38022177444232],[148.3966272,-36.38022756284585],[148.39664455742667,-36.38022177444232],[148.3966517471082,-36.3802078]]]}},{"type":"Feature","id":"pylon-perisher-223","properties":{"kind":"pylon","name":"Lift tower","height":13},"geometry":{"type":"Polygon","coordinates":[[[148.3963245469271,-36.3796341],[148.3963173572986,-36.37962012555768],[148.3963,-36.379614337154145],[148.39628264270138,-36.37962012555768],[148.3962754530729,-36.3796341],[148.39628264270138,-36.379648074442315],[148.3963,-36.37965386284585],[148.3963173572986,-36.379648074442315],[148.3963245469271,-36.3796341]]]}},{"type":"Feature","id":"pylon-perisher-224","properties":{"kind":"pylon","name":"Lift tower","height":13},"geometry":{"type":"Polygon","coordinates":[[[148.396044346772,-36.3791426],[148.3960371571889,-36.379128625557684],[148.3960198,-36.37912283715415],[148.3960024428111,-36.379128625557684],[148.39599525322802,-36.3791426],[148.3960024428111,-36.37915657444232],[148.3960198,-36.379162362845854],[148.3960371571889,-36.37915657444232],[148.396044346772,-36.3791426]]]}},{"type":"Feature","id":"pylon-perisher-225","properties":{"kind":"pylon","name":"Lift tower","height":13},"geometry":{"type":"Polygon","coordinates":[[[148.39589104668715,-36.3788738],[148.39588385712895,-36.37885982555768],[148.3958665,-36.37885403715415],[148.39584914287107,-36.37885982555768],[148.39584195331287,-36.3788738],[148.39584914287107,-36.37888777444232],[148.3958665,-36.37889356284585],[148.39588385712895,-36.37888777444232],[148.39589104668715,-36.3788738]]]}},{"type":"Feature","id":"pylon-perisher-226","properties":{"kind":"pylon","name":"Lift tower","height":13},"geometry":{"type":"Polygon","coordinates":[[[148.39555474650095,-36.3782839],[148.3955475569973,-36.37826992555768],[148.3955302,-36.37826413715415],[148.3955128430027,-36.37826992555768],[148.39550565349904,-36.3782839],[148.3955128430027,-36.37829787444232],[148.3955302,-36.37830366284585],[148.3955475569973,-36.37829787444232],[148.39555474650095,-36.3782839]]]}},{"type":"Feature","id":"pylon-perisher-227","properties":{"kind":"pylon","name":"Lift tower","height":13},"geometry":{"type":"Polygon","coordinates":[[[148.39524084632723,-36.3777335],[148.39523365687444,-36.37771952555768],[148.3952163,-36.377713737154146],[148.39519894312554,-36.37771952555768],[148.39519175367275,-36.3777335],[148.39519894312554,-36.377747474442316],[148.3952163,-36.37775326284585],[148.39523365687444,-36.377747474442316],[148.39524084632723,-36.3777335]]]}},{"type":"Feature","id":"pylon-perisher-228","properties":{"kind":"pylon","name":"Lift tower","height":13},"geometry":{"type":"Polygon","coordinates":[[[148.39656474617286,-36.3772443],[148.3965575567653,-36.37723032555768],[148.3965402,-36.37722453715415],[148.39652284323472,-36.37723032555768],[148.39651565382715,-36.3772443],[148.39652284323472,-36.37725827444232],[148.3965402,-36.37726406284585],[148.3965575567653,-36.37725827444232],[148.39656474617286,-36.3772443]]]}},{"type":"Feature","id":"pylon-perisher-229","properties":{"kind":"pylon","name":"Lift tower","height":13},"geometry":{"type":"Polygon","coordinates":[[[148.3974421462172,-36.3773848],[148.39743495679664,-36.37737082555768],[148.3974176,-36.37736503715415],[148.39740024320338,-36.37737082555768],[148.39739305378282,-36.3773848],[148.39740024320338,-36.37739877444232],[148.3974176,-36.377404562845854],[148.39743495679664,-36.37739877444232],[148.3974421462172,-36.3773848]]]}},{"type":"Feature","id":"pylon-perisher-230","properties":{"kind":"pylon","name":"Lift tower","height":13},"geometry":{"type":"Polygon","coordinates":[[[148.39841674626643,-36.3775408],[148.39840955683144,-36.37752682555768],[148.3983922,-36.377521037154146],[148.39837484316854,-36.37752682555768],[148.39836765373354,-36.3775408],[148.39837484316854,-36.377554774442316],[148.3983922,-36.37756056284585],[148.39840955683144,-36.377554774442316],[148.39841674626643,-36.3775408]]]}},{"type":"Feature","id":"pylon-perisher-231","properties":{"kind":"pylon","name":"Lift tower","height":13},"geometry":{"type":"Polygon","coordinates":[[[148.39951054632166,-36.3777158],[148.3995033568705,-36.37770182555768],[148.399486,-36.377696037154145],[148.3994686431295,-36.37770182555768],[148.39946145367833,-36.3777158],[148.3994686431295,-36.377729774442315],[148.399486,-36.37773556284585],[148.3995033568705,-36.377729774442315],[148.39951054632166,-36.3777158]]]}},{"type":"Feature","id":"pylon-perisher-232","properties":{"kind":"pylon","name":"Lift tower","height":13},"geometry":{"type":"Polygon","coordinates":[[[148.4007138463825,-36.3779085],[148.4007066569135,-36.37789452555768],[148.4006893,-36.377888737154144],[148.4006719430865,-36.37789452555768],[148.40066475361752,-36.3779085],[148.4006719430865,-36.377922474442315],[148.4006893,-36.37792826284585],[148.4007066569135,-36.377922474442315],[148.4007138463825,-36.3779085]]]}},{"type":"Feature","id":"pylon-perisher-233","properties":{"kind":"pylon","name":"Lift tower","height":13},"geometry":{"type":"Polygon","coordinates":[[[148.40171704643316,-36.3780691],[148.40170985694934,-36.37805512555768],[148.4016925,-36.378049337154145],[148.40167514305065,-36.37805512555768],[148.40166795356683,-36.3780691],[148.40167514305065,-36.378083074442316],[148.4016925,-36.37808886284585],[148.40170985694934,-36.378083074442316],[148.40171704643316,-36.3780691]]]}},{"type":"Feature","id":"pylon-perisher-234","properties":{"kind":"pylon","name":"Lift tower","height":13},"geometry":{"type":"Polygon","coordinates":[[[148.402506446473,-36.3781954],[148.40249925697753,-36.378181425557685],[148.4024819,-36.37817563715415],[148.40246454302246,-36.378181425557685],[148.40245735352698,-36.3781954],[148.40246454302246,-36.37820937444232],[148.4024819,-36.378215162845855],[148.40249925697753,-36.37820937444232],[148.402506446473,-36.3781954]]]}},{"type":"Feature","id":"pylon-perisher-235","properties":{"kind":"pylon","name":"Lift tower","height":13},"geometry":{"type":"Polygon","coordinates":[[[148.40289064649244,-36.3782569],[148.40288345699128,-36.37824292555768],[148.4028661,-36.378237137154144],[148.40284874300875,-36.37824292555768],[148.40284155350759,-36.3782569],[148.40284874300875,-36.378270874442315],[148.4028661,-36.37827666284585],[148.40288345699128,-36.378270874442315],[148.40289064649244,-36.3782569]]]}},{"type":"Feature","id":"pylon-perisher-236","properties":{"kind":"pylon","name":"Lift tower","height":13},"geometry":{"type":"Polygon","coordinates":[[[148.4033407465152,-36.378329],[148.40333355700736,-36.37831502555768],[148.4033162,-36.37830923715415],[148.40329884299265,-36.37831502555768],[148.4032916534848,-36.378329],[148.40329884299265,-36.37834297444232],[148.4033162,-36.37834876284585],[148.40333355700736,-36.37834297444232],[148.4033407465152,-36.378329]]]}},{"type":"Feature","id":"pylon-perisher-237","properties":{"kind":"pylon","name":"Lift tower","height":13},"geometry":{"type":"Polygon","coordinates":[[[148.4031280465044,-36.3782949],[148.40312085699972,-36.37828092555768],[148.4031035,-36.37827513715415],[148.40308614300025,-36.37828092555768],[148.40307895349557,-36.3782949],[148.40308614300025,-36.37830887444232],[148.4031035,-36.37831466284585],[148.40312085699972,-36.37830887444232],[148.4031280465044,-36.3782949]]]}},{"type":"Feature","id":"pylon-perisher-238","properties":{"kind":"pylon","name":"Lift tower","height":13},"geometry":{"type":"Polygon","coordinates":[[[148.4042658465619,-36.3784771],[148.4042586570404,-36.37846312555768],[148.4042413,-36.378457337154146],[148.4042239429596,-36.37846312555768],[148.40421675343808,-36.3784771],[148.4042239429596,-36.378491074442316],[148.4042413,-36.37849686284585],[148.4042586570404,-36.378491074442316],[148.4042658465619,-36.3784771]]]}},{"type":"Feature","id":"pylon-perisher-239","properties":{"kind":"pylon","name":"Lift tower","height":13},"geometry":{"type":"Polygon","coordinates":[[[148.40530534661445,-36.3786435],[148.40529815707754,-36.378629525557685],[148.4052808,-36.37862373715415],[148.4052634429225,-36.378629525557685],[148.40525625338557,-36.3786435],[148.4052634429225,-36.37865747444232],[148.4052808,-36.378663262845855],[148.40529815707754,-36.37865747444232],[148.40530534661445,-36.3786435]]]}},{"type":"Feature","id":"pylon-perisher-240","properties":{"kind":"pylon","name":"Lift tower","height":13},"geometry":{"type":"Polygon","coordinates":[[[148.40637204666834,-36.3788142],[148.40636485711565,-36.37880022555768],[148.4063475,-36.37879443715415],[148.40633014288437,-36.37880022555768],[148.40632295333168,-36.3788142],[148.40633014288437,-36.37882817444232],[148.4063475,-36.37883396284585],[148.40636485711565,-36.37882817444232],[148.40637204666834,-36.3788142]]]}},{"type":"Feature","id":"pylon-perisher-241","properties":{"kind":"pylon","name":"Lift tower","height":13},"geometry":{"type":"Polygon","coordinates":[[[148.40687544669376,-36.3788948],[148.4068682571336,-36.37888082555768],[148.4068509,-36.378875037154145],[148.4068335428664,-36.37888082555768],[148.40682635330623,-36.3788948],[148.4068335428664,-36.378908774442316],[148.4068509,-36.37891456284585],[148.4068682571336,-36.378908774442316],[148.40687544669376,-36.3788948]]]}},{"type":"Feature","id":"pylon-perisher-242","properties":{"kind":"pylon","name":"Lift tower","height":13},"geometry":{"type":"Polygon","coordinates":[[[148.32634636510505,-36.4371455],[148.32633917015235,-36.43713152555768],[148.3263218,-36.43712573715415],[148.32630442984762,-36.43713152555768],[148.32629723489492,-36.4371455],[148.32630442984762,-36.43715947444232],[148.3263218,-36.43716526284585],[148.32633917015235,-36.43715947444232],[148.32634636510505,-36.4371455]]]}},{"type":"Feature","id":"pylon-perisher-243","properties":{"kind":"pylon","name":"Lift tower","height":13},"geometry":{"type":"Polygon","coordinates":[[[148.32742856500298,-36.436823],[148.3274213700802,-36.43680902555768],[148.327404,-36.436803237154145],[148.3273866299198,-36.43680902555768],[148.32737943499703,-36.436823],[148.3273866299198,-36.436836974442315],[148.327404,-36.43684276284585],[148.3274213700802,-36.436836974442315],[148.32742856500298,-36.436823]]]}},{"type":"Feature","id":"pylon-perisher-244","properties":{"kind":"pylon","name":"Lift tower","height":13},"geometry":{"type":"Polygon","coordinates":[[[148.32832166491875,-36.4365569],[148.32831447002062,-36.43654292555768],[148.3282971,-36.43653713715415],[148.32827972997936,-36.43654292555768],[148.32827253508123,-36.4365569],[148.32827972997936,-36.43657087444232],[148.3282971,-36.43657666284585],[148.32831447002062,-36.43657087444232],[148.32832166491875,-36.4365569]]]}},{"type":"Feature","id":"pylon-perisher-245","properties":{"kind":"pylon","name":"Lift tower","height":13},"geometry":{"type":"Polygon","coordinates":[[[148.32973986477975,-36.4361177],[148.32973266992235,-36.43610372555768],[148.3297153,-36.436097937154145],[148.32969793007766,-36.43610372555768],[148.32969073522025,-36.4361177],[148.32969793007766,-36.436131674442315],[148.3297153,-36.43613746284585],[148.32973266992235,-36.436131674442315],[148.32973986477975,-36.4361177]]]}},{"type":"Feature","id":"pylon-perisher-246","properties":{"kind":"pylon","name":"Lift tower","height":13},"geometry":{"type":"Polygon","coordinates":[[[148.33066186468363,-36.435814],[148.33065466985437,-36.43580002555768],[148.3306373,-36.43579423715415],[148.33061993014564,-36.43580002555768],[148.33061273531638,-36.435814],[148.33061993014564,-36.43582797444232],[148.3306373,-36.43583376284585],[148.33065466985437,-36.43582797444232],[148.33066186468363,-36.435814]]]}},{"type":"Feature","id":"pylon-perisher-247","properties":{"kind":"pylon","name":"Lift tower","height":13},"geometry":{"type":"Polygon","coordinates":[[[148.3297149645831,-36.4354964],[148.32970776978328,-36.43548242555768],[148.3296904,-36.435476637154146],[148.32967303021672,-36.43548242555768],[148.3296658354169,-36.4354964],[148.32967303021672,-36.435510374442316],[148.3296904,-36.43551616284585],[148.32970776978328,-36.435510374442316],[148.3297149645831,-36.4354964]]]}},{"type":"Feature","id":"pylon-perisher-248","properties":{"kind":"pylon","name":"Lift tower","height":13},"geometry":{"type":"Polygon","coordinates":[[[148.33485656233827,-36.4284025],[148.33484936819596,-36.42838852555768],[148.334832,-36.428382737154145],[148.33481463180405,-36.42838852555768],[148.33480743766174,-36.4284025],[148.33481463180405,-36.428416474442315],[148.334832,-36.42842226284585],[148.33484936819596,-36.428416474442315],[148.33485656233827,-36.4284025]]]}},{"type":"Feature","id":"pylon-perisher-249","properties":{"kind":"pylon","name":"Lift tower","height":13},"geometry":{"type":"Polygon","coordinates":[[[148.33477156264334,-36.4293667],[148.33476436841167,-36.429352725557685],[148.334747,-36.42934693715415],[148.33472963158832,-36.429352725557685],[148.33472243735665,-36.4293667],[148.33472963158832,-36.42938067444232],[148.334747,-36.429386462845855],[148.33476436841167,-36.42938067444232],[148.33477156264334,-36.4293667]]]}},{"type":"Feature","id":"pylon-perisher-250","properties":{"kind":"pylon","name":"Lift tower","height":13},"geometry":{"type":"Polygon","coordinates":[[[148.33470066289755,-36.4301701],[148.3346934685914,-36.43015612555768],[148.3346761,-36.430150337154146],[148.33465873140858,-36.43015612555768],[148.33465153710245,-36.4301701],[148.33465873140858,-36.430184074442316],[148.3346761,-36.43018986284585],[148.3346934685914,-36.430184074442316],[148.33470066289755,-36.4301701]]]}},{"type":"Feature","id":"pylon-perisher-251","properties":{"kind":"pylon","name":"Lift tower","height":13},"geometry":{"type":"Polygon","coordinates":[[[148.33463966311655,-36.4308622],[148.3346324687463,-36.43084822555768],[148.3346151,-36.43084243715415],[148.33459773125372,-36.43084822555768],[148.33459053688347,-36.4308622],[148.33459773125372,-36.43087617444232],[148.3346151,-36.43088196284585],[148.3346324687463,-36.43087617444232],[148.33463966311655,-36.4308622]]]}},{"type":"Feature","id":"pylon-perisher-252","properties":{"kind":"pylon","name":"Lift tower","height":13},"geometry":{"type":"Polygon","coordinates":[[[148.33458576330992,-36.4314733],[148.33457856888302,-36.43145932555768],[148.3345612,-36.43145353715415],[148.33454383111697,-36.43145932555768],[148.33453663669007,-36.4314733],[148.33454383111697,-36.43148727444232],[148.3345612,-36.43149306284585],[148.33457856888302,-36.43148727444232],[148.33458576330992,-36.4314733]]]}},{"type":"Feature","id":"pylon-perisher-253","properties":{"kind":"pylon","name":"Lift tower","height":13},"geometry":{"type":"Polygon","coordinates":[[[148.33454046347236,-36.4319866],[148.3345332689979,-36.431972625557684],[148.3345159,-36.43196683715415],[148.33449853100214,-36.431972625557684],[148.33449133652766,-36.4319866],[148.33449853100214,-36.43200057444232],[148.3345159,-36.432006362845854],[148.3345332689979,-36.43200057444232],[148.33454046347236,-36.4319866]]]}},{"type":"Feature","id":"pylon-perisher-254","properties":{"kind":"pylon","name":"Lift tower","height":13},"geometry":{"type":"Polygon","coordinates":[[[148.33450576359684,-36.43238],[148.3344985690859,-36.432366025557684],[148.3344812,-36.43236023715415],[148.3344638309141,-36.432366025557684],[148.33445663640316,-36.43238],[148.3344638309141,-36.43239397444232],[148.3344812,-36.432399762845854],[148.3344985690859,-36.43239397444232],[148.33450576359684,-36.43238]]]}},{"type":"Feature","id":"pylon-perisher-255","properties":{"kind":"pylon","name":"Lift tower","height":13},"geometry":{"type":"Polygon","coordinates":[[[148.32885596386495,-36.4332272],[148.32884876927548,-36.43321322555768],[148.3288314,-36.433207437154145],[148.32881403072454,-36.43321322555768],[148.32880683613507,-36.4332272],[148.32881403072454,-36.433241174442315],[148.3288314,-36.43324696284585],[148.32884876927548,-36.433241174442315],[148.32885596386495,-36.4332272]]]}},{"type":"Feature","id":"pylon-perisher-256","properties":{"kind":"pylon","name":"Lift tower","height":13},"geometry":{"type":"Polygon","coordinates":[[[148.3297038638771,-36.4332656],[148.32969666928406,-36.43325162555768],[148.3296793,-36.433245837154146],[148.32966193071596,-36.43325162555768],[148.3296547361229,-36.4332656],[148.32966193071596,-36.43327957444232],[148.3296793,-36.43328536284585],[148.32969666928406,-36.43327957444232],[148.3297038638771,-36.4332656]]]}},{"type":"Feature","id":"pylon-perisher-257","properties":{"kind":"pylon","name":"Lift tower","height":13},"geometry":{"type":"Polygon","coordinates":[[[148.33094506389483,-36.4333217],[148.3309378692966,-36.43330772555768],[148.3309205,-36.43330193715415],[148.33090313070338,-36.43330772555768],[148.33089593610515,-36.4333217],[148.33090313070338,-36.43333567444232],[148.3309205,-36.43334146284585],[148.3309378692966,-36.43333567444232],[148.33094506389483,-36.4333217]]]}},{"type":"Feature","id":"pylon-perisher-258","properties":{"kind":"pylon","name":"Lift tower","height":13},"geometry":{"type":"Polygon","coordinates":[[[148.33180336390714,-36.4333606],[148.3317961693053,-36.43334662555768],[148.3317788,-36.43334083715415],[148.33176143069468,-36.43334662555768],[148.33175423609285,-36.4333606],[148.33176143069468,-36.43337457444232],[148.3317788,-36.43338036284585],[148.3317961693053,-36.43337457444232],[148.33180336390714,-36.4333606]]]}},{"type":"Feature","id":"pylon-perisher-259","properties":{"kind":"pylon","name":"Lift tower","height":13},"geometry":{"type":"Polygon","coordinates":[[[148.37698114691065,-36.379582],[148.376973957287,-36.37956802555768],[148.3769566,-36.37956223715415],[148.376939242713,-36.37956802555768],[148.37693205308935,-36.379582],[148.376939242713,-36.37959597444232],[148.3769566,-36.37960176284585],[148.376973957287,-36.37959597444232],[148.37698114691065,-36.379582]]]}},{"type":"Feature","id":"pylon-perisher-260","properties":{"kind":"pylon","name":"Lift tower","height":13},"geometry":{"type":"Polygon","coordinates":[[[148.37666524674898,-36.3790698],[148.37665805717268,-36.379055825557685],[148.3766407,-36.37905003715415],[148.37662334282732,-36.379055825557685],[148.376616153251,-36.3790698],[148.37662334282732,-36.37908377444232],[148.3766407,-36.379089562845856],[148.37665805717268,-36.37908377444232],[148.37666524674898,-36.3790698]]]}},{"type":"Feature","id":"pylon-perisher-261","properties":{"kind":"pylon","name":"Lift tower","height":13},"geometry":{"type":"Polygon","coordinates":[[[148.37623454652856,-36.3783714],[148.3762273570168,-36.37835742555768],[148.37621,-36.37835163715415],[148.37619264298317,-36.37835742555768],[148.3761854534714,-36.3783714],[148.37619264298317,-36.37838537444232],[148.37621,-36.37839116284585],[148.3762273570168,-36.37838537444232],[148.37623454652856,-36.3783714]]]}},{"type":"Feature","id":"pylon-perisher-262","properties":{"kind":"pylon","name":"Lift tower","height":13},"geometry":{"type":"Polygon","coordinates":[[[148.3760046464109,-36.3779986],[148.3759974569336,-36.37798462555768],[148.3759801,-36.377978837154146],[148.3759627430664,-36.37798462555768],[148.37595555358908,-36.3779986],[148.3759627430664,-36.378012574442316],[148.3759801,-36.37801836284585],[148.3759974569336,-36.378012574442316],[148.3760046464109,-36.3779986]]]}},{"type":"Feature","id":"pylon-perisher-263","properties":{"kind":"pylon","name":"Lift tower","height":13},"geometry":{"type":"Polygon","coordinates":[[[148.3776518472539,-36.3806695],[148.3776446575297,-36.380655525557685],[148.3776273,-36.38064973715415],[148.37760994247031,-36.380655525557685],[148.3776027527461,-36.3806695],[148.37760994247031,-36.38068347444232],[148.3776273,-36.380689262845856],[148.3776446575297,-36.38068347444232],[148.3776518472539,-36.3806695]]]}},{"type":"Feature","id":"pylon-perisher-264","properties":{"kind":"pylon","name":"Lift tower","height":13},"geometry":{"type":"Polygon","coordinates":[[[148.3782822475766,-36.3816918],[148.3782750577579,-36.38167782555768],[148.3782577,-36.381672037154146],[148.37824034224212,-36.38167782555768],[148.3782331524234,-36.3816918],[148.37824034224212,-36.38170577444232],[148.3782577,-36.38171156284585],[148.3782750577579,-36.38170577444232],[148.3782822475766,-36.3816918]]]}},{"type":"Feature","id":"pylon-perisher-265","properties":{"kind":"pylon","name":"Lift tower","height":13},"geometry":{"type":"Polygon","coordinates":[[[148.378505747691,-36.3820542],[148.37849855783878,-36.38204022555768],[148.3784812,-36.38203443715415],[148.37846384216124,-36.38204022555768],[148.378456652309,-36.3820542],[148.37846384216124,-36.38206817444232],[148.3784812,-36.38207396284585],[148.37849855783878,-36.38206817444232],[148.378505747691,-36.3820542]]]}},{"type":"Feature","id":"pylon-perisher-266","properties":{"kind":"pylon","name":"Lift tower","height":13},"geometry":{"type":"Polygon","coordinates":[[[148.38147494823477,-36.3837767],[148.38146775822327,-36.38376272555768],[148.3814504,-36.383756937154146],[148.38143304177675,-36.38376272555768],[148.38142585176524,-36.3837767],[148.38143304177675,-36.38379067444232],[148.3814504,-36.38379646284585],[148.38146775822327,-36.38379067444232],[148.38147494823477,-36.3837767]]]}},{"type":"Feature","id":"pylon-perisher-267","properties":{"kind":"pylon","name":"Lift tower","height":13},"geometry":{"type":"Polygon","coordinates":[[[148.38044774841723,-36.3843547],[148.3804405583523,-36.384340725557685],[148.3804232,-36.38433493715415],[148.3804058416477,-36.384340725557685],[148.38039865158277,-36.3843547],[148.3804058416477,-36.38436867444232],[148.3804232,-36.384374462845855],[148.3804405583523,-36.38436867444232],[148.38044774841723,-36.3843547]]]}},{"type":"Feature","id":"pylon-perisher-268","properties":{"kind":"pylon","name":"Lift tower","height":13},"geometry":{"type":"Polygon","coordinates":[[[148.37945284859393,-36.3849144],[148.37944565847724,-36.38490042555768],[148.3794283,-36.38489463715415],[148.37941094152276,-36.38490042555768],[148.37940375140607,-36.3849144],[148.37941094152276,-36.38492837444232],[148.3794283,-36.38493416284585],[148.37944565847724,-36.38492837444232],[148.37945284859393,-36.3849144]]]}},{"type":"Feature","id":"pylon-perisher-269","properties":{"kind":"pylon","name":"Lift tower","height":13},"geometry":{"type":"Polygon","coordinates":[[[148.38253794804595,-36.3831787],[148.38253075808976,-36.383164725557684],[148.3825134,-36.38315893715415],[148.38249604191023,-36.383164725557684],[148.38248885195404,-36.3831787],[148.38249604191023,-36.38319267444232],[148.3825134,-36.383198462845854],[148.38253075808976,-36.38319267444232],[148.38253794804595,-36.3831787]]]}},{"type":"Feature","id":"pylon-perisher-270","properties":{"kind":"pylon","name":"Lift tower","height":13},"geometry":{"type":"Polygon","coordinates":[[[148.3836497478485,-36.3825531],[148.38364255795014,-36.382539125557685],[148.3836252,-36.38253333715415],[148.38360784204988,-36.382539125557685],[148.38360065215153,-36.3825531],[148.38360784204988,-36.38256707444232],[148.3836252,-36.382572862845855],[148.38364255795014,-36.38256707444232],[148.3836497478485,-36.3825531]]]}},{"type":"Feature","id":"pylon-perisher-271","properties":{"kind":"pylon","name":"Lift tower","height":13},"geometry":{"type":"Polygon","coordinates":[[[148.40003445651007,-36.4099731],[148.4000272640748,-36.409959125557684],[148.4000099,-36.40995333715415],[148.39999253592518,-36.409959125557684],[148.3999853434899,-36.4099731],[148.39999253592518,-36.40998707444232],[148.4000099,-36.409992862845854],[148.4000272640748,-36.40998707444232],[148.40003445651007,-36.4099731]]]}},{"type":"Feature","id":"pylon-perisher-272","properties":{"kind":"pylon","name":"Lift tower","height":13},"geometry":{"type":"Polygon","coordinates":[[[148.39829475647676,-36.4098676],[148.39828756405123,-36.40985362555768],[148.3982702,-36.409847837154146],[148.3982528359488,-36.40985362555768],[148.39824564352327,-36.4098676],[148.3982528359488,-36.409881574442316],[148.3982702,-36.40988736284585],[148.39828756405123,-36.409881574442316],[148.39829475647676,-36.4098676]]]}},{"type":"Feature","id":"pylon-perisher-273","properties":{"kind":"pylon","name":"Lift tower","height":13},"geometry":{"type":"Polygon","coordinates":[[[148.39675865644728,-36.4097744],[148.3967514640304,-36.409760425557685],[148.3967341,-36.40975463715415],[148.39671673596962,-36.409760425557685],[148.39670954355273,-36.4097744],[148.39671673596962,-36.40978837444232],[148.3967341,-36.409794162845856],[148.3967514640304,-36.40978837444232],[148.39675865644728,-36.4097744]]]}},{"type":"Feature","id":"pylon-perisher-274","properties":{"kind":"pylon","name":"Lift tower","height":13},"geometry":{"type":"Polygon","coordinates":[[[148.3950382564143,-36.4096701],[148.39503106400707,-36.40965612555768],[148.3950137,-36.40965033715415],[148.39499633599291,-36.40965612555768],[148.3949891435857,-36.4096701],[148.39499633599291,-36.40968407444232],[148.3950137,-36.40968986284585],[148.39503106400707,-36.40968407444232],[148.3950382564143,-36.4096701]]]}},{"type":"Feature","id":"pylon-perisher-275","properties":{"kind":"pylon","name":"Lift tower","height":13},"geometry":{"type":"Polygon","coordinates":[[[148.39351295638505,-36.4095776],[148.3935057639864,-36.40956362555768],[148.3934884,-36.409557837154146],[148.39347103601358,-36.40956362555768],[148.39346384361494,-36.4095776],[148.39347103601358,-36.40959157444232],[148.3934884,-36.40959736284585],[148.3935057639864,-36.40959157444232],[148.39351295638505,-36.4095776]]]}},{"type":"Feature","id":"pylon-perisher-276","properties":{"kind":"pylon","name":"Lift tower","height":13},"geometry":{"type":"Polygon","coordinates":[[[148.39107095633824,-36.4094295],[148.3910637639533,-36.409415525557684],[148.3910464,-36.40940973715415],[148.3910290360467,-36.409415525557684],[148.39102184366175,-36.4094295],[148.3910290360467,-36.40944347444232],[148.3910464,-36.409449262845854],[148.3910637639533,-36.40944347444232],[148.39107095633824,-36.4094295]]]}},{"type":"Feature","id":"pylon-perisher-277","properties":{"kind":"pylon","name":"Lift tower","height":13},"geometry":{"type":"Polygon","coordinates":[[[148.38900705629868,-36.4093043],[148.3889998639253,-36.409290325557684],[148.3889825,-36.40928453715415],[148.3889651360747,-36.409290325557684],[148.3889579437013,-36.4093043],[148.3889651360747,-36.40931827444232],[148.3889825,-36.409324062845855],[148.3889998639253,-36.40931827444232],[148.38900705629868,-36.4093043]]]}},{"type":"Feature","id":"pylon-perisher-278","properties":{"kind":"pylon","name":"Lift tower","height":13},"geometry":{"type":"Polygon","coordinates":[[[148.3872801562656,-36.4091996],[148.38727296390192,-36.40918562555768],[148.3872556,-36.40917983715415],[148.38723823609809,-36.40918562555768],[148.3872310437344,-36.4091996],[148.38723823609809,-36.40921357444232],[148.3872556,-36.40921936284585],[148.38727296390192,-36.40921357444232],[148.3872801562656,-36.4091996]]]}},{"type":"Feature","id":"pylon-perisher-279","properties":{"kind":"pylon","name":"Lift tower","height":13},"geometry":{"type":"Polygon","coordinates":[[[148.38714885626308,-36.4091916],[148.38714166390014,-36.40917762555768],[148.3871243,-36.40917183715415],[148.38710693609988,-36.40917762555768],[148.38709974373694,-36.4091916],[148.38710693609988,-36.40920557444232],[148.3871243,-36.40921136284585],[148.38714166390014,-36.40920557444232],[148.38714885626308,-36.4091916]]]}},{"type":"Feature","id":"marker-perisher-summit zone \u00b7 2054 m","properties":{"kind":"marker","name":"Summit zone \u00b7 2054 m","height":26},"geometry":{"type":"Polygon","coordinates":[[[148.40527812381944,-36.3995],[148.40526320349758,-36.39946303901576],[148.40522414158787,-36.399440195871236],[148.40517585841215,-36.399440195871236],[148.40513679650243,-36.39946303901576],[148.40512187618057,-36.3995],[148.40513679650243,-36.39953696098425],[148.40517585841215,-36.39955980412877],[148.40522414158787,-36.39955980412877],[148.40526320349758,-36.39953696098425],[148.40527812381944,-36.3995]]]}},{"type":"Feature","id":"marker-perisher-resort base \u00b7 1605 m","properties":{"kind":"marker","name":"Resort base \u00b7 1605 m","height":18},"geometry":{"type":"Polygon","coordinates":[[[148.41127812985187,-36.4055],[148.41126320837793,-36.40546303901576],[148.411224143452,-36.405440195871236],[148.41117585654803,-36.405440195871236],[148.41113679162208,-36.40546303901576],[148.41112187014815,-36.4055],[148.41113679162208,-36.40553696098425],[148.41117585654803,-36.40555980412877],[148.411224143452,-36.40555980412877],[148.41126320837793,-36.40553696098425],[148.41127812985187,-36.4055]]]}}]}