{"type":"FeatureCollection","features":[{"type":"Feature","id":25010804,"properties":{"kind":"lift","name":"Schilthornbahn","subtype":"cable_car","status":"active"},"geometry":{"type":"LineString","coordinates":[[7.9017843,46.5551128],[7.8942554,46.5477499],[7.8935541,46.5470585]]}},{"type":"Feature","id":25010926,"properties":{"kind":"lift","name":"Schilthornbahn","subtype":"cable_car","status":"active"},"geometry":{"type":"LineString","coordinates":[[7.8572772,46.5617604],[7.8357722,46.5574298],[7.8353781,46.5573596]]}},{"type":"Feature","id":25075912,"properties":{"kind":"lift","name":"Wengen LWM","subtype":"cable_car","status":"active"},"geometry":{"type":"LineString","coordinates":[[7.9214951,46.6062521],[7.937165,46.6118203],[7.9409459,46.6131638]]}},{"type":"Feature","id":25076446,"properties":{"kind":"lift","name":"Mürrenbahn","subtype":"cable_car","status":"active"},"geometry":{"type":"LineString","coordinates":[[7.907198,46.5987678],[7.9064727,46.5986734],[7.9031981,46.5982345],[7.8956282,46.5972176],[7.8915606,46.5966692],[7.8909193,46.5965829]]}},{"type":"Feature","id":26546340,"properties":{"kind":"run","name":"Mapped ski run","subtype":"unknown","pisteType":"sled","featured":false},"geometry":{"type":"LineString","coordinates":[[7.9610994,46.585398],[7.9612963,46.5854467],[7.9617196,46.585513],[7.9619068,46.5855338]]}},{"type":"Feature","id":26546572,"properties":{"kind":"run","name":"Mapped ski run","subtype":"unknown","pisteType":"sled","featured":false},"geometry":{"type":"LineString","coordinates":[[7.9619068,46.5855338],[7.9620361,46.5855308],[7.9621903,46.5855077],[7.9625234,46.5854482]]}},{"type":"Feature","id":27365628,"properties":{"kind":"lift","name":"Wixi","subtype":"chair_lift","status":"active"},"geometry":{"type":"LineString","coordinates":[[7.9498236,46.5727687],[7.9495729,46.5740008],[7.949304,46.5753217],[7.9490592,46.5765243],[7.9488118,46.5777401],[7.948572,46.578918],[7.9483408,46.580054],[7.9481474,46.581004],[7.9479096,46.5821724],[7.9476466,46.5834643],[7.9473861,46.5847441],[7.9471765,46.5857739],[7.9470836,46.5862301],[7.9469988,46.5866466]]}},{"type":"Feature","id":27365636,"properties":{"kind":"lift","name":"Lauberhorn","subtype":"chair_lift","status":"active"},"geometry":{"type":"LineString","coordinates":[[7.9598918,46.5861699],[7.9594933,46.586334],[7.9591558,46.5864729],[7.9585093,46.586739],[7.9571819,46.5872854],[7.9561871,46.587695],[7.9555099,46.5879737],[7.9542052,46.5885108],[7.952377,46.5892633],[7.9504851,46.5900418],[7.9490077,46.5906329],[7.9486724,46.5907734]]}},{"type":"Feature","id":27365638,"properties":{"kind":"lift","name":"Arven","subtype":"chair_lift","status":"active"},"geometry":{"type":"LineString","coordinates":[[7.9731532,46.5896529],[7.9721418,46.589412],[7.9707605,46.5890831],[7.9687765,46.5886106],[7.9673692,46.5882755],[7.9662029,46.5879977],[7.9648623,46.5876785],[7.9639329,46.5874571],[7.962564,46.5871311],[7.9615518,46.5869107],[7.9611794,46.5868306]]}},{"type":"Feature","id":27646161,"properties":{"kind":"run","name":"Mapped ski run","subtype":"easy","pisteType":"downhill","featured":false},"geometry":{"type":"LineString","coordinates":[[7.8891786,46.5638362],[7.8893172,46.5638756],[7.889663,46.5638172],[7.890369,46.5640908],[7.8905795,46.5642455],[7.8907558,46.564375],[7.8905266,46.564361],[7.8904738,46.5644245]]}},{"type":"Feature","id":30080579,"properties":{"kind":"lift","name":"Sesselbahn Männlichen","subtype":"chair_lift","status":"active"},"geometry":{"type":"LineString","coordinates":[[7.9644802,46.6181422],[7.9642032,46.6180823],[7.9637235,46.6179785],[7.9622294,46.617652],[7.9593665,46.6170379],[7.9581285,46.6167724],[7.9562397,46.6163673],[7.9540927,46.6159068],[7.9520018,46.6154583],[7.9504244,46.6151199],[7.9486485,46.614739],[7.9468158,46.6143459],[7.9461565,46.6142045],[7.9453691,46.6140355],[7.9439964,46.6137411],[7.9433996,46.6136131],[7.9429251,46.6135113],[7.9425226,46.613425],[7.9420597,46.6133257]]}},{"type":"Feature","id":30080631,"properties":{"kind":"lift","name":"Läger","subtype":"chair_lift","status":"active"},"geometry":{"type":"LineString","coordinates":[[7.9667044,46.6171476],[7.9664582,46.6170201],[7.9658703,46.6167157],[7.9649239,46.6162221],[7.9635337,46.6154939],[7.9620954,46.6147437],[7.9612638,46.6143094],[7.9604857,46.6139072],[7.9590152,46.6131485],[7.9575996,46.6124112],[7.9559879,46.6115693],[7.9543656,46.6107181],[7.9538125,46.6104299],[7.9523107,46.6096429],[7.9509173,46.6089146],[7.9493082,46.608084],[7.9475233,46.6071454],[7.9459231,46.6063142],[7.9458456,46.6062741],[7.9455028,46.6060998]]}},{"type":"Feature","id":30080639,"properties":{"kind":"lift","name":"Gummi","subtype":"chair_lift","status":"active"},"geometry":{"type":"LineString","coordinates":[[7.9602744,46.6047721],[7.9601717,46.6042774],[7.9598487,46.6027206],[7.9596617,46.6018196],[7.9594127,46.6006197],[7.9591419,46.5993145],[7.959082,46.5990257]]}},{"type":"Feature","id":30080668,"properties":{"kind":"lift","name":"Honegg","subtype":"chair_lift","status":"active"},"geometry":{"type":"LineString","coordinates":[[7.9739785,46.5902703],[7.9732784,46.5905654],[7.9715722,46.5912847],[7.9703733,46.5917902],[7.9693865,46.5922061],[7.9675713,46.5929714],[7.9657045,46.5937583],[7.9639072,46.594516],[7.9622658,46.5952079],[7.9613253,46.5956044],[7.9598464,46.5962278],[7.9580696,46.5969768],[7.9555617,46.5980339],[7.955222,46.5981771]]}},{"type":"Feature","id":30080764,"properties":{"kind":"lift","name":"Innerwengen","subtype":"chair_lift","status":"active"},"geometry":{"type":"LineString","coordinates":[[7.9236917,46.5941813],[7.9246395,46.5940704],[7.9267049,46.5938288],[7.9278372,46.5936964],[7.9299917,46.5934444],[7.9305656,46.5933772],[7.9312189,46.5933008]]}},{"type":"Feature","id":34723029,"properties":{"kind":"lift","name":"Luftseilbahn Isenfluh-Sulwald","subtype":"cable_car","status":"active"},"geometry":{"type":"LineString","coordinates":[[7.8951256,46.6203914],[7.891815,46.6218076],[7.8898495,46.6226484],[7.8892954,46.6228854],[7.8881172,46.6233964]]}},{"type":"Feature","id":38433357,"properties":{"kind":"run","name":"Mapped ski run","subtype":"unknown","pisteType":"sled","featured":false},"geometry":{"type":"LineString","coordinates":[[7.9625234,46.5854482],[7.9628824,46.5853323],[7.9631259,46.5852453],[7.9632822,46.5851839],[7.9634184,46.5851372],[7.9636413,46.5850738],[7.9646808,46.5847621],[7.9653046,46.5845663],[7.9654391,46.5845165],[7.9655199,46.5844849],[7.9655917,46.5844506],[7.9656722,46.584401],[7.9658211,46.5842921],[7.9659875,46.5841705],[7.9661153,46.5840962],[7.9661941,46.5840636],[7.9663054,46.5840285],[7.9664816,46.5839791],[7.9665848,46.5839437],[7.9667839,46.5838711],[7.9669234,46.5838294],[7.9670543,46.5837985],[7.9672806,46.5837488],[7.9674516,46.5837039],[7.9676561,46.583648],[7.9677975,46.5836176],[7.9678854,46.583607],[7.9680519,46.5835936],[7.9684527,46.583579],[7.9685626,46.5835707],[7.968663,46.5835591],[7.9687883,46.5835373],[7.9688936,46.5835158],[7.9689982,46.5834861],[7.9690922,46.5834565],[7.9692288,46.5834082],[7.9696497,46.5832492],[7.9702006,46.5830655],[7.9704294,46.5830011],[7.9704778,46.5829944],[7.9705253,46.5829904],[7.9705728,46.5829907],[7.9706247,46.5829936],[7.9707719,46.5830077],[7.9709405,46.5830313],[7.9711729,46.5830667],[7.9713869,46.5831045],[7.9715086,46.5831202],[7.9716998,46.5831376],[7.9718909,46.5831617],[7.9719852,46.5831788],[7.9721528,46.5832186],[7.9722351,46.583231],[7.9723169,46.5832388],[7.9724191,46.5832386],[7.9725354,46.583234],[7.972622,46.5832393],[7.9727472,46.5832563],[7.9729849,46.5832925],[7.9733858,46.5833575],[7.9736523,46.5833991],[7.9737068,46.5834156],[7.9737765,46.5834445],[7.9738701,46.5834891],[7.974087,46.5836564],[7.9742433,46.583699],[7.9745727,46.5837751],[7.9746595,46.5838587],[7.974772,46.5839319],[7.9748669,46.5839746]]}},{"type":"Feature","id":39603696,"properties":{"kind":"run","name":"Mapped ski run","subtype":"easy","pisteType":"downhill","featured":false},"geometry":{"type":"LineString","coordinates":[[7.896472,46.5736467],[7.8964949,46.5737722],[7.8965209,46.5738181],[7.8965622,46.5738787],[7.8965946,46.5739293],[7.8966134,46.5739685],[7.8966535,46.5741526],[7.8966824,46.574224],[7.8967064,46.5742604],[7.8967381,46.5742987],[7.8967738,46.5743311],[7.8968756,46.5744142],[7.8969588,46.5744868],[7.8970247,46.5745588],[7.8970927,46.5746518],[7.8971333,46.5746975],[7.8971574,46.5747124],[7.8971894,46.5747257],[7.8972206,46.5747365],[7.8972634,46.574747],[7.8974559,46.574788],[7.8975129,46.5748048],[7.8975628,46.5748224],[7.8976264,46.5748489],[7.8977065,46.5748922],[7.8977915,46.5749315],[7.8978982,46.5749713],[7.8980561,46.5750247],[7.8981187,46.5750415],[7.8981566,46.5750493],[7.8981994,46.5750522],[7.8982414,46.5750504],[7.898275,46.5750454],[7.8984214,46.5750036],[7.8984756,46.5749915],[7.8985076,46.5749857],[7.898562,46.5749856],[7.8986009,46.5749856],[7.8986768,46.574994],[7.8987559,46.5750074],[7.8988679,46.5750279],[7.8989463,46.5750413],[7.8990253,46.5750478],[7.8991048,46.5750475],[7.8991697,46.5750417],[7.8992208,46.5750326],[7.8992669,46.5750185],[7.8993066,46.5749984],[7.8993349,46.5749824],[7.899378,46.5749498],[7.8994178,46.574906],[7.8994357,46.5748767],[7.8994586,46.5748267],[7.8994777,46.5747777],[7.8994928,46.5747541],[7.8995116,46.5747447],[7.8995315,46.5747394],[7.8995552,46.5747387],[7.8995784,46.5747443],[7.8995911,46.5747537],[7.8996044,46.5747722],[7.8996167,46.5747948],[7.8996561,46.5749295],[7.8996679,46.5749866],[7.8996711,46.575027],[7.8996655,46.5750671],[7.8996524,46.5751012],[7.899624,46.5751409],[7.8995682,46.5751921],[7.8994968,46.5752439],[7.8993985,46.5752984],[7.8993368,46.5753232],[7.8992858,46.5753339],[7.8991963,46.5753383],[7.8991549,46.5753449],[7.8991288,46.5753515],[7.8991129,46.5753584],[7.8990988,46.5753702],[7.8990914,46.5753918],[7.8990893,46.5754101],[7.8990948,46.5754246],[7.89912,46.5754431],[7.899211,46.5755002],[7.8993419,46.5755891],[7.8993979,46.5756333],[7.8994556,46.5756687],[7.8995219,46.575701],[7.8996501,46.5757464],[7.8997377,46.5757602],[7.8997976,46.5757617],[7.8998567,46.5757548],[7.8999126,46.5757441]]}},{"type":"Feature","id":39979988,"properties":{"kind":"run","name":"Mapped ski run","subtype":"unknown","pisteType":"sled","featured":false},"geometry":{"type":"LineString","coordinates":[[7.9421839,46.5757412],[7.9419799,46.5757404],[7.9419176,46.575818],[7.941816,46.5759384],[7.9417743,46.5759643],[7.9416947,46.5759679],[7.9416218,46.5759471],[7.9414432,46.5758836],[7.9411784,46.5757836],[7.9409129,46.5757168],[7.940762,46.5756823],[7.9405463,46.5756105],[7.9404201,46.5755853],[7.9401175,46.575577],[7.9399507,46.5755998],[7.9393188,46.5756008]]}},{"type":"Feature","id":52329528,"properties":{"kind":"lift","name":"Eigernordwand","subtype":"chair_lift","status":"active"},"geometry":{"type":"LineString","coordinates":[[7.9743548,46.590454],[7.9743398,46.5898324],[7.9744292,46.5882866],[7.9744776,46.5874496],[7.9746086,46.5851842],[7.974686,46.5838468],[7.9747791,46.5822355],[7.9748761,46.580559],[7.9749138,46.579906],[7.9749527,46.5792339],[7.9750201,46.578068],[7.9750923,46.5768192],[7.9751857,46.5754214]]}},{"type":"Feature","id":52331677,"properties":{"kind":"run","name":"Lauberhorn Weltcup-Abfahrt","subtype":"advanced","pisteType":"downhill","featured":false},"geometry":{"type":"LineString","coordinates":[[7.9473123,46.5864603],[7.9469722,46.5861861],[7.946645,46.5860534],[7.9466315,46.5860302],[7.9467452,46.5858704],[7.9469535,46.5853733],[7.9472607,46.5846679],[7.9475801,46.5842045],[7.9479298,46.5838173],[7.9480317,46.5834947],[7.9479784,46.5833662],[7.9477979,46.583284],[7.9474282,46.5832624],[7.947065,46.5833127],[7.9464144,46.5835338],[7.9460077,46.583473],[7.9454523,46.5832298],[7.9437147,46.5823137],[7.9424144,46.5816141],[7.941659,46.5813022],[7.9408957,46.580875],[7.9404651,46.5805227],[7.940149,46.5797963],[7.9401173,46.5791604],[7.9399719,46.5787827],[7.9397005,46.5785958],[7.9391241,46.5785106],[7.9387915,46.5783784],[7.9387245,46.5783277],[7.9386871,46.5782872],[7.9386839,46.5782061],[7.9387084,46.5781115],[7.938704,46.5780061],[7.9385812,46.577889],[7.9382899,46.5777889],[7.9380673,46.5776819],[7.9378954,46.5775157],[7.9377375,46.5770434],[7.9376529,46.5768452],[7.937508,46.5767396],[7.93725,46.5766458],[7.9368933,46.576637],[7.936458,46.5767472],[7.936116,46.5768997],[7.9355385,46.5772888],[7.9348409,46.5779459],[7.9347333,46.5780828],[7.9347132,46.5781728],[7.9347363,46.5782432],[7.9349541,46.5784763],[7.9350126,46.578562],[7.9350123,46.5786111],[7.9349637,46.5786736],[7.9347266,46.5788748],[7.9343937,46.5790566],[7.9341218,46.5791716],[7.9338448,46.5792298],[7.9331233,46.5792619]]}},{"type":"Feature","id":52331678,"properties":{"kind":"run","name":"Lauberhorn","subtype":"intermediate","pisteType":"downhill","featured":false},"geometry":{"type":"LineString","coordinates":[[7.9473123,46.5864603],[7.9478332,46.5863391],[7.9490627,46.5852666],[7.9508012,46.5848519],[7.9519192,46.5847737],[7.9523865,46.5848108],[7.9529697,46.5846438],[7.9540521,46.5844555],[7.9542702,46.5846489],[7.954259,46.5848161],[7.9540134,46.5852265],[7.9539595,46.5853598],[7.9538853,46.5856474]]}},{"type":"Feature","id":52331679,"properties":{"kind":"run","name":"Punchball","subtype":"intermediate","pisteType":"downhill","featured":false},"geometry":{"type":"LineString","coordinates":[[7.9750544,46.5754945],[7.9746483,46.5755172],[7.973928,46.5756711],[7.9726812,46.5754879],[7.9723151,46.5754419],[7.9712137,46.5754978],[7.9708326,46.5755172],[7.9705676,46.5760945],[7.9705489,46.576301],[7.9706186,46.5764245],[7.9707576,46.5764748],[7.9711767,46.5762329],[7.9714168,46.5761996],[7.9717559,46.5762826],[7.9721087,46.57641],[7.9726237,46.5767381],[7.9727045,46.5771992],[7.9729107,46.5778384],[7.9735927,46.5787156],[7.973789,46.5796306],[7.9740983,46.580103],[7.9743945,46.581853],[7.9743883,46.5823665]]}},{"type":"Feature","id":52331680,"properties":{"kind":"run","name":"Mittelegg","subtype":"intermediate","pisteType":"downhill","featured":false},"geometry":{"type":"LineString","coordinates":[[7.9673844,46.5783844],[7.9667653,46.5783116],[7.966252,46.5784231],[7.9655208,46.5786103],[7.9648733,46.5787494],[7.9641581,46.578683],[7.961686,46.5780956],[7.9600827,46.577888],[7.9584128,46.5776694],[7.9573866,46.5772741],[7.9569313,46.5770624],[7.9565075,46.5767343],[7.9560091,46.5760257],[7.9558021,46.5755322],[7.9555214,46.5752729],[7.9548985,46.5750026],[7.9546056,46.5746636],[7.9537269,46.5739959],[7.9533832,46.5736495],[7.9524445,46.5732626],[7.9520416,46.573126],[7.9516742,46.5730965],[7.9512422,46.5731212],[7.9505718,46.5731869],[7.9502593,46.5731445],[7.9499595,46.5729897]]}},{"type":"Feature","id":52331681,"properties":{"kind":"run","name":"Black - Rock","subtype":"advanced","pisteType":"downhill","featured":false},"geometry":{"type":"LineString","coordinates":[[7.9684942,46.5751734],[7.9685587,46.5749947],[7.9686672,46.5748771],[7.969358,46.5746573],[7.9694449,46.5745798],[7.9690059,46.5742563],[7.9679898,46.5739503],[7.9672632,46.5736994],[7.9667533,46.5732401],[7.9662491,46.5731166],[7.9647018,46.5728688],[7.9635268,46.5726946],[7.9615598,46.5726246],[7.9608607,46.5727475],[7.9602176,46.5729671],[7.9599238,46.5731514],[7.9597449,46.5734856],[7.9594579,46.5737916],[7.9588742,46.5741565],[7.9585183,46.5742904],[7.9579509,46.5744123],[7.9564483,46.5746095],[7.9560247,46.574614],[7.9554561,46.5745476],[7.9551673,46.5744653],[7.9544456,46.5742597],[7.9537269,46.5739959]]}},{"type":"Feature","id":52331684,"properties":{"kind":"run","name":"Stöckipiste","subtype":"advanced","pisteType":"downhill","featured":false},"geometry":{"type":"LineString","coordinates":[[7.9485255,46.590593],[7.9490924,46.5904768],[7.949551,46.5904302],[7.9505632,46.5904481],[7.9519231,46.5905615],[7.952982,46.5904541],[7.9541582,46.5904264],[7.9548317,46.5904384],[7.9557565,46.5903502],[7.9566794,46.5901899],[7.9571206,46.590036],[7.9584304,46.5891105],[7.9587713,46.5890322],[7.9590252,46.5890437],[7.9595572,46.5891225],[7.9596955,46.5891964],[7.9597047,46.5892737],[7.9596719,46.5894184],[7.9596537,46.5896073],[7.959725,46.5896676],[7.9598724,46.5896853],[7.9603567,46.589411],[7.9603913,46.5893769],[7.9604198,46.5893147],[7.9603994,46.5891981],[7.9604434,46.588954],[7.9606171,46.5884913],[7.9606493,46.5882163],[7.960623,46.5880858],[7.9605871,46.5880326],[7.9605404,46.5879943],[7.9603658,46.5879008],[7.9602949,46.5878589],[7.9602516,46.5878133],[7.9602281,46.5877729],[7.960225,46.5875613],[7.9602456,46.5872018],[7.960268,46.5869686],[7.9603846,46.5866924],[7.9605137,46.5864972]]}},{"type":"Feature","id":52331685,"properties":{"kind":"run","name":"Mapped ski run","subtype":"easy","pisteType":"downhill","featured":false},"geometry":{"type":"LineString","coordinates":[[7.9420597,46.6133257],[7.9419554,46.6132412],[7.942023,46.6131729],[7.9422746,46.613077],[7.9425806,46.6128793],[7.9431062,46.6118875],[7.9432145,46.6117681],[7.9434746,46.6116372],[7.943837,46.6115454],[7.9441398,46.6114733],[7.9443322,46.6113732],[7.9444402,46.6112171],[7.9445368,46.6109334],[7.9446334,46.6107264],[7.9446764,46.6106341],[7.9447587,46.6105085],[7.9451135,46.609896],[7.9452177,46.6097692],[7.9453532,46.6096538],[7.9454827,46.6095684],[7.9456301,46.6094972],[7.9461,46.6093019],[7.9462845,46.6092299],[7.9464147,46.6091827],[7.9466485,46.6091087],[7.9467403,46.6090898],[7.9468062,46.609083],[7.9468983,46.6090734],[7.9469741,46.6090748],[7.9470847,46.6090826],[7.9472278,46.609102],[7.9473659,46.609143],[7.9474813,46.609176],[7.9476348,46.6091731],[7.9477364,46.6091279],[7.947874,46.6090505],[7.9479968,46.6089824],[7.9481395,46.6089893],[7.9482553,46.6089963],[7.9483443,46.6090431],[7.9485024,46.6092057],[7.9487433,46.6094564],[7.9487623,46.609489],[7.9487714,46.6095235],[7.9487696,46.6095523],[7.9487601,46.6095792],[7.9487354,46.6096043],[7.9486964,46.6096278],[7.9486209,46.6096447],[7.9485354,46.6096479],[7.9479773,46.6096029],[7.9478929,46.6096005],[7.947814,46.6096026],[7.9477252,46.6096195],[7.947675,46.6096365],[7.9476096,46.6096766],[7.9474872,46.609791],[7.947439,46.6099292],[7.9474485,46.6100989],[7.947482,46.6105437],[7.9476387,46.6116769],[7.9477233,46.6122011],[7.9476964,46.6127907],[7.9478896,46.6139735],[7.9479822,46.6141546],[7.9481524,46.6143936],[7.9484493,46.6147231],[7.949118,46.6151784],[7.9503016,46.6157055],[7.9513734,46.6161068],[7.9526961,46.6162102],[7.9534591,46.6164162],[7.955241,46.6170501],[7.9575254,46.6174609],[7.9585757,46.6175866],[7.9605281,46.6182515],[7.962116,46.6187821],[7.9626643,46.6188174],[7.9630942,46.6187329],[7.9633605,46.6185094],[7.9634485,46.6181621],[7.9634839,46.6179291],[7.9636067,46.6178243],[7.9642873,46.6177154],[7.964705,46.617795],[7.9648143,46.6179696],[7.9648048,46.6180793],[7.9647338,46.6181382],[7.9646391,46.618155],[7.9644802,46.6181422]]}},{"type":"Feature","id":52331686,"properties":{"kind":"run","name":"Allmend - Wengen Dorf","subtype":"easy","pisteType":"downhill","featured":false},"geometry":{"type":"LineString","coordinates":[[7.930767,46.5933979],[7.9306222,46.5936744],[7.930692,46.594189],[7.9312857,46.5951298],[7.9315495,46.5955308],[7.9318886,46.5963613],[7.9322116,46.5976988],[7.9321557,46.5978866],[7.9320212,46.5979899],[7.9314674,46.5981946],[7.930879,46.598375],[7.9301321,46.5984848],[7.9294574,46.5986238],[7.9284267,46.5989397],[7.9264188,46.5990823],[7.9259866,46.5992338],[7.9255662,46.5994589],[7.9254448,46.5996688],[7.9254136,46.5999094],[7.9255441,46.6001866],[7.9256271,46.6005496],[7.9255925,46.6013086],[7.9256675,46.6015227],[7.9260143,46.6021297],[7.9262455,46.6023488],[7.9262777,46.6024497],[7.9262207,46.6025985],[7.9261141,46.6027491],[7.9258672,46.6029488],[7.9254411,46.6033389],[7.9252841,46.6035597],[7.9252879,46.6037031],[7.9250671,46.6045443],[7.9250268,46.6046735]]}},{"type":"Feature","id":52331687,"properties":{"kind":"run","name":"Mapped ski run","subtype":"intermediate","pisteType":"downhill","featured":false},"geometry":{"type":"LineString","coordinates":[[7.9474485,46.6100989],[7.9490725,46.611493],[7.9521413,46.6134706],[7.9543775,46.6139677],[7.9561454,46.6145999],[7.9568147,46.6147151],[7.9588091,46.6153126],[7.9610256,46.6159386],[7.9617619,46.6162654],[7.9626239,46.6168603],[7.9634947,46.6173782],[7.9642873,46.6177154]]}},{"type":"Feature","id":52331689,"properties":{"kind":"run","name":"Mapped ski run","subtype":"intermediate","pisteType":"downhill","featured":false},"geometry":{"type":"LineString","coordinates":[[7.9456472,46.606628],[7.9467051,46.6077495],[7.946763,46.6083612],[7.94676,46.6088495],[7.9468062,46.609083],[7.9468864,46.6093193],[7.9471301,46.609675],[7.9474485,46.6100989]]}},{"type":"Feature","id":52331690,"properties":{"kind":"run","name":"Grathula","subtype":"advanced","pisteType":"downhill","featured":false},"geometry":{"type":"LineString","coordinates":[[7.9437295,46.6121108],[7.9456419,46.6123411],[7.9476964,46.6127907],[7.9495065,46.6131291],[7.9503975,46.6132388],[7.9521413,46.6134706]]}},{"type":"Feature","id":52331691,"properties":{"kind":"run","name":"Mapped ski run","subtype":"easy","pisteType":"downhill","featured":false},"geometry":{"type":"LineString","coordinates":[[7.9530206,46.6069663],[7.9538199,46.6066309],[7.9545039,46.6061647],[7.9550783,46.6058121],[7.9563573,46.6052728],[7.956713,46.6048082],[7.9567975,46.6045805],[7.9570818,46.6041542],[7.9574329,46.6039884],[7.9580067,46.6038665],[7.9586297,46.603846],[7.9586832,46.6038676],[7.9589178,46.6039407],[7.9591437,46.6040451],[7.9597057,46.6046407],[7.9597364,46.6047604],[7.9596543,46.6050082],[7.9594808,46.6052333],[7.9594832,46.6053805],[7.9594963,46.6055049],[7.9596122,46.6054009],[7.9598743,46.605224],[7.9601587,46.605092],[7.9602889,46.604973],[7.9602744,46.6047721]]}},{"type":"Feature","id":52331692,"properties":{"kind":"run","name":"Mapped ski run","subtype":"easy","pisteType":"downhill","featured":false},"geometry":{"type":"LineString","coordinates":[[7.9530206,46.6069663],[7.9537287,46.6070787],[7.9544763,46.6072932],[7.9556234,46.6076809],[7.9566845,46.6077881],[7.9574837,46.6078734],[7.9577992,46.6080222],[7.9578674,46.6086302],[7.9581842,46.6091965],[7.9586345,46.6096694],[7.9594795,46.610332],[7.9596537,46.6105686],[7.9597204,46.6107689],[7.9596752,46.6109997],[7.9595742,46.6112717],[7.9596484,46.6114677],[7.9600078,46.6118915],[7.9613938,46.6129765],[7.9618816,46.6132738],[7.9628456,46.6137027],[7.9633498,46.6140159],[7.9636624,46.6142854],[7.9640231,46.6146865],[7.9641169,46.6148689],[7.9641473,46.6150459],[7.9641303,46.6153443],[7.9640982,46.6155875],[7.9641909,46.6158662],[7.9643878,46.6160628],[7.965449,46.6167918],[7.9662917,46.6174819],[7.9664813,46.6173672],[7.9666302,46.6172087],[7.9667044,46.6171476]]}},{"type":"Feature","id":52331693,"properties":{"kind":"run","name":"Standard Innerwengen","subtype":"intermediate","pisteType":"downhill","featured":false},"geometry":{"type":"LineString","coordinates":[[7.9270749,46.5842138],[7.9268208,46.5846146],[7.926403,46.5858243],[7.9263782,46.5861751],[7.9264753,46.5864222],[7.9265767,46.5866801],[7.9268727,46.5870792],[7.9272135,46.5877287],[7.9272515,46.5879624],[7.9272687,46.5883373],[7.927081,46.5887539],[7.9267538,46.5892055],[7.9264775,46.5904589],[7.9263782,46.5908515],[7.9253241,46.5914966],[7.9249808,46.591587],[7.9243854,46.5915667],[7.9236317,46.5913897],[7.9233366,46.5914118],[7.923173,46.5915114],[7.9231086,46.5916699],[7.9232991,46.5921565],[7.9233178,46.5924477],[7.923063,46.5932642],[7.9230255,46.5936144],[7.9230979,46.5938098],[7.9231824,46.5938854],[7.9234412,46.5939536],[7.9236089,46.5940356]]}},{"type":"Feature","id":52331694,"properties":{"kind":"run","name":"Lauberhorn Weltcup Slalom","subtype":"advanced","pisteType":"downhill","featured":false},"geometry":{"type":"LineString","coordinates":[[7.9306222,46.5936744],[7.9296941,46.5946034],[7.9294038,46.5948014],[7.9290606,46.5948766],[7.9284259,46.5947942],[7.9280251,46.5948825],[7.927664,46.595039],[7.9273358,46.5950594],[7.9268381,46.5949442],[7.9265734,46.5947121],[7.9263675,46.5944678],[7.9257675,46.5942968],[7.9256353,46.5942024],[7.9250801,46.5939554],[7.9247704,46.5937716]]}},{"type":"Feature","id":52331695,"properties":{"kind":"run","name":"Huussengg","subtype":"intermediate","pisteType":"downhill","featured":false},"geometry":{"type":"LineString","coordinates":[[7.9318886,46.5963613],[7.9314744,46.5966979],[7.930378,46.5972015],[7.929429,46.5975055],[7.9290953,46.5975531],[7.9287839,46.5974928],[7.9283524,46.5973319],[7.9279598,46.5970648],[7.9275531,46.5968988],[7.9271923,46.5966943],[7.9266787,46.5962519],[7.9265627,46.5959209],[7.926658,46.5956333],[7.9266813,46.5953562],[7.9266012,46.5951544],[7.9265862,46.5949151],[7.9265734,46.5947121]]}},{"type":"Feature","id":52331696,"properties":{"kind":"run","name":"Einfahrtspiste","subtype":"advanced","pisteType":"downhill","featured":false},"geometry":{"type":"LineString","coordinates":[[7.9484918,46.5882508],[7.9493574,46.5877278],[7.9511432,46.5868514],[7.9533385,46.5859146],[7.9538853,46.5856474]]}},{"type":"Feature","id":52331698,"properties":{"kind":"run","name":"Engi","subtype":"intermediate","pisteType":"downhill","featured":false},"geometry":{"type":"LineString","coordinates":[[7.9486724,46.5907734],[7.9485789,46.5907114],[7.9485255,46.590593],[7.9485158,46.590356],[7.9485226,46.590105],[7.9483705,46.5897361],[7.9482532,46.5894502],[7.9483563,46.588988],[7.9483894,46.5886456],[7.9484379,46.5884588],[7.9484918,46.5882508],[7.9484689,46.5878599],[7.9483321,46.5875905],[7.9477388,46.5869025],[7.9473123,46.5864603]]}},{"type":"Feature","id":52331701,"properties":{"kind":"run","name":"Honegg - Seeli","subtype":"intermediate","pisteType":"downhill","featured":false},"geometry":{"type":"LineString","coordinates":[[7.9566514,46.5972601],[7.9578041,46.5974514],[7.9580811,46.5974704],[7.9589766,46.5975317],[7.9598103,46.5976033],[7.9603563,46.5977099],[7.9609328,46.5977083],[7.9615178,46.5974322],[7.9620543,46.5972268],[7.9632077,46.5968988],[7.96359,46.5967063],[7.9642187,46.5959126],[7.9647987,46.5950544],[7.9658669,46.595115],[7.967088,46.5953752],[7.9685886,46.5957993],[7.9690962,46.5958275],[7.9694609,46.5957504],[7.9698966,46.5954547],[7.9700622,46.5951698],[7.9701446,46.5945451],[7.9702858,46.594267],[7.9707792,46.5935951],[7.9709061,46.5934625],[7.9710548,46.592964],[7.9712431,46.5927726],[7.9716225,46.5926032],[7.9720289,46.5923211],[7.9723697,46.5918915],[7.972593,46.5911459]]}},{"type":"Feature","id":52331702,"properties":{"kind":"run","name":"Inberg","subtype":"intermediate","pisteType":"downhill","featured":false},"geometry":{"type":"LineString","coordinates":[[7.9566514,46.5972601],[7.9569541,46.597111],[7.9578196,46.5967831],[7.9594785,46.5959869],[7.9614269,46.5951013],[7.961908,46.5950168],[7.9624002,46.5949857],[7.9647987,46.5950544],[7.9656616,46.5943969],[7.9668768,46.5936043],[7.9672417,46.5932495],[7.967673,46.592652]]}},{"type":"Feature","id":52331703,"properties":{"kind":"run","name":"Kleine Scheidegg - Arven","subtype":"intermediate","pisteType":"downhill","featured":false},"geometry":{"type":"LineString","coordinates":[[7.9608148,46.5861879],[7.9609908,46.5861059],[7.9613266,46.5860956],[7.9614669,46.5861068],[7.9615615,46.5861287],[7.9616325,46.5861768],[7.9621124,46.5868214],[7.9621787,46.5869485],[7.9622742,46.5871679],[7.9623151,46.5872617],[7.9624969,46.5874156],[7.9626846,46.587482],[7.9633677,46.5875309],[7.9637173,46.5876903],[7.9637592,46.5879272],[7.9637656,46.5881234],[7.9644846,46.5890074],[7.9647724,46.5894291],[7.965236,46.5903728],[7.9655442,46.5908886],[7.9661213,46.5912875],[7.9663475,46.5913639],[7.9668802,46.5913969],[7.9673837,46.5914254],[7.9678911,46.5913924]]}},{"type":"Feature","id":52331709,"properties":{"kind":"run","name":"Mapped ski run","subtype":"intermediate","pisteType":"downhill","featured":false},"geometry":{"type":"LineString","coordinates":[[7.9556234,46.6076809],[7.9557806,46.6074914],[7.957069,46.6065971],[7.956935,46.6063987]]}},{"type":"Feature","id":52331711,"properties":{"kind":"run","name":"Mapped ski run","subtype":"intermediate","pisteType":"downhill","featured":false},"geometry":{"type":"LineString","coordinates":[[7.9582135,46.6075093],[7.9580297,46.6072791],[7.9579347,46.6070459],[7.9579043,46.6069794],[7.9578284,46.6069012],[7.9576369,46.6068752],[7.9573258,46.6068426],[7.9572026,46.6067579],[7.957069,46.6065971],[7.957409,46.6064114],[7.9581315,46.6060548],[7.9586024,46.6060524],[7.9594932,46.6061887],[7.9615313,46.6064481],[7.9616943,46.6065018],[7.96338,46.6070571],[7.9661784,46.6073121],[7.9670164,46.6073956],[7.9677085,46.6075649],[7.9685728,46.6076137],[7.9690658,46.607769],[7.9703205,46.6082628],[7.9706374,46.6082727],[7.9713759,46.6079697],[7.972066,46.6078982],[7.9729175,46.6082636],[7.9731174,46.6082537],[7.9732601,46.6078516],[7.9741458,46.6080208],[7.9751323,46.6079038],[7.975868,46.6077699],[7.9762585,46.6076358],[7.9762748,46.6075195]]}},{"type":"Feature","id":69645932,"properties":{"kind":"run","name":"Mapped ski run","subtype":"unknown","pisteType":"sled","featured":false},"geometry":{"type":"LineString","coordinates":[[7.9432107,46.6111097],[7.9432297,46.6110836],[7.9433727,46.6108707],[7.9434737,46.6106537],[7.9436565,46.6102636],[7.9439709,46.609705],[7.9443873,46.6092494],[7.9447689,46.6088694],[7.9449354,46.6087226],[7.9449939,46.60866]]}},{"type":"Feature","id":98625896,"properties":{"kind":"run","name":"Rohr","subtype":"easy","pisteType":"downhill","featured":false},"geometry":{"type":"LineString","coordinates":[[7.959082,46.5990257],[7.9591049,46.5989063],[7.9591817,46.598762],[7.9594704,46.5985255],[7.9600875,46.5981203],[7.9609328,46.5977083],[7.9622592,46.5975464],[7.9647781,46.5975255],[7.9662904,46.5976553],[7.967416,46.597501],[7.9681885,46.5972969],[7.9684326,46.5971679],[7.9687746,46.5968955],[7.9694071,46.5960011],[7.9694609,46.5957504],[7.9694342,46.5954147],[7.9691152,46.5950429],[7.9685754,46.5945442],[7.9683186,46.5941541],[7.9679072,46.5933376],[7.967673,46.592652],[7.9679159,46.5920038],[7.9678911,46.5913924],[7.9695066,46.5911519],[7.970109,46.5911704],[7.9705381,46.5912146],[7.9708538,46.5913208],[7.9715086,46.5916075],[7.9717156,46.5916459],[7.9719329,46.5916128],[7.9721233,46.5914874],[7.972593,46.5911459],[7.9728989,46.5906688],[7.9731398,46.5902693]]}},{"type":"Feature","id":98626850,"properties":{"kind":"run","name":"Punchball","subtype":"intermediate","pisteType":"downhill","featured":false},"geometry":{"type":"LineString","coordinates":[[7.9729107,46.5778384],[7.9726013,46.5794638],[7.9722828,46.5806316],[7.9722304,46.5810327]]}},{"type":"Feature","id":98626851,"properties":{"kind":"run","name":"Engi","subtype":"intermediate","pisteType":"downhill","featured":false},"geometry":{"type":"LineString","coordinates":[[7.9469988,46.5866466],[7.9471868,46.5866516],[7.9473123,46.5864603],[7.9477731,46.5856039],[7.9487096,46.5840373],[7.9488257,46.5836348],[7.948767,46.5832513],[7.9485586,46.5829913],[7.9482696,46.5828341],[7.9478037,46.5827868],[7.9474285,46.5827994],[7.9470313,46.5828882],[7.9461452,46.5831961],[7.9457554,46.5812258],[7.9458297,46.5806773],[7.9462523,46.5801332],[7.9484788,46.5786586],[7.9488659,46.5783917],[7.9492119,46.5780396],[7.9494019,46.577667],[7.9496315,46.5772093]]}},{"type":"Feature","id":127204440,"properties":{"kind":"lift","name":"Materialbähnli","subtype":"goods","status":"active"},"geometry":{"type":"LineString","coordinates":[[7.893247,46.5228425],[7.9024133,46.5260418]]}},{"type":"Feature","id":128766514,"properties":{"kind":"run","name":"Mapped ski run","subtype":"unknown","pisteType":"sled","featured":false},"geometry":{"type":"LineString","coordinates":[[7.9449939,46.60866],[7.9452122,46.6085842],[7.9453236,46.6084961],[7.945493,46.6082828],[7.9456128,46.6082073],[7.9457688,46.6081703],[7.9458977,46.6081717],[7.9460288,46.6081732],[7.9461811,46.6081463],[7.9462972,46.6080931],[7.9464199,46.6080129],[7.9465166,46.6079032],[7.9465922,46.6078352],[7.9467147,46.6077994],[7.9469974,46.6077743],[7.9473997,46.6077939],[7.9477291,46.6077761]]}},{"type":"Feature","id":141167942,"properties":{"kind":"lift","name":"Tschuggen","subtype":"t-bar","status":"active"},"geometry":{"type":"LineString","coordinates":[[7.9759999,46.6074147],[7.9582135,46.6075093],[7.9571646,46.6075149]]}},{"type":"Feature","id":150258430,"properties":{"kind":"lift","name":"Riggli","subtype":"chair_lift","status":"active"},"geometry":{"type":"LineString","coordinates":[[7.8634169,46.5692233],[7.8632574,46.5690425],[7.863163,46.5689355],[7.8624161,46.568089],[7.8619559,46.5675674],[7.8610692,46.5665624],[7.8606532,46.5660909],[7.859611,46.5649096],[7.8585035,46.5636542],[7.8572828,46.5622706],[7.8571812,46.5621554],[7.8569626,46.5619076]]}},{"type":"Feature","id":150259405,"properties":{"kind":"lift","name":"Muttleren","subtype":"chair_lift","status":"active"},"geometry":{"type":"LineString","coordinates":[[7.8689333,46.5669333],[7.8688907,46.5669756],[7.868483,46.5673796],[7.8672899,46.5685621],[7.8664936,46.5693514],[7.8656916,46.5701462],[7.8651722,46.5706609],[7.8650821,46.5707503],[7.8649084,46.5709224],[7.8648642,46.5709662]]}},{"type":"Feature","id":150259832,"properties":{"kind":"lift","name":"Kandahar","subtype":"chair_lift","status":"active"},"geometry":{"type":"LineString","coordinates":[[7.8771069,46.5689203],[7.8757485,46.569153],[7.87439,46.5693857],[7.8739663,46.5694583],[7.8735939,46.5695221],[7.8730414,46.5696167],[7.8719471,46.5698042],[7.8707075,46.5700166],[7.8694946,46.5702243],[7.8675923,46.5705502],[7.8667274,46.5706983],[7.8655479,46.5709004],[7.865001,46.5709941],[7.8649236,46.5710081]]}},{"type":"Feature","id":150266054,"properties":{"kind":"lift","name":"Gimmeln","subtype":"t-bar","status":"active"},"geometry":{"type":"LineString","coordinates":[[7.8811391,46.5505262],[7.8800367,46.5513236],[7.8795447,46.5516795],[7.8786356,46.5523371],[7.8779651,46.5528222],[7.8765838,46.5538213],[7.8757634,46.5544148],[7.875121,46.5548794],[7.8746271,46.5552367],[7.8737233,46.5558903],[7.8729409,46.5564563],[7.872239,46.556964],[7.8716687,46.5573765]]}},{"type":"Feature","id":150268609,"properties":{"kind":"lift","name":"Allmendhubel","subtype":"platter","status":"active"},"geometry":{"type":"LineString","coordinates":[[7.8904738,46.5644245],[7.8901403,46.5643934],[7.8897137,46.5643536],[7.8886574,46.5642551],[7.8878694,46.5641816],[7.8873259,46.5641309]]}},{"type":"Feature","id":150268906,"properties":{"kind":"lift","name":"Maulerhubel","subtype":"chair_lift","status":"active"},"geometry":{"type":"LineString","coordinates":[[7.8893114,46.5662694],[7.8892818,46.5663496],[7.8891841,46.566619],[7.8886605,46.5680287],[7.8883044,46.569002],[7.8880738,46.5697137],[7.8877719,46.5704784],[7.8877338,46.5705611]]}},{"type":"Feature","id":150270143,"properties":{"kind":"lift","name":"Winteregg","subtype":"chair_lift","status":"active"},"geometry":{"type":"LineString","coordinates":[[7.8957272,46.5815],[7.8956647,46.5814161],[7.8949586,46.5804662],[7.8938827,46.5790192],[7.8930765,46.5779346],[7.8924048,46.5770311],[7.8917575,46.5761604],[7.8914788,46.5757855],[7.8907348,46.5747848],[7.8906303,46.5746442],[7.8898332,46.5735719],[7.8887463,46.5721097],[7.8879717,46.5710676],[7.8878361,46.5708852],[7.8877671,46.5707924]]}},{"type":"Feature","id":154475630,"properties":{"kind":"lift","name":"Allmendhubel","subtype":"chair_lift","status":"active"},"geometry":{"type":"LineString","coordinates":[[7.8889149,46.5662755],[7.8887377,46.5660647],[7.8877329,46.5648695],[7.8873187,46.5643766],[7.887126,46.5641475]]}},{"type":"Feature","id":155328717,"properties":{"kind":"run","name":"Bärhaag","subtype":"intermediate","pisteType":"downhill","featured":false},"geometry":{"type":"LineString","coordinates":[[7.9609328,46.5977083],[7.9617997,46.5978243],[7.9623149,46.598019],[7.9629127,46.5981664],[7.9633551,46.5982211],[7.9638062,46.5982581],[7.9640855,46.5983352],[7.9642023,46.5985128],[7.9640701,46.5988072],[7.9640663,46.5990178],[7.9642604,46.5992723],[7.9645645,46.5993633],[7.9654052,46.5995084],[7.9658999,46.5997332],[7.9664838,46.6001191],[7.9671824,46.6007351],[7.9675229,46.6011786],[7.9677647,46.60132],[7.9680107,46.6013906],[7.9695088,46.6016346],[7.969991,46.601906],[7.9703795,46.6022659],[7.9706907,46.6025644],[7.9708918,46.6030067],[7.9709,46.6032758],[7.9708012,46.6034691],[7.9705947,46.6035968],[7.9691118,46.6041048],[7.9689821,46.6042451],[7.969013,46.6046672],[7.9691711,46.6050068],[7.9694793,46.6052699],[7.9699501,46.6054822],[7.9719945,46.6062782],[7.973161,46.6064276],[7.9736554,46.6065088],[7.9740103,46.6066641],[7.9743354,46.6068921],[7.9751184,46.607449],[7.9756088,46.6077122],[7.975868,46.6077699]]}},{"type":"Feature","id":155330151,"properties":{"kind":"run","name":"Engetal","subtype":"easy","pisteType":"downhill","featured":false},"geometry":{"type":"LineString","coordinates":[[7.8572878,46.5619425],[7.8573136,46.5621577],[7.857051,46.5622885],[7.8560569,46.5622402],[7.8556271,46.5621741],[7.8544151,46.5617341],[7.8541548,46.5616985],[7.8535109,46.5616106],[7.8529669,46.5616265],[7.8527761,46.5616722],[7.8519215,46.5616362],[7.8513828,46.5614558],[7.8506262,46.5614193],[7.8500378,46.5616497],[7.8494949,46.5617164],[7.8501858,46.5621207],[7.8508569,46.562717],[7.8514111,46.5632095],[7.8532487,46.5648577],[7.8556597,46.5660715],[7.8573477,46.5670273],[7.8580122,46.5674035],[7.8585779,46.5677238],[7.860037,46.5683139],[7.8604511,46.5684206],[7.8608047,46.5683645],[7.8614962,46.5682549],[7.8623545,46.5687269],[7.8632774,46.568901],[7.8636621,46.5692611],[7.8635191,46.5693059],[7.8634169,46.5692233]]}},{"type":"Feature","id":155330152,"properties":{"kind":"run","name":"Schilthorn","subtype":"advanced","pisteType":"downhill","featured":false},"geometry":{"type":"LineString","coordinates":[[7.8356152,46.5574152],[7.835768,46.5573366],[7.8368627,46.5571898],[7.838279,46.5567176],[7.8389612,46.5566671],[7.8396267,46.556897],[7.8402101,46.5573373],[7.8401243,46.5578095],[7.8400385,46.5587243],[7.8402531,46.5591964],[7.8404944,46.5600353],[7.8409397,46.5603768],[7.8416795,46.5607281],[7.8422272,46.561321],[7.8439438,46.5620882],[7.8449737,46.5619997],[7.8469479,46.5614095],[7.8477632,46.561262],[7.8494949,46.5617164]]}},{"type":"Feature","id":155330156,"properties":{"kind":"run","name":"Riggli","subtype":"easy","pisteType":"downhill","featured":false},"geometry":{"type":"LineString","coordinates":[[7.8623942,46.5684655],[7.8627617,46.5686731],[7.863077,46.5686991],[7.8632774,46.568901]]}},{"type":"Feature","id":158683995,"properties":{"kind":"run","name":"Kleine Scheidegg - Arven","subtype":"easy","pisteType":"downhill","featured":false},"geometry":{"type":"LineString","coordinates":[[7.9608592,46.5855737],[7.961096,46.5855419],[7.9617697,46.5855317],[7.9620387,46.5855361],[7.9625425,46.5854543],[7.9628384,46.5854613],[7.9630923,46.5855446],[7.9633266,46.5856143],[7.9644361,46.585928],[7.964848,46.5859013],[7.9662877,46.5855406],[7.9674053,46.5855301],[7.9688305,46.5857175],[7.9691524,46.5857876],[7.9696566,46.5858134],[7.9710067,46.5853537],[7.9715663,46.5852991],[7.9718336,46.585375],[7.9720616,46.5854819],[7.972599,46.5860641],[7.9733062,46.5863926],[7.9735807,46.5865941],[7.973671,46.5868313],[7.9737216,46.5873444],[7.9738709,46.5878079],[7.9740987,46.5883494],[7.9746965,46.5891178],[7.9751475,46.590138]]}},{"type":"Feature","id":158690890,"properties":{"kind":"run","name":"Mapped ski run","subtype":"easy","pisteType":"downhill","featured":false},"geometry":{"type":"LineString","coordinates":[[7.9673844,46.5783844],[7.9676329,46.5783742],[7.968343,46.5785286],[7.9685285,46.5787264],[7.9686657,46.5787857]]}},{"type":"Feature","id":158694610,"properties":{"kind":"run","name":"Arven - Skilift Tschuggen","subtype":"intermediate","pisteType":"downhill","featured":false},"geometry":{"type":"LineString","coordinates":[[7.9678911,46.5913924],[7.9686102,46.5919087],[7.9692909,46.5922781],[7.9699507,46.5928606],[7.9703826,46.5932108],[7.9709061,46.5934625],[7.9719737,46.5940081],[7.9722199,46.5942005],[7.9724913,46.5945131],[7.9729301,46.5948862],[7.9735332,46.5952894],[7.9739505,46.5954623],[7.9746156,46.5956521],[7.97501,46.5958382],[7.9752642,46.5960657],[7.9753479,46.5962493],[7.9753175,46.5964311],[7.9751035,46.5971115],[7.9750214,46.5975393],[7.9749055,46.5977445],[7.9741946,46.5984535],[7.9738675,46.5986651],[7.9737751,46.5988222],[7.9737518,46.5989815],[7.9739007,46.5992068],[7.9742348,46.5998518],[7.9745552,46.6004727],[7.9746058,46.60084],[7.9748051,46.6011421],[7.9751455,46.6014281],[7.9754295,46.6017576],[7.975539,46.6020878],[7.9755784,46.6023396],[7.975629,46.60297],[7.9757256,46.603169],[7.9759222,46.6034008],[7.9758978,46.6036512],[7.9758057,46.6040534],[7.9757509,46.604249],[7.9756237,46.6043344],[7.9754705,46.6043989],[7.9750761,46.604605],[7.9749403,46.6048114],[7.9748914,46.6049522],[7.9748962,46.6051638],[7.9752455,46.6056588],[7.9755823,46.6060255],[7.9759374,46.6062731],[7.976093,46.6065701],[7.9766124,46.6070185],[7.9768723,46.607313],[7.9768848,46.6074384],[7.9768325,46.6074947],[7.9764968,46.607541],[7.9762748,46.6075195]]}},{"type":"Feature","id":208096170,"properties":{"kind":"run","name":"Bietenhorn","subtype":"intermediate","pisteType":"downhill","featured":false},"geometry":{"type":"LineString","coordinates":[[7.8649407,46.5710795],[7.8650776,46.5711692],[7.8658692,46.5711324],[7.8693217,46.5704532],[7.8694336,46.5704312],[7.8700943,46.57062],[7.870551,46.5706686],[7.8709231,46.5706013],[7.8720442,46.5703987],[7.8734431,46.5707676],[7.8741332,46.5705291],[7.8750761,46.5702026],[7.8759807,46.5695057],[7.8765945,46.568918],[7.8769707,46.5688444],[7.8771069,46.5689203]]}},{"type":"Feature","id":208096171,"properties":{"kind":"run","name":"Direttissima","subtype":"advanced","pisteType":"downhill","featured":false},"geometry":{"type":"LineString","coordinates":[[7.857051,46.5622885],[7.8569392,46.5627074],[7.8564193,46.5634354],[7.8555919,46.5648065],[7.8556796,46.5657701],[7.8556597,46.5660715]]}},{"type":"Feature","id":208096172,"properties":{"kind":"run","name":"Fis","subtype":"advanced","pisteType":"downhill","featured":false},"geometry":{"type":"LineString","coordinates":[[7.8650776,46.5711692],[7.8665501,46.5720674],[7.8674079,46.5724618],[7.8676961,46.572602],[7.8694789,46.5732068],[7.8702563,46.5728485],[7.8712496,46.5724165],[7.8722764,46.57182],[7.87295,46.5712776],[7.8734431,46.5707676]]}},{"type":"Feature","id":208096173,"properties":{"kind":"run","name":"Kanonenrohr","subtype":"advanced","pisteType":"downhill","featured":false},"geometry":{"type":"LineString","coordinates":[[7.8759807,46.5695057],[7.8765947,46.5695056],[7.8771098,46.5695852],[7.877677,46.5695812],[7.8781574,46.5693226],[7.8782732,46.5690042],[7.8782732,46.5687217],[7.8795282,46.567921],[7.8797665,46.5676194],[7.8797202,46.5674125],[7.8798707,46.5672931],[7.8802875,46.567504],[7.88049,46.5676354],[7.8806463,46.5676513],[7.8807042,46.5675717],[7.8802643,46.5671578],[7.8801312,46.5670584],[7.8800328,46.5668793],[7.8800733,46.5666047],[7.8802759,46.5662903],[7.8804032,46.5662625],[7.880519,46.566362],[7.8804785,46.5666167],[7.8806,46.5666684],[7.8807447,46.5666604],[7.8813177,46.5656497],[7.8836966,46.5649652],[7.8842644,46.5647637]]}},{"type":"Feature","id":208096174,"properties":{"kind":"run","name":"Muttleren","subtype":"advanced","pisteType":"downhill","featured":false},"geometry":{"type":"LineString","coordinates":[[7.8637748,46.5708926],[7.8646698,46.5699385],[7.8652816,46.5694252],[7.8662077,46.5682434],[7.8668954,46.5676798]]}},{"type":"Feature","id":208096175,"properties":{"kind":"run","name":"Palace-Run","subtype":"intermediate","pisteType":"downhill","featured":false},"geometry":{"type":"LineString","coordinates":[[7.8894422,46.5659853],[7.8907528,46.5659535],[7.8914485,46.565734],[7.8931719,46.5654394],[7.893953,46.5652711],[7.8940645,46.5653113],[7.8941129,46.5653372],[7.8940256,46.5653948],[7.8931194,46.5658212],[7.8930282,46.56587],[7.893148,46.5658806],[7.8938565,46.5658953],[7.8941743,46.5659252],[7.8945277,46.5658999],[7.8945795,46.5658916],[7.8949397,46.5655145],[7.8950123,46.5642425],[7.8950005,46.5637109],[7.8949338,46.5634333],[7.89496,46.5633741],[7.8950577,46.5632796],[7.8950798,46.5632233],[7.8950707,46.5631564],[7.8947678,46.5626977],[7.8945336,46.5625282],[7.8943433,46.5623615],[7.8941412,46.5622773],[7.8939499,46.5622256],[7.8936504,46.5620655],[7.8933476,46.561831],[7.8932698,46.5616059],[7.8935337,46.5610075],[7.8934272,46.5607731],[7.893369,46.5602913]]}},{"type":"Feature","id":208096176,"properties":{"kind":"lift","name":"Schiltgrat","subtype":"chair_lift","status":"active"},"geometry":{"type":"LineString","coordinates":[[7.8905065,46.5565212],[7.8901669,46.5565399],[7.88997,46.5565508],[7.8883901,46.556638],[7.8864483,46.5567451],[7.8843348,46.5568617],[7.8828373,46.5569443],[7.881757,46.5570039],[7.8810328,46.5570438],[7.8796251,46.5571215],[7.8766447,46.5572859],[7.8748849,46.557383],[7.8724342,46.5575182],[7.8720405,46.5575399]]}},{"type":"Feature","id":208096177,"properties":{"kind":"run","name":"Stellifluh","subtype":"intermediate","pisteType":"downhill","featured":false},"geometry":{"type":"LineString","coordinates":[[7.863077,46.5686991],[7.8640091,46.5683853],[7.8649063,46.56824]]}},{"type":"Feature","id":208096178,"properties":{"kind":"run","name":"Mapped ski run","subtype":"easy","pisteType":"downhill","featured":false},"geometry":{"type":"LineString","coordinates":[[7.8899635,46.570365],[7.8912516,46.5704737],[7.8919983,46.5707005],[7.8928086,46.5713133],[7.8934916,46.5716913],[7.8949618,46.5719062],[7.895477,46.5719022],[7.8957779,46.5719897],[7.8960037,46.5722802],[7.8960616,46.5735654]]}},{"type":"Feature","id":208096179,"properties":{"kind":"run","name":"Maulerhubel","subtype":"easy","pisteType":"downhill","featured":false},"geometry":{"type":"LineString","coordinates":[[7.8883184,46.5704152],[7.8887316,46.5704354],[7.8899635,46.570365],[7.8899962,46.569791],[7.8900781,46.5695519],[7.8902295,46.5693662],[7.8903149,46.5693476],[7.8907329,46.5692564],[7.8908353,46.5691495],[7.890868,46.5687978],[7.8908148,46.5683954],[7.890954,46.5678946],[7.890954,46.5676807],[7.8908475,46.5673994],[7.8906224,46.5672193],[7.8902517,46.567001],[7.8900372,46.5666312],[7.8894422,46.5659853]]}},{"type":"Feature","id":208096181,"properties":{"kind":"run","name":"Mapped ski run","subtype":"easy","pisteType":"downhill","featured":false},"geometry":{"type":"LineString","coordinates":[[7.887126,46.5641475],[7.8870447,46.5641782],[7.8861279,46.564524]]}},{"type":"Feature","id":208096183,"properties":{"kind":"run","name":"Mapped ski run","subtype":"easy","pisteType":"downhill","featured":false},"geometry":{"type":"LineString","coordinates":[[7.8882193,46.5659844],[7.8894422,46.5659853]]}},{"type":"Feature","id":208096184,"properties":{"kind":"run","name":"Mapped ski run","subtype":"easy","pisteType":"downhill","featured":false},"geometry":{"type":"LineString","coordinates":[[7.8646698,46.5699385],[7.8637909,46.5695533],[7.8636621,46.5692611]]}},{"type":"Feature","id":208096185,"properties":{"kind":"run","name":"Riggli","subtype":"easy","pisteType":"downhill","featured":false},"geometry":{"type":"LineString","coordinates":[[7.8647333,46.5710257],[7.8645708,46.5711064],[7.8642434,46.5710811],[7.8637748,46.5708926],[7.8631151,46.5706535],[7.862839,46.570488],[7.8624355,46.5700841],[7.8616852,46.5694904],[7.8611048,46.5690525],[7.8607166,46.5687114],[7.8606175,46.56858],[7.8606812,46.568434],[7.8608047,46.5683645]]}},{"type":"Feature","id":208096186,"properties":{"kind":"run","name":"Mapped ski run","subtype":"easy","pisteType":"downhill","featured":false},"geometry":{"type":"LineString","coordinates":[[7.8882193,46.5659844],[7.8885638,46.5661864],[7.8890235,46.5663617],[7.8892732,46.5661774]]}},{"type":"Feature","id":208096187,"properties":{"kind":"run","name":"Mapped ski run","subtype":"intermediate","pisteType":"downhill","featured":false},"geometry":{"type":"LineString","coordinates":[[7.8842644,46.5647637],[7.884462,46.5649984],[7.8845767,46.5651346],[7.8852684,46.5655314],[7.8870774,46.5658691],[7.8882193,46.5659844]]}},{"type":"Feature","id":208096188,"properties":{"kind":"run","name":"Mapped ski run","subtype":"easy","pisteType":"downhill","featured":false},"geometry":{"type":"LineString","coordinates":[[7.8876954,46.5642539],[7.8870856,46.5644396],[7.8861279,46.564524],[7.8854812,46.564676],[7.8847159,46.5646703],[7.8842644,46.5647637]]}},{"type":"Feature","id":208096189,"properties":{"kind":"run","name":"Mapped ski run","subtype":"intermediate","pisteType":"downhill","featured":false},"geometry":{"type":"LineString","coordinates":[[7.89531,46.5751891],[7.8957682,46.5753483],[7.8962266,46.5753455],[7.8965663,46.5754384],[7.8966809,46.5756578],[7.8965704,46.5764287],[7.896157,46.5773936],[7.8958626,46.5775833]]}},{"type":"Feature","id":208096190,"properties":{"kind":"run","name":"Winteregg-Oberberg","subtype":"intermediate","pisteType":"downhill","featured":false},"geometry":{"type":"LineString","coordinates":[[7.8887411,46.571917],[7.8891542,46.572065],[7.8897764,46.5721157],[7.8904926,46.5721353],[7.8921952,46.5729963],[7.8946713,46.5737756],[7.8953589,46.5742061],[7.8954776,46.574479],[7.8954737,46.5747446]]}},{"type":"Feature","id":208096191,"properties":{"kind":"run","name":"Riggli","subtype":"easy","pisteType":"downhill","featured":false},"geometry":{"type":"LineString","coordinates":[[7.8614962,46.5682549],[7.8620541,46.5682844],[7.8623942,46.5684655],[7.8641872,46.5677787],[7.8649063,46.56824],[7.8668954,46.5676798],[7.8681765,46.5673478],[7.8688907,46.5669756]]}},{"type":"Feature","id":208096193,"properties":{"kind":"run","name":"Dreistern","subtype":"easy","pisteType":"downhill","featured":false},"geometry":{"type":"LineString","coordinates":[[7.8877671,46.5707924],[7.8879683,46.5706957],[7.8880821,46.5708422],[7.8881067,46.5712192],[7.8885978,46.5718439],[7.8887411,46.571917],[7.8900712,46.5709182],[7.8907261,46.570786],[7.8913605,46.5708253],[7.8916838,46.5710336],[7.8917943,46.5711967],[7.8919498,46.5716328],[7.891999,46.5719226],[7.8922036,46.5722321],[7.8925638,46.5723362],[7.8930508,46.5722378],[7.8936975,46.5718917],[7.8940945,46.5720493],[7.8945283,46.5723391],[7.8948189,46.572702],[7.8957971,46.5732422],[7.8960616,46.5735654],[7.8960836,46.573909],[7.8959158,46.5743507],[7.8954737,46.5747446],[7.89531,46.5751891],[7.8952364,46.5757462],[7.895396,46.5762132],[7.8958912,46.5767815],[7.8958626,46.5775833],[7.8956729,46.5779524],[7.8955965,46.5781009],[7.8952323,46.5795469],[7.8951966,46.5809875],[7.8953296,46.5813349],[7.8955434,46.5816784],[7.8957745,46.5816002],[7.8957272,46.5815]]}},{"type":"Feature","id":208096194,"properties":{"kind":"run","name":"Maulerhubel Carving","subtype":"easy","pisteType":"downhill","featured":false},"geometry":{"type":"LineString","coordinates":[[7.8877338,46.5705611],[7.8878091,46.5706121],[7.8879683,46.5706957],[7.8882056,46.5705962],[7.8883184,46.5704152],[7.8883213,46.5702779],[7.8895137,46.5692453],[7.8897116,46.5687281],[7.8899652,46.5680654],[7.8902314,46.5676058],[7.8902517,46.567001],[7.8893632,46.5667443],[7.8888799,46.5664936],[7.8888944,46.566416],[7.8890235,46.5663617]]}},{"type":"Feature","id":208114564,"properties":{"kind":"run","name":"Hindenburg","subtype":"easy","pisteType":"downhill","featured":false},"geometry":{"type":"LineString","coordinates":[[7.8723572,46.5573594],[7.8745396,46.5573325],[7.8770979,46.5572131],[7.8789637,46.5570726],[7.8791765,46.5571148],[7.8792666,46.5572724],[7.8791029,46.5576411],[7.8790783,46.5578944],[7.8789473,46.5580942],[7.8788,46.5581758],[7.8768886,46.5586599],[7.8764998,46.558719],[7.8739214,46.5595689],[7.873815,46.5597208],[7.873553,46.5599966],[7.8735039,46.5604807],[7.8737454,46.5610266],[7.8740564,46.5615219],[7.8743061,46.5616232],[7.8745844,46.5616485],[7.87483,46.5615894],[7.8753538,46.5612939],[7.8757099,46.5612123],[7.8762051,46.5612939],[7.877126,46.5616823],[7.8786526,46.5628023],[7.8795776,46.5630415],[7.881096,46.5630133],[7.8818246,46.5628389],[7.882152,46.5625068],[7.8827454,46.5624083],[7.8834535,46.5620481]]}},{"type":"Feature","id":208114565,"properties":{"kind":"run","name":"Suppenalp","subtype":"intermediate","pisteType":"downhill","featured":false},"geometry":{"type":"LineString","coordinates":[[7.873815,46.5597208],[7.8759633,46.5600076],[7.8775758,46.5602215],[7.8791454,46.5602539],[7.879393,46.5602426],[7.8795854,46.5603172],[7.8799824,46.5606127],[7.880537,46.5606859],[7.8814194,46.5605805],[7.8824323,46.5603855],[7.8828982,46.5602402]]}},{"type":"Feature","id":208114566,"properties":{"kind":"run","name":"Mapped ski run","subtype":"easy","pisteType":"downhill","featured":false},"geometry":{"type":"LineString","coordinates":[[7.8863903,46.558597],[7.8871761,46.5585898],[7.8877295,46.5585542],[7.8885011,46.5581627],[7.8893087,46.5580467],[7.8899091,46.5578732],[7.8900259,46.5579405],[7.8901558,46.5580179],[7.8904624,46.5580426],[7.8906528,46.5580502]]}},{"type":"Feature","id":208114567,"properties":{"kind":"run","name":"Mapped ski run","subtype":"easy","pisteType":"downhill","featured":false},"geometry":{"type":"LineString","coordinates":[[7.885173,46.5596034],[7.8852945,46.5593248],[7.8863903,46.558597],[7.8871699,46.5582502],[7.8877081,46.5581746],[7.8880554,46.5582144],[7.8885011,46.5581627],[7.8887095,46.5580433],[7.8889352,46.5577527],[7.8890857,46.557506],[7.8895951,46.557295],[7.8898903,46.5571159],[7.8899713,46.5568811],[7.889815,46.5566542],[7.8897814,46.5564648]]}},{"type":"Feature","id":208114568,"properties":{"kind":"run","name":"Allmi","subtype":"intermediate","pisteType":"downhill","featured":false},"geometry":{"type":"LineString","coordinates":[[7.8842644,46.5647637],[7.8841563,46.5646684],[7.8845041,46.5644039],[7.8851099,46.5642604],[7.885204,46.5641985],[7.8845942,46.5638074],[7.8836119,46.5639143],[7.8830512,46.563616],[7.8829489,46.5633487],[7.883395,46.5625495],[7.8841031,46.5620261],[7.8844141,46.5616209],[7.88432,46.5614802],[7.8838329,46.5613732],[7.8841071,46.5609427],[7.8845328,46.5610271],[7.8852531,46.5610805],[7.8855683,46.560968],[7.8855765,46.5607625],[7.8851999,46.5599239],[7.885173,46.5596034]]}},{"type":"Feature","id":208114569,"properties":{"kind":"run","name":"Mapped ski run","subtype":"intermediate","pisteType":"downhill","featured":false},"geometry":{"type":"LineString","coordinates":[[7.8792984,46.5515061],[7.8793393,46.5504872],[7.8794831,46.55029]]}},{"type":"Feature","id":208114570,"properties":{"kind":"run","name":"Mapped ski run","subtype":"easy","pisteType":"downhill","featured":false},"geometry":{"type":"LineString","coordinates":[[7.8834535,46.5620481],[7.883923,46.56168],[7.8838329,46.5613732]]}},{"type":"Feature","id":208114571,"properties":{"kind":"run","name":"Mapped ski run","subtype":"easy","pisteType":"downhill","featured":false},"geometry":{"type":"LineString","coordinates":[[7.8781568,46.5547456],[7.8781452,46.5545147],[7.8777113,46.5537094]]}},{"type":"Feature","id":208114572,"properties":{"kind":"run","name":"Mapped ski run","subtype":"easy","pisteType":"downhill","featured":false},"geometry":{"type":"LineString","coordinates":[[7.8828982,46.5602402],[7.88427,46.5598144],[7.885173,46.5596034]]}},{"type":"Feature","id":208114573,"properties":{"kind":"run","name":"Finel","subtype":"intermediate","pisteType":"downhill","featured":false},"geometry":{"type":"LineString","coordinates":[[7.875714,46.5553023],[7.8781568,46.5547456],[7.879106,46.5546978],[7.880472,46.5550958],[7.881456,46.5550242]]}},{"type":"Feature","id":208114574,"properties":{"kind":"run","name":"Mapped ski run","subtype":"easy","pisteType":"downhill","featured":false},"geometry":{"type":"LineString","coordinates":[[7.8832333,46.561821],[7.8831208,46.5616237],[7.8827852,46.5613141],[7.8827197,46.5607907],[7.8828982,46.5602402]]}},{"type":"Feature","id":208114575,"properties":{"kind":"run","name":"Mapped ski run","subtype":"easy","pisteType":"downhill","featured":false},"geometry":{"type":"LineString","coordinates":[[7.885204,46.5641985],[7.8853546,46.5640826],[7.8854201,46.5639644],[7.885371,46.5638631],[7.8852809,46.5637956],[7.8850517,46.5637702],[7.8845942,46.5638074]]}},{"type":"Feature","id":208114576,"properties":{"kind":"run","name":"Mapped ski run","subtype":"easy","pisteType":"downhill","featured":false},"geometry":{"type":"LineString","coordinates":[[7.8789137,46.5517426],[7.8788809,46.5514667],[7.8788154,46.5513091],[7.8785699,46.5510839],[7.878529,46.5507687],[7.8785863,46.5505154],[7.8790694,46.550268]]}},{"type":"Feature","id":208114577,"properties":{"kind":"run","name":"Mapped ski run","subtype":"intermediate","pisteType":"downhill","featured":false},"geometry":{"type":"LineString","coordinates":[[7.8844419,46.5560767],[7.8848217,46.5564756],[7.8855163,46.5565711],[7.8860256,46.5565632],[7.8861761,46.5566428],[7.8859736,46.5572995],[7.886072,46.5579841],[7.8863903,46.558597]]}},{"type":"Feature","id":208114578,"properties":{"kind":"run","name":"Kandahar","subtype":"advanced","pisteType":"downhill","featured":false},"geometry":{"type":"LineString","coordinates":[[7.8793516,46.5578027],[7.8794831,46.5583501],[7.8797123,46.5585358],[7.8804572,46.5597234],[7.8803262,46.5599429],[7.8800561,46.560123],[7.8795854,46.5603172]]}},{"type":"Feature","id":208114579,"properties":{"kind":"run","name":"Kandahar","subtype":"advanced","pisteType":"downhill","featured":false},"geometry":{"type":"LineString","coordinates":[[7.8797123,46.5585358],[7.8800847,46.5584795],[7.8818037,46.5589185],[7.8825977,46.5590508],[7.8832239,46.558972],[7.8835595,46.5588003],[7.8846032,46.5589101],[7.8863903,46.558597]]}},{"type":"Feature","id":208114580,"properties":{"kind":"run","name":"Mapped ski run","subtype":"easy","pisteType":"downhill","featured":false},"geometry":{"type":"LineString","coordinates":[[7.8770979,46.5572131],[7.8771137,46.5570585],[7.8749282,46.5559834],[7.8747809,46.5556626],[7.875714,46.5553023],[7.8760905,46.5546832],[7.8777113,46.5537094],[7.8794385,46.5523921],[7.8795367,46.5522683],[7.879463,46.5520375],[7.8792256,46.5516998],[7.8792984,46.5515061]]}},{"type":"Feature","id":208114581,"properties":{"kind":"run","name":"Finel","subtype":"intermediate","pisteType":"downhill","featured":false},"geometry":{"type":"LineString","coordinates":[[7.8790783,46.5578944],[7.8793516,46.5578027],[7.8806941,46.557403],[7.8810624,46.5571976],[7.8811852,46.5569528],[7.8811934,46.556539],[7.8808087,46.5558383],[7.8810215,46.5552613],[7.881456,46.5550242],[7.8832727,46.5554041],[7.8844419,46.5560767],[7.8855821,46.556009],[7.8875616,46.5563275],[7.8889334,46.556224]]}},{"type":"Feature","id":208114582,"properties":{"kind":"run","name":"Gimmeln","subtype":"intermediate","pisteType":"downhill","featured":false},"geometry":{"type":"LineString","coordinates":[[7.8723572,46.5573594],[7.87248,46.5572159],[7.8725454,46.5570723],[7.8721812,46.5566643],[7.8716737,46.5565967],[7.8716082,46.5563158],[7.8722221,46.5559944],[7.8730407,46.5558987],[7.8735523,46.555682],[7.8757104,46.5541865],[7.8761908,46.5534223],[7.8789137,46.5517426],[7.8792984,46.5515061]]}},{"type":"Feature","id":208114583,"properties":{"kind":"run","name":"Mapped ski run","subtype":"easy","pisteType":"downhill","featured":false},"geometry":{"type":"LineString","coordinates":[[7.8792984,46.5515061],[7.8803157,46.5504327],[7.8806327,46.5502677],[7.8808543,46.5502507],[7.881001,46.5502395],[7.8811483,46.5503859]]}},{"type":"Feature","id":208114584,"properties":{"kind":"run","name":"Schilt Apollo","subtype":"intermediate","pisteType":"downhill","featured":false},"geometry":{"type":"LineString","coordinates":[[7.8719266,46.5569287],[7.8710931,46.5569128],[7.8710873,46.5567974],[7.8714114,46.5566182],[7.8716082,46.5563158],[7.8714693,46.555874],[7.8710584,46.5557904],[7.8701265,46.5557705],[7.8692641,46.555663],[7.8667092,46.5548445],[7.8667337,46.5541747],[7.8669138,46.5537581],[7.867495,46.5538031],[7.8681089,46.553775],[7.868952,46.553032],[7.8693367,46.5529025],[7.8698934,46.552576],[7.8701307,46.5523058],[7.871023,46.5522045],[7.8725128,46.5522439],[7.8748362,46.5515242],[7.8763109,46.5510674],[7.8771212,46.5506733],[7.8775223,46.5505044],[7.8784146,46.5503243],[7.8790694,46.550268],[7.8794831,46.55029],[7.8800353,46.5504144],[7.8803157,46.5504327]]}},{"type":"Feature","id":208114585,"properties":{"kind":"run","name":"Wintertal","subtype":"easy","pisteType":"downhill","featured":false},"geometry":{"type":"LineString","coordinates":[[7.8803157,46.5504327],[7.8806822,46.5506739],[7.8808398,46.5508329],[7.8810743,46.5509409],[7.8813637,46.5510444],[7.882122,46.5514345],[7.8823708,46.5515102],[7.882912,46.551534],[7.8830857,46.5515977],[7.883268,46.5517589],[7.8835165,46.5525948],[7.8835734,46.5529943],[7.8839752,46.5532828],[7.8843672,46.5534351],[7.8846128,46.5536659],[7.8856482,46.5540965],[7.8869854,46.5553133],[7.8881285,46.5557486],[7.8889334,46.556224]]}},{"type":"Feature","id":208114586,"properties":{"kind":"run","name":"Bob Run","subtype":"easy","pisteType":"downhill","featured":false},"geometry":{"type":"LineString","coordinates":[[7.885173,46.5596034],[7.8856489,46.559526],[7.8867949,46.5599031],[7.8872042,46.5597624],[7.8874416,46.5597567],[7.8876626,46.5598749],[7.8880555,46.5602858],[7.888271,46.5604071],[7.8885204,46.5604149],[7.8885806,46.5602662],[7.8884789,46.5600802],[7.888054,46.559659],[7.8880828,46.5595554],[7.8881817,46.5593823],[7.8882904,46.5593698],[7.8884274,46.559453],[7.8886681,46.5595864],[7.8891167,46.5596832],[7.8893813,46.5596525],[7.8896219,46.5596138],[7.8898531,46.5596303],[7.8899867,46.559707],[7.8901298,46.5599448],[7.890185,46.5600436],[7.8903747,46.5601009],[7.8907639,46.5601839],[7.8912881,46.5602409],[7.8918898,46.5602569],[7.8921694,46.5602515],[7.8924294,46.5602836],[7.8926721,46.56034],[7.8929135,46.560445],[7.8930251,46.5605052],[7.8932043,46.5605563],[7.8933171,46.560543],[7.8933479,46.5604796],[7.8933231,46.560243]]}},{"type":"Feature","id":225745998,"properties":{"kind":"run","name":"Mapped ski run","subtype":"unknown","pisteType":"sled","featured":false},"geometry":{"type":"LineString","coordinates":[[7.9347735,46.583736],[7.9347927,46.583816]]}},{"type":"Feature","id":225746002,"properties":{"kind":"run","name":"Mapped ski run","subtype":"unknown","pisteType":"sled","featured":false},"geometry":{"type":"LineString","coordinates":[[7.9347927,46.583816],[7.9347533,46.5839034],[7.9345939,46.5841009],[7.9343718,46.5842924],[7.9342906,46.5843987],[7.9343188,46.5845595],[7.9343179,46.584718],[7.9342967,46.5851079],[7.9340178,46.5855503],[7.9340458,46.5858144],[7.934125,46.586037],[7.934581,46.5862141],[7.9346421,46.5862765],[7.9346309,46.5863465],[7.9343588,46.5865045],[7.9339699,46.5866572],[7.9339239,46.5866907],[7.933871,46.586737],[7.9338466,46.5868065],[7.9338944,46.5874452],[7.9340291,46.5879647],[7.9341465,46.5883215],[7.9343442,46.5885928],[7.9345181,46.5887581]]}},{"type":"Feature","id":230051241,"properties":{"kind":"lift","name":"Goods","subtype":"goods","status":"active"},"geometry":{"type":"LineString","coordinates":[[7.764923,46.5788425],[7.7722332,46.5805308],[7.7781698,46.5819019]]}},{"type":"Feature","id":230567296,"properties":{"kind":"lift","name":"Schilthornbahn","subtype":"cable_car","status":"active"},"geometry":{"type":"LineString","coordinates":[[7.8934143,46.5471647],[7.8927689,46.5504158],[7.8918256,46.5551677],[7.8913383,46.5576223]]}},{"type":"Feature","id":230567297,"properties":{"kind":"lift","name":"Schilthornbahn","subtype":"cable_car","status":"active"},"geometry":{"type":"LineString","coordinates":[[7.8910625,46.5577585],[7.8848294,46.5585312],[7.880728,46.5590396],[7.858376,46.5618104],[7.8579039,46.561869]]}},{"type":"Feature","id":231154855,"properties":{"kind":"run","name":"Ski touring route","subtype":"unknown","pisteType":"skitour","featured":false},"geometry":{"type":"LineString","coordinates":[[7.9671919,46.5334532],[7.9672981,46.5336411],[7.9674311,46.5337355],[7.9676369,46.5336765],[7.9679371,46.5338682],[7.9680271,46.5341278],[7.9681043,46.5342901],[7.9681472,46.5343402],[7.96801,46.5343727],[7.9681257,46.5346883],[7.9679714,46.534765],[7.9682388,46.5349032],[7.968346,46.5351274],[7.9684918,46.5351717],[7.9688948,46.5351982],[7.9690749,46.5353398],[7.9693022,46.535623],[7.9694137,46.5358442],[7.9695595,46.5359858],[7.9697182,46.5360094],[7.9698089,46.5362365],[7.9698414,46.5363039],[7.9710269,46.5371342],[7.9721872,46.5379438],[7.9745858,46.5393648],[7.9753234,46.5403795],[7.9751861,46.5408278],[7.9754949,46.541052],[7.9763753,46.5417824],[7.9761695,46.5421246],[7.9762981,46.5423959],[7.9767894,46.5435156],[7.977108,46.5443724],[7.9772753,46.5446968],[7.9776612,46.5458116],[7.9780943,46.5463809],[7.9782027,46.546541]]}},{"type":"Feature","id":231602137,"properties":{"kind":"lift","name":"Goods","subtype":"goods","status":"active"},"geometry":{"type":"LineString","coordinates":[[7.859516,46.607882],[7.8600498,46.6086006],[7.8601839,46.6087867],[7.8606748,46.6094464],[7.8613748,46.6103603],[7.8645237,46.6144782],[7.8650038,46.6151341]]}},{"type":"Feature","id":241041958,"properties":{"kind":"lift","name":"Bumps","subtype":"t-bar","status":"active"},"geometry":{"type":"LineString","coordinates":[[7.9261522,46.582179],[7.9316557,46.5794607],[7.9323636,46.5791111]]}},{"type":"Feature","id":253525200,"properties":{"kind":"run","name":"Mendelssohnweg","subtype":"unknown","pisteType":"sled","featured":false},"geometry":{"type":"LineString","coordinates":[[7.9614017,46.5848456],[7.9612386,46.5848657],[7.9611198,46.5848613],[7.9609894,46.5848401],[7.9608735,46.5848015],[7.9607156,46.5847077],[7.96063,46.5846077],[7.9605065,46.5843958],[7.9603899,46.5842927],[7.9598312,46.5838491],[7.9597696,46.5837939],[7.9597245,46.5837463],[7.9596843,46.5836986],[7.9595624,46.5835025],[7.9593693,46.5832039],[7.95932,46.5831286],[7.9592475,46.5830491],[7.959175,46.5829666],[7.9591082,46.5829047],[7.9590405,46.5828499],[7.9589473,46.5827969],[7.9588704,46.5827581],[7.9587763,46.5826979],[7.9586605,46.5826034],[7.9585495,46.5825267],[7.9584479,46.5824711],[7.9582963,46.5823937],[7.958061,46.5822623],[7.9576896,46.5820732],[7.9575647,46.5819945],[7.9574544,46.5819157],[7.957392,46.5818572],[7.9573414,46.5818031],[7.9572051,46.5816508],[7.9571029,46.5815901],[7.9569075,46.5815162],[7.9568289,46.5814614],[7.9567325,46.5812138],[7.9566013,46.5811292],[7.956427,46.5810316],[7.9563114,46.580932],[7.9558879,46.5801171],[7.9556893,46.5798591],[7.9554955,46.5796862],[7.9552583,46.5795659],[7.9550294,46.579363],[7.9548369,46.5792301],[7.9546136,46.5791472],[7.954383,46.5791104],[7.9541528,46.579071],[7.9539615,46.5789895],[7.9537503,46.5788725],[7.9535625,46.5788246],[7.9533772,46.578788],[7.9532908,46.5787148],[7.9532658,46.5786223],[7.953208,46.5784953],[7.952943,46.5782956],[7.9527042,46.5782199],[7.9521386,46.5780686],[7.9519613,46.5779412],[7.9518187,46.5778773],[7.9515874,46.5778195],[7.9514516,46.5777719],[7.9511755,46.5776243],[7.9509312,46.5775468],[7.9507565,46.577494],[7.9502713,46.5774567],[7.9501547,46.5774061],[7.9501001,46.5773415],[7.9500661,46.5772317],[7.9500458,46.5770715],[7.9499629,46.5769055],[7.9498282,46.5768156],[7.9496953,46.5767751],[7.9494584,46.5767231],[7.9493625,46.5766471],[7.9492951,46.5765773],[7.9492918,46.576515],[7.949385,46.576396],[7.9494034,46.5763374],[7.9493711,46.5762941],[7.9492986,46.576285],[7.9492144,46.5762861],[7.9489309,46.5762571],[7.9487977,46.5762201],[7.9483801,46.5760025],[7.9479595,46.5758452],[7.9477204,46.5757882],[7.9473764,46.575752],[7.9468911,46.5757463],[7.9466693,46.5757125],[7.9463306,46.5756374],[7.9460112,46.5756208],[7.9450027,46.5755824],[7.944324,46.5755863],[7.9441115,46.5756089],[7.9438882,46.5756614],[7.94369,46.5757419],[7.943473,46.5757901],[7.942908,46.5758424],[7.9425428,46.5758483],[7.9422756,46.5758106],[7.9421839,46.5757412]]}},{"type":"Feature","id":253525202,"properties":{"kind":"run","name":"Mapped ski run","subtype":"unknown","pisteType":"sled","featured":false},"geometry":{"type":"LineString","coordinates":[[7.9477291,46.6077761],[7.9477195,46.6078702],[7.947355,46.6080638],[7.9472183,46.6083482],[7.9471915,46.6085591],[7.9471829,46.6087678],[7.9472847,46.6089656],[7.947458,46.6090441],[7.9475881,46.6090331],[7.9477149,46.6089845],[7.9479279,46.6089222]]}},{"type":"Feature","id":253525212,"properties":{"kind":"run","name":"Mapped ski run","subtype":"unknown","pisteType":"sled","featured":false},"geometry":{"type":"LineString","coordinates":[[7.9473441,46.6103155],[7.9474697,46.6105644],[7.9475658,46.6109639],[7.947594,46.6110708],[7.9476266,46.6111639],[7.9476613,46.6112352],[7.9477441,46.6114048],[7.9478166,46.6115353],[7.9479709,46.6118554],[7.9480159,46.6119339],[7.9480922,46.6120397],[7.9482903,46.6122876],[7.9483144,46.6123277],[7.9483319,46.6123723],[7.9483396,46.6124091],[7.9483401,46.6124455],[7.9483338,46.6124822],[7.9483161,46.6125246],[7.948296,46.6125618],[7.9482721,46.612597],[7.94816,46.612725],[7.9481346,46.6127599],[7.9481167,46.6128012],[7.9481076,46.6128424],[7.9481077,46.6128775],[7.9481141,46.6129089],[7.9481359,46.6129509],[7.9481607,46.6129804],[7.9482012,46.6130302],[7.9484554,46.6132481],[7.9485819,46.6133412],[7.9486491,46.6133876],[7.9487241,46.6134291],[7.9488239,46.6134769],[7.949084,46.6135802],[7.9492322,46.61364],[7.9493333,46.6136911],[7.9493839,46.6137263],[7.9494172,46.6137524],[7.9494411,46.613786],[7.949459,46.6138193],[7.9494704,46.6138563],[7.9494727,46.613892],[7.9494676,46.6139294],[7.9494451,46.6139718],[7.949397,46.6140274],[7.949115,46.6143183],[7.9490111,46.614419],[7.9489456,46.6144692],[7.9488679,46.6145203],[7.9488035,46.6145549],[7.9486312,46.6146211],[7.9485625,46.6146544],[7.9485076,46.6146928],[7.9484545,46.6147521],[7.9484008,46.6148204],[7.948331,46.6149224],[7.9483176,46.6149493],[7.9483131,46.6149794],[7.9483251,46.615004],[7.9483478,46.6150252],[7.9483833,46.6150432],[7.9484255,46.6150514],[7.9484702,46.6150498],[7.9485115,46.6150411],[7.9485551,46.6150217],[7.9487396,46.6149406],[7.9488069,46.6149215],[7.9488695,46.6149121],[7.9489428,46.6149071],[7.9490234,46.6149068],[7.949144,46.6149084],[7.9494841,46.6149276],[7.9496111,46.6149356],[7.9497129,46.6149525],[7.9497792,46.6149668],[7.9499905,46.6150284],[7.9500962,46.615054],[7.9502209,46.6150718],[7.9503362,46.6150796],[7.9505297,46.6150789],[7.9511463,46.6150584],[7.9513283,46.6150465],[7.9514513,46.6150278],[7.9515443,46.6150039],[7.9516089,46.6149783],[7.9516673,46.6149488],[7.9517244,46.6149065],[7.9517576,46.6148845],[7.9517962,46.6148712],[7.951847,46.614863],[7.9519024,46.6148655],[7.9519346,46.6148772],[7.9519727,46.6148945],[7.9519958,46.6149201],[7.9520179,46.614955],[7.9520231,46.6150011],[7.9520137,46.615038],[7.9519905,46.6150815],[7.9519325,46.6151538],[7.9518295,46.615258],[7.9517456,46.6153202],[7.9516719,46.6153745],[7.9516016,46.6154154],[7.9515208,46.6154562],[7.9513491,46.6155297],[7.9512644,46.6155728],[7.9511744,46.6156375],[7.951119,46.6156902],[7.9510273,46.6158025],[7.9509429,46.6158944],[7.9507933,46.61601],[7.9507736,46.6160363],[7.9507635,46.6160626],[7.9507699,46.6160917],[7.9507844,46.6161157],[7.9508053,46.6161334],[7.9508376,46.6161481],[7.9508773,46.6161564],[7.950923,46.6161541],[7.9509679,46.6161464],[7.9510169,46.616132],[7.9512777,46.616009],[7.9514433,46.6159574],[7.9517342,46.6158791],[7.9520914,46.615774],[7.9522287,46.6157418],[7.9525526,46.6156784],[7.9526356,46.6156602],[7.952827,46.6156181],[7.9530687,46.6155487],[7.9531959,46.6155014],[7.9532636,46.6154852],[7.9533243,46.6154797],[7.9533788,46.6154853],[7.9534362,46.6155002],[7.9534888,46.6155312],[7.9536345,46.6156322],[7.9537367,46.6156902],[7.953855,46.6157375],[7.9540051,46.6157853],[7.9541424,46.6158192],[7.954464,46.6159044],[7.9545828,46.6159185],[7.9549097,46.6159336],[7.9550066,46.615939],[7.9550825,46.6159509],[7.9551451,46.6159726],[7.9551963,46.6160066],[7.9552525,46.6160494],[7.9556572,46.6165542],[7.9556916,46.6165929],[7.9557388,46.6166324],[7.9557831,46.6166625],[7.9558539,46.6166975],[7.9559189,46.6167158],[7.9560062,46.6167388],[7.9561072,46.6167567],[7.9562937,46.616779],[7.9564736,46.6167984],[7.9565825,46.6168168],[7.95665,46.6168366],[7.9567261,46.6168632],[7.9568045,46.6168991],[7.9572378,46.6171228],[7.957592,46.6173031],[7.9578317,46.6174315],[7.9578818,46.6174627],[7.9579162,46.6174917],[7.9579392,46.6175197],[7.9579583,46.6175523],[7.9579679,46.6175819],[7.9579736,46.6176129],[7.9579719,46.617672],[7.9579641,46.6177183],[7.957913,46.6179127],[7.9578904,46.6179632],[7.957865,46.6180035],[7.9578271,46.6180481],[7.9577811,46.6180943],[7.9577611,46.6181196],[7.9577507,46.6181416],[7.9577498,46.6181645],[7.9577597,46.6181821],[7.9577796,46.6181987],[7.9578082,46.6182159],[7.9578394,46.6182265],[7.9578896,46.618235],[7.9579517,46.6182406],[7.9581303,46.6182514],[7.9582664,46.6182725],[7.9583925,46.6183006],[7.9585486,46.6183409],[7.9587527,46.6184053],[7.9589709,46.6185002],[7.9592173,46.6186008],[7.9596207,46.6187369],[7.9597834,46.6187886],[7.9600384,46.6188526],[7.9601491,46.6188871],[7.9602456,46.6189329],[7.9603356,46.6189838],[7.9604165,46.6190379],[7.9607165,46.6192889],[7.9608188,46.6193606],[7.9609504,46.6194272],[7.9612185,46.6195429],[7.9614369,46.6196435],[7.9616063,46.6197302],[7.9622335,46.6201058],[7.9628871,46.6204955],[7.9631314,46.6206405],[7.9632085,46.6206757],[7.9632872,46.6206973],[7.9633709,46.6207143],[7.9634432,46.6207161],[7.9635244,46.6207051],[7.9635897,46.6206866],[7.9636431,46.620665],[7.9636982,46.6206311],[7.9637563,46.6205763],[7.9638582,46.6204348],[7.9639906,46.6202537],[7.9641487,46.620026],[7.9642179,46.6199383],[7.9642901,46.6198689],[7.9643936,46.6197825],[7.9645762,46.6196482],[7.9649835,46.6193264],[7.9650564,46.6192326],[7.9650823,46.6191895],[7.9650961,46.6191468],[7.9651021,46.6191011],[7.9651007,46.6190624],[7.9650873,46.6190121],[7.9650642,46.6189558],[7.9650327,46.6189024],[7.9649986,46.6188551],[7.9649648,46.6188146],[7.9648038,46.6186317],[7.9647787,46.618592],[7.9647624,46.618558],[7.9647552,46.6185214],[7.9647524,46.6184829],[7.9647551,46.6184447],[7.9647682,46.6183849],[7.9648795,46.6181181],[7.9649694,46.6178952],[7.9649842,46.617867],[7.9650137,46.6178371],[7.9650729,46.6178098],[7.9651261,46.6177941],[7.9651897,46.6177852],[7.9652491,46.6177824],[7.9653118,46.6177852],[7.9653665,46.6177914],[7.9654759,46.6178136],[7.9655754,46.6178404],[7.9659119,46.6179489],[7.9662703,46.6181041],[7.9668839,46.6183047],[7.9669706,46.6183171],[7.9670171,46.6183171],[7.9670537,46.6183114],[7.9670865,46.6182998],[7.9671181,46.6182794],[7.9671427,46.6182581],[7.9671638,46.6182213],[7.9671817,46.6181308]]}},{"type":"Feature","id":253697909,"properties":{"kind":"run","name":"Mapped ski run","subtype":"easy","pisteType":"downhill","featured":false},"geometry":{"type":"LineString","coordinates":[[7.8893172,46.5638756],[7.8894922,46.5641713]]}},{"type":"Feature","id":253697910,"properties":{"kind":"run","name":"Mapped ski run","subtype":"easy","pisteType":"downhill","featured":false},"geometry":{"type":"LineString","coordinates":[[7.8873259,46.5641309],[7.8881312,46.5640784],[7.8894922,46.5641713],[7.8905795,46.5642455]]}},{"type":"Feature","id":254635062,"properties":{"kind":"run","name":"Mapped ski run","subtype":"intermediate","pisteType":"downhill","featured":false},"geometry":{"type":"LineString","coordinates":[[7.9430597,46.6106754],[7.9446764,46.6106341]]}},{"type":"Feature","id":254635065,"properties":{"kind":"run","name":"Mapped ski run","subtype":"easy","pisteType":"downhill","featured":false},"geometry":{"type":"LineString","coordinates":[[7.942866,46.6111804],[7.9430597,46.6106754],[7.9433558,46.6103245],[7.9443213,46.6092743],[7.9447697,46.6088648],[7.9449939,46.60866],[7.9452122,46.6085842],[7.9453236,46.6084961],[7.945493,46.6082828],[7.9456128,46.6082073],[7.9458977,46.6081717],[7.9461811,46.6081463],[7.9462972,46.6080931],[7.9464199,46.6080129],[7.9465922,46.6078352],[7.9467051,46.6077495],[7.9468321,46.6077024],[7.9470474,46.607648],[7.9478949,46.6075485],[7.9481551,46.6075539],[7.9489624,46.6075707],[7.9497698,46.6076886],[7.9505718,46.6079115],[7.9507707,46.6079299],[7.9510728,46.6077777],[7.9515052,46.6074841],[7.9526024,46.6070911],[7.9530206,46.6069663]]}},{"type":"Feature","id":288709911,"properties":{"kind":"lift","name":"Männlichenbahn","subtype":"gondola","status":"active"},"geometry":{"type":"LineString","coordinates":[[7.9789207,46.6212736],[7.9786412,46.621194],[7.9785566,46.6211699],[7.9779879,46.621008],[7.9758352,46.6204216],[7.9728318,46.6195712],[7.9701487,46.6188165],[7.9667361,46.6178597],[7.9640284,46.6170954],[7.9615669,46.616411],[7.9589622,46.6156713],[7.9563166,46.6149319],[7.952904,46.6139765],[7.9508533,46.6134006],[7.9484225,46.6127302],[7.9450136,46.6117889],[7.9434769,46.6113619],[7.9432508,46.6112968],[7.942866,46.6111804]]}},{"type":"Feature","id":301772129,"properties":{"kind":"lift","name":"Goods","subtype":"goods","status":"active"},"geometry":{"type":"LineString","coordinates":[[7.8616819,46.5371338],[7.8509979,46.5410387]]}},{"type":"Feature","id":301987789,"properties":{"kind":"run","name":"Gummi Nord","subtype":"expert","pisteType":"downhill","featured":false},"geometry":{"type":"LineString","coordinates":[[7.9580811,46.5974704],[7.9582931,46.5977484],[7.9584107,46.5979882],[7.9584562,46.5982267],[7.9584929,46.5985412],[7.9585142,46.5988312],[7.9585157,46.5993168],[7.958532,46.5994104],[7.9587343,46.6005713],[7.9588502,46.6012556],[7.958973,46.6021137],[7.9586297,46.603846]]}},{"type":"Feature","id":302209844,"properties":{"kind":"run","name":"Mapped ski run","subtype":"unknown","pisteType":"sled","featured":false},"geometry":{"type":"LineString","coordinates":[[7.934594,46.5888847],[7.9345853,46.5889544],[7.9345352,46.5890114],[7.9344419,46.5891213],[7.9343858,46.5892183],[7.9343544,46.5892922],[7.9342235,46.5895684],[7.934154,46.589668],[7.9340979,46.5897373],[7.9339961,46.5898229],[7.9337308,46.589988],[7.9330346,46.5901518],[7.9326359,46.5902512],[7.9322248,46.5904981],[7.9317865,46.5908506],[7.9315669,46.5910937],[7.9315046,46.5913008],[7.9315035,46.5914106],[7.9315237,46.5915228],[7.9315775,46.5916066],[7.9318082,46.5918342],[7.9318535,46.5919528]]}},{"type":"Feature","id":302209845,"properties":{"kind":"run","name":"Mapped ski run","subtype":"unknown","pisteType":"sled","featured":false},"geometry":{"type":"LineString","coordinates":[[7.9345181,46.5887581],[7.9345684,46.5888271],[7.934594,46.5888847]]}},{"type":"Feature","id":302209847,"properties":{"kind":"run","name":"Mapped ski run","subtype":"unknown","pisteType":"sled","featured":false},"geometry":{"type":"LineString","coordinates":[[7.9340391,46.5795825],[7.9340147,46.5797475],[7.9338881,46.580549],[7.9339039,46.5806674],[7.9339603,46.580774],[7.9340217,46.580981],[7.9340198,46.5810837],[7.9339664,46.5812141],[7.9339422,46.5813217],[7.9339562,46.5814067],[7.9340159,46.5816091],[7.9340268,46.5816999],[7.9340636,46.581795],[7.9340614,46.5818667],[7.9340416,46.581954],[7.9339878,46.5820498],[7.9339264,46.5821026],[7.9338437,46.5821629],[7.9337569,46.5822011],[7.9335925,46.582274],[7.9334965,46.5823406],[7.9334522,46.5824061],[7.9334446,46.5824497],[7.9334507,46.5825082],[7.9334784,46.5825513],[7.9335429,46.5826003],[7.9336667,46.5826756],[7.9338271,46.5827581],[7.9340336,46.5829223],[7.934461,46.5832083],[7.9345382,46.5832725],[7.9346105,46.5833698],[7.9347128,46.5835535],[7.9347602,46.5836673],[7.9347735,46.583736]]}},{"type":"Feature","id":304224470,"properties":{"kind":"run","name":"Ski touring route","subtype":"unknown","pisteType":"skitour","featured":false},"geometry":{"type":"LineString","coordinates":[[7.986158,46.5457894],[7.9847296,46.5453252],[7.9845096,46.5451243],[7.9833227,46.5440405],[7.9820128,46.5412375],[7.9813093,46.5393187],[7.9817217,46.5374666],[7.9820613,46.5364154],[7.9815519,46.5352974],[7.9813448,46.5350103],[7.9808262,46.5348157],[7.9805487,46.5347742],[7.980476,46.5348774],[7.9801743,46.5346897],[7.9798825,46.5347106],[7.9800099,46.5345812],[7.9799462,46.5344623],[7.9800652,46.5343946],[7.9798919,46.5343123],[7.9797221,46.5344333],[7.9795462,46.5342893],[7.979428,46.5344333],[7.9792278,46.5343874],[7.9794098,46.5341287],[7.979052,46.5344082],[7.9788397,46.5340057],[7.9786548,46.5340557],[7.9785123,46.5337241],[7.978297,46.5338471],[7.9779392,46.5343165],[7.9774783,46.5346252],[7.9772024,46.5348066],[7.976693,46.5348922],[7.9762381,46.5349568],[7.9757136,46.5349652],[7.9752648,46.5349818],[7.9744552,46.5350465],[7.9738427,46.5350987],[7.9735304,46.5350736],[7.973209,46.5349693],[7.9729149,46.5349526],[7.9725541,46.5348546],[7.9718931,46.5349109],[7.9717293,46.5349547],[7.9715322,46.5348692],[7.971132,46.5348692],[7.9707469,46.5347649],[7.970656,46.5348087],[7.9706499,46.5346752],[7.9703436,46.5345772],[7.9700738,46.5345668],[7.9698373,46.5343769],[7.9694219,46.5341183],[7.9692945,46.5341642],[7.9691945,46.5340682],[7.9688245,46.5339139],[7.9686669,46.5337866],[7.9686214,46.5338346],[7.9680271,46.5335572],[7.9680059,46.5336052],[7.9678543,46.5335843],[7.9678391,46.5336698],[7.9673449,46.5334863],[7.9671919,46.5334532],[7.9670555,46.5334237],[7.9664006,46.5335822],[7.9657184,46.533747],[7.9653606,46.5337574],[7.9650181,46.5338755],[7.9647522,46.5341911],[7.9644535,46.5346134],[7.9641806,46.5346677],[7.9638319,46.5345884],[7.9635165,46.5348283],[7.9631375,46.5350369],[7.9627797,46.5354144],[7.9625462,46.5356981],[7.962243,46.535817],[7.9623006,46.5360256],[7.9624704,46.536109],[7.9625129,46.5361966],[7.9622855,46.5363405],[7.9621612,46.5364177],[7.9621854,46.5364698],[7.9623461,46.5365303],[7.9623886,46.5365866],[7.9625432,46.5367201],[7.9625893,46.5367689]]}},{"type":"Feature","id":316449482,"properties":{"kind":"run","name":"Mapped ski run","subtype":"unknown","pisteType":"sled","featured":false},"geometry":{"type":"LineString","coordinates":[[7.9393188,46.5756008],[7.9392622,46.5755956],[7.9391942,46.5756019],[7.9387029,46.5756774],[7.9386552,46.5756937],[7.938552,46.5757485]]}},{"type":"Feature","id":372090872,"properties":{"kind":"run","name":"Wengernalp - Wixi","subtype":"easy","pisteType":"downhill","featured":false},"geometry":{"type":"LineString","coordinates":[[7.9420571,46.5757018],[7.9422113,46.5757138],[7.9425729,46.5756984],[7.9427791,46.5756589],[7.9429711,46.5756027],[7.9434975,46.5753244],[7.9437387,46.5752132],[7.9441949,46.5750522],[7.9444479,46.574966],[7.9448188,46.5749048],[7.9452832,46.5748687],[7.9456424,46.5748073],[7.9458844,46.5747621],[7.946025,46.5747409],[7.9461564,46.5747493],[7.9462616,46.5747668],[7.946401,46.574782],[7.9464948,46.5747722],[7.9465916,46.5747426],[7.9470314,46.5745804],[7.9472577,46.574532],[7.9474074,46.5745134],[7.9475179,46.5744997],[7.9475885,46.5744633],[7.947602,46.5744184],[7.9475649,46.574383],[7.9474876,46.5743572],[7.9473782,46.5743453],[7.9471949,46.5743568],[7.9469334,46.5743606],[7.9466575,46.5743597],[7.9464517,46.5743406],[7.9460517,46.5743063],[7.946079,46.5742838],[7.9461297,46.5742448],[7.9461921,46.5742054],[7.9464582,46.5741292],[7.9466561,46.5740849],[7.9471833,46.5739971],[7.947318,46.5739578],[7.9474966,46.5739058],[7.9476853,46.5738524],[7.94799,46.5737846],[7.9483723,46.5737358],[7.9485146,46.5737206],[7.9485962,46.573696],[7.948659,46.5736579],[7.9486979,46.5736141],[7.9488062,46.5733922],[7.9488566,46.5733352],[7.9489099,46.5733082],[7.9490025,46.5732949],[7.9491128,46.573309],[7.9494172,46.5733781],[7.9495136,46.5733889],[7.9496062,46.573392],[7.9499532,46.573369]]}},{"type":"Feature","id":372093360,"properties":{"kind":"run","name":"Kleine Scheidegg - Wengernalp","subtype":"easy","pisteType":"downhill","featured":false},"geometry":{"type":"LineString","coordinates":[[7.9614017,46.5848456],[7.9612367,46.5848662],[7.9610656,46.5848644],[7.9609077,46.5848312],[7.9607912,46.5847788],[7.9606387,46.5846417],[7.9604721,46.584382],[7.9603201,46.5842592],[7.9597748,46.5838205],[7.9596439,46.5837064],[7.9593887,46.5833275],[7.9592966,46.5831467],[7.9591186,46.5829842],[7.9586997,46.5826942],[7.9581718,46.5823457],[7.9575615,46.5819963],[7.9573649,46.5818396],[7.9571743,46.5816415],[7.9570293,46.5815828],[7.9568873,46.5815201],[7.956737,46.58141],[7.9566704,46.5812845],[7.9565101,46.581144],[7.9563462,46.5810002],[7.9561994,46.5807223],[7.9559319,46.5802159],[7.9557708,46.5800069],[7.9554085,46.5796849],[7.9547822,46.5792616],[7.9544586,46.5791644],[7.9540544,46.5790854],[7.9538263,46.5789981],[7.9536346,46.578882],[7.9533529,46.5788073],[7.9532464,46.5787287],[7.9531724,46.5785736],[7.9530655,46.5784327],[7.9527767,46.5782859],[7.9521652,46.5781127],[7.9517724,46.5779188],[7.9509542,46.5776191],[7.9504714,46.5774545],[7.9502308,46.5773832],[7.9499363,46.5771854],[7.9496723,46.5769862],[7.9494222,46.576739],[7.9492737,46.5765921],[7.9490335,46.5763766],[7.9487119,46.576201],[7.9482508,46.575976],[7.9479231,46.5758815],[7.9474115,46.5757773],[7.9468359,46.5757401],[7.9465208,46.5757033],[7.9460818,46.5756375],[7.9449949,46.5755963],[7.9443744,46.575587],[7.9440419,46.5755998],[7.943849,46.5756521],[7.9435871,46.575752],[7.9433628,46.5757973],[7.9430893,46.575826],[7.9427494,46.5758362],[7.9424758,46.57582],[7.9422599,46.5757531],[7.9420571,46.5757018]]}},{"type":"Feature","id":372093361,"properties":{"kind":"run","name":"Wengernalp - Allmend","subtype":"easy","pisteType":"downhill","featured":false},"geometry":{"type":"LineString","coordinates":[[7.9420571,46.5757018],[7.9418465,46.5756446],[7.9413668,46.5755029],[7.9410365,46.5753718],[7.9406889,46.5752753],[7.9403595,46.5752393],[7.9395696,46.5752693],[7.9386643,46.5753861],[7.9381588,46.5754577],[7.9372524,46.5755724],[7.936546,46.575767],[7.9359612,46.5760669],[7.9354022,46.5764272],[7.9348315,46.5768875],[7.9343381,46.5773339],[7.9339537,46.5776431],[7.933299,46.578015],[7.9322348,46.5786221],[7.9319325,46.5789284],[7.9318355,46.5791618],[7.9316557,46.5794607]]}},{"type":"Feature","id":372108308,"properties":{"kind":"run","name":"Figeler","subtype":"novice","pisteType":"downhill","featured":false},"geometry":{"type":"LineString","coordinates":[[7.9250785,46.6075722],[7.9250209,46.6072787],[7.9244399,46.6069422],[7.9238821,46.6064509],[7.9235757,46.6069686],[7.9235469,46.6070313]]}},{"type":"Feature","id":372108309,"properties":{"kind":"lift","name":"Wengiboden","subtype":"platter","status":"active"},"geometry":{"type":"LineString","coordinates":[[7.9235469,46.6070313],[7.9250785,46.6075722]]}},{"type":"Feature","id":372108310,"properties":{"kind":"lift","name":"Figeller","subtype":"platter","status":"active"},"geometry":{"type":"LineString","coordinates":[[7.9230845,46.606238],[7.9238963,46.605789]]}},{"type":"Feature","id":372108311,"properties":{"kind":"run","name":"Wengernalp - Allmend","subtype":"easy","pisteType":"downhill","featured":false},"geometry":{"type":"LineString","coordinates":[[7.9285194,46.5826331],[7.9282705,46.5827011],[7.9279629,46.5826943],[7.9277506,46.5826153],[7.9275884,46.5825008],[7.9275075,46.5823388],[7.9274297,46.5822356],[7.9272544,46.5822037],[7.926859,46.582217],[7.9264453,46.5822798],[7.9261522,46.582179],[7.9258955,46.5822089],[7.9257801,46.5822767],[7.9258742,46.582407],[7.9261002,46.5825629],[7.9262745,46.5826304],[7.9264791,46.5826903],[7.926487,46.5826931],[7.9265916,46.5827306],[7.9266134,46.5827384],[7.926682,46.5828649],[7.9266776,46.5829711],[7.9266513,46.5831109],[7.9266438,46.5831847],[7.9266289,46.583331],[7.926652,46.5834641],[7.9267043,46.5836268],[7.9268112,46.5838119],[7.9270749,46.5842138]]}},{"type":"Feature","id":372108312,"properties":{"kind":"run","name":"Moos","subtype":"intermediate","pisteType":"downhill","featured":false},"geometry":{"type":"LineString","coordinates":[[7.9614017,46.5848456],[7.9615523,46.584635],[7.9616359,46.5844183],[7.9616512,46.5840927],[7.9613659,46.5831403],[7.9609853,46.5822483],[7.9605091,46.5812315],[7.9601194,46.5805762],[7.9599087,46.5802582],[7.9598157,46.5799015],[7.9596855,46.579164],[7.959559,46.5788813],[7.9584128,46.5776694]]}},{"type":"Feature","id":372675237,"properties":{"kind":"run","name":"Allmend - Wengen Dorf","subtype":"easy","pisteType":"downhill","featured":false},"geometry":{"type":"LineString","coordinates":[[7.9248554,46.6037746],[7.9247005,46.6038926],[7.9244317,46.6041006],[7.9242392,46.6042013],[7.9240166,46.6042759],[7.92371,46.6043665],[7.9234895,46.6043874],[7.9231784,46.6043643]]}},{"type":"Feature","id":373695816,"properties":{"kind":"run","name":"Mapped ski run","subtype":"intermediate","pisteType":"downhill","featured":false},"geometry":{"type":"LineString","coordinates":[[7.8955434,46.5816784],[7.8956978,46.5819435],[7.8957251,46.5819631],[7.895763,46.5819758],[7.8957996,46.5819789],[7.8961734,46.581962],[7.8962307,46.5819624],[7.8962736,46.5819769],[7.8963048,46.5819993],[7.896323,46.5820272],[7.8963247,46.5820566],[7.8963204,46.5820896],[7.8961392,46.5825476],[7.8956093,46.583509],[7.8956031,46.584229],[7.8955415,46.5847668],[7.8958065,46.5852793],[7.896016,46.5856266],[7.8959664,46.5865679],[7.8962106,46.5869546],[7.8964761,46.5871784],[7.8966424,46.5873292],[7.8965858,46.5877549],[7.8965897,46.5880751],[7.8966597,46.5886624],[7.8977695,46.5898929],[7.8984883,46.59035],[7.8986385,46.5905491],[7.8981611,46.5910468],[7.8980645,46.5912643],[7.8975817,46.5915887],[7.8970345,46.5923812],[7.8970989,46.5931074],[7.8971091,46.5936762],[7.8970393,46.5939563],[7.8967872,46.5941738],[7.8964439,46.594465],[7.8960694,46.5946655],[7.8957261,46.5948515],[7.8951934,46.5950582],[7.8948519,46.5951433],[7.8947917,46.5952382],[7.8948165,46.5954242],[7.89479,46.595592],[7.8945475,46.595834],[7.894452,46.5960687],[7.8942662,46.5965806],[7.8942732,46.596718],[7.8944184,46.5969393],[7.8945351,46.5971934],[7.8946024,46.597405],[7.8947723,46.5975983],[7.8951295,46.5979787],[7.8952312,46.5981713],[7.8951295,46.5989885],[7.8950787,46.5994772],[7.8947935,46.6005492],[7.8948463,46.6009096],[7.8951228,46.6013705],[7.8954114,46.6018006],[7.8956269,46.6025492],[7.8961879,46.6027503],[7.8967042,46.6027727],[7.8973181,46.6029766],[7.897993,46.6029822],[7.8983101,46.6026721],[7.8985174,46.6023788],[7.8985703,46.6021218],[7.8986801,46.6018816],[7.8986841,46.6016386],[7.8989321,46.6007559],[7.8989842,46.6002457],[7.8990833,46.5998761],[7.8995292,46.5996864],[7.900775,46.5995794],[7.9014262,46.5993557],[7.9020137,46.599059],[7.9024809,46.5987818],[7.902941,46.5984219],[7.9036205,46.5981738],[7.9039178,46.5977556],[7.9044558,46.5975075],[7.905291,46.5973957],[7.906912,46.5977653]]}},{"type":"Feature","id":374996086,"properties":{"kind":"lift","name":"Rope Tow","subtype":"rope_tow","status":"active"},"geometry":{"type":"LineString","coordinates":[[7.8288241,46.6321929],[7.82753,46.6322944]]}},{"type":"Feature","id":374996087,"properties":{"kind":"run","name":"Mapped ski run","subtype":"novice","pisteType":"downhill","featured":false},"geometry":{"type":"LineString","coordinates":[[7.82753,46.6322944],[7.8276286,46.6320913],[7.8280476,46.6319051],[7.8285529,46.6319474],[7.8288241,46.6321929]]}},{"type":"Feature","id":378213682,"properties":{"kind":"run","name":"Schwarzen","subtype":"easy","pisteType":"downhill","featured":false},"geometry":{"type":"LineString","coordinates":[[7.9686657,46.5787857],[7.9678326,46.5789181],[7.9668339,46.5787288],[7.9664736,46.5787579],[7.9662049,46.5788553],[7.9659864,46.5789964],[7.9654634,46.579096],[7.9651254,46.5792398],[7.9647444,46.5793641],[7.9642913,46.579732],[7.963964,46.5799846],[7.9638925,46.5801111],[7.9639131,46.5804805],[7.963846,46.5811516],[7.9638057,46.5818675],[7.9637996,46.5823874],[7.9636636,46.5828679],[7.963362,46.5835936],[7.963205,46.5838007],[7.9629353,46.5840186],[7.9624896,46.584371],[7.9620972,46.5847501],[7.9618288,46.5849289],[7.9615393,46.5850709],[7.9613365,46.5850802]]}},{"type":"Feature","id":378213684,"properties":{"kind":"run","name":"Phenix","subtype":"easy","pisteType":"downhill","featured":false},"geometry":{"type":"LineString","coordinates":[[7.9708326,46.5755172],[7.9707431,46.5755105],[7.9693349,46.5754058],[7.9684942,46.5751734],[7.9682534,46.5751684],[7.9681649,46.575185],[7.9681247,46.5752108],[7.9681086,46.5752476],[7.9683151,46.5756736],[7.9683527,46.57581],[7.9684944,46.5761169],[7.9686326,46.5765844],[7.9687025,46.5769394],[7.9690162,46.5774272],[7.9692117,46.5779575],[7.9691769,46.5782759],[7.9686657,46.5787857],[7.9692158,46.5786904],[7.9698618,46.5789753],[7.9706416,46.5796364],[7.971772,46.5805726],[7.9722304,46.5810327],[7.9726292,46.5813276],[7.9734916,46.5817182],[7.9737997,46.5818577],[7.974135,46.582087],[7.9743883,46.5823665],[7.9745819,46.5829474],[7.9749799,46.5837657]]}},{"type":"Feature","id":382933307,"properties":{"kind":"run","name":"Mapped ski run","subtype":"intermediate","pisteType":"downhill","featured":false},"geometry":{"type":"LineString","coordinates":[[7.9288962,46.5806945],[7.9274565,46.5814429],[7.9261181,46.5821526],[7.9257657,46.5819285],[7.9273193,46.5809829],[7.9279849,46.5805653],[7.9282386,46.5806473],[7.9285692,46.5807039],[7.9288962,46.5806945]]}},{"type":"Feature","id":384229164,"properties":{"kind":"run","name":"22","subtype":"easy","pisteType":"downhill","featured":false},"geometry":{"type":"LineString","coordinates":[[7.961493,46.5855741],[7.9610934,46.5855758],[7.9608842,46.5855253],[7.9610221,46.5855071],[7.9617451,46.5854917],[7.9620133,46.5855064],[7.9624747,46.5854345],[7.9627845,46.5853996],[7.963361,46.5854771],[7.9638178,46.5856074],[7.9642644,46.5857216],[7.9647502,46.5857108],[7.9651069,46.5856611],[7.9660126,46.5854628],[7.9663084,46.585387],[7.9667392,46.5852932],[7.9670939,46.5853059],[7.9674612,46.58537],[7.9680156,46.5854478],[7.9687751,46.5856185],[7.9692252,46.5857097],[7.9696338,46.5857261],[7.9699448,46.5856524],[7.9701186,46.5855812],[7.9703165,46.5854885],[7.9705254,46.5853538],[7.9709591,46.5852287],[7.9713052,46.5852092],[7.9715631,46.5852305],[7.9718841,46.5852986],[7.972276,46.5854679],[7.9724449,46.585592],[7.9725558,46.585829],[7.972674,46.5860237],[7.9730836,46.5862138],[7.9733041,46.5863057],[7.973524,46.5864193],[7.9736482,46.5864976],[7.9737444,46.5865975],[7.9737809,46.5867907],[7.9737983,46.5870837],[7.9738458,46.587386],[7.9739486,46.5876842],[7.9740033,46.5877964],[7.9741066,46.5881281],[7.9741993,46.5883337],[7.9743984,46.5886739],[7.9746874,46.5889746],[7.9749358,46.5893418],[7.9750284,46.5894014],[7.9752599,46.5897267],[7.9754099,46.5900483],[7.9755152,46.5902352],[7.975606,46.5903473],[7.9758462,46.5904727],[7.9761896,46.590552],[7.9764684,46.5905867],[7.9766197,46.5905798],[7.976804,46.590634],[7.9773293,46.5908989],[7.9777694,46.5911354],[7.978132,46.5912432],[7.9783558,46.5913514],[7.9785979,46.5914972],[7.9788357,46.5916636],[7.9791603,46.5918201],[7.9796434,46.5919819],[7.9801788,46.5920856],[7.9807033,46.5922326],[7.9812845,46.592539],[7.9817567,46.5928213],[7.9823238,46.5932061],[7.9834367,46.5939109],[7.9841557,46.5941876],[7.9842793,46.5942131],[7.9846075,46.5944415],[7.9846761,46.5944991],[7.9847538,46.5946251],[7.984778,46.5947553],[7.98472,46.5948422],[7.9845741,46.5949166],[7.9845557,46.5949035],[7.9845391,46.5948754],[7.9845996,46.5948023],[7.9846042,46.5947203],[7.9844854,46.5946144],[7.984013,46.5944442],[7.9833224,46.5941551],[7.9824358,46.5937406],[7.98128,46.5928818],[7.9808742,46.592564],[7.9803872,46.5923356],[7.9798425,46.5921923],[7.9794411,46.5920783],[7.9789871,46.5919003],[7.9787645,46.591786],[7.9784144,46.591528],[7.978041,46.5913261],[7.9776422,46.5912054],[7.9768536,46.5907434],[7.9766472,46.5906906],[7.9764019,46.5906696],[7.976092,46.5906204],[7.9755836,46.5905036],[7.9753203,46.5904146],[7.9747054,46.5900932],[7.9746788,46.5897189],[7.9746661,46.5891907],[7.9745753,46.5890214],[7.9741677,46.5886305],[7.9739849,46.5883876],[7.9738671,46.5880766],[7.97367,46.5876376],[7.9735608,46.5867793],[7.9734882,46.5866415],[7.9733719,46.5865317],[7.9731362,46.5864112],[7.9726593,46.5862095],[7.9722809,46.5860142],[7.9719932,46.5857317],[7.9716827,46.5854198],[7.9715722,46.585362],[7.9713184,46.5853899],[7.9706228,46.5855936],[7.9702092,46.5857464],[7.9698235,46.585864],[7.9694706,46.5859148],[7.9689039,46.585883],[7.9683218,46.5857577],[7.9679107,46.5857699],[7.9676151,46.5857982],[7.9672941,46.5857558],[7.9670064,46.5856372],[7.9668466,46.5856285],[7.9665169,46.5856767],[7.966284,46.5856773],[7.9657752,46.5858369],[7.9646665,46.5860522],[7.9642882,46.5861136],[7.9638462,46.5859844],[7.9630244,46.5855595],[7.9628942,46.5855398],[7.9626441,46.585502],[7.9619559,46.58557],[7.961493,46.5855741]]}},{"type":"Feature","id":384229165,"properties":{"kind":"run","name":"Mapped ski run","subtype":"intermediate","pisteType":"downhill","featured":false},"geometry":{"type":"LineString","coordinates":[[7.9573891,46.597192],[7.9582206,46.5972711],[7.9592806,46.5972886],[7.9595904,46.5973385],[7.9608785,46.5975789],[7.960006,46.5978975],[7.9588776,46.597709],[7.9584494,46.5977042],[7.9580525,46.5977005],[7.957785,46.5976776],[7.9574085,46.5976068],[7.9567899,46.5974288],[7.9573891,46.597192]]}},{"type":"Feature","id":384229171,"properties":{"kind":"run","name":"Mapped ski run","subtype":"intermediate","pisteType":"downhill","featured":false},"geometry":{"type":"LineString","coordinates":[[7.9605637,46.5858075],[7.9604026,46.5859178],[7.9602887,46.5860631],[7.9602693,46.5861679],[7.9602907,46.5862482],[7.9604525,46.5864437],[7.9604182,46.5865225],[7.9602192,46.5862782],[7.9600986,46.5861342],[7.9599421,46.5861961],[7.9598744,46.5861154],[7.9600501,46.5860535],[7.9599707,46.5859153],[7.9598504,46.5858832],[7.9594438,46.5858642],[7.9590783,46.5858791],[7.9589243,46.5858803],[7.9584385,46.5858734],[7.9581968,46.5858754],[7.957869,46.5858577],[7.9575314,46.5858275],[7.9572493,46.5857823],[7.9569628,46.5857513],[7.9564345,46.5857038],[7.9559044,46.5857659],[7.9553923,46.5857849],[7.9544841,46.5858476],[7.9540756,46.5858646],[7.9538441,46.5857953],[7.9537166,46.5856598],[7.9537173,46.585573],[7.9540019,46.5850224],[7.9541166,46.5847133],[7.9540734,46.5846159],[7.9537653,46.5846286],[7.9523108,46.5849016],[7.95088,46.5849644],[7.9500385,46.5852192],[7.9494852,46.5854901],[7.9490451,46.5857298],[7.9485485,46.5860921],[7.9484203,46.5862711],[7.9479122,46.5867677],[7.948101,46.5871914],[7.9484785,46.5876415],[7.9485643,46.5878209],[7.9485751,46.588003],[7.9486023,46.5884972],[7.9485075,46.5887363],[7.9483901,46.5892038],[7.9483394,46.5893896],[7.9485843,46.5898746],[7.9486218,46.5902414],[7.9486095,46.5904758],[7.9486953,46.590661],[7.9485688,46.5907271],[7.9485466,46.5907015],[7.9484388,46.5906662],[7.9484113,46.5905787],[7.9484035,46.5904556],[7.9484607,46.5901645],[7.9482763,46.5897665],[7.9481524,46.5895907],[7.9481349,46.5893938],[7.948227,46.589176],[7.9482771,46.5889218],[7.9481744,46.5885325],[7.9480832,46.5881741],[7.9482934,46.5881095],[7.948349,46.5880552],[7.9483682,46.587828],[7.9477119,46.5870253],[7.9472963,46.5867726],[7.9470634,46.58667],[7.9470836,46.5866221],[7.9471318,46.586599],[7.9471508,46.5865513],[7.9470831,46.5864143],[7.9469701,46.5862682],[7.9470101,46.5861133],[7.947042,46.5860755],[7.9473424,46.5851944],[7.9478466,46.5843445],[7.9482543,46.58395],[7.9483724,46.5837344],[7.9484314,46.5834044],[7.9483697,46.5832016],[7.9480371,46.5830265],[7.9477367,46.582949],[7.9473612,46.5829085],[7.9470929,46.5829822],[7.9466504,46.58322],[7.9461343,46.5834142],[7.945954,46.583366],[7.9452212,46.5823],[7.9450028,46.5817402],[7.9448147,46.5810181],[7.944941,46.5805743],[7.9452421,46.5803184],[7.9458616,46.5799578],[7.946984,46.5792607],[7.947563,46.5789128],[7.9482503,46.5785551],[7.948706,46.5782403],[7.9489773,46.577756],[7.9491958,46.577339],[7.9494089,46.5771679],[7.9495541,46.5771496],[7.9496315,46.5772093],[7.9497167,46.5772707],[7.9497001,46.5773408],[7.9497805,46.5775953],[7.94981,46.5778018],[7.9497414,46.5779594],[7.94945,46.5782734],[7.948379,46.5789969],[7.9464737,46.5802257],[7.9462801,46.5805232],[7.94627,46.5808694],[7.9466386,46.5816171],[7.946756,46.5819577],[7.9466065,46.5827779],[7.9466977,46.5828611],[7.9470317,46.5827149],[7.9475716,46.5826456],[7.9482008,46.5826122],[7.9487184,46.5826767],[7.949,46.5827923],[7.9491863,46.5829953],[7.9493064,46.5832968],[7.949309,46.5837204],[7.9491395,46.584186],[7.9486535,46.5850651],[7.9494318,46.5848111],[7.9509309,46.5845047],[7.9527643,46.5844978],[7.9539933,46.5843406],[7.9542152,46.5843914],[7.9544219,46.5844838],[7.9544095,46.5847387],[7.9540234,46.5854866],[7.9541136,46.5855262],[7.9545131,46.5855056],[7.9555349,46.5853814],[7.9565503,46.5853264],[7.957222,46.5853527],[7.9574801,46.5853869],[7.9577635,46.5854692],[7.9580414,46.5855603],[7.958322,46.5856403],[7.9587308,46.5856782],[7.959233,46.5856563],[7.9596552,46.5856205],[7.9602573,46.5857122],[7.9604951,46.5856829],[7.9605637,46.5858075]]}},{"type":"Feature","id":384229177,"properties":{"kind":"run","name":"Mapped ski run","subtype":"easy","pisteType":"downhill","featured":false},"geometry":{"type":"LineString","coordinates":[[7.9569183,46.6051225],[7.9567686,46.6052647],[7.9564817,46.6054563],[7.9553355,46.6058465],[7.954991,46.6060245],[7.9545007,46.606396],[7.9536698,46.6068607],[7.953249,46.606739],[7.9542002,46.6062181],[7.9547814,46.6057397],[7.9551584,46.6055142],[7.9556787,46.6052765],[7.956191,46.6050388],[7.9565394,46.6046308],[7.9567945,46.6042064],[7.9569769,46.6040385],[7.9572648,46.6039224],[7.9579919,46.6037825],[7.9583559,46.6037525],[7.9587561,46.6037645],[7.9590125,46.6038716],[7.9591995,46.6039829],[7.9593818,46.6041193],[7.9597406,46.6045945],[7.9597637,46.6047099],[7.959757,46.6048324],[7.9596698,46.6050434],[7.9595625,46.6051659],[7.9595558,46.6052323],[7.9595999,46.6052425],[7.9600114,46.605094],[7.9602163,46.6049402],[7.9601518,46.6048128],[7.9603484,46.6047939],[7.9603528,46.6049506],[7.9602789,46.6050744],[7.960074,46.6051735],[7.9598123,46.6053363],[7.9596435,46.6055552],[7.9593983,46.6054769],[7.9593734,46.6053585],[7.9594029,46.6052691],[7.9594418,46.6051917],[7.9595719,46.6050618],[7.959647,46.6048803],[7.9596792,46.6047172],[7.9596359,46.6046265],[7.9591164,46.6041392],[7.9588436,46.6040455],[7.9586206,46.6040198],[7.958126,46.6039807],[7.9575959,46.6040678],[7.9572555,46.6041698],[7.9571001,46.6043187],[7.9570168,46.6045547],[7.9569183,46.6051225]]}},{"type":"Feature","id":384229181,"properties":{"kind":"run","name":"25","subtype":"easy","pisteType":"downhill","featured":false},"geometry":{"type":"LineString","coordinates":[[7.9748994,46.5853077],[7.974348,46.5856708],[7.9741642,46.5858559],[7.9740014,46.5860808],[7.9738474,46.5863027],[7.9737444,46.5865975],[7.9736482,46.5864976],[7.973524,46.5864193],[7.973789,46.5859308],[7.9739748,46.5857047],[7.9741294,46.5856032],[7.9746224,46.5851778],[7.9748146,46.5849916],[7.9750256,46.5846138],[7.9750595,46.5844825],[7.9750086,46.5842328],[7.9748308,46.5839415],[7.9749113,46.5839778],[7.9750307,46.5841376],[7.9751841,46.5844287],[7.9752949,46.584623],[7.975135,46.5848997],[7.9750413,46.5851069],[7.9750054,46.5852709],[7.9748994,46.5853077]]}},{"type":"Feature","id":384229200,"properties":{"kind":"run","name":"Mapped ski run","subtype":"intermediate","pisteType":"downhill","featured":false},"geometry":{"type":"LineString","coordinates":[[7.9695151,46.5954235],[7.9698409,46.5952577],[7.9699691,46.5949314],[7.9699822,46.5943329],[7.9700853,46.5940138],[7.9705222,46.593555],[7.9706173,46.5934321],[7.9704048,46.59332],[7.9699231,46.5929889],[7.9692365,46.5923816],[7.9687207,46.5920532],[7.9682969,46.5919324],[7.9683413,46.5917378],[7.9688762,46.5919724],[7.9694983,46.5923399],[7.96987,46.5926996],[7.9703024,46.5930906],[7.9706893,46.5932678],[7.9708297,46.5930228],[7.9711009,46.5927663],[7.9714411,46.5925942],[7.9719421,46.592219],[7.9721171,46.5920357],[7.9723073,46.5918314],[7.9724345,46.5914819],[7.972597,46.5915156],[7.9725096,46.5918634],[7.9721214,46.5923864],[7.9711483,46.5929759],[7.9710566,46.5931316],[7.9711256,46.5934529],[7.9710531,46.5936867],[7.970618,46.5941181],[7.9703329,46.5944245],[7.9703062,46.5949611],[7.9703079,46.5953442],[7.9702645,46.5954626],[7.9701697,46.5955825],[7.9695359,46.5959444],[7.9695151,46.5954235]]}},{"type":"Feature","id":384229201,"properties":{"kind":"run","name":"Mapped ski run","subtype":"easy","pisteType":"downhill","featured":false},"geometry":{"type":"LineString","coordinates":[[7.9724345,46.5914819],[7.9721421,46.5916496],[7.9718766,46.5917639],[7.9717129,46.591786],[7.9714152,46.5917326],[7.9706722,46.5914008],[7.9704523,46.5913013],[7.9702511,46.5912847],[7.9698569,46.5913658],[7.9686494,46.5915423],[7.9683413,46.5917378],[7.9682969,46.5919324],[7.9681461,46.5925106],[7.9680348,46.5930264],[7.9681483,46.5934817],[7.9683951,46.594101],[7.9687169,46.5945563],[7.9692748,46.5951424],[7.9695151,46.5954235],[7.9695359,46.5959444],[7.9689047,46.596849],[7.9686751,46.5970847],[7.968486,46.5972293],[7.968125,46.5973829],[7.9673007,46.5976157],[7.9665165,46.5977284],[7.9661199,46.5977648],[7.9656369,46.5977443],[7.9648773,46.5977205],[7.9632576,46.5976222],[7.9622232,46.5976876],[7.9611704,46.597802],[7.9607466,46.5980439],[7.9599706,46.5985035],[7.9593931,46.5988926],[7.9591345,46.5989593],[7.959019,46.5989728],[7.9589948,46.5988742],[7.9589589,46.5985891],[7.9595664,46.5982278],[7.960006,46.5978975],[7.9608785,46.5975789],[7.9615365,46.5972949],[7.9621602,46.5972953],[7.9631852,46.5974222],[7.9636824,46.5974314],[7.9642714,46.5973688],[7.9650099,46.5974148],[7.9654304,46.5974881],[7.9660782,46.5974653],[7.9668647,46.5975179],[7.9672199,46.5974555],[7.9679597,46.5972723],[7.9682851,46.5971771],[7.9685043,46.5970081],[7.9687384,46.5968038],[7.9690211,46.5964127],[7.9693087,46.5960257],[7.9693598,46.5955544],[7.9693392,46.5953838],[7.9689771,46.5949654],[7.9684782,46.5946355],[7.968277,46.5943849],[7.9679927,46.5938762],[7.9677395,46.5932828],[7.967359,46.5924428],[7.967497,46.5921949],[7.9675655,46.5920002],[7.9674153,46.5915107],[7.9677597,46.5911986],[7.9686837,46.5911141],[7.9697631,46.5907983],[7.9702036,46.5909817],[7.9703128,46.5910321],[7.971096,46.5912865],[7.9715225,46.5914653],[7.9716593,46.5914893],[7.9718927,46.5914321],[7.97239,46.5911098],[7.9725636,46.5909232],[7.9728052,46.5905192],[7.9729005,46.5902293],[7.973077,46.5901107],[7.9732785,46.589922],[7.9733934,46.5898265],[7.9737452,46.590003],[7.9738538,46.5901098],[7.9739673,46.5901428],[7.973998,46.5901965],[7.9737448,46.5903052],[7.9734731,46.5900646],[7.9733571,46.59014],[7.9732044,46.5904676],[7.972597,46.5915156],[7.9724345,46.5914819]]}},{"type":"Feature","id":384229205,"properties":{"kind":"run","name":"Mapped ski run","subtype":"easy","pisteType":"downhill","featured":false},"geometry":{"type":"LineString","coordinates":[[7.9631667,46.613549],[7.9635227,46.6138355],[7.9638262,46.6141826],[7.964125,46.614646],[7.9642377,46.6148589],[7.9642189,46.6151619],[7.9642024,46.6155535],[7.9643097,46.6158767],[7.9644576,46.6160388],[7.9652784,46.6165591],[7.966217,46.6172268],[7.9663928,46.6173893],[7.9666059,46.6171836],[7.9666643,46.6172105],[7.9664871,46.6173837],[7.9665543,46.6175676],[7.9663673,46.6177817],[7.9662064,46.6177798],[7.9658791,46.6177356],[7.9653695,46.6176325],[7.9647499,46.6175532],[7.9645461,46.6175459],[7.9644463,46.6174383],[7.9652891,46.6175551],[7.9658496,46.6176398],[7.9661018,46.6176767],[7.9661688,46.6176398],[7.9658312,46.6172817],[7.9655567,46.6170873],[7.9648114,46.6165325],[7.9641667,46.6159923],[7.9639956,46.6156305],[7.963999,46.6154538],[7.9640685,46.6152024],[7.964033,46.6149544],[7.9639003,46.6147523],[7.9636266,46.6144981],[7.9631621,46.6141485],[7.9626254,46.6138052],[7.9620141,46.6134871],[7.9615097,46.6131898],[7.9612553,46.6130489],[7.9606119,46.6125362],[7.9603262,46.6122649],[7.9598934,46.6120309],[7.9595759,46.6115377],[7.9593995,46.6113468],[7.9593967,46.6111924],[7.959485,46.6110213],[7.9595734,46.6107909],[7.9595637,46.6106041],[7.9593952,46.6103995],[7.9590089,46.6100694],[7.9586266,46.6098125],[7.9580811,46.6093098],[7.9578998,46.6090473],[7.9577011,46.6086707],[7.9576214,46.6081425],[7.9573902,46.6079914],[7.9566777,46.6078918],[7.956199,46.6078507],[7.9558933,46.607871],[7.9556814,46.6079871],[7.9555365,46.608105],[7.9553649,46.6081437],[7.955094,46.6081363],[7.954866,46.6080534],[7.9547707,46.6079478],[7.9547212,46.6078931],[7.9546273,46.6077568],[7.9545468,46.6076112],[7.9544207,46.6074785],[7.9543823,46.6074499],[7.9542726,46.6073682],[7.954602,46.6075072],[7.9546997,46.607648],[7.9547989,46.6078286],[7.9549277,46.6079576],[7.9550806,46.6080368],[7.9552147,46.6080092],[7.9553166,46.6078673],[7.9554055,46.6077247],[7.9559084,46.6076234],[7.9568727,46.6077035],[7.9572873,46.6077133],[7.9574543,46.6076536],[7.9581037,46.6075083],[7.9582135,46.6075093],[7.9582147,46.6075513],[7.9580913,46.6076619],[7.9579505,46.6079134],[7.9579465,46.6081437],[7.9580873,46.6086339],[7.9583397,46.6090819],[7.9586881,46.6094593],[7.9591683,46.6098379],[7.9594615,46.6101388],[7.9596664,46.6103872],[7.9599082,46.6108158],[7.9598841,46.6109406],[7.9597687,46.6111251],[7.9597548,46.611269],[7.9598388,46.6114548],[7.9600873,46.6117226],[7.9604813,46.6120145],[7.9609438,46.6123939],[7.9616917,46.6130276],[7.9619519,46.6131547],[7.9631667,46.613549]]}},{"type":"Feature","id":384437554,"properties":{"kind":"run","name":"Mapped ski run","subtype":"intermediate","pisteType":"downhill","featured":false},"geometry":{"type":"LineString","coordinates":[[7.9521413,46.6134706],[7.9529025,46.6140473],[7.9536601,46.614419],[7.9560971,46.6153222],[7.9567192,46.6153961],[7.9577272,46.6159261],[7.959348,46.6168366],[7.9602584,46.6171884],[7.9610167,46.6173493],[7.9626524,46.6176472],[7.9634618,46.6177096],[7.9642873,46.6177154]]}},{"type":"Feature","id":384437555,"properties":{"kind":"run","name":"Mapped ski run","subtype":"expert","pisteType":"downhill","featured":false},"geometry":{"type":"LineString","coordinates":[[7.9481551,46.6075539],[7.9499388,46.6082911],[7.9509844,46.6087347],[7.9525566,46.6094299],[7.953333,46.6101039],[7.9547238,46.6107528],[7.9559722,46.6115373],[7.9590629,46.6130274],[7.9612416,46.6144226]]}},{"type":"Feature","id":384437557,"properties":{"kind":"run","name":"Schwarzen","subtype":"advanced","pisteType":"downhill","featured":false},"geometry":{"type":"LineString","coordinates":[[7.9708326,46.5755172],[7.9699856,46.5760337],[7.9697469,46.5762199],[7.9696101,46.5764485],[7.9695296,46.5769334],[7.9694304,46.5777059],[7.9691769,46.5782759]]}},{"type":"Feature","id":384437558,"properties":{"kind":"run","name":"Wengernalp - Allmend","subtype":"easy","pisteType":"downhill","featured":false},"geometry":{"type":"LineString","coordinates":[[7.9322268,46.579572],[7.9316557,46.5794607],[7.9311089,46.5794121],[7.9296238,46.5800658],[7.9290756,46.580375],[7.9284706,46.5805295],[7.9280816,46.5804559],[7.9277945,46.5802114],[7.9275755,46.5799578],[7.9272473,46.5796946],[7.9269172,46.5795648],[7.9265236,46.5795017],[7.9263259,46.5794893],[7.9261141,46.5795329],[7.925925,46.5796067],[7.9257937,46.5797105],[7.9257219,46.5797753],[7.9256348,46.5798723],[7.9254657,46.5801353],[7.9253466,46.5803704],[7.9252895,46.580572],[7.9252753,46.5807404],[7.9253044,46.5809011],[7.9253596,46.5810875],[7.9254122,46.5812447],[7.9255596,46.5815518],[7.9256266,46.5817308],[7.9256506,46.5818846],[7.9257286,46.5820025],[7.9258441,46.5821451],[7.9261522,46.582179]]}},{"type":"Feature","id":384437559,"properties":{"kind":"run","name":"Wengernalp - Allmend","subtype":"easy","pisteType":"downhill","featured":false},"geometry":{"type":"LineString","coordinates":[[7.9316557,46.5794607],[7.9316501,46.5796183],[7.9316109,46.5796347],[7.9306637,46.5800295],[7.9297944,46.5805491],[7.9296053,46.5806621],[7.9289643,46.5812009],[7.928692,46.5816466],[7.9284097,46.5822745],[7.9282705,46.5827011],[7.9280515,46.5831484],[7.9275687,46.5835705],[7.9273331,46.58388],[7.9277546,46.5845025],[7.9280908,46.5846358],[7.9285441,46.5847685],[7.9287989,46.5848377],[7.9289176,46.5848873],[7.9290071,46.5849265],[7.9290759,46.5849746],[7.9291492,46.5850433],[7.9292742,46.5851601],[7.9294697,46.5853119],[7.9297383,46.5855643],[7.9301014,46.5860109],[7.9301933,46.5861715],[7.9302879,46.5865234],[7.9303171,46.5868739],[7.9303671,46.5870959],[7.9304663,46.5873318],[7.9305486,46.5874582],[7.9306378,46.58759],[7.9306137,46.5877537],[7.9306458,46.5879943],[7.9306229,46.5883161],[7.9305833,46.5884813],[7.9305001,46.5886165],[7.9303399,46.5888691],[7.9301816,46.5891678],[7.9300987,46.5893775],[7.9300634,46.5895703],[7.9300757,46.5897483],[7.9301359,46.5899665],[7.9302373,46.5902548],[7.9302629,46.5903061],[7.9302835,46.5903474],[7.9303528,46.5904358],[7.9304464,46.5905459],[7.9304785,46.590593]]}},{"type":"Feature","id":384748109,"properties":{"kind":"run","name":"Mapped ski run","subtype":"intermediate","pisteType":"downhill","featured":false},"geometry":{"type":"LineString","coordinates":[[7.9466137,46.6081932],[7.9466089,46.6086418],[7.9466089,46.6089155],[7.9466559,46.6090638],[7.9466743,46.6091221],[7.946729,46.6092948],[7.9469597,46.6096296],[7.9472275,46.6100436],[7.9475259,46.6099181],[7.9474202,46.6097726],[7.9472303,46.6094194],[7.9470782,46.6090954],[7.9470339,46.6090073],[7.9469574,46.6088468],[7.9469306,46.6081041],[7.9468846,46.6077299],[7.9466102,46.6078748],[7.9466137,46.6081932]]}},{"type":"Feature","id":400874377,"properties":{"kind":"lift","name":"Platter","subtype":"platter","status":"active"},"geometry":{"type":"LineString","coordinates":[[7.9437514,46.6082407],[7.942316,46.6106245]]}},{"type":"Feature","id":453693586,"properties":{"kind":"lift","name":"Pinocchiolift","subtype":"magic_carpet","status":"active"},"geometry":{"type":"LineString","coordinates":[[7.9638254,46.5860451],[7.9629984,46.5856137]]}},{"type":"Feature","id":462345521,"properties":{"kind":"run","name":"Mapped ski run","subtype":"unknown","pisteType":"sled","featured":false},"geometry":{"type":"LineString","coordinates":[[7.938552,46.5757485],[7.9383557,46.5757963],[7.9380958,46.5758345],[7.9380195,46.5758212],[7.9378899,46.575834],[7.9378287,46.5758561],[7.9377678,46.5759115],[7.9375291,46.5760719],[7.9374278,46.576127],[7.9373146,46.5761604],[7.9371707,46.5761962],[7.93687,46.5762963],[7.9365651,46.5764039],[7.9361284,46.5766563],[7.9358702,46.5768042],[7.9357857,46.5768545],[7.9357306,46.5769273]]}},{"type":"Feature","id":468000311,"properties":{"kind":"run","name":"27 Gimmeln-Gimmelwald","subtype":"expert","pisteType":"downhill","featured":false},"geometry":{"type":"LineString","coordinates":[[7.8808543,46.5502507],[7.8809273,46.5500491],[7.8815174,46.5497466],[7.8818553,46.5496839],[7.8823971,46.5497687],[7.8827834,46.5498573],[7.8837597,46.5497983],[7.8846716,46.5495253],[7.885031,46.5494957],[7.8859083,46.5499201],[7.8862146,46.5501713],[7.8862735,46.5501767],[7.8863089,46.5500443],[7.8863335,46.549827],[7.8862588,46.5494994],[7.8861545,46.5491416],[7.8861306,46.5490541],[7.8860725,46.5489665],[7.8860767,46.5489362],[7.886784,46.5491855],[7.8877383,46.5493746],[7.8897573,46.5490089],[7.8913402,46.5484142],[7.8921023,46.5480161],[7.8934299,46.5472301]]}},{"type":"Feature","id":478476456,"properties":{"kind":"lift","name":"Goods","subtype":"goods","status":"active"},"geometry":{"type":"LineString","coordinates":[[7.850963,46.5410788],[7.8498794,46.5413749],[7.8381797,46.5445717]]}},{"type":"Feature","id":566821790,"properties":{"kind":"run","name":"Black - Rock","subtype":"advanced","pisteType":"downhill","featured":false},"geometry":{"type":"LineString","coordinates":[[7.9741898,46.5744944],[7.9732661,46.5743874],[7.9718044,46.5744652],[7.9710045,46.5745041],[7.9704418,46.5745893],[7.969826,46.5746671],[7.9694449,46.5745798]]}},{"type":"Feature","id":566822760,"properties":{"kind":"run","name":"Mapped ski run","subtype":"intermediate","pisteType":"downhill","featured":false},"geometry":{"type":"LineString","coordinates":[[7.8730407,46.5558987],[7.8738427,46.5542963],[7.8742723,46.5532558],[7.8745899,46.5520161],[7.8748362,46.5515242]]}},{"type":"Feature","id":566822761,"properties":{"kind":"run","name":"Bond","subtype":"advanced","pisteType":"downhill","featured":false},"geometry":{"type":"LineString","coordinates":[[7.8541548,46.5616985],[7.8535764,46.5630195],[7.8533422,46.5642717],[7.8532487,46.5648577]]}},{"type":"Feature","id":660098049,"properties":{"kind":"run","name":"Lauberhorn","subtype":"intermediate","pisteType":"downhill","featured":false},"geometry":{"type":"LineString","coordinates":[[7.9538853,46.5856474],[7.9539668,46.5857024],[7.9556591,46.585615],[7.9563429,46.5855426],[7.9572031,46.5855871],[7.9575426,46.5856622],[7.9579091,46.5857427],[7.9580815,46.5857805],[7.9592141,46.5857692],[7.9597769,46.5857602],[7.9598946,46.5857852],[7.9599674,46.5858222],[7.9600149,46.5858685],[7.9601384,46.586065]]}},{"type":"Feature","id":666279793,"properties":{"kind":"run","name":"Mapped ski run","subtype":"intermediate","pisteType":"downhill","featured":false},"geometry":{"type":"LineString","coordinates":[[7.9581315,46.6060548],[7.9590493,46.6057994],[7.9594063,46.6055918],[7.9594963,46.6055049],[7.9595509,46.6055642],[7.9596283,46.6056008],[7.9597315,46.6056191],[7.9602087,46.6057194],[7.9606114,46.6058505],[7.9609712,46.6060471],[7.9612225,46.606228],[7.9616943,46.6065018]]}},{"type":"Feature","id":670568301,"properties":{"kind":"run","name":"Punchball","subtype":"intermediate","pisteType":"downhill","featured":false},"geometry":{"type":"LineString","coordinates":[[7.973789,46.5796306],[7.9735664,46.5800012],[7.97351,46.5811516],[7.9734916,46.5817182]]}},{"type":"Feature","id":670568303,"properties":{"kind":"run","name":"Mapped ski run","subtype":"intermediate","pisteType":"downhill","featured":false},"geometry":{"type":"LineString","coordinates":[[7.9686657,46.5787857],[7.9685426,46.5787167],[7.9683572,46.5785206],[7.9676293,46.5783622],[7.9673844,46.5783844]]}},{"type":"Feature","id":670568306,"properties":{"kind":"run","name":"Mapped ski run","subtype":"intermediate","pisteType":"downhill","featured":false},"geometry":{"type":"LineString","coordinates":[[7.9499595,46.5729897],[7.9499361,46.5727628],[7.9498236,46.5727687]]}},{"type":"Feature","id":670568307,"properties":{"kind":"run","name":"Mapped ski run","subtype":"easy","pisteType":"downhill","featured":false},"geometry":{"type":"LineString","coordinates":[[7.9420356,46.5757977],[7.9425399,46.5758705],[7.9429436,46.5758733],[7.9434398,46.5758336],[7.9438113,46.5757396],[7.9439722,46.5756686],[7.9441559,46.5756354],[7.9449311,46.5756354],[7.9460791,46.5756797],[7.9466732,46.5757783],[7.9474014,46.5758096],[7.9480585,46.5760143],[7.9485159,46.576207],[7.948941,46.5764466],[7.9491127,46.5765508],[7.9493929,46.5768255],[7.9499361,46.5772348],[7.9503532,46.5774856],[7.9508923,46.5776524],[7.9517627,46.5779345],[7.9521476,46.5781281],[7.9527645,46.5783014],[7.9530421,46.5784452],[7.953148,46.5785789],[7.9532231,46.5787383],[7.9533371,46.578825],[7.9536228,46.5788987],[7.9538119,46.5790112],[7.9540466,46.5791034],[7.9544516,46.5791817],[7.9547681,46.5792767],[7.9553884,46.5796961],[7.9557471,46.5800132],[7.955908,46.5802206],[7.9561776,46.5807285],[7.9563265,46.5810078],[7.9564887,46.5811581],[7.9566443,46.5812889],[7.9567114,46.5814161],[7.9568723,46.5815351],[7.9570158,46.5815996],[7.9571593,46.5816604],[7.9573457,46.5818503],[7.9575428,46.5820135],[7.9581584,46.5823591],[7.9586841,46.5827066],[7.9591012,46.582996],[7.9592715,46.5831527],[7.9593641,46.5833306],[7.9596202,46.5837122],[7.9601379,46.5841454],[7.960445,46.5843796],[7.9606099,46.5846404],[7.9607736,46.5847916],[7.9608921,46.5848423],[7.9609635,46.5848572],[7.9610674,46.5848727],[7.9611911,46.5848747],[7.9612795,46.58487],[7.9614214,46.5848533],[7.9612818,46.5848391],[7.9612451,46.5848465],[7.961076,46.5848491],[7.9609198,46.5848186],[7.9608105,46.5847655],[7.9606555,46.5846223],[7.9604895,46.5843599],[7.9601775,46.584122],[7.9596649,46.583693],[7.9594125,46.583317],[7.9593181,46.5831356],[7.9591409,46.5829725],[7.9587208,46.582681],[7.9581931,46.5823322],[7.9575798,46.5819878],[7.9573876,46.5818287],[7.9571963,46.5816339],[7.9570438,46.5815692],[7.9569062,46.5815074],[7.9567569,46.581397],[7.9566904,46.581271],[7.95653,46.581136],[7.9563729,46.5809906],[7.9562267,46.5807162],[7.9559559,46.5802059],[7.9557911,46.5799936],[7.9554275,46.5796722],[7.9547979,46.5792464],[7.9544692,46.5791478],[7.9540669,46.57907],[7.9538422,46.5789817],[7.9536499,46.5788673],[7.9533674,46.5787944],[7.9532694,46.5787199],[7.9531963,46.5785646],[7.9530826,46.5784212],[7.9528066,46.5782607],[7.952184,46.5780633],[7.9518217,46.5778758],[7.951004,46.5775645],[7.9503681,46.5773398],[7.9500528,46.5771804],[7.9499562,46.5771399],[7.9497624,46.5769911],[7.9497749,46.5768675],[7.9499073,46.5767881],[7.949515,46.5766753],[7.9492565,46.5765433],[7.94905,46.5763428],[7.9486643,46.5760771],[7.9482601,46.5759023],[7.9474686,46.5757253],[7.9467829,46.5756901],[7.9461189,46.5756034],[7.9449218,46.5755506],[7.9443973,46.5755442],[7.9439804,46.5755837],[7.943755,46.5756454],[7.9434738,46.5757413],[7.9429938,46.5757977],[7.9425791,46.5757986],[7.942096,46.5756695],[7.9420356,46.5757977]]}},{"type":"Feature","id":670568308,"properties":{"kind":"run","name":"Mapped ski run","subtype":"easy","pisteType":"downhill","featured":false},"geometry":{"type":"LineString","coordinates":[[7.9498901,46.5770476],[7.9499321,46.5769426],[7.9498784,46.5768624],[7.9497416,46.5768062],[7.9494222,46.576739]]}},{"type":"Feature","id":670568309,"properties":{"kind":"run","name":"Mapped ski run","subtype":"intermediate","pisteType":"downhill","featured":false},"geometry":{"type":"LineString","coordinates":[[7.9502308,46.5773832],[7.9502419,46.5772265],[7.950258,46.5770348],[7.9503868,46.576639]]}},{"type":"Feature","id":670568310,"properties":{"kind":"run","name":"Mapped ski run","subtype":"intermediate","pisteType":"downhill","featured":false},"geometry":{"type":"LineString","coordinates":[[7.9497167,46.5772707],[7.9496315,46.5772093],[7.9495541,46.5771496],[7.9498176,46.5769817],[7.9498901,46.5770476],[7.9499795,46.5771207],[7.9497167,46.5772707]]}},{"type":"Feature","id":670568311,"properties":{"kind":"run","name":"Engi","subtype":"intermediate","pisteType":"downhill","featured":false},"geometry":{"type":"LineString","coordinates":[[7.9498901,46.5770476],[7.9501185,46.5768836],[7.9503868,46.576639],[7.9504955,46.5763633],[7.9505017,46.5759818],[7.9501628,46.5749971],[7.9500541,46.5741715],[7.9499532,46.573369],[7.9499595,46.5729897]]}},{"type":"Feature","id":670568312,"properties":{"kind":"run","name":"Engi","subtype":"intermediate","pisteType":"downhill","featured":false},"geometry":{"type":"LineString","coordinates":[[7.9496315,46.5772093],[7.9498901,46.5770476]]}},{"type":"Feature","id":670568313,"properties":{"kind":"run","name":"Mapped ski run","subtype":"advanced","pisteType":"downhill","featured":false},"geometry":{"type":"LineString","coordinates":[[7.9329837,46.579241],[7.9331213,46.57922],[7.9331233,46.5792619],[7.9331247,46.5792946],[7.9330094,46.5793223],[7.9330009,46.579281],[7.9329837,46.579241]]}},{"type":"Feature","id":670568314,"properties":{"kind":"run","name":"Lauberhorn Weltcup-Abfahrt","subtype":"advanced","pisteType":"downhill","featured":false},"geometry":{"type":"LineString","coordinates":[[7.9330009,46.579281],[7.9326184,46.579403],[7.9322268,46.579572],[7.9317239,46.5797505],[7.931438,46.5798669],[7.9309403,46.5800695],[7.9300557,46.5805267],[7.9293868,46.5812073],[7.9288533,46.5820364],[7.9285194,46.5826331],[7.9284382,46.5831426],[7.9280673,46.5836426],[7.9278018,46.5839406],[7.9277546,46.5845025],[7.9272883,46.5855222],[7.9272312,46.586159],[7.9272682,46.5864464],[7.9273781,46.5873012],[7.9274189,46.5877567],[7.9274136,46.5883023],[7.9272969,46.5886341],[7.9269324,46.5894522],[7.9265967,46.5907766],[7.9266089,46.5909934],[7.9266706,46.5911335],[7.9267747,46.5913524],[7.9267848,46.5915598],[7.9266813,46.5917381],[7.92628,46.5921569],[7.9260537,46.5922984],[7.925846,46.5924758],[7.9256931,46.592944],[7.9255473,46.5932841],[7.9252956,46.5935664],[7.9247704,46.5937716],[7.9238376,46.5939397],[7.9236552,46.5940126],[7.9236089,46.5940356]]}},{"type":"Feature","id":670568315,"properties":{"kind":"run","name":"Lauberhorn Weltcup-Abfahrt","subtype":"advanced","pisteType":"downhill","featured":false},"geometry":{"type":"LineString","coordinates":[[7.9331233,46.5792619],[7.9330009,46.579281]]}},{"type":"Feature","id":670568317,"properties":{"kind":"run","name":"Lauberhorn Weltcup-Abfahrt","subtype":"advanced","pisteType":"downhill","featured":false},"geometry":{"type":"LineString","coordinates":[[7.9461452,46.5831961],[7.9452181,46.5825416],[7.9442149,46.5821287],[7.9434639,46.5817802],[7.9422891,46.5810834],[7.9418251,46.5805617],[7.9413852,46.5797966],[7.9411867,46.5791771],[7.9409453,46.5786388],[7.9407388,46.5783696],[7.9404223,46.5782461],[7.9400307,46.5782129],[7.939513,46.578329],[7.9391241,46.5785106]]}},{"type":"Feature","id":670568318,"properties":{"kind":"run","name":"Mapped ski run","subtype":"advanced","pisteType":"downhill","featured":false},"geometry":{"type":"LineString","coordinates":[[7.9460077,46.583473],[7.9461452,46.5831961],[7.9454523,46.5832298]]}},{"type":"Feature","id":670568319,"properties":{"kind":"run","name":"Mapped ski run","subtype":"easy","pisteType":"downhill","featured":false},"geometry":{"type":"LineString","coordinates":[[7.9394211,46.5755643],[7.9399851,46.5755488],[7.9405725,46.5755653],[7.9411626,46.5757165],[7.9416534,46.5759157],[7.9417714,46.5759249],[7.9418345,46.5758981],[7.9420571,46.5757018]]}},{"type":"Feature","id":670568320,"properties":{"kind":"run","name":"Mapped ski run","subtype":"easy","pisteType":"downhill","featured":false},"geometry":{"type":"LineString","coordinates":[[7.9319704,46.5942136],[7.931697,46.5941324],[7.9313825,46.5938879],[7.9312974,46.5937932],[7.9311486,46.5937213],[7.9308321,46.5936319],[7.9306222,46.5936744]]}},{"type":"Feature","id":670568321,"properties":{"kind":"run","name":"Mapped ski run","subtype":"easy","pisteType":"downhill","featured":false},"geometry":{"type":"LineString","coordinates":[[7.930767,46.5933979],[7.930951,46.5934767],[7.9310464,46.5935109],[7.9313028,46.5936034],[7.9316944,46.5940549],[7.9319704,46.5942136]]}},{"type":"Feature","id":670568322,"properties":{"kind":"run","name":"Mapped ski run","subtype":"easy","pisteType":"downhill","featured":false},"geometry":{"type":"LineString","coordinates":[[7.9312189,46.5933008],[7.9311915,46.5932573],[7.9311553,46.5932255],[7.9310862,46.5932039],[7.9309735,46.5932057],[7.9308709,46.5932578],[7.930767,46.5933979]]}},{"type":"Feature","id":670568323,"properties":{"kind":"run","name":"Wengernalp - Allmend","subtype":"easy","pisteType":"downhill","featured":false},"geometry":{"type":"LineString","coordinates":[[7.9304753,46.5906534],[7.9304745,46.5907044],[7.9304112,46.5907715],[7.9303327,46.590889],[7.9302782,46.5910312],[7.9302506,46.591167],[7.9302407,46.5912844],[7.93025,46.5915722],[7.9302809,46.5916902],[7.9303222,46.5917898],[7.9304364,46.5919381],[7.9306531,46.5921123],[7.9306912,46.5921648],[7.9306913,46.5921726],[7.9306926,46.5922415],[7.9306632,46.5923454],[7.9306053,46.5924509],[7.9305557,46.5927086],[7.9305859,46.5929351],[7.9306345,46.5931026],[7.930767,46.5933979]]}},{"type":"Feature","id":670568324,"properties":{"kind":"run","name":"Wengernalp - Allmend","subtype":"easy","pisteType":"downhill","featured":false},"geometry":{"type":"LineString","coordinates":[[7.9304785,46.590593],[7.930481,46.5906227],[7.9304753,46.5906534]]}},{"type":"Feature","id":670568327,"properties":{"kind":"run","name":"Mapped ski run","subtype":"intermediate","pisteType":"downhill","featured":false},"geometry":{"type":"LineString","coordinates":[[7.9264775,46.5904589],[7.9265967,46.5907766],[7.9263782,46.5908515]]}},{"type":"Feature","id":670568328,"properties":{"kind":"run","name":"Mapped ski run","subtype":"intermediate","pisteType":"downhill","featured":false},"geometry":{"type":"LineString","coordinates":[[7.9268727,46.5870792],[7.9273781,46.5873012],[7.9272135,46.5877287]]}},{"type":"Feature","id":670568329,"properties":{"kind":"run","name":"Mapped ski run","subtype":"intermediate","pisteType":"downhill","featured":false},"geometry":{"type":"LineString","coordinates":[[7.9236089,46.5940356],[7.9236537,46.594161],[7.9236917,46.5941813]]}},{"type":"Feature","id":670568330,"properties":{"kind":"run","name":"Mapped ski run","subtype":"easy","pisteType":"downhill","featured":false},"geometry":{"type":"LineString","coordinates":[[7.9322268,46.579572],[7.9316501,46.5796183],[7.931438,46.5798669]]}},{"type":"Feature","id":670568331,"properties":{"kind":"run","name":"Wengernalp - Allmend","subtype":"easy","pisteType":"downhill","featured":false},"geometry":{"type":"LineString","coordinates":[[7.9319325,46.5789284],[7.9311089,46.5794121]]}},{"type":"Feature","id":670568332,"properties":{"kind":"run","name":"Mapped ski run","subtype":"intermediate","pisteType":"downhill","featured":false},"geometry":{"type":"LineString","coordinates":[[7.9284706,46.5805295],[7.9258441,46.5821451],[7.9257801,46.5822767]]}},{"type":"Feature","id":670568333,"properties":{"kind":"run","name":"Mapped ski run","subtype":"easy","pisteType":"downhill","featured":false},"geometry":{"type":"LineString","coordinates":[[7.9275839,46.5846542],[7.9277422,46.584716],[7.9277768,46.5846693],[7.9278012,46.5846321],[7.9276107,46.584574],[7.9276001,46.5846101],[7.9275839,46.5846542]]}},{"type":"Feature","id":670568337,"properties":{"kind":"run","name":"Mapped ski run","subtype":"easy","pisteType":"downhill","featured":false},"geometry":{"type":"LineString","coordinates":[[7.9297944,46.5805491],[7.9295926,46.5805165],[7.9290756,46.580375]]}},{"type":"Feature","id":670568338,"properties":{"kind":"run","name":"Mapped ski run","subtype":"easy","pisteType":"downhill","featured":false},"geometry":{"type":"LineString","coordinates":[[7.9296238,46.5800658],[7.9295926,46.5805165],[7.9296053,46.5806621]]}},{"type":"Feature","id":670568339,"properties":{"kind":"run","name":"Mapped ski run","subtype":"advanced","pisteType":"downhill","featured":false},"geometry":{"type":"LineString","coordinates":[[7.9329837,46.579241],[7.9330009,46.579281],[7.9330094,46.5793223],[7.9328264,46.5793905],[7.9324261,46.5796419],[7.9309244,46.5801504],[7.930583,46.5803021],[7.9299012,46.5807828],[7.9292297,46.5815457],[7.9287093,46.5824552],[7.928573,46.5826302],[7.9288094,46.5831554],[7.9281374,46.5838415],[7.9279222,46.5842737],[7.9278669,46.5844312],[7.9276364,46.5839777],[7.9282153,46.5831858],[7.9284033,46.5826246],[7.9289803,46.5814027],[7.9292588,46.5810876],[7.9299432,46.5805191],[7.930754,46.5800875],[7.9315974,46.5797505],[7.9318265,46.5796029],[7.9320028,46.5793615],[7.9323167,46.5792914],[7.9326197,46.5793283],[7.9329837,46.579241]]}},{"type":"Feature","id":670568340,"properties":{"kind":"run","name":"Wengernalp - Allmend","subtype":"easy","pisteType":"downhill","featured":false},"geometry":{"type":"LineString","coordinates":[[7.9277768,46.5846693],[7.9280014,46.5847781],[7.9281378,46.5848275],[7.9281889,46.584846],[7.9283393,46.5848675],[7.9285612,46.5848734],[7.9287308,46.5848684],[7.9289176,46.5848873]]}},{"type":"Feature","id":670568341,"properties":{"kind":"run","name":"Wengernalp - Allmend","subtype":"easy","pisteType":"downhill","featured":false},"geometry":{"type":"LineString","coordinates":[[7.9276001,46.5846101],[7.9277768,46.5846693]]}},{"type":"Feature","id":670568342,"properties":{"kind":"run","name":"Mapped ski run","subtype":"novice","pisteType":"downhill","featured":false},"geometry":{"type":"LineString","coordinates":[[7.9241922,46.6064144],[7.9244994,46.6068972],[7.9248011,46.607086],[7.9251243,46.607297],[7.9250785,46.6075722],[7.9249996,46.6075227],[7.9235914,46.6070243],[7.9235469,46.6070313],[7.9234976,46.607005],[7.9235069,46.6068686],[7.9236853,46.6066355],[7.9239535,46.6065636],[7.9241922,46.6064144]]}},{"type":"Feature","id":670568343,"properties":{"kind":"run","name":"Mapped ski run","subtype":"easy","pisteType":"downhill","featured":false},"geometry":{"type":"LineString","coordinates":[[7.9250184,46.6047992],[7.9249406,46.6050591],[7.9248682,46.6051936],[7.9245181,46.6055575],[7.9244108,46.6056672],[7.9244015,46.6057639],[7.924435,46.6059546],[7.9243599,46.6061942],[7.9241922,46.6064144],[7.9239535,46.6065636],[7.9236853,46.6066355],[7.9232682,46.60663],[7.9226325,46.6065867],[7.9225092,46.6065447],[7.922137,46.6063573],[7.9215328,46.6061048],[7.9215711,46.6060527],[7.9217682,46.6060859],[7.9221967,46.6062937],[7.9225427,46.6064862],[7.9226902,46.6065157],[7.9229102,46.6065028],[7.9233567,46.6064743],[7.9236411,46.6063987],[7.9241319,46.6061638],[7.9242754,46.6060458],[7.9243089,46.6059638],[7.9242942,46.6057676],[7.9242821,46.6056441],[7.9243411,46.6055511],[7.9246911,46.6052221],[7.9248682,46.6049844],[7.924954,46.604825],[7.9249836,46.6048108],[7.9250184,46.6047992]]}},{"type":"Feature","id":670568344,"properties":{"kind":"run","name":"Mapped ski run","subtype":"easy","pisteType":"downhill","featured":false},"geometry":{"type":"LineString","coordinates":[[7.9249862,46.6046689],[7.9250268,46.6046735],[7.9250539,46.6046771],[7.9250184,46.6047992],[7.9249836,46.6048108],[7.924954,46.604825],[7.9249862,46.6046689]]}},{"type":"Feature","id":670568345,"properties":{"kind":"lift","name":"Rope Tow","subtype":"rope_tow","status":"active"},"geometry":{"type":"LineString","coordinates":[[7.9247935,46.6052336],[7.9245181,46.6055354]]}},{"type":"Feature","id":670568346,"properties":{"kind":"run","name":"Allmend - Wengen Dorf","subtype":"easy","pisteType":"downhill","featured":false},"geometry":{"type":"LineString","coordinates":[[7.9250268,46.6046735],[7.9249836,46.6048108]]}},{"type":"Feature","id":670568347,"properties":{"kind":"run","name":"Allmend - Wengen Dorf","subtype":"easy","pisteType":"downhill","featured":false},"geometry":{"type":"LineString","coordinates":[[7.9249836,46.6048108],[7.924903,46.6050047],[7.9247935,46.6052336],[7.9247287,46.6052618],[7.9245315,46.6055022],[7.9245181,46.6055354],[7.9244038,46.6055805],[7.9243465,46.6056377],[7.9243411,46.6057427],[7.9243549,46.6059103],[7.9243411,46.6060532],[7.92427,46.606161],[7.9241601,46.606266],[7.9238821,46.6064509],[7.923625,46.6065213],[7.9233474,46.606548],[7.9227372,46.6065609],[7.9225543,46.6065296],[7.9216622,46.6061045],[7.9215328,46.6061048],[7.9213893,46.6062799],[7.9214497,46.6063001],[7.9214951,46.6062521]]}},{"type":"Feature","id":670742479,"properties":{"kind":"run","name":"Speedcheck Arven Kleine Scheidegg","subtype":"intermediate","pisteType":"downhill","featured":false},"geometry":{"type":"LineString","coordinates":[[7.9647724,46.5894291],[7.9646215,46.5896457],[7.9648975,46.590387],[7.9651724,46.5908939],[7.965619,46.5913123],[7.9658442,46.591448],[7.9661383,46.5914358],[7.9663475,46.5913639]]}},{"type":"Feature","id":670742480,"properties":{"kind":"run","name":"Mapped ski run","subtype":"intermediate","pisteType":"downhill","featured":false},"geometry":{"type":"LineString","coordinates":[[7.9644846,46.5890074],[7.965458,46.5893972],[7.965745,46.5895778],[7.9657611,46.5897437],[7.965236,46.5903728]]}},{"type":"Feature","id":670742481,"properties":{"kind":"run","name":"Gummi Nord","subtype":"expert","pisteType":"downhill","featured":false},"geometry":{"type":"LineString","coordinates":[[7.9591817,46.598762],[7.9593438,46.5989134],[7.9592964,46.5991024],[7.9592054,46.5991936],[7.9589304,46.5992796],[7.958532,46.5994104]]}},{"type":"Feature","id":670742482,"properties":{"kind":"run","name":"Mapped ski run","subtype":"intermediate","pisteType":"downhill","featured":false},"geometry":{"type":"LineString","coordinates":[[7.955222,46.5981771],[7.9551905,46.5980967],[7.9556358,46.5977005],[7.9566514,46.5972601]]}},{"type":"Feature","id":670742485,"properties":{"kind":"run","name":"Lauberhorn Weltcup Slalom","subtype":"advanced","pisteType":"downhill","featured":false},"geometry":{"type":"LineString","coordinates":[[7.9268381,46.5949442],[7.9265862,46.5949151],[7.926102,46.5947497],[7.925992,46.5946141],[7.9257675,46.5942968]]}},{"type":"Feature","id":673701823,"properties":{"kind":"run","name":"Mapped ski run","subtype":"intermediate","pisteType":"downhill","featured":false},"geometry":{"type":"LineString","coordinates":[[7.9507838,46.6080475],[7.9516822,46.6085012],[7.9527283,46.609135],[7.9534525,46.6094557],[7.954343,46.6097173],[7.9550511,46.6098758],[7.955668,46.6101006],[7.9562044,46.610178],[7.9569286,46.6103106],[7.9573524,46.6105133],[7.9578406,46.6109445],[7.9585165,46.611383],[7.9598934,46.6120309],[7.9595759,46.6115377],[7.958951,46.6112687],[7.9583555,46.610915],[7.9576635,46.6103733],[7.9573095,46.6101669],[7.956875,46.6100416],[7.9563171,46.6099532],[7.9556733,46.609721],[7.9547614,46.6095036],[7.954005,46.6094004],[7.953372,46.609194],[7.9526746,46.6088513],[7.9522294,46.6085196],[7.9516768,46.6082174],[7.9510144,46.607924],[7.9507838,46.6080475]]}},{"type":"Feature","id":673701826,"properties":{"kind":"run","name":"Mapped ski run","subtype":"easy","pisteType":"downhill","featured":false},"geometry":{"type":"LineString","coordinates":[[7.9433995,46.6117423],[7.9432695,46.6118086],[7.9431286,46.611956],[7.9429342,46.6123982],[7.9426901,46.6127851],[7.9426391,46.6128496],[7.9425251,46.6128782],[7.9426043,46.6127759],[7.9428121,46.612318],[7.9430361,46.6118814],[7.9431528,46.6117533],[7.9432708,46.6116888],[7.9433995,46.6117423]]}},{"type":"Feature","id":673701827,"properties":{"kind":"run","name":"Mapped ski run","subtype":"easy","pisteType":"downhill","featured":false},"geometry":{"type":"LineString","coordinates":[[7.9466559,46.6090638],[7.9461998,46.6092253],[7.945599,46.6094593],[7.9452959,46.6096215],[7.945084,46.6098021],[7.9449445,46.6100195],[7.9446733,46.6105148],[7.9445418,46.6107318],[7.9444298,46.6109177],[7.944392,46.6110007],[7.9443195,46.6112586],[7.9442364,46.6113664],[7.9441345,46.6114369],[7.9438764,46.6115168],[7.9440325,46.6115617],[7.9442511,46.6114981],[7.9443973,46.6113986],[7.9445086,46.6112199],[7.9447299,46.6107289],[7.9449914,46.610294],[7.9452449,46.6098583],[7.9453737,46.6097044],[7.9456486,46.6095201],[7.9462293,46.6093101],[7.9466743,46.6091221],[7.9466559,46.6090638]]}},{"type":"Feature","id":673701828,"properties":{"kind":"run","name":"Mapped ski run","subtype":"easy","pisteType":"downhill","featured":false},"geometry":{"type":"LineString","coordinates":[[7.9475259,46.6099181],[7.9475355,46.6098168],[7.9476964,46.6097118],[7.9480237,46.6097026],[7.9485574,46.6097818],[7.9487666,46.6097431],[7.9488444,46.6096196],[7.9488069,46.6094409],[7.9486567,46.6092677],[7.9485199,46.6091093],[7.9483134,46.6089471],[7.94808,46.6089379],[7.947903,46.608995],[7.947679,46.6090991],[7.9475395,46.6091056],[7.9472888,46.6090429],[7.9470339,46.6090073],[7.9470782,46.6090954],[7.9473022,46.6091406],[7.9474537,46.6091931],[7.9475945,46.6092032],[7.9477783,46.6091691],[7.9478788,46.6090927],[7.9480572,46.6090374],[7.948253,46.609054],[7.9485413,46.609323],[7.94854,46.6094391],[7.9484944,46.6095312],[7.9483321,46.6095828],[7.9478534,46.6095478],[7.9476146,46.6096104],[7.9474202,46.6097726],[7.9475259,46.6099181]]}},{"type":"Feature","id":673701829,"properties":{"kind":"run","name":"Mapped ski run","subtype":"intermediate","pisteType":"downhill","featured":false},"geometry":{"type":"LineString","coordinates":[[7.9507707,46.6079299],[7.9515105,46.6082801],[7.9527819,46.6090577],[7.9536402,46.6093967],[7.9546004,46.6096289],[7.9558182,46.60999],[7.9570734,46.6102627],[7.9576313,46.6105575],[7.9585969,46.6112724],[7.9600078,46.6118915]]}},{"type":"Feature","id":673701830,"properties":{"kind":"run","name":"Mapped ski run","subtype":"easy","pisteType":"downhill","featured":false},"geometry":{"type":"LineString","coordinates":[[7.9447246,46.6085288],[7.9449939,46.60866]]}},{"type":"Feature","id":673701831,"properties":{"kind":"run","name":"Mapped ski run","subtype":"easy","pisteType":"downhill","featured":false},"geometry":{"type":"LineString","coordinates":[[7.9454461,46.6063895],[7.9453361,46.6068244],[7.944974,46.6082893],[7.9447246,46.6085288],[7.9444349,46.6085896],[7.9441195,46.6085387]]}},{"type":"Feature","id":673701832,"properties":{"kind":"run","name":"Mapped ski run","subtype":"expert","pisteType":"downhill","featured":false},"geometry":{"type":"LineString","coordinates":[[7.9485024,46.6092057],[7.9488283,46.6090761],[7.9491448,46.609019],[7.9494908,46.6091],[7.9506603,46.609487],[7.9516312,46.6097818],[7.952629,46.6099808],[7.953333,46.6101039]]}},{"type":"Feature","id":673701834,"properties":{"kind":"run","name":"Mapped ski run","subtype":"intermediate","pisteType":"downhill","featured":false},"geometry":{"type":"LineString","coordinates":[[7.9456472,46.606628],[7.9462883,46.6066475],[7.9475301,46.6064503],[7.9482785,46.6066475],[7.9488444,46.6068889],[7.9493701,46.6073551],[7.9497698,46.6076886]]}},{"type":"Feature","id":673701836,"properties":{"kind":"run","name":"Mapped ski run","subtype":"easy","pisteType":"downhill","featured":false},"geometry":{"type":"LineString","coordinates":[[7.9443213,46.6092743],[7.9443008,46.6088845],[7.9441195,46.6085387],[7.9437514,46.6082407]]}},{"type":"Feature","id":673701837,"properties":{"kind":"run","name":"Mapped ski run","subtype":"easy","pisteType":"downhill","featured":false},"geometry":{"type":"LineString","coordinates":[[7.942316,46.6106245],[7.9430597,46.6106754]]}},{"type":"Feature","id":673701840,"properties":{"kind":"run","name":"Mapped ski run","subtype":"intermediate","pisteType":"downhill","featured":false},"geometry":{"type":"LineString","coordinates":[[7.9433067,46.6106148],[7.9446733,46.6105148],[7.9445418,46.6107318],[7.9432628,46.6108081],[7.943115,46.6108084],[7.9433067,46.6106148]]}},{"type":"Feature","id":673701841,"properties":{"kind":"run","name":"Mapped ski run","subtype":"advanced","pisteType":"downhill","featured":false},"geometry":{"type":"LineString","coordinates":[[7.9482866,46.614094],[7.9484448,46.6141356],[7.9495579,46.6144562],[7.9505664,46.6146257],[7.9516017,46.6146515],[7.9523313,46.6146847],[7.9528195,46.6148247],[7.9536188,46.6152742],[7.9542035,46.6155561],[7.9546219,46.6156888],[7.9551691,46.6157698],[7.9554266,46.6158564],[7.9557189,46.6160388],[7.9561749,46.6164589],[7.9564083,46.6165676],[7.9568589,46.6166081],[7.9573658,46.616715],[7.9577413,46.6168697],[7.9581597,46.6170079],[7.9585782,46.617089],[7.959356,46.6171037],[7.9595557,46.617084],[7.9601422,46.6173191],[7.959761,46.6172879],[7.9584628,46.6172935],[7.95798,46.6172216],[7.9574892,46.6170061],[7.9571137,46.6168439],[7.9565129,46.6167592],[7.9562205,46.6166837],[7.9558048,46.6163889],[7.9554105,46.6160259],[7.9550725,46.6158896],[7.9546246,46.6157993],[7.9540399,46.6156317],[7.9532003,46.6151987],[7.9526693,46.6149813],[7.9521221,46.6148376],[7.9514542,46.6148118],[7.9505128,46.6147786],[7.9497752,46.6146386],[7.9487184,46.6144433],[7.9485997,46.6144249],[7.9482866,46.614094]]}},{"type":"Feature","id":673701842,"properties":{"kind":"run","name":"Mapped ski run","subtype":"advanced","pisteType":"downhill","featured":false},"geometry":{"type":"LineString","coordinates":[[7.9426137,46.6131076],[7.9447567,46.6133729],[7.9474175,46.6138335],[7.9476961,46.6138913],[7.9478711,46.6142758],[7.9476267,46.6142278],[7.9430669,46.6134466],[7.9423281,46.6133065],[7.9420468,46.613241],[7.9424983,46.6130707],[7.9426137,46.6131076]]}},{"type":"Feature","id":673701844,"properties":{"kind":"run","name":"Mapped ski run","subtype":"intermediate","pisteType":"downhill","featured":false},"geometry":{"type":"LineString","coordinates":[[7.9422746,46.613077],[7.9426566,46.6129703],[7.943134,46.612588],[7.9437295,46.6121108],[7.9441988,46.6118473],[7.9450732,46.6114125],[7.9458135,46.6108818],[7.9465485,46.6104875],[7.9474485,46.6100989]]}},{"type":"Feature","id":673701845,"properties":{"kind":"run","name":"Mapped ski run","subtype":"easy","pisteType":"downhill","featured":false},"geometry":{"type":"LineString","coordinates":[[7.9409459,46.6131638],[7.9418881,46.6129896],[7.9422746,46.613077]]}},{"type":"Feature","id":673701846,"properties":{"kind":"run","name":"Mapped ski run","subtype":"intermediate","pisteType":"downhill","featured":false},"geometry":{"type":"LineString","coordinates":[[7.9426485,46.6113351],[7.9434746,46.6116372],[7.9441988,46.6118473]]}},{"type":"Feature","id":673701847,"properties":{"kind":"run","name":"Mapped ski run","subtype":"easy","pisteType":"downhill","featured":false},"geometry":{"type":"LineString","coordinates":[[7.9430597,46.6106754],[7.9426807,46.6107713],[7.942501,46.6110725],[7.9425587,46.6111877],[7.9426485,46.6113351],[7.9426673,46.6115037],[7.942434,46.6119947],[7.9420692,46.612588],[7.9418881,46.6129896]]}},{"type":"Feature","id":673701848,"properties":{"kind":"run","name":"Mapped ski run","subtype":"easy","pisteType":"downhill","featured":false},"geometry":{"type":"LineString","coordinates":[[7.9419554,46.6132412],[7.9418881,46.6129896],[7.9419512,46.6124793],[7.9420491,46.6124507],[7.9423749,46.6119376],[7.9423589,46.6119016],[7.9424608,46.6118279],[7.9426485,46.6113351],[7.9424715,46.6111766],[7.9424809,46.6110476],[7.94267,46.6107381],[7.9430597,46.6106754]]}},{"type":"Feature","id":673701849,"properties":{"kind":"run","name":"Mapped ski run","subtype":"advanced","pisteType":"downhill","featured":false},"geometry":{"type":"LineString","coordinates":[[7.9422746,46.613077],[7.9429114,46.6132844],[7.9457867,46.6137303],[7.9479822,46.6141546],[7.9498798,46.614611],[7.9506844,46.6147178],[7.952047,46.6147547],[7.9527873,46.6149242],[7.9537904,46.6154364],[7.9545468,46.6157127],[7.9550993,46.6158049],[7.9555553,46.6160038],[7.956022,46.6164644],[7.9564941,46.6166597],[7.9570788,46.6167297],[7.9577869,46.6170024],[7.9583716,46.6171792],[7.9589885,46.6171866],[7.9602584,46.6171884]]}},{"type":"Feature","id":673701850,"properties":{"kind":"lift","name":"Rope Tow","subtype":"rope_tow","status":"active"},"geometry":{"type":"LineString","coordinates":[[7.9419512,46.6124793],[7.9423589,46.6119016]]}},{"type":"Feature","id":673701858,"properties":{"kind":"run","name":"Mapped ski run","subtype":"intermediate","pisteType":"downhill","featured":false},"geometry":{"type":"LineString","coordinates":[[7.9480996,46.6064366],[7.9487854,46.6063305],[7.9488915,46.6063472],[7.9491175,46.6065126],[7.9495299,46.6068231],[7.9498134,46.6069932],[7.9500658,46.6070444],[7.9504119,46.6070554],[7.9514411,46.606962],[7.9519531,46.6069386],[7.952358,46.6069977],[7.9526954,46.6067879],[7.9519189,46.6066546],[7.9512066,46.6067327],[7.9502552,46.6067606],[7.9499904,46.6067086],[7.9495096,46.6065369],[7.9489669,46.6062245],[7.9488166,46.6062213],[7.9482399,46.6063118],[7.9475757,46.6063434],[7.9468405,46.6064573],[7.9465762,46.6064945],[7.9461917,46.6064687],[7.9458484,46.6063655],[7.9464009,46.6067838],[7.9466102,46.6067728],[7.9473048,46.6066198],[7.9476643,46.6065996],[7.9482222,46.6067433],[7.9486808,46.6069202],[7.9490402,46.6071911],[7.9493836,46.6074822],[7.9494533,46.607543],[7.9497846,46.6075875],[7.9493138,46.6071763],[7.9490268,46.6068686],[7.9486459,46.6066438],[7.9480996,46.6064366]]}},{"type":"Feature","id":673701860,"properties":{"kind":"run","name":"Mapped ski run","subtype":"intermediate","pisteType":"downhill","featured":false},"geometry":{"type":"LineString","coordinates":[[7.9475301,46.6064503],[7.9488672,46.6062635],[7.9490402,46.6063213],[7.9493487,46.6065535],[7.9498824,46.6068446],[7.9501633,46.6069083],[7.9513207,46.6068314],[7.9520686,46.6068256],[7.9530206,46.6069663]]}},{"type":"Feature","id":673701861,"properties":{"kind":"run","name":"Mapped ski run","subtype":"easy","pisteType":"downhill","featured":false},"geometry":{"type":"LineString","coordinates":[[7.9544763,46.6072932],[7.9546085,46.6075891],[7.9548365,46.6079539],[7.9550001,46.6080553],[7.9551584,46.6080875],[7.9553542,46.6080415],[7.9554856,46.6078968],[7.9556234,46.6076809]]}},{"type":"Feature","id":673701862,"properties":{"kind":"run","name":"Mapped ski run","subtype":"easy","pisteType":"downhill","featured":false},"geometry":{"type":"LineString","coordinates":[[7.9582135,46.6075093],[7.9579291,46.6077291],[7.9578218,46.6078415],[7.9577992,46.6080222]]}},{"type":"Feature","id":673701863,"properties":{"kind":"run","name":"Lauberhorn","subtype":"intermediate","pisteType":"downhill","featured":false},"geometry":{"type":"LineString","coordinates":[[7.9597769,46.5857602],[7.9604375,46.5857692]]}},{"type":"Feature","id":673701864,"properties":{"kind":"lift","name":"Rope Tow","subtype":"rope_tow","status":"active"},"geometry":{"type":"LineString","coordinates":[[7.9605496,46.5857767],[7.9601515,46.5860627]]}},{"type":"Feature","id":673701866,"properties":{"kind":"run","name":"Mapped ski run","subtype":"intermediate","pisteType":"downhill","featured":false},"geometry":{"type":"LineString","coordinates":[[7.9601384,46.586065],[7.9602089,46.5859133],[7.9604375,46.5857692],[7.9606025,46.5857025],[7.9608592,46.5855737]]}},{"type":"Feature","id":673701868,"properties":{"kind":"run","name":"Mapped ski run","subtype":"intermediate","pisteType":"downhill","featured":false},"geometry":{"type":"LineString","coordinates":[[7.9601384,46.586065],[7.9598918,46.5861699]]}},{"type":"Feature","id":673701869,"properties":{"kind":"run","name":"Mapped ski run","subtype":"intermediate","pisteType":"downhill","featured":false},"geometry":{"type":"LineString","coordinates":[[7.9605137,46.5864972],[7.9604013,46.5864607],[7.9601384,46.586065]]}},{"type":"Feature","id":673701870,"properties":{"kind":"run","name":"Mapped ski run","subtype":"intermediate","pisteType":"downhill","featured":false},"geometry":{"type":"LineString","coordinates":[[7.9609908,46.5867576],[7.9606742,46.586533],[7.9605137,46.5864972]]}},{"type":"Feature","id":673701871,"properties":{"kind":"run","name":"Mapped ski run","subtype":"intermediate","pisteType":"downhill","featured":false},"geometry":{"type":"LineString","coordinates":[[7.9607707,46.5856757],[7.9607347,46.5857861],[7.9608786,46.5860394],[7.9609659,46.5860804],[7.9610146,46.5860723],[7.9613297,46.586043],[7.9615375,46.5860608],[7.9615568,46.5859336],[7.9614964,46.5858248],[7.9609238,46.5856562],[7.9607816,46.5856423],[7.9607707,46.5856757]]}},{"type":"Feature","id":673701879,"properties":{"kind":"run","name":"Kleine Scheidegg - Arven","subtype":"intermediate","pisteType":"downhill","featured":false},"geometry":{"type":"LineString","coordinates":[[7.9608592,46.5855737],[7.961479,46.585764],[7.9615593,46.5858275],[7.9615876,46.5858856],[7.9616325,46.5861768]]}},{"type":"Feature","id":673701880,"properties":{"kind":"run","name":"Mapped ski run","subtype":"novice","pisteType":"downhill","featured":false},"geometry":{"type":"LineString","coordinates":[[7.9630244,46.5855595],[7.9638462,46.5859844],[7.9642882,46.5861136],[7.9638165,46.5862193],[7.9633579,46.5861824],[7.9628107,46.5866138],[7.9627283,46.5866062],[7.9625693,46.5865917],[7.9626149,46.5861437],[7.9627275,46.5857824],[7.9627411,46.585663],[7.9627463,46.5856165],[7.9628942,46.5855398],[7.9630244,46.5855595]]}},{"type":"Feature","id":799042591,"properties":{"kind":"lift","name":"Eiger Express","subtype":"gondola","status":"active"},"geometry":{"type":"LineString","coordinates":[[8.0193659,46.6243074],[8.0186102,46.6234749],[8.0149966,46.6195386],[8.0082489,46.6119287],[8.0027256,46.6057257],[7.9885763,46.589833],[7.9846602,46.5851814],[7.9757404,46.5754791]]}},{"type":"Feature","id":867905443,"properties":{"kind":"run","name":"Variante Inferno","subtype":"advanced","pisteType":"downhill","featured":true},"geometry":{"type":"LineString","coordinates":[[7.8514111,46.5632095],[7.8512506,46.563838],[7.851895,46.5649682],[7.8524648,46.5655847],[7.853184,46.5663553],[7.8545289,46.5672928],[7.8557805,46.5683202],[7.8572375,46.5691806],[7.8587973,46.5697777],[7.8605532,46.5702465],[7.8614872,46.5704455],[7.8622718,46.570484],[7.8631615,46.5707922],[7.8642461,46.5713599],[7.8646155,46.5715312],[7.864903,46.57178],[7.8655731,46.572589],[7.8661454,46.5729513],[7.8666405,46.5731168],[7.8672905,46.5729503],[7.8689359,46.5726225],[7.8696293,46.5723328],[7.8697085,46.5719368],[7.8694165,46.5706221],[7.8694336,46.5704312]]}},{"type":"Feature","id":867905444,"properties":{"kind":"run","name":"Variante Inferno","subtype":"advanced","pisteType":"downhill","featured":true},"geometry":{"type":"LineString","coordinates":[[7.884462,46.5649984],[7.884345,46.565459],[7.88385,46.5656966],[7.8838686,46.5660433],[7.8842983,46.5663837],[7.8849801,46.5665378],[7.8857553,46.5668011],[7.8877354,46.567623],[7.8892018,46.5684706],[7.8897116,46.5687281],[7.8903149,46.5693476],[7.8903226,46.5697484],[7.8908363,46.5699538],[7.8912516,46.5704737]]}},{"type":"Feature","id":899485075,"properties":{"kind":"run","name":"Mapped ski run","subtype":"unknown","pisteType":"sled","featured":false},"geometry":{"type":"LineString","coordinates":[[7.9318276,46.5920416],[7.9315541,46.5921301],[7.9313501,46.5923501],[7.9311616,46.5924555],[7.931106,46.592566],[7.9310424,46.5927097],[7.9309617,46.5929331],[7.9309212,46.5930938],[7.9309021,46.5933275]]}},{"type":"Feature","id":899485076,"properties":{"kind":"run","name":"Mapped ski run","subtype":"unknown","pisteType":"sled","featured":false},"geometry":{"type":"LineString","coordinates":[[7.9318535,46.5919528],[7.9318276,46.5920416]]}},{"type":"Feature","id":899485871,"properties":{"kind":"run","name":"Mapped ski run","subtype":"unknown","pisteType":"sled","featured":false},"geometry":{"type":"LineString","coordinates":[[7.9356386,46.5772065],[7.9354973,46.5773565],[7.9351979,46.5776167],[7.9348168,46.5779836],[7.9347485,46.5780735],[7.9347331,46.5781294],[7.9347348,46.5781811],[7.9347536,46.5782087],[7.9347684,46.5782304],[7.9348235,46.5782956],[7.9349713,46.5783954],[7.9350681,46.578454],[7.9350942,46.5784898],[7.9351102,46.5785465],[7.9351053,46.5785524]]}},{"type":"Feature","id":899485872,"properties":{"kind":"run","name":"Mapped ski run","subtype":"unknown","pisteType":"sled","featured":false},"geometry":{"type":"LineString","coordinates":[[7.9351053,46.5785524],[7.9349832,46.5786827]]}},{"type":"Feature","id":951564649,"properties":{"kind":"lift","name":"Goods","subtype":"goods","status":"active"},"geometry":{"type":"LineString","coordinates":[[7.7954902,46.5727148],[7.7966932,46.5784057]]}},{"type":"Feature","id":951564650,"properties":{"kind":"lift","name":"Goods","subtype":"goods","status":"active"},"geometry":{"type":"LineString","coordinates":[[7.795701,46.572248],[7.8045898,46.5690194]]}},{"type":"Feature","id":951815566,"properties":{"kind":"lift","name":"Goods","subtype":"goods","status":"active"},"geometry":{"type":"LineString","coordinates":[[7.7836595,46.5713607],[7.7832755,46.5758296],[7.7832977,46.5760738],[7.7832812,46.5761953]]}},{"type":"Feature","id":952738421,"properties":{"kind":"lift","name":"Goods","subtype":"goods","status":"active"},"geometry":{"type":"LineString","coordinates":[[7.758645,46.57478],[7.7627204,46.5813329]]}},{"type":"Feature","id":1130726592,"properties":{"kind":"run","name":"Mapped ski run","subtype":"unknown","pisteType":"sled","featured":false},"geometry":{"type":"LineString","coordinates":[[7.9479279,46.6089222],[7.9479573,46.6089121],[7.9480049,46.6089047],[7.9480523,46.6089057],[7.9480926,46.6089094],[7.948149,46.6089262],[7.9481897,46.6089505],[7.9482336,46.6089767],[7.9482908,46.6090218],[7.9485604,46.6092833],[7.9487182,46.6094479],[7.948735,46.6094702],[7.9487448,46.6094929],[7.9487505,46.6095172],[7.9487509,46.6095408],[7.9487455,46.6095643],[7.9487374,46.6095826],[7.9487233,46.6095969],[7.9486981,46.6096149],[7.9486633,46.609627],[7.9486169,46.609637],[7.9485384,46.6096389],[7.948445,46.6096341],[7.9479762,46.6095958],[7.9478916,46.6095945],[7.9478203,46.609597],[7.9477444,46.6096084],[7.9477083,46.6096161],[7.9476689,46.6096311],[7.9476015,46.6096724],[7.9474564,46.6097983],[7.9472941,46.6099489],[7.9472596,46.6099919],[7.9472459,46.610027],[7.9472396,46.6100618],[7.9472412,46.6101008],[7.9472512,46.6101409],[7.947279,46.6101976],[7.9473441,46.6103155]]}},{"type":"Feature","id":1130728572,"properties":{"kind":"run","name":"Mapped ski run","subtype":"easy","pisteType":"downhill","featured":false},"geometry":{"type":"LineString","coordinates":[[7.883395,46.5625495],[7.8834535,46.5620481],[7.8832333,46.561821]]}},{"type":"Feature","id":1132968019,"properties":{"kind":"lift","name":"Magic Carpet","subtype":"magic_carpet","status":"active"},"geometry":{"type":"LineString","coordinates":[[7.8940419,46.5613798],[7.8937051,46.5616325]]}},{"type":"Feature","id":1135274124,"properties":{"kind":"run","name":"Black - Rock","subtype":"advanced","pisteType":"downhill","featured":false},"geometry":{"type":"LineString","coordinates":[[7.9749171,46.5745425],[7.9747445,46.5745307],[7.9746093,46.5745283],[7.9741898,46.5744944]]}},{"type":"Feature","id":1135274125,"properties":{"kind":"run","name":"Mapped ski run","subtype":"unknown","pisteType":"sled","featured":false},"geometry":{"type":"LineString","coordinates":[[7.9741898,46.5744944],[7.9739082,46.5745394],[7.9736329,46.5746421],[7.9733632,46.5747059],[7.9731226,46.5747352],[7.9729451,46.5746507],[7.9723852,46.5746296],[7.9698729,46.5747485]]}},{"type":"Feature","id":1152547644,"properties":{"kind":"run","name":"Mapped ski run","subtype":"easy","pisteType":"downhill","featured":false},"geometry":{"type":"LineString","coordinates":[[7.9680068,46.5752596],[7.9682261,46.5753039],[7.9695789,46.5755032],[7.9705009,46.5755591],[7.9707334,46.5753502],[7.9689015,46.5751376],[7.9686946,46.5750565],[7.9680731,46.575148],[7.9680068,46.5752596]]}},{"type":"Feature","id":1153479137,"properties":{"kind":"run","name":"Mapped ski run","subtype":"intermediate","pisteType":"downhill","featured":false},"geometry":{"type":"LineString","coordinates":[[7.9538853,46.5856474],[7.9537761,46.5860906],[7.9537946,46.5862091],[7.9540164,46.5862981],[7.9542012,46.5864548],[7.9543923,46.5866496],[7.954534,46.5867597],[7.9546757,46.5867724],[7.9549099,46.5867004],[7.9550649,46.5866835],[7.955177,46.5866899],[7.9553171,46.5867284],[7.9554012,46.5867894],[7.9554759,46.58686],[7.9555553,46.5868921],[7.9556627,46.5868921],[7.9557608,46.5868824],[7.9558542,46.5867894],[7.9559336,46.5867444],[7.9560363,46.5867605],[7.9561764,46.5868054],[7.9562838,46.5867894],[7.9564006,46.5867155],[7.9564519,46.5866481],[7.9565173,46.586584],[7.9566247,46.5865454],[7.9567846,46.5865498],[7.956892,46.5865562],[7.9569574,46.5865337],[7.9570788,46.5863893],[7.9572189,46.5862577],[7.9572889,46.5861422],[7.957401,46.586017],[7.9575738,46.5858758],[7.9579091,46.5857427]]}},{"type":"Feature","id":1231629661,"properties":{"kind":"lift","name":"Goods","subtype":"goods","status":"active"},"geometry":{"type":"LineString","coordinates":[[7.7439673,46.577867],[7.7446043,46.5809639]]}},{"type":"Feature","id":1231629662,"properties":{"kind":"lift","name":"Goods","subtype":"goods","status":"active"},"geometry":{"type":"LineString","coordinates":[[7.7746205,46.5680081],[7.7750873,46.5632919]]}},{"type":"Feature","id":1231629663,"properties":{"kind":"lift","name":"Goods","subtype":"goods","status":"active"},"geometry":{"type":"LineString","coordinates":[[7.7659544,46.5655518],[7.7634546,46.5623913]]}},{"type":"Feature","id":1231629664,"properties":{"kind":"lift","name":"Goods","subtype":"goods","status":"active"},"geometry":{"type":"LineString","coordinates":[[7.7606006,46.5632645],[7.7659249,46.5661094]]}},{"type":"Feature","id":1235506035,"properties":{"kind":"run","name":"Allmend - Wengen Dorf","subtype":"easy","pisteType":"downhill","featured":false},"geometry":{"type":"LineString","coordinates":[[7.9252841,46.6035597],[7.9250496,46.6036742],[7.9248762,46.6037525],[7.9248554,46.6037746]]}},{"type":"Feature","id":1235827565,"properties":{"kind":"run","name":"Mapped ski run","subtype":"easy","pisteType":"downhill","featured":false},"geometry":{"type":"LineString","coordinates":[[7.8999126,46.5757441],[7.8998098,46.5758113],[7.899616,46.5758305],[7.8994736,46.5758354],[7.8993242,46.5758321],[7.8992214,46.5758354],[7.8991,46.5758883],[7.8989949,46.5759638],[7.8988361,46.5761146],[7.8987241,46.5762206],[7.8986727,46.5762607],[7.8986026,46.5762767],[7.8984765,46.5762655],[7.8982991,46.5762302],[7.8980633,46.5761997],[7.8979232,46.5761885],[7.8977971,46.5761869],[7.8976686,46.5762029],[7.8975215,46.5762077],[7.8974351,46.5761981],[7.8973441,46.5761804],[7.897274,46.576166],[7.8971946,46.576166],[7.8971199,46.5761853],[7.8970919,46.5762029],[7.8970522,46.5762623],[7.8970015,46.5763507],[7.8969526,46.5765976],[7.8968942,46.5767227],[7.8968178,46.5768298],[7.8966173,46.5770363],[7.8965395,46.5771218],[7.8965065,46.5771591],[7.8964831,46.5771938],[7.8964664,46.5772344],[7.8964572,46.577275],[7.8964564,46.5773271],[7.8964626,46.57739],[7.8964896,46.577505],[7.8964989,46.5775567],[7.8965066,46.5776149],[7.8965054,46.5776643],[7.8965015,46.5777143],[7.8964854,46.5777639],[7.8964669,46.5778034],[7.8964347,46.5778407],[7.8963975,46.5778717],[7.8963476,46.5779003],[7.8963033,46.5779192],[7.89625,46.5779332],[7.8961801,46.5779427],[7.89612,46.5779448],[7.8960387,46.5779418],[7.8959421,46.5779297],[7.8958566,46.5779224],[7.8958185,46.5779218],[7.8957671,46.5779264],[7.8957124,46.577938],[7.8956729,46.5779524]]}},{"type":"Feature","id":1236969360,"properties":{"kind":"lift","name":"Magic Carpet","subtype":"magic_carpet","status":"active"},"geometry":{"type":"LineString","coordinates":[[7.8938277,46.5607829],[7.894101,46.5609727]]}},{"type":"Feature","id":1239817092,"properties":{"kind":"lift","name":"Stechelberg - Mürren","subtype":"cable_car","status":"active"},"geometry":{"type":"LineString","coordinates":[[7.9019616,46.5554434],[7.8959318,46.5568847],[7.8943331,46.5572764],[7.8928454,46.5576449],[7.8914032,46.5580136]]}},{"type":"Feature","id":1340061868,"properties":{"kind":"lift","name":"Goods","subtype":"goods","status":"active"},"geometry":{"type":"LineString","coordinates":[[7.7980046,46.6123166],[7.7939356,46.6078537]]}},{"type":"Feature","id":1372624576,"properties":{"kind":"run","name":"Mapped ski run","subtype":"easy","pisteType":"downhill","featured":false},"geometry":{"type":"LineString","coordinates":[[7.9456472,46.606628],[7.9468006,46.6070602],[7.9481551,46.6075539]]}},{"type":"Feature","id":1372636750,"properties":{"kind":"run","name":"Mapped ski run","subtype":"intermediate","pisteType":"downhill","featured":false},"geometry":{"type":"LineString","coordinates":[[7.9567686,46.6052647],[7.9569183,46.6051225],[7.9569445,46.6056458],[7.9569891,46.6062844],[7.9571313,46.6067783],[7.9559084,46.6076234],[7.9555174,46.6074531],[7.9561569,46.6069828],[7.9566316,46.6066446],[7.9566797,46.6065822],[7.9568498,46.6063618],[7.9568289,46.6056686],[7.9567686,46.6052647]]}},{"type":"Feature","id":1372636751,"properties":{"kind":"run","name":"Mapped ski run","subtype":"intermediate","pisteType":"downhill","featured":false},"geometry":{"type":"LineString","coordinates":[[7.956935,46.6063987],[7.9569029,46.605937],[7.9568312,46.6051324],[7.956713,46.6048082]]}},{"type":"Feature","id":1372647496,"properties":{"kind":"run","name":"Mapped ski run","subtype":"easy","pisteType":"downhill","featured":false},"geometry":{"type":"LineString","coordinates":[[7.9455028,46.6060998],[7.9454413,46.6061564],[7.9454206,46.6062301],[7.9454461,46.6063895],[7.9456472,46.606628]]}},{"type":"Feature","id":1372674067,"properties":{"kind":"run","name":"Mapped ski run","subtype":"intermediate","pisteType":"downhill","featured":false},"geometry":{"type":"LineString","coordinates":[[7.9728052,46.5905192],[7.9721796,46.5906359],[7.9710558,46.5907723],[7.9704061,46.5909103],[7.9702036,46.5909817],[7.9697631,46.5907983],[7.9709106,46.5904647],[7.9712506,46.5904118],[7.971541,46.5904113],[7.9722354,46.5903366],[7.9729005,46.5902293],[7.9728052,46.5905192]]}},{"type":"Feature","id":1372674068,"properties":{"kind":"run","name":"Mapped ski run","subtype":"intermediate","pisteType":"downhill","featured":false},"geometry":{"type":"LineString","coordinates":[[7.9677395,46.5932828],[7.967513,46.5935005],[7.9672389,46.5936757],[7.966888,46.5939622],[7.9656404,46.5948254],[7.9651897,46.5952214],[7.964475,46.5952308],[7.9635032,46.5952341],[7.9622204,46.5951745],[7.9585793,46.5967168],[7.9573891,46.597192],[7.9567899,46.5974288],[7.9553557,46.5980687],[7.9551183,46.5981818],[7.9551476,46.5980599],[7.9553955,46.5978364],[7.9555017,46.5975057],[7.9572582,46.5965771],[7.9591015,46.5957833],[7.9606247,46.595076],[7.9616922,46.5946613],[7.961939,46.594641],[7.9621319,46.5946705],[7.9626954,46.5948217],[7.9633149,46.5948604],[7.9640396,46.594686],[7.9645915,46.5946019],[7.9649412,46.5944989],[7.9654301,46.5941306],[7.965932,46.593853],[7.9665333,46.5934353],[7.9668034,46.5932163],[7.9670906,46.592844],[7.967359,46.5924428],[7.9677395,46.5932828]]}},{"type":"Feature","id":1372674069,"properties":{"kind":"run","name":"Mapped ski run","subtype":"intermediate","pisteType":"downhill","featured":false},"geometry":{"type":"LineString","coordinates":[[7.9693087,46.5960257],[7.968732,46.5959865],[7.9683034,46.5959161],[7.9676282,46.5956711],[7.9663461,46.5953661],[7.9651897,46.5952214],[7.9656404,46.5948254],[7.9675334,46.5953453],[7.968292,46.5956215],[7.9687282,46.5956997],[7.9691531,46.5956372],[7.9693598,46.5955544],[7.9693087,46.5960257]]}},{"type":"Feature","id":1372674070,"properties":{"kind":"run","name":"Mapped ski run","subtype":"intermediate","pisteType":"downhill","featured":false},"geometry":{"type":"LineString","coordinates":[[7.9621602,46.5972953],[7.9632996,46.596979],[7.9635885,46.5968988],[7.9637964,46.5967564],[7.9643152,46.5961112],[7.9651897,46.5952214],[7.964475,46.5952308],[7.9641986,46.5955004],[7.963889,46.5958601],[7.9633666,46.5965974],[7.963207,46.5967692],[7.9629319,46.5968841],[7.9620865,46.5971071],[7.9615365,46.5972949],[7.9621602,46.5972953]]}},{"type":"Feature","id":1372674072,"properties":{"kind":"run","name":"Kleine Scheidegg - Arven","subtype":"intermediate","pisteType":"downhill","featured":false},"geometry":{"type":"LineString","coordinates":[[7.9695066,46.5911519],[7.9703196,46.5908157],[7.9710638,46.5906432],[7.9726576,46.5904241],[7.9731398,46.5902693]]}},{"type":"Feature","id":1373006738,"properties":{"kind":"run","name":"Engi","subtype":"intermediate","pisteType":"downhill","featured":false},"geometry":{"type":"LineString","coordinates":[[7.9484379,46.5884588],[7.9478762,46.5882359],[7.947675,46.5878525],[7.9474631,46.5872534],[7.9475641,46.5867322]]}},{"type":"Feature","id":1373006739,"properties":{"kind":"run","name":"Mapped ski run","subtype":"intermediate","pisteType":"downhill","featured":false},"geometry":{"type":"LineString","coordinates":[[7.9472963,46.5867726],[7.9473462,46.5871792],[7.947356,46.5874957],[7.9474951,46.5876805],[7.9475358,46.5879334],[7.947618,46.5881107],[7.9477822,46.5883454],[7.9481744,46.5885325],[7.9480832,46.5881741],[7.9478745,46.5879976],[7.9477849,46.587651],[7.9476087,46.5873758],[7.9477119,46.5870253],[7.9472963,46.5867726]]}},{"type":"Feature","id":1373018825,"properties":{"kind":"run","name":"Mapped ski run","subtype":"intermediate","pisteType":"downhill","featured":false},"geometry":{"type":"LineString","coordinates":[[7.9611794,46.5868306],[7.9609908,46.5867576],[7.9610378,46.5866488],[7.9609747,46.5864718],[7.9607771,46.5863123],[7.9608148,46.5861879]]}},{"type":"Feature","id":1373018826,"properties":{"kind":"run","name":"Mapped ski run","subtype":"intermediate","pisteType":"downhill","featured":false},"geometry":{"type":"LineString","coordinates":[[7.9608148,46.5861879],[7.9606025,46.5857025]]}},{"type":"Feature","id":1373018827,"properties":{"kind":"run","name":"Mapped ski run","subtype":"intermediate","pisteType":"downhill","featured":false},"geometry":{"type":"LineString","coordinates":[[7.9605137,46.5864972],[7.9606658,46.5864074],[7.9607313,46.5863614],[7.9607771,46.5863123]]}},{"type":"Feature","id":1428239792,"properties":{"kind":"run","name":"Mapped ski run","subtype":"unknown","pisteType":"sled","featured":false},"geometry":{"type":"LineString","coordinates":[[7.9349832,46.5786827],[7.9348676,46.5787899],[7.9346866,46.5788966],[7.9343997,46.5790153],[7.934303,46.5790633],[7.9342167,46.5791382],[7.934157,46.5792192],[7.9341328,46.5792693],[7.9340595,46.579444],[7.9340471,46.5795282],[7.9340391,46.5795825]]}},{"type":"Feature","id":1428239795,"properties":{"kind":"run","name":"Standard Innerwengen","subtype":"intermediate","pisteType":"downhill","featured":false},"geometry":{"type":"LineString","coordinates":[[7.9278018,46.5839406],[7.9273331,46.58388],[7.9270749,46.5842138]]}},{"type":"Feature","id":1428239796,"properties":{"kind":"run","name":"Wengernalp - Allmend","subtype":"easy","pisteType":"downhill","featured":false},"geometry":{"type":"LineString","coordinates":[[7.9270749,46.5842138],[7.9271793,46.584348],[7.9273084,46.5844805],[7.9274603,46.5845623],[7.9276001,46.5846101]]}},{"type":"Feature","id":1436166245,"properties":{"kind":"run","name":"Mapped ski run","subtype":"unknown","pisteType":"sled","featured":false},"geometry":{"type":"LineString","coordinates":[[7.9357306,46.5769273],[7.9356597,46.5771207],[7.9356386,46.5772065]]}},{"type":"Feature","id":1442024303,"properties":{"kind":"lift","name":"Wixi - Fallboden","subtype":"chair_lift","status":"active"},"geometry":{"type":"LineString","coordinates":[[7.9501618,46.5728273],[7.9684132,46.5783811]]}},{"type":"Feature","id":1454706192,"properties":{"kind":"run","name":"Kleine Scheidegg - Arven","subtype":"intermediate","pisteType":"downhill","featured":false},"geometry":{"type":"LineString","coordinates":[[7.9619068,46.5855338],[7.9616461,46.5857155],[7.9616442,46.5858115]]}},{"type":"Feature","id":1454949886,"properties":{"kind":"run","name":"15","subtype":"intermediate","pisteType":"downhill","featured":false},"geometry":{"type":"LineString","coordinates":[[7.870551,46.5706686],[7.8706791,46.5708015],[7.8712703,46.5707931],[7.871575,46.5708665],[7.8720139,46.570897],[7.8723356,46.5709335],[7.872833,46.570948],[7.8731353,46.5708818],[7.8734431,46.5707676]]}},{"type":"Feature","id":1482662289,"properties":{"kind":"run","name":"Mapped ski run","subtype":"easy","pisteType":"downhill","featured":false},"geometry":{"type":"LineString","coordinates":[[7.8960616,46.5735654],[7.896472,46.5736467]]}},{"type":"Feature","id":1484035743,"properties":{"kind":"run","name":"Finel","subtype":"easy","pisteType":"downhill","featured":false},"geometry":{"type":"LineString","coordinates":[[7.8889334,46.556224],[7.8890665,46.5565086],[7.8892807,46.5566299],[7.8897814,46.5564648],[7.8901497,46.5564262],[7.8903666,46.5562714],[7.8904206,46.5564035],[7.8905065,46.5565212]]}}]}