{"type":"FeatureCollection","features":[{"type":"Feature","id":26434846,"properties":{"kind":"lift","name":"Å29 - Kabinbanan","subtype":"cable_car","status":"active"},"geometry":{"type":"LineString","coordinates":[[13.0764151,63.4025841],[13.0770956,63.4078736],[13.0777771,63.4135001],[13.0780684,63.4159004],[13.0792384,63.4257018],[13.0794465,63.4271716]]}},{"type":"Feature","id":26434847,"properties":{"kind":"run","name":"Mapped ski run","subtype":"unknown","pisteType":"downhill","featured":false},"geometry":{"type":"LineString","coordinates":[[13.0932629,63.430865],[13.0934045,63.4308768],[13.093731,63.431011],[13.0937856,63.431033],[13.0940719,63.4311485],[13.0942513,63.4312217],[13.0945312,63.4313133],[13.0946788,63.4314681],[13.094745,63.4316163],[13.0947239,63.4318007],[13.0946517,63.4319084],[13.094459,63.4320121],[13.0942573,63.4321077],[13.0939954,63.4321683],[13.0938479,63.4321764],[13.0936763,63.4321858],[13.0934385,63.432171],[13.0924129,63.4320617],[13.0916327,63.4319707],[13.0911713,63.4319125],[13.0910212,63.4318653],[13.0909149,63.4317727],[13.0909339,63.4316728],[13.0910708,63.4315278],[13.0912854,63.4313339],[13.0913773,63.4312076],[13.0914341,63.431114],[13.0914958,63.4310071],[13.0914643,63.4308683],[13.0912867,63.4306727],[13.0908994,63.4304424],[13.0906226,63.4303666],[13.0902772,63.430272],[13.089749,63.4301533],[13.089438,63.4300593],[13.0887935,63.4297851],[13.0883133,63.4296096],[13.0878001,63.4294685],[13.0873229,63.4293484],[13.086455,63.4291977],[13.0859686,63.4291393],[13.0854821,63.4291211],[13.0851031,63.4290898],[13.0848042,63.4290579],[13.0844135,63.4290114],[13.0840016,63.4289561],[13.0836764,63.4289052],[13.0830819,63.4287804],[13.0826494,63.4287603],[13.082436,63.4287423],[13.0821251,63.4287448],[13.0815008,63.428728],[13.0808293,63.428735],[13.0804439,63.4287378],[13.080167,63.428724],[13.0798494,63.4286011],[13.0795402,63.4284103],[13.0793638,63.4281669],[13.079068,63.4279393],[13.0787454,63.4274978]]}},{"type":"Feature","id":30014434,"properties":{"kind":"lift","name":"Å31 - VM6:an","subtype":"chair_lift","status":"active"},"geometry":{"type":"LineString","coordinates":[[13.0772368,63.4025234],[13.0774299,63.4026502],[13.07751,63.4027027],[13.0782405,63.4031824],[13.0795306,63.4040294],[13.080306,63.4045385],[13.08113,63.4050795],[13.0820277,63.4056688],[13.0838945,63.406892],[13.0856922,63.4080745],[13.0873683,63.4091748],[13.0881042,63.4096578],[13.0889222,63.4101949],[13.0894413,63.4105325],[13.0896527,63.4106701]]}},{"type":"Feature","id":30014435,"properties":{"kind":"lift","name":"Å32 - Hummelliften","subtype":"chair_lift","status":"active"},"geometry":{"type":"LineString","coordinates":[[13.0932126,63.4081815],[13.0929336,63.4082621],[13.0922222,63.4084677],[13.0901642,63.4090625],[13.0881042,63.4096578],[13.0868274,63.4100342],[13.0852366,63.4105028],[13.0837333,63.4109432],[13.0829985,63.4111656],[13.0828093,63.4112229],[13.0826783,63.4112626]]}},{"type":"Feature","id":30014436,"properties":{"kind":"lift","name":"Å22 - VM 8:an","subtype":"chair_lift","status":"active"},"geometry":{"type":"LineString","coordinates":[[13.0590192,63.4033661],[13.0592144,63.4038471],[13.059458,63.4045009],[13.0598373,63.4055192],[13.060112,63.4062566],[13.060516,63.407341],[13.0609521,63.4085117],[13.0614215,63.4097799],[13.0619112,63.4111033],[13.062455,63.4125725],[13.062901,63.4137773],[13.0630958,63.4143034],[13.0633318,63.4149409],[13.0636269,63.4157383],[13.0637969,63.4161974]]}},{"type":"Feature","id":31050521,"properties":{"kind":"lift","name":"B36 - Högåsliften","subtype":"t-bar","status":"active"},"geometry":{"type":"LineString","coordinates":[[13.1243036,63.3902438],[13.1242066,63.3902976],[13.1219787,63.3915323],[13.118192,63.3936306],[13.1143282,63.3956163]]}},{"type":"Feature","id":31050589,"properties":{"kind":"lift","name":"H23 - Gondolen","subtype":"gondola","status":"active"},"geometry":{"type":"LineString","coordinates":[[13.0621822,63.4154792],[13.0626737,63.4158263],[13.0640091,63.4167694],[13.0653488,63.4178131],[13.0665067,63.4187152],[13.0669524,63.4190624],[13.0676275,63.4195883],[13.068527,63.420289],[13.0700829,63.421501],[13.0711699,63.4223478],[13.0719643,63.4229665],[13.0725309,63.4234079],[13.0735448,63.4241976],[13.0741307,63.4246539],[13.0751499,63.4254478],[13.0759354,63.4260595],[13.0770727,63.4269453],[13.0771266,63.4269872],[13.0777544,63.4274762],[13.0781801,63.4278077]]}},{"type":"Feature","id":31050635,"properties":{"kind":"lift","name":"H25 - Nedre Tväråvalvsliften 2","subtype":"t-bar","status":"active"},"geometry":{"type":"LineString","coordinates":[[13.0637929,63.4363274],[13.0659812,63.4324672],[13.0676126,63.429908],[13.0679444,63.4293721],[13.0684349,63.4286181]]}},{"type":"Feature","id":31050646,"properties":{"kind":"lift","name":"H27 - Övre Tväråvalvsliften","subtype":"t-bar","status":"active"},"geometry":{"type":"LineString","coordinates":[[13.0683868,63.4293707],[13.0765482,63.4276734],[13.0772067,63.4275345]]}},{"type":"Feature","id":31050710,"properties":{"kind":"lift","name":"Å14 - Ullådalsliften 2","subtype":"t-bar","status":"active"},"geometry":{"type":"LineString","coordinates":[[13.0163777,63.4304065],[13.0320714,63.4300451],[13.0341993,63.4299961]]}},{"type":"Feature","id":31050724,"properties":{"kind":"lift","name":"Å19 - Rödkulleliften 1","subtype":"t-bar","status":"active"},"geometry":{"type":"LineString","coordinates":[[13.0383788,63.4147762],[13.0418082,63.4225674],[13.0430008,63.4252765],[13.0433497,63.4259805]]}},{"type":"Feature","id":31050749,"properties":{"kind":"lift","name":"Å21 - Bräckeliften","subtype":"t-bar","status":"active"},"geometry":{"type":"LineString","coordinates":[[13.0497691,63.4097722],[13.0492437,63.4112897],[13.0488693,63.4123485],[13.0481359,63.4144228],[13.0478891,63.4151188],[13.0472031,63.4169584],[13.0470235,63.4174244]]}},{"type":"Feature","id":31050845,"properties":{"kind":"lift","name":"Å30 - Stjärnliften","subtype":"chair_lift","status":"active"},"geometry":{"type":"LineString","coordinates":[[13.0767984,63.4025681],[13.0773324,63.4039128],[13.0777322,63.4050278],[13.078129,63.4061347],[13.0785846,63.4074053],[13.0789042,63.4082848],[13.0790064,63.4085562],[13.0791665,63.4090131]]}},{"type":"Feature","id":31050884,"properties":{"kind":"run","name":"Mapped ski run","subtype":"easy","pisteType":"downhill","featured":false},"geometry":{"type":"LineString","coordinates":[[13.0764408,63.4012469],[13.0764893,63.4012145],[13.0767732,63.401121],[13.076838,63.4010997],[13.0769669,63.4010592],[13.0774549,63.4008864],[13.0777928,63.4007806],[13.0779259,63.4007894]]}},{"type":"Feature","id":31050889,"properties":{"kind":"run","name":"Mapped ski run","subtype":"easy","pisteType":"downhill","featured":false},"geometry":{"type":"LineString","coordinates":[[13.0777706,63.4020976],[13.0776406,63.4020635],[13.0776028,63.4020501],[13.077449,63.4019958],[13.0772832,63.401929],[13.0770329,63.4018046]]}},{"type":"Feature","id":32647615,"properties":{"kind":"lift","name":"B41 - Lokattsliften","subtype":"platter","status":"active"},"geometry":{"type":"LineString","coordinates":[[13.1496093,63.3881094],[13.1543117,63.3897794],[13.1548875,63.3899712]]}},{"type":"Feature","id":32647617,"properties":{"kind":"run","name":"Slalomsvängen","subtype":"novice","pisteType":"downhill","featured":false},"geometry":{"type":"LineString","coordinates":[[13.1450245,63.3899114],[13.1453478,63.3885289],[13.1462803,63.3882896],[13.1469918,63.3882841]]}},{"type":"Feature","id":32647625,"properties":{"kind":"run","name":"Mapped ski run","subtype":"novice","pisteType":"downhill","featured":false},"geometry":{"type":"LineString","coordinates":[[13.1584403,63.3834322],[13.1579759,63.3834791]]}},{"type":"Feature","id":32647626,"properties":{"kind":"run","name":"Mapped ski run","subtype":"novice","pisteType":"downhill","featured":false},"geometry":{"type":"LineString","coordinates":[[13.1579759,63.3834791],[13.1576309,63.3835415],[13.1573426,63.3836367],[13.1571671,63.3837228],[13.1566302,63.3841737],[13.1563115,63.3843838],[13.1559973,63.3845817],[13.1558694,63.3847361],[13.1558238,63.3848186],[13.1558015,63.3849611],[13.1558497,63.385092],[13.1559029,63.3852308],[13.1559011,63.3852934],[13.1557934,63.3853736],[13.1554619,63.3854075],[13.1551218,63.3854177],[13.1548243,63.3854879],[13.1548043,63.385494],[13.1545174,63.3855813],[13.1543216,63.3856812],[13.154144,63.3857343],[13.15393,63.385771],[13.1535939,63.3857975]]}},{"type":"Feature","id":32647634,"properties":{"kind":"run","name":"Mapped ski run","subtype":"unknown","pisteType":"downhill","featured":false},"geometry":{"type":"LineString","coordinates":[[13.1543117,63.3897794],[13.1545004,63.3896206],[13.1546637,63.3894943],[13.1548597,63.3893372]]}},{"type":"Feature","id":32647635,"properties":{"kind":"lift","name":"B42 - Vargenliften","subtype":"platter","status":"active"},"geometry":{"type":"LineString","coordinates":[[13.1521695,63.3894557],[13.1508343,63.3901397],[13.144415,63.3904112]]}},{"type":"Feature","id":32647637,"properties":{"kind":"run","name":"Mapped ski run","subtype":"unknown","pisteType":"downhill","featured":false},"geometry":{"type":"LineString","coordinates":[[13.1604822,63.3833389],[13.1600687,63.3831626]]}},{"type":"Feature","id":32647638,"properties":{"kind":"run","name":"Mapped ski run","subtype":"novice","pisteType":"downhill","featured":false},"geometry":{"type":"LineString","coordinates":[[13.1682949,63.3843646],[13.16756,63.3843171],[13.1667443,63.3844662],[13.1658791,63.3847325],[13.165478,63.3847876],[13.1650521,63.3847212],[13.1646969,63.3846192],[13.1642909,63.3844997],[13.1636311,63.3842421],[13.1633518,63.3841602],[13.1626295,63.3840717],[13.1622148,63.3839495],[13.1605991,63.3833728],[13.1604822,63.3833389]]}},{"type":"Feature","id":32647643,"properties":{"kind":"lift","name":"B44 - Järvenliften","subtype":"t-bar","status":"active"},"geometry":{"type":"LineString","coordinates":[[13.1533492,63.3887143],[13.1758272,63.387544],[13.1768472,63.3874835]]}},{"type":"Feature","id":32647644,"properties":{"kind":"lift","name":"B40 - Björnenliften","subtype":"t-bar","status":"active"},"geometry":{"type":"LineString","coordinates":[[13.1451091,63.3850862],[13.144316,63.389921],[13.1442465,63.3902946]]}},{"type":"Feature","id":32647645,"properties":{"kind":"run","name":"Förbacken","subtype":"easy","pisteType":"downhill","featured":false},"geometry":{"type":"LineString","coordinates":[[13.1758272,63.387544],[13.175283,63.3877288],[13.174944,63.3878725],[13.1746131,63.3879719],[13.1742286,63.3880917],[13.1736878,63.3882198],[13.1732743,63.3882572],[13.1728491,63.3882159],[13.1724065,63.3882003],[13.1721449,63.3882547],[13.1717834,63.3883407],[13.1713574,63.3885433],[13.1710696,63.3887124],[13.1708234,63.3887637],[13.1698749,63.3887867],[13.1685132,63.3887754],[13.1671644,63.3889041],[13.1642973,63.388992],[13.1636691,63.3890559],[13.1622465,63.3892733],[13.1611399,63.3894853],[13.1597257,63.3897567],[13.1589691,63.3898392],[13.1578854,63.3897755],[13.157007,63.3896347],[13.1558682,63.3894769],[13.1548597,63.3893372],[13.1533512,63.3888818]]}},{"type":"Feature","id":32647647,"properties":{"kind":"run","name":"Mapped ski run","subtype":"novice","pisteType":"downhill","featured":false},"geometry":{"type":"LineString","coordinates":[[13.173252,63.3872165],[13.173322,63.387007],[13.1738571,63.3867458],[13.1739112,63.3865603],[13.1737838,63.3861081],[13.1733853,63.3856037],[13.1730779,63.3854854],[13.1721469,63.3854499],[13.1717871,63.3853491],[13.1715679,63.385243],[13.1712729,63.3845728],[13.1711105,63.3844396],[13.1706898,63.384354]]}},{"type":"Feature","id":32647648,"properties":{"kind":"run","name":"Mapped ski run","subtype":"novice","pisteType":"downhill","featured":false},"geometry":{"type":"LineString","coordinates":[[13.1600687,63.3831626],[13.1597731,63.3831059],[13.1595599,63.3831205],[13.1593701,63.3831848],[13.1591987,63.383244],[13.1589727,63.3833421],[13.1588147,63.3833896],[13.1584403,63.3834322]]}},{"type":"Feature","id":32647675,"properties":{"kind":"run","name":"Mapped ski run","subtype":"easy","pisteType":"downhill","featured":false},"geometry":{"type":"LineString","coordinates":[[13.1654251,63.3875063],[13.1649099,63.3869958],[13.1643284,63.3867415],[13.1636154,63.3866206],[13.1633454,63.3862733],[13.1628704,63.3860962],[13.1626416,63.3857867],[13.161248,63.3849181],[13.1608824,63.3849088],[13.1605627,63.3849553],[13.160351,63.3849763],[13.1599604,63.3850701],[13.1593651,63.3853104],[13.1592307,63.3853763],[13.1591044,63.3855042],[13.1590227,63.3856578],[13.1588679,63.3857168],[13.1585206,63.3857725],[13.1583669,63.385766],[13.158319,63.3857664],[13.1581368,63.3857595],[13.1578258,63.385708],[13.1574412,63.3856266],[13.1570985,63.3856378],[13.1567913,63.3856828],[13.1564508,63.3856882]]}},{"type":"Feature","id":32647687,"properties":{"kind":"run","name":"Mapped ski run","subtype":"novice","pisteType":"downhill","featured":false},"geometry":{"type":"LineString","coordinates":[[13.1529752,63.3880409],[13.1528387,63.3880039],[13.1528065,63.3877444],[13.1530317,63.3871367],[13.1530719,63.3870282],[13.1531455,63.3868717],[13.1533159,63.3868425]]}},{"type":"Feature","id":32647689,"properties":{"kind":"run","name":"Mapped ski run","subtype":"novice","pisteType":"downhill","featured":false},"geometry":{"type":"LineString","coordinates":[[13.1535939,63.3857975],[13.1530629,63.385805]]}},{"type":"Feature","id":32647696,"properties":{"kind":"lift","name":"B43 - Mårdenliften","subtype":"platter","status":"active"},"geometry":{"type":"LineString","coordinates":[[13.1533159,63.3868425],[13.1529752,63.3880409],[13.1529251,63.3882266]]}},{"type":"Feature","id":32647697,"properties":{"kind":"run","name":"Försvängen","subtype":"easy","pisteType":"downhill","featured":false},"geometry":{"type":"LineString","coordinates":[[13.1758272,63.387544],[13.1753397,63.3874438],[13.1745446,63.3873664],[13.173252,63.3872165],[13.1722035,63.3870891],[13.1718493,63.387066],[13.171508,63.387141],[13.170255,63.3874979],[13.1695133,63.387518],[13.1686276,63.3875441],[13.1673729,63.3875623],[13.1668639,63.3875512],[13.1660835,63.3875474],[13.1654251,63.3875063],[13.1645358,63.3874338],[13.1636085,63.3875787],[13.1624395,63.3879446],[13.1618562,63.3880654],[13.1607697,63.388114],[13.1588547,63.3881432],[13.1554124,63.388475],[13.1541402,63.3884826],[13.1535709,63.3885098],[13.1534558,63.3885363],[13.1533636,63.3885934],[13.1533492,63.3887143]]}},{"type":"Feature","id":32647701,"properties":{"kind":"lift","name":"B46 - Copperhill-liften","subtype":"t-bar","status":"active"},"geometry":{"type":"LineString","coordinates":[[13.1712461,63.384411],[13.1714254,63.3843946],[13.1791732,63.3836839],[13.1799245,63.3836192]]}},{"type":"Feature","id":32647705,"properties":{"kind":"run","name":"Mapped ski run","subtype":"novice","pisteType":"downhill","featured":false},"geometry":{"type":"LineString","coordinates":[[13.1791732,63.3836839],[13.1789851,63.3835877],[13.1771599,63.3837817],[13.1752298,63.3839104],[13.1746417,63.3839659],[13.1740599,63.3840208],[13.1731172,63.3841465],[13.1714635,63.3842879],[13.1706898,63.384354]]}},{"type":"Feature","id":32647715,"properties":{"kind":"run","name":"Vargbacken","subtype":"novice","pisteType":"downhill","featured":false},"geometry":{"type":"LineString","coordinates":[[13.144415,63.3904112],[13.1445515,63.39033],[13.145072,63.3902404],[13.1455896,63.3902074],[13.1480591,63.3900858],[13.1493882,63.3900596],[13.1504652,63.3899204],[13.1510815,63.3897386],[13.1516517,63.3894213],[13.1519655,63.3892665],[13.1521433,63.3893559],[13.1521695,63.3894557]]}},{"type":"Feature","id":32647720,"properties":{"kind":"run","name":"Björnbacken","subtype":"easy","pisteType":"downhill","featured":false},"geometry":{"type":"LineString","coordinates":[[13.1452778,63.3900553],[13.1457693,63.3895608],[13.1459184,63.3890768],[13.1469918,63.3882841],[13.1474796,63.3881431],[13.1477885,63.3879293],[13.14794,63.3876372],[13.1479743,63.3875107],[13.147971,63.3872507],[13.1478868,63.3871494],[13.1476099,63.3870427],[13.1473496,63.3868611],[13.146689,63.3863446],[13.1463729,63.3860033],[13.1461625,63.3856565]]}},{"type":"Feature","id":32647722,"properties":{"kind":"run","name":"Mapped ski run","subtype":"novice","pisteType":"downhill","featured":false},"geometry":{"type":"LineString","coordinates":[[13.1530629,63.385805],[13.1526953,63.3858305],[13.15238,63.385858],[13.1517989,63.3859179],[13.1513435,63.3859791],[13.1509119,63.3860159],[13.1508307,63.3860192],[13.1506285,63.3860275],[13.1503581,63.3860159],[13.1499266,63.3859236],[13.1496561,63.3858746],[13.1494114,63.3858399],[13.1488705,63.3858659],[13.1481943,63.3859582],[13.1478401,63.3859842],[13.1474859,63.3859928],[13.1471294,63.3859839],[13.1467156,63.3858896],[13.1461625,63.3856565]]}},{"type":"Feature","id":32648789,"properties":{"kind":"run","name":"Mapped ski run","subtype":"nordic","pisteType":"nordic","featured":false},"geometry":{"type":"LineString","coordinates":[[13.1577549,63.3993233],[13.1575222,63.3991724],[13.1574836,63.3989582],[13.1577845,63.398592],[13.1577922,63.3984746],[13.1572135,63.3983295],[13.1558518,63.3981878],[13.1553194,63.3978389],[13.1553734,63.3976903],[13.1551265,63.3973448],[13.1547562,63.3971997],[13.1543981,63.3968221],[13.1543409,63.396678],[13.1543863,63.396419],[13.1544004,63.3963182],[13.1541258,63.3961083],[13.1535603,63.3956691],[13.1534126,63.3953346],[13.15346,63.3950437],[13.1538844,63.3945116],[13.1542161,63.3937998],[13.1548642,63.3934992],[13.1551531,63.3932085],[13.155585,63.3930527],[13.1563394,63.3928654],[13.1569713,63.3926562],[13.1575731,63.3920471],[13.1575775,63.3919282],[13.1560017,63.3911672],[13.1541814,63.3906017],[13.1535925,63.3905819],[13.1530399,63.3906078],[13.1524737,63.3906797]]}},{"type":"Feature","id":32648793,"properties":{"kind":"run","name":"Mapped ski run","subtype":"nordic","pisteType":"nordic","featured":false},"geometry":{"type":"LineString","coordinates":[[13.1695512,63.4036836],[13.1700129,63.4035954],[13.1709731,63.4020797],[13.1704608,63.4012555]]}},{"type":"Feature","id":32649104,"properties":{"kind":"run","name":"Gamla Fröåvägen","subtype":"nordic","pisteType":"nordic","featured":false},"geometry":{"type":"LineString","coordinates":[[13.1529126,63.389996],[13.1529945,63.3900145],[13.1531635,63.3900572],[13.153285,63.390093],[13.1534282,63.3901314],[13.1535965,63.3901763],[13.1538075,63.3902443],[13.1539972,63.3902908],[13.1541619,63.390326],[13.1543516,63.3903661],[13.1545735,63.3904094],[13.1547453,63.3904479],[13.1550209,63.3905088],[13.1552679,63.3905697],[13.1555363,63.3906451],[13.1558048,63.3907172],[13.1560374,63.390791],[13.1562558,63.3908631],[13.1564634,63.3909417],[13.1565886,63.3910058],[13.1567354,63.391086],[13.1569001,63.3911982],[13.1571148,63.3913585],[13.1572938,63.3914884],[13.1575091,63.3916345],[13.1575443,63.3916583],[13.1578414,63.3918507],[13.1581421,63.3920462],[13.1583604,63.3921921],[13.1585537,63.3923011],[13.1587005,63.3923685],[13.1588723,63.3924198],[13.1590745,63.3924491],[13.1593388,63.3924787],[13.1595822,63.3925156],[13.1600511,63.3925846],[13.1608266,63.3926955],[13.1613205,63.392766],[13.1618002,63.3928462],[13.1621438,63.3929296],[13.1623442,63.3930033],[13.1625907,63.393093],[13.1628084,63.3931701],[13.1629653,63.3932222],[13.1631425,63.3932607],[13.1633399,63.3932947],[13.1635424,63.3933152],[13.1637246,63.3933265],[13.1638967,63.3933333],[13.1640638,63.3933424],[13.1642663,63.3933605],[13.164489,63.3933854],[13.1645627,63.3933988],[13.164651,63.3934149],[13.1648332,63.3934466],[13.1650407,63.3934829],[13.1652736,63.3935101],[13.1654811,63.3935328],[13.165714,63.3935555],[13.165962,63.3935713],[13.1661949,63.3935827],[13.1664125,63.3935759],[13.1665543,63.3935668],[13.1667719,63.3935555],[13.1669744,63.3935532],[13.1672933,63.3935577],[13.1676578,63.3935623],[13.1681488,63.3935804],[13.1685031,63.3935895],[13.1688068,63.3935849],[13.1690296,63.3935759],[13.1691408,63.3935719],[13.1693991,63.3936004],[13.1695418,63.3936203],[13.1697852,63.3936539],[13.1700716,63.3936988],[13.17034,63.3937469],[13.1706049,63.3937982],[13.1708411,63.3938479],[13.1710702,63.3939024],[13.1712957,63.3939633],[13.1715033,63.3940322],[13.1717789,63.3941284],[13.1720581,63.3942278],[13.1723444,63.3943288],[13.1726308,63.3944282],[13.1729565,63.3945276],[13.1731641,63.3945757],[13.1734111,63.3946269],[13.1736437,63.394667],[13.1738943,63.3947007],[13.1741234,63.3947311],[13.1744026,63.3947696],[13.1745529,63.3947953],[13.1747104,63.3948241],[13.1748571,63.3948626],[13.1750003,63.3949139],[13.1751435,63.3949876],[13.1753046,63.3950966],[13.1754477,63.3952184],[13.1756088,63.3953595],[13.1757914,63.3955727],[13.1760491,63.395842],[13.1763925,63.396218],[13.1765494,63.3963813],[13.1766962,63.3965127],[13.1767913,63.3965879],[13.1768481,63.3966329],[13.1770303,63.3967281],[13.1773087,63.3968528],[13.1775787,63.396964],[13.1776225,63.396982],[13.177825,63.3970749],[13.1779414,63.3971316],[13.1780332,63.397185],[13.1782026,63.3972545],[13.1783646,63.3973271],[13.1786531,63.397454],[13.1788708,63.3975605],[13.1790682,63.3976603],[13.1793162,63.3977804],[13.1795592,63.3978892],[13.1797819,63.3979799],[13.1800502,63.3980819],[13.1802881,63.398168],[13.1805141,63.3982421],[13.1808183,63.3983399],[13.1810402,63.3984104],[13.1812299,63.3984761],[13.1814089,63.3985515],[13.1815664,63.3986236],[13.1816531,63.3986669],[13.1817525,63.3987165],[13.1820148,63.3988666],[13.1820655,63.3989323],[13.1820756,63.3990094],[13.1820705,63.3990842],[13.1820401,63.399168],[13.1820214,63.39923],[13.1820271,63.3992855],[13.1820556,63.3993221],[13.1820969,63.3993587],[13.1821873,63.3994301],[13.1823565,63.3995166],[13.1825426,63.3995839],[13.1826965,63.3996352],[13.1828611,63.3996737],[13.1830186,63.3997025],[13.1832406,63.3997378],[13.1835591,63.3997827],[13.183824,63.3998115],[13.184071,63.3998388],[13.1844683,63.3998804],[13.1846946,63.399906],[13.1849224,63.3999332],[13.1851451,63.3999604],[13.1853555,63.3999751],[13.1853729,63.3999763],[13.1856462,63.3999967],[13.1858588,63.4000058],[13.1861524,63.4000103],[13.1864258,63.4000058],[13.1867345,63.3999944],[13.1870686,63.3999763],[13.1873612,63.399958],[13.1877267,63.3999196],[13.1879798,63.399897],[13.1881671,63.3998902],[13.1884202,63.399897],[13.188734,63.3999083],[13.1890529,63.3999355],[13.1894315,63.3999562],[13.1897664,63.3999695],[13.189912,63.3999823],[13.1901067,63.3999988],[13.1903278,63.4000176],[13.1907436,63.4000695],[13.1910962,63.4001237],[13.1912553,63.4001533],[13.1914713,63.4001934],[13.1919541,63.4002698],[13.1922331,63.4003334],[13.1924699,63.4004253],[13.192721,63.4005294],[13.1928225,63.4005714],[13.1931752,63.4007152],[13.1936173,63.4008896],[13.1937285,63.4009297]]}},{"type":"Feature","id":32649107,"properties":{"kind":"run","name":"Mapped ski run","subtype":"nordic","pisteType":"nordic","featured":false},"geometry":{"type":"LineString","coordinates":[[13.1529126,63.389996],[13.1528794,63.3899609],[13.1528471,63.3898877],[13.1528325,63.3897635],[13.1528771,63.3896076],[13.1529184,63.3894631],[13.1529127,63.3893593],[13.1529528,63.3893027],[13.1530038,63.3892308],[13.153176,63.389121],[13.1532406,63.3890799]]}},{"type":"Feature","id":36159711,"properties":{"kind":"lift","name":"H24 - Stendalsliften","subtype":"t-bar","status":"active"},"geometry":{"type":"LineString","coordinates":[[13.0439707,63.4354201],[13.0445538,63.4352523],[13.0531549,63.4327776],[13.053843,63.4325796]]}},{"type":"Feature","id":36159712,"properties":{"kind":"run","name":"Fjällbacken","subtype":"intermediate","pisteType":"downhill","featured":false},"geometry":{"type":"LineString","coordinates":[[13.0781872,63.4274381],[13.0778885,63.4272354],[13.0778312,63.4270335],[13.0781074,63.4268794],[13.0795716,63.4264546],[13.080148,63.4262393],[13.0807293,63.425999],[13.0816207,63.4256785],[13.0819224,63.4255405],[13.0820026,63.4254417],[13.0822625,63.4249655],[13.0823907,63.4246418],[13.0822577,63.4233238],[13.0820445,63.4229181],[13.0807702,63.421563],[13.0805272,63.4211568],[13.0807927,63.4200139]]}},{"type":"Feature","id":36159714,"properties":{"kind":"lift","name":"Å14 - Ullådalsliften 1","subtype":"t-bar","status":"active"},"geometry":{"type":"LineString","coordinates":[[13.0163544,63.4303774],[13.0320701,63.4299911],[13.0348505,63.4299227],[13.0365301,63.429862],[13.0380443,63.4298073],[13.0393783,63.4297591],[13.039572,63.4297521],[13.0406851,63.4297119]]}},{"type":"Feature","id":36166780,"properties":{"kind":"run","name":"Tusenmetern","subtype":"intermediate","pisteType":"downhill","featured":false},"geometry":{"type":"LineString","coordinates":[[13.0795716,63.4264546],[13.0794448,63.4252004],[13.0791648,63.4239285],[13.0791014,63.4231964],[13.0797049,63.42245],[13.0802036,63.4217212],[13.0804145,63.4211139],[13.0807927,63.4200139]]}},{"type":"Feature","id":36166781,"properties":{"kind":"run","name":"Långsvängen Högzon","subtype":"easy","pisteType":"downhill","featured":false},"geometry":{"type":"LineString","coordinates":[[13.078683,63.4280055],[13.0764265,63.4283696],[13.0739088,63.428473],[13.0727603,63.4285304],[13.071295,63.4288712],[13.0707644,63.429029],[13.0703715,63.4292176],[13.0701185,63.4293253],[13.0697864,63.4294997],[13.0685915,63.4294112],[13.0683347,63.4294157],[13.0682293,63.4294059],[13.0681462,63.4293534],[13.0681115,63.4293058],[13.0680978,63.4290443],[13.0677046,63.4289198],[13.0669976,63.42871],[13.0667888,63.4286882],[13.0663704,63.428555],[13.0658336,63.4284579],[13.0653754,63.4284948],[13.0649172,63.4285845],[13.0645959,63.4287104],[13.0644567,63.4289255],[13.0643048,63.4291477],[13.0641236,63.4293742],[13.0637921,63.4295234],[13.0630667,63.4297505],[13.0624543,63.4299781],[13.0622813,63.4299871],[13.0619332,63.4298854],[13.0614903,63.4297313],[13.0612099,63.4296141],[13.06097,63.4295423],[13.0605535,63.4295255],[13.0601492,63.4296104],[13.0589397,63.4298629],[13.057346,63.4302033],[13.0563898,63.4303948],[13.0537994,63.4301469],[13.0517736,63.4301875],[13.0511937,63.4303161],[13.0502608,63.4307506],[13.0493244,63.4310665],[13.0485345,63.431182],[13.0470113,63.4311548],[13.0461898,63.4310395],[13.0452119,63.4306308],[13.0445085,63.4304286],[13.0439745,63.4303159],[13.0431041,63.430294],[13.0420241,63.4303314],[13.0410145,63.4303964]]}},{"type":"Feature","id":36166782,"properties":{"kind":"lift","name":"H25 - Nedre Tväråvalvsliften 1","subtype":"t-bar","status":"active"},"geometry":{"type":"LineString","coordinates":[[13.0636715,63.4362981],[13.0658766,63.4323658],[13.0674518,63.4298919],[13.0682855,63.4285826]]}},{"type":"Feature","id":36166783,"properties":{"kind":"run","name":"Mapped ski run","subtype":"intermediate","pisteType":"downhill","featured":false},"geometry":{"type":"LineString","coordinates":[[13.0682293,63.4294059],[13.0682663,63.4294325],[13.0687523,63.4295095],[13.0692661,63.4296717],[13.0700296,63.4299535],[13.0703475,63.4303518],[13.071354,63.4318677],[13.0713781,63.432447],[13.0712386,63.432872],[13.0707393,63.4332771],[13.0697494,63.4339341],[13.068531,63.4345465],[13.0669758,63.435257],[13.0654106,63.4359076],[13.064704,63.4361355],[13.0643119,63.4362556],[13.0640017,63.4363174],[13.0638706,63.4363573]]}},{"type":"Feature","id":36166784,"properties":{"kind":"run","name":"Tväråleden","subtype":"easy","pisteType":"downhill","featured":false},"geometry":{"type":"LineString","coordinates":[[13.0531549,63.4327776],[13.0532208,63.4328421],[13.0533623,63.4328978],[13.0537645,63.4330078],[13.0540159,63.4330803],[13.0545571,63.4333672],[13.0556381,63.4336369],[13.0569196,63.4338754],[13.0581341,63.4342348],[13.0595331,63.4347204],[13.0615683,63.4354397],[13.0627294,63.4359182],[13.0634594,63.4362605]]}},{"type":"Feature","id":36166785,"properties":{"kind":"run","name":"Ullåmon","subtype":"novice","pisteType":"downhill","featured":false},"geometry":{"type":"LineString","coordinates":[[13.0379497,63.4307541],[13.0358758,63.4314153],[13.032581,63.4325204],[13.0302649,63.4332306],[13.0271039,63.4340667],[13.0254987,63.4344203],[13.0243902,63.4344035],[13.0225166,63.4340034],[13.0209519,63.4334895],[13.0190406,63.4329014],[13.0171467,63.4323964],[13.0168745,63.4321256],[13.0167161,63.4316987],[13.0166063,63.4314876],[13.0164905,63.4313682],[13.0164001,63.431299],[13.0162997,63.4312017],[13.0162665,63.431113],[13.0164024,63.4308986],[13.0164715,63.4307836]]}},{"type":"Feature","id":36166786,"properties":{"kind":"run","name":"Mapped ski run","subtype":"easy","pisteType":"downhill","featured":false},"geometry":{"type":"LineString","coordinates":[[13.0638468,63.4163262],[13.0637399,63.4163542],[13.0636089,63.4163414],[13.0634035,63.4162931],[13.0632164,63.4161554],[13.0631405,63.415994],[13.0629905,63.4156573],[13.0627504,63.415417],[13.0625811,63.415208]]}},{"type":"Feature","id":36166787,"properties":{"kind":"run","name":"Mapped ski run","subtype":"easy","pisteType":"downhill","featured":false},"geometry":{"type":"LineString","coordinates":[[13.0386571,63.4144095],[13.0400101,63.4137695],[13.0417589,63.4128475],[13.0431537,63.4123818],[13.0438189,63.4121177],[13.0451492,63.4115318],[13.0476276,63.4106338],[13.0482566,63.4102239],[13.0487594,63.4098309],[13.0488424,63.4097414],[13.0489732,63.4096209]]}},{"type":"Feature","id":36166788,"properties":{"kind":"run","name":"Lundsrappet","subtype":"advanced","pisteType":"downhill","featured":true},"geometry":{"type":"LineString","coordinates":[[13.061219,63.4153154],[13.0611295,63.4150421],[13.0608959,63.4148743],[13.0595282,63.4142699],[13.0579298,63.4135882],[13.0567151,63.4128574]]}},{"type":"Feature","id":36166789,"properties":{"kind":"run","name":"Lundsrappet","subtype":"intermediate","pisteType":"downhill","featured":true},"geometry":{"type":"LineString","coordinates":[[13.0567151,63.4128574],[13.0564343,63.4127016],[13.0561855,63.4122378],[13.0562986,63.4117307],[13.0564166,63.4112015],[13.0568317,63.4102588],[13.0568672,63.4097621],[13.0567042,63.4091581],[13.0559967,63.4084185],[13.0559464,63.4080434],[13.056157,63.4074595],[13.0565196,63.4069488],[13.0568892,63.4065008],[13.0570218,63.4062724],[13.057142,63.4056992],[13.0569343,63.4048927],[13.0568934,63.4046252],[13.0570232,63.4044414],[13.0575383,63.4042403],[13.0582512,63.4041507],[13.0590967,63.4040556]]}},{"type":"Feature","id":36166790,"properties":{"kind":"run","name":"Åreleden Högzon","subtype":"easy","pisteType":"downhill","featured":false},"geometry":{"type":"LineString","coordinates":[[13.0663704,63.428555],[13.0663632,63.4284198],[13.0661554,63.4282181],[13.065875,63.4279724],[13.065627,63.427805],[13.0653805,63.4276901],[13.0651339,63.4276237],[13.0648641,63.4275034],[13.064718,63.426968],[13.0646353,63.4267596],[13.064398,63.4265857],[13.0644182,63.4263765],[13.0648883,63.4261417],[13.0650025,63.4259693],[13.0648289,63.4257696],[13.0648066,63.4252943],[13.0649753,63.4247716],[13.065327,63.424268],[13.0656039,63.4239772],[13.0656229,63.4239082],[13.0662152,63.4231604],[13.0662423,63.4228947],[13.0663137,63.4226992],[13.065505,63.422548],[13.064473,63.422485],[13.063761,63.4225821],[13.06324,63.422595],[13.062608,63.422685],[13.06197,63.422848],[13.0614209,63.4229288],[13.0611804,63.4228857],[13.0610935,63.4227781],[13.0611773,63.4224772],[13.0613764,63.4222449],[13.061503,63.42204],[13.0618486,63.4217961],[13.062282,63.4214115],[13.0625384,63.4211758],[13.0627496,63.4209539],[13.062757,63.420767],[13.062512,63.420643],[13.062365,63.420412],[13.062285,63.419943],[13.062281,63.4197909],[13.061647,63.419368],[13.0613247,63.4191471],[13.0610486,63.4187199],[13.061235,63.4181627],[13.0615182,63.4177642],[13.0618316,63.4173293],[13.0619376,63.4169984],[13.0618711,63.4167465],[13.0618815,63.4166829],[13.061909,63.4165469],[13.0622502,63.4162522],[13.0629905,63.4156573]]}},{"type":"Feature","id":36299934,"properties":{"kind":"run","name":"Störtloppet Lågzon","subtype":"advanced","pisteType":"downhill","featured":false},"geometry":{"type":"LineString","coordinates":[[13.0625811,63.415208],[13.0627128,63.4148907],[13.0626882,63.4145675],[13.0622352,63.4140319],[13.0610644,63.4133821],[13.0609537,63.4130115],[13.0617103,63.4123866],[13.0611676,63.4119187],[13.0605635,63.4115149],[13.0600432,63.4105622],[13.0599642,63.4099457],[13.0599538,63.4095359],[13.0598296,63.4092251],[13.0590588,63.4084655],[13.058385,63.4076523],[13.057988,63.4067152],[13.0577373,63.4060065],[13.0572656,63.4048259],[13.0574664,63.4045246],[13.0577447,63.4043089],[13.0590967,63.4040556]]}},{"type":"Feature","id":36299939,"properties":{"kind":"lift","name":"Å19 - Rödkulleliften 2","subtype":"t-bar","status":"active"},"geometry":{"type":"LineString","coordinates":[[13.0384728,63.4147704],[13.0431115,63.4252718],[13.0434729,63.4259612]]}},{"type":"Feature","id":36299941,"properties":{"kind":"run","name":"Åreleden Lågzon","subtype":"easy","pisteType":"downhill","featured":false},"geometry":{"type":"LineString","coordinates":[[13.0626355,63.4096794],[13.0628697,63.4094567],[13.0636589,63.4089452],[13.0641822,63.4086121],[13.0645054,63.4084419],[13.0649863,63.4082589],[13.06511,63.4082423],[13.0652327,63.4082258],[13.0658812,63.4082084],[13.066123,63.4081551],[13.0664428,63.4079808],[13.0666131,63.4078322],[13.0667495,63.4076562],[13.0669366,63.4075494],[13.067618,63.4073577],[13.0686605,63.4069898],[13.0693705,63.4067369],[13.0700804,63.406484],[13.0718937,63.4057987],[13.0731424,63.4053429],[13.0745167,63.4049375],[13.0757093,63.4047697],[13.0772347,63.4044609],[13.0777659,63.4042757],[13.0783899,63.4041485],[13.0789358,63.4039853],[13.0791767,63.4038749]]}},{"type":"Feature","id":36299944,"properties":{"kind":"run","name":"Solravinen","subtype":"easy","pisteType":"downhill","featured":false},"geometry":{"type":"LineString","coordinates":[[13.0521686,63.4324192],[13.051528,63.4325275],[13.0510173,63.4326225],[13.0502661,63.4328759],[13.0494439,63.4333402],[13.0485395,63.4337398],[13.0471683,63.4341676],[13.0446175,63.4348491],[13.0439726,63.435115],[13.0438239,63.4354331]]}},{"type":"Feature","id":36299946,"properties":{"kind":"run","name":"Ullådraget","subtype":"easy","pisteType":"downhill","featured":false},"geometry":{"type":"LineString","coordinates":[[13.0326713,63.4277138],[13.0310561,63.4282976],[13.0298248,63.4287553],[13.029449,63.4288447],[13.0280186,63.4290554],[13.0268397,63.429387],[13.026071,63.4297555],[13.0254974,63.4298205],[13.0248843,63.4298466],[13.0236785,63.4298249],[13.0223411,63.4299569],[13.0219023,63.4299417],[13.0210602,63.4298062],[13.0200653,63.4297195],[13.0193899,63.4296815],[13.0183743,63.4295082],[13.0178483,63.4295229],[13.0174968,63.4295823],[13.0172007,63.4297727],[13.016734,63.4300836],[13.0162725,63.430388]]}},{"type":"Feature","id":36299948,"properties":{"kind":"run","name":"Renleden","subtype":"novice","pisteType":"downhill","featured":false},"geometry":{"type":"LineString","coordinates":[[13.0397852,63.4298365],[13.0402534,63.4299972],[13.0410145,63.4303964],[13.0417462,63.4307396],[13.0422006,63.4311984],[13.0422183,63.4324136],[13.0422848,63.433337],[13.0424077,63.4338056],[13.0427789,63.4342915],[13.043715,63.4353367],[13.0438239,63.4354331]]}},{"type":"Feature","id":36299950,"properties":{"kind":"run","name":"Störtloppet Högzon","subtype":"intermediate","pisteType":"downhill","featured":false},"geometry":{"type":"LineString","coordinates":[[13.0787454,63.4274978],[13.0781872,63.4274381],[13.0773154,63.4273131],[13.0763061,63.4269473],[13.0748122,63.4262417],[13.073887,63.4256795],[13.073134,63.4251011],[13.0728971,63.4247599],[13.0725866,63.4244105],[13.0716352,63.4236084],[13.0709808,63.4230352],[13.0704084,63.4226197],[13.0701397,63.4223375],[13.0695017,63.4219173],[13.0688683,63.4211561],[13.0685603,63.4208665],[13.0679417,63.4206914],[13.0668401,63.4205523],[13.0662681,63.4204905],[13.0656422,63.4203537],[13.0652094,63.4198935]]}},{"type":"Feature","id":36299953,"properties":{"kind":"run","name":"Störtloppet Högzon","subtype":"advanced","pisteType":"downhill","featured":false},"geometry":{"type":"LineString","coordinates":[[13.0652094,63.4198935],[13.0649983,63.4194663],[13.0650261,63.4190939],[13.0652467,63.4187954],[13.0656454,63.418401],[13.0660121,63.4179054],[13.065998,63.4176915],[13.065632,63.4174071],[13.0655463,63.4171356],[13.0657899,63.4167332],[13.06546,63.4162732],[13.0650333,63.415768],[13.0649554,63.41557],[13.0650248,63.4151733],[13.0650306,63.4147928],[13.0647764,63.4144878],[13.0643303,63.4142433],[13.0635841,63.4141401],[13.0628457,63.4140609],[13.0622352,63.4140319]]}},{"type":"Feature","id":36299955,"properties":{"kind":"run","name":"Svartbergsleden","subtype":"easy","pisteType":"downhill","featured":false},"geometry":{"type":"LineString","coordinates":[[13.0807927,63.4200139],[13.080751,63.419928],[13.0805214,63.4197867],[13.0801118,63.4195632],[13.0798466,63.4193308],[13.079705,63.4189427],[13.0795875,63.4184841],[13.0796636,63.4181795],[13.0797189,63.4179189],[13.0797158,63.4176499],[13.0797732,63.4174557],[13.0798651,63.4172471],[13.0799141,63.4171208],[13.0800218,63.4168213],[13.0800105,63.4167019],[13.0799663,63.4165693],[13.0798854,63.4164456],[13.0796597,63.4161729],[13.0795094,63.4159695],[13.0794032,63.4157666],[13.0796466,63.415345],[13.079983,63.4150541],[13.0803027,63.4148114],[13.0805161,63.41466],[13.0806353,63.4145415],[13.0806799,63.4144163],[13.0806789,63.4141778],[13.0807224,63.414074],[13.0808039,63.4139856],[13.081027,63.4138928],[13.0812912,63.4138344],[13.0814863,63.4137865],[13.0815489,63.4137305],[13.0815197,63.4136653],[13.0814121,63.4136164],[13.0812694,63.4135702],[13.081073,63.4135025],[13.0809253,63.4134347],[13.080747,63.4132644],[13.0805944,63.4131782],[13.0804613,63.4131368],[13.0802408,63.4131235],[13.0799905,63.4131446],[13.0793759,63.4132192],[13.0790845,63.4132509],[13.0786941,63.4132799],[13.0785112,63.413261],[13.078203,63.4131718],[13.0778418,63.4130789],[13.0774768,63.4129999],[13.0770928,63.4129347],[13.0768017,63.4128936],[13.0766868,63.4128405],[13.076703,63.4127626],[13.0768968,63.4126922],[13.0771017,63.412641],[13.0778957,63.4124135],[13.0789316,63.4121426],[13.0791887,63.4120427],[13.079351,63.4119392],[13.0797448,63.4117286],[13.0801898,63.4115894],[13.0810181,63.4114048],[13.0817041,63.4112644],[13.0822099,63.4111183],[13.0825058,63.4111163]]}},{"type":"Feature","id":48427124,"properties":{"kind":"run","name":"Mapped ski run","subtype":"easy","pisteType":"downhill","featured":false},"geometry":{"type":"LineString","coordinates":[[13.0448141,63.4253908],[13.0452491,63.4252777],[13.0477411,63.424429],[13.0482127,63.4241802],[13.0488695,63.4235745],[13.0491596,63.42315],[13.04948,63.4228438],[13.0497164,63.4224307],[13.0501089,63.4220452],[13.0504301,63.4216518],[13.0511359,63.4211728],[13.0520835,63.4207409],[13.0526142,63.420378],[13.0540689,63.4197464],[13.0544483,63.4196604],[13.0548353,63.4195949],[13.0556754,63.4193518],[13.0562452,63.4190592],[13.056887,63.4187153],[13.057566,63.4184176],[13.0586391,63.4179416],[13.0597954,63.4174023],[13.060237,63.4171425],[13.0604234,63.4170643],[13.0607723,63.4169929],[13.0614003,63.4168725],[13.0618711,63.4167465],[13.0625467,63.4165914],[13.0627686,63.4165287],[13.063115,63.4164308],[13.0633435,63.4163643],[13.0635837,63.4163271],[13.0638468,63.4163262],[13.0639193,63.416326],[13.0641194,63.416301],[13.0643127,63.4162294],[13.0645565,63.4160668],[13.0649211,63.4158852],[13.0650801,63.4158146],[13.0652889,63.4157161],[13.0656021,63.4155683],[13.066181,63.415228],[13.06638,63.4150774],[13.0664442,63.4149204],[13.0665353,63.4146119],[13.0667035,63.4143264],[13.0668505,63.4141791],[13.0670702,63.4140336],[13.0675294,63.4138934],[13.0678432,63.4137742],[13.0681038,63.4136415],[13.0688775,63.4132476],[13.069059,63.4131552]]}},{"type":"Feature","id":48427134,"properties":{"kind":"lift","name":"D9 - Tegeliften","subtype":"chair_lift","status":"active"},"geometry":{"type":"LineString","coordinates":[[12.9763618,63.4009341],[12.9760047,63.4014725],[12.9757242,63.4018955],[12.9753491,63.4024612],[12.975023,63.4029528],[12.9745961,63.4035961],[12.9740616,63.404402],[12.9737357,63.4048935],[12.9731173,63.4058259],[12.9724008,63.406906],[12.9718823,63.4076878],[12.9715652,63.4081659],[12.9710169,63.4089925],[12.9705518,63.4096238],[12.9700736,63.410273],[12.9699715,63.4104116]]}},{"type":"Feature","id":48427140,"properties":{"kind":"lift","name":"D6 - Englandsliften","subtype":"t-bar","status":"active"},"geometry":{"type":"LineString","coordinates":[[12.9609889,63.3970818],[12.9548149,63.3985056],[12.9409898,63.4016385],[12.9402869,63.4018038]]}},{"type":"Feature","id":48427148,"properties":{"kind":"lift","name":"D8 - Mini Tege","subtype":"t-bar","status":"active"},"geometry":{"type":"LineString","coordinates":[[12.9763914,63.3982924],[12.9775326,63.3996346]]}},{"type":"Feature","id":48427171,"properties":{"kind":"run","name":"Årevägen","subtype":"easy","pisteType":"downhill","featured":false},"geometry":{"type":"LineString","coordinates":[[13.0573147,63.4066463],[13.0595016,63.4063146]]}},{"type":"Feature","id":48427176,"properties":{"kind":"run","name":"VM-störtloppet","subtype":"intermediate","pisteType":"downhill","featured":false},"geometry":{"type":"LineString","coordinates":[[13.0620829,63.4098949],[13.0623789,63.4092879],[13.062528,63.409045],[13.0626421,63.4084978],[13.062746,63.4081789],[13.0626485,63.4077902],[13.0623655,63.4073447],[13.0619752,63.4071525],[13.0607067,63.4069079],[13.059926,63.4067479],[13.059289,63.4064575],[13.0578821,63.4047649],[13.0579211,63.4045849],[13.0581276,63.4043661],[13.0583666,63.4043002],[13.0588424,63.4041596],[13.0590967,63.4040556]]}},{"type":"Feature","id":52559785,"properties":{"kind":"lift","name":"D7 - Gunnilliften","subtype":"t-bar","status":"active"},"geometry":{"type":"LineString","coordinates":[[12.9615488,63.3971873],[12.9655602,63.4050813],[12.9667685,63.4074848],[12.9686387,63.4112043],[12.9687251,63.411403]]}},{"type":"Feature","id":97576617,"properties":{"kind":"run","name":"Bräckevägen","subtype":"easy","pisteType":"downhill","featured":false},"geometry":{"type":"LineString","coordinates":[[13.0792624,63.4091197],[13.0790702,63.4090546],[13.0788725,63.409053],[13.0785506,63.4090471],[13.0782863,63.4090803],[13.0776241,63.4091819],[13.0773244,63.40923],[13.0769438,63.4092587],[13.0767368,63.4092699],[13.0764882,63.4092844],[13.0762924,63.4092885],[13.0761888,63.4092904],[13.0751635,63.4092938],[13.0740746,63.4092584],[13.0736314,63.4092706],[13.0732089,63.409329],[13.0704002,63.4099873],[13.0699999,63.4100642],[13.0682311,63.4103566],[13.0665463,63.4105905],[13.0661944,63.4106394],[13.0655741,63.41076],[13.0651784,63.4108499],[13.0646926,63.4109414],[13.064564,63.4109656],[13.0642803,63.4110194],[13.0637832,63.4111106],[13.0634689,63.4111682],[13.0631396,63.411251],[13.0626655,63.4113703],[13.062242,63.4115103],[13.0614615,63.4116547]]}},{"type":"Feature","id":97576638,"properties":{"kind":"run","name":"Mapped ski run","subtype":"easy","pisteType":"downhill","featured":false},"geometry":{"type":"LineString","coordinates":[[13.1125792,63.4042317],[13.1122079,63.4042857],[13.1119816,63.4043365],[13.1118437,63.4043936],[13.1109395,63.4047281],[13.1100541,63.4048879],[13.1093558,63.4049521],[13.1088257,63.4049685],[13.1082127,63.4049492],[13.1077745,63.4048978]]}},{"type":"Feature","id":97576677,"properties":{"kind":"run","name":"Snobbrännan","subtype":"intermediate","pisteType":"downhill","featured":false},"geometry":{"type":"LineString","coordinates":[[13.0894915,63.4101969],[13.0897792,63.4093915],[13.0900581,63.4086519],[13.0903356,63.4082547],[13.0907662,63.407653],[13.091092,63.4071759],[13.091446,63.4066195],[13.0917008,63.4061451],[13.0919424,63.4054945],[13.0920641,63.4050484]]}},{"type":"Feature","id":97576717,"properties":{"kind":"lift","name":"Å35 - Tottliften","subtype":"t-bar","status":"active"},"geometry":{"type":"LineString","coordinates":[[13.0877444,63.4010298],[13.0954896,63.4028777],[13.1131546,63.4070919],[13.1138553,63.4072591]]}},{"type":"Feature","id":97576757,"properties":{"kind":"run","name":"Stjärnbacken","subtype":"intermediate","pisteType":"downhill","featured":false},"geometry":{"type":"LineString","coordinates":[[13.0887155,63.4097553],[13.0896631,63.4082659],[13.0896477,63.4080955],[13.0894447,63.4079574],[13.0887861,63.4075782],[13.0886127,63.4073401],[13.0885348,63.4071359],[13.0884412,63.4068851],[13.0882971,63.406542],[13.0881144,63.406114],[13.087975,63.405804],[13.087766,63.4055594],[13.087216,63.405098],[13.0866944,63.4047747],[13.086113,63.404335],[13.0853509,63.4040566],[13.0843433,63.4037327],[13.0836198,63.4034584],[13.0831784,63.4033264],[13.0825954,63.4031201],[13.082239,63.4030051],[13.0814925,63.4028671],[13.0802195,63.4026454],[13.0790763,63.4023542],[13.0782314,63.40227],[13.077762,63.4022952]]}},{"type":"Feature","id":97576767,"properties":{"kind":"run","name":"Tottbacken","subtype":"intermediate","pisteType":"downhill","featured":false},"geometry":{"type":"LineString","coordinates":[[13.1135916,63.4070372],[13.1134056,63.4069054],[13.1131373,63.4065526],[13.1127909,63.4061967],[13.1126323,63.4061109],[13.1122192,63.4060084],[13.1116847,63.4059661],[13.1110903,63.4059841],[13.1106647,63.4059599],[13.1098836,63.4058506],[13.1091148,63.405535],[13.1088054,63.4053973],[13.1077745,63.4048978],[13.1070308,63.4048035],[13.106153,63.404797],[13.1058636,63.4048085],[13.1047977,63.4047802],[13.1043586,63.4048073],[13.1032812,63.4049343],[13.1024592,63.4050355],[13.1017517,63.4051137],[13.1013391,63.4051593],[13.101198,63.4051657],[13.1008341,63.4051619],[13.1000228,63.4049387],[13.0996449,63.4046917],[13.0992974,63.4044428],[13.0988641,63.4042112],[13.0986214,63.4041097],[13.098393,63.4040141],[13.0981828,63.4039496],[13.0974899,63.403767],[13.0969979,63.4036198],[13.0958388,63.4034038],[13.0951524,63.4032702],[13.0948483,63.403181],[13.0935735,63.40239],[13.0934318,63.402237],[13.0931102,63.4020502],[13.0928478,63.4018848],[13.092566,63.4017848],[13.092301,63.401711],[13.091905,63.401669],[13.091468,63.401539],[13.09075,63.401367],[13.090323,63.401314],[13.0893932,63.4010986],[13.0888027,63.4010278],[13.0883335,63.4009304],[13.088089,63.4009209],[13.087865,63.4009551],[13.0877444,63.4010298]]}},{"type":"Feature","id":97576775,"properties":{"kind":"run","name":"Tvättbrädan","subtype":"easy","pisteType":"downhill","featured":false},"geometry":{"type":"LineString","coordinates":[[13.0897945,63.4106096],[13.0897927,63.4105017],[13.089798,63.4104141],[13.0898905,63.4102708],[13.0900897,63.4101021],[13.0904683,63.4098914],[13.0909202,63.409552],[13.0912967,63.4092218],[13.0917179,63.4087789],[13.092218,63.4081847]]}},{"type":"Feature","id":97576778,"properties":{"kind":"run","name":"Högåsbacken","subtype":"intermediate","pisteType":"downhill","featured":false},"geometry":{"type":"LineString","coordinates":[[13.1146587,63.3956027],[13.1154144,63.3954051],[13.1159831,63.3952441],[13.1165571,63.3951048],[13.1171954,63.3949967],[13.1176353,63.3949679],[13.118022,63.394932],[13.118676,63.3948117],[13.119015,63.394714],[13.1192927,63.394603],[13.11944,63.394413],[13.120142,63.393913],[13.1203591,63.3937195],[13.1205522,63.3934793],[13.1208848,63.3930756],[13.1212817,63.3927441],[13.1219147,63.3923885],[13.122877,63.3919888],[13.1243516,63.3912076]]}},{"type":"Feature","id":97581279,"properties":{"kind":"lift","name":"B38 - Hermelinenliften","subtype":"t-bar","status":"active"},"geometry":{"type":"LineString","coordinates":[[13.125923,63.391804],[13.144065,63.390568],[13.1450941,63.3904982]]}},{"type":"Feature","id":97581349,"properties":{"kind":"run","name":"VM-leden","subtype":"easy","pisteType":"downhill","featured":false},"geometry":{"type":"LineString","coordinates":[[13.0830598,63.4105287],[13.0827162,63.4105027],[13.0820653,63.410612],[13.0816892,63.4106858],[13.0814036,63.4107528],[13.0809724,63.4108298],[13.0805361,63.4108988],[13.0802885,63.4109195],[13.0800775,63.410932],[13.0796037,63.4109562],[13.0790151,63.4110412],[13.0785227,63.4111291],[13.0777227,63.411318],[13.0773184,63.4114439],[13.0767708,63.4116912],[13.076375,63.411823],[13.0759945,63.4118876],[13.075158,63.411949],[13.073473,63.4122245],[13.073062,63.412315],[13.0725382,63.4124614],[13.0723268,63.4125205],[13.0713344,63.4126901],[13.070871,63.4127693],[13.0702069,63.4129605],[13.0693074,63.413196],[13.0691553,63.4131943],[13.0691021,63.4131727],[13.069059,63.4131552]]}},{"type":"Feature","id":97581470,"properties":{"kind":"run","name":"Rödbranten","subtype":"intermediate","pisteType":"downhill","featured":false},"geometry":{"type":"LineString","coordinates":[[13.0431115,63.4252718],[13.0434296,63.4252468],[13.0435652,63.4249434],[13.0435793,63.4245019],[13.0438077,63.4241144],[13.0438978,63.4235963],[13.0441802,63.4230944],[13.0444291,63.4225924],[13.044156,63.4222118],[13.0437648,63.4219628],[13.0433948,63.4216871],[13.0430391,63.4214119],[13.0425996,63.4211677],[13.0423701,63.4209491],[13.0421641,63.4204491],[13.0415905,63.4200463],[13.0416666,63.4195867],[13.0412132,63.4191371],[13.041126,63.418762],[13.0410437,63.4183935],[13.0409734,63.4180243],[13.0408291,63.4176993],[13.040704,63.4174804],[13.0406286,63.417375],[13.0403877,63.416992],[13.0400696,63.4166004],[13.0398039,63.4160171],[13.0398458,63.415725],[13.0398523,63.4156795],[13.0397054,63.4155042],[13.039271,63.4151132],[13.0387261,63.4146765],[13.038489,63.4146392],[13.0383432,63.4146256],[13.0383014,63.4146488],[13.0383163,63.4146767],[13.038392,63.4147182],[13.0384728,63.4147704]]}},{"type":"Feature","id":97581733,"properties":{"kind":"run","name":"Viksvängen","subtype":"easy","pisteType":"downhill","featured":false},"geometry":{"type":"LineString","coordinates":[[13.1125792,63.4042317],[13.1132564,63.4036164],[13.1136344,63.403345],[13.114449,63.402874],[13.1152531,63.4025127],[13.115585,63.402355],[13.116595,63.401817],[13.117488,63.401215],[13.1179084,63.4009472]]}},{"type":"Feature","id":97581845,"properties":{"kind":"run","name":"Hermelinbacken","subtype":"novice","pisteType":"downhill","featured":false},"geometry":{"type":"LineString","coordinates":[[13.144065,63.390568],[13.1437302,63.3904062],[13.1433762,63.3904109],[13.1429004,63.3905004],[13.1426099,63.3905551],[13.1421848,63.3905609],[13.1418371,63.3905061],[13.1412382,63.3904801],[13.1408132,63.3905292],[13.140578,63.390652],[13.14003,63.390854],[13.139348,63.3910608],[13.1387597,63.391123],[13.1382177,63.3911674],[13.137439,63.391205],[13.137013,63.391216],[13.1355847,63.3913243],[13.1344719,63.391406],[13.132385,63.39151],[13.1298894,63.3916707],[13.128812,63.391731],[13.1257511,63.3920099],[13.1254389,63.3920002],[13.1252556,63.3919816],[13.1250364,63.391939]]}},{"type":"Feature","id":97581924,"properties":{"kind":"run","name":"Rödbäcken","subtype":"intermediate","pisteType":"downhill","featured":false},"geometry":{"type":"LineString","coordinates":[[13.0426454,63.425358],[13.0422794,63.4250153],[13.0419754,63.4247476],[13.0417342,63.4245253],[13.0414946,63.4243372],[13.0411376,63.4240686],[13.0410858,63.4240294],[13.0408032,63.4238153],[13.0406435,63.4235041],[13.0407833,63.4233037],[13.04078,63.423103],[13.0406157,63.4226083],[13.0404757,63.4223139],[13.0402627,63.4221341],[13.0399888,63.4219854],[13.0395366,63.4218075],[13.0390057,63.4216446],[13.0384304,63.4214146],[13.0381409,63.4212395],[13.0378687,63.421023],[13.0377003,63.4208397],[13.0375698,63.4206009],[13.037468,63.4203189],[13.0375599,63.4200433],[13.0377482,63.41978],[13.0380353,63.4192658],[13.038245,63.41901],[13.03834,63.418472],[13.038277,63.418152],[13.038468,63.417934],[13.03826,63.417755],[13.038201,63.417568],[13.038404,63.41708],[13.0382843,63.4164021],[13.038228,63.41613],[13.037992,63.4155205],[13.0379489,63.4154093],[13.037931,63.415363],[13.037728,63.415119],[13.0377369,63.4149463],[13.0378292,63.4147468]]}},{"type":"Feature","id":97583275,"properties":{"kind":"run","name":"Björnenleden","subtype":"easy","pisteType":"downhill","featured":false},"geometry":{"type":"LineString","coordinates":[[13.1135916,63.4070372],[13.1138977,63.4070102],[13.1154986,63.4070408],[13.116945,63.40699],[13.1178331,63.4069584],[13.118723,63.406776],[13.1199526,63.4063469],[13.1200636,63.4063128],[13.1207057,63.4061153],[13.121278,63.4059661],[13.12177,63.405834],[13.1222427,63.4055758],[13.1224437,63.4054222],[13.1224536,63.4053659],[13.1224872,63.4051744],[13.1226336,63.4049066],[13.1225366,63.4045756],[13.1221786,63.4041035],[13.1216452,63.4034684],[13.1216426,63.4029645],[13.1217515,63.4024751],[13.1221731,63.4017736]]}},{"type":"Feature","id":97589053,"properties":{"kind":"run","name":"Björnenleden","subtype":"easy","pisteType":"downhill","featured":false},"geometry":{"type":"LineString","coordinates":[[13.1229712,63.4015296],[13.12359,63.401321],[13.125292,63.401039],[13.1259857,63.4009362],[13.1264392,63.4008701],[13.1267158,63.4007578],[13.1268539,63.4006449],[13.1267895,63.3994961],[13.1268001,63.399064],[13.1269435,63.3988572],[13.1271342,63.3987229],[13.1289097,63.398111],[13.1300595,63.3976186],[13.1303571,63.3974589]]}},{"type":"Feature","id":97589057,"properties":{"kind":"run","name":"Tottbryggan","subtype":"unknown","pisteType":"downhill","featured":false},"geometry":{"type":"LineString","coordinates":[[13.0935273,63.4053051],[13.0937549,63.4051941]]}},{"type":"Feature","id":97589064,"properties":{"kind":"run","name":"Fröåsvängen","subtype":"easy","pisteType":"downhill","featured":false},"geometry":{"type":"LineString","coordinates":[[13.1179084,63.4009472],[13.1185462,63.40077],[13.1191448,63.4005268],[13.1199042,63.4002111],[13.1207077,63.3999824],[13.1213105,63.3998654],[13.1219397,63.3997633],[13.1228246,63.3996313],[13.1231497,63.3996025],[13.123841,63.399448],[13.1242893,63.399257],[13.1245706,63.3990989],[13.1246255,63.3989644],[13.1245873,63.3987416]]}},{"type":"Feature","id":97589065,"properties":{"kind":"run","name":"Mapped ski run","subtype":"easy","pisteType":"downhill","featured":false},"geometry":{"type":"LineString","coordinates":[[13.1143282,63.3956163],[13.1146587,63.3956027],[13.1151753,63.3956182],[13.1153577,63.3956224],[13.1164254,63.3956203],[13.117333,63.395603],[13.1182659,63.3956571],[13.1188585,63.3956593],[13.1196619,63.3956739],[13.1199111,63.3956788],[13.120983,63.395676],[13.1241783,63.3960134],[13.1246019,63.396021]]}},{"type":"Feature","id":98843515,"properties":{"kind":"run","name":"Viksvängen","subtype":"intermediate","pisteType":"downhill","featured":false},"geometry":{"type":"LineString","coordinates":[[13.1179084,63.4009472],[13.1185115,63.400415],[13.1186164,63.4001425],[13.118737,63.3997666],[13.1190179,63.3986682],[13.119113,63.398315],[13.11916,63.398178],[13.1192111,63.3979236],[13.1194471,63.3971885],[13.1194471,63.3966552],[13.1196632,63.396071],[13.1199111,63.3956788],[13.1200101,63.3956101],[13.1203893,63.3954661],[13.1206758,63.3952984],[13.1210013,63.3951045],[13.1213632,63.3947831],[13.121625,63.394535],[13.1222622,63.3939767],[13.1228923,63.3933387],[13.1234569,63.3929004],[13.1240648,63.392388],[13.1241589,63.3922811],[13.1242277,63.3919299],[13.1243365,63.3916817],[13.1243516,63.3912076],[13.1246091,63.3908368],[13.1249751,63.3904052],[13.124948,63.3902971],[13.1246911,63.3902359]]}},{"type":"Feature","id":98912820,"properties":{"kind":"run","name":"Gunnilbacken","subtype":"intermediate","pisteType":"downhill","featured":false},"geometry":{"type":"LineString","coordinates":[[12.9752384,63.4073672],[12.974674,63.4071734],[12.9740384,63.4070186],[12.9732203,63.4067364],[12.9727294,63.4066223],[12.9720957,63.4062686],[12.9715833,63.4060483],[12.9710247,63.4058046],[12.9688608,63.405058],[12.9679385,63.4046652],[12.9671512,63.4041789],[12.9665935,63.403853],[12.9656471,63.4033525],[12.9651385,63.4029076],[12.9644895,63.4020092],[12.9637098,63.400517],[12.9632596,63.3995313],[12.9629317,63.3987247],[12.9630102,63.398217],[12.9629835,63.3977243],[12.962782,63.397442],[12.9623181,63.397201],[12.9619849,63.3971352],[12.9616201,63.397074],[12.9615141,63.3970755]]}},{"type":"Feature","id":98912837,"properties":{"kind":"run","name":"Lillåleden","subtype":"easy","pisteType":"downhill","featured":false},"geometry":{"type":"LineString","coordinates":[[12.9864463,63.4095505],[12.9868,63.409122],[12.9872557,63.4085061],[12.9872502,63.4084075],[12.9871344,63.4082867],[12.9862203,63.407677],[12.9858708,63.4075003],[12.9854365,63.4073495],[12.9851219,63.4071959],[12.984947,63.4069969],[12.984755,63.406776],[12.9843048,63.4064543],[12.9837699,63.4061945],[12.9830456,63.4059289],[12.9822205,63.405664],[12.98188,63.405506],[12.981079,63.4047137],[12.9806985,63.404286],[12.9798935,63.4037721],[12.9794525,63.4034239],[12.978973,63.40321],[12.9783698,63.4029851],[12.9782646,63.4029243],[12.978165,63.402878]]}},{"type":"Feature","id":98912846,"properties":{"kind":"run","name":"Fjällbacken","subtype":"intermediate","pisteType":"downhill","featured":false},"geometry":{"type":"LineString","coordinates":[[12.9716236,63.4160254],[12.9714472,63.4155079],[12.971349,63.415131],[12.9712409,63.4147765],[12.9712711,63.4140606],[12.971262,63.4138783],[12.9715909,63.4135612],[12.9727596,63.4127607],[12.9731772,63.4125127],[12.9736342,63.4121398],[12.9743471,63.4116275],[12.975512,63.411133],[12.9756437,63.4111026],[12.9765206,63.4109003],[12.977536,63.4104869],[12.978249,63.410313],[12.979874,63.409992],[12.980944,63.40987],[12.9818747,63.4099283],[12.982545,63.410049],[12.983363,63.410069],[12.9846683,63.4099978],[12.9860634,63.4097373],[12.9864399,63.4097165]]}},{"type":"Feature","id":98912851,"properties":{"kind":"run","name":"Mapped ski run","subtype":"easy","pisteType":"downhill","featured":false},"geometry":{"type":"LineString","coordinates":[[12.9699715,63.4104116],[12.9699528,63.4105148],[12.9699498,63.4105786],[12.9701112,63.4106563],[12.9702795,63.4106952],[12.9708823,63.4108556],[12.971478,63.4111031],[12.972036,63.4111877],[12.9725179,63.4112217],[12.9729178,63.4112268],[12.9733732,63.4111976],[12.974153,63.4111069],[12.9749044,63.4110511],[12.977536,63.4104869]]}},{"type":"Feature","id":98912912,"properties":{"kind":"run","name":"Tegesvängen","subtype":"intermediate","pisteType":"downhill","featured":false},"geometry":{"type":"LineString","coordinates":[[12.9702795,63.4106952],[12.970456,63.4105996],[12.9707335,63.4104486],[12.970982,63.4103135],[12.9711837,63.4101999],[12.973935,63.409466],[12.974352,63.409157],[12.9745357,63.4088102],[12.9746527,63.4084002],[12.9747113,63.4079085],[12.9748116,63.4077111],[12.9752384,63.4073672],[12.976274,63.406651],[12.976873,63.405594],[12.977366,63.405285],[12.9775842,63.4049335],[12.977676,63.4040931],[12.9778146,63.4034909],[12.978165,63.402878],[12.977974,63.4026286],[12.9776947,63.4023948],[12.9773266,63.4022269],[12.9769223,63.4020679],[12.9766885,63.4019758],[12.9765827,63.4018956],[12.9764999,63.4016789],[12.9765951,63.4013725],[12.9767077,63.4010719],[12.9766639,63.4009029],[12.9766021,63.4008611],[12.976539,63.4008388],[12.9763618,63.4009341]]}},{"type":"Feature","id":98912919,"properties":{"kind":"lift","name":"D10 - Fjällvallsliften","subtype":"t-bar","status":"active"},"geometry":{"type":"LineString","coordinates":[[12.9864399,63.4097165],[12.9716236,63.4160254],[12.9709738,63.4163193]]}},{"type":"Feature","id":98912922,"properties":{"kind":"run","name":"Tegebacken","subtype":"intermediate","pisteType":"downhill","featured":false},"geometry":{"type":"LineString","coordinates":[[12.9699715,63.4104116],[12.9698324,63.4105446],[12.9696725,63.4105886],[12.9694438,63.4105997],[12.969064,63.410557],[12.9687422,63.4104531],[12.9684335,63.410076],[12.96843,63.4096267],[12.96978,63.408718],[12.970024,63.4084825],[12.970328,63.408112],[12.9705221,63.4078787],[12.971329,63.407013],[12.9718833,63.4064359],[12.9720957,63.4062686],[12.9724415,63.4059825],[12.9725691,63.4057411],[12.9732965,63.404457],[12.9735444,63.4041084],[12.9737278,63.4038766],[12.9739715,63.4035194],[12.9741544,63.4032041],[12.9744902,63.4027899],[12.9746921,63.402506],[12.9754989,63.4014163],[12.9756931,63.401001],[12.9759394,63.4007977],[12.976129,63.4007964]]}},{"type":"Feature","id":98979780,"properties":{"kind":"run","name":"Mapped ski run","subtype":"easy","pisteType":"downhill","featured":false},"geometry":{"type":"LineString","coordinates":[[13.0920641,63.4050484],[13.0916608,63.4050039],[13.0911167,63.404986],[13.0907677,63.4049605],[13.0906331,63.4049124]]}},{"type":"Feature","id":104137765,"properties":{"kind":"run","name":"Mapped ski run","subtype":"nordic","pisteType":"nordic","featured":false},"geometry":{"type":"LineString","coordinates":[[13.0118639,63.4412748],[13.0099579,63.4419726],[13.009029,63.4423126],[13.0050916,63.4425146],[13.0023161,63.4424569],[12.9975397,63.4436112],[12.9939444,63.444764],[12.9888343,63.4464868],[12.9857067,63.4471359],[12.9816018,63.4486213],[12.9795469,63.4491488],[12.9769663,63.4495949],[12.9760448,63.4500068],[12.9743973,63.4501316],[12.9696222,63.4493203],[12.9685052,63.4492579],[12.9673882,63.4490956],[12.9672765,63.4487461],[12.9676674,63.4472732],[12.9669135,63.4447266],[12.9664108,63.4426042],[12.9666901,63.4410935],[12.9673323,63.4404068],[12.9697897,63.4384714],[12.9705995,63.4371353],[12.9704599,63.4362362],[12.9709067,63.4346253],[12.9724984,63.4329643],[12.9784742,63.4288426],[12.9851761,63.4258071],[12.9868516,63.4249451],[12.9899512,63.4226714],[12.9899512,63.4219093],[12.9915709,63.419148],[12.9927699,63.417783]]}},{"type":"Feature","id":104137774,"properties":{"kind":"run","name":"Åreskutan runt","subtype":"nordic","pisteType":"nordic","featured":false},"geometry":{"type":"LineString","coordinates":[[13.1441159,63.3937433],[13.1438808,63.3937929],[13.1434725,63.3938841],[13.1431292,63.3940519],[13.1427713,63.3942606],[13.1424479,63.3944979],[13.1421606,63.3947318],[13.1416719,63.3951715],[13.141563,63.3953682],[13.1415382,63.3955746],[13.1415993,63.3957596],[13.1416063,63.3957809]]}},{"type":"Feature","id":159951453,"properties":{"kind":"run","name":"Mapped ski run","subtype":"unknown","pisteType":"downhill","featured":false},"geometry":{"type":"LineString","coordinates":[[13.0932629,63.430865],[13.093172,63.4308815],[13.0930954,63.4309512],[13.0930503,63.431194],[13.0929268,63.4312969],[13.0927589,63.431387],[13.0922806,63.4314519],[13.0918678,63.4314822],[13.0916251,63.4314628],[13.0914315,63.431432],[13.0912854,63.4313339],[13.0910164,63.4311907],[13.0908152,63.4309867],[13.0904195,63.4308191],[13.0898984,63.4305938],[13.0896067,63.4304649],[13.0894997,63.4303637],[13.0894169,63.4302195],[13.089438,63.4300593]]}},{"type":"Feature","id":186073958,"properties":{"kind":"run","name":"Mapped ski run","subtype":"nordic","pisteType":"nordic","featured":false},"geometry":{"type":"LineString","coordinates":[[13.135505,63.4055899],[13.1354948,63.405552],[13.1353836,63.405312],[13.1349856,63.4042492],[13.1349514,63.4041578],[13.1348251,63.4039334],[13.1347339,63.4037914],[13.1346377,63.4036362],[13.1345312,63.4035465],[13.13444,63.4034581],[13.1343082,63.4033564],[13.1341807,63.4032254],[13.1340353,63.4030562],[13.1338042,63.4027955],[13.1336789,63.4026452],[13.1333674,63.4021869],[13.1332655,63.4020397],[13.1332176,63.4019389],[13.1332325,63.4018023],[13.1333479,63.4016478],[13.1335116,63.401513],[13.1337549,63.401401],[13.1339928,63.4012945],[13.1343472,63.4011472],[13.1346863,63.4010044],[13.1349276,63.4009072],[13.1355924,63.4006395],[13.1363821,63.4003109],[13.137197,63.3999945],[13.1376071,63.3998154],[13.1379361,63.399684],[13.1382752,63.3995434],[13.1385739,63.3994142],[13.1388219,63.3992896],[13.1390447,63.3991853],[13.1392876,63.3990879],[13.1396217,63.3989609],[13.1399507,63.3988227],[13.1402595,63.3986867],[13.1407202,63.3985144],[13.1410897,63.398358],[13.1413124,63.3982673],[13.1415453,63.3981313],[13.1417537,63.3979961],[13.1419722,63.3978384],[13.1420866,63.3977132],[13.1421605,63.3975306],[13.1422131,63.3973788],[13.1422435,63.3972292],[13.1422617,63.3971022],[13.1422587,63.3969717],[13.1422334,63.3968761],[13.1421524,63.3967374],[13.1420694,63.3966191],[13.1419732,63.3965154],[13.1418759,63.3963665],[13.1417972,63.3961188],[13.1416063,63.3957809]]}},{"type":"Feature","id":186073964,"properties":{"kind":"run","name":"Åreskutan runt","subtype":"nordic","pisteType":"nordic","featured":false},"geometry":{"type":"LineString","coordinates":[[13.1278619,63.4027078],[13.1285265,63.4030703],[13.1294773,63.4038341],[13.1337763,63.4061697],[13.1339737,63.4062769],[13.1349756,63.4068636],[13.1353385,63.4075392],[13.1359704,63.4078567],[13.1367066,63.4088857],[13.1368627,63.4089878],[13.1379371,63.4097369],[13.1377554,63.4104066],[13.1373739,63.4106455],[13.1365528,63.4118336],[13.1357558,63.4145434],[13.1357558,63.4151131],[13.1357558,63.4155321],[13.1350147,63.4159701],[13.1328005,63.416768],[13.1327107,63.4169024],[13.1321834,63.417199],[13.1317463,63.4176256],[13.1308993,63.4182711],[13.1304385,63.4186407],[13.1295838,63.4191229],[13.128474,63.4197993],[13.1274755,63.420277],[13.1275544,63.4205278],[13.1287906,63.4214839],[13.129729,63.422909],[13.1303443,63.4252862],[13.1308224,63.4268337],[13.1299057,63.4276996],[13.1304996,63.4294553],[13.1311249,63.4306586],[13.1302464,63.4322587],[13.1309596,63.4332218],[13.1310085,63.4333894],[13.1315462,63.4352334],[13.1318824,63.4363861],[13.1315469,63.4384245],[13.1309316,63.4398876],[13.1339939,63.44337],[13.1344759,63.4439604],[13.1344227,63.4440002],[13.1339831,63.4443287],[13.1332248,63.4447391],[13.1301625,63.4466832],[13.12896,63.447777],[13.1236258,63.4504615],[13.1215653,63.4513551],[13.115545,63.4533827],[13.1138971,63.4538427],[13.1127125,63.4544999],[13.1075937,63.4587198],[13.1045035,63.461244],[13.103245,63.4634119],[13.0954004,63.4654297],[13.0945755,63.4657133],[13.0880593,63.4679533],[13.081627,63.4685342],[13.0724261,63.4711949],[13.0697134,63.4722566],[13.0573943,63.4729436],[13.0532133,63.4727687],[13.045145,63.4720505],[13.0381954,63.4711075],[13.0245339,63.4701893],[13.0231915,63.4698833],[13.020311,63.4698021],[13.0174025,63.4701956],[13.013627,63.4703205],[13.0072647,63.4707265],[13.0042723,63.4703642],[12.9984553,63.468453],[12.997868,63.4679595],[12.9979659,63.4673037],[12.9989867,63.4663479],[13.0002172,63.4646801],[13.0004409,63.4639242],[13.0004689,63.4625123],[13.0017589,63.4581211],[13.0029888,63.4550569],[13.0014386,63.4543504],[13.0032614,63.4505782],[13.0059434,63.4490916],[13.0075879,63.4490143],[13.0100613,63.4449134],[13.0118639,63.4425569],[13.0118639,63.4412748],[13.0136177,63.4391984],[13.0139787,63.438771],[13.0142672,63.4384294],[13.0152504,63.4366953],[13.01495,63.4355472],[13.0151516,63.4350986],[13.0160424,63.4331166]]}},{"type":"Feature","id":200414752,"properties":{"kind":"run","name":"Mapped ski run","subtype":"novice","pisteType":"downhill","featured":false},"geometry":{"type":"LineString","coordinates":[[13.0162725,63.430388],[13.0163544,63.4303774]]}},{"type":"Feature","id":200414757,"properties":{"kind":"run","name":"Ullåhöa","subtype":"easy","pisteType":"downhill","featured":false},"geometry":{"type":"LineString","coordinates":[[13.0397852,63.4298365],[13.0352054,63.429964],[13.0343025,63.4301067],[13.0338023,63.4301317],[13.0318992,63.4302266],[13.0302899,63.4303226],[13.0290454,63.430337],[13.0280261,63.430433],[13.0267494,63.4304042],[13.0254405,63.4305913],[13.0243998,63.4305769],[13.0234664,63.4306201],[13.0225008,63.4307929],[13.0208317,63.4308548],[13.0197091,63.4308155],[13.0191117,63.4307788],[13.0179215,63.4307765],[13.0164715,63.4307836]]}},{"type":"Feature","id":203626139,"properties":{"kind":"run","name":"Bräckevägen","subtype":"easy","pisteType":"downhill","featured":false},"geometry":{"type":"LineString","coordinates":[[13.0567817,63.4124084],[13.0567046,63.4124113],[13.0557131,63.4124491]]}},{"type":"Feature","id":203626143,"properties":{"kind":"run","name":"Bräckevägen","subtype":"easy","pisteType":"downhill","featured":false},"geometry":{"type":"LineString","coordinates":[[13.0614615,63.4116547],[13.0603997,63.4118485]]}},{"type":"Feature","id":203626146,"properties":{"kind":"run","name":"Bräckevägen","subtype":"easy","pisteType":"downhill","featured":false},"geometry":{"type":"LineString","coordinates":[[13.0578481,63.4123674],[13.0575224,63.4123845],[13.057278,63.4123974],[13.0571391,63.4124],[13.0567817,63.4124084]]}},{"type":"Feature","id":203626150,"properties":{"kind":"run","name":"Bräckevägen","subtype":"easy","pisteType":"downhill","featured":false},"geometry":{"type":"LineString","coordinates":[[13.0603997,63.4118485],[13.0602621,63.411872],[13.0594383,63.4120123],[13.0583573,63.4123068],[13.0580131,63.412349],[13.0578481,63.4123674]]}},{"type":"Feature","id":203626155,"properties":{"kind":"run","name":"Rödeorm","subtype":"easy","pisteType":"downhill","featured":false},"geometry":{"type":"LineString","coordinates":[[13.0378195,63.4261822],[13.0361108,63.4253597],[13.0341324,63.4242004],[13.0333007,63.42369],[13.0329003,63.4229766],[13.0328486,63.4227803],[13.0327195,63.42229],[13.032717,63.4214683],[13.0327038,63.42051],[13.0322814,63.4195022],[13.0320737,63.4190824],[13.0320435,63.4185246],[13.0320342,63.4178549],[13.0320357,63.4174863],[13.0322474,63.4172577],[13.0330791,63.4168061]]}},{"type":"Feature","id":203626156,"properties":{"kind":"run","name":"Rödingen","subtype":"intermediate","pisteType":"downhill","featured":false},"geometry":{"type":"LineString","coordinates":[[13.0388491,63.4259106],[13.0387943,63.4258192],[13.0388696,63.4257042],[13.0388494,63.425576],[13.0387038,63.4253752],[13.0378223,63.4249432],[13.0366009,63.4245107],[13.0353545,63.4240071],[13.0353347,63.4237738],[13.0359141,63.4230749],[13.0361544,63.4227676],[13.036163,63.4222502],[13.0356964,63.4218922],[13.0353286,63.4214596],[13.0353795,63.4209701],[13.0359592,63.42052],[13.0362447,63.4202983],[13.0370677,63.4199738],[13.0374109,63.4197786],[13.0380353,63.4192658]]}},{"type":"Feature","id":203626157,"properties":{"kind":"run","name":"Mapped ski run","subtype":"easy","pisteType":"downhill","featured":false},"geometry":{"type":"LineString","coordinates":[[13.062757,63.420767],[13.0624688,63.4206976],[13.062001,63.4207217],[13.0612633,63.4209149],[13.0603096,63.4210558],[13.0597069,63.4210961],[13.0585739,63.4210526],[13.0578986,63.4209834],[13.0575357,63.4209542],[13.0572182,63.4208488],[13.0567726,63.4205782],[13.0564967,63.420214],[13.0562522,63.4198965],[13.0562343,63.4195141],[13.0562343,63.4191478],[13.0562452,63.4190592]]}},{"type":"Feature","id":209229742,"properties":{"kind":"run","name":"Mapped ski run","subtype":"intermediate","pisteType":"downhill","featured":false},"geometry":{"type":"LineString","coordinates":[[13.1123338,63.4084537],[13.1115355,63.4081883],[13.1109428,63.4080293],[13.1104284,63.4077308],[13.1099117,63.4074763],[13.1093338,63.4072212],[13.1088457,63.4070443],[13.1081978,63.4068913],[13.1075093,63.4067857],[13.1068014,63.4067559],[13.1055969,63.4067053],[13.1044538,63.4065117],[13.1036146,63.4061872],[13.1028214,63.4060147],[13.1023222,63.4059294],[13.1014829,63.4058359],[13.1001485,63.4056844],[13.0991866,63.4054975],[13.0988281,63.4054279],[13.0978029,63.4050772],[13.0969787,63.404724],[13.0959253,63.404515],[13.0955364,63.4045226],[13.0952513,63.4045731],[13.0949491,63.4046203]]}},{"type":"Feature","id":209229744,"properties":{"kind":"lift","name":"Å17 - Ripanliften 2","subtype":"platter","status":"active"},"geometry":{"type":"LineString","coordinates":[[13.0377791,63.4155117],[13.0371075,63.4193785],[13.0370517,63.4196999]]}},{"type":"Feature","id":209229746,"properties":{"kind":"lift","name":"Å17 - Ripanliften 1","subtype":"platter","status":"active"},"geometry":{"type":"LineString","coordinates":[[13.0377009,63.4155061],[13.0370438,63.4193775],[13.0369892,63.4196994]]}},{"type":"Feature","id":209229747,"properties":{"kind":"run","name":"Slalombacken","subtype":"advanced","pisteType":"downhill","featured":false},"geometry":{"type":"LineString","coordinates":[[13.0770362,63.4098866],[13.0769438,63.4092587],[13.0768429,63.4087686],[13.0768122,63.4085794],[13.0768528,63.4085176],[13.0776996,63.4082257],[13.0777483,63.4081882],[13.0780553,63.4078854],[13.0780494,63.4074167],[13.0782696,63.4069012],[13.0788537,63.4065214],[13.0792118,63.4060997],[13.0791975,63.4045422],[13.079181,63.4040784],[13.0791767,63.4038749]]}},{"type":"Feature","id":209229750,"properties":{"kind":"run","name":"Mapped ski run","subtype":"novice","pisteType":"downhill","featured":false},"geometry":{"type":"LineString","coordinates":[[13.0371075,63.4193785],[13.0370438,63.4193775],[13.0368284,63.4193824],[13.0367067,63.4193777],[13.0365886,63.4193556],[13.0364747,63.4190146],[13.03603,63.4186449],[13.0360341,63.4182212],[13.0362878,63.4178511],[13.0363857,63.4175177],[13.0361027,63.4167383],[13.0360971,63.4165262],[13.0362355,63.4163484],[13.0368371,63.415959],[13.0372083,63.4157132],[13.0373962,63.4155887],[13.0375362,63.41553],[13.0377009,63.4155061]]}},{"type":"Feature","id":213557254,"properties":{"kind":"run","name":"Mapped ski run","subtype":"nordic","pisteType":"nordic","featured":false},"geometry":{"type":"LineString","coordinates":[[13.1754901,63.4064996],[13.176039,63.4066319],[13.1771577,63.4067321],[13.1784616,63.4074418],[13.1798658,63.4076697],[13.1817252,63.4077941],[13.1825893,63.4080255],[13.1837003,63.4080358],[13.1843869,63.4078355],[13.1848249,63.4077965],[13.1851816,63.4077682],[13.1856908,63.407725],[13.185768,63.4075834],[13.1866012,63.4072588],[13.186641,63.4070186],[13.1866434,63.4070038],[13.1866846,63.4067554],[13.1867027,63.406682],[13.186796,63.4065943],[13.1868864,63.406541],[13.1870264,63.406496],[13.1871707,63.4064705],[13.1873195,63.4064627],[13.187774,63.4064678],[13.1885378,63.4064678],[13.1892707,63.4063677],[13.1907444,63.4064609],[13.1916085,63.4064247],[13.1929587,63.406549],[13.1935065,63.4066802],[13.1938614,63.4066561],[13.1943243,63.4065076],[13.1949029,63.4061311],[13.1950572,63.4058548],[13.1953204,63.405632],[13.1953627,63.4053945],[13.195443,63.4052711],[13.1955706,63.4048183],[13.1955982,63.4046637],[13.1956752,63.4045395],[13.1959082,63.4044081],[13.1963425,63.4042558],[13.1967827,63.4040188],[13.1974094,63.4035802],[13.1980146,63.4031831],[13.1981039,63.4030103],[13.1980392,63.4027271],[13.1978772,63.4025406],[13.19753,63.402468],[13.1970517,63.402468],[13.1968552,63.402566],[13.1966624,63.4027762],[13.1964113,63.4029344],[13.196047,63.4030517],[13.1959608,63.4030664],[13.1956398,63.4031209],[13.1950681,63.4031997],[13.1946793,63.4032427],[13.1946295,63.4032475],[13.1942367,63.4032853],[13.1935402,63.403355],[13.1926523,63.4036584],[13.192254,63.4040006],[13.1918764,63.4041715],[13.1917945,63.4041775],[13.1914473,63.4042555],[13.1911254,63.4043924],[13.1908663,63.4044413],[13.1906855,63.404432],[13.1904146,63.4043576],[13.19024,63.4042581],[13.1902082,63.4041209],[13.190251,63.4039901],[13.1904117,63.4038902],[13.1912987,63.4036403],[13.1914231,63.4035626],[13.1915385,63.4034582],[13.1915603,63.4032698],[13.1918251,63.4027673],[13.1925305,63.4017858],[13.1925228,63.4012504],[13.1917512,63.4007736],[13.1912189,63.4006009],[13.1908177,63.4006735],[13.1905631,63.4008185],[13.1906376,63.4010188],[13.1906711,63.4011087],[13.1901079,63.4015025],[13.1899998,63.4021416],[13.1884298,63.4037185],[13.188116,63.4037866],[13.188044,63.4038014],[13.1868341,63.4051217],[13.1862239,63.4055102],[13.1857244,63.4058682],[13.1856177,63.4060163],[13.1854498,63.4060795],[13.1850223,63.4061291],[13.1842473,63.4060468],[13.1833041,63.4058814],[13.1829581,63.4057781],[13.1825021,63.4056952],[13.1823174,63.405616],[13.1822768,63.4054911]]}},{"type":"Feature","id":213557257,"properties":{"kind":"run","name":"Mapped ski run","subtype":"nordic","pisteType":"nordic","featured":false},"geometry":{"type":"LineString","coordinates":[[13.1452686,63.3936753],[13.1450286,63.3938988],[13.1450296,63.3940308],[13.1451165,63.3941513],[13.1456029,63.3944517],[13.1459329,63.3947123],[13.1459705,63.394798],[13.1459396,63.3949069],[13.1458441,63.3949846],[13.1454697,63.3951702],[13.1453589,63.3953345],[13.1453496,63.3955963],[13.1457806,63.3959226],[13.1461543,63.3963549],[13.1467731,63.3966037],[13.1471313,63.3968142],[13.1473973,63.3970762],[13.1474813,63.3972218],[13.1474617,63.3973549],[13.1473778,63.3975695],[13.1474762,63.397701],[13.1479876,63.3979439],[13.1490791,63.3984454],[13.1500708,63.3989036],[13.1503934,63.3989403],[13.1507738,63.3989408],[13.1518579,63.3987505],[13.1524959,63.3986819],[13.1530917,63.3986988],[13.153721,63.3987244],[13.1539236,63.398742],[13.1551318,63.3988888],[13.1555405,63.3989727],[13.1564337,63.3992333],[13.1567325,63.399299],[13.1570104,63.3993198],[13.1577549,63.3993233]]}},{"type":"Feature","id":213557260,"properties":{"kind":"run","name":"Mapped ski run","subtype":"nordic","pisteType":"nordic","featured":false},"geometry":{"type":"LineString","coordinates":[[13.1577549,63.3993233],[13.1601222,63.3998029],[13.1616421,63.399834],[13.1637484,63.4001691],[13.1656695,63.4006009],[13.1661129,63.4007472],[13.1663506,63.4008731]]}},{"type":"Feature","id":213557261,"properties":{"kind":"run","name":"Mapped ski run","subtype":"unknown","pisteType":"downhill","featured":false},"geometry":{"type":"LineString","coordinates":[[13.1494983,63.3883746],[13.1494065,63.3883351],[13.149194,63.3882283],[13.1490781,63.3881447],[13.1490652,63.3880639],[13.1491528,63.3879505]]}},{"type":"Feature","id":213557262,"properties":{"kind":"run","name":"Björnenleden","subtype":"easy","pisteType":"downhill","featured":false},"geometry":{"type":"LineString","coordinates":[[13.1390525,63.3878236],[13.139044,63.3877828],[13.1390408,63.3876809],[13.1390404,63.3876673],[13.1390336,63.3876328],[13.1390181,63.3875438],[13.1389258,63.3873691],[13.1388793,63.3872761],[13.1388721,63.3871687],[13.1388936,63.3870709],[13.1389294,63.3869602],[13.1389903,63.3868672],[13.1390726,63.3867646],[13.1391621,63.3866877],[13.1392838,63.3866219],[13.1394234,63.3865754],[13.1395844,63.3865097],[13.139724,63.3864375],[13.13986,63.3863477],[13.140082,63.3862451],[13.1403146,63.3861649],[13.1405079,63.3861249],[13.1407119,63.3861088],[13.1409696,63.386104],[13.1412095,63.3861008],[13.1415244,63.3860784],[13.141775,63.3860399],[13.1419933,63.3859886],[13.142158,63.3859228],[13.1423513,63.385825],[13.1424944,63.3857737],[13.1426842,63.3857208],[13.1427434,63.3856958],[13.1433463,63.3855492],[13.1436506,63.3854498],[13.1438725,63.3853664],[13.143987,63.3852926]]}},{"type":"Feature","id":213557265,"properties":{"kind":"run","name":"Mapped ski run","subtype":"unknown","pisteType":"downhill","featured":false},"geometry":{"type":"LineString","coordinates":[[13.1718493,63.387066],[13.1705807,63.386991],[13.1704899,63.3869855],[13.1697693,63.3869419],[13.1693121,63.3869217],[13.1690158,63.3869217],[13.168842,63.3869246],[13.1686714,63.3869686],[13.1685502,63.3870515],[13.1685699,63.3871161],[13.1684279,63.387171],[13.1682551,63.3872249],[13.1680272,63.3873272],[13.1673729,63.3875623]]}},{"type":"Feature","id":213557267,"properties":{"kind":"run","name":"Mapped ski run","subtype":"novice","pisteType":"downhill","featured":false},"geometry":{"type":"LineString","coordinates":[[13.152178,63.389211],[13.1521176,63.389034],[13.1518994,63.3888576],[13.1514016,63.3885987],[13.1506642,63.3883277],[13.1499108,63.3880736],[13.149809,63.3880571],[13.1496949,63.3880386],[13.1493064,63.3879212],[13.1490479,63.3878569],[13.1487175,63.3877408],[13.148344,63.3875533],[13.147971,63.3872507]]}},{"type":"Feature","id":213557270,"properties":{"kind":"run","name":"Björnenleden","subtype":"easy","pisteType":"downhill","featured":false},"geometry":{"type":"LineString","coordinates":[[13.143987,63.3852926],[13.1442803,63.3851868],[13.1445181,63.3851188],[13.1447736,63.3850798],[13.1449587,63.3850542],[13.1451091,63.3850862]]}},{"type":"Feature","id":260896298,"properties":{"kind":"lift","name":"B37 - Sadelexpressen","subtype":"chair_lift","status":"active"},"geometry":{"type":"LineString","coordinates":[[13.1246911,63.3902359],[13.1238294,63.3912694],[13.1227824,63.3925252],[13.121914,63.3935666],[13.1213609,63.3942299],[13.1206225,63.3951154],[13.1199857,63.3958791],[13.1187503,63.3973102],[13.118055,63.3981103],[13.1170948,63.3992153],[13.1162346,63.4002051],[13.1160315,63.4004668],[13.1153291,63.4013512],[13.1141641,63.4028179],[13.113233,63.4039574],[13.1128735,63.4043974]]}},{"type":"Feature","id":260897001,"properties":{"kind":"lift","name":"Å34 - Fjällgårdsexpressen","subtype":"chair_lift","status":"active"},"geometry":{"type":"LineString","coordinates":[[13.0933244,63.4050821],[13.0954244,63.4054724],[13.0979296,63.4059379],[13.1022678,63.4067441],[13.1036108,63.4069936],[13.1044647,63.4071523],[13.1069747,63.4076187],[13.1098436,63.4081518],[13.110987,63.4083643],[13.1121303,63.4085767]]}},{"type":"Feature","id":261251219,"properties":{"kind":"run","name":"Mapped ski run","subtype":"easy","pisteType":"downhill","featured":false},"geometry":{"type":"LineString","coordinates":[[13.1480591,63.3900858],[13.1482373,63.3897403],[13.1484528,63.3891052],[13.1487216,63.3884292],[13.1488795,63.3882229],[13.1489983,63.3879969],[13.1490479,63.3878569]]}},{"type":"Feature","id":261252365,"properties":{"kind":"run","name":"Sadelbacken","subtype":"easy","pisteType":"downhill","featured":false},"geometry":{"type":"LineString","coordinates":[[13.1185115,63.400415],[13.1186306,63.4002642],[13.1187722,63.4001321],[13.1189418,63.3998602],[13.1191657,63.3990891],[13.1196606,63.3988442],[13.1213997,63.398159],[13.1227784,63.3974168],[13.1235991,63.3969147],[13.1241034,63.396379],[13.1244145,63.3961532],[13.1246019,63.396021],[13.1247662,63.3959244],[13.1247121,63.3958403]]}},{"type":"Feature","id":261254905,"properties":{"kind":"lift","name":"B45 - Nalleliften","subtype":"platter","status":"active"},"geometry":{"type":"LineString","coordinates":[[13.1535916,63.3887788],[13.1568505,63.3893004],[13.1569889,63.3893225]]}},{"type":"Feature","id":261265396,"properties":{"kind":"run","name":"Fjällblicken","subtype":"intermediate","pisteType":"downhill","featured":false},"geometry":{"type":"LineString","coordinates":[[13.1123338,63.4084537],[13.1120253,63.4080986],[13.1121992,63.4079063],[13.1126936,63.407607],[13.1133497,63.4073899],[13.1135904,63.4072262],[13.1135916,63.4070372],[13.1136057,63.406678],[13.1134851,63.4062535],[13.113328,63.4060098],[13.113024,63.4056369],[13.1128307,63.4054126],[13.1124451,63.4052456],[13.1123354,63.4051783],[13.1122736,63.4051062],[13.1121772,63.4049937],[13.1122986,63.4046462],[13.1124084,63.4044299],[13.1125792,63.4042317],[13.1125018,63.404058],[13.1124279,63.4039856],[13.1122275,63.4039076],[13.1118639,63.4038093],[13.1114063,63.4037206],[13.1110239,63.4036842],[13.1102702,63.4035969],[13.1095371,63.4034264],[13.1091491,63.4033556],[13.108696,63.4033067],[13.1082755,63.4032778],[13.1078305,63.403278],[13.1072959,63.403288],[13.1067613,63.4033417],[13.1059929,63.4034855],[13.1048912,63.4038277],[13.1040738,63.40409],[13.1035441,63.4041604],[13.1031572,63.4041525],[13.1027544,63.4040343],[13.1021925,63.4038491],[13.101675,63.4037782],[13.1009759,63.4037407],[13.099266,63.4038623],[13.0986698,63.4039004],[13.098151,63.4038699],[13.0974899,63.403767],[13.096873,63.4037226],[13.0966193,63.403718],[13.0962636,63.4037511],[13.0957876,63.403846],[13.0955799,63.4039764],[13.0953966,63.4041907],[13.0952583,63.4044018],[13.0949491,63.4046203],[13.0947849,63.4048087],[13.0946621,63.4050836],[13.0946136,63.4052507],[13.0943263,63.4053703],[13.0940784,63.405411],[13.0938616,63.4053953],[13.0934947,63.4053317]]}},{"type":"Feature","id":261268863,"properties":{"kind":"lift","name":"Magic Carpet","subtype":"magic_carpet","status":"active"},"geometry":{"type":"LineString","coordinates":[[13.0367419,63.4134011],[13.0362118,63.4139961]]}},{"type":"Feature","id":261268894,"properties":{"kind":"lift","name":"Å16 - Rödhakeliften","subtype":"platter","status":"active"},"geometry":{"type":"LineString","coordinates":[[13.0373061,63.4137462],[13.0371606,63.414716],[13.0371402,63.4148382]]}},{"type":"Feature","id":261269260,"properties":{"kind":"lift","name":"Magic Carpet","subtype":"magic_carpet","status":"active"},"geometry":{"type":"LineString","coordinates":[[12.9758833,63.3985076],[12.9760839,63.3986975]]}},{"type":"Feature","id":261269792,"properties":{"kind":"run","name":"Englandsbacken","subtype":"easy","pisteType":"downhill","featured":false},"geometry":{"type":"LineString","coordinates":[[12.9433678,63.4014789],[12.944131,63.4013906],[12.94494,63.401306],[12.9455144,63.4012504],[12.9458587,63.4011935],[12.9462201,63.4011512],[12.9469609,63.4011215],[12.9483971,63.4008674],[12.9488723,63.4008253],[12.949723,63.400848],[12.9502009,63.4007904],[12.9504426,63.4007104],[12.9509103,63.4005998],[12.95191,63.400387],[12.953718,63.400013],[12.954951,63.399776],[12.9552053,63.3997374],[12.9559706,63.3995672],[12.9566413,63.3993971],[12.9568878,63.3992923],[12.957606,63.398846],[12.958297,63.398201],[12.958589,63.398064],[12.959044,63.397961],[12.9594995,63.3977844],[12.9599479,63.3976657],[12.9605447,63.3974881],[12.9610451,63.3973203],[12.9612982,63.3971932],[12.9614081,63.3971333],[12.9615141,63.3970755]]}},{"type":"Feature","id":281351300,"properties":{"kind":"run","name":"Mapped ski run","subtype":"nordic","pisteType":"nordic","featured":false},"geometry":{"type":"LineString","coordinates":[[13.1354894,63.4138849],[13.1356531,63.4136645],[13.1356659,63.4136086],[13.1356176,63.4132207],[13.1357401,63.4129166],[13.1359778,63.4126905],[13.1360112,63.412501],[13.1361858,63.4123332],[13.1362189,63.4122451],[13.1361375,63.4119825],[13.136167,63.4118712],[13.1363677,63.411537],[13.1366648,63.4109869],[13.137103,63.4106461],[13.1372998,63.4104566],[13.1372775,63.4103719],[13.1371216,63.4102572],[13.1369842,63.4097984],[13.1366351,63.4093031],[13.1366574,63.4091701],[13.1368627,63.4089878],[13.1370679,63.4087937],[13.1371509,63.4085681],[13.1370935,63.4084606],[13.1368344,63.4082947],[13.1366674,63.4079441],[13.1365224,63.4078437],[13.1361283,63.4076633],[13.1360305,63.4075576],[13.1359748,63.407152],[13.1357408,63.4066766],[13.1356261,63.4063961],[13.1355275,63.4058289],[13.1355219,63.4056556]]}},{"type":"Feature","id":292304697,"properties":{"kind":"run","name":"Mapped ski run","subtype":"easy","pisteType":"downhill","featured":false},"geometry":{"type":"LineString","coordinates":[[12.9772957,63.3998001],[12.9770124,63.400061]]}},{"type":"Feature","id":292304698,"properties":{"kind":"run","name":"Mapped ski run","subtype":"easy","pisteType":"downhill","featured":false},"geometry":{"type":"LineString","coordinates":[[12.9774199,63.3996571],[12.9774026,63.3996815],[12.9772957,63.3998001]]}},{"type":"Feature","id":292304699,"properties":{"kind":"run","name":"Mapped ski run","subtype":"easy","pisteType":"downhill","featured":false},"geometry":{"type":"LineString","coordinates":[[12.9768621,63.4005404],[12.976815,63.4006265],[12.9766639,63.4009029]]}},{"type":"Feature","id":292304700,"properties":{"kind":"run","name":"Mapped ski run","subtype":"easy","pisteType":"downhill","featured":false},"geometry":{"type":"LineString","coordinates":[[12.9770022,63.4002503],[12.9768621,63.4005404]]}},{"type":"Feature","id":292304701,"properties":{"kind":"run","name":"Mapped ski run","subtype":"easy","pisteType":"downhill","featured":false},"geometry":{"type":"LineString","coordinates":[[12.9770124,63.400061],[12.9769979,63.4001945],[12.9770022,63.4002503]]}},{"type":"Feature","id":311794667,"properties":{"kind":"run","name":"Mapped ski run","subtype":"easy","pisteType":"downhill","featured":false},"geometry":{"type":"LineString","coordinates":[[13.0875353,63.4047463],[13.086567,63.404217],[13.085463,63.4038314],[13.0844222,63.4034772],[13.082602,63.402847],[13.0816741,63.4026544],[13.0807296,63.4024818],[13.079313,63.402218],[13.07854,63.4021707],[13.0781601,63.4021878],[13.077762,63.4022952]]}},{"type":"Feature","id":311794675,"properties":{"kind":"run","name":"Tottbryggan","subtype":"unknown","pisteType":"downhill","featured":false},"geometry":{"type":"LineString","coordinates":[[13.0926848,63.403605],[13.0924113,63.4034247],[13.0914481,63.4030645],[13.0909914,63.402754],[13.0907518,63.4025134],[13.0903579,63.4023619],[13.0903254,63.4022688],[13.0904163,63.4021866],[13.090392,63.4021122],[13.0898771,63.4019066],[13.0895132,63.4016805]]}},{"type":"Feature","id":311794676,"properties":{"kind":"run","name":"Tottbryggan","subtype":"unknown","pisteType":"downhill","featured":false},"geometry":{"type":"LineString","coordinates":[[13.0928911,63.4038566],[13.0928084,63.4037156],[13.0926848,63.403605]]}},{"type":"Feature","id":311794677,"properties":{"kind":"run","name":"Mapped ski run","subtype":"unknown","pisteType":"downhill","featured":false},"geometry":{"type":"LineString","coordinates":[[13.0937549,63.4051941],[13.0940093,63.4050725]]}},{"type":"Feature","id":311794678,"properties":{"kind":"run","name":"Tottbryggan","subtype":"unknown","pisteType":"downhill","featured":false},"geometry":{"type":"LineString","coordinates":[[13.0940093,63.4050725],[13.0940747,63.4050314],[13.0940605,63.4049474],[13.0939995,63.4048469],[13.0939228,63.404771]]}},{"type":"Feature","id":311794680,"properties":{"kind":"run","name":"Trollstigen","subtype":"unknown","pisteType":"downhill","featured":false},"geometry":{"type":"LineString","coordinates":[[13.0939228,63.404771],[13.0936161,63.4045113],[13.093492,63.4044147],[13.0933799,63.404327],[13.0932931,63.4041946],[13.0932335,63.4040822],[13.0931503,63.4040153],[13.0928911,63.4038566]]}},{"type":"Feature","id":311794682,"properties":{"kind":"run","name":"Tvättbrädan","subtype":"intermediate","pisteType":"downhill","featured":false},"geometry":{"type":"LineString","coordinates":[[13.092218,63.4081847],[13.0924089,63.4080137],[13.0926227,63.4078345],[13.0929735,63.4074828],[13.0931372,63.4072876],[13.0932686,63.406958],[13.093374,63.4066116],[13.0933435,63.4064319],[13.0932784,63.4062331],[13.0931554,63.4060566],[13.0928777,63.4057884],[13.0924392,63.4053823],[13.0920641,63.4050484]]}},{"type":"Feature","id":311794690,"properties":{"kind":"run","name":"Mapped ski run","subtype":"easy","pisteType":"downhill","featured":false},"geometry":{"type":"LineString","coordinates":[[13.0906331,63.4049124],[13.0900896,63.4049812]]}},{"type":"Feature","id":311794691,"properties":{"kind":"run","name":"Mapped ski run","subtype":"easy","pisteType":"downhill","featured":false},"geometry":{"type":"LineString","coordinates":[[13.0900896,63.4049812],[13.0899671,63.404983],[13.0883921,63.4048109],[13.0880793,63.4047767]]}},{"type":"Feature","id":315322000,"properties":{"kind":"run","name":"Mapped ski run","subtype":"easy","pisteType":"downhill","featured":false},"geometry":{"type":"LineString","coordinates":[[13.0489732,63.4096209],[13.0491664,63.4095397],[13.0493804,63.4094748],[13.0497304,63.4094285],[13.050669,63.4094144],[13.050863,63.4094115],[13.0510072,63.4094093],[13.0515413,63.409407],[13.0521122,63.4094045],[13.052363,63.409376],[13.0525829,63.4093297],[13.052773,63.4092606],[13.0529146,63.4091658],[13.0529981,63.409073],[13.0530384,63.4089498],[13.0530502,63.4087992],[13.0530003,63.4086652],[13.0527516,63.4082866],[13.0527009,63.4081343],[13.0527032,63.4079819],[13.0527473,63.4079174],[13.0529371,63.4078707],[13.0531637,63.4078908],[13.0537078,63.4079924],[13.0538846,63.4080082],[13.0540279,63.4079957],[13.0542966,63.4079348],[13.0543798,63.4078774],[13.0544014,63.4078255],[13.0543987,63.4077061],[13.0543809,63.4075202],[13.0544491,63.4074281],[13.0545354,63.4073566],[13.0547744,63.4072774],[13.0550134,63.4072341],[13.055436,63.4071687],[13.0555852,63.4071491],[13.0559639,63.4070992],[13.0562863,63.4070454]]}},{"type":"Feature","id":327550227,"properties":{"kind":"run","name":"Bergsvängen","subtype":"intermediate","pisteType":"downhill","featured":false},"geometry":{"type":"LineString","coordinates":[[12.9716236,63.4160254],[12.9720632,63.4161879],[12.9724724,63.4162088],[12.9749921,63.4156234],[12.977489,63.4146071],[12.979095,63.4140344],[12.9808641,63.4136357],[12.9818428,63.4133437],[12.9829218,63.4129843],[12.9845404,63.4122262],[12.9858453,63.4113894],[12.9868952,63.4108034],[12.9871613,63.4104116],[12.9870484,63.4099954],[12.9868594,63.409765],[12.9867095,63.4096799],[12.9864399,63.4097165]]}},{"type":"Feature","id":327550228,"properties":{"kind":"run","name":"Mapped ski run","subtype":"easy","pisteType":"downhill","featured":false},"geometry":{"type":"LineString","coordinates":[[12.9727596,63.4127607],[12.9727975,63.4125357],[12.9727662,63.4123383],[12.9722753,63.4119481],[12.9714954,63.411529],[12.9711274,63.4112685],[12.9708823,63.4108556],[12.9708658,63.4106404],[12.9711837,63.4101999]]}},{"type":"Feature","id":327550734,"properties":{"kind":"run","name":"Mapped ski run","subtype":"easy","pisteType":"downhill","featured":false},"geometry":{"type":"LineString","coordinates":[[12.9724724,63.4162088],[12.9737875,63.416526],[12.97628,63.416771],[12.979771,63.4169648],[12.9831461,63.4172658],[12.9857449,63.4174561],[12.9873058,63.4173817],[12.9882304,63.4171175],[12.989312,63.416737],[12.9906054,63.4165858],[12.9917875,63.4161965],[12.9941269,63.4157729],[12.9945781,63.4156556],[12.9948474,63.4155099],[12.9950124,63.4152933]]}},{"type":"Feature","id":327566939,"properties":{"kind":"run","name":"Worldcupbacken","subtype":"intermediate","pisteType":"downhill","featured":false},"geometry":{"type":"LineString","coordinates":[[13.0847048,63.4082861],[13.0849965,63.4077954],[13.0851853,63.4072846],[13.0850436,63.4067173],[13.0847279,63.4062846],[13.0841559,63.405897],[13.0832673,63.4056],[13.0826752,63.4052769],[13.0824424,63.4050097],[13.0807136,63.4036324],[13.0795609,63.4028133],[13.079292,63.4025181],[13.0790763,63.4023542]]}},{"type":"Feature","id":327566943,"properties":{"kind":"run","name":"Månbranten","subtype":"intermediate","pisteType":"downhill","featured":false},"geometry":{"type":"LineString","coordinates":[[13.0897945,63.4106096],[13.0894915,63.4101969],[13.0887155,63.4097553],[13.0881037,63.4090172],[13.0870794,63.4083247],[13.0862732,63.407978],[13.0855343,63.4076614],[13.0851853,63.4072846],[13.0852702,63.4064518],[13.0855749,63.4057459],[13.0855535,63.4052179],[13.0851955,63.4046916],[13.0848158,63.4041429],[13.0843433,63.4037327]]}},{"type":"Feature","id":327566945,"properties":{"kind":"run","name":"Mapped ski run","subtype":"easy","pisteType":"downhill","featured":false},"geometry":{"type":"LineString","coordinates":[[13.1123338,63.4084537],[13.1127118,63.4084589],[13.1134359,63.4083208],[13.1139362,63.4081541],[13.1141465,63.40788],[13.114566,63.4077238],[13.1145828,63.4077172],[13.1147381,63.4075172],[13.1150082,63.4071713],[13.1151898,63.4070935],[13.1154986,63.4070408]]}},{"type":"Feature","id":327566947,"properties":{"kind":"run","name":"Hummelbranten","subtype":"expert","pisteType":"downhill","featured":false},"geometry":{"type":"LineString","coordinates":[[13.0834703,63.4107309],[13.0836505,63.4105978],[13.0850812,63.4102698],[13.0865146,63.4103561],[13.0878869,63.4101402],[13.0887155,63.4097553]]}},{"type":"Feature","id":327953833,"properties":{"kind":"run","name":"Mapped ski run","subtype":"easy","pisteType":"downhill","featured":false},"geometry":{"type":"LineString","coordinates":[[13.0531549,63.4327776],[13.0530491,63.4327367],[13.0526883,63.4325971],[13.0521686,63.4324192],[13.0513739,63.4323568],[13.0507021,63.4323092],[13.0500906,63.4322996],[13.0495327,63.4323524],[13.049125,63.4323044],[13.0487387,63.432218],[13.0461898,63.4310395]]}},{"type":"Feature","id":327953834,"properties":{"kind":"run","name":"Mapped ski run","subtype":"unknown","pisteType":"downhill","featured":false},"geometry":{"type":"LineString","coordinates":[[13.0567681,63.435426],[13.0566164,63.4356946],[13.0564094,63.4359702],[13.0560191,63.4361997]]}},{"type":"Feature","id":327953835,"properties":{"kind":"run","name":"Stendalsleden","subtype":"novice","pisteType":"downhill","featured":false},"geometry":{"type":"LineString","coordinates":[[13.0634594,63.4362605],[13.0625925,63.4359877],[13.0622465,63.4358934],[13.0576358,63.4361201],[13.0560191,63.4361997],[13.05376,63.4363108],[13.0510912,63.4364147],[13.0500693,63.4364212],[13.0489133,63.4362516],[13.0458105,63.4357399],[13.0452055,63.435664],[13.0446277,63.4355917],[13.0439063,63.4354966],[13.0438239,63.4354331]]}},{"type":"Feature","id":328538356,"properties":{"kind":"run","name":"Mapped ski run","subtype":"novice","pisteType":"downhill","featured":false},"geometry":{"type":"LineString","coordinates":[[12.9775326,63.3996346],[12.9774199,63.3996571],[12.9772239,63.3994826],[12.9765913,63.3988682],[12.9762397,63.3984441],[12.9763392,63.3983518],[12.9763914,63.3982924]]}},{"type":"Feature","id":328774589,"properties":{"kind":"run","name":"Mapped ski run","subtype":"intermediate","pisteType":"downhill","featured":false},"geometry":{"type":"LineString","coordinates":[[13.050006,63.4153995],[13.0508027,63.4150967],[13.0509314,63.4149551],[13.0507842,63.4147469],[13.0507465,63.4145779],[13.0507343,63.4143944],[13.0507813,63.4142373],[13.0510441,63.4141412],[13.0515759,63.4138047],[13.05166,63.4136978],[13.0516385,63.4135359],[13.0517106,63.4133861],[13.051741,63.4131683],[13.0518246,63.4129888],[13.0517994,63.4128637],[13.0517908,63.4127649],[13.0518072,63.4126767],[13.0518216,63.4126151]]}},{"type":"Feature","id":328777815,"properties":{"kind":"run","name":"Gästrappet","subtype":"intermediate","pisteType":"downhill","featured":false},"geometry":{"type":"LineString","coordinates":[[13.0650801,63.4158146],[13.0654767,63.415357],[13.0657553,63.4149156],[13.0658926,63.4146892],[13.0659572,63.4144546],[13.0660403,63.4140571],[13.0664073,63.4137128],[13.0666053,63.4134223],[13.0669536,63.413175],[13.0674611,63.412954],[13.0677326,63.4127474],[13.0677915,63.4126558],[13.0678946,63.4124953],[13.0677133,63.4122744],[13.0668874,63.4118318],[13.0658359,63.4112186],[13.0649259,63.4109814],[13.0646926,63.4109414],[13.0643167,63.410881],[13.0633224,63.4106139],[13.0625557,63.410236],[13.0620829,63.4098949],[13.0611678,63.4089922],[13.0600909,63.4083456],[13.0594697,63.407349],[13.0590737,63.4068167],[13.0588402,63.4064742],[13.0582371,63.4058591],[13.0576903,63.404778],[13.057724,63.4045248],[13.0579783,63.4043307],[13.0590967,63.4040556]]}},{"type":"Feature","id":329821119,"properties":{"kind":"run","name":"Långsvängen Lågzon","subtype":"easy","pisteType":"downhill","featured":false},"geometry":{"type":"LineString","coordinates":[[13.0326713,63.4277138],[13.0326655,63.4274618],[13.0324372,63.4272456],[13.0321615,63.4271143],[13.0315607,63.4269313],[13.0310082,63.4267142],[13.0306922,63.4265656],[13.0300812,63.4262067],[13.0297391,63.4260057],[13.028737,63.4255262],[13.0286348,63.4254773],[13.0285449,63.4254134],[13.0284172,63.425229],[13.028333,63.4250386],[13.0283472,63.4248047],[13.0286627,63.4238997],[13.0289546,63.4232463],[13.0289513,63.4227742],[13.0287874,63.4219938],[13.0286856,63.4212361],[13.0287053,63.4209276],[13.0288126,63.4206987],[13.0290837,63.4204263],[13.0293749,63.4202078],[13.029748,63.4199024],[13.0299247,63.4196573],[13.0304612,63.4186437],[13.030944,63.4179205],[13.0310883,63.4176099],[13.0312819,63.4173637],[13.031542,63.4171998],[13.0330791,63.4168061],[13.0343723,63.4163875],[13.0353447,63.4160453],[13.0366282,63.4157068],[13.0369016,63.4155555],[13.0371365,63.4154076],[13.0371458,63.4154009],[13.0374253,63.4151979],[13.0375296,63.4150367],[13.0376983,63.4148471],[13.0378292,63.4147468],[13.0380003,63.4146428],[13.0382032,63.4145441],[13.0384437,63.4144704],[13.0386571,63.4144095]]}},{"type":"Feature","id":329821122,"properties":{"kind":"run","name":"Mapped ski run","subtype":"intermediate","pisteType":"downhill","featured":false},"geometry":{"type":"LineString","coordinates":[[13.0387038,63.4253752],[13.0399179,63.4247036],[13.0399097,63.4243348],[13.0402417,63.4239154],[13.0404433,63.423683],[13.0406435,63.4235041]]}},{"type":"Feature","id":329821124,"properties":{"kind":"run","name":"Långsvängen Lågzon","subtype":"easy","pisteType":"downhill","featured":false},"geometry":{"type":"LineString","coordinates":[[13.0352054,63.429964],[13.0342903,63.4298559],[13.0338012,63.4297803],[13.0334156,63.4296415],[13.0326691,63.4290874],[13.0325088,63.4289044],[13.0326317,63.428309],[13.0326713,63.4277138]]}},{"type":"Feature","id":329821125,"properties":{"kind":"run","name":"Ullådraget","subtype":"easy","pisteType":"downhill","featured":false},"geometry":{"type":"LineString","coordinates":[[13.0320701,63.4299911],[13.0314067,63.4296937],[13.0307203,63.4294816],[13.0301499,63.4294402],[13.0290865,63.4295517],[13.027926,63.4297203],[13.026071,63.4297555]]}},{"type":"Feature","id":362092061,"properties":{"kind":"run","name":"Pelikansvängen","subtype":"intermediate","pisteType":"downhill","featured":false},"geometry":{"type":"LineString","coordinates":[[13.0829447,63.4108604],[13.0831084,63.4108421],[13.0834703,63.4107309],[13.0841013,63.4107421],[13.0846197,63.4108323],[13.0855775,63.4109675],[13.0863551,63.4111253],[13.0871439,63.4112605],[13.0876623,63.4113394],[13.088282,63.4112267],[13.0887666,63.4108436],[13.0889356,63.4107309],[13.0889244,63.4103815],[13.0894915,63.4101969]]}},{"type":"Feature","id":362672610,"properties":{"kind":"run","name":"Åreleden Lågzon","subtype":"easy","pisteType":"downhill","featured":false},"geometry":{"type":"LineString","coordinates":[[13.0650801,63.4158146],[13.0649299,63.415797],[13.064786,63.415797],[13.0645182,63.415797],[13.0643574,63.4157865],[13.0639496,63.4157075],[13.0638766,63.41563],[13.0637715,63.4153636],[13.0636723,63.4152277],[13.0633394,63.4151664],[13.0631733,63.4151694],[13.0631205,63.4151728],[13.0625811,63.415208],[13.0624285,63.415218],[13.0619543,63.4152519],[13.061219,63.4153154],[13.0611103,63.4153248],[13.0605495,63.4153606],[13.0603388,63.415374],[13.0593505,63.4156002],[13.0583927,63.4158193],[13.0581383,63.4158485]]}},{"type":"Feature","id":363520086,"properties":{"kind":"run","name":"Långsvängen","subtype":"easy","pisteType":"downhill","featured":false},"geometry":{"type":"LineString","coordinates":[[13.0562863,63.4070454],[13.0565196,63.4069488],[13.0566895,63.4068381],[13.0568651,63.406764],[13.0569706,63.4067303],[13.05713,63.4066847],[13.0573147,63.4066463]]}},{"type":"Feature","id":363533273,"properties":{"kind":"run","name":"Mapped ski run","subtype":"easy","pisteType":"downhill","featured":false},"geometry":{"type":"LineString","coordinates":[[13.0509958,63.4124529],[13.0504077,63.4124043],[13.0501093,63.4123836],[13.0497519,63.4123321],[13.0492671,63.4123172],[13.0488693,63.4123485]]}},{"type":"Feature","id":435106053,"properties":{"kind":"run","name":"Rödkulleleden","subtype":"easy","pisteType":"downhill","featured":false},"geometry":{"type":"LineString","coordinates":[[13.047658,63.4171971],[13.0475122,63.4172185],[13.047249,63.4172376],[13.0469631,63.4172345],[13.0466597,63.4172145],[13.0461981,63.417142],[13.0459527,63.4171302]]}},{"type":"Feature","id":435137260,"properties":{"kind":"run","name":"Mapped ski run","subtype":"nordic","pisteType":"nordic","featured":false},"geometry":{"type":"LineString","coordinates":[[13.1355219,63.4056556],[13.135505,63.4055899]]}},{"type":"Feature","id":435137277,"properties":{"kind":"run","name":"Mapped ski run","subtype":"nordic","pisteType":"nordic","featured":false},"geometry":{"type":"LineString","coordinates":[[13.1780332,63.397185],[13.1779009,63.3972381],[13.1777238,63.3972993],[13.1775162,63.3973492],[13.177253,63.3974036],[13.1771214,63.3974262],[13.1769493,63.3974489],[13.1768177,63.3974602],[13.1765848,63.3974784],[13.1765258,63.397487],[13.1763672,63.3975101],[13.1761697,63.3975577],[13.1760027,63.3976121],[13.175785,63.3977028],[13.175618,63.3977912],[13.1754459,63.3978955],[13.1753042,63.3979771],[13.1752264,63.3980554],[13.1751655,63.3981051],[13.1750689,63.3981532],[13.1749293,63.398198],[13.1747181,63.3982734],[13.1746251,63.3982894],[13.1745069,63.3983022],[13.174353,63.3983086],[13.1742098,63.398307],[13.1740488,63.3983102],[13.1738627,63.3983198],[13.1737016,63.3983327],[13.1735548,63.3983519],[13.173395,63.3983822],[13.1732291,63.3984256],[13.1730931,63.3984753],[13.1729392,63.398549],[13.17266,63.3987285],[13.1725526,63.3987879],[13.1724739,63.3988279],[13.1723772,63.39886],[13.1722448,63.3988888],[13.172073,63.3989145],[13.1718654,63.3989417],[13.1716757,63.3989545],[13.1714967,63.3989722],[13.1712569,63.3989994],[13.1710636,63.3990283],[13.1709025,63.3990587],[13.1707236,63.3990892],[13.1705661,63.3991228],[13.1704229,63.3991677],[13.1702404,63.3992174],[13.1700936,63.3992639],[13.1699468,63.3993039],[13.1697929,63.3993376],[13.169614,63.3993616],[13.1694672,63.3993745],[13.169324,63.3993873],[13.1692095,63.3994001],[13.1690592,63.3994209],[13.168916,63.3994498],[13.16878,63.3994898],[13.168644,63.3995315],[13.168534,63.3995826],[13.168478,63.3996093],[13.1684365,63.3996283]]}},{"type":"Feature","id":480752173,"properties":{"kind":"run","name":"Mapped ski run","subtype":"novice","pisteType":"downhill","featured":false},"geometry":{"type":"LineString","coordinates":[[13.0896527,63.4106701],[13.0897389,63.4106416],[13.0897945,63.4106096]]}},{"type":"Feature","id":480752178,"properties":{"kind":"run","name":"Mapped ski run","subtype":"novice","pisteType":"downhill","featured":false},"geometry":{"type":"LineString","coordinates":[[13.077762,63.4022952],[13.0769821,63.4023946],[13.0768504,63.4024406],[13.0767977,63.4025035],[13.0767984,63.4025681]]}},{"type":"Feature","id":480752179,"properties":{"kind":"run","name":"Mapped ski run","subtype":"novice","pisteType":"downhill","featured":false},"geometry":{"type":"LineString","coordinates":[[13.077762,63.4022952],[13.0773556,63.4024241],[13.0772368,63.4025234]]}},{"type":"Feature","id":482926446,"properties":{"kind":"run","name":"Mapped ski run","subtype":"easy","pisteType":"downhill","featured":false},"geometry":{"type":"LineString","coordinates":[[13.0563898,63.4303948],[13.0542553,63.4308021],[13.0536604,63.4310545],[13.0532563,63.4314898],[13.0527534,63.4317757],[13.05262,63.4321787],[13.0521686,63.4324192]]}},{"type":"Feature","id":482926447,"properties":{"kind":"run","name":"Mapped ski run","subtype":"easy","pisteType":"downhill","featured":false},"geometry":{"type":"LineString","coordinates":[[13.0704084,63.4226197],[13.0691012,63.4224764],[13.0684366,63.4224574],[13.0677914,63.4225659],[13.067282,63.4227633],[13.0669678,63.4228432],[13.0666912,63.4228209],[13.0663137,63.4226992],[13.0662605,63.4219697],[13.0669613,63.4208932],[13.0668401,63.4205523]]}},{"type":"Feature","id":482926448,"properties":{"kind":"run","name":"Mapped ski run","subtype":"novice","pisteType":"downhill","featured":false},"geometry":{"type":"LineString","coordinates":[[13.0638706,63.4363573],[13.0636884,63.4363541],[13.0634643,63.4363152],[13.0634594,63.4362605]]}},{"type":"Feature","id":482926450,"properties":{"kind":"run","name":"Mapped ski run","subtype":"novice","pisteType":"downhill","featured":false},"geometry":{"type":"LineString","coordinates":[[13.0438239,63.4354331],[13.0439707,63.4354201]]}},{"type":"Feature","id":482926451,"properties":{"kind":"run","name":"Mapped ski run","subtype":"novice","pisteType":"downhill","featured":false},"geometry":{"type":"LineString","coordinates":[[13.0164715,63.4307836],[13.0162386,63.4306659],[13.0161366,63.4305705],[13.0161162,63.430501],[13.0161959,63.4304309],[13.0162725,63.430388]]}},{"type":"Feature","id":482926452,"properties":{"kind":"run","name":"Mapped ski run","subtype":"novice","pisteType":"downhill","featured":false},"geometry":{"type":"LineString","coordinates":[[13.0162725,63.430388],[13.0163777,63.4304065]]}},{"type":"Feature","id":485225086,"properties":{"kind":"lift","name":"Zipline Black","subtype":"zip_line","status":"active"},"geometry":{"type":"LineString","coordinates":[[13.0906341,63.4103514],[13.0958523,63.4100383],[13.0925036,63.408938]]}},{"type":"Feature","id":485225087,"properties":{"kind":"run","name":"Mapped ski run","subtype":"easy","pisteType":"downhill","featured":false},"geometry":{"type":"LineString","coordinates":[[13.0769203,63.4017318],[13.0768009,63.4016345],[13.0766006,63.4014809],[13.076433,63.4013464],[13.0764267,63.4012925],[13.0764408,63.4012469]]}},{"type":"Feature","id":494833982,"properties":{"kind":"run","name":"Mapped ski run","subtype":"nordic","pisteType":"nordic","featured":false},"geometry":{"type":"LineString","coordinates":[[13.168748,63.4003746],[13.1681,63.4001454],[13.1680893,63.3999773],[13.1681654,63.3998006]]}},{"type":"Feature","id":495068833,"properties":{"kind":"run","name":"Mapped ski run","subtype":"nordic","pisteType":"nordic","featured":false},"geometry":{"type":"LineString","coordinates":[[13.1828611,63.3996737],[13.1826967,63.3996938],[13.1824285,63.3997514],[13.1820637,63.3998475],[13.1818706,63.3998763],[13.1811732,63.3998859],[13.1805188,63.3999099],[13.1799823,63.3999484],[13.1795167,63.400007],[13.1792635,63.4000012],[13.1788129,63.3999388],[13.1782765,63.3998427],[13.1778902,63.399785],[13.1773752,63.3996121],[13.1770963,63.3993671],[13.1769203,63.3991086],[13.1766736,63.3989501],[13.1763453,63.3988723],[13.1762058,63.3988579],[13.1757116,63.398963],[13.1753368,63.3990308],[13.1748969,63.3991077],[13.174575,63.3991461],[13.1741244,63.3992518],[13.1735236,63.3993719],[13.1731331,63.3994593],[13.1727423,63.3995738],[13.1726031,63.3995793],[13.1723842,63.3995792],[13.1721794,63.3995779],[13.1718917,63.3995696],[13.1715917,63.3995668],[13.1710968,63.3995696],[13.1708834,63.3995724],[13.1706421,63.3995738],[13.1704473,63.3995655],[13.1701998,63.3995544],[13.1699431,63.3995502],[13.1696585,63.3995433],[13.1694544,63.3995378],[13.1692255,63.3995447],[13.1690245,63.3995585],[13.1688234,63.3995765],[13.168478,63.3996093]]}},{"type":"Feature","id":531496005,"properties":{"kind":"run","name":"Björnenleden","subtype":"easy","pisteType":"downhill","featured":false},"geometry":{"type":"LineString","coordinates":[[13.1363483,63.3899964],[13.1365146,63.3897982]]}},{"type":"Feature","id":531496012,"properties":{"kind":"run","name":"Björnenleden","subtype":"easy","pisteType":"downhill","featured":false},"geometry":{"type":"LineString","coordinates":[[13.1341681,63.3927283],[13.1343705,63.3925732],[13.1346278,63.3923455],[13.1355021,63.3916662],[13.1355729,63.3915511],[13.1355837,63.3914626],[13.1355986,63.391385],[13.1355847,63.3913243],[13.1356348,63.3911147],[13.1356793,63.3910296],[13.1357199,63.3909677],[13.135766,63.3909169],[13.1358192,63.3908588],[13.1358846,63.3907782],[13.1359399,63.3906938],[13.1359786,63.3906272],[13.1360427,63.390521],[13.1360839,63.3904444],[13.1361519,63.3903274],[13.1362832,63.3900975],[13.1363483,63.3899964]]}},{"type":"Feature","id":531496021,"properties":{"kind":"run","name":"Björnenleden","subtype":"easy","pisteType":"downhill","featured":false},"geometry":{"type":"LineString","coordinates":[[13.1341273,63.392982],[13.1341681,63.3927283]]}},{"type":"Feature","id":608744274,"properties":{"kind":"run","name":"Åreleden Lågzon","subtype":"easy","pisteType":"downhill","featured":false},"geometry":{"type":"LineString","coordinates":[[13.0578347,63.4158834],[13.0574478,63.4159089],[13.0565754,63.4160165],[13.0556447,63.4161449],[13.0549509,63.4162145],[13.0542814,63.4162535],[13.0536049,63.416294],[13.0529167,63.4163579],[13.0523201,63.4164356],[13.050678,63.4166755],[13.0490359,63.4169519],[13.0479097,63.417167],[13.047658,63.4171971]]}},{"type":"Feature","id":608744275,"properties":{"kind":"run","name":"Åreleden Lågzon","subtype":"easy","pisteType":"downhill","featured":false},"geometry":{"type":"LineString","coordinates":[[13.0581383,63.4158485],[13.0578347,63.4158834]]}},{"type":"Feature","id":608744280,"properties":{"kind":"run","name":"Mapped ski run","subtype":"unknown","pisteType":"downhill","featured":false},"geometry":{"type":"LineString","coordinates":[[13.1161978,63.4088574],[13.1161832,63.4088144],[13.1160682,63.408733],[13.1159178,63.4086432],[13.1157109,63.4084533],[13.1154329,63.408255],[13.1152678,63.4081792],[13.1149711,63.4080529],[13.1147454,63.4079135],[13.1146346,63.4077984],[13.114566,63.4077238],[13.1145238,63.4076778],[13.1144007,63.4075429],[13.1143464,63.4074744],[13.1143612,63.4074092],[13.114334,63.4073341],[13.1142187,63.4072554],[13.1140641,63.4072093],[13.1139149,63.4071895],[13.1136887,63.4071469]]}},{"type":"Feature","id":668344404,"properties":{"kind":"run","name":"Fröåsvängen","subtype":"easy","pisteType":"downhill","featured":false},"geometry":{"type":"LineString","coordinates":[[13.1136344,63.403345],[13.1151914,63.4032514],[13.1160227,63.4031209],[13.1169006,63.4029506],[13.1185559,63.4024173],[13.1200178,63.402161],[13.1216132,63.4019874],[13.1221731,63.4017736],[13.1235,63.400875],[13.124875,63.400234],[13.12529,63.399868],[13.125413,63.39954],[13.1251499,63.3991194],[13.1245873,63.3987416],[13.1243935,63.3985343],[13.1241704,63.3981972],[13.1242629,63.3978627],[13.1244042,63.3975501],[13.1246362,63.3971482],[13.125024,63.3968764],[13.1267631,63.3963411],[13.1273988,63.3959784],[13.1274658,63.3957934],[13.1274712,63.3954162],[13.1273425,63.394967],[13.12717,63.3946145],[13.1267488,63.3940249],[13.1264041,63.3931168],[13.1261163,63.3927659],[13.1252172,63.3920996],[13.1250984,63.3920054],[13.1250364,63.391939],[13.1248933,63.3916535],[13.1247836,63.3915114]]}},{"type":"Feature","id":668344405,"properties":{"kind":"run","name":"Sadelleden","subtype":"easy","pisteType":"downhill","featured":false},"geometry":{"type":"LineString","coordinates":[[13.1168009,63.3976047],[13.1172948,63.3971928],[13.1180405,63.3966438],[13.1188111,63.396219],[13.1194382,63.3959089],[13.1196619,63.3956739],[13.1197354,63.3955552],[13.1197488,63.3953574],[13.119687,63.3950299],[13.1195506,63.3947851],[13.1192927,63.394603]]}},{"type":"Feature","id":701258174,"properties":{"kind":"run","name":"Björnenleden","subtype":"easy","pisteType":"downhill","featured":false},"geometry":{"type":"LineString","coordinates":[[13.1365146,63.3897982],[13.1367572,63.3896668],[13.1370361,63.3895758],[13.1373497,63.3894698],[13.1375699,63.38939],[13.1377088,63.3893125],[13.1378699,63.3892323],[13.1379773,63.389165],[13.1380668,63.3890912],[13.1381419,63.3890159],[13.1382278,63.3889213],[13.1383281,63.3888443],[13.1385202,63.3887149],[13.1386467,63.3886401],[13.1387429,63.3885675],[13.1388644,63.3884542],[13.1389454,63.3883589],[13.1390061,63.3882524],[13.1390466,63.3881594],[13.1390726,63.3880634],[13.1390833,63.3879736]]}},{"type":"Feature","id":701258175,"properties":{"kind":"run","name":"Björnenleden","subtype":"easy","pisteType":"downhill","featured":false},"geometry":{"type":"LineString","coordinates":[[13.1308436,63.3967793],[13.130894,63.396698],[13.1309956,63.3964828],[13.1309742,63.395988],[13.1308564,63.3952039],[13.1308935,63.39513],[13.1311,63.394913],[13.1313117,63.3946913],[13.1316066,63.3944809],[13.1319631,63.3943002],[13.1328856,63.3940492],[13.133266,63.3939122],[13.133647,63.393673],[13.1340415,63.3932996],[13.134102,63.3931402],[13.1341273,63.392982]]}},{"type":"Feature","id":701258176,"properties":{"kind":"run","name":"Mapped ski run","subtype":"nordic","pisteType":"nordic","featured":false},"geometry":{"type":"LineString","coordinates":[[13.1445133,63.3936925],[13.1442554,63.3937255],[13.1441159,63.3937433]]}},{"type":"Feature","id":704009374,"properties":{"kind":"run","name":"Mapped ski run","subtype":"easy","pisteType":"downhill","featured":false},"geometry":{"type":"LineString","coordinates":[[13.0880793,63.4047767],[13.0875353,63.4047463]]}},{"type":"Feature","id":931458404,"properties":{"kind":"run","name":"Mapped ski run","subtype":"nordic","pisteType":"nordic","featured":false},"geometry":{"type":"LineString","coordinates":[[13.2000525,63.394246],[13.1999487,63.3941879],[13.1997449,63.3941302],[13.1990046,63.3939188],[13.1988072,63.3938837],[13.1983823,63.3938083],[13.1978029,63.3937891],[13.1971699,63.3937843],[13.1968266,63.393741],[13.1964511,63.3936785],[13.1961614,63.3936785],[13.1958932,63.3937602],[13.1954748,63.3939284],[13.1950456,63.394135],[13.194713,63.394356],[13.194595,63.3946011],[13.194477,63.3948461],[13.1944663,63.3950143],[13.1943804,63.3950768],[13.1941229,63.3951825],[13.1939084,63.3952834],[13.1937582,63.3953554],[13.1928784,63.3956053],[13.1926531,63.3956725],[13.1924492,63.395687],[13.191945,63.3956389],[13.1916339,63.3956341],[13.1911832,63.3956774],[13.1908185,63.3956918],[13.1904,63.395735],[13.1901104,63.3957398],[13.1898529,63.395711],[13.1896061,63.3957062],[13.189413,63.3957542],[13.1891877,63.3958023],[13.1889516,63.3958071],[13.1886191,63.3958311],[13.1883186,63.3958695],[13.1879906,63.3959562],[13.1879002,63.39598],[13.1875676,63.3960329],[13.1871599,63.3960281],[13.1868338,63.3960339],[13.1862158,63.3961434],[13.1858188,63.3962395],[13.1855828,63.39635],[13.185321,63.3965239],[13.1850678,63.3966815],[13.1846601,63.3968208],[13.183658,63.3971677],[13.1830293,63.3974358],[13.1826753,63.3977048],[13.1825101,63.3981958],[13.182332,63.398512],[13.1820637,63.3986177],[13.1816531,63.3986669]]}},{"type":"Feature","id":931474592,"properties":{"kind":"run","name":"Mapped ski run","subtype":"nordic","pisteType":"nordic","featured":false},"geometry":{"type":"LineString","coordinates":[[13.1492468,63.3916013],[13.1492123,63.3916796],[13.1492351,63.391699],[13.1492643,63.3917238],[13.1493245,63.3917508],[13.1493834,63.3917771],[13.1495408,63.3918335],[13.1496327,63.3918935],[13.1496781,63.3919507],[13.1496181,63.3920612],[13.1495497,63.3921503],[13.1494337,63.3922379],[13.1493009,63.3923029],[13.1491713,63.392332],[13.1489865,63.3923501],[13.1487006,63.3923426],[13.1483115,63.3923106],[13.1482003,63.3923212],[13.1480654,63.3923497],[13.1477954,63.3925844],[13.1475334,63.3927978],[13.1472157,63.393132],[13.146787,63.3933525],[13.1466361,63.3935446],[13.146517,63.3938433],[13.1466282,63.3940744],[13.1467076,63.3941918],[13.1468346,63.3944194],[13.1468267,63.3946647],[13.1468346,63.3947536],[13.1468108,63.3949563],[13.1468187,63.3950594],[13.1468425,63.3951768],[13.147006,63.3953117],[13.1471659,63.3954242],[13.1472862,63.3954879],[13.1477093,63.3956443],[13.1478878,63.3957429],[13.1481777,63.395858],[13.1484949,63.3959878],[13.1489708,63.3961127],[13.1492552,63.396174],[13.1496825,63.396265],[13.1498829,63.3962975],[13.150365,63.3965242],[13.1506895,63.3966905],[13.1509498,63.3968899],[13.1510105,63.3970054],[13.1510495,63.3970572],[13.1510962,63.3971187],[13.1512344,63.3972132],[13.1514093,63.3972898],[13.15174,63.3974301],[13.151955,63.3975871],[13.1520997,63.3977094],[13.1522658,63.3977743],[13.1524555,63.3978256],[13.1526978,63.3979226],[13.1529549,63.3980475],[13.1530642,63.3981381],[13.153201,63.3982679],[13.1534033,63.3984124],[13.1536221,63.3985643],[13.153737,63.39865],[13.153721,63.3987244]]}},{"type":"Feature","id":951555388,"properties":{"kind":"run","name":"Björnenleden","subtype":"easy","pisteType":"downhill","featured":false},"geometry":{"type":"LineString","coordinates":[[13.1303571,63.3974589],[13.1305814,63.3972819],[13.1306464,63.3971875],[13.1307027,63.3971058],[13.1308436,63.3967793]]}},{"type":"Feature","id":951557717,"properties":{"kind":"run","name":"Mapped ski run","subtype":"nordic","pisteType":"nordic","featured":false},"geometry":{"type":"LineString","coordinates":[[13.168339,63.3996708],[13.1682352,63.3997421],[13.1681654,63.3998006],[13.1680848,63.3998454],[13.1679757,63.3998871],[13.1678898,63.399916],[13.1678181,63.3999429],[13.1677168,63.3999859],[13.167651,63.4000256],[13.1675979,63.4000709],[13.1675422,63.4001299],[13.1675144,63.4001911],[13.1674359,63.4003032],[13.1673752,63.4004279],[13.1671627,63.4007523]]}},{"type":"Feature","id":951557718,"properties":{"kind":"run","name":"Mapped ski run","subtype":"nordic","pisteType":"nordic","featured":false},"geometry":{"type":"LineString","coordinates":[[13.1684365,63.3996283],[13.168339,63.3996708]]}},{"type":"Feature","id":956963090,"properties":{"kind":"run","name":"Mapped ski run","subtype":"nordic","pisteType":"nordic","featured":false},"geometry":{"type":"LineString","coordinates":[[13.1524737,63.3906797],[13.1526449,63.3905808],[13.1527563,63.3905164],[13.152892,63.3904128],[13.1529828,63.3902858],[13.1529758,63.3901367],[13.1529126,63.389996]]}},{"type":"Feature","id":958748906,"properties":{"kind":"run","name":"Björnenleden","subtype":"easy","pisteType":"downhill","featured":false},"geometry":{"type":"LineString","coordinates":[[13.1390833,63.3879736],[13.1390654,63.3878854],[13.1390525,63.3878236]]}},{"type":"Feature","id":958751487,"properties":{"kind":"run","name":"Mapped ski run","subtype":"nordic","pisteType":"nordic","featured":false},"geometry":{"type":"LineString","coordinates":[[13.1524737,63.3906797],[13.1520808,63.3907684],[13.1518139,63.3908928],[13.1516318,63.3909703],[13.1514251,63.391075],[13.151187,63.3911618],[13.1509795,63.3912094],[13.1503999,63.3912729],[13.1498268,63.3913479],[13.1497595,63.3913788],[13.1494533,63.3914805],[13.1492468,63.3916013],[13.1490045,63.3916732],[13.1487138,63.3917305],[13.1484662,63.391749],[13.1484066,63.3917534],[13.1476042,63.3920671],[13.1467535,63.392225],[13.1458886,63.392928],[13.1457139,63.3932853],[13.1454075,63.393564],[13.1452686,63.3936753]]}},{"type":"Feature","id":1011491471,"properties":{"kind":"run","name":"Mapped ski run","subtype":"intermediate","pisteType":"downhill","featured":false},"geometry":{"type":"LineString","coordinates":[[13.0707053,63.412449],[13.0706802,63.4124358],[13.0703473,63.4122615],[13.0697251,63.4119446],[13.0691028,63.4117333],[13.0686093,63.4116565],[13.0679012,63.4116373],[13.0673003,63.4117141],[13.0668874,63.4118318]]}},{"type":"Feature","id":1250465034,"properties":{"kind":"run","name":"Björnlandet","subtype":"easy","pisteType":"downhill","featured":false},"geometry":{"type":"LineString","coordinates":[[13.1597413,63.3886424],[13.1593955,63.3886604],[13.1592715,63.3887084],[13.1591472,63.3887171],[13.1590181,63.3887462],[13.1590092,63.3888064],[13.158852,63.3888624],[13.1587524,63.3889134],[13.1583438,63.3889441],[13.158276,63.3889777],[13.1582088,63.3890387],[13.1581835,63.3891195],[13.1581574,63.3891903],[13.1581217,63.3892364],[13.1581401,63.3893341],[13.1580896,63.3894333],[13.1579481,63.3895964],[13.1577603,63.3896369],[13.1575809,63.3896653],[13.157007,63.3896347]]}},{"type":"Feature","id":1250465035,"properties":{"kind":"run","name":"Björnlandet","subtype":"easy","pisteType":"downhill","featured":false},"geometry":{"type":"LineString","coordinates":[[13.1758272,63.387544],[13.1755268,63.3876273],[13.1754663,63.3876605],[13.1750062,63.3877585],[13.174281,63.3878659],[13.1740454,63.3879149],[13.1739465,63.3879483],[13.1738145,63.3879848],[13.1736606,63.3879861],[13.1734965,63.3879594],[13.1733734,63.3879105],[13.1731751,63.387881],[13.1729097,63.3879104],[13.1728167,63.387916],[13.1726077,63.3880035],[13.1725008,63.3880375],[13.1723244,63.3880382],[13.1721978,63.3880312],[13.1720427,63.3879852],[13.171954,63.3879314],[13.1718407,63.3878918],[13.1715848,63.3878795],[13.1715285,63.387944],[13.1712438,63.3880149],[13.1710317,63.3880426],[13.1708176,63.3880597],[13.1705562,63.3880043]]}},{"type":"Feature","id":1250465036,"properties":{"kind":"run","name":"Björnlandet","subtype":"easy","pisteType":"downhill","featured":false},"geometry":{"type":"LineString","coordinates":[[13.1705562,63.3880043],[13.1703765,63.38802],[13.1703112,63.3880656],[13.1702416,63.388192],[13.1701514,63.3882398],[13.1699463,63.3882523],[13.1696443,63.3882283],[13.1693342,63.3882011],[13.1689222,63.3881337],[13.1684625,63.3881621],[13.1680396,63.3881258],[13.1677553,63.3881441],[13.1676374,63.3882008],[13.1674645,63.3882664],[13.1672255,63.3882772],[13.1670019,63.3882471],[13.1668626,63.3882405],[13.1667757,63.388289],[13.1666138,63.3883196],[13.1663811,63.3883219],[13.1662182,63.3883747],[13.1659559,63.3883474],[13.1657251,63.3882598],[13.1655104,63.3881986],[13.1653025,63.3882137],[13.1651674,63.3882547],[13.165063,63.3882839],[13.1648252,63.3883597],[13.1646575,63.3883786],[13.1644898,63.388346],[13.1642758,63.3883239],[13.1641732,63.3883563],[13.1639778,63.3884138],[13.1638403,63.388453],[13.1635999,63.3884529],[13.1634162,63.3884481],[13.1631386,63.3883653],[13.1629842,63.3883703],[13.1626226,63.3884289],[13.16234,63.3884477],[13.1619684,63.3884723],[13.1617159,63.3884741],[13.1612936,63.388471],[13.1611025,63.3884806],[13.1608529,63.3885522],[13.160714,63.3886148],[13.1604935,63.3886651],[13.16026,63.38874],[13.1600011,63.3888855],[13.1598955,63.3889231],[13.1597917,63.388934],[13.1596264,63.3888966],[13.1596147,63.3888453],[13.1596974,63.3887936],[13.1597687,63.3887362],[13.1598043,63.3886668],[13.1597413,63.3886424]]}},{"type":"Feature","id":1265744397,"properties":{"kind":"run","name":"Mapped ski run","subtype":"nordic","pisteType":"nordic","featured":false},"geometry":{"type":"LineString","coordinates":[[13.0138984,63.427221],[13.0138242,63.4270196],[13.0137448,63.4269153],[13.0137713,63.4268371],[13.0138719,63.4266783],[13.0140309,63.4264697],[13.014211,63.426209],[13.014407,63.4259909],[13.0148097,63.4257729],[13.0152017,63.4255525],[13.0155567,63.4253083],[13.0157739,63.4250855],[13.0160653,63.4248343],[13.0165898,63.4245048],[13.0170455,63.424237],[13.0174852,63.4239952],[13.0176389,63.4237653],[13.0177607,63.4235781],[13.0177342,63.4233813],[13.0174587,63.4232628],[13.0172627,63.4232391],[13.0169872,63.4232533],[13.0168071,63.4232865],[13.0165686,63.4233932],[13.0164786,63.4235046],[13.0163408,63.4239502],[13.0161342,63.4242489],[13.01597,63.4245143],[13.0158057,63.4246636],[13.0152971,63.4250026],[13.0148468,63.4252918],[13.0145342,63.4256236],[13.0143699,63.4258084],[13.014158,63.4259554],[13.0138931,63.4260858],[13.0134587,63.4262137],[13.0130984,63.4263559],[13.0129342,63.426465],[13.0129289,63.4265408],[13.0130401,63.4266522],[13.0131832,63.4268774],[13.013252,63.4270409],[13.0130772,63.42733],[13.0128918,63.4276334],[13.0129024,63.4278941],[13.0129395,63.4280979],[13.0129024,63.4283183],[13.0128188,63.4283989],[13.0126428,63.4285695],[13.0124044,63.4287425],[13.0119116,63.4289108],[13.0116997,63.4290648],[13.0117156,63.4291881],[13.0117686,63.4293089],[13.0116202,63.4294582],[13.0112547,63.4298018],[13.0108776,63.4300298],[13.0106666,63.4301573],[13.0100891,63.4304867],[13.0098878,63.4306715],[13.0093791,63.4312379],[13.0087646,63.4319725],[13.0083884,63.4326834],[13.0079328,63.433207],[13.0074453,63.4338397],[13.0071223,63.4342843],[13.006685,63.4348798],[13.0063529,63.4353489],[13.0060406,63.4356623],[13.0057076,63.4362659],[13.0056173,63.4366329],[13.0054787,63.4370029],[13.0052853,63.4372964],[13.0051279,63.4374393]]}},{"type":"Feature","id":1265744398,"properties":{"kind":"run","name":"Mapped ski run","subtype":"nordic","pisteType":"nordic","featured":false},"geometry":{"type":"LineString","coordinates":[[13.0051279,63.4374393],[13.0051855,63.437702],[13.0055857,63.438095],[13.0060805,63.4384087],[13.006444,63.4386991],[13.0069346,63.439037],[13.0075778,63.4392392],[13.0079857,63.4394027],[13.0084851,63.4396777],[13.0088402,63.4400741],[13.009056,63.4401963],[13.0095752,63.4404498],[13.0098242,63.4406132],[13.009918,63.4407922],[13.0099747,63.4411817],[13.0101633,63.4416816],[13.0101686,63.4417905],[13.0100785,63.4418758],[13.0099579,63.4419726],[13.0096705,63.4423046],[13.0094692,63.4426954],[13.009395,63.4430555],[13.0091513,63.4435695],[13.0089129,63.4440385],[13.0087063,63.4442943],[13.0084308,63.4445193],[13.008203,63.4446709],[13.00815,63.4448343],[13.008452,63.4449883],[13.0087222,63.4450333],[13.0090083,63.445064],[13.0093738,63.4450262],[13.0096705,63.4449835],[13.0100414,63.4447585],[13.0101897,63.4446543],[13.0104705,63.444434],[13.0107619,63.444209],[13.0109474,63.4439603],[13.0113182,63.4436145],[13.0115196,63.4432544],[13.0117845,63.4429299],[13.0120759,63.4425793],[13.0121236,63.4419777],[13.0120759,63.4418474],[13.0119434,63.4416508],[13.0119381,63.441466],[13.0119911,63.4412386],[13.0123355,63.4409449],[13.0125527,63.4406819],[13.0127328,63.4404853],[13.0129024,63.4402129],[13.0132097,63.4399807],[13.013607,63.4395661],[13.0137024,63.4394382],[13.0137077,63.4393435],[13.0136653,63.4392463],[13.0136177,63.4391984],[13.0132573,63.4389526],[13.0130878,63.4388317],[13.013003,63.4386659],[13.0130401,63.438448],[13.0130984,63.4382016],[13.0132044,63.4379125],[13.013305,63.4377064],[13.0133156,63.4374648],[13.0134428,63.4369104],[13.0134799,63.4363536],[13.0138242,63.4358418],[13.0143011,63.4355172],[13.0148786,63.4352211],[13.0151516,63.4350986],[13.0154772,63.4348254],[13.0158322,63.4344392],[13.0161024,63.4340648],[13.0161872,63.4338539],[13.0160865,63.433553],[13.0160706,63.4331928],[13.0160424,63.4331166],[13.0157527,63.4327071],[13.0156044,63.4324677],[13.0156627,63.4322616],[13.0156998,63.4320317],[13.015615,63.4318872],[13.0152335,63.4317379],[13.0148892,63.4315981],[13.0147567,63.4314299],[13.0146295,63.4309204],[13.0145183,63.4306431],[13.0143858,63.4302426],[13.0143329,63.4297118],[13.0142216,63.4293326],[13.0140891,63.4289748],[13.0141156,63.4285363],[13.0140521,63.4280481],[13.0139472,63.427568],[13.0139408,63.4275386],[13.0138984,63.427221]]}},{"type":"Feature","id":1265744400,"properties":{"kind":"run","name":"Mapped ski run","subtype":"nordic","pisteType":"nordic","featured":false},"geometry":{"type":"LineString","coordinates":[[13.0108776,63.4300298],[13.0108583,63.4301758],[13.010786,63.4303629],[13.010455,63.4307424],[13.0101601,63.430978],[13.0102534,63.4313132],[13.010467,63.4314464],[13.010774,63.4315083],[13.0111351,63.4314841],[13.0115083,63.4313912],[13.0119507,63.4312432],[13.012369,63.4310372],[13.0124683,63.4308905],[13.0125074,63.4307344],[13.0124081,63.4305634],[13.0121764,63.4304261],[13.0119747,63.4303306],[13.0118664,63.4301811],[13.0117671,63.4299994],[13.0118243,63.4298137],[13.0119958,63.4295862],[13.0122667,63.4294179],[13.0124442,63.4292456],[13.0127933,63.4290275],[13.013001,63.4288418],[13.0131243,63.4286587],[13.0132537,63.4284608],[13.013338,63.4282468],[13.0135667,63.4279883],[13.0137593,63.4277231],[13.0139472,63.427568]]}},{"type":"Feature","id":1265744703,"properties":{"kind":"run","name":"Mapped ski run","subtype":"nordic","pisteType":"nordic","featured":false},"geometry":{"type":"LineString","coordinates":[[13.1547562,63.3971997],[13.1543371,63.3969807],[13.1532406,63.396734],[13.1527653,63.3965888],[13.1525439,63.3963881],[13.1523926,63.396151],[13.1522792,63.3958825],[13.1521874,63.3955536],[13.1519767,63.3950892],[13.1520253,63.3949803],[13.1522738,63.394765],[13.1526573,63.3944893],[13.1528673,63.3942972],[13.1528673,63.3941323],[13.1526985,63.3939867],[13.1525083,63.3938094],[13.1523887,63.3935855],[13.152402,63.3934376],[13.1524071,63.3933807],[13.1524102,63.393176],[13.1522107,63.3929287],[13.1520991,63.3927788],[13.1519484,63.3926752],[13.1518322,63.39263],[13.1516505,63.3925528],[13.151356,63.3924487],[13.1509958,63.3923392],[13.1507381,63.3922004],[13.1506859,63.3920768],[13.1506553,63.3919311],[13.1505755,63.3918088],[13.1504313,63.391736],[13.1502012,63.391703],[13.1499833,63.3917162],[13.1498607,63.3917236],[13.1495508,63.3917484],[13.1493245,63.3917508]]}},{"type":"Feature","id":1293902108,"properties":{"kind":"run","name":"Åreskutan runt","subtype":"nordic","pisteType":"nordic","featured":false},"geometry":{"type":"LineString","coordinates":[[13.1415993,63.3957596],[13.1413668,63.3957822],[13.1402124,63.3960302],[13.1391561,63.3964869],[13.1390692,63.3965553],[13.1389299,63.396665]]}},{"type":"Feature","id":1293902116,"properties":{"kind":"run","name":"Mapped ski run","subtype":"unknown","pisteType":"downhill","featured":false},"geometry":{"type":"LineString","coordinates":[[13.173717,63.3835663],[13.1733745,63.3833358],[13.1729373,63.3831214],[13.1725105,63.3829456],[13.1719666,63.3826942],[13.1716404,63.3826029],[13.1714304,63.3825396],[13.1708066,63.3822666],[13.1705155,63.3820957],[13.1699933,63.3819174],[13.1691586,63.3815689],[13.16891,63.3814966],[13.1686904,63.3814245],[13.1681723,63.3812174],[13.167512,63.3810473],[13.166952,63.3808829],[13.166454,63.3807302],[13.1661497,63.3806628],[13.1659829,63.3806133],[13.1658496,63.3805524],[13.1658042,63.3804949],[13.1658047,63.3802444],[13.1657548,63.3801496],[13.1656465,63.3800736],[13.1654046,63.3800058]]}},{"type":"Feature","id":1293960661,"properties":{"kind":"run","name":"VM-vägen","subtype":"easy","pisteType":"downhill","featured":false},"geometry":{"type":"LineString","coordinates":[[13.0828093,63.4112229],[13.0827051,63.4112403],[13.0826016,63.4112661],[13.0825311,63.4112489],[13.0823966,63.4111812]]}},{"type":"Feature","id":1293960664,"properties":{"kind":"run","name":"VM-leden","subtype":"easy","pisteType":"downhill","featured":false},"geometry":{"type":"LineString","coordinates":[[13.0823966,63.4111812],[13.0824496,63.4111487],[13.0825058,63.4111163],[13.0827129,63.4110558],[13.0828392,63.4109661],[13.0829447,63.4108604],[13.0830438,63.4107792],[13.0831211,63.4106471],[13.083131,63.4105852],[13.0830598,63.4105287]]}},{"type":"Feature","id":1294593115,"properties":{"kind":"run","name":"Mapped ski run","subtype":"nordic","pisteType":"nordic","featured":false},"geometry":{"type":"LineString","coordinates":[[12.9956478,63.4154952],[12.9954358,63.4156572],[12.9945098,63.4162935],[12.9940191,63.4168322],[12.9933743,63.4173461],[12.9930111,63.4175154],[12.9927699,63.417783],[12.9927835,63.4182987],[12.9927933,63.418667],[12.9927644,63.419303],[12.9924312,63.4196052],[12.9923361,63.4198744],[12.9925121,63.4202069],[12.9925855,63.4203187],[12.9925837,63.4204943],[12.9925808,63.4207917],[12.9929664,63.4214643],[12.9925499,63.4221053],[12.9920365,63.4228411],[12.991852,63.4232066],[12.9914807,63.4240729],[12.9915064,63.4242996],[12.9919105,63.4248751],[12.9941092,63.427362],[12.99489,63.428025],[12.9949609,63.4282627],[12.9945959,63.4286347],[12.9937583,63.429107],[12.9933627,63.4293935],[12.9928336,63.4300951],[12.9924403,63.430819],[12.9924466,63.4312681],[12.9923845,63.4319428],[12.9924363,63.4322881],[12.9925652,63.4328307],[12.9929219,63.4331547],[12.9932761,63.4334515],[12.9933093,63.4335989],[12.9933483,63.4337405],[12.9934116,63.4339168],[12.9937555,63.4339688],[12.9941336,63.4339224],[12.9945165,63.4339716],[12.9947482,63.43408],[12.9948098,63.4342595],[12.9949183,63.4350195],[12.9950041,63.4351759],[12.9950112,63.4352094],[12.9955614,63.4359148],[12.9956807,63.4364174],[12.9958059,63.4374149],[12.9960331,63.437961],[12.9963855,63.4382857],[12.9968059,63.4384024],[12.997429,63.4384234],[12.9979472,63.4384023],[12.9985335,63.4384775],[12.9990619,63.4386269],[12.9998092,63.4388147],[13.0001141,63.4388249],[13.0006648,63.4387565],[13.0016449,63.4383817],[13.0027533,63.4381413],[13.0038618,63.4379336],[13.004485,63.4377188],[13.0051279,63.4374393]]}},{"type":"Feature","id":1294593145,"properties":{"kind":"run","name":"Mapped ski run","subtype":"easy","pisteType":"downhill","featured":false},"geometry":{"type":"LineString","coordinates":[[12.9764561,63.4006922],[12.9762003,63.4006037],[12.9757646,63.4005287],[12.97526,63.4003284]]}},{"type":"Feature","id":1294685895,"properties":{"kind":"run","name":"Åreskutan runt","subtype":"nordic","pisteType":"nordic","featured":false},"geometry":{"type":"LineString","coordinates":[[13.1222458,63.4054843],[13.1238848,63.4049098],[13.1254131,63.4040983],[13.1269443,63.4033469],[13.127246,63.4031465],[13.1276055,63.4029078],[13.1278619,63.4027078],[13.1285058,63.4022056],[13.128888,63.401682],[13.1296721,63.4012491],[13.1299322,63.4011877],[13.1323022,63.4007101],[13.1337997,63.4000762],[13.1363183,63.3989839],[13.1375393,63.3983063],[13.1383015,63.3975651],[13.1384673,63.3973568],[13.1388346,63.3968955],[13.1389299,63.396665]]}},{"type":"Feature","id":1295495077,"properties":{"kind":"run","name":"Mapped ski run","subtype":"easy","pisteType":"downhill","featured":false},"geometry":{"type":"LineString","coordinates":[[13.0750661,63.4106749],[13.0756728,63.4104417],[13.0760896,63.4102653],[13.0770362,63.4098866],[13.0778973,63.409542],[13.078545,63.409323],[13.078941,63.4092101],[13.0792624,63.4091197],[13.0794459,63.4090107],[13.0795891,63.4089213],[13.0796985,63.4087991],[13.0799115,63.4086027],[13.0801427,63.408467],[13.0805332,63.4083131],[13.0807148,63.4082647],[13.0810803,63.4082092],[13.0815386,63.4082131],[13.0818269,63.4082208],[13.0825723,63.4082588],[13.084,63.4082731],[13.0847048,63.4082861],[13.0863649,63.4083166],[13.0864686,63.4083177],[13.08654,63.4083184],[13.0867331,63.4083204],[13.0870794,63.4083247],[13.0876529,63.4083282],[13.0877746,63.4083266]]}},{"type":"Feature","id":1295495092,"properties":{"kind":"run","name":"Mapped ski run","subtype":"nordic","pisteType":"nordic","featured":false},"geometry":{"type":"LineString","coordinates":[[13.1328005,63.416768],[13.1327708,63.4166503],[13.1327196,63.4165262],[13.1327537,63.4164334],[13.1334451,63.4160726],[13.1335009,63.4158998],[13.1338685,63.4156106],[13.133991,63.415471],[13.133965,63.4153912],[13.1337497,63.4152633],[13.1336828,63.4151901],[13.1335974,63.4148943],[13.1336717,63.4148428],[13.1341322,63.4147132],[13.134608,63.4144551],[13.1346971,63.4143551],[13.13493,63.4141223],[13.1351714,63.4140261],[13.1354001,63.4139453],[13.1354894,63.4138849]]}},{"type":"Feature","id":1295495096,"properties":{"kind":"run","name":"Mapped ski run","subtype":"easy","pisteType":"downhill","featured":false},"geometry":{"type":"LineString","coordinates":[[13.069059,63.4131552],[13.0691991,63.4130784],[13.0693029,63.413035],[13.0707053,63.412449],[13.0710542,63.4121754],[13.07151,63.4119439],[13.0719714,63.4117538],[13.0720872,63.411715],[13.0722081,63.4116745],[13.0723557,63.411625],[13.0727577,63.4114963],[13.0732405,63.4113714],[13.0739915,63.4110881],[13.0748222,63.4107687],[13.0750661,63.4106749]]}},{"type":"Feature","id":1295667532,"properties":{"kind":"run","name":"Mapped ski run","subtype":"nordic","pisteType":"nordic","featured":false},"geometry":{"type":"LineString","coordinates":[[13.0372525,63.39994],[13.0364167,63.3986183],[13.0364751,63.398201],[13.0369088,63.3980787],[13.0374955,63.3981223],[13.0377249,63.398408],[13.0374918,63.3992585],[13.0372525,63.39994]]}},{"type":"Feature","id":1295667533,"properties":{"kind":"run","name":"Mapped ski run","subtype":"nordic","pisteType":"nordic","featured":false},"geometry":{"type":"LineString","coordinates":[[13.0372525,63.39994],[13.038126,63.4007294],[13.0397918,63.4016638],[13.0418405,63.4020187],[13.0437139,63.4020747],[13.0473681,63.4018977],[13.0528255,63.401609],[13.0560801,63.4014717],[13.0588495,63.4011269],[13.0614817,63.4005675],[13.0656214,63.3995081],[13.0670919,63.3989143],[13.0698666,63.3975318],[13.0746996,63.3962718],[13.0750253,63.3964001],[13.0748168,63.3965343],[13.0739049,63.3967968],[13.0725892,63.3974268],[13.0712865,63.3980218],[13.0707394,63.3983427],[13.0656214,63.3995081]]}},{"type":"Feature","id":1295667536,"properties":{"kind":"run","name":"Mapped ski run","subtype":"unknown","pisteType":"downhill","featured":false},"geometry":{"type":"LineString","coordinates":[[13.0384728,63.4147704],[13.0384303,63.414773],[13.0383788,63.4147762]]}},{"type":"Feature","id":1295667537,"properties":{"kind":"run","name":"Mapped ski run","subtype":"unknown","pisteType":"downhill","featured":false},"geometry":{"type":"LineString","coordinates":[[13.0502251,63.4098002],[13.050669,63.4094144]]}},{"type":"Feature","id":1295667539,"properties":{"kind":"run","name":"Mapped ski run","subtype":"unknown","pisteType":"downhill","featured":false},"geometry":{"type":"LineString","coordinates":[[13.0781801,63.4278077],[13.0787281,63.4277771],[13.0787454,63.4274978]]}},{"type":"Feature","id":1295667540,"properties":{"kind":"run","name":"Mapped ski run","subtype":"unknown","pisteType":"downhill","featured":false},"geometry":{"type":"LineString","coordinates":[[13.0787281,63.4277771],[13.078683,63.4280055]]}},{"type":"Feature","id":1295667541,"properties":{"kind":"run","name":"Ullåhöa","subtype":"easy","pisteType":"downhill","featured":false},"geometry":{"type":"LineString","coordinates":[[13.0341993,63.4299961],[13.0338023,63.4301317]]}},{"type":"Feature","id":1295667543,"properties":{"kind":"run","name":"Mapped ski run","subtype":"unknown","pisteType":"downhill","featured":false},"geometry":{"type":"LineString","coordinates":[[13.053843,63.4325796],[13.0530491,63.4327367]]}},{"type":"Feature","id":1295667544,"properties":{"kind":"run","name":"Mapped ski run","subtype":"unknown","pisteType":"downhill","featured":false},"geometry":{"type":"LineString","coordinates":[[13.0679444,63.4293721],[13.0682293,63.4294059],[13.0683868,63.4293707]]}},{"type":"Feature","id":1295667546,"properties":{"kind":"run","name":"Mapped ski run","subtype":"unknown","pisteType":"downhill","featured":false},"geometry":{"type":"LineString","coordinates":[[13.1121303,63.4085767],[13.1122871,63.4085778],[13.1123474,63.40855],[13.1123674,63.4084983],[13.1123338,63.4084537]]}},{"type":"Feature","id":1295690840,"properties":{"kind":"run","name":"Hygget","subtype":"unknown","pisteType":"skitour","featured":false},"geometry":{"type":"LineString","coordinates":[[13.0675779,63.3856826],[13.0679036,63.3867922],[13.0683958,63.3877985],[13.0699017,63.389335],[13.0710398,63.3904099],[13.0718554,63.3910916]]}},{"type":"Feature","id":1295690841,"properties":{"kind":"run","name":"Baksidan till björnen","subtype":"expert","pisteType":"downhill","featured":false},"geometry":{"type":"LineString","coordinates":[[13.1085972,63.4262033],[13.1094855,63.4258405],[13.1105436,63.4249459],[13.1123467,63.4240757],[13.1137296,63.4233422],[13.1149762,63.4225436],[13.1152118,63.4217766],[13.1154386,63.420881],[13.1160833,63.4199732],[13.1157339,63.4182777],[13.1146751,63.4165663],[13.1140821,63.4144455],[13.1137219,63.4136648],[13.1148638,63.4123319],[13.1153041,63.4115699],[13.1167326,63.4107823],[13.1175342,63.4104216],[13.1179965,63.4095529],[13.1200636,63.4063128]]}},{"type":"Feature","id":1295690842,"properties":{"kind":"run","name":"Baksidan över lillskutan","subtype":"expert","pisteType":"downhill","featured":false},"geometry":{"type":"LineString","coordinates":[[13.1085972,63.4262033],[13.1087092,63.4243515],[13.1090444,63.4235016],[13.1107669,63.4216143],[13.111147,63.420375],[13.1120691,63.4197349],[13.112297,63.4189077],[13.1106685,63.4166844],[13.1107775,63.4157627],[13.1108405,63.4152411],[13.1140821,63.4144455]]}},{"type":"Feature","id":1295690843,"properties":{"kind":"run","name":"Mapped ski run","subtype":"advanced","pisteType":"downhill","featured":false},"geometry":{"type":"LineString","coordinates":[[13.0909149,63.4317727],[13.0901805,63.4324026],[13.0897682,63.4335283],[13.0909438,63.4349248],[13.0908264,63.4351463],[13.0924984,63.4355332],[13.0928732,63.4356911],[13.0927408,63.4357714],[13.0920067,63.4358254],[13.0922105,63.4360434],[13.0930876,63.4363368],[13.0939023,63.436439],[13.0951412,63.4367086],[13.0959932,63.4377308],[13.0963703,63.4381694],[13.0964554,63.4387177],[13.0972009,63.4394278],[13.0960715,63.4401717],[13.0945986,63.4408892],[13.0939906,63.4410357],[13.0938701,63.4413047],[13.0942641,63.4413755],[13.0942282,63.4416447],[13.0926539,63.4420561],[13.0918096,63.4425663],[13.0910253,63.4430403],[13.0913061,63.4445771],[13.0900146,63.4470758],[13.0884832,63.448539],[13.0861666,63.4501007],[13.0861136,63.4508049],[13.0822012,63.4531478],[13.0806724,63.4531883],[13.0785014,63.4545728],[13.079578,63.4567741],[13.0801885,63.4595128],[13.081988,63.4611069],[13.0835087,63.4613716],[13.0837962,63.462052],[13.085428,63.4622066],[13.0866881,63.46228],[13.0893575,63.4636675],[13.0922583,63.4644876],[13.0930669,63.4645389],[13.0945755,63.4657133]]}},{"type":"Feature","id":1295690845,"properties":{"kind":"run","name":"Ski touring route","subtype":"unknown","pisteType":"skitour","featured":false},"geometry":{"type":"LineString","coordinates":[[13.0918096,63.4425663],[13.0892805,63.443513],[13.08625,63.4442059],[13.0836808,63.4447121],[13.0829384,63.4452717],[13.0819488,63.4454018],[13.0814867,63.445711],[13.0810665,63.4457217],[13.0793713,63.445804],[13.0754363,63.4461725],[13.0740809,63.4464458],[13.0725674,63.4468976],[13.072095,63.446978]]}},{"type":"Feature","id":1295690846,"properties":{"kind":"run","name":"Mapped ski run","subtype":"expert","pisteType":"downhill","featured":false},"geometry":{"type":"LineString","coordinates":[[13.0938701,63.4413047],[13.0921353,63.4411446],[13.0859037,63.4397619],[13.0800177,63.4382179],[13.073663,63.4374775],[13.0677385,63.4364534],[13.0645882,63.4362497],[13.0643119,63.4362556]]}},{"type":"Feature","id":1295690847,"properties":{"kind":"run","name":"Mapped ski run","subtype":"expert","pisteType":"downhill","featured":false},"geometry":{"type":"LineString","coordinates":[[13.072095,63.446978],[13.0647471,63.4459887],[13.0582293,63.4443332],[13.05477,63.4438411],[13.0544043,63.4436323],[13.0547041,63.4428934],[13.0505255,63.4398242],[13.0446277,63.4355917]]}},{"type":"Feature","id":1295690848,"properties":{"kind":"run","name":"Blåstensvalvet","subtype":"expert","pisteType":"skitour","featured":false},"geometry":{"type":"LineString","coordinates":[[13.0939023,63.436439],[13.0948133,63.4359427],[13.0950265,63.4358072],[13.0960475,63.435158],[13.09611,63.4351667],[13.1012148,63.4358803],[13.1046579,63.4364578],[13.1101051,63.4364059],[13.1114538,63.436428],[13.1132126,63.4364568],[13.1315462,63.4352334]]}},{"type":"Feature","id":1295690849,"properties":{"kind":"run","name":"Baksidan","subtype":"expert","pisteType":"downhill","featured":false},"geometry":{"type":"LineString","coordinates":[[13.0937856,63.431033],[13.093925,63.4309861],[13.095762,63.4309575],[13.0974638,63.4309585],[13.0983175,63.4309337],[13.1003988,63.4302938],[13.1019844,63.4302317],[13.1028386,63.4300898],[13.1032387,63.4300233],[13.1043029,63.4293794],[13.1055556,63.429252],[13.108341,63.4292776],[13.1093659,63.4290218],[13.1094813,63.4285528],[13.1094378,63.4273818],[13.1085972,63.4262033]]}},{"type":"Feature","id":1295690850,"properties":{"kind":"run","name":"Blåstensvalvet","subtype":"expert","pisteType":"downhill","featured":false},"geometry":{"type":"LineString","coordinates":[[13.0947239,63.4318007],[13.0954335,63.4323509],[13.0976537,63.4328501],[13.1013364,63.4341382],[13.1082696,63.4346918],[13.1123512,63.4344674],[13.1223867,63.4339543],[13.1310085,63.4333894]]}},{"type":"Feature","id":1295690851,"properties":{"kind":"run","name":"Tväråvalvet","subtype":"expert","pisteType":"downhill","featured":false},"geometry":{"type":"LineString","coordinates":[[13.078683,63.4280055],[13.0786025,63.4292307],[13.0802867,63.4299419],[13.0823025,63.4306666],[13.0824906,63.4313918],[13.0823518,63.4317632],[13.0815208,63.431972],[13.0748492,63.4335785],[13.0704669,63.4349835],[13.0654072,63.4360704],[13.0643119,63.4362556]]}},{"type":"Feature","id":1296463903,"properties":{"kind":"run","name":"Mapped ski run","subtype":"easy","pisteType":"downhill","featured":false},"geometry":{"type":"LineString","coordinates":[[12.9655092,63.405087],[12.9655602,63.4050813],[12.9657495,63.4050516],[12.9660819,63.4048882],[12.9663095,63.40475],[12.9664967,63.4045502],[12.9666016,63.4043521],[12.9666044,63.4039528],[12.9665935,63.403853],[12.9665968,63.4037575],[12.9665702,63.4036638],[12.9664515,63.4034594],[12.9663258,63.4033453],[12.9662036,63.4031442],[12.9661468,63.4030294],[12.966121,63.4028737],[12.9661898,63.4027381],[12.9663964,63.4026271],[12.9666115,63.4025393],[12.967004,63.4024545],[12.9673843,63.4024291],[12.9678697,63.4024199],[12.9682777,63.4024037],[12.9686787,63.4024407],[12.9689111,63.4024422],[12.9690966,63.4024536],[12.9694102,63.4024592],[12.9701607,63.4025794],[12.9705858,63.4027189],[12.971035,63.4028769],[12.9714309,63.403004],[12.97177,63.4030818],[12.9721573,63.4031065],[12.972529,63.4030726]]}},{"type":"Feature","id":1296749126,"properties":{"kind":"run","name":"Skorvhögarna","subtype":"unknown","pisteType":"skitour","featured":false},"geometry":{"type":"LineString","coordinates":[[13.0675779,63.3856826],[13.067248,63.3844948],[13.0666277,63.3839347],[13.0654417,63.3799749],[13.0669997,63.3791165],[13.067492,63.3782333],[13.0669985,63.376988],[13.067646,63.3761277],[13.0706872,63.3754643],[13.0653559,63.3735666],[13.0568512,63.3711589],[13.0469722,63.3683173]]}},{"type":"Feature","id":1296749129,"properties":{"kind":"run","name":"Ski touring route","subtype":"unknown","pisteType":"skitour","featured":false},"geometry":{"type":"LineString","coordinates":[[13.1357454,63.3724657],[13.1340585,63.3719439],[13.1331556,63.372331],[13.13124,63.3711877],[13.1289457,63.369686],[13.1267173,63.3674717],[13.1229447,63.3652608],[13.1200022,63.3646931],[13.1186718,63.3641759],[13.1127238,63.3643339]]}},{"type":"Feature","id":1296749143,"properties":{"kind":"run","name":"Susabäcken","subtype":"expert","pisteType":"downhill","featured":false},"geometry":{"type":"LineString","coordinates":[[13.0918741,63.4122568],[13.0928053,63.4114087],[13.0935964,63.4105216],[13.0947038,63.4091094],[13.0955303,63.4080541],[13.095504,63.4075057],[13.09543,63.4064212],[13.0951155,63.4058659],[13.0948816,63.4054529],[13.0946136,63.4052507]]}},{"type":"Feature","id":1296749144,"properties":{"kind":"run","name":"Östra ravinen","subtype":"expert","pisteType":"downhill","featured":false},"geometry":{"type":"LineString","coordinates":[[13.0986204,63.4167946],[13.0963253,63.4182864],[13.0941938,63.418579],[13.0912273,63.4179524],[13.0891864,63.4168538],[13.0893929,63.4156064],[13.0902885,63.4133322],[13.0918741,63.4122568],[13.1003659,63.4148794],[13.0986204,63.4167946]]}},{"type":"Feature","id":1296749145,"properties":{"kind":"run","name":"Västra ravinen","subtype":"expert","pisteType":"downhill","featured":false},"geometry":{"type":"LineString","coordinates":[[13.0806736,63.4165842],[13.0801862,63.4176587],[13.0805904,63.4187089],[13.0824275,63.4198699],[13.0854131,63.419433],[13.0890751,63.4170476],[13.0893929,63.4156064],[13.0902885,63.4133322],[13.0918741,63.4122568],[13.0841256,63.4122835],[13.0806736,63.4165842]]}},{"type":"Feature","id":1296749146,"properties":{"kind":"run","name":"Tottskogen","subtype":"expert","pisteType":"downhill","featured":false},"geometry":{"type":"LineString","coordinates":[[13.1119026,63.4087119],[13.0951155,63.4058659],[13.0962495,63.407396],[13.0952972,63.4096488],[13.1024285,63.4112636],[13.1077689,63.4108242],[13.1081653,63.4094673],[13.1098254,63.4090093],[13.1119026,63.4087119]]}},{"type":"Feature","id":1297197978,"properties":{"kind":"run","name":"Mapped ski run","subtype":"unknown","pisteType":"downhill","featured":false},"geometry":{"type":"LineString","coordinates":[[13.0895132,63.4016805],[13.0895894,63.4012994]]}},{"type":"Feature","id":1299499141,"properties":{"kind":"run","name":"Getvalsbacken","subtype":"easy","pisteType":"downhill","featured":false},"geometry":{"type":"LineString","coordinates":[[13.1256912,63.3961369],[13.1256952,63.3961101],[13.1257088,63.3960203],[13.125696,63.3959372],[13.125597,63.3958831],[13.1254297,63.3958557],[13.125259,63.3958353],[13.1249821,63.3958295],[13.1247121,63.3958403],[13.1246022,63.3957488],[13.1245249,63.3956594],[13.123877,63.395088],[13.1237044,63.3944193],[13.122884,63.3939263],[13.1229405,63.393772],[13.1232403,63.3935123],[13.123652,63.3931856],[13.1241638,63.3927486],[13.1243898,63.3924737],[13.1246185,63.392223],[13.1247042,63.392129],[13.1247224,63.3920136],[13.1247579,63.3917879],[13.1247836,63.3915114],[13.1248155,63.3911687],[13.1249043,63.3906905],[13.1250791,63.3904567],[13.1250644,63.3902908],[13.1246911,63.3902359],[13.1244514,63.3902216],[13.1243036,63.3902438]]}},{"type":"Feature","id":1313837965,"properties":{"kind":"run","name":"Sadelleden","subtype":"easy","pisteType":"downhill","featured":false},"geometry":{"type":"LineString","coordinates":[[13.1183239,63.4002967],[13.1182814,63.4001967],[13.1181189,63.4000321],[13.1175207,63.3996535],[13.11709,63.3993278],[13.1170415,63.3992148],[13.1170073,63.3990588],[13.1170787,63.3985885],[13.1171741,63.3982177],[13.1171446,63.3980167],[13.1170412,63.3978163],[13.1168465,63.3976353],[13.1168009,63.3976047],[13.116537,63.3974335],[13.1162327,63.3971762],[13.1160725,63.3970113],[13.1158347,63.3967246],[13.1157758,63.3965941],[13.1158081,63.3964658],[13.1158673,63.3963121],[13.1162193,63.395937],[13.1164254,63.3956203],[13.1165056,63.3955022],[13.1169359,63.3952395]]}},{"type":"Feature","id":1327180600,"properties":{"kind":"run","name":"Mapped ski run","subtype":"unknown","pisteType":"downhill","featured":false},"geometry":{"type":"LineString","coordinates":[[13.1128735,63.4043974],[13.1126498,63.4043358],[13.1126258,63.4043159],[13.1125792,63.4042317]]}},{"type":"Feature","id":1334599323,"properties":{"kind":"run","name":"Rödkulleleden","subtype":"easy","pisteType":"downhill","featured":false},"geometry":{"type":"LineString","coordinates":[[13.0459527,63.4171302],[13.0457325,63.4171188],[13.0453429,63.4170986],[13.0446831,63.4171888],[13.0440951,63.4173152],[13.0437912,63.4173532]]}},{"type":"Feature","id":1334599324,"properties":{"kind":"run","name":"Åreleden Lågzon","subtype":"easy","pisteType":"downhill","featured":false},"geometry":{"type":"LineString","coordinates":[[13.047658,63.4171971],[13.0476198,63.4171414],[13.0476296,63.4170844],[13.04768,63.4170097],[13.0477694,63.416939],[13.0478842,63.4168556],[13.0479478,63.4167655]]}},{"type":"Feature","id":1353041837,"properties":{"kind":"run","name":"Ripleden","subtype":"easy","pisteType":"downhill","featured":false},"geometry":{"type":"LineString","coordinates":[[13.0430008,63.4252765],[13.0429368,63.4253165],[13.0428307,63.4253443],[13.0426454,63.425358],[13.0404761,63.4255861],[13.0397166,63.4257289],[13.0388491,63.4259106],[13.0378195,63.4261822],[13.0373128,63.4263176],[13.0363963,63.4265127],[13.035495,63.4267602],[13.0344531,63.4270445],[13.0334748,63.4274846],[13.0326713,63.4277138]]}},{"type":"Feature","id":1353041839,"properties":{"kind":"run","name":"Långsvängen Högzon","subtype":"intermediate","pisteType":"downhill","featured":false},"geometry":{"type":"LineString","coordinates":[[13.0697864,63.4294997],[13.0699101,63.4297315],[13.0700296,63.4299535]]}},{"type":"Feature","id":1353041840,"properties":{"kind":"run","name":"Långsvängen Högzon","subtype":"easy","pisteType":"downhill","featured":false},"geometry":{"type":"LineString","coordinates":[[13.0773154,63.4273131],[13.0767153,63.4273133],[13.0757531,63.4272113],[13.0745493,63.4269527],[13.0728439,63.4267428],[13.0716232,63.4265153],[13.0711673,63.4265942],[13.0704794,63.4268338],[13.0701219,63.4271757],[13.0700788,63.4274238],[13.069978,63.4277664],[13.0696958,63.4280189],[13.0693934,63.4281812],[13.0690472,63.4283053],[13.068195,63.4284318],[13.0678136,63.4285047],[13.0674666,63.4286095],[13.0672342,63.42866],[13.0669976,63.42871]]}},{"type":"Feature","id":1353041841,"properties":{"kind":"run","name":"Rödkulleleden","subtype":"easy","pisteType":"downhill","featured":false},"geometry":{"type":"LineString","coordinates":[[13.0437912,63.4173532],[13.0432987,63.4172878],[13.0427137,63.4171363],[13.0420399,63.4168255],[13.0416457,63.4166058],[13.0412923,63.4163874],[13.0406785,63.4159299],[13.040622,63.4158849],[13.0403803,63.4156925],[13.0398452,63.4154443],[13.0391428,63.4148778],[13.0387261,63.4146765],[13.0387039,63.4146337],[13.0386571,63.4144095]]}},{"type":"Feature","id":1353041842,"properties":{"kind":"run","name":"Mapped ski run","subtype":"intermediate","pisteType":"downhill","featured":false},"geometry":{"type":"LineString","coordinates":[[13.1123338,63.4084537],[13.1116437,63.408402],[13.1109656,63.4082578],[13.1093321,63.4079574],[13.1084303,63.4078233],[13.1076872,63.4076822],[13.1066081,63.4073813],[13.1059591,63.4071343],[13.1052816,63.4068325],[13.1044538,63.4065117]]}},{"type":"Feature","id":1353041843,"properties":{"kind":"run","name":"Åreleden Lågzon","subtype":"easy","pisteType":"downhill","featured":false},"geometry":{"type":"LineString","coordinates":[[13.0791767,63.4038749],[13.0790738,63.4034009],[13.0790655,63.402892],[13.0790638,63.4027913],[13.0786067,63.402389],[13.077762,63.4022952]]}},{"type":"Feature","id":1353041845,"properties":{"kind":"run","name":"Liten Röd","subtype":"easy","pisteType":"downhill","featured":false},"geometry":{"type":"LineString","coordinates":[[13.0381409,63.4212395],[13.0392458,63.4203841],[13.0399414,63.419701],[13.0390922,63.4177363],[13.0386719,63.4170422],[13.0386422,63.4169931],[13.0382843,63.4164021]]}},{"type":"Feature","id":1353041846,"properties":{"kind":"lift","name":"B47 - Vikliften","subtype":"t-bar","status":"active"},"geometry":{"type":"LineString","coordinates":[[13.1255796,63.3960397],[13.1180199,63.401094]]}},{"type":"Feature","id":1353041847,"properties":{"kind":"run","name":"Mapped ski run","subtype":"easy","pisteType":"downhill","featured":false},"geometry":{"type":"LineString","coordinates":[[13.0915391,63.4082234],[13.0921086,63.4081909],[13.092218,63.4081847],[13.0925773,63.4081387],[13.0927436,63.4081166],[13.0928798,63.4080866],[13.0929791,63.4080499]]}},{"type":"Feature","id":1418173730,"properties":{"kind":"run","name":"Mapped ski run","subtype":"nordic","pisteType":"nordic","featured":false},"geometry":{"type":"LineString","coordinates":[[13.0121151,63.4286132],[13.0118677,63.4286048],[13.0117404,63.4286185]]}},{"type":"Feature","id":1421144800,"properties":{"kind":"run","name":"Åreleden Lågzon","subtype":"easy","pisteType":"downhill","featured":false},"geometry":{"type":"LineString","coordinates":[[13.0479478,63.4167655],[13.0489856,63.4162595],[13.0494355,63.4160871],[13.0496917,63.4160054],[13.0503826,63.4157457],[13.0512045,63.4154032],[13.0518611,63.4149809],[13.0524234,63.4147487],[13.0536074,63.4143585],[13.0545082,63.4139858],[13.0547886,63.4138674],[13.0552314,63.4135911],[13.0559369,63.4131869],[13.0563609,63.4130492]]}},{"type":"Feature","id":1421144801,"properties":{"kind":"run","name":"Åreleden Lågzon","subtype":"easy","pisteType":"downhill","featured":false},"geometry":{"type":"LineString","coordinates":[[13.0563609,63.4130492],[13.0567151,63.4128574],[13.0570681,63.4126494]]}},{"type":"Feature","id":1421144802,"properties":{"kind":"run","name":"Åreleden Lågzon","subtype":"easy","pisteType":"downhill","featured":false},"geometry":{"type":"LineString","coordinates":[[13.0570681,63.4126494],[13.0573726,63.4125074],[13.0576676,63.4124488],[13.0577724,63.4124124],[13.0578481,63.4123674],[13.0577928,63.4123243],[13.0577954,63.4122769],[13.0578291,63.4122252],[13.0588681,63.4117076],[13.059508,63.4111814],[13.0596808,63.4111059]]}},{"type":"Feature","id":1421144803,"properties":{"kind":"run","name":"Åreleden Lågzon","subtype":"easy","pisteType":"downhill","featured":false},"geometry":{"type":"LineString","coordinates":[[13.0596808,63.4111059],[13.0606409,63.4107649]]}},{"type":"Feature","id":1421144804,"properties":{"kind":"run","name":"Åreleden Lågzon","subtype":"easy","pisteType":"downhill","featured":false},"geometry":{"type":"LineString","coordinates":[[13.0615158,63.41023],[13.0626355,63.4096794]]}},{"type":"Feature","id":1421144805,"properties":{"kind":"run","name":"Åreleden Lågzon","subtype":"easy","pisteType":"downhill","featured":false},"geometry":{"type":"LineString","coordinates":[[13.0606409,63.4107649],[13.0608479,63.4106666],[13.0610698,63.4104093],[13.0613211,63.4102683],[13.0615158,63.41023]]}},{"type":"Feature","id":1431169697,"properties":{"kind":"run","name":"Mapped ski run","subtype":"unknown","pisteType":"downhill","featured":false},"geometry":{"type":"LineString","coordinates":[[13.0895894,63.4012994],[13.0893932,63.4010986]]}},{"type":"Feature","id":1431169698,"properties":{"kind":"run","name":"Långsvängen Lågzon","subtype":"easy","pisteType":"downhill","featured":false},"geometry":{"type":"LineString","coordinates":[[13.0595016,63.4063146],[13.0595667,63.4061756],[13.0580735,63.4047167],[13.0580749,63.4046284],[13.0581074,63.4045106],[13.0582274,63.4044111],[13.0589243,63.4042046],[13.0590967,63.4040556],[13.0593283,63.4039525],[13.0594707,63.4038258],[13.0595707,63.4036509],[13.0596509,63.4034888],[13.0596101,63.4033477],[13.059524,63.4032759],[13.0592519,63.4032503],[13.0590418,63.4032552],[13.0589984,63.4033018],[13.0590192,63.4033661]]}},{"type":"Feature","id":1431169701,"properties":{"kind":"run","name":"Mapped ski run","subtype":"easy","pisteType":"downhill","featured":false},"geometry":{"type":"LineString","coordinates":[[13.0639496,63.4157075],[13.0636671,63.4155998],[13.0633441,63.4154997],[13.0629709,63.4154259],[13.0627504,63.415417],[13.0621822,63.4154792]]}},{"type":"Feature","id":1431169702,"properties":{"kind":"run","name":"Mapped ski run","subtype":"easy","pisteType":"downhill","featured":false},"geometry":{"type":"LineString","coordinates":[[13.0637969,63.4161974],[13.0638468,63.4163262]]}},{"type":"Feature","id":1431169703,"properties":{"kind":"run","name":"Mapped ski run","subtype":"novice","pisteType":"downhill","featured":false},"geometry":{"type":"LineString","coordinates":[[13.0920641,63.4050484],[13.0921724,63.4050083],[13.0923054,63.4049794],[13.0925056,63.4049693],[13.0928456,63.4050209],[13.0930893,63.4050346],[13.0933244,63.4050821]]}},{"type":"Feature","id":1431169705,"properties":{"kind":"run","name":"Mapped ski run","subtype":"easy","pisteType":"downhill","featured":false},"geometry":{"type":"LineString","coordinates":[[13.1180199,63.401094],[13.1179038,63.4010678],[13.1178966,63.4009904],[13.1179084,63.4009472]]}},{"type":"Feature","id":1431169706,"properties":{"kind":"run","name":"Mapped ski run","subtype":"unknown","pisteType":"downhill","featured":false},"geometry":{"type":"LineString","coordinates":[[13.1246019,63.396021],[13.1247417,63.3959935],[13.1251282,63.3959355],[13.1254883,63.3958946],[13.1256252,63.3959505],[13.1256468,63.3960021],[13.1255796,63.3960397]]}},{"type":"Feature","id":1431169707,"properties":{"kind":"run","name":"Mapped ski run","subtype":"unknown","pisteType":"downhill","featured":false},"geometry":{"type":"LineString","coordinates":[[13.1256952,63.3961101],[13.1256674,63.3960516],[13.1255796,63.3960397]]}},{"type":"Feature","id":1431169708,"properties":{"kind":"run","name":"Mapped ski run","subtype":"intermediate","pisteType":"downhill","featured":false},"geometry":{"type":"LineString","coordinates":[[13.037992,63.4155205],[13.0378689,63.415453],[13.0377369,63.4154668],[13.0377009,63.4155061]]}},{"type":"Feature","id":1431169709,"properties":{"kind":"run","name":"Mapped ski run","subtype":"intermediate","pisteType":"downhill","featured":false},"geometry":{"type":"LineString","coordinates":[[13.0533623,63.4328978],[13.0534309,63.4332229],[13.0533272,63.4335077],[13.0530705,63.4337549],[13.0525967,63.4340375],[13.0511392,63.4345568],[13.0499602,63.4348732],[13.0488544,63.435215],[13.0479925,63.4354259],[13.0472933,63.435604],[13.0465407,63.4356838],[13.0452055,63.435664]]}},{"type":"Feature","id":1432509235,"properties":{"kind":"run","name":"Mapped ski run","subtype":"easy","pisteType":"downhill","featured":false},"geometry":{"type":"LineString","coordinates":[[12.9766639,63.4009029],[12.9766001,63.4007287],[12.9764561,63.4006922]]}},{"type":"Feature","id":1432509236,"properties":{"kind":"run","name":"Mapped ski run","subtype":"easy","pisteType":"downhill","featured":false},"geometry":{"type":"LineString","coordinates":[[12.976129,63.4007964],[12.9764561,63.4006922],[12.976815,63.4006265]]}},{"type":"Feature","id":1432509237,"properties":{"kind":"run","name":"Tegebacken","subtype":"intermediate","pisteType":"downhill","featured":false},"geometry":{"type":"LineString","coordinates":[[12.976129,63.4007964],[12.9762427,63.4007957],[12.9763618,63.4009341]]}},{"type":"Feature","id":1432511058,"properties":{"kind":"lift","name":"Zip Line","subtype":"zip_line","status":"active"},"geometry":{"type":"LineString","coordinates":[[13.0921694,63.4035762],[13.0908336,63.40331]]}},{"type":"Feature","id":1433765800,"properties":{"kind":"lift","name":"Zipline Green","subtype":"zip_line","status":"active"},"geometry":{"type":"LineString","coordinates":[[13.0921125,63.4039618],[13.0925518,63.4037828]]}},{"type":"Feature","id":1433765802,"properties":{"kind":"lift","name":"Zip Line","subtype":"zip_line","status":"active"},"geometry":{"type":"LineString","coordinates":[[13.0925036,63.408938],[13.0969562,63.4086394]]}},{"type":"Feature","id":1433765804,"properties":{"kind":"lift","name":"B48 - Getvalsliften","subtype":"t-bar","status":"active"},"geometry":{"type":"LineString","coordinates":[[13.1261288,63.4038104],[13.1162378,63.4088371],[13.1161978,63.4088574],[13.1156798,63.4091225]]}},{"type":"Feature","id":1433765805,"properties":{"kind":"lift","name":"Zip Line","subtype":"zip_line","status":"active"},"geometry":{"type":"LineString","coordinates":[[13.0969757,63.4069988],[13.0948925,63.4069872]]}},{"type":"Feature","id":1433880554,"properties":{"kind":"run","name":"Mapped ski run","subtype":"easy","pisteType":"downhill","featured":false},"geometry":{"type":"LineString","coordinates":[[13.1224536,63.4053659],[13.1237579,63.4047493],[13.1249487,63.4040744],[13.1257265,63.4037391],[13.1259473,63.4037391],[13.1261288,63.4038104]]}},{"type":"Feature","id":1433880557,"properties":{"kind":"run","name":"Mapped ski run","subtype":"unknown","pisteType":"downhill","featured":false},"geometry":{"type":"LineString","coordinates":[[13.1221731,63.4017736],[13.1229712,63.4015296]]}},{"type":"Feature","id":1434152549,"properties":{"kind":"run","name":"Gamla Fröåvägen","subtype":"nordic","pisteType":"nordic","featured":false},"geometry":{"type":"LineString","coordinates":[[13.19377,63.4009435],[13.1939436,63.4010051],[13.1942699,63.401104],[13.1945752,63.4011912],[13.1948962,63.4012666],[13.195212,63.401335],[13.1955805,63.4014033],[13.195891,63.4014622],[13.1961857,63.4015282],[13.1963963,63.4015848],[13.1966805,63.4016814],[13.1968963,63.4017544],[13.1972068,63.4018581],[13.1974963,63.401943],[13.1978888,63.402074],[13.1982993,63.4021635],[13.1985572,63.4022248],[13.1987364,63.4022808],[13.1988696,63.4023556],[13.1989769,63.4023923],[13.1990953,63.4024249],[13.1994338,63.4025044],[13.1998701,63.4025842],[13.2003053,63.4026503],[13.2005215,63.4026743]]}},{"type":"Feature","id":1434152550,"properties":{"kind":"run","name":"Gamla Fröåvägen","subtype":"nordic","pisteType":"nordic","featured":false},"geometry":{"type":"LineString","coordinates":[[13.1937285,63.4009297],[13.19377,63.4009435]]}},{"type":"Feature","id":1434152552,"properties":{"kind":"run","name":"Mapped ski run","subtype":"nordic","pisteType":"nordic","featured":false},"geometry":{"type":"LineString","coordinates":[[13.1914713,63.4001934],[13.1917519,63.4001645],[13.1922883,63.4000877],[13.1926424,63.400006],[13.1929106,63.3998667],[13.1932539,63.3996697],[13.1936401,63.3995256],[13.1941337,63.3994055],[13.1946379,63.3992614],[13.1951744,63.3990692],[13.1953997,63.3989539],[13.1954962,63.3988002],[13.1956786,63.3986369],[13.1960541,63.3985408],[13.196773,63.3984399],[13.1972129,63.3984015],[13.1974623,63.3984021],[13.1976351,63.3984016]]}},{"type":"Feature","id":1434454669,"properties":{"kind":"run","name":"Mapped ski run","subtype":"nordic","pisteType":"nordic","featured":false},"geometry":{"type":"LineString","coordinates":[[13.1822768,63.4054911],[13.182326,63.4053777],[13.1825142,63.4052498],[13.1829339,63.4050696],[13.1833283,63.4048658],[13.1837493,63.4047502],[13.1839433,63.4046632],[13.1842019,63.4043915],[13.185163,63.4039955],[13.1853318,63.4039637],[13.1857127,63.4039565],[13.1859153,63.4039484],[13.1866591,63.4037547],[13.1868687,63.4036539],[13.187021,63.4035093],[13.1870592,63.4033585],[13.187017,63.4032166],[13.1868553,63.4031303],[13.1866381,63.4030859],[13.1862684,63.403086],[13.1860399,63.4031005],[13.1855142,63.4032036],[13.1852681,63.4033502],[13.1847917,63.4037418],[13.1846774,63.4038196],[13.1844923,63.4038688],[13.1842872,63.4038752],[13.1818608,63.4035326],[13.1816384,63.4034486],[13.1813939,63.4032762],[13.1812978,63.4030018],[13.1811994,63.4028991],[13.1806326,63.4026308],[13.1805529,63.4025387],[13.1805253,63.4022213],[13.1804717,63.4021264],[13.1803557,63.4020414],[13.1795456,63.4018134],[13.179085,63.4015836],[13.1788964,63.4014112],[13.1788087,63.4012954],[13.1786987,63.4012353],[13.1785503,63.4011841],[13.1779289,63.4011597],[13.1777777,63.4011251],[13.1774983,63.400989],[13.1772248,63.4009703],[13.1769262,63.4009895],[13.176147,63.4009895],[13.175468,63.4011312],[13.1746928,63.4010711],[13.1743979,63.4010873],[13.1740323,63.4011593],[13.1737485,63.4012081],[13.1734697,63.4012244],[13.1731575,63.4012337],[13.1728855,63.4012261],[13.1724976,63.4012314],[13.1719878,63.4011933],[13.17153,63.4011921],[13.1704608,63.4012555],[13.1696892,63.400955],[13.1691688,63.4005174],[13.1690566,63.400423],[13.168748,63.4003746],[13.1671627,63.4007523],[13.1668675,63.400845],[13.1666556,63.4008654],[13.1663506,63.4008731],[13.1665939,63.4009579],[13.1674985,63.40111],[13.1676882,63.4011765],[13.1678358,63.4013146],[13.1679231,63.4015289],[13.1679056,63.4018389],[13.1679925,63.4019393],[13.1683776,63.402133],[13.1684856,63.4025233],[13.1686091,63.4025786],[13.1687557,63.4029931],[13.1686399,63.403114],[13.1687248,63.4032729],[13.1695512,63.4036836],[13.1698667,63.4038532],[13.1706382,63.4040121],[13.170969,63.4042442]]}},{"type":"Feature","id":1434454670,"properties":{"kind":"run","name":"Mapped ski run","subtype":"nordic","pisteType":"nordic","featured":false},"geometry":{"type":"LineString","coordinates":[[13.170969,63.4042442],[13.1710501,63.4043105]]}},{"type":"Feature","id":1434454695,"properties":{"kind":"run","name":"Mapped ski run","subtype":"unknown","pisteType":"downhill","featured":false},"geometry":{"type":"LineString","coordinates":[[13.0301499,63.4294402],[13.0298744,63.4293477],[13.0296836,63.4292523],[13.029504,63.4289879],[13.029449,63.4288447],[13.0293548,63.4285689],[13.029273,63.428342],[13.0292635,63.428121],[13.0293649,63.4277143],[13.0294884,63.4274309],[13.0295645,63.4272198],[13.029555,63.4269406],[13.0296563,63.4267196],[13.0298622,63.4264943],[13.0300289,63.4263284],[13.0300812,63.4262067]]}},{"type":"Feature","id":1434454696,"properties":{"kind":"run","name":"Mapped ski run","subtype":"unknown","pisteType":"downhill","featured":false},"geometry":{"type":"LineString","coordinates":[[13.0285449,63.4254134],[13.0277358,63.4252543],[13.0264899,63.4247009],[13.0259729,63.4244578],[13.0259598,63.4243836],[13.0259464,63.4243076],[13.0261055,63.4241574],[13.0269361,63.4237186],[13.0271349,63.4235407],[13.0273249,63.4231908],[13.0276872,63.4228627],[13.0282394,63.4224753],[13.028615,63.4221313],[13.0287874,63.4219938]]}},{"type":"Feature","id":1434454697,"properties":{"kind":"run","name":"Mapped ski run","subtype":"unknown","pisteType":"downhill","featured":false},"geometry":{"type":"LineString","coordinates":[[13.0259598,63.4243836],[13.0249079,63.4239539]]}},{"type":"Feature","id":1434454698,"properties":{"kind":"run","name":"Mapped ski run","subtype":"unknown","pisteType":"downhill","featured":false},"geometry":{"type":"LineString","coordinates":[[13.0310082,63.4267142],[13.0308891,63.426387],[13.0311648,63.4258776],[13.0314884,63.4252823],[13.0316203,63.424982],[13.0321118,63.4239255],[13.0325793,63.4233195],[13.0328486,63.4227803],[13.0332734,63.4219885],[13.0336516,63.4216155],[13.0344087,63.4211958],[13.0351332,63.4208874],[13.0359592,63.42052]]}},{"type":"Feature","id":1434454730,"properties":{"kind":"run","name":"Mapped ski run","subtype":"nordic","pisteType":"nordic","featured":false},"geometry":{"type":"LineString","coordinates":[[13.1710501,63.4043105],[13.171078,63.404449],[13.1716026,63.4045768],[13.1725516,63.4047357],[13.1730994,63.4049844],[13.1733386,63.4052676],[13.1733309,63.4058755],[13.1739172,63.4061207],[13.1753128,63.4064569]]}},{"type":"Feature","id":1434454731,"properties":{"kind":"run","name":"Mapped ski run","subtype":"nordic","pisteType":"nordic","featured":false},"geometry":{"type":"LineString","coordinates":[[13.1753128,63.4064569],[13.1754901,63.4064996]]}},{"type":"Feature","id":1441693038,"properties":{"kind":"run","name":"Mapped ski run","subtype":"novice","pisteType":"downhill","featured":false},"geometry":{"type":"LineString","coordinates":[[13.0371606,63.414716],[13.0370624,63.4146707],[13.0370325,63.4145242],[13.0370149,63.4143877],[13.0370044,63.4141567],[13.0369984,63.4138588],[13.03705,63.4137677],[13.0371459,63.4137483],[13.0373061,63.4137462]]}},{"type":"Feature","id":1441693039,"properties":{"kind":"run","name":"Mapped ski run","subtype":"novice","pisteType":"downhill","featured":false},"geometry":{"type":"LineString","coordinates":[[13.0362118,63.4139961],[13.0363313,63.413993],[13.0364154,63.4139677],[13.0366622,63.4137255],[13.0368418,63.4135189],[13.0368237,63.413439],[13.0367419,63.4134011]]}},{"type":"Feature","id":1442907014,"properties":{"kind":"run","name":"Mapped ski run","subtype":"unknown","pisteType":"downhill","featured":false},"geometry":{"type":"LineString","coordinates":[[13.1119816,63.4043365],[13.1116457,63.4043413],[13.1113519,63.4042645],[13.1110989,63.4041607],[13.1108795,63.4040173],[13.1106512,63.4038565],[13.1104123,63.4036759],[13.1102702,63.4035969]]}},{"type":"Feature","id":1442907015,"properties":{"kind":"run","name":"Mapped ski run","subtype":"easy","pisteType":"downhill","featured":false},"geometry":{"type":"LineString","coordinates":[[13.0877746,63.4083266],[13.088517,63.4083158],[13.0887738,63.4083079],[13.0892671,63.4082829],[13.0896631,63.4082659],[13.0900573,63.4082589],[13.0903356,63.4082547],[13.0908608,63.4082469],[13.0915391,63.4082234]]}},{"type":"Feature","id":1442907017,"properties":{"kind":"run","name":"Mapped ski run","subtype":"easy","pisteType":"downhill","featured":false},"geometry":{"type":"LineString","coordinates":[[13.0877746,63.4083266],[13.08813,63.4082734],[13.0883326,63.4082301],[13.0886408,63.4081394],[13.0890627,63.4080093],[13.0892688,63.4079658],[13.0894447,63.4079574]]}},{"type":"Feature","id":1442907018,"properties":{"kind":"run","name":"Mapped ski run","subtype":"easy","pisteType":"downhill","featured":false},"geometry":{"type":"LineString","coordinates":[[13.0929791,63.4080499],[13.0930913,63.4080285],[13.0932221,63.4080354],[13.0933227,63.4080906],[13.0933253,63.4081116],[13.0933255,63.408142],[13.0932126,63.4081815]]}},{"type":"Feature","id":1442907019,"properties":{"kind":"run","name":"Mapped ski run","subtype":"unknown","pisteType":"downhill","featured":false},"geometry":{"type":"LineString","coordinates":[[13.0791665,63.4090131],[13.0790702,63.4090546]]}},{"type":"Feature","id":1442907020,"properties":{"kind":"run","name":"Mapped ski run","subtype":"unknown","pisteType":"downhill","featured":false},"geometry":{"type":"LineString","coordinates":[[13.0791665,63.4090131],[13.0794459,63.4090107]]}},{"type":"Feature","id":1442907021,"properties":{"kind":"run","name":"Mapped ski run","subtype":"unknown","pisteType":"downhill","featured":false},"geometry":{"type":"LineString","coordinates":[[13.0716232,63.4265153],[13.0711142,63.426414],[13.0708049,63.4262687],[13.0705651,63.4260058],[13.0704955,63.4257428],[13.0704259,63.4254072],[13.070395,63.42521],[13.0704104,63.4247844],[13.0702094,63.4244938],[13.0697221,63.4241997],[13.0692271,63.4238052],[13.0687167,63.4234384],[13.068214,63.4232378],[13.0675102,63.4230267],[13.0671563,63.422937],[13.0669678,63.4228432]]}},{"type":"Feature","id":1442907022,"properties":{"kind":"run","name":"Gubbsvängen","subtype":"intermediate","pisteType":"downhill","featured":false},"geometry":{"type":"LineString","coordinates":[[13.0575224,63.4123845],[13.0572824,63.4123355],[13.0569635,63.4122475],[13.0566556,63.412065],[13.0564732,63.4119017],[13.0562986,63.4117307]]}},{"type":"Feature","id":1442907023,"properties":{"kind":"run","name":"Mapped ski run","subtype":"unknown","pisteType":"downhill","featured":false},"geometry":{"type":"LineString","coordinates":[[13.0688775,63.4132476],[13.0684118,63.4130726],[13.0677915,63.4126558]]}},{"type":"Feature","id":1442907024,"properties":{"kind":"run","name":"Mapped ski run","subtype":"easy","pisteType":"downhill","featured":false},"geometry":{"type":"LineString","coordinates":[[13.0459527,63.4171302],[13.0461234,63.4171071],[13.0462588,63.4170934],[13.046754,63.4170363],[13.0472031,63.4169584]]}},{"type":"Feature","id":1442907025,"properties":{"kind":"run","name":"Mapped ski run","subtype":"easy","pisteType":"downhill","featured":false},"geometry":{"type":"LineString","coordinates":[[13.0416223,63.4174352],[13.041293,63.4174264],[13.0407928,63.4173928],[13.0406286,63.417375],[13.0401947,63.417328],[13.0398286,63.4172728],[13.0395,63.4172145],[13.0391044,63.4171053]]}},{"type":"Feature","id":1442907026,"properties":{"kind":"run","name":"Mapped ski run","subtype":"easy","pisteType":"downhill","featured":false},"geometry":{"type":"LineString","coordinates":[[13.0437912,63.4173532],[13.043145,63.4173658],[13.0427971,63.417382],[13.0420762,63.4174426],[13.0416223,63.4174352]]}},{"type":"Feature","id":1442907027,"properties":{"kind":"run","name":"Mapped ski run","subtype":"unknown","pisteType":"downhill","featured":false},"geometry":{"type":"LineString","coordinates":[[13.0391044,63.4171053],[13.0386422,63.4169931]]}},{"type":"Feature","id":1442907030,"properties":{"kind":"run","name":"Mapped ski run","subtype":"unknown","pisteType":"downhill","featured":false},"geometry":{"type":"LineString","coordinates":[[13.039572,63.4297521],[13.0397427,63.4297965],[13.0397852,63.4298365]]}},{"type":"Feature","id":1442907031,"properties":{"kind":"run","name":"Mapped ski run","subtype":"unknown","pisteType":"downhill","featured":false},"geometry":{"type":"LineString","coordinates":[[13.0379497,63.4307541],[13.0375553,63.4307017],[13.0371913,63.4306178],[13.0368493,63.4305191],[13.036375,63.430376],[13.035829,63.4302083],[13.0354374,63.4300652],[13.0352054,63.429964]]}},{"type":"Feature","id":1442978931,"properties":{"kind":"run","name":"Mapped ski run","subtype":"unknown","pisteType":"downhill","featured":false},"geometry":{"type":"LineString","coordinates":[[13.0934947,63.4053317],[13.0935273,63.4053051]]}},{"type":"Feature","id":1442978932,"properties":{"kind":"run","name":"Fjällblicken","subtype":"intermediate","pisteType":"downhill","featured":false},"geometry":{"type":"LineString","coordinates":[[13.0934947,63.4053317],[13.0931053,63.4052606],[13.0920641,63.4050484]]}},{"type":"Feature","id":1442982630,"properties":{"kind":"run","name":"Mapped ski run","subtype":"easy","pisteType":"downhill","featured":false},"geometry":{"type":"LineString","coordinates":[[13.1131546,63.4070919],[13.1135916,63.4070372]]}},{"type":"Feature","id":1442982631,"properties":{"kind":"run","name":"Mapped ski run","subtype":"intermediate","pisteType":"downhill","featured":false},"geometry":{"type":"LineString","coordinates":[[13.1068014,63.4067559],[13.1057303,63.4065051],[13.1045805,63.4060783],[13.1034379,63.4056255],[13.1024184,63.4053321],[13.1013391,63.4051593]]}},{"type":"Feature","id":1442982632,"properties":{"kind":"run","name":"Mapped ski run","subtype":"intermediate","pisteType":"downhill","featured":false},"geometry":{"type":"LineString","coordinates":[[13.1008341,63.4051619],[13.100098,63.4052934],[13.0995911,63.4054607],[13.0994571,63.4054729],[13.0991866,63.4054975]]}},{"type":"Feature","id":1442982633,"properties":{"kind":"run","name":"Mapped ski run","subtype":"intermediate","pisteType":"downhill","featured":false},"geometry":{"type":"LineString","coordinates":[[13.1017517,63.4051137],[13.1012966,63.4050404],[13.1008945,63.4048307],[13.1004969,63.4046013],[13.0998695,63.4043501],[13.099388,63.4042175],[13.0986214,63.4041097]]}},{"type":"Feature","id":1442982634,"properties":{"kind":"run","name":"Mapped ski run","subtype":"unknown","pisteType":"downhill","featured":false},"geometry":{"type":"LineString","coordinates":[[13.1076872,63.4076822],[13.1067814,63.4076091],[13.1050319,63.4073006],[13.1038037,63.4070632],[13.1026498,63.4068383],[13.101188,63.4065802],[13.1007225,63.4063015],[13.1005192,63.4059677],[13.1001485,63.4056844]]}},{"type":"Feature","id":1442982635,"properties":{"kind":"run","name":"Mapped ski run","subtype":"easy","pisteType":"downhill","featured":false},"geometry":{"type":"LineString","coordinates":[[13.043153,63.4254498],[13.0433103,63.4254815],[13.0436402,63.4254935],[13.0440882,63.4254863],[13.0448141,63.4253908]]}},{"type":"Feature","id":1442982636,"properties":{"kind":"run","name":"Mapped ski run","subtype":"unknown","pisteType":"downhill","featured":false},"geometry":{"type":"LineString","coordinates":[[13.0428307,63.4253443],[13.0428518,63.425395],[13.042958,63.4254634],[13.0430689,63.4254728],[13.043153,63.4254498],[13.0431858,63.4253884],[13.0431115,63.4252718]]}},{"type":"Feature","id":1443001301,"properties":{"kind":"run","name":"Bräckevägen","subtype":"easy","pisteType":"downhill","featured":false},"geometry":{"type":"LineString","coordinates":[[13.0557131,63.4124491],[13.0555935,63.4124534],[13.0553662,63.4124615],[13.055228,63.4124665],[13.0548566,63.4125415],[13.0542957,63.4126228],[13.0541593,63.4126284],[13.0533545,63.4125843],[13.053174,63.4125902],[13.0520505,63.4126271],[13.0518216,63.4126151],[13.0516058,63.4125885],[13.0512767,63.4125326],[13.0511631,63.4125068],[13.0509958,63.4124529]]}},{"type":"Feature","id":1443001302,"properties":{"kind":"run","name":"Mapped ski run","subtype":"easy","pisteType":"downhill","featured":false},"geometry":{"type":"LineString","coordinates":[[13.0509958,63.4124529],[13.050855,63.4123631],[13.0507585,63.4122675],[13.0507279,63.4121631],[13.050729,63.4120232],[13.0507458,63.4118845],[13.0507974,63.4117627],[13.0508883,63.4115809],[13.0509038,63.4113861],[13.0506671,63.4110134],[13.05065,63.4108044],[13.0506247,63.4102917],[13.0505754,63.4100982],[13.0504531,63.4099117],[13.0502251,63.4098002],[13.0499724,63.4097252],[13.0497281,63.4096886],[13.0495014,63.4096799],[13.0494111,63.409703],[13.0493794,63.4097399],[13.0494098,63.4097671],[13.0497691,63.4097722]]}},{"type":"Feature","id":1443001303,"properties":{"kind":"run","name":"Mapped ski run","subtype":"easy","pisteType":"downhill","featured":false},"geometry":{"type":"LineString","coordinates":[[13.0494098,63.4097671],[13.0492656,63.409775],[13.0491081,63.4097652],[13.048989,63.4097324],[13.0489505,63.4096787],[13.0489732,63.4096209]]}},{"type":"Feature","id":1443001305,"properties":{"kind":"run","name":"Mapped ski run","subtype":"novice","pisteType":"downhill","featured":false},"geometry":{"type":"LineString","coordinates":[[13.0372083,63.4157132],[13.0371458,63.4154009]]}},{"type":"Feature","id":1443001306,"properties":{"kind":"run","name":"Mapped ski run","subtype":"easy","pisteType":"downhill","featured":false},"geometry":{"type":"LineString","coordinates":[[13.037468,63.4203189],[13.0372565,63.420126],[13.0370677,63.4199738],[13.0369125,63.4198221],[13.0366589,63.4194869],[13.0365886,63.4193556]]}},{"type":"Feature","id":1443001307,"properties":{"kind":"run","name":"Mapped ski run","subtype":"easy","pisteType":"downhill","featured":false},"geometry":{"type":"LineString","coordinates":[[13.0418082,63.4225674],[13.041376,63.4224464],[13.0408243,63.4223866],[13.0404757,63.4223139]]}},{"type":"Feature","id":1443001308,"properties":{"kind":"run","name":"Mapped ski run","subtype":"intermediate","pisteType":"downhill","featured":false},"geometry":{"type":"LineString","coordinates":[[13.0399179,63.4247036],[13.0404396,63.4244059],[13.0410858,63.4240294]]}},{"type":"Feature","id":1443001309,"properties":{"kind":"run","name":"Mapped ski run","subtype":"easy","pisteType":"downhill","featured":false},"geometry":{"type":"LineString","coordinates":[[13.040622,63.4158849],[13.0402133,63.4157722],[13.0398458,63.415725],[13.0393272,63.4156408],[13.0387571,63.415548],[13.0384264,63.4154784],[13.0379489,63.4154093]]}},{"type":"Feature","id":1443001310,"properties":{"kind":"run","name":"Mapped ski run","subtype":"novice","pisteType":"downhill","featured":false},"geometry":{"type":"LineString","coordinates":[[13.0365886,63.4193556],[13.036136,63.4191692],[13.0358191,63.419109],[13.035291,63.4191026],[13.0349261,63.4190209],[13.0346956,63.4189286],[13.0343067,63.4188168],[13.0339034,63.4187223],[13.033769,63.4185805],[13.033745,63.41837],[13.0335097,63.4181444],[13.0335769,63.4180004],[13.0339418,63.4179446],[13.0340667,63.4178694],[13.0341627,63.417734],[13.0343932,63.4176373],[13.0347725,63.4175535],[13.0348541,63.4174354],[13.0347677,63.4171947],[13.0348349,63.4169799],[13.0352958,63.416707],[13.0357519,63.4164922],[13.0362355,63.4163484]]}},{"type":"Feature","id":1443001311,"properties":{"kind":"run","name":"Mapped ski run","subtype":"unknown","pisteType":"downhill","featured":false},"geometry":{"type":"LineString","coordinates":[[13.029555,63.4269406],[13.0293012,63.4266311],[13.0290971,63.4262735],[13.0288589,63.4258144],[13.028737,63.4255262]]}},{"type":"Feature","id":1443001312,"properties":{"kind":"run","name":"Mapped ski run","subtype":"easy","pisteType":"downhill","featured":false},"geometry":{"type":"LineString","coordinates":[[13.0320714,63.4300451],[13.0318992,63.4302266]]}},{"type":"Feature","id":1443001313,"properties":{"kind":"run","name":"Rödeorm","subtype":"easy","pisteType":"downhill","featured":false},"geometry":{"type":"LineString","coordinates":[[13.0378292,63.4147468],[13.0380764,63.4146879],[13.0381656,63.4146801],[13.0382548,63.4147001],[13.0383788,63.4147762]]}},{"type":"Feature","id":1443001315,"properties":{"kind":"run","name":"Ullåmon","subtype":"novice","pisteType":"downhill","featured":false},"geometry":{"type":"LineString","coordinates":[[13.0410145,63.4303964],[13.0379497,63.4307541]]}},{"type":"Feature","id":1443001316,"properties":{"kind":"run","name":"Mapped ski run","subtype":"unknown","pisteType":"downhill","featured":false},"geometry":{"type":"LineString","coordinates":[[13.0765482,63.4276734],[13.0767266,63.4274832],[13.0770284,63.4273795],[13.0773154,63.4273131]]}},{"type":"Feature","id":1443001317,"properties":{"kind":"run","name":"Mapped ski run","subtype":"unknown","pisteType":"downhill","featured":false},"geometry":{"type":"LineString","coordinates":[[13.170255,63.3874979],[13.1696832,63.3873552],[13.1691497,63.387238],[13.1689342,63.3872262],[13.1687307,63.3872032],[13.1685699,63.3871161]]}},{"type":"Feature","id":1443001318,"properties":{"kind":"run","name":"Mapped ski run","subtype":"easy","pisteType":"downhill","featured":false},"geometry":{"type":"LineString","coordinates":[[13.1704899,63.3869855],[13.1702769,63.3869343],[13.1698882,63.3867976],[13.1693197,63.3866048],[13.1686489,63.3863464],[13.1678301,63.3860262],[13.1674028,63.3858219],[13.1672756,63.3857143],[13.167014,63.3853693],[13.1666882,63.3851438],[13.1663254,63.384979],[13.1659724,63.3848507],[13.165478,63.3847876]]}},{"type":"Feature","id":1443001319,"properties":{"kind":"run","name":"Mapped ski run","subtype":"easy","pisteType":"downhill","featured":false},"geometry":{"type":"LineString","coordinates":[[13.1561532,63.3856791],[13.1555269,63.3855948],[13.1551131,63.3855292],[13.1548043,63.385494]]}},{"type":"Feature","id":1443001320,"properties":{"kind":"run","name":"Mapped ski run","subtype":"easy","pisteType":"downhill","featured":false},"geometry":{"type":"LineString","coordinates":[[13.1564508,63.3856882],[13.1564235,63.3856905],[13.1563056,63.3856899],[13.1561532,63.3856791]]}},{"type":"Feature","id":1443001321,"properties":{"kind":"run","name":"Mapped ski run","subtype":"unknown","pisteType":"downhill","featured":false},"geometry":{"type":"LineString","coordinates":[[13.1241589,63.3922811],[13.1246185,63.392223],[13.1252172,63.3920996],[13.1254389,63.3920002],[13.1255744,63.3919441],[13.125644,63.3918799],[13.1257085,63.3918329],[13.1257909,63.391798],[13.125923,63.391804]]}},{"type":"Feature","id":1443001322,"properties":{"kind":"run","name":"Mapped ski run","subtype":"novice","pisteType":"downhill","featured":false},"geometry":{"type":"LineString","coordinates":[[13.144316,63.389921],[13.1446568,63.3898816],[13.1449012,63.389876],[13.1450245,63.3899114],[13.1452778,63.3900553],[13.1455896,63.3902074]]}},{"type":"Feature","id":1443001323,"properties":{"kind":"run","name":"Mapped ski run","subtype":"novice","pisteType":"downhill","featured":false},"geometry":{"type":"LineString","coordinates":[[13.144316,63.389921],[13.1441459,63.3899888],[13.1438621,63.390138],[13.1434721,63.3902928],[13.1429004,63.3905004]]}},{"type":"Feature","id":1443001324,"properties":{"kind":"run","name":"Mapped ski run","subtype":"novice","pisteType":"downhill","featured":false},"geometry":{"type":"LineString","coordinates":[[13.144065,63.390568],[13.1442606,63.3904346],[13.1443519,63.3904015],[13.1445515,63.39033]]}},{"type":"Feature","id":1443001325,"properties":{"kind":"run","name":"Mapped ski run","subtype":"novice","pisteType":"downhill","featured":false},"geometry":{"type":"LineString","coordinates":[[13.144415,63.3904112],[13.1443519,63.3904015],[13.1442303,63.3903827],[13.1437302,63.3904062]]}},{"type":"Feature","id":1443001326,"properties":{"kind":"run","name":"Mapped ski run","subtype":"novice","pisteType":"downhill","featured":false},"geometry":{"type":"LineString","coordinates":[[13.1524787,63.3891523],[13.1527376,63.3891479],[13.1530771,63.3891332],[13.1532754,63.3890674],[13.1533429,63.3889891],[13.1533512,63.3888818],[13.1533208,63.3888378],[13.153316,63.3887848],[13.1533492,63.3887143]]}},{"type":"Feature","id":1443001327,"properties":{"kind":"run","name":"Mapped ski run","subtype":"unknown","pisteType":"downhill","featured":false},"geometry":{"type":"LineString","coordinates":[[13.1518994,63.3888576],[13.151796,63.3887147],[13.1517169,63.3885621],[13.1517547,63.3883925],[13.1518316,63.3882213],[13.1519278,63.3880731],[13.1521796,63.3879604],[13.1523573,63.3878498],[13.1525301,63.3876652],[13.1530317,63.3871367]]}},{"type":"Feature","id":1443001328,"properties":{"kind":"run","name":"Mapped ski run","subtype":"novice","pisteType":"downhill","featured":false},"geometry":{"type":"LineString","coordinates":[[13.149809,63.3880571],[13.1496763,63.3880646],[13.1496093,63.3881094]]}},{"type":"Feature","id":1443001329,"properties":{"kind":"run","name":"Mapped ski run","subtype":"easy","pisteType":"downhill","featured":false},"geometry":{"type":"LineString","coordinates":[[13.1568505,63.3893004],[13.1567154,63.3893791],[13.1564978,63.3894047],[13.1558682,63.3894769]]}},{"type":"Feature","id":1443001330,"properties":{"kind":"run","name":"Mapped ski run","subtype":"unknown","pisteType":"downhill","featured":false},"geometry":{"type":"LineString","coordinates":[[13.1568505,63.3893004],[13.1566583,63.3891924],[13.1559351,63.3890377],[13.1550984,63.388905],[13.1543308,63.3887834],[13.1538273,63.3887336],[13.1535916,63.3887788]]}},{"type":"Feature","id":1443001331,"properties":{"kind":"run","name":"Mapped ski run","subtype":"novice","pisteType":"downhill","featured":false},"geometry":{"type":"LineString","coordinates":[[13.1519655,63.3892665],[13.152178,63.389211],[13.1524787,63.3891523]]}},{"type":"Feature","id":1443001332,"properties":{"kind":"run","name":"Mapped ski run","subtype":"unknown","pisteType":"downhill","featured":false},"geometry":{"type":"LineString","coordinates":[[13.1524787,63.3891523],[13.1521176,63.389034]]}},{"type":"Feature","id":1443001333,"properties":{"kind":"run","name":"Mapped ski run","subtype":"unknown","pisteType":"downhill","featured":false},"geometry":{"type":"LineString","coordinates":[[13.1535916,63.3887788],[13.1533492,63.3887143]]}},{"type":"Feature","id":1443001334,"properties":{"kind":"run","name":"Mapped ski run","subtype":"unknown","pisteType":"downhill","featured":false},"geometry":{"type":"LineString","coordinates":[[13.1711105,63.3844396],[13.1711535,63.3843789],[13.1713063,63.3843668],[13.1714254,63.3843946]]}},{"type":"Feature","id":1443001335,"properties":{"kind":"run","name":"Mapped ski run","subtype":"unknown","pisteType":"downhill","featured":false},"geometry":{"type":"LineString","coordinates":[[13.1714635,63.3842879],[13.1713977,63.3843299],[13.1714254,63.3843946]]}},{"type":"Feature","id":1443001337,"properties":{"kind":"run","name":"Mapped ski run","subtype":"unknown","pisteType":"downhill","featured":false},"geometry":{"type":"LineString","coordinates":[[13.1746417,63.3839659],[13.1743591,63.383854],[13.1739425,63.3836751],[13.173717,63.3835663]]}},{"type":"Feature","id":1443001342,"properties":{"kind":"run","name":"Mapped ski run","subtype":"novice","pisteType":"downhill","featured":false},"geometry":{"type":"LineString","coordinates":[[13.1706898,63.384354],[13.1685911,63.3843898]]}},{"type":"Feature","id":1443001343,"properties":{"kind":"run","name":"Mapped ski run","subtype":"novice","pisteType":"downhill","featured":false},"geometry":{"type":"LineString","coordinates":[[13.1685911,63.3843898],[13.1682949,63.3843646]]}},{"type":"Feature","id":1443001344,"properties":{"kind":"run","name":"Mapped ski run","subtype":"novice","pisteType":"downhill","featured":false},"geometry":{"type":"LineString","coordinates":[[13.1517112,63.3867029],[13.1515,63.3865782],[13.1512691,63.3864695],[13.1512315,63.3864518],[13.150932,63.3862529],[13.1508307,63.3860192]]}},{"type":"Feature","id":1443001346,"properties":{"kind":"run","name":"Mapped ski run","subtype":"unknown","pisteType":"downhill","featured":false},"geometry":{"type":"LineString","coordinates":[[13.1526953,63.3858305],[13.1526777,63.3859056],[13.1526867,63.3859956]]}},{"type":"Feature","id":1443001347,"properties":{"kind":"run","name":"Björnbacken","subtype":"easy","pisteType":"downhill","featured":false},"geometry":{"type":"LineString","coordinates":[[13.1461625,63.3856565],[13.1461299,63.3854913],[13.1459439,63.3852449],[13.1456811,63.3850566],[13.1454243,63.3850195],[13.1451446,63.3850173],[13.1451091,63.3850862]]}},{"type":"Feature","id":1443028002,"properties":{"kind":"run","name":"Mapped ski run","subtype":"easy","pisteType":"downhill","featured":false},"geometry":{"type":"LineString","coordinates":[[12.9615141,63.3970755],[12.9615488,63.3971873]]}},{"type":"Feature","id":1443028003,"properties":{"kind":"run","name":"Mapped ski run","subtype":"easy","pisteType":"downhill","featured":false},"geometry":{"type":"LineString","coordinates":[[12.9615141,63.3970755],[12.9614349,63.3970436],[12.9613414,63.3970426],[12.9609889,63.3970818]]}},{"type":"Feature","id":1443028004,"properties":{"kind":"run","name":"Mapped ski run","subtype":"unknown","pisteType":"downhill","featured":false},"geometry":{"type":"LineString","coordinates":[[12.9686387,63.4112043],[12.968821,63.4112097],[12.9692402,63.4110726],[12.9698823,63.4108364],[12.9702795,63.4106952]]}},{"type":"Feature","id":1443028005,"properties":{"kind":"run","name":"Mapped ski run","subtype":"unknown","pisteType":"downhill","featured":false},"geometry":{"type":"LineString","coordinates":[[12.9864399,63.4097165],[12.9864463,63.4095505]]}},{"type":"Feature","id":1443028011,"properties":{"kind":"run","name":"Mapped ski run","subtype":"expert","pisteType":"downhill","featured":false},"geometry":{"type":"LineString","coordinates":[[12.9686387,63.4112043],[12.9677384,63.4105956],[12.9655992,63.4094653],[12.9650252,63.4089234],[12.9640838,63.407825],[12.9641947,63.4067767],[12.9627405,63.4059491],[12.9626172,63.4044926],[12.962156,63.4034819],[12.9619849,63.4033316],[12.9622954,63.4029147],[12.96208,63.4026651],[12.9619026,63.4024552],[12.9622067,63.4022113],[12.9623397,63.4020893],[12.9623524,63.401956],[12.9619216,63.4015957],[12.9616492,63.4013178],[12.9613282,63.401061],[12.9609474,63.4007992],[12.9607229,63.4006616],[12.9605196,63.4005324],[12.960497,63.4004524],[12.9605197,63.4003746],[12.9604694,63.4002734],[12.9603757,63.4001797],[12.9600593,63.4001085],[12.9599253,63.4000388],[12.9599689,63.3999316],[12.9601306,63.3997954],[12.9602822,63.3996077],[12.9603444,63.3994984],[12.9603093,63.3992525],[12.9602426,63.3990446],[12.9602543,63.3989421],[12.9603851,63.3987508],[12.9603897,63.3985835],[12.9607306,63.3981308],[12.9608693,63.3979471],[12.9609445,63.3977497],[12.9614253,63.3975797],[12.9615459,63.3974505],[12.9614081,63.3971333]]}},{"type":"Feature","id":1443028012,"properties":{"kind":"run","name":"Mapped ski run","subtype":"unknown","pisteType":"downhill","featured":false},"geometry":{"type":"LineString","coordinates":[[12.972529,63.4030726],[12.9731249,63.403012],[12.9737445,63.4028925],[12.9740044,63.4028186],[12.9744902,63.4027899]]}},{"type":"Feature","id":1443079310,"properties":{"kind":"run","name":"Mapped ski run","subtype":"nordic","pisteType":"nordic","featured":false},"geometry":{"type":"LineString","coordinates":[[13.1499833,63.3917162],[13.1497866,63.3918725],[13.1496781,63.3919507]]}},{"type":"Feature","id":1443079311,"properties":{"kind":"run","name":"Mapped ski run","subtype":"nordic","pisteType":"nordic","featured":false},"geometry":{"type":"LineString","coordinates":[[13.1495497,63.3921503],[13.1495276,63.3922786],[13.1492749,63.3926511],[13.1489747,63.3931229],[13.1487599,63.3935271],[13.1485622,63.3939082],[13.1484333,63.3941891],[13.1481969,63.394703],[13.148195,63.3947621],[13.1481926,63.3948358],[13.1483645,63.3951206],[13.148661,63.395365],[13.1491681,63.3955998],[13.1494646,63.3958519],[13.1497826,63.3961791],[13.1498829,63.3962975]]}},{"type":"Feature","id":1443079312,"properties":{"kind":"run","name":"Mapped ski run","subtype":"nordic","pisteType":"nordic","featured":false},"geometry":{"type":"LineString","coordinates":[[13.1491713,63.392332],[13.1488993,63.3924411],[13.1487206,63.3926177],[13.1485881,63.3929531],[13.1484433,63.3932359],[13.1483508,63.3933836],[13.1484248,63.3936706],[13.148166,63.3939673],[13.1478825,63.3942267],[13.147787,63.3944157],[13.1479318,63.3946296],[13.148195,63.3947621],[13.1484648,63.3948159],[13.1489609,63.3947786],[13.1495031,63.3946255],[13.1499222,63.3944613],[13.1505476,63.3940363],[13.1511053,63.3936955],[13.1515428,63.3935368],[13.151931,63.3934678],[13.152402,63.3934376]]}},{"type":"Feature","id":1443079317,"properties":{"kind":"run","name":"Sadelleden","subtype":"easy","pisteType":"downhill","featured":false},"geometry":{"type":"LineString","coordinates":[[13.1169359,63.3952395],[13.1176353,63.3949679]]}},{"type":"Feature","id":1443079318,"properties":{"kind":"run","name":"Sadelleden","subtype":"easy","pisteType":"downhill","featured":false},"geometry":{"type":"LineString","coordinates":[[13.1185115,63.400415],[13.1183239,63.4002967]]}},{"type":"Feature","id":1443545510,"properties":{"kind":"run","name":"Mapped ski run","subtype":"easy","pisteType":"downhill","featured":false},"geometry":{"type":"LineString","coordinates":[[13.0472031,63.4169584],[13.0473356,63.4169355],[13.0476304,63.416864],[13.0477208,63.4168373],[13.0479478,63.4167655]]}},{"type":"Feature","id":1443545511,"properties":{"kind":"run","name":"Mapped ski run","subtype":"novice","pisteType":"downhill","featured":false},"geometry":{"type":"LineString","coordinates":[[13.0377009,63.4155061],[13.0377791,63.4155117]]}},{"type":"Feature","id":1446156051,"properties":{"kind":"run","name":"Mapped ski run","subtype":"intermediate","pisteType":"downhill","featured":false},"geometry":{"type":"LineString","coordinates":[[13.0954896,63.4028777],[13.0953903,63.4027054],[13.0945069,63.4024134],[13.0938819,63.4021576],[13.0928478,63.4018848]]}},{"type":"Feature","id":1446957468,"properties":{"kind":"run","name":"Mapped ski run","subtype":"nordic","pisteType":"nordic","featured":false},"geometry":{"type":"LineString","coordinates":[[12.9956478,63.4154952],[12.9958435,63.4152678],[12.9958069,63.4151554],[12.9956549,63.4150705],[12.9952991,63.4150752],[12.9950124,63.4152933]]}},{"type":"Feature","id":1446957490,"properties":{"kind":"run","name":"Mapped ski run","subtype":"easy","pisteType":"downhill","featured":false},"geometry":{"type":"LineString","coordinates":[[12.9950124,63.4152933],[12.9944696,63.4150025],[12.993499,63.4147123],[12.9930681,63.4144817],[12.9928478,63.4142629],[12.9928554,63.4140995],[12.9931695,63.4138187],[12.9929918,63.4135103],[12.9915481,63.4126971],[12.9908037,63.4125792],[12.9898954,63.4124505],[12.9897778,63.4124118],[12.9893037,63.4122556],[12.9890587,63.4121086],[12.9890014,63.4120177],[12.988925,63.4116451],[12.988853,63.4115095],[12.9886595,63.4113698],[12.9881244,63.4109205]]}},{"type":"Feature","id":1446957493,"properties":{"kind":"run","name":"Mapped ski run","subtype":"easy","pisteType":"downhill","featured":false},"geometry":{"type":"LineString","coordinates":[[12.9881244,63.4109205],[12.9879167,63.4107307],[12.987594,63.4104493],[12.9870797,63.409864],[12.9867808,63.4096391],[12.986569,63.4096556],[12.9864399,63.4097165]]}},{"type":"Feature","id":1446957494,"properties":{"kind":"run","name":"Mapped ski run","subtype":"easy","pisteType":"downhill","featured":false},"geometry":{"type":"LineString","coordinates":[[12.9718833,63.4064359],[12.9717561,63.4061773],[12.9715833,63.4060483]]}},{"type":"Feature","id":1446957495,"properties":{"kind":"run","name":"Vildmarsstigen","subtype":"easy","pisteType":"downhill","featured":false},"geometry":{"type":"LineString","coordinates":[[12.9708823,63.4108556],[12.9713374,63.4109273],[12.971772,63.4109359],[12.9721333,63.4109577],[12.9724569,63.4110494],[12.972753,63.4111749],[12.9729199,63.4111719],[12.973543,63.411017],[12.9741403,63.4108737],[12.9744656,63.4106834],[12.9745619,63.4106465],[12.9747048,63.4104623],[12.9752849,63.4102535],[12.9757066,63.410178],[12.9760869,63.4099747],[12.9763331,63.4098938],[12.976753,63.4098059],[12.9768322,63.4097743],[12.9771584,63.4092311],[12.9772377,63.409128],[12.9774057,63.4089979],[12.9773601,63.4089249],[12.9770768,63.408768],[12.977096,63.408697],[12.9776602,63.4084327],[12.9776842,63.4083489],[12.9775666,63.4082704],[12.9772113,63.4081501],[12.9769058,63.4080019],[12.976849,63.4079334],[12.9766493,63.4076926],[12.9765502,63.4076646],[12.9762893,63.4076809],[12.9760022,63.4076861],[12.975734,63.4076241],[12.9755664,63.4075419],[12.97546,63.4074728],[12.9752384,63.4073672]]}},{"type":"Feature","id":1446957496,"properties":{"kind":"run","name":"Mapped ski run","subtype":"unknown","pisteType":"downhill","featured":false},"geometry":{"type":"LineString","coordinates":[[12.9747113,63.4079085],[12.9744597,63.4077069],[12.974152,63.4075433],[12.9734982,63.4073212],[12.9732597,63.4071387],[12.9729405,63.4067995],[12.9727294,63.4066223]]}},{"type":"Feature","id":1446957497,"properties":{"kind":"run","name":"Ski touring route","subtype":"unknown","pisteType":"skitour","featured":false},"geometry":{"type":"LineString","coordinates":[[12.968821,63.4112097],[12.9687888,63.4114489],[12.9686205,63.4114846],[12.967989,63.4116377],[12.9669966,63.4121901],[12.9656535,63.4123376],[12.9650263,63.4122213],[12.9647032,63.4120484],[12.9630814,63.4118414],[12.962714,63.4118244],[12.9618777,63.4119661],[12.9614659,63.4121079],[12.9612948,63.4123376],[12.9614342,63.4127913],[12.9613138,63.413123],[12.9613138,63.4134009],[12.9608324,63.4140218],[12.9605464,63.4143271],[12.9601333,63.4144736],[12.9596505,63.4145216],[12.9587493,63.4144303],[12.9573331,63.4142959],[12.956271,63.4142791],[12.9552005,63.4143007],[12.9542549,63.4145283]]}},{"type":"Feature","id":1447197931,"properties":{"kind":"run","name":"Mapped ski run","subtype":"easy","pisteType":"downhill","featured":false},"geometry":{"type":"LineString","coordinates":[[13.125024,63.3968764],[13.1256912,63.3961369]]}},{"type":"Feature","id":1467034029,"properties":{"kind":"run","name":"Mapped ski run","subtype":"expert","pisteType":"downhill","featured":false},"geometry":{"type":"LineString","coordinates":[[13.0814867,63.445711],[13.0805851,63.4452704],[13.0797551,63.4446596],[13.0781206,63.4442314],[13.0759115,63.4440088],[13.0737535,63.4438489],[13.0731897,63.4437811],[13.0709059,63.4435064],[13.0685436,63.4430154],[13.0632187,63.4427414],[13.0615331,63.4427756],[13.0594007,63.4428498],[13.0572426,63.4429241],[13.0553783,63.4429983],[13.0547041,63.4428934]]}},{"type":"Feature","id":1467034030,"properties":{"kind":"run","name":"Mapped ski run","subtype":"expert","pisteType":"downhill","featured":false},"geometry":{"type":"LineString","coordinates":[[13.0725674,63.4468976],[13.0728956,63.4465815],[13.0732931,63.4462387],[13.0742302,63.445676],[13.0733878,63.4451682],[13.0729429,63.4449609],[13.0727541,63.4448197],[13.0727211,63.4444363],[13.072941,63.4438859],[13.0731897,63.4437811]]}},{"type":"Feature","id":1467037238,"properties":{"kind":"run","name":"Ascent","subtype":"unknown","pisteType":"skitour","featured":false},"geometry":{"type":"LineString","coordinates":[[13.1028386,63.4300898],[13.1023882,63.4298647],[13.1020003,63.4301937],[13.1014023,63.4298069],[13.1009982,63.4295683],[13.1007235,63.4292936],[13.1001093,63.4295213],[13.0998587,63.429431],[13.0993415,63.4295539],[13.0992041,63.4294888],[13.098897,63.4295828],[13.0988081,63.429431],[13.0986061,63.4295033],[13.0984606,63.4292755],[13.0980162,63.4290514],[13.0968039,63.4288707],[13.0966504,63.428849],[13.0962948,63.4289213],[13.0959311,63.4290659],[13.0955109,63.4291924],[13.0954139,63.4293189],[13.0955998,63.4293876],[13.096214,63.4296262],[13.096311,63.4297201],[13.0959311,63.4297418],[13.0958709,63.4297625],[13.0958487,63.4299015],[13.0958842,63.4300108],[13.0955707,63.4301651],[13.095373,63.4302535],[13.0953392,63.4302998]]}},{"type":"Feature","id":1467037239,"properties":{"kind":"run","name":"Ascent","subtype":"unknown","pisteType":"skitour","featured":false},"geometry":{"type":"LineString","coordinates":[[13.0906226,63.4303666],[13.0911129,63.4304035],[13.09192,63.4305467],[13.0921983,63.4305529],[13.0924209,63.430528],[13.0925531,63.4304502],[13.092748,63.4303973],[13.0929776,63.4303848],[13.0931098,63.4303848],[13.093242,63.4304502],[13.0933185,63.4305529],[13.0935759,63.4306712],[13.0937707,63.430777],[13.0938821,63.4308517],[13.0939099,63.4309046],[13.0938821,63.4309481],[13.0937856,63.431033]]}},{"type":"Feature","id":1467037240,"properties":{"kind":"run","name":"Ascent","subtype":"unknown","pisteType":"skitour","featured":false},"geometry":{"type":"LineString","coordinates":[[13.1090444,63.4235016],[13.1085422,63.4240751],[13.1078837,63.4245454],[13.1071366,63.4250723],[13.1058449,63.4247153],[13.1056676,63.4251402],[13.1047305,63.4248796],[13.1044012,63.4256444],[13.1039327,63.4255028],[13.1038947,63.4257804],[13.1035401,63.4257521],[13.1034388,63.4260807],[13.1025829,63.4259868]]}},{"type":"Feature","id":1467037241,"properties":{"kind":"run","name":"Ascent","subtype":"unknown","pisteType":"skitour","featured":false},"geometry":{"type":"LineString","coordinates":[[13.0950265,63.4358072],[13.0935358,63.4356984],[13.0932952,63.4356418],[13.092852,63.4354096],[13.0929406,63.4352906],[13.092548,63.4352567],[13.0932445,63.4347696],[13.0927633,63.4346733],[13.0940424,63.4339654],[13.0937638,63.4339088],[13.0931052,63.4337332],[13.0943004,63.4335736],[13.0938651,63.4330592],[13.0935231,63.432793],[13.0936245,63.4323512],[13.0938479,63.4321764]]}}]}