{"type":"FeatureCollection","features":[{"type":"Feature","id":"building-1454834632","properties":{"kind":"building","name":"Alpine building","height":7.2},"geometry":{"type":"Polygon","coordinates":[[[11.0637762,47.4687584],[11.063945,47.4687794],[11.0639668,47.468699],[11.0637981,47.468678],[11.0637762,47.4687584]]]}},{"type":"Feature","id":"building-1018907147","properties":{"kind":"building","name":"Alpine building","height":7.2},"geometry":{"type":"Polygon","coordinates":[[[11.0628532,47.4692882],[11.0629655,47.4692632],[11.0629164,47.4691621],[11.0628041,47.469187],[11.0628532,47.4692882]]]}},{"type":"Feature","id":"building-1018907138","properties":{"kind":"building","name":"Alpine building","height":7.2},"geometry":{"type":"Polygon","coordinates":[[[11.0664471,47.4682228],[11.0665148,47.4682276],[11.0665232,47.4681739],[11.0664554,47.4681691],[11.0664471,47.4682228]]]}},{"type":"Feature","id":"building-1018907137","properties":{"kind":"building","name":"Alpine building","height":7.2},"geometry":{"type":"Polygon","coordinates":[[[11.0664228,47.4689416],[11.0664811,47.4689755],[11.0665142,47.4689494],[11.066456,47.4689156],[11.0664228,47.4689416]]]}},{"type":"Feature","id":"building-1018907142","properties":{"kind":"building","name":"Alpine building","height":7.2},"geometry":{"type":"Polygon","coordinates":[[[11.0655697,47.4696189],[11.0656433,47.4696176],[11.0656411,47.4695642],[11.0655675,47.4695656],[11.0655697,47.4696189]]]}},{"type":"Feature","id":"building-1018907139","properties":{"kind":"building","name":"Alpine building","height":7.2},"geometry":{"type":"Polygon","coordinates":[[[11.0669414,47.4681365],[11.067046,47.4681199],[11.0670304,47.4680749],[11.0669258,47.4680915],[11.0669414,47.4681365]]]}},{"type":"Feature","id":"building-1018907143","properties":{"kind":"building","name":"Alpine building","height":7.2},"geometry":{"type":"Polygon","coordinates":[[[11.0649455,47.469945],[11.0650145,47.4699741],[11.0650631,47.4699215],[11.0649941,47.4698924],[11.0649455,47.469945]]]}},{"type":"Feature","id":"building-1018907192","properties":{"kind":"building","name":"Alpine building","height":7.2},"geometry":{"type":"Polygon","coordinates":[[[11.0617842,47.4665715],[11.0618595,47.466591],[11.0618898,47.4665376],[11.0618145,47.4665181],[11.0617842,47.4665715]]]}},{"type":"Feature","id":"building-1018907193","properties":{"kind":"building","name":"Alpine building","height":7.2},"geometry":{"type":"Polygon","coordinates":[[[11.0616369,47.4665251],[11.0616626,47.4664696],[11.0615835,47.4664529],[11.0615793,47.4664619],[11.0615584,47.4664575],[11.0615411,47.4664949],[11.0615679,47.4665005],[11.0615637,47.4665096],[11.0616369,47.4665251]]]}},{"type":"Feature","id":"building-1210333250","properties":{"kind":"building","name":"Alpine building","height":7.2},"geometry":{"type":"Polygon","coordinates":[[[11.0618684,47.4697894],[11.0619804,47.469759],[11.0619349,47.4696825],[11.061823,47.4697129],[11.0618684,47.4697894]]]}},{"type":"Feature","id":"building-738169973","properties":{"kind":"building","name":"Alpine building","height":7.2},"geometry":{"type":"Polygon","coordinates":[[[11.0621385,47.4700706],[11.062227,47.4700089],[11.0621396,47.4699515],[11.0619863,47.469851],[11.0618977,47.4699127],[11.0620535,47.4700149],[11.0621385,47.4700706]]]}},{"type":"Feature","id":"building-1454834633","properties":{"kind":"building","name":"Alpine building","height":7.2},"geometry":{"type":"Polygon","coordinates":[[[11.0662528,47.4698429],[11.0662698,47.4697847],[11.0663547,47.469796],[11.0663377,47.4698542],[11.0662528,47.4698429]]]}},{"type":"Feature","id":"building-1018907133","properties":{"kind":"building","name":"Alpine building","height":7.2},"geometry":{"type":"Polygon","coordinates":[[[11.0603955,47.4687641],[11.0604559,47.4687172],[11.0603852,47.4686755],[11.0603248,47.4687224],[11.0603955,47.4687641]]]}},{"type":"Feature","id":"building-738169974","properties":{"kind":"building","name":"Alpine building","height":7.2},"geometry":{"type":"Polygon","coordinates":[[[11.0621595,47.4703431],[11.0622221,47.4703019],[11.0622323,47.4702952],[11.0622366,47.4702924],[11.0622448,47.4702868],[11.0622492,47.4702839],[11.062253,47.4702815],[11.0622582,47.4702782],[11.0622667,47.4702726],[11.0622708,47.4702699],[11.0622847,47.4702599],[11.0622364,47.470227],[11.0622784,47.4701954],[11.0620959,47.4700646],[11.0619865,47.4701421],[11.0621407,47.4702454],[11.0620781,47.4702867],[11.0621595,47.4703431]]]}},{"type":"Feature","id":"building-1018907144","properties":{"kind":"building","name":"Alpine building","height":5.0},"geometry":{"type":"Polygon","coordinates":[[[11.0626331,47.4704413],[11.0626673,47.4703915],[11.0625617,47.4703584],[11.0625275,47.4704081],[11.0626331,47.4704413]]]}},{"type":"Feature","id":"building-1018907146","properties":{"kind":"building","name":"Alpine building","height":7.0},"geometry":{"type":"Polygon","coordinates":[[[11.0619216,47.4702428],[11.0618683,47.4701797],[11.0617827,47.4702127],[11.0618362,47.4702761],[11.0619136,47.4702461],[11.0619216,47.4702428]]]}},{"type":"Feature","id":"building-1018907145","properties":{"kind":"building","name":"Alpine building","height":7.0},"geometry":{"type":"Polygon","coordinates":[[[11.061967,47.4703091],[11.0619136,47.4702461],[11.0618362,47.4702761],[11.0618285,47.470279],[11.0618819,47.470342],[11.061882,47.4703414],[11.0619242,47.4703256],[11.061967,47.4703091]]]}},{"type":"Feature","id":"building-1210333252","properties":{"kind":"building","name":"Alpine building","height":7.2},"geometry":{"type":"Polygon","coordinates":[[[11.0648333,47.4706951],[11.0648023,47.4706605],[11.0648853,47.4706264],[11.0649164,47.470661],[11.0648333,47.4706951]]]}},{"type":"Feature","id":"building-1490910267","properties":{"kind":"building","name":"Alpine building","height":5.0},"geometry":{"type":"Polygon","coordinates":[[[11.0619145,47.4703812],[11.061882,47.4703414],[11.0619242,47.4703256],[11.0619568,47.4703655],[11.0619515,47.470367],[11.0619145,47.4703812]]]}},{"type":"Feature","id":"building-1210333253","properties":{"kind":"building","name":"Alpine building","height":7.2},"geometry":{"type":"Polygon","coordinates":[[[11.0640064,47.4708092],[11.0639925,47.4706555],[11.0640839,47.4706514],[11.0641762,47.4706472],[11.0643393,47.4706398],[11.0644275,47.4706564],[11.0643811,47.4708239],[11.0643705,47.4708621],[11.064186,47.4708353],[11.0640924,47.4708217],[11.0640064,47.4708092]]]}},{"type":"Feature","id":"building-1490910268","properties":{"kind":"building","name":"Alpine building","height":5.0},"geometry":{"type":"Polygon","coordinates":[[[11.0619345,47.4704135],[11.0619085,47.4703848],[11.0619515,47.470367],[11.0619775,47.4703956],[11.0619345,47.4704135]]]}},{"type":"Feature","id":"building-1018907194","properties":{"kind":"building","name":"Alpine building","height":7.2},"geometry":{"type":"Polygon","coordinates":[[[11.060664,47.4663819],[11.0606648,47.4663412],[11.0605773,47.4663405],[11.0605766,47.4663811],[11.060664,47.4663819]]]}},{"type":"Feature","id":"building-1210333251","properties":{"kind":"building","name":"Alpine building","height":5.0},"geometry":{"type":"Polygon","coordinates":[[[11.0624769,47.4708024],[11.0625861,47.4708169],[11.0626041,47.4707554],[11.0624949,47.4707408],[11.0624769,47.4708024]]]}},{"type":"Feature","id":"building-303473854","properties":{"kind":"building","name":"Alpine building","height":7.2},"geometry":{"type":"Polygon","coordinates":[[[11.0598699,47.4691625],[11.0598453,47.46914],[11.0598938,47.4691158],[11.0599184,47.4691382],[11.0598699,47.4691625]]]}},{"type":"Feature","id":"building-1018907131","properties":{"kind":"building","name":"Alpine building","height":7.2},"geometry":{"type":"Polygon","coordinates":[[[11.0641021,47.4650232],[11.0641302,47.4649822],[11.064143,47.4649863],[11.064214,47.4648829],[11.0643187,47.4649157],[11.0642471,47.4650202],[11.0642584,47.4650238],[11.0642311,47.4650637],[11.0641021,47.4650232]]]}},{"type":"Feature","id":"building-1484084812","properties":{"kind":"building","name":"Alpine building","height":7.0},"geometry":{"type":"Polygon","coordinates":[[[11.0613623,47.4705153],[11.0612438,47.4704176],[11.0613112,47.4703803],[11.0614296,47.470478],[11.0613623,47.4705153]]]}},{"type":"Feature","id":"building-303474379","properties":{"kind":"building","name":"Alpine building","height":6.0},"geometry":{"type":"Polygon","coordinates":[[[11.0610119,47.470374],[11.0609467,47.4703096],[11.0610213,47.470275],[11.0610865,47.4703395],[11.0610119,47.470374]]]}},{"type":"Feature","id":"building-65201462","properties":{"kind":"building","name":"Alpine building","height":7.2},"geometry":{"type":"Polygon","coordinates":[[[11.0607466,47.4701141],[11.0606551,47.4701789],[11.0606697,47.4701886],[11.06068,47.4701951],[11.0606933,47.4702036],[11.0607035,47.4702102],[11.0607063,47.470212],[11.060715,47.4702176],[11.0607284,47.4702262],[11.0607378,47.4702323],[11.0607521,47.4702415],[11.0607924,47.4702131],[11.0607967,47.4702157],[11.0608083,47.470223],[11.0608129,47.4702263],[11.0608222,47.4702196],[11.0608312,47.4702134],[11.0608442,47.4702042],[11.0608533,47.4701976],[11.0608642,47.47019],[11.0607466,47.4701141]]]}},{"type":"Feature","id":"building-1355970830","properties":{"kind":"building","name":"Alpine building","height":6.0},"geometry":{"type":"Polygon","coordinates":[[[11.0614511,47.4707814],[11.0614287,47.4707205],[11.0613752,47.470575],[11.0614884,47.470556],[11.0615416,47.4707008],[11.0615643,47.4707623],[11.0614511,47.4707814]]]}},{"type":"Feature","id":"building-233295575","properties":{"kind":"building","name":"Alpine building","height":8.0},"geometry":{"type":"Polygon","coordinates":[[[11.0623721,47.471134],[11.0626013,47.4711618],[11.0626593,47.4709436],[11.0624301,47.4709158],[11.0623721,47.471134]]]}},{"type":"Feature","id":"building-233295573","properties":{"kind":"building","name":"Deutscher Skilehrerverband DSLV","height":7.2},"geometry":{"type":"Polygon","coordinates":[[[11.0619474,47.4710613],[11.0619355,47.4710483],[11.0619024,47.4710122],[11.0618899,47.4709986],[11.0618781,47.4709858],[11.0618715,47.4709786],[11.061858,47.4709638],[11.0618384,47.4709422],[11.0618232,47.4709263],[11.0618031,47.4709034],[11.061788,47.4708868],[11.0617669,47.4708635],[11.0617518,47.4708481],[11.0617405,47.4708357],[11.0619181,47.4707612],[11.0620028,47.4708535],[11.0620119,47.4708497],[11.0620648,47.4709052],[11.062053,47.4709103],[11.0621196,47.4709858],[11.062066,47.4710093],[11.0620019,47.4710374],[11.0619474,47.4710613]]]}},{"type":"Feature","id":"building-1484084825","properties":{"kind":"building","name":"Alpine building","height":4.0},"geometry":{"type":"Polygon","coordinates":[[[11.0614635,47.4708933],[11.0614982,47.4708881],[11.0614698,47.4707956],[11.0614314,47.4708014],[11.0614421,47.4708321],[11.0614635,47.4708933]]]}},{"type":"Feature","id":"building-303473814","properties":{"kind":"building","name":"Alpine building","height":7.2},"geometry":{"type":"Polygon","coordinates":[[[11.059416,47.4692119],[11.0593543,47.4692286],[11.0593287,47.4691856],[11.0593903,47.4691689],[11.059416,47.4692119]]]}},{"type":"Feature","id":"building-1488756836","properties":{"kind":"building","name":"Alpine building","height":4.0},"geometry":{"type":"Polygon","coordinates":[[[11.0607106,47.4706301],[11.0607023,47.4705961],[11.0607573,47.4705917],[11.060765,47.4706245],[11.0607106,47.4706301]]]}},{"type":"Feature","id":"building-303474091","properties":{"kind":"building","name":"Alpine building","height":7.2},"geometry":{"type":"Polygon","coordinates":[[[11.0593225,47.4694093],[11.0592468,47.469401],[11.0592549,47.4693671],[11.0593306,47.4693753],[11.0593225,47.4694093]]]}},{"type":"Feature","id":"building-1486337820","properties":{"kind":"building","name":"Alpine building","height":5.0},"geometry":{"type":"Polygon","coordinates":[[[11.0630215,47.4715242],[11.063019,47.4714734],[11.0630495,47.4714727],[11.063052,47.4715235],[11.0630215,47.4715242]]]}},{"type":"Feature","id":"building-308613106","properties":{"kind":"building","name":"Hubi´s Kandahar Bar","height":7.2},"geometry":{"type":"Polygon","coordinates":[[[11.062692,47.4715009],[11.0626038,47.4714816],[11.0626389,47.4714082],[11.0627271,47.4714275],[11.0627256,47.4714306],[11.0627543,47.4714367],[11.0627443,47.4714582],[11.0627154,47.4714521],[11.062692,47.4715009]]]}},{"type":"Feature","id":"building-102948900","properties":{"kind":"building","name":"Alpine building","height":10.0},"geometry":{"type":"Polygon","coordinates":[[[11.0643267,47.4716108],[11.0643586,47.4714949],[11.064567,47.4715212],[11.0645351,47.471637],[11.0643267,47.4716108]]]}},{"type":"Feature","id":"building-65201469","properties":{"kind":"building","name":"Toni Alm","height":7.2},"geometry":{"type":"Polygon","coordinates":[[[11.0605348,47.4708323],[11.0605114,47.4707617],[11.0605398,47.4707574],[11.0605299,47.4707035],[11.0605613,47.4706995],[11.0605493,47.4706679],[11.0607137,47.4706416],[11.060725,47.4706732],[11.0607524,47.4706687],[11.0607933,47.470792],[11.060801,47.4708152],[11.0607892,47.470817],[11.0607439,47.4708238],[11.0607346,47.4708253],[11.0607273,47.4708032],[11.0607069,47.4708063],[11.0606535,47.470815],[11.0606384,47.4708174],[11.0606197,47.4708201],[11.0606048,47.4708221],[11.0605823,47.4708251],[11.0605687,47.4708272],[11.0605348,47.4708323]]]}},{"type":"Feature","id":"building-1488756833","properties":{"kind":"building","name":"Alpine building","height":4.0},"geometry":{"type":"Polygon","coordinates":[[[11.0608036,47.4708881],[11.060866,47.4708779],[11.0608545,47.470846],[11.0607921,47.4708562],[11.0608036,47.4708881]]]}},{"type":"Feature","id":"building-1488756834","properties":{"kind":"building","name":"Alpine building","height":4.0},"geometry":{"type":"Polygon","coordinates":[[[11.0608185,47.4709347],[11.0608809,47.4709245],[11.0608695,47.4708926],[11.0608071,47.4709028],[11.0608185,47.4709347]]]}},{"type":"Feature","id":"building-102948927","properties":{"kind":"building","name":"Alpine building","height":8.0},"geometry":{"type":"Polygon","coordinates":[[[11.0629269,47.4716759],[11.0629261,47.4715242],[11.0630215,47.4715242],[11.063052,47.4715235],[11.0630651,47.4715239],[11.0630659,47.4716755],[11.0629269,47.4716759]]]}},{"type":"Feature","id":"building-311788205","properties":{"kind":"building","name":"Alpine building","height":7.2},"geometry":{"type":"Polygon","coordinates":[[[11.06407,47.4718276],[11.0639953,47.4718247],[11.0639136,47.4718216],[11.0638843,47.4718205],[11.0638423,47.471819],[11.0638324,47.4718186],[11.0638181,47.4718181],[11.0638075,47.4718177],[11.0637887,47.471817],[11.0637785,47.4718166],[11.0637688,47.4718162],[11.0638126,47.4715394],[11.0639315,47.4715481],[11.0639138,47.4716595],[11.0640947,47.4716727],[11.06407,47.4718276]]]}},{"type":"Feature","id":"building-102948896","properties":{"kind":"building","name":"Alpine building","height":7.2},"geometry":{"type":"Polygon","coordinates":[[[11.063241,47.4718022],[11.0632381,47.4716868],[11.0633466,47.4716856],[11.0633495,47.471801],[11.063241,47.4718022]]]}},{"type":"Feature","id":"building-1490910272","properties":{"kind":"building","name":"Alpine building","height":7.2},"geometry":{"type":"Polygon","coordinates":[[[11.0605104,47.4710006],[11.0605764,47.4710175],[11.0605941,47.470986],[11.060581,47.4709826],[11.0605688,47.4709795],[11.0605491,47.4709744],[11.0605374,47.4709714],[11.0605281,47.470969],[11.0605104,47.4710006]]]}},{"type":"Feature","id":"building-1454834635","properties":{"kind":"building","name":"Alpine building","height":7.2},"geometry":{"type":"Polygon","coordinates":[[[11.0679254,47.4707688],[11.0679047,47.4707236],[11.0679668,47.4707106],[11.0679875,47.4707558],[11.0679254,47.4707688]]]}},{"type":"Feature","id":"building-1488551730","properties":{"kind":"building","name":"Alpine building","height":7.2},"geometry":{"type":"Polygon","coordinates":[[[11.063875,47.4719033],[11.063985,47.4719061],[11.0639953,47.4718247],[11.0638843,47.4718205],[11.0638802,47.4718573],[11.063877,47.4718837],[11.0638753,47.4718969],[11.063875,47.4719033]]]}},{"type":"Feature","id":"building-1210333249","properties":{"kind":"building","name":"Alpine building","height":7.2},"geometry":{"type":"Polygon","coordinates":[[[11.0590711,47.4659686],[11.0591409,47.4659803],[11.0591594,47.4659296],[11.0590896,47.4659179],[11.0590711,47.4659686]]]}},{"type":"Feature","id":"building-1488551692","properties":{"kind":"building","name":"Alpine building","height":6.0},"geometry":{"type":"Polygon","coordinates":[[[11.062943,47.4719142],[11.0629372,47.4718866],[11.0629904,47.4718814],[11.0629963,47.4719091],[11.062943,47.4719142]]]}},{"type":"Feature","id":"building-1018907130","properties":{"kind":"building","name":"Alpine building","height":7.2},"geometry":{"type":"Polygon","coordinates":[[[11.0615058,47.4644163],[11.0616094,47.4644068],[11.0615981,47.4643509],[11.0614945,47.4643604],[11.0615058,47.4644163]]]}},{"type":"Feature","id":"building-102948928","properties":{"kind":"building","name":"Alpine building","height":7.0},"geometry":{"type":"Polygon","coordinates":[[[11.0631655,47.4720666],[11.0631566,47.4718391],[11.0632847,47.47184],[11.0632938,47.4720642],[11.0631655,47.4720666]]]}},{"type":"Feature","id":"building-102948910","properties":{"kind":"building","name":"Alpine building","height":7.2},"geometry":{"type":"Polygon","coordinates":[[[11.0636634,47.4723502],[11.0637142,47.472354],[11.0637127,47.4723639],[11.0639123,47.4723772],[11.0639399,47.4722087],[11.063946,47.4721716],[11.0638341,47.4721633],[11.0638282,47.4721992],[11.063742,47.4721928],[11.0637318,47.4722556],[11.0637294,47.4722699],[11.0636771,47.472266],[11.0636634,47.4723502]]]}},{"type":"Feature","id":"building-1210333254","properties":{"kind":"building","name":"Alpine building","height":6.0},"geometry":{"type":"Polygon","coordinates":[[[11.0637425,47.4724365],[11.063758,47.4723754],[11.0638792,47.4723895],[11.0638636,47.4724506],[11.0637425,47.4724365]]]}},{"type":"Feature","id":"building-459393146","properties":{"kind":"building","name":"Alpine building","height":7.2},"geometry":{"type":"Polygon","coordinates":[[[11.0630667,47.4723904],[11.0630689,47.4724807],[11.0631324,47.4724807],[11.0631318,47.4724491],[11.0631313,47.4724283],[11.0631297,47.4723914],[11.0630667,47.4723904]]]}},{"type":"Feature","id":"building-1018907134","properties":{"kind":"building","name":"Alpine building","height":7.2},"geometry":{"type":"Polygon","coordinates":[[[11.0574137,47.4672113],[11.0575012,47.4672196],[11.0575159,47.4671491],[11.0574283,47.4671408],[11.0574137,47.4672113]]]}},{"type":"Feature","id":"building-303473256","properties":{"kind":"building","name":"Alpine building","height":7.2},"geometry":{"type":"Polygon","coordinates":[[[11.0587513,47.4707828],[11.0586782,47.4707604],[11.058712,47.4707102],[11.0587851,47.4707326],[11.0587513,47.4707828]]]}},{"type":"Feature","id":"building-102948904","properties":{"kind":"building","name":"Alpine building","height":7.2},"geometry":{"type":"Polygon","coordinates":[[[11.0644972,47.4724721],[11.0644033,47.4725796],[11.0645587,47.4726417],[11.0646526,47.4725342],[11.0644972,47.4724721]]]}},{"type":"Feature","id":"building-1491155381","properties":{"kind":"building","name":"Alpine building","height":5.0},"geometry":{"type":"Polygon","coordinates":[[[11.0633712,47.4726474],[11.0634464,47.4726301],[11.063461,47.472659],[11.0633858,47.4726763],[11.0633712,47.4726474]]]}},{"type":"Feature","id":"building-1018907128","properties":{"kind":"building","name":"Alpine building","height":7.2},"geometry":{"type":"Polygon","coordinates":[[[11.0622104,47.4634967],[11.06228,47.4634784],[11.062254,47.4634333],[11.0621845,47.4634517],[11.0622104,47.4634967]]]}},{"type":"Feature","id":"building-303473495","properties":{"kind":"building","name":"Alpine building","height":4.0},"geometry":{"type":"Polygon","coordinates":[[[11.0575903,47.4698351],[11.0575244,47.4698336],[11.0575279,47.4697645],[11.0575938,47.469766],[11.0575903,47.4698351]]]}},{"type":"Feature","id":"building-255180266","properties":{"kind":"building","name":"Alpine building","height":5.0},"geometry":{"type":"Polygon","coordinates":[[[11.0572971,47.4695382],[11.0573569,47.4694604],[11.0572409,47.4694199],[11.0572087,47.4694565],[11.0572277,47.4694626],[11.0571948,47.4695038],[11.0572971,47.4695382]]]}},{"type":"Feature","id":"building-255705840","properties":{"kind":"building","name":"Alpine building","height":8.0},"geometry":{"type":"Polygon","coordinates":[[[11.0625615,47.4727663],[11.0626942,47.4727689],[11.0626998,47.4726363],[11.0624853,47.4726322],[11.0624815,47.4727214],[11.0625633,47.472723],[11.0625615,47.4727663]]]}},{"type":"Feature","id":"building-1210333257","properties":{"kind":"building","name":"Alpine building","height":8.0},"geometry":{"type":"Polygon","coordinates":[[[11.0611407,47.4724721],[11.0612754,47.4725362],[11.0613469,47.4724675],[11.0612121,47.4724034],[11.0611407,47.4724721]]]}},{"type":"Feature","id":"building-1210333255","properties":{"kind":"building","name":"Alpine building","height":7.2},"geometry":{"type":"Polygon","coordinates":[[[11.0638438,47.4727349],[11.0639245,47.4727213],[11.0639895,47.4729468],[11.0639023,47.4729583],[11.0639,47.4729497],[11.0638966,47.4729383],[11.0638905,47.4729176],[11.0638878,47.4729084],[11.0638834,47.4728936],[11.0638805,47.4728842],[11.0638756,47.4728673],[11.0638727,47.4728574],[11.0638681,47.4728405],[11.0638621,47.4728146],[11.0638505,47.4727676],[11.0638447,47.4727386],[11.0638438,47.4727349]]]}},{"type":"Feature","id":"building-1491155390","properties":{"kind":"building","name":"Alpine building","height":7.2},"geometry":{"type":"Polygon","coordinates":[[[11.0641103,47.4729588],[11.0641775,47.4729607],[11.0641902,47.4727639],[11.0641231,47.472762],[11.0641226,47.4727696],[11.0641107,47.4729521],[11.0641103,47.4729588]]]}},{"type":"Feature","id":"building-303472609","properties":{"kind":"building","name":"Alpine building","height":7.2},"geometry":{"type":"Polygon","coordinates":[[[11.0581755,47.4710736],[11.0580733,47.4710456],[11.0581119,47.4709811],[11.0582142,47.4710091],[11.0581755,47.4710736]]]}},{"type":"Feature","id":"building-1140560730","properties":{"kind":"building","name":"Alpine building","height":7.2},"geometry":{"type":"Polygon","coordinates":[[[11.0623495,47.4631146],[11.0623016,47.4630767],[11.0622531,47.4631046],[11.062301,47.4631426],[11.0623495,47.4631146]]]}},{"type":"Feature","id":"building-102948903","properties":{"kind":"building","name":"Alpine building","height":8.0},"geometry":{"type":"Polygon","coordinates":[[[11.0623798,47.4729884],[11.0624015,47.4729559],[11.0624205,47.4729617],[11.0624676,47.4728911],[11.0625501,47.4729162],[11.0625099,47.4729765],[11.0625245,47.4729809],[11.062496,47.4730237],[11.0623798,47.4729884]]]}},{"type":"Feature","id":"building-255180263","properties":{"kind":"building","name":"Alpine building","height":7.2},"geometry":{"type":"Polygon","coordinates":[[[11.0584638,47.4714813],[11.0584997,47.4714159],[11.058404,47.4713919],[11.0583681,47.4714573],[11.0584638,47.4714813]]]}},{"type":"Feature","id":"building-1491155382","properties":{"kind":"building","name":"Alpine building","height":5.0},"geometry":{"type":"Polygon","coordinates":[[[11.0632888,47.4731131],[11.0633015,47.4730613],[11.0633581,47.4730672],[11.0633464,47.4731182],[11.0632888,47.4731131]]]}},{"type":"Feature","id":"building-303473365","properties":{"kind":"building","name":"Alpine building","height":7.2},"geometry":{"type":"Polygon","coordinates":[[[11.056895,47.4697611],[11.0568085,47.4697297],[11.0568462,47.4696824],[11.0569326,47.4697139],[11.056895,47.4697611]]]}},{"type":"Feature","id":"building-1018907132","properties":{"kind":"building","name":"Alpine building","height":7.2},"geometry":{"type":"Polygon","coordinates":[[[11.066781,47.4631454],[11.0668766,47.4631768],[11.0669214,47.4631147],[11.0668259,47.4630832],[11.066781,47.4631454]]]}},{"type":"Feature","id":"building-1490910254","properties":{"kind":"building","name":"Alpine building","height":6.0},"geometry":{"type":"Polygon","coordinates":[[[11.0563341,47.4693741],[11.0563481,47.4693136],[11.0564698,47.4693265],[11.0564558,47.469387],[11.0563341,47.4693741]]]}},{"type":"Feature","id":"building-255180276","properties":{"kind":"building","name":"Alpine building","height":6.0},"geometry":{"type":"Polygon","coordinates":[[[11.0564126,47.4695788],[11.0564454,47.4694262],[11.0563191,47.4694139],[11.0562864,47.4695664],[11.0564126,47.4695788]]]}},{"type":"Feature","id":"building-303475672","properties":{"kind":"building","name":"Alpine building","height":7.2},"geometry":{"type":"Polygon","coordinates":[[[11.0609509,47.472996],[11.0608932,47.4729751],[11.0609282,47.4729315],[11.060986,47.4729524],[11.0609509,47.472996]]]}},{"type":"Feature","id":"building-102948921","properties":{"kind":"building","name":"Alpine building","height":7.2},"geometry":{"type":"Polygon","coordinates":[[[11.0645433,47.4734606],[11.0643946,47.4733612],[11.0645001,47.4732891],[11.0646488,47.4733885],[11.0645433,47.4734606]]]}},{"type":"Feature","id":"building-1454834636","properties":{"kind":"building","name":"Alpine building","height":7.2},"geometry":{"type":"Polygon","coordinates":[[[11.0702179,47.4646628],[11.0702921,47.4646527],[11.0702764,47.4646001],[11.0702022,47.4646103],[11.0702179,47.4646628]]]}},{"type":"Feature","id":"building-1210333256","properties":{"kind":"building","name":"Alpine building","height":7.0},"geometry":{"type":"Polygon","coordinates":[[[11.063025,47.4734837],[11.0631351,47.4734471],[11.0630658,47.473352],[11.0629557,47.4733886],[11.063025,47.4734837]]]}},{"type":"Feature","id":"building-255180335","properties":{"kind":"building","name":"Alpine building","height":7.2},"geometry":{"type":"Polygon","coordinates":[[[11.0580439,47.4718361],[11.0582179,47.471881],[11.0582595,47.4718073],[11.0580854,47.4717624],[11.0580439,47.4718361]]]}},{"type":"Feature","id":"building-255180272","properties":{"kind":"building","name":"Alpine building","height":7.2},"geometry":{"type":"Polygon","coordinates":[[[11.0569319,47.471064],[11.0570814,47.4711201],[11.057176,47.4710051],[11.0570264,47.4709489],[11.0569319,47.471064]]]}},{"type":"Feature","id":"building-102948919","properties":{"kind":"building","name":"Alpine building","height":7.2},"geometry":{"type":"Polygon","coordinates":[[[11.0653473,47.4736868],[11.0655634,47.4736287],[11.0654966,47.4735152],[11.0652804,47.4735734],[11.0653473,47.4736868]]]}},{"type":"Feature","id":"building-1414212699","properties":{"kind":"building","name":"Alpine building","height":3},"geometry":{"type":"Polygon","coordinates":[[[11.0608648,47.4733174],[11.0609446,47.4733144],[11.0609431,47.4732956],[11.0608632,47.4732986],[11.0608648,47.4733174]]]}},{"type":"Feature","id":"building-255180281","properties":{"kind":"building","name":"Alpine building","height":5.0},"geometry":{"type":"Polygon","coordinates":[[[11.0557019,47.4691605],[11.0557103,47.4691466],[11.055735,47.4691546],[11.0557626,47.4691094],[11.0557348,47.4691016],[11.0557406,47.4690921],[11.055647,47.4690659],[11.0556057,47.4691334],[11.0557019,47.4691605]]]}},{"type":"Feature","id":"building-303475957","properties":{"kind":"building","name":"Alpine building","height":6.0},"geometry":{"type":"Polygon","coordinates":[[[11.0601176,47.473111],[11.0601488,47.473092],[11.0602005,47.4730605],[11.0602588,47.4730974],[11.0602056,47.4731307],[11.0601706,47.4731527],[11.0601176,47.473111]]]}},{"type":"Feature","id":"building-255180332","properties":{"kind":"building","name":"Alpine building","height":7.2},"geometry":{"type":"Polygon","coordinates":[[[11.0578118,47.4720528],[11.0579127,47.4720767],[11.0579486,47.4720076],[11.0578477,47.4719837],[11.0578118,47.4720528]]]}},{"type":"Feature","id":"building-102948906","properties":{"kind":"building","name":"Alpine building","height":7.2},"geometry":{"type":"Polygon","coordinates":[[[11.0658382,47.4736303],[11.0660098,47.4737322],[11.066137,47.4736343],[11.0659653,47.4735324],[11.0658382,47.4736303]]]}},{"type":"Feature","id":"building-738169971","properties":{"kind":"building","name":"Alpine building","height":7.2},"geometry":{"type":"Polygon","coordinates":[[[11.0658819,47.4737735],[11.0659225,47.4737504],[11.0658764,47.4737135],[11.0657858,47.4737651],[11.0658319,47.473802],[11.0658819,47.4737735]]]}},{"type":"Feature","id":"building-255180251","properties":{"kind":"building","name":"Alpine building","height":5.0},"geometry":{"type":"Polygon","coordinates":[[[11.0553972,47.4690778],[11.0554398,47.4690092],[11.0553456,47.4689825],[11.0553387,47.4689936],[11.0553127,47.4689862],[11.055285,47.4690308],[11.0553117,47.4690384],[11.0553037,47.4690512],[11.0553972,47.4690778]]]}},{"type":"Feature","id":"building-738169972","properties":{"kind":"building","name":"Alpine building","height":7.2},"geometry":{"type":"Polygon","coordinates":[[[11.0658554,47.473855],[11.0659303,47.4738123],[11.0658819,47.4737735],[11.0658319,47.473802],[11.065807,47.4738162],[11.0658554,47.473855]]]}},{"type":"Feature","id":"building-255180301","properties":{"kind":"building","name":"Alpine building","height":7.2},"geometry":{"type":"Polygon","coordinates":[[[11.0565374,47.4712703],[11.0565727,47.4712026],[11.0564268,47.4711679],[11.0563916,47.4712356],[11.0565374,47.4712703]]]}},{"type":"Feature","id":"building-255180309","properties":{"kind":"building","name":"Alpine building","height":7.2},"geometry":{"type":"Polygon","coordinates":[[[11.0551247,47.4682135],[11.0551652,47.4681354],[11.0550558,47.4681095],[11.0550153,47.4681876],[11.0551247,47.4682135]]]}},{"type":"Feature","id":"building-102948909","properties":{"kind":"building","name":"Alpine building","height":7.2},"geometry":{"type":"Polygon","coordinates":[[[11.0640707,47.474191],[11.0641986,47.4741036],[11.0642665,47.474149],[11.0641386,47.4742364],[11.0640707,47.474191]]]}},{"type":"Feature","id":"building-255180298","properties":{"kind":"building","name":"Alpine building","height":7.2},"geometry":{"type":"Polygon","coordinates":[[[11.0557675,47.4708284],[11.0559215,47.4708759],[11.0559642,47.4708125],[11.0558103,47.470765],[11.0557675,47.4708284]]]}},{"type":"Feature","id":"building-255180258","properties":{"kind":"building","name":"Alpine building","height":7.2},"geometry":{"type":"Polygon","coordinates":[[[11.0570686,47.472092],[11.0571045,47.4720248],[11.0570024,47.4719998],[11.0569665,47.4720671],[11.0570686,47.472092]]]}},{"type":"Feature","id":"building-1018907190","properties":{"kind":"building","name":"Alpine building","height":7.2},"geometry":{"type":"Polygon","coordinates":[[[11.0548289,47.4672664],[11.0548886,47.4672312],[11.0548288,47.4671848],[11.0547691,47.46722],[11.0548289,47.4672664]]]}},{"type":"Feature","id":"building-255180297","properties":{"kind":"building","name":"Alpine building","height":7.2},"geometry":{"type":"Polygon","coordinates":[[[11.0566928,47.4719463],[11.0568243,47.4719819],[11.0568795,47.4718885],[11.0567481,47.471853],[11.0566928,47.4719463]]]}},{"type":"Feature","id":"building-255180300","properties":{"kind":"building","name":"Alpine building","height":7.2},"geometry":{"type":"Polygon","coordinates":[[[11.0567674,47.4722489],[11.0568973,47.4722713],[11.0569331,47.4721765],[11.0568032,47.4721541],[11.0567674,47.4722489]]]}},{"type":"Feature","id":"building-303475154","properties":{"kind":"building","name":"Alpine building","height":7.2},"geometry":{"type":"Polygon","coordinates":[[[11.0585626,47.4732871],[11.0584737,47.473274],[11.0584899,47.4732236],[11.0585788,47.4732366],[11.0585626,47.4732871]]]}},{"type":"Feature","id":"building-1491155421","properties":{"kind":"building","name":"Aule-Alm","height":5.0},"geometry":{"type":"Polygon","coordinates":[[[11.0654893,47.4744291],[11.0655123,47.4743849],[11.0655575,47.4743957],[11.0655344,47.4744399],[11.0654893,47.4744291]]]}},{"type":"Feature","id":"building-255180267","properties":{"kind":"building","name":"Alpine building","height":7.2},"geometry":{"type":"Polygon","coordinates":[[[11.0551974,47.4711187],[11.0552982,47.4711521],[11.0553657,47.471059],[11.055265,47.4710256],[11.0551974,47.4711187]]]}},{"type":"Feature","id":"building-255180313","properties":{"kind":"building","name":"Alpine building","height":7.2},"geometry":{"type":"Polygon","coordinates":[[[11.0544173,47.4696065],[11.0544907,47.4695187],[11.054352,47.4694657],[11.0542785,47.4695535],[11.0544173,47.4696065]]]}},{"type":"Feature","id":"building-1018907191","properties":{"kind":"building","name":"Alpine building","height":7.2},"geometry":{"type":"Polygon","coordinates":[[[11.05425,47.4668023],[11.0543034,47.466775],[11.0542659,47.4667414],[11.0542125,47.4667687],[11.05425,47.4668023]]]}},{"type":"Feature","id":"building-303476162","properties":{"kind":"building","name":"Alpine building","height":7.0},"geometry":{"type":"Polygon","coordinates":[[[11.0607229,47.4743954],[11.0606912,47.4743765],[11.0606237,47.4743351],[11.060693,47.4742879],[11.0607539,47.4743286],[11.0607856,47.4743476],[11.0607229,47.4743954]]]}},{"type":"Feature","id":"building-100477854","properties":{"kind":"building","name":"Alpine building","height":7.2},"geometry":{"type":"Polygon","coordinates":[[[11.0621278,47.4746339],[11.0622099,47.4746601],[11.0622582,47.4745906],[11.062176,47.4745645],[11.0621278,47.4746339]]]}},{"type":"Feature","id":"building-255180325","properties":{"kind":"building","name":"Alpine building","height":7.2},"geometry":{"type":"Polygon","coordinates":[[[11.0562314,47.4724618],[11.056306,47.4723329],[11.0561577,47.4722937],[11.0560831,47.4724225],[11.0562314,47.4724618]]]}},{"type":"Feature","id":"building-100477829","properties":{"kind":"building","name":"Alpine building","height":7.2},"geometry":{"type":"Polygon","coordinates":[[[11.0627767,47.4748445],[11.0628224,47.4748063],[11.0627611,47.4747728],[11.0627154,47.474811],[11.0627767,47.4748445]]]}},{"type":"Feature","id":"building-255180256","properties":{"kind":"building","name":"Alpine building","height":7.2},"geometry":{"type":"Polygon","coordinates":[[[11.0541941,47.4699127],[11.0542677,47.4699452],[11.0543074,47.4699041],[11.0542337,47.4698716],[11.0541941,47.4699127]]]}},{"type":"Feature","id":"building-255180287","properties":{"kind":"building","name":"Alpine building","height":7.2},"geometry":{"type":"Polygon","coordinates":[[[11.0539417,47.4690033],[11.0539776,47.4689486],[11.0539573,47.4689425],[11.0539956,47.4688842],[11.0538979,47.4688549],[11.0538621,47.4689095],[11.0538459,47.4689046],[11.0538075,47.468963],[11.0539417,47.4690033]]]}},{"type":"Feature","id":"building-100477833","properties":{"kind":"building","name":"Alpine building","height":7.2},"geometry":{"type":"Polygon","coordinates":[[[11.0629363,47.4750843],[11.062985,47.4750487],[11.0629348,47.4750172],[11.0628861,47.4750528],[11.0629363,47.4750843]]]}},{"type":"Feature","id":"building-303476117","properties":{"kind":"building","name":"Alpine building","height":7.2},"geometry":{"type":"Polygon","coordinates":[[[11.0607356,47.4748526],[11.060679,47.4748012],[11.0607649,47.474758],[11.0608215,47.4748094],[11.0607356,47.4748526]]]}},{"type":"Feature","id":"building-255180329","properties":{"kind":"building","name":"Alpine building","height":7.2},"geometry":{"type":"Polygon","coordinates":[[[11.0560187,47.4727867],[11.0560601,47.4726709],[11.055963,47.4726551],[11.0559215,47.4727709],[11.0560187,47.4727867]]]}},{"type":"Feature","id":"building-1140560728","properties":{"kind":"building","name":"Alpine building","height":7.2},"geometry":{"type":"Polygon","coordinates":[[[11.059919,47.4613816],[11.0599403,47.4613269],[11.059862,47.461313],[11.0598407,47.4613676],[11.059919,47.4613816]]]}},{"type":"Feature","id":"building-303471782","properties":{"kind":"building","name":"Alpine building","height":7.2},"geometry":{"type":"Polygon","coordinates":[[[11.0550458,47.4720679],[11.0549944,47.4720369],[11.0550357,47.4720055],[11.0550871,47.4720365],[11.0550458,47.4720679]]]}},{"type":"Feature","id":"building-303471936","properties":{"kind":"building","name":"Alpine building","height":7.2},"geometry":{"type":"Polygon","coordinates":[[[11.0557731,47.4727546],[11.0556955,47.4727441],[11.0557135,47.4726832],[11.0557911,47.4726937],[11.0557731,47.4727546]]]}},{"type":"Feature","id":"building-1491155412","properties":{"kind":"building","name":"Alpine building","height":7.2},"geometry":{"type":"Polygon","coordinates":[[[11.0684064,47.4746844],[11.0684319,47.4746878],[11.0684441,47.4746756],[11.0684399,47.4746623],[11.068412,47.4746595],[11.0684,47.4746713],[11.0684064,47.4746844]]]}},{"type":"Feature","id":"building-303476370","properties":{"kind":"building","name":"Alpine building","height":7.2},"geometry":{"type":"Polygon","coordinates":[[[11.0588187,47.4745502],[11.058737,47.4745138],[11.0587977,47.4744515],[11.0588795,47.4744879],[11.0588187,47.4745502]]]}},{"type":"Feature","id":"building-303476381","properties":{"kind":"building","name":"Alpine building","height":7.2},"geometry":{"type":"Polygon","coordinates":[[[11.0591382,47.4746642],[11.0590523,47.4746312],[11.059094,47.4745816],[11.0591799,47.4746146],[11.0591382,47.4746642]]]}},{"type":"Feature","id":"building-303471152","properties":{"kind":"building","name":"Alpine building","height":7.2},"geometry":{"type":"Polygon","coordinates":[[[11.0531749,47.4669777],[11.0531093,47.4669504],[11.0531507,47.466905],[11.0532163,47.4669323],[11.0531749,47.4669777]]]}},{"type":"Feature","id":"building-255180264","properties":{"kind":"building","name":"Alpine building","height":7.2},"geometry":{"type":"Polygon","coordinates":[[[11.0540817,47.4712612],[11.0541605,47.4712973],[11.0542118,47.4712462],[11.054133,47.4712101],[11.0540817,47.4712612]]]}},{"type":"Feature","id":"building-303476454","properties":{"kind":"building","name":"Alpine building","height":7.2},"geometry":{"type":"Polygon","coordinates":[[[11.0594815,47.4747948],[11.059393,47.4747695],[11.0594277,47.4747139],[11.0595162,47.4747392],[11.0594815,47.4747948]]]}},{"type":"Feature","id":"building-100477876","properties":{"kind":"building","name":"Alpine building","height":7.2},"geometry":{"type":"Polygon","coordinates":[[[11.0637837,47.4754974],[11.0638655,47.4754451],[11.063783,47.4753862],[11.0637012,47.4754384],[11.0637837,47.4754974]]]}},{"type":"Feature","id":"building-255180326","properties":{"kind":"building","name":"Alpine building","height":7.2},"geometry":{"type":"Polygon","coordinates":[[[11.053568,47.4706895],[11.0537212,47.470761],[11.0538026,47.4706812],[11.0536494,47.4706097],[11.053568,47.4706895]]]}},{"type":"Feature","id":"building-303471941","properties":{"kind":"building","name":"Alpine building","height":7.2},"geometry":{"type":"Polygon","coordinates":[[[11.0557941,47.4730297],[11.0556965,47.4730192],[11.0557145,47.4729428],[11.055812,47.4729533],[11.0557941,47.4730297]]]}},{"type":"Feature","id":"building-100477828","properties":{"kind":"building","name":"Alpine building","height":7.2},"geometry":{"type":"Polygon","coordinates":[[[11.0621759,47.4754193],[11.0621202,47.4753854],[11.0621838,47.4753376],[11.0622395,47.4753715],[11.0621759,47.4754193]]]}},{"type":"Feature","id":"building-1018907187","properties":{"kind":"building","name":"Alpine building","height":7.2},"geometry":{"type":"Polygon","coordinates":[[[11.0750548,47.4681236],[11.075132,47.4681131],[11.0751197,47.4680718],[11.0750425,47.4680824],[11.0750548,47.4681236]]]}},{"type":"Feature","id":"building-62092224","properties":{"kind":"building","name":"Alpine building","height":7.2},"geometry":{"type":"Polygon","coordinates":[[[11.0666922,47.4606673],[11.0666922,47.4607976],[11.0671451,47.4607976],[11.0671451,47.4606673],[11.0666922,47.4606673]]]}},{"type":"Feature","id":"building-1199439409","properties":{"kind":"building","name":"Alpine building","height":7.2},"geometry":{"type":"Polygon","coordinates":[[[11.0713218,47.4736049],[11.0714574,47.4736238],[11.0714311,47.4737101],[11.0712955,47.4736912],[11.0713218,47.4736049]]]}},{"type":"Feature","id":"building-255180249","properties":{"kind":"building","name":"Alpine building","height":7.2},"geometry":{"type":"Polygon","coordinates":[[[11.0534042,47.470611],[11.0535411,47.4706679],[11.0536045,47.4705983],[11.0534676,47.4705413],[11.0534042,47.470611]]]}},{"type":"Feature","id":"building-26923567","properties":{"kind":"building","name":"Aule-Alm","height":7.2},"geometry":{"type":"Polygon","coordinates":[[[11.0683478,47.4751458],[11.0680417,47.4749491],[11.0683355,47.4747408],[11.0684912,47.474844],[11.0684706,47.4748587],[11.0685366,47.474907],[11.0685367,47.4749082],[11.0685387,47.4749314],[11.0685328,47.4749481],[11.0685159,47.4749644],[11.0685151,47.4749652],[11.0684939,47.4749775],[11.0684508,47.4750025],[11.0685094,47.4750433],[11.0683478,47.4751458]]]}},{"type":"Feature","id":"building-303476508","properties":{"kind":"building","name":"Alpine building","height":7.2},"geometry":{"type":"Polygon","coordinates":[[[11.0593903,47.474933],[11.0593146,47.4749016],[11.0593591,47.4748526],[11.0594347,47.474884],[11.0593903,47.474933]]]}},{"type":"Feature","id":"building-303472226","properties":{"kind":"building","name":"Alpine building","height":7.2},"geometry":{"type":"Polygon","coordinates":[[[11.0560285,47.4733207],[11.0559163,47.473313],[11.0559261,47.473248],[11.0560383,47.4732557],[11.0560285,47.4733207]]]}},{"type":"Feature","id":"building-303476565","properties":{"kind":"building","name":"Alpine building","height":7.2},"geometry":{"type":"Polygon","coordinates":[[[11.0596514,47.4751427],[11.0595766,47.4751209],[11.0596134,47.4750632],[11.0596883,47.4750851],[11.0596514,47.4751427]]]}},{"type":"Feature","id":"building-26923634","properties":{"kind":"building","name":"Alpine building","height":7.2},"geometry":{"type":"Polygon","coordinates":[[[11.0682108,47.4751834],[11.068131,47.4751321],[11.0680807,47.4751679],[11.0679784,47.4750996],[11.0678944,47.4751573],[11.0680754,47.4752778],[11.0681111,47.4752544],[11.0681586,47.4752207],[11.0682108,47.4751834]]]}},{"type":"Feature","id":"building-100477872","properties":{"kind":"building","name":"Alpine building","height":7.2},"geometry":{"type":"Polygon","coordinates":[[[11.0644587,47.475776],[11.0645187,47.4757393],[11.0644576,47.4756937],[11.0643976,47.4757304],[11.0644587,47.475776]]]}},{"type":"Feature","id":"building-255180245","properties":{"kind":"building","name":"Alpine building","height":7.2},"geometry":{"type":"Polygon","coordinates":[[[11.0524517,47.4681341],[11.0525336,47.4681653],[11.0525831,47.4681059],[11.0525012,47.4680747],[11.0524517,47.4681341]]]}},{"type":"Feature","id":"building-303472004","properties":{"kind":"building","name":"Alpine building","height":7.2},"geometry":{"type":"Polygon","coordinates":[[[11.0556042,47.4733454],[11.0554554,47.4733362],[11.0554647,47.4732673],[11.0556135,47.4732765],[11.0556042,47.4733454]]]}},{"type":"Feature","id":"building-1414098645","properties":{"kind":"building","name":"Alpine building","height":6.0},"geometry":{"type":"Polygon","coordinates":[[[11.0625647,47.4757743],[11.0626521,47.475812],[11.0627079,47.475753],[11.0626205,47.4757153],[11.0625647,47.4757743]]]}},{"type":"Feature","id":"building-1414098642","properties":{"kind":"building","name":"Alpine building","height":7.0},"geometry":{"type":"Polygon","coordinates":[[[11.0623579,47.4758009],[11.0623122,47.47578],[11.0622009,47.4757291],[11.0622482,47.4756769],[11.0624108,47.4757538],[11.0623579,47.4758009]]]}},{"type":"Feature","id":"building-1018907186","properties":{"kind":"building","name":"Alpine building","height":7.2},"geometry":{"type":"Polygon","coordinates":[[[11.0755224,47.4691446],[11.0756313,47.4691764],[11.0756671,47.4691205],[11.0755582,47.4690887],[11.0755224,47.4691446]]]}},{"type":"Feature","id":"building-1414098643","properties":{"kind":"building","name":"Alpine building","height":5.0},"geometry":{"type":"Polygon","coordinates":[[[11.0622145,47.4758804],[11.0623122,47.47578],[11.062361,47.4758023],[11.0622609,47.4758977],[11.0622145,47.4758804]]]}},{"type":"Feature","id":"building-1414098644","properties":{"kind":"building","name":"Alpine building","height":5.0},"geometry":{"type":"Polygon","coordinates":[[[11.0624447,47.4759157],[11.0625224,47.4759501],[11.0626509,47.4758176],[11.0625731,47.4757831],[11.0624447,47.4759157]]]}},{"type":"Feature","id":"building-303472015","properties":{"kind":"building","name":"Alpine building","height":7.2},"geometry":{"type":"Polygon","coordinates":[[[11.0555067,47.4735185],[11.0554081,47.4734948],[11.055444,47.4734264],[11.0555427,47.4734501],[11.0555067,47.4735185]]]}},{"type":"Feature","id":"building-303471749","properties":{"kind":"building","name":"Alpine building","height":7.2},"geometry":{"type":"Polygon","coordinates":[[[11.0541842,47.472419],[11.0541021,47.4723951],[11.0541338,47.4723455],[11.0542158,47.4723694],[11.0541842,47.472419]]]}},{"type":"Feature","id":"building-1491155427","properties":{"kind":"building","name":"Alpine building","height":6.0},"geometry":{"type":"Polygon","coordinates":[[[11.06787,47.4755446],[11.0679507,47.4755721],[11.0680182,47.4754817],[11.0679375,47.4754541],[11.06787,47.4755446]]]}},{"type":"Feature","id":"building-43117113","properties":{"kind":"building","name":"Alpine building","height":7.0},"geometry":{"type":"Polygon","coordinates":[[[11.0620506,47.4758782],[11.0620983,47.4758289],[11.0622145,47.4758804],[11.0622424,47.4758927],[11.0621946,47.475942],[11.0620506,47.4758782]]]}},{"type":"Feature","id":"building-100477874","properties":{"kind":"building","name":"Alpine building","height":7.2},"geometry":{"type":"Polygon","coordinates":[[[11.0646054,47.4760288],[11.0646533,47.4760036],[11.064605,47.4759618],[11.0645571,47.4759871],[11.0646054,47.4760288]]]}},{"type":"Feature","id":"building-303472204","properties":{"kind":"building","name":"Alpine building","height":7.2},"geometry":{"type":"Polygon","coordinates":[[[11.0556203,47.4737339],[11.0554676,47.4737055],[11.0554975,47.473632],[11.0556502,47.4736604],[11.0556203,47.4737339]]]}},{"type":"Feature","id":"building-314964640","properties":{"kind":"building","name":"Alpine building","height":7.2},"geometry":{"type":"Polygon","coordinates":[[[11.0744681,47.4641034],[11.0744061,47.4640928],[11.074457,47.4639567],[11.074519,47.4639673],[11.0744681,47.4641034]]]}},{"type":"Feature","id":"building-100477835","properties":{"kind":"building","name":"Alpine building","height":7.2},"geometry":{"type":"Polygon","coordinates":[[[11.0645101,47.4761743],[11.0645793,47.4761276],[11.0645182,47.4760863],[11.0644491,47.476133],[11.0645101,47.4761743]]]}},{"type":"Feature","id":"building-1454834634","properties":{"kind":"building","name":"Alpine building","height":7.2},"geometry":{"type":"Polygon","coordinates":[[[11.0760496,47.4685058],[11.0760772,47.4684554],[11.076003,47.4684368],[11.0759754,47.4684873],[11.0760496,47.4685058]]]}},{"type":"Feature","id":"building-255180331","properties":{"kind":"building","name":"Alpine building","height":7.2},"geometry":{"type":"Polygon","coordinates":[[[11.0518717,47.4678304],[11.0519679,47.4678752],[11.0520239,47.4678203],[11.0519277,47.4677755],[11.0518717,47.4678304]]]}},{"type":"Feature","id":"building-314964607","properties":{"kind":"building","name":"Kandahar-Express","height":7.2},"geometry":{"type":"Polygon","coordinates":[[[11.0743961,47.4640749],[11.0743073,47.4640624],[11.0744056,47.463742],[11.0743317,47.4637146],[11.0743619,47.4636774],[11.0745022,47.4637293],[11.0743961,47.4640749]]]}},{"type":"Feature","id":"building-62514142","properties":{"kind":"building","name":"Institut für Meteorologie und Klimaforschung – Institut für atmosphärische Umweltforschung","height":14.0},"geometry":{"type":"Polygon","coordinates":[[[11.0630523,47.4766637],[11.0626812,47.4764854],[11.0628143,47.4763595],[11.0629857,47.4764429],[11.0632679,47.476165],[11.0629063,47.4760041],[11.0627635,47.4761517],[11.0625731,47.4760599],[11.0628439,47.4757861],[11.0630321,47.4758712],[11.0630172,47.4758832],[11.0634007,47.4760607],[11.0634349,47.4760209],[11.0636122,47.4761049],[11.0630523,47.4766637]]]}},{"type":"Feature","id":"building-303471403","properties":{"kind":"building","name":"Alpine building","height":7.2},"geometry":{"type":"Polygon","coordinates":[[[11.052348,47.47014],[11.0522599,47.4701346],[11.0522666,47.4700845],[11.0523548,47.4700899],[11.052348,47.47014]]]}},{"type":"Feature","id":"building-303476635","properties":{"kind":"building","name":"Alpine building","height":7.2},"geometry":{"type":"Polygon","coordinates":[[[11.0599405,47.4757441],[11.0598879,47.4757193],[11.0599339,47.4756749],[11.0599865,47.4756997],[11.0599405,47.4757441]]]}},{"type":"Feature","id":"building-1414098654","properties":{"kind":"building","name":"Alpine building","height":7.2},"geometry":{"type":"Polygon","coordinates":[[[11.0622332,47.4761669],[11.0623063,47.4761968],[11.0623354,47.4761716],[11.0623753,47.4761481],[11.0623974,47.4761397],[11.0624206,47.4761313],[11.0624461,47.4761268],[11.0624809,47.4761218],[11.0625232,47.4761225],[11.0625419,47.4761227],[11.0625631,47.4760685],[11.0624608,47.4760692],[11.0623998,47.4760724],[11.0623649,47.4760801],[11.0623394,47.4760896],[11.0623069,47.4761021],[11.0622811,47.4761211],[11.0622539,47.4761408],[11.0622332,47.4761669]]]}},{"type":"Feature","id":"building-905991301","properties":{"kind":"building","name":"Alpine building","height":7.2},"geometry":{"type":"Polygon","coordinates":[[[11.0670808,47.4759189],[11.0672159,47.47598],[11.0672938,47.4759013],[11.0671587,47.4758402],[11.0670808,47.4759189]]]}},{"type":"Feature","id":"building-230766896","properties":{"kind":"building","name":"Alpine building","height":7.2},"geometry":{"type":"Polygon","coordinates":[[[11.0521261,47.4702314],[11.052162,47.4701515],[11.0523135,47.4701826],[11.0522776,47.4702625],[11.0521261,47.4702314]]]}},{"type":"Feature","id":"building-303472155","properties":{"kind":"building","name":"Alpine building","height":7.2},"geometry":{"type":"Polygon","coordinates":[[[11.0554615,47.4739229],[11.055329,47.473902],[11.0553518,47.4738358],[11.0554843,47.4738566],[11.0554615,47.4739229]]]}},{"type":"Feature","id":"building-303476707","properties":{"kind":"building","name":"Alpine building","height":7.2},"geometry":{"type":"Polygon","coordinates":[[[11.0584972,47.4754393],[11.0584362,47.4754233],[11.0584676,47.4753687],[11.0585286,47.4753847],[11.0584972,47.4754393]]]}},{"type":"Feature","id":"building-905991300","properties":{"kind":"building","name":"Alpine building","height":7.2},"geometry":{"type":"Polygon","coordinates":[[[11.0672329,47.4760368],[11.0672852,47.476083],[11.0673504,47.4760493],[11.0672981,47.4760031],[11.0672329,47.4760368]]]}},{"type":"Feature","id":"building-303472087","properties":{"kind":"building","name":"Alpine building","height":7.2},"geometry":{"type":"Polygon","coordinates":[[[11.0551265,47.4738041],[11.0549793,47.4737907],[11.0549929,47.4737224],[11.0551401,47.4737359],[11.0551265,47.4738041]]]}},{"type":"Feature","id":"building-1414098647","properties":{"kind":"building","name":"Alpine building","height":9.0},"geometry":{"type":"Polygon","coordinates":[[[11.0626723,47.4764675],[11.0627452,47.4763938],[11.0625758,47.4763172],[11.0625029,47.4763909],[11.0626723,47.4764675]]]}},{"type":"Feature","id":"building-1030141353","properties":{"kind":"building","name":"Alpine building","height":7.2},"geometry":{"type":"Polygon","coordinates":[[[11.0689177,47.4603076],[11.0690153,47.4603387],[11.0690615,47.4602725],[11.0691794,47.4603101],[11.0692459,47.4602146],[11.069005,47.4601378],[11.0689472,47.4602207],[11.0689726,47.4602288],[11.0689177,47.4603076]]]}},{"type":"Feature","id":"building-36788291","properties":{"kind":"building","name":"Alpine building","height":7.2},"geometry":{"type":"Polygon","coordinates":[[[11.0612775,47.4764028],[11.06142,47.4764914],[11.0615433,47.4764008],[11.0614949,47.4763707],[11.0615902,47.4763008],[11.0614961,47.4762423],[11.0612775,47.4764028]]]}},{"type":"Feature","id":"building-243101438","properties":{"kind":"building","name":"Alpine building","height":7.2},"geometry":{"type":"Polygon","coordinates":[[[11.0520624,47.4710382],[11.0521805,47.4710929],[11.0522761,47.4709987],[11.052158,47.470944],[11.0520624,47.4710382]]]}},{"type":"Feature","id":"building-303476708","properties":{"kind":"building","name":"Alpine building","height":7.2},"geometry":{"type":"Polygon","coordinates":[[[11.0585155,47.4757709],[11.0584326,47.4757541],[11.058461,47.4756903],[11.0585438,47.4757071],[11.0585155,47.4757709]]]}},{"type":"Feature","id":"building-102948922","properties":{"kind":"building","name":"Alpine building","height":5.0},"geometry":{"type":"Polygon","coordinates":[[[11.0626212,47.4765783],[11.0626571,47.4765505],[11.062742,47.4766006],[11.0627062,47.4766284],[11.0626212,47.4765783]]]}},{"type":"Feature","id":"building-303471592","properties":{"kind":"building","name":"Alpine building","height":7.2},"geometry":{"type":"Polygon","coordinates":[[[11.0523253,47.4715966],[11.0522644,47.4715891],[11.052276,47.471546],[11.0523369,47.4715535],[11.0523253,47.4715966]]]}},{"type":"Feature","id":"building-303476862","properties":{"kind":"building","name":"Alpine building","height":7.2},"geometry":{"type":"Polygon","coordinates":[[[11.0599541,47.4762779],[11.0599041,47.4762403],[11.0599662,47.4762026],[11.0600162,47.4762401],[11.0599541,47.4762779]]]}},{"type":"Feature","id":"building-303477031","properties":{"kind":"building","name":"Alpine building","height":7.2},"geometry":{"type":"Polygon","coordinates":[[[11.0606127,47.4764683],[11.0605417,47.4764155],[11.0606148,47.4763706],[11.0606857,47.4764234],[11.0606127,47.4764683]]]}},{"type":"Feature","id":"building-1252647278","properties":{"kind":"building","name":"Alpine building","height":7.2},"geometry":{"type":"Polygon","coordinates":[[[11.0510377,47.4675255],[11.0511284,47.4675617],[11.0511774,47.4675094],[11.0510833,47.467472],[11.0510377,47.4675255]]]}},{"type":"Feature","id":"building-102948901","properties":{"kind":"building","name":"Alpine building","height":5.0},"geometry":{"type":"Polygon","coordinates":[[[11.0631877,47.476601],[11.0632494,47.4766253],[11.0633095,47.4766589],[11.0633343,47.4766887],[11.0633519,47.4767235],[11.0633256,47.4767616],[11.0632915,47.4767862],[11.0632498,47.476804],[11.0632003,47.4768122],[11.0630824,47.4767658],[11.0629996,47.4767286],[11.0629502,47.476767],[11.0630192,47.4768058],[11.0630795,47.4768337],[11.0631368,47.4768527],[11.063199,47.4768632],[11.0632705,47.4768549],[11.0633348,47.4768365],[11.0633776,47.4768109],[11.0634001,47.4767805],[11.0634174,47.4767583],[11.0634264,47.4767246],[11.0634351,47.4767043],[11.0634401,47.4766831],[11.0634327,47.476661],[11.0634141,47.4766309],[11.0632649,47.476548],[11.0631877,47.476601]]]}},{"type":"Feature","id":"building-43117111","properties":{"kind":"building","name":"Alpine building","height":7.2},"geometry":{"type":"Polygon","coordinates":[[[11.0618058,47.4766685],[11.0619322,47.4765802],[11.062042,47.476652],[11.0619157,47.4767403],[11.0618058,47.4766685]]]}},{"type":"Feature","id":"building-243101441","properties":{"kind":"building","name":"Alpine building","height":7.2},"geometry":{"type":"Polygon","coordinates":[[[11.0526872,47.472425],[11.052839,47.4724828],[11.0528914,47.4724199],[11.0527396,47.4723621],[11.0526872,47.472425]]]}},{"type":"Feature","id":"building-100477864","properties":{"kind":"building","name":"Alpine building","height":7.2},"geometry":{"type":"Polygon","coordinates":[[[11.0635231,47.4767749],[11.0635699,47.4767327],[11.0636378,47.4767671],[11.0635909,47.4768093],[11.0635231,47.4767749]]]}},{"type":"Feature","id":"building-303476729","properties":{"kind":"building","name":"Alpine building","height":7.2},"geometry":{"type":"Polygon","coordinates":[[[11.0587693,47.4760836],[11.0586783,47.4760517],[11.058725,47.4759909],[11.058816,47.4760228],[11.0587693,47.4760836]]]}},{"type":"Feature","id":"building-102948902","properties":{"kind":"building","name":"Alpine building","height":7.0},"geometry":{"type":"Polygon","coordinates":[[[11.0625894,47.4768274],[11.0627152,47.4767598],[11.0626375,47.4766937],[11.0625117,47.4767612],[11.0625894,47.4768274]]]}},{"type":"Feature","id":"building-303471456","properties":{"kind":"building","name":"Alpine building","height":7.2},"geometry":{"type":"Polygon","coordinates":[[[11.0523052,47.4718548],[11.0522041,47.4718688],[11.052182,47.4717961],[11.0522832,47.4717821],[11.0523052,47.4718548]]]}},{"type":"Feature","id":"building-100477863","properties":{"kind":"building","name":"Alpine building","height":7.2},"geometry":{"type":"Polygon","coordinates":[[[11.0641639,47.4768761],[11.0641086,47.4768387],[11.0641819,47.4767891],[11.0642373,47.4768265],[11.0641639,47.4768761]]]}},{"type":"Feature","id":"building-1030141351","properties":{"kind":"building","name":"Alpine building","height":7.2},"geometry":{"type":"Polygon","coordinates":[[[11.0700596,47.4601954],[11.070116,47.4602248],[11.0701642,47.4601825],[11.0701078,47.4601531],[11.0700596,47.4601954]]]}},{"type":"Feature","id":"building-1414098630","properties":{"kind":"building","name":"Alpine building","height":7.2},"geometry":{"type":"Polygon","coordinates":[[[11.0627399,47.4767879],[11.0627857,47.4767638],[11.0628418,47.4768092],[11.0628002,47.4768349],[11.0627399,47.4767879]]]}},{"type":"Feature","id":"building-255179788","properties":{"kind":"building","name":"Alpine building","height":7.2},"geometry":{"type":"Polygon","coordinates":[[[11.0509491,47.4673012],[11.051038,47.4672719],[11.0509862,47.4672113],[11.0509029,47.46724],[11.0509491,47.4673012]]]}},{"type":"Feature","id":"building-255528732","properties":{"kind":"building","name":"Alpine building","height":7.2},"geometry":{"type":"Polygon","coordinates":[[[11.0509293,47.4668492],[11.0510765,47.4668752],[11.0511383,47.4667155],[11.0510664,47.4667028],[11.0510327,47.4667901],[11.0509573,47.4667768],[11.0509293,47.4668492]]]}},{"type":"Feature","id":"building-255179794","properties":{"kind":"building","name":"Alpine building","height":7.2},"geometry":{"type":"Polygon","coordinates":[[[11.050797,47.4673986],[11.0509343,47.4674858],[11.051051,47.4674054],[11.0509137,47.4673164],[11.050797,47.4673986]]]}},{"type":"Feature","id":"building-102948920","properties":{"kind":"building","name":"Alpine building","height":6.0},"geometry":{"type":"Polygon","coordinates":[[[11.0627009,47.4768979],[11.0628037,47.4768376],[11.0628002,47.4768349],[11.0627399,47.4767879],[11.0626371,47.4768482],[11.0627009,47.4768979]]]}},{"type":"Feature","id":"building-303475030","properties":{"kind":"building","name":"Alpine building","height":7.2},"geometry":{"type":"Polygon","coordinates":[[[11.0551845,47.4746795],[11.05511,47.4746548],[11.0551579,47.4745888],[11.0552324,47.4746135],[11.0551845,47.4746795]]]}},{"type":"Feature","id":"building-303477259","properties":{"kind":"building","name":"Alpine building","height":7.2},"geometry":{"type":"Polygon","coordinates":[[[11.0606699,47.4766949],[11.0606213,47.4766611],[11.0607114,47.4766019],[11.06076,47.4766357],[11.0606699,47.4766949]]]}},{"type":"Feature","id":"building-303471435","properties":{"kind":"building","name":"Alpine building","height":7.2},"geometry":{"type":"Polygon","coordinates":[[[11.0520019,47.4718231],[11.0519549,47.4717809],[11.0520224,47.4717466],[11.0520693,47.4717888],[11.0520019,47.4718231]]]}},{"type":"Feature","id":"building-255179810","properties":{"kind":"building","name":"Alpine building","height":7.2},"geometry":{"type":"Polygon","coordinates":[[[11.0507282,47.4672388],[11.0507832,47.4672622],[11.050883,47.4671562],[11.050832,47.4671327],[11.0507282,47.4672388]]]}},{"type":"Feature","id":"building-255179801","properties":{"kind":"building","name":"Alpine building","height":7.2},"geometry":{"type":"Polygon","coordinates":[[[11.0508487,47.4670965],[11.0507668,47.4670651],[11.0507193,47.4671219],[11.0508013,47.4671533],[11.0508487,47.4670965]]]}},{"type":"Feature","id":"building-255528709","properties":{"kind":"building","name":"Alpine building","height":7.2},"geometry":{"type":"Polygon","coordinates":[[[11.0507376,47.4665529],[11.050748,47.4666814],[11.0509906,47.4666724],[11.0509803,47.466544],[11.0507376,47.4665529]]]}},{"type":"Feature","id":"building-102948897","properties":{"kind":"building","name":"Alpine building","height":6.0},"geometry":{"type":"Polygon","coordinates":[[[11.062866,47.477028],[11.0629855,47.4769595],[11.0629038,47.4768944],[11.0627843,47.4769629],[11.062866,47.477028]]]}},{"type":"Feature","id":"building-255179840","properties":{"kind":"building","name":"Alpine building","height":7.2},"geometry":{"type":"Polygon","coordinates":[[[11.0507026,47.4669853],[11.0507465,47.4670644],[11.0508205,47.4670456],[11.0507767,47.4669665],[11.0507026,47.4669853]]]}},{"type":"Feature","id":"building-303475016","properties":{"kind":"building","name":"Alpine building","height":7.2},"geometry":{"type":"Polygon","coordinates":[[[11.0551832,47.4748385],[11.0550509,47.4748047],[11.0550837,47.4747459],[11.055216,47.4747797],[11.0551832,47.4748385]]]}},{"type":"Feature","id":"building-303475180","properties":{"kind":"building","name":"Alpine building","height":7.2},"geometry":{"type":"Polygon","coordinates":[[[11.0559229,47.4752632],[11.0558217,47.4752397],[11.0558552,47.4751738],[11.0559564,47.4751974],[11.0559229,47.4752632]]]}},{"type":"Feature","id":"building-102948898","properties":{"kind":"building","name":"Alpine building","height":7.2},"geometry":{"type":"Polygon","coordinates":[[[11.0649358,47.4771486],[11.0649361,47.4770734],[11.0650988,47.4770737],[11.0650985,47.4771489],[11.0649358,47.4771486]]]}},{"type":"Feature","id":"building-905991310","properties":{"kind":"building","name":"Alpine building","height":7.2},"geometry":{"type":"Polygon","coordinates":[[[11.0504986,47.4675399],[11.0506462,47.4674085],[11.0504915,47.4673292],[11.050344,47.4674606],[11.0504986,47.4675399]]]}},{"type":"Feature","id":"building-102948905","properties":{"kind":"building","name":"Alpine building","height":7.2},"geometry":{"type":"Polygon","coordinates":[[[11.0639202,47.4772082],[11.0640014,47.4770734],[11.0641267,47.4771079],[11.0640455,47.4772427],[11.0639202,47.4772082]]]}},{"type":"Feature","id":"building-255179829","properties":{"kind":"building","name":"Alpine building","height":7.2},"geometry":{"type":"Polygon","coordinates":[[[11.0503391,47.466931],[11.0504779,47.4670014],[11.0505755,47.4669135],[11.0504367,47.4668431],[11.0503391,47.466931]]]}},{"type":"Feature","id":"building-905991311","properties":{"kind":"building","name":"Alpine building","height":7.2},"geometry":{"type":"Polygon","coordinates":[[[11.0504007,47.467743],[11.0504763,47.4676638],[11.050314,47.4675931],[11.0502385,47.4676723],[11.0504007,47.467743]]]}},{"type":"Feature","id":"building-255705838","properties":{"kind":"building","name":"Alpine building","height":7.2},"geometry":{"type":"Polygon","coordinates":[[[11.0503049,47.4680618],[11.0503487,47.4680818],[11.0503791,47.4680514],[11.0503352,47.4680314],[11.0503049,47.4680618]]]}},{"type":"Feature","id":"building-243101445","properties":{"kind":"building","name":"Alpine building","height":7.2},"geometry":{"type":"Polygon","coordinates":[[[11.0514067,47.4715654],[11.0513436,47.4716209],[11.0514707,47.4716871],[11.0515339,47.4716316],[11.0514067,47.4715654]]]}},{"type":"Feature","id":"building-303471725","properties":{"kind":"building","name":"Alpine building","height":7.2},"geometry":{"type":"Polygon","coordinates":[[[11.0524934,47.4730663],[11.0524365,47.4730304],[11.052494,47.4729887],[11.0525509,47.4730246],[11.0524934,47.4730663]]]}},{"type":"Feature","id":"building-835016656","properties":{"kind":"building","name":"Alpine building","height":7.2},"geometry":{"type":"Polygon","coordinates":[[[11.0504284,47.466572],[11.0505652,47.4666048],[11.0505063,47.4667169],[11.0503204,47.4666723],[11.0503518,47.4666126],[11.0504009,47.4666244],[11.0504284,47.466572]]]}},{"type":"Feature","id":"building-255528713","properties":{"kind":"building","name":"Alpine building","height":7.2},"geometry":{"type":"Polygon","coordinates":[[[11.0502435,47.4664141],[11.0503987,47.466459],[11.0504425,47.4663898],[11.0502872,47.4663449],[11.0502435,47.4664141]]]}},{"type":"Feature","id":"building-65198893","properties":{"kind":"building","name":"Bobschuppen (Bobmuseum)","height":7.2},"geometry":{"type":"Polygon","coordinates":[[[11.074269,47.4742644],[11.0743738,47.4742676],[11.0743759,47.4742346],[11.0745058,47.4742385],[11.07451,47.4741742],[11.0743802,47.4741703],[11.074381,47.4741574],[11.0742762,47.4741542],[11.074269,47.4742644]]]}},{"type":"Feature","id":"building-255179859","properties":{"kind":"building","name":"Fewos Ostler","height":7.2},"geometry":{"type":"Polygon","coordinates":[[[11.0501818,47.4673215],[11.0500457,47.4672491],[11.0500999,47.4672026],[11.0500508,47.4671764],[11.0501112,47.4671245],[11.0502764,47.4672124],[11.0502369,47.4672462],[11.050257,47.4672569],[11.0501818,47.4673215]]]}},{"type":"Feature","id":"building-255528737","properties":{"kind":"building","name":"Ferienhaus Rassbichler","height":7.2},"geometry":{"type":"Polygon","coordinates":[[[11.0501527,47.4666452],[11.0502521,47.4666692],[11.0502713,47.4666331],[11.0502966,47.4666392],[11.050352,47.4665343],[11.0502648,47.4665132],[11.0502459,47.466549],[11.0502083,47.4665399],[11.0501527,47.4666452]]]}},{"type":"Feature","id":"building-303477641","properties":{"kind":"building","name":"Alpine building","height":7.2},"geometry":{"type":"Polygon","coordinates":[[[11.0568735,47.4761004],[11.0567992,47.4760847],[11.0568232,47.4760326],[11.0568976,47.4760483],[11.0568735,47.4761004]]]}},{"type":"Feature","id":"building-1475369616","properties":{"kind":"building","name":"Alpine building","height":7.2},"geometry":{"type":"Polygon","coordinates":[[[11.0763079,47.4724567],[11.0763409,47.4724698],[11.076359,47.4724492],[11.0763259,47.472436],[11.0763079,47.4724567]]]}},{"type":"Feature","id":"building-243101425","properties":{"kind":"building","name":"Alpine building","height":7.2},"geometry":{"type":"Polygon","coordinates":[[[11.0513201,47.4719403],[11.0512263,47.4720204],[11.0513073,47.4720638],[11.0514011,47.4719836],[11.0513201,47.4719403]]]}},{"type":"Feature","id":"building-255179827","properties":{"kind":"building","name":"Alpine building","height":7.2},"geometry":{"type":"Polygon","coordinates":[[[11.0500117,47.4675135],[11.0500537,47.4674633],[11.0499942,47.4674406],[11.0499523,47.4674907],[11.0500117,47.4675135]]]}},{"type":"Feature","id":"building-255179852","properties":{"kind":"building","name":"Alpine building","height":7.2},"geometry":{"type":"Polygon","coordinates":[[[11.0499588,47.466961],[11.0499854,47.4669122],[11.0500205,47.466921],[11.050039,47.4668872],[11.0501281,47.4669095],[11.0500829,47.466992],[11.0499588,47.466961]]]}},{"type":"Feature","id":"building-303477837","properties":{"kind":"building","name":"Alpine building","height":7.2},"geometry":{"type":"Polygon","coordinates":[[[11.0572639,47.4763972],[11.0571668,47.4763732],[11.0572045,47.4763035],[11.0573016,47.4763275],[11.0572639,47.4763972]]]}},{"type":"Feature","id":"building-905991309","properties":{"kind":"building","name":"Alpine building","height":7.2},"geometry":{"type":"Polygon","coordinates":[[[11.0499533,47.4667734],[11.0500358,47.4668151],[11.0501329,47.4667273],[11.0500262,47.4667075],[11.0499533,47.4667734]]]}},{"type":"Feature","id":"building-905991299","properties":{"kind":"building","name":"Alpine building","height":7.2},"geometry":{"type":"Polygon","coordinates":[[[11.0685123,47.4770728],[11.0686215,47.477068],[11.0686094,47.4769447],[11.0685003,47.4769496],[11.0685123,47.4770728]]]}},{"type":"Feature","id":"building-255179851","properties":{"kind":"building","name":"Alpine building","height":7.2},"geometry":{"type":"Polygon","coordinates":[[[11.0497826,47.4674284],[11.0498796,47.4673232],[11.0499869,47.4673684],[11.0499734,47.467383],[11.0499968,47.4673929],[11.0499134,47.4674835],[11.0497826,47.4674284]]]}},{"type":"Feature","id":"building-102948925","properties":{"kind":"building","name":"Alpine building","height":7.2},"geometry":{"type":"Polygon","coordinates":[[[11.069567,47.4767682],[11.0696399,47.4767054],[11.0697032,47.4767391],[11.0696302,47.4768018],[11.069567,47.4767682]]]}},{"type":"Feature","id":"building-255528724","properties":{"kind":"building","name":"Alpine building","height":7.2},"geometry":{"type":"Polygon","coordinates":[[[11.0499793,47.4663379],[11.0501574,47.4663795],[11.0501923,47.4663111],[11.0500142,47.4662695],[11.0499793,47.4663379]]]}},{"type":"Feature","id":"building-255528708","properties":{"kind":"building","name":"Alpine building","height":7.2},"geometry":{"type":"Polygon","coordinates":[[[11.0499306,47.4665908],[11.0500014,47.4664497],[11.050126,47.4664783],[11.0500552,47.4666194],[11.0499306,47.4665908]]]}},{"type":"Feature","id":"building-230766610","properties":{"kind":"building","name":"Alpine building","height":7.2},"geometry":{"type":"Polygon","coordinates":[[[11.0498829,47.4687484],[11.0497676,47.4686849],[11.0498847,47.4685945],[11.0500027,47.4686634],[11.0498829,47.4687484]]]}},{"type":"Feature","id":"building-1491155423","properties":{"kind":"building","name":"Alpine building","height":7.2},"geometry":{"type":"Polygon","coordinates":[[[11.0644326,47.4776071],[11.0644319,47.4776018],[11.0644296,47.4775853],[11.0644257,47.4775549],[11.0645221,47.4775491],[11.0645289,47.4776013],[11.0644326,47.4776071]]]}},{"type":"Feature","id":"building-1491155424","properties":{"kind":"building","name":"Alpine building","height":4.5},"geometry":{"type":"Polygon","coordinates":[[[11.0644326,47.4776071],[11.0645289,47.4776013],[11.0645221,47.4775491],[11.0644257,47.4775549],[11.0644296,47.4775853],[11.0644306,47.4775851],[11.0644329,47.4776017],[11.0644319,47.4776018],[11.0644326,47.4776071]]]}},{"type":"Feature","id":"building-303479571","properties":{"kind":"building","name":"Alpine building","height":7.2},"geometry":{"type":"Polygon","coordinates":[[[11.0605071,47.4773396],[11.060458,47.4773108],[11.0605191,47.4772632],[11.0605682,47.477292],[11.0605071,47.4773396]]]}},{"type":"Feature","id":"building-303471645","properties":{"kind":"building","name":"Alpine building","height":7.2},"geometry":{"type":"Polygon","coordinates":[[[11.0515375,47.4726686],[11.0514789,47.4726424],[11.0515245,47.4725958],[11.0515831,47.4726221],[11.0515375,47.4726686]]]}},{"type":"Feature","id":"building-905991298","properties":{"kind":"building","name":"Alpine building","height":7.2},"geometry":{"type":"Polygon","coordinates":[[[11.0690944,47.477023],[11.0691963,47.4769913],[11.0691502,47.4769236],[11.0690483,47.4769553],[11.0690944,47.477023]]]}},{"type":"Feature","id":"building-303480371","properties":{"kind":"building","name":"Alpine building","height":7.2},"geometry":{"type":"Polygon","coordinates":[[[11.0615553,47.4775342],[11.0615049,47.4774926],[11.0616085,47.4774352],[11.0616589,47.4774767],[11.0615553,47.4775342]]]}},{"type":"Feature","id":"building-303481023","properties":{"kind":"building","name":"Alpine building","height":7.2},"geometry":{"type":"Polygon","coordinates":[[[11.0622892,47.477623],[11.0622156,47.4775727],[11.062297,47.4775183],[11.0623706,47.4775687],[11.0622892,47.477623]]]}},{"type":"Feature","id":"building-303474965","properties":{"kind":"building","name":"Alpine building","height":7.2},"geometry":{"type":"Polygon","coordinates":[[[11.0548854,47.4754469],[11.0547416,47.4754068],[11.0547898,47.4753279],[11.0549336,47.475368],[11.0548854,47.4754469]]]}},{"type":"Feature","id":"building-303480103","properties":{"kind":"building","name":"Alpine building","height":7.2},"geometry":{"type":"Polygon","coordinates":[[[11.0613533,47.4775238],[11.0612994,47.4774754],[11.0613811,47.4774337],[11.0614351,47.4774821],[11.0613533,47.4775238]]]}},{"type":"Feature","id":"building-255179795","properties":{"kind":"building","name":"Alpine building","height":7.2},"geometry":{"type":"Polygon","coordinates":[[[11.0498715,47.4670582],[11.0498081,47.4670235],[11.0497076,47.4671075],[11.0497711,47.4671421],[11.0498715,47.4670582]]]}},{"type":"Feature","id":"building-255179823","properties":{"kind":"building","name":"Alpine building","height":7.2},"geometry":{"type":"Polygon","coordinates":[[[11.0497661,47.4670398],[11.0499281,47.4668955],[11.0498306,47.4668455],[11.0496686,47.4669898],[11.0497661,47.4670398]]]}},{"type":"Feature","id":"building-255179858","properties":{"kind":"building","name":"Alpine building","height":7.2},"geometry":{"type":"Polygon","coordinates":[[[11.0496093,47.4672677],[11.0497098,47.4671666],[11.0497956,47.4672056],[11.0497774,47.4672239],[11.0498494,47.4672566],[11.049767,47.4673394],[11.0496093,47.4672677]]]}},{"type":"Feature","id":"building-232372755","properties":{"kind":"building","name":"Alpine building","height":7.2},"geometry":{"type":"Polygon","coordinates":[[[11.0689616,47.4771359],[11.0689122,47.4770516],[11.0690698,47.4770093],[11.0691192,47.4770936],[11.0689616,47.4771359]]]}},{"type":"Feature","id":"building-905991308","properties":{"kind":"building","name":"Alpine building","height":7.2},"geometry":{"type":"Polygon","coordinates":[[[11.0497382,47.4663278],[11.0499381,47.4663659],[11.0499762,47.4662743],[11.0497764,47.4662362],[11.0497382,47.4663278]]]}},{"type":"Feature","id":"building-255528735","properties":{"kind":"building","name":"Alpine building","height":7.2},"geometry":{"type":"Polygon","coordinates":[[[11.0497469,47.4664165],[11.0496934,47.4665377],[11.0498542,47.4665702],[11.049893,47.4664823],[11.0497862,47.4664607],[11.0498009,47.4664274],[11.0497469,47.4664165]]]}},{"type":"Feature","id":"building-255179790","properties":{"kind":"building","name":"Alpine building","height":7.2},"geometry":{"type":"Polygon","coordinates":[[[11.0496925,47.4668791],[11.0497437,47.4668421],[11.0496813,47.4668027],[11.0496302,47.4668398],[11.0496925,47.4668791]]]}},{"type":"Feature","id":"building-255180321","properties":{"kind":"building","name":"Alpine building","height":7.2},"geometry":{"type":"Polygon","coordinates":[[[11.0496403,47.4689511],[11.0497281,47.4688791],[11.0496466,47.4688336],[11.0495588,47.4689056],[11.0496403,47.4689511]]]}},{"type":"Feature","id":"building-243101443","properties":{"kind":"building","name":"Alpine building","height":7.2},"geometry":{"type":"Polygon","coordinates":[[[11.0514432,47.4729102],[11.0515753,47.4729556],[11.0516246,47.47289],[11.0514925,47.4728446],[11.0514432,47.4729102]]]}},{"type":"Feature","id":"building-102948924","properties":{"kind":"building","name":"Alpine building","height":7.2},"geometry":{"type":"Polygon","coordinates":[[[11.0703401,47.4767908],[11.0704755,47.4767884],[11.0704732,47.4767303],[11.0703378,47.4767327],[11.0703401,47.4767908]]]}},{"type":"Feature","id":"building-243101431","properties":{"kind":"building","name":"Alpine building","height":7.2},"geometry":{"type":"Polygon","coordinates":[[[11.0505676,47.4715898],[11.0505009,47.4716461],[11.0505797,47.4716886],[11.0506463,47.4716323],[11.0505676,47.4715898]]]}},{"type":"Feature","id":"building-243101439","properties":{"kind":"building","name":"Alpine building","height":7.2},"geometry":{"type":"Polygon","coordinates":[[[11.0511572,47.4727436],[11.0512802,47.4728045],[11.0513908,47.4727025],[11.0512677,47.4726416],[11.0511572,47.4727436]]]}},{"type":"Feature","id":"building-255179820","properties":{"kind":"building","name":"Alpine building","height":7.2},"geometry":{"type":"Polygon","coordinates":[[[11.0494081,47.4671048],[11.0495439,47.4671826],[11.0496828,47.4670719],[11.049547,47.4669941],[11.0494081,47.4671048]]]}},{"type":"Feature","id":"building-303480585","properties":{"kind":"building","name":"Alpine building","height":7.2},"geometry":{"type":"Polygon","coordinates":[[[11.0614819,47.4777629],[11.0614287,47.4777162],[11.0615572,47.4776493],[11.0616105,47.477696],[11.0614819,47.4777629]]]}},{"type":"Feature","id":"building-255528710","properties":{"kind":"building","name":"Alpine building","height":7.2},"geometry":{"type":"Polygon","coordinates":[[[11.049559,47.4662871],[11.0495885,47.4662037],[11.0497493,47.4662296],[11.0497198,47.466313],[11.049559,47.4662871]]]}},{"type":"Feature","id":"building-303471109","properties":{"kind":"building","name":"Alpine building","height":7.2},"geometry":{"type":"Polygon","coordinates":[[[11.0496845,47.4701034],[11.0496314,47.4700693],[11.0497508,47.4699844],[11.0498039,47.4700185],[11.0496845,47.4701034]]]}},{"type":"Feature","id":"building-303475289","properties":{"kind":"building","name":"Alpine building","height":7.2},"geometry":{"type":"Polygon","coordinates":[[[11.0557359,47.4761838],[11.0556238,47.4761454],[11.0556705,47.4760833],[11.0557826,47.4761217],[11.0557359,47.4761838]]]}},{"type":"Feature","id":"building-255528715","properties":{"kind":"building","name":"Alpine building","height":7.2},"geometry":{"type":"Polygon","coordinates":[[[11.0494486,47.4664695],[11.0495048,47.4663717],[11.0496689,47.4664148],[11.0496127,47.4665126],[11.0494486,47.4664695]]]}},{"type":"Feature","id":"building-102948907","properties":{"kind":"building","name":"Alpine building","height":7.2},"geometry":{"type":"Polygon","coordinates":[[[11.070528,47.476845],[11.07062,47.4767568],[11.0707353,47.4768118],[11.0706432,47.4769],[11.070528,47.476845]]]}},{"type":"Feature","id":"building-255179783","properties":{"kind":"building","name":"Alpine building","height":7.2},"geometry":{"type":"Polygon","coordinates":[[[11.0493959,47.4669682],[11.0495408,47.4668825],[11.0494739,47.4668308],[11.049329,47.4669165],[11.0493959,47.4669682]]]}},{"type":"Feature","id":"building-255179781","properties":{"kind":"building","name":"Alpine building","height":7.2},"geometry":{"type":"Polygon","coordinates":[[[11.0491938,47.4667593],[11.049296,47.4668331],[11.0493959,47.4667699],[11.0493737,47.4667539],[11.0494768,47.4666887],[11.0495274,47.4667252],[11.0496025,47.4666777],[11.049542,47.4666339],[11.0494684,47.4666805],[11.0493984,47.4666298],[11.0491938,47.4667593]]]}},{"type":"Feature","id":"building-243101428","properties":{"kind":"building","name":"Alpine building","height":7.2},"geometry":{"type":"Polygon","coordinates":[[[11.0515243,47.4733597],[11.0516373,47.4733963],[11.0516816,47.4733337],[11.0515686,47.4732971],[11.0515243,47.4733597]]]}},{"type":"Feature","id":"building-243101423","properties":{"kind":"building","name":"Alpine building","height":7.2},"geometry":{"type":"Polygon","coordinates":[[[11.0512682,47.4732016],[11.051335,47.4732178],[11.0513796,47.4731334],[11.0513127,47.4731173],[11.0512682,47.4732016]]]}},{"type":"Feature","id":"building-905991302","properties":{"kind":"building","name":"Alpine building","height":7.2},"geometry":{"type":"Polygon","coordinates":[[[11.05997,47.4777083],[11.05994,47.477648],[11.0600709,47.4776182],[11.0601009,47.4776785],[11.05997,47.4777083]]]}},{"type":"Feature","id":"building-303479025","properties":{"kind":"building","name":"Alpine building","height":7.2},"geometry":{"type":"Polygon","coordinates":[[[11.0595549,47.4776039],[11.059489,47.4775845],[11.0595227,47.4775322],[11.0595885,47.4775515],[11.0595549,47.4776039]]]}},{"type":"Feature","id":"building-255528736","properties":{"kind":"building","name":"Alpine building","height":7.2},"geometry":{"type":"Polygon","coordinates":[[[11.0492178,47.4663999],[11.0492881,47.4662824],[11.0493799,47.4663075],[11.0493583,47.4663437],[11.0494414,47.4663664],[11.0493927,47.4664478],[11.0492178,47.4663999]]]}},{"type":"Feature","id":"building-255179837","properties":{"kind":"building","name":"Fewos Haus Reindl","height":7.2},"geometry":{"type":"Polygon","coordinates":[[[11.0490977,47.467454],[11.0489938,47.4675249],[11.0491152,47.4676062],[11.0492191,47.4675353],[11.0490977,47.467454]]]}},{"type":"Feature","id":"building-303478521","properties":{"kind":"building","name":"Alpine building","height":7.2},"geometry":{"type":"Polygon","coordinates":[[[11.0587439,47.4774846],[11.0586866,47.477445],[11.0587463,47.4774055],[11.0588036,47.477445],[11.0587439,47.4774846]]]}},{"type":"Feature","id":"building-220132761","properties":{"kind":"building","name":"Alpine building","height":7.2},"geometry":{"type":"Polygon","coordinates":[[[11.060014,47.4777965],[11.05997,47.4777083],[11.0601009,47.4776785],[11.0601449,47.4777667],[11.060014,47.4777965]]]}},{"type":"Feature","id":"building-102948912","properties":{"kind":"building","name":"Wasserwerk Tegernau","height":7.2},"geometry":{"type":"Polygon","coordinates":[[[11.0568696,47.4767631],[11.0567857,47.4768444],[11.0566668,47.4767883],[11.056586,47.4768666],[11.0567327,47.4769358],[11.0567866,47.4768835],[11.0571818,47.4770699],[11.0572498,47.477004],[11.0571294,47.4769472],[11.0571722,47.4769058],[11.0568696,47.4767631]]]}},{"type":"Feature","id":"building-104107578","properties":{"kind":"building","name":"Alpine building","height":7.2},"geometry":{"type":"Polygon","coordinates":[[[11.0576385,47.4772319],[11.0577152,47.477267],[11.0578221,47.4771605],[11.0577454,47.4771254],[11.0576385,47.4772319]]]}},{"type":"Feature","id":"building-1154063230","properties":{"kind":"building","name":"Alpine building","height":7.2},"geometry":{"type":"Polygon","coordinates":[[[11.0490722,47.4671828],[11.0489635,47.4671094],[11.0490565,47.4670465],[11.0491652,47.46712],[11.0490722,47.4671828]]]}},{"type":"Feature","id":"building-303478760","properties":{"kind":"building","name":"Alpine building","height":7.2},"geometry":{"type":"Polygon","coordinates":[[[11.0585117,47.4774889],[11.0584781,47.4774704],[11.0585126,47.4774416],[11.0585463,47.4774601],[11.0585117,47.4774889]]]}},{"type":"Feature","id":"building-255179809","properties":{"kind":"building","name":"Alpine building","height":7.2},"geometry":{"type":"Polygon","coordinates":[[[11.0491267,47.4665757],[11.0491949,47.4665272],[11.0491137,47.4664751],[11.0490456,47.4665236],[11.0491267,47.4665757]]]}},{"type":"Feature","id":"building-255179843","properties":{"kind":"building","name":"Alpine building","height":7.2},"geometry":{"type":"Polygon","coordinates":[[[11.0489291,47.4666877],[11.0490566,47.4667643],[11.0491908,47.4666623],[11.0490632,47.4665857],[11.0489291,47.4666877]]]}},{"type":"Feature","id":"building-303474900","properties":{"kind":"building","name":"Alpine building","height":7.2},"geometry":{"type":"Polygon","coordinates":[[[11.0536029,47.4754112],[11.0535127,47.4753728],[11.0535665,47.475315],[11.0536567,47.4753534],[11.0536029,47.4754112]]]}},{"type":"Feature","id":"building-303471303","properties":{"kind":"building","name":"Alpine building","height":7.2},"geometry":{"type":"Polygon","coordinates":[[[11.0506479,47.4727708],[11.0506023,47.472752],[11.0506415,47.4727085],[11.0506871,47.4727273],[11.0506479,47.4727708]]]}},{"type":"Feature","id":"building-255179800","properties":{"kind":"building","name":"Alpine building","height":7.2},"geometry":{"type":"Polygon","coordinates":[[[11.0489272,47.4674212],[11.0488426,47.4674753],[11.0489394,47.4675445],[11.049024,47.4674904],[11.0489272,47.4674212]]]}},{"type":"Feature","id":"building-303474894","properties":{"kind":"building","name":"Alpine building","height":7.2},"geometry":{"type":"Polygon","coordinates":[[[11.0537369,47.4755843],[11.0536046,47.475528],[11.0536874,47.4754392],[11.0538197,47.4754955],[11.0537369,47.4755843]]]}},{"type":"Feature","id":"building-1154063720","properties":{"kind":"building","name":"Alpine building","height":7.2},"geometry":{"type":"Polygon","coordinates":[[[11.0490007,47.4665373],[11.0489514,47.4665089],[11.04902,47.4664545],[11.0490815,47.4664733],[11.0490007,47.4665373]]]}},{"type":"Feature","id":"building-303471293","properties":{"kind":"building","name":"Alpine building","height":7.2},"geometry":{"type":"Polygon","coordinates":[[[11.0505269,47.4727244],[11.0504752,47.4727031],[11.0505147,47.4726592],[11.0505665,47.4726805],[11.0505269,47.4727244]]]}},{"type":"Feature","id":"building-255179857","properties":{"kind":"building","name":"Alpine building","height":7.2},"geometry":{"type":"Polygon","coordinates":[[[11.0487435,47.4676993],[11.0488491,47.4677799],[11.0489903,47.4676954],[11.0488471,47.467586],[11.0487751,47.4676291],[11.0488127,47.4676579],[11.0487435,47.4676993]]]}},{"type":"Feature","id":"building-255179813","properties":{"kind":"building","name":"Alpine building","height":7.2},"geometry":{"type":"Polygon","coordinates":[[[11.0487924,47.4670452],[11.0489098,47.4669641],[11.0487724,47.4668731],[11.048655,47.4669542],[11.0487924,47.4670452]]]}},{"type":"Feature","id":"building-62509971","properties":{"kind":"building","name":"Alpine building","height":7.2},"geometry":{"type":"Polygon","coordinates":[[[11.049913,47.4638349],[11.0498817,47.4638875],[11.0499732,47.4639123],[11.0500044,47.4638598],[11.049913,47.4638349]]]}},{"type":"Feature","id":"building-255179787","properties":{"kind":"building","name":"Alpine building","height":7.2},"geometry":{"type":"Polygon","coordinates":[[[11.0485816,47.4673967],[11.0486896,47.4674799],[11.0488176,47.4674041],[11.0487096,47.4673208],[11.0485816,47.4673967]]]}},{"type":"Feature","id":"building-243101446","properties":{"kind":"building","name":"Alpine building","height":7.2},"geometry":{"type":"Polygon","coordinates":[[[11.0523543,47.4748589],[11.0525343,47.4748947],[11.0525783,47.4747934],[11.0523983,47.4747577],[11.0523543,47.4748589]]]}},{"type":"Feature","id":"building-255179786","properties":{"kind":"building","name":"Alpine building","height":7.2},"geometry":{"type":"Polygon","coordinates":[[[11.0486673,47.4665589],[11.0487717,47.4666286],[11.0489315,47.4665193],[11.048827,47.4664495],[11.0486673,47.4665589]]]}},{"type":"Feature","id":"building-303471271","properties":{"kind":"building","name":"Alpine building","height":7.2},"geometry":{"type":"Polygon","coordinates":[[[11.0502726,47.4727559],[11.0501917,47.4727336],[11.0502216,47.4726841],[11.0503025,47.4727065],[11.0502726,47.4727559]]]}},{"type":"Feature","id":"building-255528719","properties":{"kind":"building","name":"Alpine building","height":7.2},"geometry":{"type":"Polygon","coordinates":[[[11.0486605,47.4662115],[11.0488267,47.4661064],[11.048926,47.4661782],[11.0487598,47.4662833],[11.0486605,47.4662115]]]}},{"type":"Feature","id":"building-255179824","properties":{"kind":"building","name":"Alpine building","height":7.2},"geometry":{"type":"Polygon","coordinates":[[[11.0485308,47.4679398],[11.0486586,47.4678769],[11.0485768,47.4678009],[11.0484489,47.4678639],[11.0485308,47.4679398]]]}},{"type":"Feature","id":"building-835458209","properties":{"kind":"building","name":"Alpine building","height":7.2},"geometry":{"type":"Polygon","coordinates":[[[11.0721905,47.4768838],[11.0722293,47.4768957],[11.0722519,47.4768621],[11.0722131,47.4768502],[11.0721905,47.4768838]]]}},{"type":"Feature","id":"building-303482638","properties":{"kind":"building","name":"Alpine building","height":7.2},"geometry":{"type":"Polygon","coordinates":[[[11.0622216,47.4784905],[11.062156,47.4784448],[11.0621988,47.4784167],[11.0621776,47.478402],[11.0622275,47.4783692],[11.0622435,47.4783804],[11.0622633,47.4783674],[11.0623341,47.4784167],[11.0622216,47.4784905]]]}},{"type":"Feature","id":"building-102948899","properties":{"kind":"building","name":"Alpine building","height":7.2},"geometry":{"type":"Polygon","coordinates":[[[11.0688679,47.4779332],[11.0689057,47.4778948],[11.0689989,47.4779369],[11.0689611,47.4779752],[11.0688679,47.4779332]]]}},{"type":"Feature","id":"building-738169975","properties":{"kind":"building","name":"Alpine building","height":7.2},"geometry":{"type":"Polygon","coordinates":[[[11.0593155,47.4780812],[11.0594185,47.4779935],[11.0593267,47.4779443],[11.0592237,47.4780319],[11.0593155,47.4780812]]]}},{"type":"Feature","id":"building-303481563","properties":{"kind":"building","name":"Alpine building","height":7.2},"geometry":{"type":"Polygon","coordinates":[[[11.0610008,47.4783361],[11.0609521,47.4783063],[11.0610009,47.4782698],[11.0610496,47.4782996],[11.0610008,47.4783361]]]}},{"type":"Feature","id":"building-255179868","properties":{"kind":"building","name":"Alpine building","height":7.2},"geometry":{"type":"Polygon","coordinates":[[[11.048368,47.4675086],[11.0484868,47.4674398],[11.0486145,47.4675406],[11.0484961,47.4676092],[11.0485107,47.4676207],[11.0484664,47.4676463],[11.048412,47.4676034],[11.0484559,47.467578],[11.048368,47.4675086]]]}},{"type":"Feature","id":"building-255179828","properties":{"kind":"building","name":"Alpine building","height":7.2},"geometry":{"type":"Polygon","coordinates":[[[11.0485991,47.4664854],[11.0486682,47.4664361],[11.0486897,47.4664499],[11.0487221,47.4664268],[11.048618,47.46636],[11.0485164,47.4664323],[11.0485991,47.4664854]]]}},{"type":"Feature","id":"building-303474704","properties":{"kind":"building","name":"Alpine building","height":7.2},"geometry":{"type":"Polygon","coordinates":[[[11.0535083,47.4757928],[11.0533976,47.4757655],[11.0534401,47.4756865],[11.0535509,47.4757138],[11.0535083,47.4757928]]]}},{"type":"Feature","id":"building-738169976","properties":{"kind":"building","name":"Alpine building","height":7.2},"geometry":{"type":"Polygon","coordinates":[[[11.0593901,47.4780773],[11.0594736,47.4779906],[11.0596072,47.4780494],[11.0595236,47.4781361],[11.0593901,47.4780773]]]}},{"type":"Feature","id":"building-303474834","properties":{"kind":"building","name":"Alpine building","height":7.2},"geometry":{"type":"Polygon","coordinates":[[[11.054186,47.4762079],[11.0541059,47.4761874],[11.0541472,47.476114],[11.0542272,47.4761345],[11.054186,47.4762079]]]}},{"type":"Feature","id":"building-905991304","properties":{"kind":"building","name":"Alpine building","height":7.2},"geometry":{"type":"Polygon","coordinates":[[[11.0565604,47.4773566],[11.0567321,47.4773511],[11.0567263,47.4772676],[11.0565546,47.477273],[11.0565604,47.4773566]]]}},{"type":"Feature","id":"building-255179811","properties":{"kind":"building","name":"Alpine building","height":7.2},"geometry":{"type":"Polygon","coordinates":[[[11.0483938,47.4678818],[11.0484651,47.4678453],[11.0483737,47.4677638],[11.0483025,47.4678003],[11.0483938,47.4678818]]]}},{"type":"Feature","id":"building-255179864","properties":{"kind":"building","name":"Alpine building","height":7.2},"geometry":{"type":"Polygon","coordinates":[[[11.0482747,47.4667879],[11.0484804,47.4666458],[11.0485199,47.4666719],[11.0485383,47.4666591],[11.048628,47.4667184],[11.0484772,47.4668226],[11.048398,47.4667702],[11.0483245,47.4668209],[11.0482747,47.4667879]]]}},{"type":"Feature","id":"building-1199439411","properties":{"kind":"building","name":"Alpine building","height":7.2},"geometry":{"type":"Polygon","coordinates":[[[11.0755471,47.4751566],[11.0756206,47.4752018],[11.0755744,47.475236],[11.075501,47.4751908],[11.0755471,47.4751566]]]}},{"type":"Feature","id":"building-303481759","properties":{"kind":"building","name":"Alpine building","height":7.2},"geometry":{"type":"Polygon","coordinates":[[[11.0612983,47.4785093],[11.0612146,47.4784697],[11.0612667,47.4784194],[11.0613504,47.478459],[11.0612983,47.4785093]]]}},{"type":"Feature","id":"building-255528727","properties":{"kind":"building","name":"Alpine building","height":7.2},"geometry":{"type":"Polygon","coordinates":[[[11.0484219,47.4660817],[11.0485944,47.4661449],[11.0486405,47.4660873],[11.048468,47.4660241],[11.0484219,47.4660817]]]}},{"type":"Feature","id":"building-243101444","properties":{"kind":"building","name":"Alpine building","height":7.2},"geometry":{"type":"Polygon","coordinates":[[[11.0511799,47.4742636],[11.0512846,47.474297],[11.0513435,47.4742128],[11.0512389,47.4741794],[11.0511799,47.4742636]]]}},{"type":"Feature","id":"building-255179789","properties":{"kind":"building","name":"Alpine building","height":7.2},"geometry":{"type":"Polygon","coordinates":[[[11.0482404,47.4680942],[11.0484012,47.4680036],[11.0482824,47.4679073],[11.0481216,47.4679979],[11.0482404,47.4680942]]]}},{"type":"Feature","id":"building-303474776","properties":{"kind":"building","name":"Alpine building","height":7.2},"geometry":{"type":"Polygon","coordinates":[[[11.0537184,47.47611],[11.0535945,47.4760857],[11.053645,47.4759683],[11.0537688,47.4759926],[11.0537184,47.47611]]]}},{"type":"Feature","id":"building-255179782","properties":{"kind":"building","name":"Fewos \"Am Enzianweg\"","height":7.2},"geometry":{"type":"Polygon","coordinates":[[[11.0480643,47.4676363],[11.0482174,47.4675614],[11.0483379,47.4676739],[11.0484115,47.4676378],[11.048458,47.4676813],[11.0483703,47.4677242],[11.0483482,47.4677035],[11.0482142,47.467769],[11.048231,47.4677847],[11.0481712,47.4678139],[11.0480923,47.4677403],[11.048147,47.4677136],[11.0480643,47.4676363]]]}},{"type":"Feature","id":"building-243101426","properties":{"kind":"building","name":"Alpine building","height":7.2},"geometry":{"type":"Polygon","coordinates":[[[11.0519977,47.4749159],[11.0520211,47.4748782],[11.0518433,47.474828],[11.05182,47.4748658],[11.0519977,47.4749159]]]}},{"type":"Feature","id":"building-738169977","properties":{"kind":"building","name":"Alpine building","height":7.2},"geometry":{"type":"Polygon","coordinates":[[[11.0579677,47.4779872],[11.0580469,47.4779861],[11.0580455,47.4779363],[11.0582636,47.4779334],[11.0582602,47.4778177],[11.0580882,47.47782],[11.0580897,47.4778692],[11.0580388,47.4778699],[11.0580399,47.4779081],[11.0579654,47.4779091],[11.0579677,47.4779872]]]}},{"type":"Feature","id":"building-255179867","properties":{"kind":"building","name":"Alpine building","height":7.2},"geometry":{"type":"Polygon","coordinates":[[[11.0481585,47.4671867],[11.0482802,47.4670919],[11.0484306,47.4671801],[11.0483121,47.4672724],[11.04821,47.4672125],[11.0481377,47.4672688],[11.048075,47.467232],[11.048144,47.4671782],[11.0481585,47.4671867]]]}},{"type":"Feature","id":"building-255179822","properties":{"kind":"building","name":"Alpine building","height":7.2},"geometry":{"type":"Polygon","coordinates":[[[11.0481612,47.4666592],[11.0482725,47.4667205],[11.0484213,47.4665971],[11.04831,47.4665358],[11.0481612,47.4666592]]]}},{"type":"Feature","id":"building-255528728","properties":{"kind":"building","name":"Alpine building","height":7.2},"geometry":{"type":"Polygon","coordinates":[[[11.048368,47.4661425],[11.0482595,47.4662386],[11.0483856,47.4663037],[11.0484941,47.4662075],[11.048368,47.4661425]]]}},{"type":"Feature","id":"building-905991303","properties":{"kind":"building","name":"Alpine building","height":7.2},"geometry":{"type":"Polygon","coordinates":[[[11.0596476,47.4782929],[11.0596071,47.4782623],[11.0595548,47.4782941],[11.0595953,47.4783246],[11.0596476,47.4782929]]]}},{"type":"Feature","id":"building-104107582","properties":{"kind":"building","name":"Alpine building","height":7.2},"geometry":{"type":"Polygon","coordinates":[[[11.0564096,47.4774946],[11.0565988,47.4774934],[11.0565973,47.477388],[11.0564083,47.4773891],[11.0564096,47.4774946]]]}},{"type":"Feature","id":"building-919821095","properties":{"kind":"building","name":"Alpine building","height":7.2},"geometry":{"type":"Polygon","coordinates":[[[11.0482043,47.4670941],[11.048237,47.4670743],[11.0482109,47.4670547],[11.0481783,47.4670744],[11.0482043,47.4670941]]]}},{"type":"Feature","id":"building-919821091","properties":{"kind":"building","name":"Alpine building","height":7.2},"geometry":{"type":"Polygon","coordinates":[[[11.0480809,47.4678557],[11.0481301,47.4678334],[11.0480735,47.4677761],[11.0480242,47.4677984],[11.0480809,47.4678557]]]}},{"type":"Feature","id":"building-905991306","properties":{"kind":"building","name":"Alpine building","height":7.2},"geometry":{"type":"Polygon","coordinates":[[[11.0507937,47.4741459],[11.0509113,47.4741901],[11.0509918,47.4740922],[11.0508741,47.474048],[11.0507937,47.4741459]]]}},{"type":"Feature","id":"building-738169978","properties":{"kind":"building","name":"Alpine building","height":7.2},"geometry":{"type":"Polygon","coordinates":[[[11.058403,47.4781242],[11.0584857,47.4780656],[11.058579,47.4781259],[11.0584963,47.4781844],[11.058403,47.4781242]]]}},{"type":"Feature","id":"building-303482871","properties":{"kind":"building","name":"Alpine building","height":7.2},"geometry":{"type":"Polygon","coordinates":[[[11.0623779,47.4787906],[11.0623123,47.4787494],[11.0623818,47.4786989],[11.0624474,47.4787401],[11.0623779,47.4787906]]]}},{"type":"Feature","id":"building-913225779","properties":{"kind":"building","name":"Alpine building","height":7.2},"geometry":{"type":"Polygon","coordinates":[[[11.0481534,47.4667534],[11.0480688,47.4667004],[11.0481157,47.4666662],[11.0482003,47.4667192],[11.0481534,47.4667534]]]}},{"type":"Feature","id":"building-243101429","properties":{"kind":"building","name":"Alpine building","height":7.2},"geometry":{"type":"Polygon","coordinates":[[[11.0506929,47.4740811],[11.0507705,47.4741069],[11.0508101,47.4740526],[11.0507324,47.4740268],[11.0506929,47.4740811]]]}},{"type":"Feature","id":"building-255179808","properties":{"kind":"building","name":"Alpine building","height":7.2},"geometry":{"type":"Polygon","coordinates":[[[11.0480011,47.4674484],[11.0481636,47.4673619],[11.0480521,47.4672661],[11.0478895,47.4673525],[11.0480011,47.4674484]]]}},{"type":"Feature","id":"building-243101433","properties":{"kind":"building","name":"Alpine building","height":7.2},"geometry":{"type":"Polygon","coordinates":[[[11.0514702,47.4747183],[11.0514077,47.4748117],[11.0515596,47.4748581],[11.051622,47.4747646],[11.0514702,47.4747183]]]}},{"type":"Feature","id":"building-255179865","properties":{"kind":"building","name":"Alpine building","height":7.2},"geometry":{"type":"Polygon","coordinates":[[[11.047845,47.4669944],[11.0479559,47.4669121],[11.0480561,47.4669738],[11.0480737,47.4669607],[11.0481526,47.4670092],[11.0480938,47.4670529],[11.0480449,47.4670228],[11.0479752,47.4670745],[11.047845,47.4669944]]]}},{"type":"Feature","id":"building-255179869","properties":{"kind":"building","name":"Alpine building","height":7.2},"geometry":{"type":"Polygon","coordinates":[[[11.047869,47.4681754],[11.0479485,47.4682524],[11.047979,47.468238],[11.0479577,47.4682174],[11.0481043,47.4681482],[11.0479961,47.4680434],[11.047866,47.4681047],[11.047916,47.4681532],[11.047869,47.4681754]]]}},{"type":"Feature","id":"building-243101435","properties":{"kind":"building","name":"Alpine building","height":7.2},"geometry":{"type":"Polygon","coordinates":[[[11.050514,47.474002],[11.0505916,47.4740286],[11.0506462,47.4739558],[11.0505686,47.4739292],[11.050514,47.474002]]]}},{"type":"Feature","id":"building-255528734","properties":{"kind":"building","name":"Alpine building","height":7.2},"geometry":{"type":"Polygon","coordinates":[[[11.0479808,47.4660864],[11.0480786,47.4660016],[11.048318,47.4661276],[11.0482712,47.4661683],[11.0482153,47.4661389],[11.0481644,47.4661831],[11.0479808,47.4660864]]]}},{"type":"Feature","id":"building-303483128","properties":{"kind":"building","name":"Alpine building","height":7.2},"geometry":{"type":"Polygon","coordinates":[[[11.0631602,47.4788934],[11.0630769,47.478855],[11.0631258,47.4788065],[11.0632091,47.4788449],[11.0631602,47.4788934]]]}},{"type":"Feature","id":"building-919821092","properties":{"kind":"building","name":"Alpine building","height":7.2},"geometry":{"type":"Polygon","coordinates":[[[11.0479219,47.4675087],[11.0479795,47.4674784],[11.04792,47.4674268],[11.0478624,47.4674572],[11.0479219,47.4675087]]]}},{"type":"Feature","id":"building-104107579","properties":{"kind":"building","name":"Alpine building","height":7.2},"geometry":{"type":"Polygon","coordinates":[[[11.0552253,47.4771841],[11.0553045,47.4772032],[11.0553415,47.477133],[11.0552624,47.4771139],[11.0552253,47.4771841]]]}},{"type":"Feature","id":"building-303474506","properties":{"kind":"building","name":"Alpine building","height":7.2},"geometry":{"type":"Polygon","coordinates":[[[11.0545289,47.4768227],[11.0543852,47.4768481],[11.0543353,47.4767193],[11.054479,47.4766939],[11.0545289,47.4768227]]]}},{"type":"Feature","id":"building-104107584","properties":{"kind":"building","name":"Alpine building","height":7.2},"geometry":{"type":"Polygon","coordinates":[[[11.0558629,47.4775781],[11.0561316,47.4776362],[11.0561707,47.4775536],[11.0561943,47.4775587],[11.0562766,47.4773846],[11.0559842,47.4773215],[11.0558629,47.4775781]]]}},{"type":"Feature","id":"building-232460284","properties":{"kind":"building","name":"Alpine building","height":7.2},"geometry":{"type":"Polygon","coordinates":[[[11.0480093,47.4667229],[11.0478852,47.4666657],[11.047956,47.4665955],[11.0480801,47.4666528],[11.0480093,47.4667229]]]}},{"type":"Feature","id":"building-299810384","properties":{"kind":"building","name":"Alpine building","height":7.2},"geometry":{"type":"Polygon","coordinates":[[[11.0479365,47.4694276],[11.0480639,47.4694026],[11.0480235,47.4693088],[11.0478961,47.4693338],[11.0479365,47.4694276]]]}},{"type":"Feature","id":"building-230766609","properties":{"kind":"building","name":"Alpine building","height":7.2},"geometry":{"type":"Polygon","coordinates":[[[11.0480751,47.4702116],[11.0481529,47.4701535],[11.0482709,47.4702242],[11.0481958,47.4702823],[11.0480751,47.4702116]]]}},{"type":"Feature","id":"building-255528718","properties":{"kind":"building","name":"Alpine building","height":7.2},"geometry":{"type":"Polygon","coordinates":[[[11.0480085,47.4658748],[11.0481428,47.4659409],[11.0482348,47.4658555],[11.0481006,47.4657894],[11.0480085,47.4658748]]]}},{"type":"Feature","id":"building-255179866","properties":{"kind":"building","name":"Alpine building","height":7.2},"geometry":{"type":"Polygon","coordinates":[[[11.0476679,47.4677953],[11.0477488,47.4677537],[11.0477966,47.4677962],[11.0479024,47.4677419],[11.0480097,47.4678373],[11.0478593,47.4679146],[11.047775,47.4678397],[11.0477388,47.4678583],[11.0476679,47.4677953]]]}},{"type":"Feature","id":"building-243101440","properties":{"kind":"building","name":"Alpine building","height":7.2},"geometry":{"type":"Polygon","coordinates":[[[11.0508593,47.4744666],[11.0509302,47.4744985],[11.050982,47.4744461],[11.0509111,47.4744141],[11.0508593,47.4744666]]]}},{"type":"Feature","id":"building-255179784","properties":{"kind":"building","name":"Alpine building","height":7.2},"geometry":{"type":"Polygon","coordinates":[[[11.0477636,47.4680954],[11.0478787,47.4680522],[11.0478293,47.4679921],[11.0477142,47.4680353],[11.0477636,47.4680954]]]}},{"type":"Feature","id":"building-905991305","properties":{"kind":"building","name":"Alpine building","height":7.2},"geometry":{"type":"Polygon","coordinates":[[[11.0565229,47.4777853],[11.0566221,47.4778524],[11.0567603,47.477759],[11.056661,47.4776919],[11.0565229,47.4777853]]]}},{"type":"Feature","id":"building-243101437","properties":{"kind":"building","name":"Alpine building","height":7.2},"geometry":{"type":"Polygon","coordinates":[[[11.0506535,47.474332],[11.0507636,47.4743999],[11.0508457,47.4743391],[11.0507356,47.4742712],[11.0506535,47.474332]]]}},{"type":"Feature","id":"building-383624223","properties":{"kind":"building","name":"Alpine building","height":7.2},"geometry":{"type":"Polygon","coordinates":[[[11.0480053,47.4665472],[11.0479324,47.4665134],[11.0478972,47.4665482],[11.0477698,47.4664891],[11.0477923,47.4664669],[11.0478101,47.4664752],[11.0478613,47.4664247],[11.047902,47.4664436],[11.0480321,47.4663152],[11.0481739,47.4663809],[11.0480053,47.4665472]]]}},{"type":"Feature","id":"building-255179819","properties":{"kind":"building","name":"Alpine building","height":7.2},"geometry":{"type":"Polygon","coordinates":[[[11.047654,47.4683424],[11.0477783,47.4682961],[11.0476997,47.4681997],[11.0475755,47.4682461],[11.047654,47.4683424]]]}},{"type":"Feature","id":"building-255179805","properties":{"kind":"building","name":"Alpine building","height":7.2},"geometry":{"type":"Polygon","coordinates":[[[11.0477783,47.4662271],[11.0478938,47.4662885],[11.0479638,47.4662283],[11.0478483,47.4661669],[11.0477783,47.4662271]]]}},{"type":"Feature","id":"building-919821093","properties":{"kind":"building","name":"Alpine building","height":7.2},"geometry":{"type":"Polygon","coordinates":[[[11.0476898,47.4673515],[11.0477474,47.4673173],[11.0476911,47.467274],[11.0476336,47.4673082],[11.0476898,47.4673515]]]}},{"type":"Feature","id":"building-255179836","properties":{"kind":"building","name":"Alpine building","height":7.2},"geometry":{"type":"Polygon","coordinates":[[[11.0477889,47.4671944],[11.0476853,47.4671329],[11.0475952,47.4672024],[11.0476987,47.4672638],[11.0477889,47.4671944]]]}},{"type":"Feature","id":"building-255179779","properties":{"kind":"building","name":"Alpine building","height":7.2},"geometry":{"type":"Polygon","coordinates":[[[11.0474939,47.4675274],[11.0476209,47.4674611],[11.047676,47.4675094],[11.0477309,47.4674807],[11.0478309,47.4675683],[11.0477176,47.4676274],[11.0476623,47.467579],[11.0476203,47.4676009],[11.0475825,47.4675677],[11.0475559,47.4675816],[11.0474939,47.4675274]]]}},{"type":"Feature","id":"building-913225780","properties":{"kind":"building","name":"Alpine building","height":7.2},"geometry":{"type":"Polygon","coordinates":[[[11.0477482,47.4666169],[11.0476659,47.4665714],[11.0477484,47.4665032],[11.0478306,47.4665487],[11.0477482,47.4666169]]]}},{"type":"Feature","id":"building-230766547","properties":{"kind":"building","name":"Alpine building","height":7.2},"geometry":{"type":"Polygon","coordinates":[[[11.0475603,47.4664476],[11.047704,47.466313],[11.0478109,47.4663651],[11.0477364,47.4664349],[11.047777,47.4664547],[11.0476852,47.4665405],[11.0476163,47.4665068],[11.0476387,47.4664859],[11.0475603,47.4664476]]]}},{"type":"Feature","id":"building-231940736","properties":{"kind":"building","name":"Alpine building","height":7.2},"geometry":{"type":"Polygon","coordinates":[[[11.0486914,47.4720551],[11.048569,47.4721045],[11.048746,47.4723048],[11.0488684,47.4722554],[11.0486914,47.4720551]]]}},{"type":"Feature","id":"building-255528730","properties":{"kind":"building","name":"Alpine building","height":7.2},"geometry":{"type":"Polygon","coordinates":[[[11.0478536,47.4660117],[11.0476285,47.4658961],[11.0477568,47.465782],[11.0478633,47.4658368],[11.0478229,47.4658727],[11.0479414,47.4659336],[11.0478536,47.4660117]]]}},{"type":"Feature","id":"building-1018907136","properties":{"kind":"building","name":"Alpine building","height":7.2},"geometry":{"type":"Polygon","coordinates":[[[11.055424,47.4584384],[11.055442,47.4584398],[11.0554358,47.458477],[11.0555653,47.4584869],[11.0555784,47.4584084],[11.0554309,47.4583971],[11.055424,47.4584384]]]}},{"type":"Feature","id":"building-255179862","properties":{"kind":"building","name":"Alpine building","height":7.2},"geometry":{"type":"Polygon","coordinates":[[[11.0473979,47.4679533],[11.0475217,47.4678875],[11.0476528,47.4680003],[11.0474692,47.4680979],[11.0473921,47.4680315],[11.0474519,47.4679998],[11.0473979,47.4679533]]]}},{"type":"Feature","id":"building-230766545","properties":{"kind":"building","name":"Alpine building","height":7.2},"geometry":{"type":"Polygon","coordinates":[[[11.0474781,47.4667454],[11.0476767,47.4668528],[11.0475675,47.4669451],[11.0473689,47.4668377],[11.0474781,47.4667454]]]}},{"type":"Feature","id":"building-255179848","properties":{"kind":"building","name":"Fewos Gästehaus Rosemarie","height":7.2},"geometry":{"type":"Polygon","coordinates":[[[11.0475526,47.4677029],[11.0474384,47.4676009],[11.0473078,47.4676677],[11.047422,47.4677697],[11.0475526,47.4677029]]]}},{"type":"Feature","id":"building-230766538","properties":{"kind":"building","name":"Alpine building","height":7.2},"geometry":{"type":"Polygon","coordinates":[[[11.0475203,47.4661774],[11.0476236,47.4660695],[11.0477556,47.4661273],[11.0476523,47.4662352],[11.0475203,47.4661774]]]}},{"type":"Feature","id":"building-919821094","properties":{"kind":"building","name":"Alpine building","height":7.2},"geometry":{"type":"Polygon","coordinates":[[[11.0474153,47.4670844],[11.0474785,47.4670394],[11.0474187,47.467001],[11.0473555,47.4670461],[11.0474153,47.4670844]]]}},{"type":"Feature","id":"building-104107577","properties":{"kind":"building","name":"Alpine building","height":7.2},"geometry":{"type":"Polygon","coordinates":[[[11.0561131,47.4780375],[11.0562964,47.4779011],[11.0561624,47.4778188],[11.0560795,47.4778805],[11.0561141,47.4779018],[11.0560137,47.4779764],[11.0561131,47.4780375]]]}},{"type":"Feature","id":"building-255179861","properties":{"kind":"building","name":"Alpine building","height":7.2},"geometry":{"type":"Polygon","coordinates":[[[11.0472318,47.467411],[11.0473568,47.4673341],[11.0474221,47.4673826],[11.0474015,47.4673953],[11.0474567,47.4674364],[11.0473524,47.4675005],[11.0472318,47.467411]]]}},{"type":"Feature","id":"building-1010019125","properties":{"kind":"building","name":"Alpine building","height":7.2},"geometry":{"type":"Polygon","coordinates":[[[11.0474973,47.4658131],[11.0475857,47.4658473],[11.0476314,47.4657935],[11.0475429,47.4657592],[11.0474973,47.4658131]]]}},{"type":"Feature","id":"building-231940728","properties":{"kind":"building","name":"Alpine building","height":7.2},"geometry":{"type":"Polygon","coordinates":[[[11.0482981,47.4722151],[11.0484792,47.4724054],[11.048631,47.4723394],[11.0484499,47.4721491],[11.0482981,47.4722151]]]}},{"type":"Feature","id":"building-230766540","properties":{"kind":"building","name":"Alpine building","height":7.2},"geometry":{"type":"Polygon","coordinates":[[[11.0472467,47.4662869],[11.0473125,47.4662235],[11.0473656,47.4662487],[11.0474067,47.4662091],[11.0475159,47.4662608],[11.0474824,47.4662931],[11.0475413,47.4663211],[11.0474679,47.4663918],[11.0472467,47.4662869]]]}},{"type":"Feature","id":"building-230766541","properties":{"kind":"building","name":"Alpine building","height":7.2},"geometry":{"type":"Polygon","coordinates":[[[11.0471957,47.4669183],[11.0473219,47.4668175],[11.0473944,47.466859],[11.0472681,47.4669597],[11.0471957,47.4669183]]]}},{"type":"Feature","id":"building-299810379","properties":{"kind":"building","name":"Alpine building","height":7.2},"geometry":{"type":"Polygon","coordinates":[[[11.0472578,47.4692679],[11.0472392,47.4693413],[11.0473203,47.4693507],[11.0473389,47.4692773],[11.0472578,47.4692679]]]}},{"type":"Feature","id":"building-1010019124","properties":{"kind":"building","name":"Alpine building","height":7.2},"geometry":{"type":"Polygon","coordinates":[[[11.0473925,47.465983],[11.0474647,47.4660117],[11.0474359,47.4660449],[11.0473637,47.4660161],[11.0473925,47.465983]]]}},{"type":"Feature","id":"building-1010019126","properties":{"kind":"building","name":"Alpine building","height":7.2},"geometry":{"type":"Polygon","coordinates":[[[11.0474737,47.4658087],[11.0475066,47.4657661],[11.0474713,47.4657536],[11.0474384,47.4657963],[11.0474737,47.4658087]]]}},{"type":"Feature","id":"building-303483460","properties":{"kind":"building","name":"Alpine building","height":7.2},"geometry":{"type":"Polygon","coordinates":[[[11.0616875,47.4793656],[11.0615627,47.4792773],[11.0616484,47.479222],[11.0617732,47.4793103],[11.0616875,47.4793656]]]}},{"type":"Feature","id":"building-1010019127","properties":{"kind":"building","name":"Alpine building","height":7.2},"geometry":{"type":"Polygon","coordinates":[[[11.0474662,47.4657341],[11.0475108,47.4656986],[11.0474732,47.465677],[11.0474286,47.4657125],[11.0474662,47.4657341]]]}},{"type":"Feature","id":"building-230766546","properties":{"kind":"building","name":"Fewos Hördegen","height":7.2},"geometry":{"type":"Polygon","coordinates":[[[11.047222,47.4668041],[11.0470922,47.4667277],[11.0472314,47.4666196],[11.0473612,47.466696],[11.047222,47.4668041]]]}},{"type":"Feature","id":"building-1010019818","properties":{"kind":"building","name":"Alpine building","height":7.2},"geometry":{"type":"Polygon","coordinates":[[[11.0474481,47.4657685],[11.0474144,47.4657605],[11.0474243,47.4657415],[11.0474581,47.4657495],[11.0474481,47.4657685]]]}},{"type":"Feature","id":"building-255179815","properties":{"kind":"building","name":"Alpine building","height":7.2},"geometry":{"type":"Polygon","coordinates":[[[11.0470595,47.4678383],[11.0471804,47.4678222],[11.0471505,47.4677189],[11.0470295,47.467735],[11.0470595,47.4678383]]]}},{"type":"Feature","id":"building-104107583","properties":{"kind":"building","name":"Alpine building","height":7.2},"geometry":{"type":"Polygon","coordinates":[[[11.0558807,47.4780624],[11.0559619,47.4781157],[11.0560583,47.4780486],[11.055977,47.4779953],[11.0558807,47.4780624]]]}},{"type":"Feature","id":"building-230766542","properties":{"kind":"building","name":"Fewos Appl","height":7.2},"geometry":{"type":"Polygon","coordinates":[[[11.0469705,47.4671594],[11.0471435,47.4670382],[11.0473007,47.4671407],[11.0471913,47.4672174],[11.0470985,47.4671568],[11.0470349,47.4672014],[11.0469705,47.4671594]]]}},{"type":"Feature","id":"building-1010019819","properties":{"kind":"building","name":"Alpine building","height":7.2},"geometry":{"type":"Polygon","coordinates":[[[11.0471529,47.4665571],[11.0471791,47.4665274],[11.0472297,47.4665478],[11.0472035,47.4665775],[11.0471529,47.4665571]]]}},{"type":"Feature","id":"building-230766543","properties":{"kind":"building","name":"Alpine building","height":7.2},"geometry":{"type":"Polygon","coordinates":[[[11.0471854,47.4661482],[11.0472461,47.4660715],[11.0473744,47.466118],[11.0473137,47.4661946],[11.0471854,47.4661482]]]}},{"type":"Feature","id":"building-303475411","properties":{"kind":"building","name":"Alpine building","height":7.2},"geometry":{"type":"Polygon","coordinates":[[[11.0521541,47.4762049],[11.052076,47.4762121],[11.0520621,47.4761429],[11.0521403,47.4761357],[11.0521541,47.4762049]]]}},{"type":"Feature","id":"building-231940726","properties":{"kind":"building","name":"Alpine building","height":7.2},"geometry":{"type":"Polygon","coordinates":[[[11.0485707,47.4726434],[11.0484259,47.4727086],[11.0485133,47.4727973],[11.0486581,47.4727321],[11.0485707,47.4726434]]]}},{"type":"Feature","id":"building-376528331","properties":{"kind":"building","name":"Alpine building","height":7.2},"geometry":{"type":"Polygon","coordinates":[[[11.0482389,47.4722599],[11.0481573,47.4722562],[11.048166,47.4721686],[11.0481712,47.4721166],[11.0482528,47.4721202],[11.0482389,47.4722599]]]}},{"type":"Feature","id":"building-100865101","properties":{"kind":"building","name":"Alpine building","height":7.2},"geometry":{"type":"Polygon","coordinates":[[[11.0642494,47.4795366],[11.0643077,47.4794819],[11.0641773,47.4794184],[11.064119,47.4794731],[11.0642494,47.4795366]]]}},{"type":"Feature","id":"building-231940739","properties":{"kind":"building","name":"Alpine building","height":7.2},"geometry":{"type":"Polygon","coordinates":[[[11.0492538,47.4737043],[11.0492428,47.473816],[11.049367,47.4738216],[11.049378,47.4737099],[11.0492538,47.4737043]]]}},{"type":"Feature","id":"building-615354899","properties":{"kind":"building","name":"Alpine building","height":7.2},"geometry":{"type":"Polygon","coordinates":[[[11.0551335,47.4777681],[11.0550647,47.4777734],[11.0550688,47.4777978],[11.0551376,47.4777925],[11.0551335,47.4777681]]]}},{"type":"Feature","id":"building-231940721","properties":{"kind":"building","name":"Alpine building","height":7.2},"geometry":{"type":"Polygon","coordinates":[[[11.0492458,47.473544],[11.0490986,47.4735048],[11.0490416,47.4736028],[11.0491888,47.4736419],[11.0492458,47.473544]]]}},{"type":"Feature","id":"building-376528332","properties":{"kind":"building","name":"Alpine building","height":7.2},"geometry":{"type":"Polygon","coordinates":[[[11.0480152,47.4721618],[11.0480293,47.4720192],[11.0480311,47.4720013],[11.0480852,47.4720037],[11.0480877,47.4719782],[11.0481845,47.4719826],[11.0481712,47.4721166],[11.048166,47.4721686],[11.0480152,47.4721618]]]}},{"type":"Feature","id":"building-303483488","properties":{"kind":"building","name":"Alpine building","height":7.2},"geometry":{"type":"Polygon","coordinates":[[[11.0617981,47.4794864],[11.0617104,47.4794204],[11.0618701,47.4793234],[11.0619578,47.4793894],[11.0617981,47.4794864]]]}},{"type":"Feature","id":"building-255528712","properties":{"kind":"building","name":"Alpine building","height":7.2},"geometry":{"type":"Polygon","coordinates":[[[11.0472072,47.4657492],[11.0472783,47.4656575],[11.0474215,47.4657082],[11.0473504,47.4657999],[11.0472072,47.4657492]]]}},{"type":"Feature","id":"building-615354900","properties":{"kind":"building","name":"Alpine building","height":7.2},"geometry":{"type":"Polygon","coordinates":[[[11.0552967,47.477957],[11.0552605,47.4779506],[11.0552774,47.4779073],[11.0553136,47.4779137],[11.0552967,47.477957]]]}},{"type":"Feature","id":"building-99925152","properties":{"kind":"building","name":"Alpine building","height":7.2},"geometry":{"type":"Polygon","coordinates":[[[11.0655466,47.4795583],[11.0656052,47.4795187],[11.0655179,47.4794597],[11.0654593,47.4794993],[11.0655466,47.4795583]]]}},{"type":"Feature","id":"building-231940745","properties":{"kind":"building","name":"Alpine building","height":7.2},"geometry":{"type":"Polygon","coordinates":[[[11.0486639,47.4730614],[11.0485548,47.4732184],[11.0487265,47.4732729],[11.0488357,47.4731159],[11.0486639,47.4730614]]]}},{"type":"Feature","id":"building-615354898","properties":{"kind":"building","name":"Alpine building","height":7.2},"geometry":{"type":"Polygon","coordinates":[[[11.0548938,47.4777806],[11.0548359,47.4777707],[11.0548263,47.4777961],[11.0548843,47.477806],[11.0548938,47.4777806]]]}},{"type":"Feature","id":"building-223954545","properties":{"kind":"building","name":"Alpine building","height":7.2},"geometry":{"type":"Polygon","coordinates":[[[11.0471133,47.4658555],[11.0470248,47.465986],[11.0471793,47.4660339],[11.0472678,47.4659033],[11.0471133,47.4658555]]]}},{"type":"Feature","id":"building-231940717","properties":{"kind":"building","name":"Alpine building","height":7.2},"geometry":{"type":"Polygon","coordinates":[[[11.0476654,47.4715997],[11.0476378,47.4716957],[11.0477935,47.4717162],[11.0478212,47.4716201],[11.0476654,47.4715997]]]}},{"type":"Feature","id":"building-376528333","properties":{"kind":"building","name":"Alpine building","height":7.2},"geometry":{"type":"Polygon","coordinates":[[[11.0480152,47.4721618],[11.0480137,47.4721767],[11.0479049,47.4721718],[11.0479102,47.4721181],[11.0478861,47.4721171],[11.0478888,47.472089],[11.0478742,47.4720883],[11.0478817,47.4720125],[11.0480293,47.4720192],[11.0480152,47.4721618]]]}},{"type":"Feature","id":"building-615354897","properties":{"kind":"building","name":"Alpine building","height":7.2},"geometry":{"type":"Polygon","coordinates":[[[11.0546549,47.4777322],[11.054597,47.4777223],[11.0545875,47.4777477],[11.0546454,47.4777577],[11.0546549,47.4777322]]]}},{"type":"Feature","id":"building-230766544","properties":{"kind":"building","name":"Alpine building","height":7.2},"geometry":{"type":"Polygon","coordinates":[[[11.0469999,47.4665304],[11.047063,47.4664629],[11.0469225,47.4664028],[11.0469071,47.4664193],[11.0468904,47.4664121],[11.0468483,47.4664571],[11.0469266,47.4664906],[11.046921,47.4664966],[11.0469999,47.4665304]]]}},{"type":"Feature","id":"building-230766331","properties":{"kind":"building","name":"Alpine building","height":7.2},"geometry":{"type":"Polygon","coordinates":[[[11.0467295,47.4666455],[11.0468408,47.46656],[11.0470419,47.4666796],[11.0469307,47.4667651],[11.0467295,47.4666455]]]}},{"type":"Feature","id":"building-242715909","properties":{"kind":"building","name":"Alpine building","height":7.2},"geometry":{"type":"Polygon","coordinates":[[[11.0496684,47.4743923],[11.0494031,47.4743937],[11.049402,47.4743002],[11.0494565,47.4743],[11.0494555,47.4742179],[11.0496664,47.4742167],[11.0496684,47.4743923]]]}},{"type":"Feature","id":"building-223954548","properties":{"kind":"building","name":"Alpine building","height":7.2},"geometry":{"type":"Polygon","coordinates":[[[11.0469854,47.4656772],[11.0471228,47.4657258],[11.0472027,47.4656227],[11.0470653,47.465574],[11.0469854,47.4656772]]]}},{"type":"Feature","id":"building-615354896","properties":{"kind":"building","name":"Alpine building","height":7.2},"geometry":{"type":"Polygon","coordinates":[[[11.0544068,47.4776801],[11.0543489,47.4776702],[11.0543394,47.4776956],[11.0543973,47.4777055],[11.0544068,47.4776801]]]}},{"type":"Feature","id":"building-303474634","properties":{"kind":"building","name":"Alpine building","height":7.2},"geometry":{"type":"Polygon","coordinates":[[[11.0534025,47.4772901],[11.0532933,47.47726],[11.0533677,47.4771368],[11.0534768,47.4771669],[11.0534025,47.4772901]]]}},{"type":"Feature","id":"building-231940753","properties":{"kind":"building","name":"Alpine building","height":7.2},"geometry":{"type":"Polygon","coordinates":[[[11.0476613,47.471777],[11.0477983,47.4718013],[11.0477737,47.4718648],[11.0477348,47.4718579],[11.0477039,47.4719376],[11.0475693,47.4719137],[11.0475951,47.4718472],[11.0476316,47.4718536],[11.0476613,47.471777]]]}},{"type":"Feature","id":"building-615354907","properties":{"kind":"building","name":"Alpine building","height":7.2},"geometry":{"type":"Polygon","coordinates":[[[11.0549163,47.4779699],[11.0549483,47.477976],[11.0549577,47.4779534],[11.0549258,47.4779473],[11.0549163,47.4779699]]]}},{"type":"Feature","id":"building-1010019123","properties":{"kind":"building","name":"Alpine building","height":7.2},"geometry":{"type":"Polygon","coordinates":[[[11.0469031,47.4659995],[11.0469989,47.4660338],[11.0469651,47.466077],[11.0468692,47.4660428],[11.0469031,47.4659995]]]}},{"type":"Feature","id":"building-615354901","properties":{"kind":"building","name":"Alpine building","height":7.2},"geometry":{"type":"Polygon","coordinates":[[[11.0552407,47.4781188],[11.0552045,47.4781124],[11.0552213,47.4780691],[11.0552575,47.4780755],[11.0552407,47.4781188]]]}},{"type":"Feature","id":"building-223954549","properties":{"kind":"building","name":"Alpine building","height":7.2},"geometry":{"type":"Polygon","coordinates":[[[11.0469425,47.4657612],[11.0468509,47.4658971],[11.0469838,47.4659381],[11.0470754,47.4658022],[11.0469425,47.4657612]]]}},{"type":"Feature","id":"building-242715899","properties":{"kind":"building","name":"Alpine building","height":7.2},"geometry":{"type":"Polygon","coordinates":[[[11.0493712,47.4743001],[11.0491239,47.4743004],[11.0491235,47.4741827],[11.0491653,47.4741826],[11.049182,47.4741304],[11.0492198,47.4740926],[11.049253,47.4740747],[11.0493324,47.4740746],[11.0493326,47.4741553],[11.0493708,47.4741552],[11.0493712,47.4743001]]]}},{"type":"Feature","id":"building-231940719","properties":{"kind":"building","name":"Fewo \"Köllmeier\"","height":7.2},"geometry":{"type":"Polygon","coordinates":[[[11.0480301,47.472479],[11.0478994,47.4725732],[11.0480069,47.4726413],[11.0481376,47.4725472],[11.0480301,47.472479]]]}},{"type":"Feature","id":"building-738169979","properties":{"kind":"building","name":"Alpine building","height":7.2},"geometry":{"type":"Polygon","coordinates":[[[11.0594352,47.4793882],[11.0595166,47.4793259],[11.0593602,47.4792325],[11.0593188,47.4792642],[11.059385,47.4793037],[11.059345,47.4793344],[11.0594352,47.4793882]]]}},{"type":"Feature","id":"building-231940751","properties":{"kind":"building","name":"Alpine building","height":7.2},"geometry":{"type":"Polygon","coordinates":[[[11.0479946,47.4728603],[11.0481279,47.4729055],[11.0481554,47.4728685],[11.0481866,47.4729027],[11.0484123,47.4728088],[11.0483119,47.4726985],[11.0481223,47.4727774],[11.0480695,47.4727595],[11.0479946,47.4728603]]]}},{"type":"Feature","id":"building-255179850","properties":{"kind":"building","name":"Alpine building","height":7.2},"geometry":{"type":"Polygon","coordinates":[[[11.0467851,47.4663369],[11.046722,47.4664061],[11.0467969,47.4664373],[11.04686,47.4663681],[11.0467851,47.4663369]]]}},{"type":"Feature","id":"building-231940722","properties":{"kind":"building","name":"Alpine building","height":7.2},"geometry":{"type":"Polygon","coordinates":[[[11.0483691,47.4729893],[11.0482556,47.4729882],[11.0482557,47.4729787],[11.048162,47.4729779],[11.04816,47.4730817],[11.0483672,47.4730835],[11.0483691,47.4729893]]]}},{"type":"Feature","id":"building-303483495","properties":{"kind":"building","name":"Alpine building","height":7.2},"geometry":{"type":"Polygon","coordinates":[[[11.0614109,47.4797131],[11.0613199,47.4796448],[11.0614467,47.4795677],[11.0615377,47.479636],[11.0614109,47.4797131]]]}},{"type":"Feature","id":"building-99925123","properties":{"kind":"building","name":"Alpine building","height":7.2},"geometry":{"type":"Polygon","coordinates":[[[11.0648624,47.4797751],[11.0649085,47.4797252],[11.0649583,47.4797463],[11.0649122,47.4797961],[11.0648624,47.4797751]]]}},{"type":"Feature","id":"building-230766330","properties":{"kind":"building","name":"Alpine building","height":7.2},"geometry":{"type":"Polygon","coordinates":[[[11.046465,47.4665071],[11.0465743,47.4663876],[11.0467507,47.4664613],[11.046764,47.4664468],[11.0468053,47.466464],[11.0466966,47.4665829],[11.0466324,47.466556],[11.0466185,47.4665713],[11.046465,47.4665071]]]}},{"type":"Feature","id":"building-738169980","properties":{"kind":"building","name":"Alpine building","height":7.2},"geometry":{"type":"Polygon","coordinates":[[[11.0588742,47.4793816],[11.0590035,47.4792973],[11.0589066,47.4792295],[11.0587774,47.4793138],[11.0588742,47.4793816]]]}},{"type":"Feature","id":"building-231940749","properties":{"kind":"building","name":"Alpine building","height":7.2},"geometry":{"type":"Polygon","coordinates":[[[11.0474178,47.4716875],[11.0474834,47.4715265],[11.0472684,47.4714865],[11.0473137,47.4713752],[11.047172,47.4713489],[11.047061,47.4716211],[11.0474178,47.4716875]]]}},{"type":"Feature","id":"building-223954546","properties":{"kind":"building","name":"Alpine building","height":7.2},"geometry":{"type":"Polygon","coordinates":[[[11.0468997,47.4657378],[11.0467957,47.4656979],[11.0467009,47.4658107],[11.046805,47.4658507],[11.0468997,47.4657378]]]}},{"type":"Feature","id":"building-613790160","properties":{"kind":"building","name":"Alpine building","height":7.2},"geometry":{"type":"Polygon","coordinates":[[[11.0543748,47.477927],[11.0544309,47.4779401],[11.0544532,47.4778964],[11.0543971,47.4778834],[11.0543748,47.477927]]]}},{"type":"Feature","id":"building-231940714","properties":{"kind":"building","name":"Alpine building","height":7.2},"geometry":{"type":"Polygon","coordinates":[[[11.0475307,47.4719933],[11.0474646,47.4721167],[11.0475566,47.4721392],[11.0476226,47.4720158],[11.0475307,47.4719933]]]}},{"type":"Feature","id":"building-231940747","properties":{"kind":"building","name":"Alpine building","height":7.2},"geometry":{"type":"Polygon","coordinates":[[[11.0476764,47.4722756],[11.0475899,47.4723906],[11.0477382,47.4724416],[11.0478247,47.4723266],[11.0476764,47.4722756]]]}},{"type":"Feature","id":"building-255179838","properties":{"kind":"building","name":"Alpine building","height":7.2},"geometry":{"type":"Polygon","coordinates":[[[11.0467617,47.4659858],[11.0468087,47.4659331],[11.046694,47.4658863],[11.0466469,47.465939],[11.0467617,47.4659858]]]}},{"type":"Feature","id":"building-100865086","properties":{"kind":"building","name":"Alpine building","height":7.2},"geometry":{"type":"Polygon","coordinates":[[[11.0626636,47.4799159],[11.0625566,47.4798436],[11.062687,47.4797555],[11.062794,47.4798278],[11.0626636,47.4799159]]]}},{"type":"Feature","id":"building-615354906","properties":{"kind":"building","name":"Alpine building","height":7.2},"geometry":{"type":"Polygon","coordinates":[[[11.0542247,47.4778938],[11.0542558,47.4779005],[11.0542767,47.4778567],[11.0542456,47.47785],[11.0542247,47.4778938]]]}},{"type":"Feature","id":"building-230766539","properties":{"kind":"building","name":"Alpine building","height":7.2},"geometry":{"type":"Polygon","coordinates":[[[11.0464475,47.4667127],[11.0465624,47.4666974],[11.0465992,47.466824],[11.0464844,47.4668393],[11.0464475,47.4667127]]]}},{"type":"Feature","id":"building-362453586","properties":{"kind":"building","name":"Alpine building","height":7.2},"geometry":{"type":"Polygon","coordinates":[[[11.0493493,47.4745189],[11.0493496,47.4746133],[11.0492556,47.4746134],[11.049256,47.4746001],[11.0492568,47.474519],[11.0493493,47.4745189]]]}},{"type":"Feature","id":"building-231940735","properties":{"kind":"building","name":"Alpine building","height":7.2},"geometry":{"type":"Polygon","coordinates":[[[11.0476637,47.4726354],[11.0477418,47.4726635],[11.0477897,47.4726027],[11.0477117,47.4725746],[11.0476637,47.4726354]]]}},{"type":"Feature","id":"building-231940713","properties":{"kind":"building","name":"Fewos Landhaus Längenfelder Hof","height":7.2},"geometry":{"type":"Polygon","coordinates":[[[11.0473674,47.4719225],[11.0474231,47.4717683],[11.0471325,47.4717203],[11.0470768,47.4718745],[11.0473674,47.4719225]]]}},{"type":"Feature","id":"building-613790155","properties":{"kind":"building","name":"Alpine building","height":7.2},"geometry":{"type":"Polygon","coordinates":[[[11.0547778,47.4782356],[11.0548339,47.4782487],[11.0548562,47.4782051],[11.0548,47.478192],[11.0547778,47.4782356]]]}},{"type":"Feature","id":"building-99925102","properties":{"kind":"building","name":"Alpine building","height":7.2},"geometry":{"type":"Polygon","coordinates":[[[11.064449,47.4800144],[11.064362,47.4799749],[11.0644392,47.4798975],[11.0645261,47.4799371],[11.064449,47.4800144]]]}},{"type":"Feature","id":"building-231940716","properties":{"kind":"building","name":"Alpine building","height":7.2},"geometry":{"type":"Polygon","coordinates":[[[11.0482465,47.4733371],[11.0481417,47.4733047],[11.0481001,47.4733662],[11.0482049,47.4733986],[11.0482465,47.4733371]]]}},{"type":"Feature","id":"building-242715724","properties":{"kind":"building","name":"Alpine building","height":7.2},"geometry":{"type":"Polygon","coordinates":[[[11.0490689,47.4742449],[11.0490102,47.4742532],[11.0490241,47.4743051],[11.0488578,47.4743298],[11.0488242,47.4742901],[11.0487513,47.4742782],[11.048717,47.474211],[11.0487525,47.4741959],[11.0487744,47.4741768],[11.0487853,47.4741633],[11.0488364,47.4741453],[11.0490471,47.4741343],[11.0490689,47.4742449]]]}},{"type":"Feature","id":"building-118699364","properties":{"kind":"building","name":"Alpine building","height":7.2},"geometry":{"type":"Polygon","coordinates":[[[11.0552426,47.4575593],[11.0553096,47.4575951],[11.0553138,47.4575916],[11.0553332,47.457602],[11.0553604,47.4575786],[11.0553315,47.4575632],[11.0553786,47.457523],[11.0553382,47.4575014],[11.0552951,47.4575382],[11.055278,47.457529],[11.0552426,47.4575593]]]}},{"type":"Feature","id":"building-242716617","properties":{"kind":"building","name":"Alpine building","height":7.2},"geometry":{"type":"Polygon","coordinates":[[[11.0497336,47.4751708],[11.0495561,47.4751515],[11.0495789,47.4750558],[11.0497326,47.4750725],[11.0497406,47.4750389],[11.0498794,47.475054],[11.0498566,47.4751495],[11.0497416,47.475137],[11.0497336,47.4751708]]]}},{"type":"Feature","id":"building-303483547","properties":{"kind":"building","name":"Alpine building","height":7.2},"geometry":{"type":"Polygon","coordinates":[[[11.0619221,47.4799688],[11.0618413,47.4799133],[11.0619578,47.4798358],[11.0620386,47.4798913],[11.0619221,47.4799688]]]}},{"type":"Feature","id":"building-613790158","properties":{"kind":"building","name":"Alpine building","height":7.2},"geometry":{"type":"Polygon","coordinates":[[[11.0544734,47.4781522],[11.0545295,47.4781653],[11.0545518,47.4781217],[11.0544956,47.4781086],[11.0544734,47.4781522]]]}},{"type":"Feature","id":"building-100477831","properties":{"kind":"building","name":"Alpine building","height":7.2},"geometry":{"type":"Polygon","coordinates":[[[11.0678478,47.4797091],[11.0679054,47.4796454],[11.0680212,47.4796932],[11.0679636,47.4797569],[11.0678478,47.4797091]]]}},{"type":"Feature","id":"building-738169981","properties":{"kind":"building","name":"Alpine building","height":7.2},"geometry":{"type":"Polygon","coordinates":[[[11.0587492,47.4795282],[11.0588315,47.4795672],[11.0589619,47.4794413],[11.0588795,47.4794024],[11.0587492,47.4795282]]]}},{"type":"Feature","id":"building-231940740","properties":{"kind":"building","name":"Alpine building","height":7.2},"geometry":{"type":"Polygon","coordinates":[[[11.047395,47.4721884],[11.0473303,47.4723125],[11.0474117,47.4723319],[11.0474765,47.4722078],[11.047395,47.4721884]]]}},{"type":"Feature","id":"building-231940756","properties":{"kind":"building","name":"Alpine building","height":7.2},"geometry":{"type":"Polygon","coordinates":[[[11.0477626,47.4727178],[11.0479377,47.4727828],[11.0478375,47.4729061],[11.0477477,47.4728728],[11.0477171,47.4729104],[11.0475809,47.4728598],[11.0476407,47.4727863],[11.0476916,47.4728052],[11.0477626,47.4727178]]]}},{"type":"Feature","id":"building-230766335","properties":{"kind":"building","name":"Alpine building","height":7.2},"geometry":{"type":"Polygon","coordinates":[[[11.0462254,47.4663065],[11.0463229,47.4662058],[11.0465292,47.4662971],[11.0464318,47.4663978],[11.0462254,47.4663065]]]}},{"type":"Feature","id":"building-242716538","properties":{"kind":"building","name":"Alpine building","height":7.2},"geometry":{"type":"Polygon","coordinates":[[[11.0495331,47.4750039],[11.0493402,47.4750034],[11.0493411,47.4748622],[11.049534,47.4748628],[11.0495331,47.4750039]]]}},{"type":"Feature","id":"building-299810377","properties":{"kind":"building","name":"Alpine building","height":7.2},"geometry":{"type":"Polygon","coordinates":[[[11.0465324,47.4701242],[11.0463932,47.4701299],[11.0464024,47.4702348],[11.0465416,47.4702292],[11.0465324,47.4701242]]]}},{"type":"Feature","id":"building-242716723","properties":{"kind":"building","name":"Alpine building","height":7.2},"geometry":{"type":"Polygon","coordinates":[[[11.049879,47.475348],[11.0496869,47.4753344],[11.0497048,47.4752196],[11.0498969,47.4752333],[11.049879,47.475348]]]}},{"type":"Feature","id":"building-99925233","properties":{"kind":"building","name":"Alpine building","height":7.2},"geometry":{"type":"Polygon","coordinates":[[[11.0667716,47.4799635],[11.0668348,47.4799155],[11.066745,47.4798615],[11.0666818,47.4799096],[11.0667716,47.4799635]]]}},{"type":"Feature","id":"building-1389439102","properties":{"kind":"building","name":"Alpine building","height":7.2},"geometry":{"type":"Polygon","coordinates":[[[11.0489299,47.4745352],[11.0489314,47.4744814],[11.0490132,47.4744824],[11.0490117,47.4745362],[11.0489299,47.4745352]]]}},{"type":"Feature","id":"building-242716005","properties":{"kind":"building","name":"Alpine building","height":7.2},"geometry":{"type":"Polygon","coordinates":[[[11.0492503,47.474775],[11.0490151,47.4747716],[11.0490178,47.4746879],[11.0490621,47.4746886],[11.0490651,47.4745973],[11.049256,47.4746001],[11.0492556,47.4746134],[11.0492503,47.474775]]]}},{"type":"Feature","id":"building-613790159","properties":{"kind":"building","name":"Alpine building","height":7.2},"geometry":{"type":"Polygon","coordinates":[[[11.0541475,47.4781115],[11.0542036,47.4781246],[11.0542259,47.4780809],[11.0541697,47.4780678],[11.0541475,47.4781115]]]}},{"type":"Feature","id":"building-231940746","properties":{"kind":"building","name":"Alpine building","height":7.2},"geometry":{"type":"Polygon","coordinates":[[[11.0472761,47.4721324],[11.0473247,47.4720009],[11.0470419,47.4719531],[11.0469933,47.4720847],[11.0472761,47.4721324]]]}},{"type":"Feature","id":"building-100865092","properties":{"kind":"building","name":"Alpine building","height":7.2},"geometry":{"type":"Polygon","coordinates":[[[11.0630686,47.4801711],[11.0629391,47.4800997],[11.0631008,47.4799657],[11.0632303,47.4800372],[11.0630686,47.4801711]]]}},{"type":"Feature","id":"building-231940711","properties":{"kind":"building","name":"Alpine building","height":7.2},"geometry":{"type":"Polygon","coordinates":[[[11.048413,47.4737204],[11.0481891,47.4736634],[11.0481214,47.4737847],[11.0483453,47.4738418],[11.048413,47.4737204]]]}},{"type":"Feature","id":"building-1389439103","properties":{"kind":"building","name":"Alpine building","height":7.2},"geometry":{"type":"Polygon","coordinates":[[[11.0489565,47.474622],[11.048959,47.474564],[11.0490282,47.4745654],[11.0490256,47.4746234],[11.0489565,47.474622]]]}},{"type":"Feature","id":"building-615356944","properties":{"kind":"building","name":"Alpine building","height":7.2},"geometry":{"type":"Polygon","coordinates":[[[11.0526127,47.4773753],[11.052611,47.4773264],[11.052661,47.4773256],[11.0526628,47.4773745],[11.0526127,47.4773753]]]}},{"type":"Feature","id":"building-231940724","properties":{"kind":"building","name":"Alpine building","height":7.2},"geometry":{"type":"Polygon","coordinates":[[[11.0473489,47.4727198],[11.0475024,47.472769],[11.0475908,47.4726432],[11.0474373,47.4725939],[11.0473489,47.4727198]]]}},{"type":"Feature","id":"building-242716098","properties":{"kind":"building","name":"Alpine building","height":7.2},"geometry":{"type":"Polygon","coordinates":[[[11.0488164,47.4745246],[11.0488155,47.4744636],[11.0489199,47.474463],[11.0489207,47.474524],[11.0488164,47.4745246]]]}},{"type":"Feature","id":"building-615356945","properties":{"kind":"building","name":"Alpine building","height":7.2},"geometry":{"type":"Polygon","coordinates":[[[11.0525525,47.4773488],[11.0525526,47.4773245],[11.0526002,47.4773247],[11.0526001,47.4773489],[11.0525525,47.4773488]]]}},{"type":"Feature","id":"building-231940742","properties":{"kind":"building","name":"Alpine building","height":7.2},"geometry":{"type":"Polygon","coordinates":[[[11.0478953,47.4735428],[11.048067,47.4735639],[11.048108,47.4734115],[11.0479363,47.4733904],[11.0478953,47.4735428]]]}},{"type":"Feature","id":"building-456348675","properties":{"kind":"building","name":"Alpine building","height":7.2},"geometry":{"type":"Polygon","coordinates":[[[11.0462484,47.4659699],[11.0463514,47.4660113],[11.0463746,47.4659851],[11.0462748,47.4659415],[11.0462484,47.4659699]]]}},{"type":"Feature","id":"building-613790157","properties":{"kind":"building","name":"Alpine building","height":7.2},"geometry":{"type":"Polygon","coordinates":[[[11.0544144,47.4782954],[11.0544705,47.4783085],[11.0544928,47.4782649],[11.0544367,47.4782518],[11.0544144,47.4782954]]]}},{"type":"Feature","id":"building-919792710","properties":{"kind":"building","name":"Alpine building","height":7.2},"geometry":{"type":"Polygon","coordinates":[[[11.0524962,47.4773692],[11.0525463,47.477369],[11.0525459,47.4773219],[11.0524959,47.4773221],[11.0524962,47.4773692]]]}},{"type":"Feature","id":"building-243542184","properties":{"kind":"building","name":"Alpine building","height":7.2},"geometry":{"type":"Polygon","coordinates":[[[11.049418,47.4751776],[11.0493301,47.4751756],[11.0493376,47.4750276],[11.0494256,47.4750296],[11.049418,47.4751776]]]}},{"type":"Feature","id":"building-100477834","properties":{"kind":"building","name":"Alpine building","height":7.2},"geometry":{"type":"Polygon","coordinates":[[[11.0675798,47.4799138],[11.0676519,47.4798458],[11.0677998,47.4799175],[11.0677276,47.4799855],[11.0675798,47.4799138]]]}},{"type":"Feature","id":"building-242716488","properties":{"kind":"building","name":"Alpine building","height":7.2},"geometry":{"type":"Polygon","coordinates":[[[11.0492599,47.4750086],[11.0491222,47.4750072],[11.0491242,47.4749055],[11.0491663,47.4749059],[11.0491671,47.4748644],[11.0492629,47.4748653],[11.0492599,47.4750086]]]}},{"type":"Feature","id":"building-615356946","properties":{"kind":"building","name":"Alpine building","height":7.2},"geometry":{"type":"Polygon","coordinates":[[[11.0524437,47.4773754],[11.052445,47.4773354],[11.052479,47.4773359],[11.0524777,47.4773759],[11.0524437,47.4773754]]]}},{"type":"Feature","id":"building-242718406","properties":{"kind":"building","name":"Alpine building","height":7.2},"geometry":{"type":"Polygon","coordinates":[[[11.0499547,47.4756981],[11.0499616,47.4756456],[11.0500235,47.4756493],[11.0500167,47.4757018],[11.0499547,47.4756981]]]}},{"type":"Feature","id":"building-231940729","properties":{"kind":"building","name":"Alpine building","height":7.2},"geometry":{"type":"Polygon","coordinates":[[[11.0478426,47.4731972],[11.0475995,47.4731763],[11.0475786,47.4732874],[11.0478217,47.4733083],[11.0478426,47.4731972]]]}},{"type":"Feature","id":"building-231940734","properties":{"kind":"building","name":"Alpine building","height":7.2},"geometry":{"type":"Polygon","coordinates":[[[11.047198,47.4723364],[11.0472465,47.4722053],[11.0469717,47.4721588],[11.0469232,47.47229],[11.047198,47.4723364]]]}},{"type":"Feature","id":"building-615356947","properties":{"kind":"building","name":"Alpine building","height":7.2},"geometry":{"type":"Polygon","coordinates":[[[11.0523961,47.4773763],[11.0523973,47.4773363],[11.0524314,47.4773368],[11.0524301,47.4773768],[11.0523961,47.4773763]]]}},{"type":"Feature","id":"building-615356948","properties":{"kind":"building","name":"Alpine building","height":7.2},"geometry":{"type":"Polygon","coordinates":[[[11.0523478,47.4773768],[11.0523491,47.4773368],[11.0523831,47.4773373],[11.0523818,47.4773773],[11.0523478,47.4773768]]]}},{"type":"Feature","id":"building-99925228","properties":{"kind":"building","name":"Alpine building","height":7.2},"geometry":{"type":"Polygon","coordinates":[[[11.066321,47.4801744],[11.0663865,47.4801228],[11.0662992,47.4800722],[11.0662337,47.4801239],[11.066321,47.4801744]]]}},{"type":"Feature","id":"building-613790156","properties":{"kind":"building","name":"Alpine building","height":7.2},"geometry":{"type":"Polygon","coordinates":[[[11.0540805,47.4782565],[11.0541366,47.4782696],[11.0541588,47.4782259],[11.0541027,47.4782129],[11.0540805,47.4782565]]]}},{"type":"Feature","id":"building-242717122","properties":{"kind":"building","name":"Alpine building","height":7.2},"geometry":{"type":"Polygon","coordinates":[[[11.0499405,47.4756888],[11.0497134,47.475684],[11.0497194,47.4755548],[11.0499465,47.4755596],[11.0499405,47.4756888]]]}},{"type":"Feature","id":"building-264336272","properties":{"kind":"building","name":"Autohaus Heitz","height":7.2},"geometry":{"type":"Polygon","coordinates":[[[11.0557228,47.4789401],[11.0558561,47.4788918],[11.0558589,47.4788887],[11.0556331,47.4786159],[11.0554105,47.4786981],[11.0553786,47.478757],[11.0553416,47.478747],[11.0552239,47.4789621],[11.0555174,47.4790355],[11.0556351,47.4788203],[11.0556874,47.4788492],[11.0556947,47.4788754],[11.0556754,47.4788827],[11.0557228,47.4789401]]]}},{"type":"Feature","id":"building-615356949","properties":{"kind":"building","name":"Alpine building","height":7.2},"geometry":{"type":"Polygon","coordinates":[[[11.0522978,47.477377],[11.0522991,47.477337],[11.0523332,47.4773375],[11.0523319,47.4773775],[11.0522978,47.477377]]]}},{"type":"Feature","id":"building-1480678584","properties":{"kind":"building","name":"Alpine building","height":7.2},"geometry":{"type":"Polygon","coordinates":[[[11.0494096,47.4753618],[11.049488,47.4753668],[11.0494897,47.4753542],[11.0495457,47.4753577],[11.0495576,47.4752729],[11.0494232,47.4752643],[11.0494096,47.4753618]]]}},{"type":"Feature","id":"building-230766332","properties":{"kind":"building","name":"Alpine building","height":7.2},"geometry":{"type":"Polygon","coordinates":[[[11.0460614,47.4660739],[11.0462028,47.4661336],[11.0461147,47.466229],[11.0459731,47.4661692],[11.0460614,47.4660739]]]}},{"type":"Feature","id":"building-223954544","properties":{"kind":"building","name":"Alpine building","height":7.2},"geometry":{"type":"Polygon","coordinates":[[[11.0463389,47.4653551],[11.0464337,47.4652771],[11.0463135,47.4652103],[11.0462186,47.4652884],[11.0463389,47.4653551]]]}},{"type":"Feature","id":"building-376695528","properties":{"kind":"building","name":"Alpine building","height":7.2},"geometry":{"type":"Polygon","coordinates":[[[11.0491222,47.4750072],[11.0489831,47.475006],[11.0489852,47.4749043],[11.0491242,47.4749055],[11.0491222,47.4750072]]]}},{"type":"Feature","id":"building-242716198","properties":{"kind":"building","name":"Alpine building","height":7.2},"geometry":{"type":"Polygon","coordinates":[[[11.0488945,47.4747543],[11.048661,47.4747517],[11.0486631,47.474665],[11.0487281,47.4746657],[11.0487294,47.4746105],[11.0488979,47.4746123],[11.0488945,47.4747543]]]}},{"type":"Feature","id":"building-615354902","properties":{"kind":"building","name":"Alpine building","height":7.2},"geometry":{"type":"Polygon","coordinates":[[[11.054364,47.478441],[11.0543928,47.4784487],[11.054418,47.4784059],[11.0543892,47.4783981],[11.054364,47.478441]]]}},{"type":"Feature","id":"building-231940723","properties":{"kind":"building","name":"Alpine building","height":7.2},"geometry":{"type":"Polygon","coordinates":[[[11.0482796,47.4739774],[11.0481324,47.4739438],[11.0481255,47.4739576],[11.0480488,47.47394],[11.0479978,47.474042],[11.0482217,47.4740932],[11.0482796,47.4739774]]]}},{"type":"Feature","id":"building-242718577","properties":{"kind":"building","name":"Alpine building","height":7.2},"geometry":{"type":"Polygon","coordinates":[[[11.0502899,47.4761033],[11.049994,47.4760512],[11.0500416,47.4759279],[11.0502147,47.4759584],[11.0502069,47.4759765],[11.0503269,47.4759979],[11.0502899,47.4761033]]]}},{"type":"Feature","id":"building-255529474","properties":{"kind":"building","name":"Alpine building","height":7.2},"geometry":{"type":"Polygon","coordinates":[[[11.0461542,47.4655272],[11.0461441,47.4655301],[11.0461358,47.465535],[11.0461303,47.4655413],[11.0461279,47.4655486],[11.0461291,47.465556],[11.0461337,47.4655627],[11.0461411,47.4655681],[11.0461515,47.4655719],[11.0461748,47.4655715],[11.0461849,47.4655673],[11.0461924,47.4655611],[11.0461963,47.4655536],[11.0461961,47.4655456],[11.046192,47.4655381],[11.0461851,47.4655324],[11.0461758,47.4655284],[11.0461651,47.4655266],[11.0461542,47.4655272]]]}},{"type":"Feature","id":"building-615354905","properties":{"kind":"building","name":"Alpine building","height":7.2},"geometry":{"type":"Polygon","coordinates":[[[11.0540583,47.4783335],[11.0541181,47.4783396],[11.0541232,47.4783165],[11.0540634,47.4783105],[11.0540583,47.4783335]]]}},{"type":"Feature","id":"building-240808425","properties":{"kind":"building","name":"Alpine building","height":7.2},"geometry":{"type":"Polygon","coordinates":[[[11.0491867,47.4750513],[11.0491901,47.475167],[11.048992,47.4751697],[11.0489886,47.4750539],[11.0491867,47.4750513]]]}},{"type":"Feature","id":"building-1018907188","properties":{"kind":"building","name":"Alpine building","height":7.2},"geometry":{"type":"Polygon","coordinates":[[[11.0819381,47.4657468],[11.0819398,47.4657389],[11.0819655,47.4657413],[11.0819747,47.4656974],[11.0819526,47.4656953],[11.0819541,47.4656881],[11.0818742,47.4656804],[11.0818618,47.4657394],[11.0819381,47.4657468]]]}},{"type":"Feature","id":"building-99925108","properties":{"kind":"building","name":"Alpine building","height":7.2},"geometry":{"type":"Polygon","coordinates":[[[11.0650096,47.4803687],[11.0650631,47.480319],[11.0649808,47.4802786],[11.0649273,47.4803283],[11.0650096,47.4803687]]]}},{"type":"Feature","id":"building-231940718","properties":{"kind":"building","name":"Alpine building","height":7.2},"geometry":{"type":"Polygon","coordinates":[[[11.047065,47.4725606],[11.0471405,47.4724179],[11.0468707,47.4723527],[11.0467952,47.4724954],[11.047065,47.4725606]]]}},{"type":"Feature","id":"building-255179844","properties":{"kind":"building","name":"Alpine building","height":7.2},"geometry":{"type":"Polygon","coordinates":[[[11.0460319,47.4657861],[11.0460994,47.4657204],[11.0460455,47.4656951],[11.045978,47.4657609],[11.0460319,47.4657861]]]}},{"type":"Feature","id":"building-99925183","properties":{"kind":"building","name":"Alpine building","height":7.2},"geometry":{"type":"Polygon","coordinates":[[[11.0652967,47.4803744],[11.065362,47.4803318],[11.0652972,47.4802863],[11.0652318,47.4803288],[11.0652967,47.4803744]]]}},{"type":"Feature","id":"building-231940727","properties":{"kind":"building","name":"Alpine building","height":7.2},"geometry":{"type":"Polygon","coordinates":[[[11.0477189,47.4734683],[11.0475405,47.473455],[11.0475242,47.4735545],[11.0476602,47.4735646],[11.0476634,47.4735448],[11.0477058,47.473548],[11.0477189,47.4734683]]]}},{"type":"Feature","id":"building-240808427","properties":{"kind":"building","name":"Alpine building","height":7.2},"geometry":{"type":"Polygon","coordinates":[[[11.049136,47.4753251],[11.0492594,47.4753315],[11.0492657,47.4752758],[11.0491423,47.4752694],[11.049136,47.4753251]]]}},{"type":"Feature","id":"building-299810390","properties":{"kind":"building","name":"Alpine building","height":7.2},"geometry":{"type":"Polygon","coordinates":[[[11.0456896,47.4673199],[11.0456341,47.4673483],[11.0457129,47.4674188],[11.0457683,47.4673904],[11.0456896,47.4673199]]]}},{"type":"Feature","id":"building-383286175","properties":{"kind":"building","name":"Alpine building","height":7.2},"geometry":{"type":"Polygon","coordinates":[[[11.0459274,47.4661353],[11.0457876,47.4660761],[11.0458709,47.4659862],[11.0460107,47.4660454],[11.0459274,47.4661353]]]}},{"type":"Feature","id":"building-99925109","properties":{"kind":"building","name":"Alpine building","height":7.2},"geometry":{"type":"Polygon","coordinates":[[[11.0642046,47.4805295],[11.0640937,47.4804705],[11.0640757,47.4804859],[11.0639817,47.4804358],[11.0642139,47.4802366],[11.0642991,47.480282],[11.0642634,47.4803126],[11.064383,47.4803763],[11.0642046,47.4805295]]]}},{"type":"Feature","id":"building-920933407","properties":{"kind":"building","name":"Alpine building","height":7.2},"geometry":{"type":"Polygon","coordinates":[[[11.0501754,47.4760945],[11.0501551,47.4761503],[11.0500818,47.4761381],[11.0501021,47.4760823],[11.0501754,47.4760945]]]}},{"type":"Feature","id":"building-1389439113","properties":{"kind":"building","name":"Alpine building","height":7.2},"geometry":{"type":"Polygon","coordinates":[[[11.0485962,47.47478],[11.0485961,47.4747589],[11.0486252,47.4747588],[11.0486253,47.47478],[11.0485962,47.47478]]]}},{"type":"Feature","id":"building-99925144","properties":{"kind":"building","name":"Alpine building","height":7.2},"geometry":{"type":"Polygon","coordinates":[[[11.0654475,47.4804223],[11.0655084,47.4803798],[11.0654311,47.4803292],[11.0653701,47.4803718],[11.0654475,47.4804223]]]}},{"type":"Feature","id":"building-240808428","properties":{"kind":"building","name":"Alpine building","height":7.2},"geometry":{"type":"Polygon","coordinates":[[[11.048956,47.4750087],[11.0488634,47.4750151],[11.0488694,47.4750551],[11.0488258,47.4750581],[11.0488409,47.475159],[11.0489771,47.4751497],[11.048956,47.4750087]]]}},{"type":"Feature","id":"building-511728949","properties":{"kind":"building","name":"Alpine building","height":7.2},"geometry":{"type":"Polygon","coordinates":[[[11.0520007,47.4773609],[11.0522493,47.4773649],[11.0522449,47.4774928],[11.0519799,47.4774889],[11.0519808,47.477514],[11.0518518,47.4775139],[11.0518531,47.4773688],[11.0518535,47.4773278],[11.0519996,47.4773287],[11.0520007,47.4773609]]]}},{"type":"Feature","id":"building-242716235","properties":{"kind":"building","name":"Alpine building","height":7.2},"geometry":{"type":"Polygon","coordinates":[[[11.0485942,47.4747446],[11.0484899,47.4747435],[11.0484912,47.4746852],[11.0483452,47.4746837],[11.048348,47.4745634],[11.0485983,47.474566],[11.0485942,47.4747446]]]}},{"type":"Feature","id":"building-242717875","properties":{"kind":"building","name":"Alpine building","height":7.2},"geometry":{"type":"Polygon","coordinates":[[[11.049842,47.4759464],[11.0496221,47.4759064],[11.0496575,47.4758176],[11.0498774,47.4758577],[11.049842,47.4759464]]]}},{"type":"Feature","id":"building-231940712","properties":{"kind":"building","name":"Alpine building","height":7.2},"geometry":{"type":"Polygon","coordinates":[[[11.0481788,47.4741706],[11.047952,47.4741231],[11.0478947,47.4742479],[11.0481216,47.4742955],[11.0481788,47.4741706]]]}},{"type":"Feature","id":"building-223538731","properties":{"kind":"building","name":"Alpine building","height":7.2},"geometry":{"type":"Polygon","coordinates":[[[11.0458041,47.4657289],[11.0458642,47.4656726],[11.0458349,47.4656584],[11.0458735,47.4656222],[11.0459436,47.4656564],[11.0459176,47.4656807],[11.0459836,47.4657128],[11.0459109,47.465781],[11.0458041,47.4657289]]]}},{"type":"Feature","id":"building-35337537","properties":{"kind":"building","name":"Edeka Bartl","height":7.2},"geometry":{"type":"Polygon","coordinates":[[[11.0551426,47.4787429],[11.0550392,47.4785142],[11.0544009,47.4786459],[11.0543555,47.4786549],[11.0543899,47.4787282],[11.0544266,47.4787203],[11.0544325,47.4787198],[11.054442,47.4787409],[11.0545026,47.478875],[11.0551426,47.4787429]]]}},{"type":"Feature","id":"building-231940737","properties":{"kind":"building","name":"Alpine building","height":7.2},"geometry":{"type":"Polygon","coordinates":[[[11.0476741,47.4736694],[11.0474977,47.4736598],[11.0474847,47.4737688],[11.0476611,47.4737785],[11.0476741,47.4736694]]]}},{"type":"Feature","id":"building-615354904","properties":{"kind":"building","name":"Alpine building","height":7.2},"geometry":{"type":"Polygon","coordinates":[[[11.0539603,47.4785102],[11.0539903,47.4785139],[11.0539963,47.4784916],[11.0539663,47.4784879],[11.0539603,47.4785102]]]}},{"type":"Feature","id":"building-376695527","properties":{"kind":"building","name":"Alpine building","height":7.2},"geometry":{"type":"Polygon","coordinates":[[[11.0488409,47.475159],[11.0487181,47.4751675],[11.0487029,47.4750665],[11.0488258,47.4750581],[11.0488409,47.475159]]]}},{"type":"Feature","id":"building-264336276","properties":{"kind":"building","name":"Porsche Zentrum Garmisch-Partenkirchen","height":7.2},"geometry":{"type":"Polygon","coordinates":[[[11.0554297,47.4792391],[11.0554495,47.4792629],[11.055511,47.4793093],[11.0555929,47.4793298],[11.0557048,47.4793376],[11.0558374,47.4793306],[11.0559195,47.4791848],[11.0559577,47.4791171],[11.0559604,47.4791123],[11.0558553,47.4789485],[11.0557105,47.4789969],[11.0556038,47.4790326],[11.0555759,47.4790419],[11.0555664,47.4790458],[11.0554832,47.4790799],[11.0554489,47.4791053],[11.0554267,47.4791397],[11.0554149,47.4791618],[11.0554579,47.4791733],[11.0554491,47.4791979],[11.0554096,47.4791977],[11.0554297,47.4792391]]]}},{"type":"Feature","id":"building-99925083","properties":{"kind":"building","name":"Alpine building","height":7.2},"geometry":{"type":"Polygon","coordinates":[[[11.0646525,47.48061],[11.0647847,47.4805073],[11.0646413,47.480423],[11.0645091,47.4805257],[11.0646525,47.48061]]]}},{"type":"Feature","id":"building-615354903","properties":{"kind":"building","name":"Alpine building","height":7.2},"geometry":{"type":"Polygon","coordinates":[[[11.0537888,47.478489],[11.0538486,47.4784951],[11.0538537,47.478472],[11.0537939,47.478466],[11.0537888,47.478489]]]}},{"type":"Feature","id":"building-61985718","properties":{"kind":"building","name":"Berghotel Hammersbach","height":7.2},"geometry":{"type":"Polygon","coordinates":[[[11.0460607,47.465301],[11.0462634,47.4651354],[11.0461288,47.4650601],[11.0460714,47.465107],[11.0459102,47.4650169],[11.0459723,47.4649661],[11.0460307,47.4649988],[11.0460672,47.464969],[11.0461001,47.4649874],[11.0462279,47.464883],[11.0459547,47.4647302],[11.0457762,47.4648761],[11.045858,47.4649218],[11.0458196,47.4649532],[11.0457984,47.4649413],[11.0456437,47.4650678],[11.0460607,47.465301]]]}},{"type":"Feature","id":"building-240808426","properties":{"kind":"building","name":"Alpine building","height":7.2},"geometry":{"type":"Polygon","coordinates":[[[11.0487851,47.4753614],[11.0488926,47.4753546],[11.048894,47.4753647],[11.0490798,47.4753529],[11.0490654,47.4752491],[11.0488817,47.4752607],[11.0488829,47.4752698],[11.0487733,47.4752767],[11.0487851,47.4753614]]]}},{"type":"Feature","id":"building-242716395","properties":{"kind":"building","name":"Alpine building","height":7.2},"geometry":{"type":"Polygon","coordinates":[[[11.0485124,47.4750418],[11.0485083,47.4750021],[11.0484169,47.4750026],[11.0484126,47.4749055],[11.0484492,47.4749048],[11.048447,47.4748546],[11.0485951,47.4748517],[11.0486001,47.4749657],[11.0486379,47.4749649],[11.0486411,47.4750387],[11.0485124,47.4750418]]]}},{"type":"Feature","id":"building-615358997","properties":{"kind":"building","name":"Alpine building","height":7.2},"geometry":{"type":"Polygon","coordinates":[[[11.0516693,47.477479],[11.051671,47.4774003],[11.051805,47.4774016],[11.0518033,47.4774803],[11.0516693,47.477479]]]}},{"type":"Feature","id":"building-242718298","properties":{"kind":"building","name":"Alpine building","height":7.2},"geometry":{"type":"Polygon","coordinates":[[[11.0495372,47.4758923],[11.0494346,47.4758743],[11.0494558,47.4758193],[11.0495567,47.4758361],[11.0495372,47.4758923]]]}},{"type":"Feature","id":"building-231940731","properties":{"kind":"building","name":"Alpine building","height":7.2},"geometry":{"type":"Polygon","coordinates":[[[11.0481408,47.4743748],[11.0479142,47.4743586],[11.0478953,47.4744795],[11.0481219,47.4744956],[11.0481408,47.4743748]]]}},{"type":"Feature","id":"building-101763422","properties":{"kind":"building","name":"Alpine building","height":4.1},"geometry":{"type":"Polygon","coordinates":[[[11.0570338,47.4797318],[11.05703,47.4796336],[11.0571968,47.4796306],[11.0572006,47.4797288],[11.0570338,47.4797318]]]}},{"type":"Feature","id":"building-1049412325","properties":{"kind":"building","name":"Alpine building","height":7.2},"geometry":{"type":"Polygon","coordinates":[[[11.0608494,47.4804351],[11.0609943,47.4804682],[11.0610386,47.4803799],[11.0608937,47.4803467],[11.0608494,47.4804351]]]}},{"type":"Feature","id":"building-242718230","properties":{"kind":"building","name":"Alpine building","height":7.2},"geometry":{"type":"Polygon","coordinates":[[[11.0493641,47.4757928],[11.0491631,47.4757802],[11.0491888,47.475592],[11.0493898,47.4756045],[11.0493641,47.4757928]]]}},{"type":"Feature","id":"building-231940733","properties":{"kind":"building","name":"Alpine building","height":7.2},"geometry":{"type":"Polygon","coordinates":[[[11.0466097,47.4724288],[11.0466736,47.4722957],[11.0464146,47.4722389],[11.0463508,47.4723721],[11.0466097,47.4724288]]]}},{"type":"Feature","id":"building-230766333","properties":{"kind":"building","name":"Alpine building","height":7.2},"geometry":{"type":"Polygon","coordinates":[[[11.0454764,47.466007],[11.0455064,47.4659635],[11.0455339,47.4659722],[11.0455914,47.4658888],[11.0457391,47.4659354],[11.0457074,47.4659813],[11.0457209,47.4659855],[11.0456649,47.4660665],[11.0454764,47.466007]]]}},{"type":"Feature","id":"building-243538257","properties":{"kind":"building","name":"Alpine building","height":7.2},"geometry":{"type":"Polygon","coordinates":[[[11.0500735,47.4763901],[11.049847,47.4763364],[11.0499124,47.4762104],[11.0501389,47.476264],[11.0500735,47.4763901]]]}},{"type":"Feature","id":"building-919795715","properties":{"kind":"building","name":"Alpine building","height":7.2},"geometry":{"type":"Polygon","coordinates":[[[11.04778,47.4741836],[11.0478632,47.4741981],[11.047828,47.4742902],[11.0477448,47.4742757],[11.04778,47.4741836]]]}},{"type":"Feature","id":"building-231940743","properties":{"kind":"building","name":"Alpine building","height":7.2},"geometry":{"type":"Polygon","coordinates":[[[11.0477444,47.4740844],[11.0476446,47.4740727],[11.0476342,47.4741132],[11.047734,47.4741249],[11.0477444,47.4740844]]]}},{"type":"Feature","id":"building-231940720","properties":{"kind":"building","name":"Alpine building","height":7.2},"geometry":{"type":"Polygon","coordinates":[[[11.0476559,47.4739051],[11.0474614,47.4738874],[11.0474431,47.4739788],[11.0476377,47.4739965],[11.0476559,47.4739051]]]}},{"type":"Feature","id":"building-919795716","properties":{"kind":"building","name":"Alpine building","height":7.2},"geometry":{"type":"Polygon","coordinates":[[[11.0475373,47.4739992],[11.0475288,47.4740435],[11.0476619,47.4740552],[11.0476704,47.4740109],[11.0475373,47.4739992]]]}},{"type":"Feature","id":"building-231940725","properties":{"kind":"building","name":"Alpine building","height":7.2},"geometry":{"type":"Polygon","coordinates":[[[11.048112,47.4745283],[11.0479741,47.4745271],[11.0479722,47.4746218],[11.0481102,47.474623],[11.048112,47.4745283]]]}},{"type":"Feature","id":"building-919792709","properties":{"kind":"building","name":"Alpine building","height":7.2},"geometry":{"type":"Polygon","coordinates":[[[11.0520077,47.4776882],[11.0520138,47.4776244],[11.0519314,47.4776195],[11.0518721,47.4776397],[11.0518767,47.477691],[11.0520077,47.4776882]]]}},{"type":"Feature","id":"building-255179806","properties":{"kind":"building","name":"Alpine building","height":7.2},"geometry":{"type":"Polygon","coordinates":[[[11.0453098,47.4669139],[11.0454861,47.466869],[11.0454112,47.4667346],[11.0452349,47.4667795],[11.0453098,47.4669139]]]}},{"type":"Feature","id":"building-300357283","properties":{"kind":"building","name":"Alpine building","height":7.2},"geometry":{"type":"Polygon","coordinates":[[[11.0628544,47.4807864],[11.0628795,47.4807635],[11.0629253,47.4807216],[11.0629834,47.4806685],[11.0631016,47.4805604],[11.0629471,47.4804832],[11.0630243,47.4804127],[11.0633106,47.4805557],[11.0629863,47.4808523],[11.0628544,47.4807864]]]}},{"type":"Feature","id":"building-223538732","properties":{"kind":"building","name":"Alpine building","height":7.2},"geometry":{"type":"Polygon","coordinates":[[[11.0456823,47.4652916],[11.0454343,47.4655284],[11.0454152,47.4655192],[11.0453532,47.4655784],[11.045562,47.4656784],[11.0456907,47.4655555],[11.0457392,47.4655787],[11.0457842,47.4655357],[11.0457303,47.4655099],[11.0458665,47.4653798],[11.0456823,47.4652916]]]}},{"type":"Feature","id":"building-299810388","properties":{"kind":"building","name":"Alpine building","height":7.2},"geometry":{"type":"Polygon","coordinates":[[[11.0452842,47.4666231],[11.0453084,47.4666865],[11.0454428,47.466663],[11.0454186,47.4665996],[11.0452842,47.4666231]]]}},{"type":"Feature","id":"building-255179830","properties":{"kind":"building","name":"Alpine building","height":7.2},"geometry":{"type":"Polygon","coordinates":[[[11.0454118,47.4664722],[11.045489,47.4663572],[11.0453811,47.4663241],[11.0453039,47.4664391],[11.0454118,47.4664722]]]}},{"type":"Feature","id":"building-615354912","properties":{"kind":"building","name":"Alpine building","height":7.2},"geometry":{"type":"Polygon","coordinates":[[[11.051896,47.4777866],[11.0519035,47.4777087],[11.0520337,47.477713],[11.0520368,47.4777851],[11.051896,47.4777866]]]}},{"type":"Feature","id":"building-376523813","properties":{"kind":"building","name":"Alpine building","height":7.2},"geometry":{"type":"Polygon","coordinates":[[[11.0498226,47.4763301],[11.0497078,47.4763025],[11.0497329,47.4762547],[11.0498478,47.4762823],[11.0498226,47.4763301]]]}},{"type":"Feature","id":"building-1049412324","properties":{"kind":"building","name":"Alpine building","height":7.2},"geometry":{"type":"Polygon","coordinates":[[[11.0612384,47.4806241],[11.0611612,47.4805821],[11.0612749,47.4805008],[11.0613435,47.4805414],[11.0612384,47.4806241]]]}},{"type":"Feature","id":"building-243538160","properties":{"kind":"building","name":"Alpine building","height":7.2},"geometry":{"type":"Polygon","coordinates":[[[11.049689,47.476262],[11.0495819,47.476233],[11.0495959,47.4762093],[11.0494258,47.4761633],[11.0494743,47.4760814],[11.0495164,47.4760927],[11.0495475,47.4760402],[11.0497826,47.4761038],[11.049689,47.476262]]]}},{"type":"Feature","id":"building-376521662","properties":{"kind":"building","name":"Alpine building","height":7.2},"geometry":{"type":"Polygon","coordinates":[[[11.0487838,47.4756284],[11.0487807,47.4755579],[11.0488086,47.4755573],[11.0488077,47.4755374],[11.0489832,47.4755339],[11.0489872,47.4756243],[11.048972,47.4756246],[11.0487838,47.4756284]]]}},{"type":"Feature","id":"building-255179833","properties":{"kind":"building","name":"Alpine building","height":7.2},"geometry":{"type":"Polygon","coordinates":[[[11.0453305,47.466184],[11.0452541,47.4662566],[11.0453704,47.4663125],[11.0454467,47.4662398],[11.0453305,47.466184]]]}},{"type":"Feature","id":"building-99925229","properties":{"kind":"building","name":"Alpine building","height":7.2},"geometry":{"type":"Polygon","coordinates":[[[11.0645233,47.4808084],[11.0643944,47.4807419],[11.0644848,47.4806618],[11.0646137,47.4807283],[11.0645233,47.4808084]]]}},{"type":"Feature","id":"building-255705844","properties":{"kind":"building","name":"Alpine building","height":7.2},"geometry":{"type":"Polygon","coordinates":[[[11.0619714,47.4808067],[11.0621128,47.4808901],[11.0624108,47.4806595],[11.0624547,47.4806854],[11.0624977,47.4806521],[11.0624298,47.4806121],[11.0623883,47.4806329],[11.0623072,47.4805851],[11.0621442,47.4807112],[11.0621162,47.4806947],[11.0619714,47.4808067]]]}},{"type":"Feature","id":"building-615354913","properties":{"kind":"building","name":"Alpine building","height":7.2},"geometry":{"type":"Polygon","coordinates":[[[11.0519344,47.4778825],[11.0519383,47.4778112],[11.0520125,47.4778052],[11.0520766,47.4778103],[11.0520792,47.4778848],[11.0519344,47.4778825]]]}},{"type":"Feature","id":"building-231940730","properties":{"kind":"building","name":"Alpine building","height":7.2},"geometry":{"type":"Polygon","coordinates":[[[11.0476247,47.4741477],[11.0473897,47.4741301],[11.0473715,47.4742409],[11.0476065,47.4742585],[11.0476247,47.4741477]]]}},{"type":"Feature","id":"building-375954299","properties":{"kind":"building","name":"Alpine building","height":10.0},"geometry":{"type":"Polygon","coordinates":[[[11.0540828,47.4789067],[11.0539874,47.4788851],[11.0538989,47.4788108],[11.0539059,47.4787966],[11.0536991,47.4787498],[11.0537127,47.4787224],[11.0537256,47.4786963],[11.0537524,47.4786423],[11.0541673,47.4787364],[11.0540828,47.4789067]]]}},{"type":"Feature","id":"building-376542676","properties":{"kind":"building","name":"Alpine building","height":7.2},"geometry":{"type":"Polygon","coordinates":[[[11.0482192,47.475102],[11.0481343,47.4750444],[11.0482329,47.4749793],[11.0483161,47.475037],[11.0482192,47.475102]]]}},{"type":"Feature","id":"building-1458229864","properties":{"kind":"building","name":"Alpine building","height":7.0},"geometry":{"type":"Polygon","coordinates":[[[11.0536094,47.4787013],[11.0537127,47.4787224],[11.0537256,47.4786963],[11.0535859,47.4786704],[11.0536094,47.4787013]]]}},{"type":"Feature","id":"building-376521661","properties":{"kind":"building","name":"Alpine building","height":7.2},"geometry":{"type":"Polygon","coordinates":[[[11.0489746,47.4757039],[11.048779,47.4757069],[11.0487764,47.4756276],[11.0487838,47.4756284],[11.048972,47.4756246],[11.0489746,47.4757039]]]}},{"type":"Feature","id":"building-231940758","properties":{"kind":"building","name":"Alpine building","height":7.2},"geometry":{"type":"Polygon","coordinates":[[[11.0484043,47.4751413],[11.0484575,47.4751789],[11.0485021,47.4751501],[11.0485556,47.4751879],[11.0484205,47.4752753],[11.0484515,47.4752972],[11.0483584,47.4753575],[11.048257,47.4752859],[11.0483304,47.4752385],[11.0482939,47.4752127],[11.0484043,47.4751413]]]}},{"type":"Feature","id":"building-1214028521","properties":{"kind":"building","name":"Kantine","height":4.1},"geometry":{"type":"Polygon","coordinates":[[[11.0786034,47.4760952],[11.0786398,47.476099],[11.0787565,47.4761114],[11.0787749,47.4760324],[11.0786217,47.4760161],[11.0786034,47.4760952]]]}},{"type":"Feature","id":"building-231940741","properties":{"kind":"building","name":"Alpine building","height":7.2},"geometry":{"type":"Polygon","coordinates":[[[11.048044,47.4747604],[11.0478865,47.4748555],[11.0479952,47.4749377],[11.0481526,47.4748426],[11.048044,47.4747604]]]}},{"type":"Feature","id":"building-243538927","properties":{"kind":"building","name":"Alpine building","height":7.2},"geometry":{"type":"Polygon","coordinates":[[[11.049893,47.4765741],[11.049662,47.4765122],[11.0497219,47.47641],[11.0499529,47.4764719],[11.049893,47.4765741]]]}},{"type":"Feature","id":"building-511728941","properties":{"kind":"building","name":"Alpine building","height":7.2},"geometry":{"type":"Polygon","coordinates":[[[11.0519466,47.4779741],[11.0519519,47.4779037],[11.0520164,47.4778963],[11.0520731,47.4779045],[11.0520702,47.4779802],[11.0519466,47.4779741]]]}},{"type":"Feature","id":"building-243538466","properties":{"kind":"building","name":"Alpine building","height":7.2},"geometry":{"type":"Polygon","coordinates":[[[11.0496493,47.4764039],[11.0494918,47.4763578],[11.0495301,47.476298],[11.0496876,47.4763441],[11.0496493,47.4764039]]]}},{"type":"Feature","id":"building-99925098","properties":{"kind":"building","name":"Alpine building","height":7.2},"geometry":{"type":"Polygon","coordinates":[[[11.0651567,47.4808684],[11.0650675,47.4808211],[11.0651361,47.4807621],[11.0652253,47.4808094],[11.0651567,47.4808684]]]}},{"type":"Feature","id":"building-61414040","properties":{"kind":"building","name":"Fristo","height":4.1},"geometry":{"type":"Polygon","coordinates":[[[11.0552884,47.4796078],[11.0553401,47.4794311],[11.0556251,47.4794692],[11.0556374,47.4794299],[11.0557926,47.479452],[11.0557804,47.4794913],[11.055772,47.4795138],[11.0557622,47.4795471],[11.0557288,47.4796681],[11.0555889,47.479648],[11.0554708,47.4796322],[11.0552884,47.4796078]]]}},{"type":"Feature","id":"building-118595913","properties":{"kind":"building","name":"Mariä Himmelfahrt","height":7.2},"geometry":{"type":"Polygon","coordinates":[[[11.0454748,47.4649804],[11.0456008,47.4649191],[11.0455626,47.4648832],[11.0454366,47.4649445],[11.0454748,47.4649804]]]}},{"type":"Feature","id":"building-243531239","properties":{"kind":"building","name":"Alpine building","height":7.2},"geometry":{"type":"Polygon","coordinates":[[[11.049105,47.4760148],[11.0488738,47.4759962],[11.0488976,47.4758615],[11.0491286,47.4758801],[11.049105,47.4760148]]]}},{"type":"Feature","id":"building-243535163","properties":{"kind":"building","name":"Alpine building","height":7.2},"geometry":{"type":"Polygon","coordinates":[[[11.0486109,47.4755624],[11.0485284,47.4755745],[11.0485138,47.4755288],[11.0485963,47.4755168],[11.0486109,47.4755624]]]}},{"type":"Feature","id":"building-375954300","properties":{"kind":"building","name":"Alpine building","height":7.2},"geometry":{"type":"Polygon","coordinates":[[[11.0536345,47.4787343],[11.0535449,47.4787654],[11.0535397,47.4787699],[11.0535368,47.4787779],[11.0535308,47.478785],[11.0535205,47.4787915],[11.0535078,47.4787955],[11.0534939,47.4787966],[11.0534518,47.4788808],[11.0532851,47.4788429],[11.0533579,47.4786967],[11.053554,47.4786285],[11.0535859,47.4786704],[11.0536094,47.4787013],[11.0536345,47.4787343]]]}},{"type":"Feature","id":"building-231940752","properties":{"kind":"building","name":"Alpine building","height":7.2},"geometry":{"type":"Polygon","coordinates":[[[11.0482192,47.475102],[11.0481034,47.47518],[11.0479943,47.475106],[11.0480121,47.475094],[11.0479854,47.4750759],[11.0480834,47.4750099],[11.0481343,47.4750444],[11.0482192,47.475102]]]}},{"type":"Feature","id":"building-511728940","properties":{"kind":"building","name":"Alpine building","height":7.2},"geometry":{"type":"Polygon","coordinates":[[[11.0519532,47.4780699],[11.0519553,47.477997],[11.0520221,47.4779914],[11.0520858,47.4780014],[11.0520821,47.4780775],[11.0519532,47.4780699]]]}},{"type":"Feature","id":"building-231940732","properties":{"kind":"building","name":"Alpine building","height":7.2},"geometry":{"type":"Polygon","coordinates":[[[11.0473695,47.474545],[11.0474215,47.4746461],[11.0476276,47.4745985],[11.047653,47.474652],[11.0477697,47.4746302],[11.0477241,47.4745414],[11.0476209,47.4745613],[11.0475866,47.474494],[11.0473695,47.474545]]]}},{"type":"Feature","id":"building-255705846","properties":{"kind":"building","name":"Alpine building","height":7.2},"geometry":{"type":"Polygon","coordinates":[[[11.0624388,47.4809037],[11.0625857,47.4809748],[11.0626597,47.4809049],[11.0626986,47.4809237],[11.0627631,47.4808629],[11.0625774,47.4807729],[11.0624388,47.4809037]]]}},{"type":"Feature","id":"building-243538591","properties":{"kind":"building","name":"Alpine building","height":7.2},"geometry":{"type":"Polygon","coordinates":[[[11.0495812,47.4765248],[11.0494312,47.4764834],[11.0494718,47.4764163],[11.0496218,47.4764577],[11.0495812,47.4765248]]]}},{"type":"Feature","id":"building-230766334","properties":{"kind":"building","name":"Alpine building","height":7.2},"geometry":{"type":"Polygon","coordinates":[[[11.0447719,47.4663667],[11.044917,47.466237],[11.0452347,47.4663995],[11.0450895,47.4665292],[11.0447719,47.4663667]]]}},{"type":"Feature","id":"building-231940760","properties":{"kind":"building","name":"Alpine building","height":7.2},"geometry":{"type":"Polygon","coordinates":[[[11.0479473,47.4749577],[11.047808,47.4750465],[11.0478651,47.4750874],[11.048004,47.4749984],[11.0479473,47.4749577]]]}},{"type":"Feature","id":"building-99925081","properties":{"kind":"building","name":"Alpine building","height":7.2},"geometry":{"type":"Polygon","coordinates":[[[11.065039,47.480999],[11.0649454,47.4809481],[11.0650483,47.4808617],[11.0651419,47.4809126],[11.065039,47.480999]]]}},{"type":"Feature","id":"building-243539192","properties":{"kind":"building","name":"Alpine building","height":7.2},"geometry":{"type":"Polygon","coordinates":[[[11.0500061,47.4768889],[11.0498369,47.4768684],[11.0498672,47.4767546],[11.0500005,47.4767708],[11.0499954,47.47679],[11.0500312,47.4767943],[11.0500061,47.4768889]]]}},{"type":"Feature","id":"building-375957690","properties":{"kind":"building","name":"Alpine building","height":7.2},"geometry":{"type":"Polygon","coordinates":[[[11.0528776,47.478634],[11.0527996,47.4785851],[11.0529749,47.4784572],[11.0531022,47.4785369],[11.0529269,47.4786648],[11.0528776,47.478634]]]}},{"type":"Feature","id":"building-243539432","properties":{"kind":"building","name":"Alpine building","height":7.2},"geometry":{"type":"Polygon","coordinates":[[[11.0507334,47.4773936],[11.0505439,47.4773417],[11.0506119,47.4772283],[11.0508014,47.4772802],[11.0507334,47.4773936]]]}},{"type":"Feature","id":"building-243531267","properties":{"kind":"building","name":"Alpine building","height":7.2},"geometry":{"type":"Polygon","coordinates":[[[11.0491088,47.476176],[11.0490446,47.4761556],[11.0490747,47.4761123],[11.0491389,47.4761326],[11.0491088,47.476176]]]}},{"type":"Feature","id":"building-511728937","properties":{"kind":"building","name":"Alpine building","height":7.2},"geometry":{"type":"Polygon","coordinates":[[[11.0519563,47.4781652],[11.0519577,47.4780812],[11.0520318,47.4780814],[11.0520812,47.4780889],[11.0520783,47.4781686],[11.0520242,47.4781622],[11.0519563,47.4781652]]]}},{"type":"Feature","id":"building-231940715","properties":{"kind":"building","name":"Alpine building","height":7.2},"geometry":{"type":"Polygon","coordinates":[[[11.047619,47.4746962],[11.0475239,47.4747171],[11.0475681,47.4747918],[11.0476564,47.4747619],[11.047619,47.4746962]]]}},{"type":"Feature","id":"building-243539514","properties":{"kind":"building","name":"Alpine building","height":7.2},"geometry":{"type":"Polygon","coordinates":[[[11.0511418,47.4777006],[11.0509915,47.4776259],[11.0510786,47.4775458],[11.0512289,47.4776205],[11.0511418,47.4777006]]]}},{"type":"Feature","id":"building-243539454","properties":{"kind":"building","name":"Gästehaus Wagner","height":7.2},"geometry":{"type":"Polygon","coordinates":[[[11.0508094,47.4775222],[11.0506812,47.477457],[11.0508002,47.47735],[11.0509285,47.4774151],[11.0508094,47.4775222]]]}},{"type":"Feature","id":"building-242715635","properties":{"kind":"building","name":"Alpine building","height":7.2},"geometry":{"type":"Polygon","coordinates":[[[11.0459848,47.472258],[11.0457901,47.4722198],[11.0457729,47.4722598],[11.0456793,47.4722415],[11.0457137,47.4721613],[11.0457902,47.4721763],[11.0458178,47.472112],[11.0460296,47.4721535],[11.0459848,47.472258]]]}},{"type":"Feature","id":"building-255705845","properties":{"kind":"building","name":"Alpine building","height":7.2},"geometry":{"type":"Polygon","coordinates":[[[11.0624604,47.4809885],[11.0624941,47.480957],[11.062417,47.4809195],[11.0623833,47.480951],[11.0624604,47.4809885]]]}},{"type":"Feature","id":"building-243539521","properties":{"kind":"building","name":"Alpine building","height":7.2},"geometry":{"type":"Polygon","coordinates":[[[11.0512453,47.4777554],[11.0511492,47.4777228],[11.0511908,47.4776669],[11.0512869,47.4776995],[11.0512453,47.4777554]]]}},{"type":"Feature","id":"building-255179846","properties":{"kind":"building","name":"Alpine building","height":7.2},"geometry":{"type":"Polygon","coordinates":[[[11.045091,47.4659569],[11.0450899,47.4658681],[11.0449136,47.4658691],[11.0449143,47.4659579],[11.045091,47.4659569]]]}},{"type":"Feature","id":"building-231940761","properties":{"kind":"building","name":"Alpine building","height":7.2},"geometry":{"type":"Polygon","coordinates":[[[11.0477246,47.4747883],[11.0478041,47.4749255],[11.0477337,47.4749441],[11.0477813,47.4750264],[11.0476556,47.4750596],[11.0476094,47.4749799],[11.0475885,47.4749854],[11.0475232,47.4748727],[11.0475623,47.4748623],[11.0475569,47.4748531],[11.0476352,47.4748324],[11.0476249,47.4748147],[11.0477246,47.4747883]]]}},{"type":"Feature","id":"building-1495989841","properties":{"kind":"building","name":"Olympia Bobbahn-Pump Station","height":7.2},"geometry":{"type":"Polygon","coordinates":[[[11.0787557,47.476392],[11.0787711,47.4763952],[11.0787942,47.4763997],[11.0788087,47.4764027],[11.0788226,47.4763655],[11.0787699,47.4763557],[11.0787649,47.4763686],[11.078759,47.4763834],[11.0787557,47.476392]]]}},{"type":"Feature","id":"building-303483592","properties":{"kind":"building","name":"Alpine building","height":5.0},"geometry":{"type":"Polygon","coordinates":[[[11.0674459,47.4808856],[11.0673731,47.4808607],[11.0673811,47.4808507],[11.067357,47.4808428],[11.0673958,47.4807924],[11.0674213,47.4808013],[11.0674917,47.4808261],[11.0674459,47.4808856]]]}},{"type":"Feature","id":"building-242718185","properties":{"kind":"building","name":"Alpine building","height":7.2},"geometry":{"type":"Polygon","coordinates":[[[11.0483989,47.475782],[11.048547,47.4757411],[11.0485123,47.4756837],[11.0483643,47.4757245],[11.0483989,47.475782]]]}},{"type":"Feature","id":"building-376521660","properties":{"kind":"building","name":"Alpine building","height":7.2},"geometry":{"type":"Polygon","coordinates":[[[11.0489334,47.4761834],[11.0487799,47.4761297],[11.048831,47.4760629],[11.0489845,47.4761165],[11.0489334,47.4761834]]]}},{"type":"Feature","id":"building-243535149","properties":{"kind":"building","name":"Alpine building","height":7.2},"geometry":{"type":"Polygon","coordinates":[[[11.0487581,47.4759697],[11.0485543,47.4760038],[11.048532,47.4759426],[11.0485503,47.4759396],[11.0485068,47.4758206],[11.048668,47.4757937],[11.0486897,47.475853],[11.0487139,47.475849],[11.0487581,47.4759697]]]}},{"type":"Feature","id":"building-255705847","properties":{"kind":"building","name":"Betriebsgebäude der Gemeindewerke Garmisch-Partenkirchen","height":7.2},"geometry":{"type":"Polygon","coordinates":[[[11.062655,47.4810044],[11.0629285,47.4811428],[11.0630036,47.4810751],[11.0627301,47.4809366],[11.062655,47.4810044]]]}},{"type":"Feature","id":"building-255705843","properties":{"kind":"building","name":"Alpine building","height":7.2},"geometry":{"type":"Polygon","coordinates":[[[11.0621544,47.4810352],[11.0622955,47.4810955],[11.0623396,47.4810484],[11.0622732,47.48102],[11.0623123,47.4809782],[11.0622376,47.4809463],[11.0621544,47.4810352]]]}},{"type":"Feature","id":"building-382699082","properties":{"kind":"building","name":"Alpine building","height":7.2},"geometry":{"type":"Polygon","coordinates":[[[11.0448514,47.466075],[11.0449352,47.4661175],[11.0448653,47.4661805],[11.0447815,47.4661381],[11.0448514,47.466075]]]}},{"type":"Feature","id":"building-231940750","properties":{"kind":"building","name":"Alpine building","height":7.2},"geometry":{"type":"Polygon","coordinates":[[[11.0479227,47.4751421],[11.0480081,47.4752354],[11.0478931,47.4752835],[11.0478443,47.4752301],[11.0478093,47.4752447],[11.0477728,47.4752047],[11.0479227,47.4751421]]]}},{"type":"Feature","id":"building-1010018297","properties":{"kind":"building","name":"Alpine building","height":7.2},"geometry":{"type":"Polygon","coordinates":[[[11.0448592,47.4662523],[11.0447748,47.4662099],[11.0448073,47.4661804],[11.0448916,47.4662227],[11.0448592,47.4662523]]]}},{"type":"Feature","id":"building-243539295","properties":{"kind":"building","name":"Alpine building","height":7.2},"geometry":{"type":"Polygon","coordinates":[[[11.0500191,47.4770503],[11.0499271,47.477018],[11.0499466,47.4769926],[11.0500386,47.4770249],[11.0500191,47.4770503]]]}},{"type":"Feature","id":"building-243539116","properties":{"kind":"building","name":"Getränke Sprenger","height":7.2},"geometry":{"type":"Polygon","coordinates":[[[11.0495898,47.4768627],[11.0493611,47.4767356],[11.0495459,47.4765837],[11.0497745,47.4767109],[11.0495898,47.4768627]]]}},{"type":"Feature","id":"building-1475369606","properties":{"kind":"building","name":"Alpine building","height":6.0},"geometry":{"type":"Polygon","coordinates":[[[11.0787006,47.4765249],[11.0787544,47.4765306],[11.0787648,47.4764854],[11.078711,47.4764797],[11.0787006,47.4765249]]]}},{"type":"Feature","id":"building-255528722","properties":{"kind":"building","name":"Alpine building","height":7.2},"geometry":{"type":"Polygon","coordinates":[[[11.0451972,47.4646847],[11.0451689,47.4647623],[11.0452736,47.4647798],[11.0453019,47.4647022],[11.0451972,47.4646847]]]}},{"type":"Feature","id":"building-375957688","properties":{"kind":"building","name":"Alpine building","height":7.2},"geometry":{"type":"Polygon","coordinates":[[[11.0528222,47.4787887],[11.0527369,47.4787321],[11.0528776,47.478634],[11.0529269,47.4786648],[11.052998,47.4787133],[11.0528566,47.4788108],[11.0528222,47.4787887]]]}},{"type":"Feature","id":"building-100865089","properties":{"kind":"building","name":"Alpine building","height":7.2},"geometry":{"type":"Polygon","coordinates":[[[11.0738456,47.4793034],[11.0738481,47.4792265],[11.0739709,47.4792283],[11.0739685,47.4793053],[11.0738456,47.4793034]]]}},{"type":"Feature","id":"building-243531360","properties":{"kind":"building","name":"Alpine building","height":7.2},"geometry":{"type":"Polygon","coordinates":[[[11.0489807,47.4763409],[11.0488997,47.4763093],[11.0489637,47.4762342],[11.0490447,47.4762658],[11.0489807,47.4763409]]]}},{"type":"Feature","id":"building-243539182","properties":{"kind":"building","name":"Alpine building","height":7.2},"geometry":{"type":"Polygon","coordinates":[[[11.049781,47.4768886],[11.0496711,47.4769024],[11.0496581,47.4768553],[11.0497681,47.4768415],[11.049781,47.4768886]]]}},{"type":"Feature","id":"building-35337538","properties":{"kind":"building","name":"Aldi Süd","height":7.2},"geometry":{"type":"Polygon","coordinates":[[[11.054328,47.4791801],[11.0542157,47.4794013],[11.0541977,47.4794354],[11.0539984,47.479388],[11.0539752,47.4793826],[11.0537951,47.4793409],[11.0538144,47.4793027],[11.0536346,47.479261],[11.0537457,47.4790421],[11.053876,47.4790723],[11.0538974,47.4790301],[11.054098,47.4790767],[11.0540753,47.4791215],[11.054328,47.4791801]]]}},{"type":"Feature","id":"building-243532376","properties":{"kind":"building","name":"Alpine building","height":7.2},"geometry":{"type":"Polygon","coordinates":[[[11.0488861,47.4762453],[11.0487326,47.4761915],[11.0487799,47.4761297],[11.0489334,47.4761834],[11.0488861,47.4762453]]]}},{"type":"Feature","id":"building-230766336","properties":{"kind":"building","name":"Alpine building","height":7.2},"geometry":{"type":"Polygon","coordinates":[[[11.0449143,47.4659579],[11.0449162,47.4660745],[11.0448514,47.466075],[11.0447118,47.4660759],[11.0447108,47.4660044],[11.0447355,47.4659984],[11.0447337,47.4659344],[11.0449136,47.465932],[11.0449143,47.4659579]]]}},{"type":"Feature","id":"building-243539341","properties":{"kind":"building","name":"Alpine building","height":7.2},"geometry":{"type":"Polygon","coordinates":[[[11.0500094,47.4771088],[11.0499031,47.4770638],[11.0499291,47.4770357],[11.0500355,47.4770808],[11.0500094,47.4771088]]]}},{"type":"Feature","id":"building-223954543","properties":{"kind":"building","name":"Alpine building","height":7.2},"geometry":{"type":"Polygon","coordinates":[[[11.0451943,47.4652396],[11.0450255,47.4652289],[11.0449888,47.4654931],[11.0447509,47.465478],[11.0447325,47.4656107],[11.0447474,47.4656117],[11.0447399,47.4656663],[11.0448652,47.4656742],[11.0448724,47.4656224],[11.0450484,47.4656336],[11.0450559,47.4655796],[11.0451464,47.4655854],[11.0451943,47.4652396]]]}},{"type":"Feature","id":"building-1010018296","properties":{"kind":"building","name":"Alpine building","height":7.2},"geometry":{"type":"Polygon","coordinates":[[[11.0447705,47.4662805],[11.0446979,47.4662439],[11.0446641,47.4662746],[11.0447367,47.4663112],[11.0447705,47.4662805]]]}},{"type":"Feature","id":"building-243539306","properties":{"kind":"building","name":"Alpine building","height":7.2},"geometry":{"type":"Polygon","coordinates":[[[11.0500215,47.4771577],[11.0499812,47.4771471],[11.0499997,47.4771149],[11.05004,47.4771255],[11.0500215,47.4771577]]]}},{"type":"Feature","id":"building-231940744","properties":{"kind":"building","name":"Alpine building","height":7.2},"geometry":{"type":"Polygon","coordinates":[[[11.0478674,47.4752981],[11.0479102,47.4753294],[11.0478342,47.4753769],[11.0477914,47.4753456],[11.0478674,47.4752981]]]}},{"type":"Feature","id":"building-255705848","properties":{"kind":"building","name":"Alpine building","height":7.2},"geometry":{"type":"Polygon","coordinates":[[[11.0624816,47.4811474],[11.0625859,47.4811993],[11.0626667,47.4811252],[11.0625623,47.4810733],[11.0624816,47.4811474]]]}},{"type":"Feature","id":"building-243539260","properties":{"kind":"building","name":"Alpine building","height":7.2},"geometry":{"type":"Polygon","coordinates":[[[11.0497728,47.477081],[11.0495642,47.4770454],[11.0496088,47.4769258],[11.0497868,47.4769561],[11.0497757,47.4769859],[11.0498063,47.4769911],[11.0497728,47.477081]]]}},{"type":"Feature","id":"building-243542152","properties":{"kind":"building","name":"Alpine building","height":7.2},"geometry":{"type":"Polygon","coordinates":[[[11.0483033,47.4759071],[11.0482422,47.4758366],[11.0483227,47.4758048],[11.0483838,47.4758753],[11.0483033,47.4759071]]]}},{"type":"Feature","id":"building-242715555","properties":{"kind":"building","name":"Alpine building","height":7.2},"geometry":{"type":"Polygon","coordinates":[[[11.0454134,47.4720544],[11.0452733,47.4720109],[11.045332,47.4719244],[11.0454721,47.4719679],[11.0454134,47.4720544]]]}},{"type":"Feature","id":"building-919795714","properties":{"kind":"building","name":"Alpine building","height":7.2},"geometry":{"type":"Polygon","coordinates":[[[11.0501137,47.4773648],[11.0502163,47.4773614],[11.050213,47.4773162],[11.0501104,47.4773197],[11.0501137,47.4773648]]]}},{"type":"Feature","id":"building-1458229850","properties":{"kind":"building","name":"Alpine building","height":3},"geometry":{"type":"Polygon","coordinates":[[[11.0543167,47.4795336],[11.0544327,47.4795587],[11.0544527,47.4795164],[11.0543367,47.4794913],[11.0543167,47.4795336]]]}},{"type":"Feature","id":"building-255179797","properties":{"kind":"building","name":"Alpine building","height":7.2},"geometry":{"type":"Polygon","coordinates":[[[11.0449225,47.4652152],[11.0448728,47.4651808],[11.0447961,47.4652314],[11.0448458,47.4652658],[11.0449225,47.4652152]]]}},{"type":"Feature","id":"building-243539783","properties":{"kind":"building","name":"Alpine building","height":7.2},"geometry":{"type":"Polygon","coordinates":[[[11.0512092,47.4781378],[11.0510285,47.4780751],[11.0511478,47.4779178],[11.0513612,47.4779918],[11.0513257,47.4780386],[11.0512931,47.4780273],[11.0512092,47.4781378]]]}},{"type":"Feature","id":"building-919795713","properties":{"kind":"building","name":"Alpine building","height":7.2},"geometry":{"type":"Polygon","coordinates":[[[11.0497379,47.4771421],[11.0498482,47.4771733],[11.049884,47.4771155],[11.0497738,47.4770843],[11.0497379,47.4771421]]]}},{"type":"Feature","id":"building-375957686","properties":{"kind":"building","name":"Alpine building","height":7.2},"geometry":{"type":"Polygon","coordinates":[[[11.0527729,47.4789973],[11.0526447,47.478915],[11.0528222,47.4787887],[11.0528566,47.4788108],[11.0529505,47.478871],[11.0527729,47.4789973]]]}},{"type":"Feature","id":"building-920933408","properties":{"kind":"building","name":"Alpine building","height":7.2},"geometry":{"type":"Polygon","coordinates":[[[11.0488712,47.4764944],[11.0487832,47.476458],[11.0488322,47.4764039],[11.0489202,47.4764402],[11.0488712,47.4764944]]]}},{"type":"Feature","id":"building-255705849","properties":{"kind":"building","name":"Alpine building","height":7.2},"geometry":{"type":"Polygon","coordinates":[[[11.062633,47.4812434],[11.062742,47.4812952],[11.0627635,47.4812746],[11.0628268,47.4813047],[11.062905,47.4812296],[11.0627326,47.4811477],[11.062633,47.4812434]]]}},{"type":"Feature","id":"building-61414053","properties":{"kind":"building","name":"Schmölzer Wirt","height":7.2},"geometry":{"type":"Polygon","coordinates":[[[11.0522463,47.4788069],[11.0524461,47.4788091],[11.0524513,47.4785953],[11.0522514,47.4785931],[11.0522463,47.4788069]]]}},{"type":"Feature","id":"building-243531448","properties":{"kind":"building","name":"Alpine building","height":7.2},"geometry":{"type":"Polygon","coordinates":[[[11.0486943,47.4764238],[11.0485156,47.4763639],[11.0486304,47.4762074],[11.0488092,47.4762673],[11.0486943,47.4764238]]]}},{"type":"Feature","id":"building-242715521","properties":{"kind":"building","name":"Alpine building","height":7.2},"geometry":{"type":"Polygon","coordinates":[[[11.0451915,47.4719752],[11.0451015,47.4719356],[11.0450971,47.4719402],[11.0450336,47.4719123],[11.0450996,47.4718438],[11.0451343,47.471859],[11.0451574,47.471835],[11.0451473,47.4718305],[11.0452211,47.4717538],[11.04535,47.4718104],[11.0451915,47.4719752]]]}},{"type":"Feature","id":"building-100862567","properties":{"kind":"building","name":"Alpine building","height":7.2},"geometry":{"type":"Polygon","coordinates":[[[11.0703967,47.4806431],[11.0703668,47.48059],[11.0704574,47.4805667],[11.0704873,47.4806197],[11.0703967,47.4806431]]]}},{"type":"Feature","id":"building-303470826","properties":{"kind":"building","name":"Alpine building","height":7.2},"geometry":{"type":"Polygon","coordinates":[[[11.0443281,47.4675069],[11.0442443,47.4675074],[11.044243,47.4674194],[11.0443267,47.4674188],[11.0443281,47.4675069]]]}},{"type":"Feature","id":"building-243539826","properties":{"kind":"building","name":"Alpine building","height":7.2},"geometry":{"type":"Polygon","coordinates":[[[11.051246,47.4782272],[11.0511682,47.4781961],[11.0512151,47.4781424],[11.0512929,47.4781735],[11.051246,47.4782272]]]}},{"type":"Feature","id":"building-107433295","properties":{"kind":"building","name":"Alpine building","height":7.2},"geometry":{"type":"Polygon","coordinates":[[[11.05304,47.4792975],[11.0531681,47.4790564],[11.0532427,47.4789172],[11.0534254,47.478962],[11.0533508,47.4791012],[11.0532429,47.4793036],[11.0532076,47.47937],[11.0531307,47.4793513],[11.0531458,47.479323],[11.05304,47.4792975]]]}},{"type":"Feature","id":"building-100865110","properties":{"kind":"building","name":"Alpine building","height":7.2},"geometry":{"type":"Polygon","coordinates":[[[11.0737922,47.4796157],[11.0737847,47.4795462],[11.0738942,47.4795408],[11.0739017,47.4796103],[11.0737922,47.4796157]]]}},{"type":"Feature","id":"building-243532721","properties":{"kind":"building","name":"Alpine building","height":7.2},"geometry":{"type":"Polygon","coordinates":[[[11.0484012,47.476243],[11.0483453,47.4761785],[11.0481849,47.476242],[11.0480314,47.4760647],[11.0481319,47.4760249],[11.0481633,47.4760612],[11.0483747,47.4759775],[11.0484792,47.4760981],[11.0484502,47.4761096],[11.0485237,47.4761945],[11.0484012,47.476243]]]}},{"type":"Feature","id":"building-243540839","properties":{"kind":"building","name":"Alpine building","height":7.2},"geometry":{"type":"Polygon","coordinates":[[[11.0508442,47.4780884],[11.0506379,47.4780024],[11.0507755,47.4778517],[11.0509716,47.4779335],[11.0509353,47.4779732],[11.0509056,47.4779608],[11.0508618,47.4780088],[11.0509017,47.4780254],[11.0508442,47.4780884]]]}},{"type":"Feature","id":"building-242714934","properties":{"kind":"building","name":"Alpine building","height":7.2},"geometry":{"type":"Polygon","coordinates":[[[11.0443883,47.4702836],[11.0443739,47.4701627],[11.0445785,47.4701516],[11.0445929,47.4702725],[11.0443883,47.4702836]]]}},{"type":"Feature","id":"building-1010019122","properties":{"kind":"building","name":"Alpine building","height":7.2},"geometry":{"type":"Polygon","coordinates":[[[11.0444514,47.4658402],[11.0445088,47.4658333],[11.0444937,47.4657759],[11.0444363,47.4657828],[11.0444514,47.4658402]]]}},{"type":"Feature","id":"building-243539815","properties":{"kind":"building","name":"Alpine building","height":7.2},"geometry":{"type":"Polygon","coordinates":[[[11.051048,47.4781524],[11.0509601,47.4781222],[11.0509977,47.4780723],[11.0510856,47.4781026],[11.051048,47.4781524]]]}},{"type":"Feature","id":"building-1018907189","properties":{"kind":"building","name":"Alpine building","height":7.2},"geometry":{"type":"Polygon","coordinates":[[[11.0834648,47.4655223],[11.0835464,47.4655168],[11.0835557,47.4655786],[11.0834448,47.4655862],[11.0834366,47.4655316],[11.0834694,47.4655294],[11.0834648,47.4655223]]]}},{"type":"Feature","id":"building-243541437","properties":{"kind":"building","name":"Alpine building","height":7.2},"geometry":{"type":"Polygon","coordinates":[[[11.0505744,47.4779159],[11.0504607,47.4778722],[11.0504139,47.4778543],[11.0504331,47.4778313],[11.0505374,47.4777088],[11.050697,47.4777701],[11.0505744,47.4779159]]]}},{"type":"Feature","id":"building-255705850","properties":{"kind":"building","name":"Alpine building","height":7.2},"geometry":{"type":"Polygon","coordinates":[[[11.0624431,47.4813619],[11.0625281,47.481406],[11.0625595,47.4813783],[11.0624745,47.4813343],[11.0624431,47.4813619]]]}},{"type":"Feature","id":"building-865692926","properties":{"kind":"building","name":"Alpine building","height":7.2},"geometry":{"type":"Polygon","coordinates":[[[11.0646092,47.4814384],[11.0646705,47.4813882],[11.0647172,47.4814143],[11.0646559,47.4814645],[11.0646092,47.4814384]]]}},{"type":"Feature","id":"building-255705851","properties":{"kind":"building","name":"Alpine building","height":7.2},"geometry":{"type":"Polygon","coordinates":[[[11.0625557,47.4814196],[11.0626664,47.4814738],[11.0627592,47.4813873],[11.0626485,47.4813331],[11.0625557,47.4814196]]]}},{"type":"Feature","id":"building-242715499","properties":{"kind":"building","name":"Fewo Haus Renate","height":7.2},"geometry":{"type":"Polygon","coordinates":[[[11.0449106,47.4718479],[11.0447791,47.4718053],[11.0448554,47.4716976],[11.0450032,47.4717455],[11.0449863,47.4717693],[11.0449959,47.4717724],[11.0449573,47.4718268],[11.0449314,47.4718185],[11.0449106,47.4718479]]]}},{"type":"Feature","id":"building-223954547","properties":{"kind":"building","name":"Alpine building","height":7.2},"geometry":{"type":"Polygon","coordinates":[[[11.044352,47.4657173],[11.0445292,47.4656984],[11.0445046,47.4655934],[11.0443504,47.4656098],[11.0443599,47.4656506],[11.044337,47.465653],[11.044352,47.4657173]]]}},{"type":"Feature","id":"building-243541494","properties":{"kind":"building","name":"Alpine building","height":7.2},"geometry":{"type":"Polygon","coordinates":[[[11.0504134,47.4779302],[11.0503236,47.4778968],[11.05039,47.4778153],[11.0504331,47.4778313],[11.0504139,47.4778543],[11.0504607,47.4778722],[11.0504134,47.4779302]]]}},{"type":"Feature","id":"building-255705852","properties":{"kind":"building","name":"Alpine building","height":7.2},"geometry":{"type":"Polygon","coordinates":[[[11.0627238,47.4814678],[11.0627536,47.4814439],[11.0628048,47.4814732],[11.062775,47.481497],[11.0627238,47.4814678]]]}},{"type":"Feature","id":"building-243539869","properties":{"kind":"building","name":"Alpine building","height":7.2},"geometry":{"type":"Polygon","coordinates":[[[11.0505942,47.4780295],[11.0505521,47.4780108],[11.0505851,47.4779768],[11.0506273,47.4779956],[11.0505942,47.4780295]]]}},{"type":"Feature","id":"building-99925092","properties":{"kind":"building","name":"Alpine building","height":7.2},"geometry":{"type":"Polygon","coordinates":[[[11.0662997,47.4814682],[11.066239,47.4814458],[11.0662951,47.4813763],[11.0663558,47.4813987],[11.0662997,47.4814682]]]}},{"type":"Feature","id":"building-865692925","properties":{"kind":"building","name":"Alpine building","height":7.2},"geometry":{"type":"Polygon","coordinates":[[[11.0645034,47.4814809],[11.0645679,47.4814968],[11.0645468,47.4815359],[11.0644823,47.48152],[11.0645034,47.4814809]]]}},{"type":"Feature","id":"building-243542081","properties":{"kind":"building","name":"Alpine building","height":7.2},"geometry":{"type":"Polygon","coordinates":[[[11.0497785,47.4776961],[11.0495749,47.4776451],[11.0496738,47.4774647],[11.0498774,47.4775156],[11.0497785,47.4776961]]]}},{"type":"Feature","id":"building-243542521","properties":{"kind":"building","name":"Alpine building","height":7.2},"geometry":{"type":"Polygon","coordinates":[[[11.0485993,47.4767665],[11.0483836,47.4767297],[11.048412,47.4766539],[11.0485193,47.4766722],[11.0485356,47.4766287],[11.048644,47.4766472],[11.0485993,47.4767665]]]}},{"type":"Feature","id":"building-242715394","properties":{"kind":"building","name":"Alpine building","height":7.2},"geometry":{"type":"Polygon","coordinates":[[[11.0447067,47.4717442],[11.0445921,47.4717091],[11.0445621,47.4717538],[11.0444533,47.4717205],[11.0445035,47.4716457],[11.0445583,47.4716625],[11.0445738,47.4716395],[11.0446115,47.471651],[11.0446507,47.4715926],[11.0447815,47.4716327],[11.0447067,47.4717442]]]}},{"type":"Feature","id":"building-243541523","properties":{"kind":"building","name":"Alpine building","height":7.2},"geometry":{"type":"Polygon","coordinates":[[[11.0501408,47.4779143],[11.0500744,47.4778889],[11.0501132,47.4778426],[11.0501796,47.4778681],[11.0501408,47.4779143]]]}},{"type":"Feature","id":"building-920933410","properties":{"kind":"building","name":"Alpine building","height":7.2},"geometry":{"type":"Polygon","coordinates":[[[11.0451538,47.4729816],[11.0452681,47.472976],[11.0452606,47.4729062],[11.0451462,47.4729118],[11.0451538,47.4729816]]]}},{"type":"Feature","id":"building-101181580","properties":{"kind":"building","name":"Alpine building","height":4.1},"geometry":{"type":"Polygon","coordinates":[[[11.0555942,47.4806439],[11.0558825,47.4806759],[11.0559374,47.4804497],[11.0558659,47.4804417],[11.0559094,47.4802621],[11.055746,47.480244],[11.0556892,47.4804784],[11.0556357,47.4804725],[11.0555942,47.4806439]]]}},{"type":"Feature","id":"building-255705853","properties":{"kind":"building","name":"Alpine building","height":7.2},"geometry":{"type":"Polygon","coordinates":[[[11.0625355,47.4816543],[11.0626495,47.4817068],[11.0627865,47.4815707],[11.0626725,47.4815183],[11.0625355,47.4816543]]]}},{"type":"Feature","id":"building-242715093","properties":{"kind":"building","name":"Alpine building","height":7.2},"geometry":{"type":"Polygon","coordinates":[[[11.0444675,47.4715706],[11.0442679,47.4715095],[11.0443617,47.4713694],[11.0445917,47.4714397],[11.0445737,47.4714638],[11.0445452,47.4714545],[11.0444675,47.4715706]]]}},{"type":"Feature","id":"building-243541524","properties":{"kind":"building","name":"Alpine building","height":7.2},"geometry":{"type":"Polygon","coordinates":[[[11.0498408,47.4778119],[11.0497495,47.4777791],[11.0498117,47.4777],[11.0499029,47.4777328],[11.0498408,47.4778119]]]}},{"type":"Feature","id":"building-1139146416","properties":{"kind":"building","name":"Alpine building","height":7.2},"geometry":{"type":"Polygon","coordinates":[[[11.0440051,47.4703235],[11.0440116,47.4702791],[11.0441038,47.4702853],[11.0440973,47.4703296],[11.0440051,47.4703235]]]}},{"type":"Feature","id":"building-242714954","properties":{"kind":"building","name":"Alpine building","height":7.2},"geometry":{"type":"Polygon","coordinates":[[[11.0440843,47.4702554],[11.0439006,47.4702316],[11.0439338,47.4701144],[11.0441176,47.4701382],[11.0440843,47.4702554]]]}},{"type":"Feature","id":"building-100865100","properties":{"kind":"building","name":"Alpine building","height":7.2},"geometry":{"type":"Polygon","coordinates":[[[11.069675,47.4811442],[11.0697436,47.4810601],[11.0698676,47.4811063],[11.0697989,47.4811904],[11.069675,47.4811442]]]}},{"type":"Feature","id":"building-243101326","properties":{"kind":"building","name":"Alpine building","height":7.2},"geometry":{"type":"Polygon","coordinates":[[[11.0466074,47.4751092],[11.0466923,47.4751069],[11.0466885,47.4750409],[11.0466036,47.4750431],[11.0466074,47.4751092]]]}},{"type":"Feature","id":"building-100865096","properties":{"kind":"building","name":"Alpine building","height":7.2},"geometry":{"type":"Polygon","coordinates":[[[11.074656,47.4797799],[11.0744903,47.4797088],[11.0745859,47.4796071],[11.0746306,47.4796263],[11.0746521,47.4796034],[11.074773,47.4796554],[11.074656,47.4797799]]]}},{"type":"Feature","id":"building-243542495","properties":{"kind":"building","name":"Alpine building","height":7.2},"geometry":{"type":"Polygon","coordinates":[[[11.0480054,47.4764997],[11.0478433,47.4764392],[11.04796,47.4762965],[11.048122,47.476357],[11.0480054,47.4764997]]]}},{"type":"Feature","id":"building-865692928","properties":{"kind":"building","name":"Alpine building","height":7.2},"geometry":{"type":"Polygon","coordinates":[[[11.0639578,47.4816209],[11.0640666,47.4816787],[11.0640898,47.4816587],[11.0641708,47.4817017],[11.0641505,47.4817192],[11.0642408,47.4817671],[11.064163,47.481834],[11.0638847,47.4816821],[11.0639578,47.4816209]]]}},{"type":"Feature","id":"building-243556220","properties":{"kind":"building","name":"Alpine building","height":7.2},"geometry":{"type":"Polygon","coordinates":[[[11.0506636,47.4783977],[11.0505649,47.4783626],[11.0505766,47.4783475],[11.0504195,47.4782916],[11.0505189,47.4781639],[11.0506999,47.4782283],[11.0506569,47.4782836],[11.0507317,47.4783102],[11.0506636,47.4783977]]]}},{"type":"Feature","id":"building-1389439138","properties":{"kind":"building","name":"Alpine building","height":7.2},"geometry":{"type":"Polygon","coordinates":[[[11.0525324,47.4793226],[11.0525464,47.47931],[11.0525978,47.4793329],[11.0525832,47.4793459],[11.0525324,47.4793226]]]}},{"type":"Feature","id":"building-243556185","properties":{"kind":"building","name":"Alpine building","height":7.2},"geometry":{"type":"Polygon","coordinates":[[[11.0507583,47.4784337],[11.0507009,47.4784122],[11.0507284,47.4783787],[11.0507858,47.4784001],[11.0507583,47.4784337]]]}},{"type":"Feature","id":"building-865692927","properties":{"kind":"building","name":"Alpine building","height":7.2},"geometry":{"type":"Polygon","coordinates":[[[11.0646457,47.4818296],[11.064553,47.481779],[11.0647519,47.4816228],[11.0648421,47.4816752],[11.0646457,47.4818296]]]}},{"type":"Feature","id":"building-1232200231","properties":{"kind":"building","name":"Alpine building","height":7.2},"geometry":{"type":"Polygon","coordinates":[[[11.0441657,47.4710398],[11.044233,47.4710598],[11.0442042,47.4711041],[11.0441369,47.4710841],[11.0441657,47.4710398]]]}},{"type":"Feature","id":"building-104107576","properties":{"kind":"building","name":"Quellenhof","height":7.2},"geometry":{"type":"Polygon","coordinates":[[[11.0474483,47.4761126],[11.0474627,47.4761528],[11.0473541,47.4762209],[11.0475212,47.4763427],[11.0476467,47.476264],[11.0478282,47.4762944],[11.0478718,47.4761756],[11.0477428,47.4761539],[11.0477121,47.4760684],[11.0478049,47.4760532],[11.04776,47.4759279],[11.0473661,47.4759924],[11.0474113,47.4761186],[11.0474483,47.4761126]]]}},{"type":"Feature","id":"building-99925090","properties":{"kind":"building","name":"Alpine building","height":7.2},"geometry":{"type":"Polygon","coordinates":[[[11.0672064,47.4816385],[11.0672533,47.4816042],[11.0671722,47.4815536],[11.0671254,47.4815879],[11.0672064,47.4816385]]]}},{"type":"Feature","id":"building-243541625","properties":{"kind":"building","name":"Alpine building","height":7.2},"geometry":{"type":"Polygon","coordinates":[[[11.0499299,47.4780634],[11.0497405,47.4779899],[11.0498327,47.4778814],[11.049921,47.4779157],[11.0499424,47.4778905],[11.0500434,47.4779297],[11.0499299,47.4780634]]]}},{"type":"Feature","id":"building-242715222","properties":{"kind":"building","name":"Alpine building","height":7.2},"geometry":{"type":"Polygon","coordinates":[[[11.0443806,47.471701],[11.0441998,47.4716492],[11.044256,47.4715597],[11.0444367,47.4716114],[11.0443806,47.471701]]]}},{"type":"Feature","id":"building-100865082","properties":{"kind":"building","name":"Alpine building","height":7.2},"geometry":{"type":"Polygon","coordinates":[[[11.0695552,47.4812643],[11.0696331,47.4811839],[11.069757,47.4812388],[11.0696791,47.4813191],[11.0695552,47.4812643]]]}},{"type":"Feature","id":"building-100865109","properties":{"kind":"building","name":"Alpine building","height":7.2},"geometry":{"type":"Polygon","coordinates":[[[11.0749815,47.4796081],[11.0750393,47.4795538],[11.0751367,47.4796011],[11.0750789,47.4796554],[11.0749815,47.4796081]]]}},{"type":"Feature","id":"building-1078276709","properties":{"kind":"building","name":"Alpine building","height":7.2},"geometry":{"type":"Polygon","coordinates":[[[11.043685,47.4666338],[11.0435973,47.4666009],[11.0436554,47.4665303],[11.043743,47.4665633],[11.043685,47.4666338]]]}},{"type":"Feature","id":"building-891469657","properties":{"kind":"building","name":"Alpine building","height":7.2},"geometry":{"type":"Polygon","coordinates":[[[11.0531181,47.4797279],[11.0531701,47.4797471],[11.0532019,47.4797078],[11.0531499,47.4796886],[11.0531181,47.4797279]]]}},{"type":"Feature","id":"building-243556106","properties":{"kind":"building","name":"Alpine building","height":7.2},"geometry":{"type":"Polygon","coordinates":[[[11.0506064,47.4784902],[11.0505489,47.4784676],[11.0505839,47.478427],[11.0506413,47.4784496],[11.0506064,47.4784902]]]}},{"type":"Feature","id":"building-99925176","properties":{"kind":"building","name":"Edelweiss Lodge and Resort","height":7.2},"geometry":{"type":"Polygon","coordinates":[[[11.0642408,47.4823815],[11.0640065,47.4822536],[11.0641781,47.48211],[11.0637334,47.4818673],[11.0634482,47.4821061],[11.0631966,47.4819688],[11.063452,47.4817551],[11.063161,47.4815963],[11.0633486,47.4814393],[11.0636053,47.4815794],[11.0638967,47.4813355],[11.0634716,47.4811035],[11.0636651,47.4809417],[11.0640317,47.4811418],[11.0641926,47.4810072],[11.0644391,47.4811417],[11.0642211,47.4813241],[11.0642764,47.4813543],[11.0639578,47.4816209],[11.0638847,47.4816821],[11.064163,47.481834],[11.0641678,47.4818366],[11.0641915,47.4818496],[11.0644145,47.481663],[11.0645095,47.4817149],[11.0644803,47.4817393],[11.064553,47.481779],[11.0646457,47.4818296],[11.0649546,47.4819982],[11.0649843,47.4819733],[11.0649934,47.4819782],[11.0652807,47.482135],[11.065633,47.4823273],[11.0655149,47.4824261],[11.0653969,47.4823617],[11.0652109,47.4825174],[11.065142,47.4824798],[11.0650116,47.4825889],[11.064568,47.4823468],[11.064684,47.4822497],[11.0645111,47.4821553],[11.0642408,47.4823815]]]}},{"type":"Feature","id":"building-255179816","properties":{"kind":"building","name":"Alpine building","height":7.2},"geometry":{"type":"Polygon","coordinates":[[[11.0436833,47.4663606],[11.0437874,47.4662198],[11.0436661,47.4661788],[11.043562,47.4663196],[11.0436833,47.4663606]]]}},{"type":"Feature","id":"building-865692917","properties":{"kind":"building","name":"Alpine building","height":7.2},"geometry":{"type":"Polygon","coordinates":[[[11.0653145,47.4818148],[11.0653555,47.4817818],[11.0654419,47.4818308],[11.0654009,47.4818638],[11.0653145,47.4818148]]]}},{"type":"Feature","id":"building-243542463","properties":{"kind":"building","name":"Alpine building","height":7.2},"geometry":{"type":"Polygon","coordinates":[[[11.0478691,47.4765758],[11.0478235,47.4765634],[11.0478422,47.4765319],[11.0478878,47.4765443],[11.0478691,47.4765758]]]}},{"type":"Feature","id":"building-1078276708","properties":{"kind":"building","name":"Alpine building","height":7.2},"geometry":{"type":"Polygon","coordinates":[[[11.043608,47.4666402],[11.0435676,47.4666262],[11.04355,47.4666494],[11.0435904,47.4666634],[11.043608,47.4666402]]]}},{"type":"Feature","id":"building-255179870","properties":{"kind":"building","name":"Fewos Haus zum Niklos","height":7.2},"geometry":{"type":"Polygon","coordinates":[[[11.0434018,47.4658427],[11.0437318,47.4656082],[11.0438815,47.4657045],[11.0437448,47.4658015],[11.0439681,47.4659451],[11.0438413,47.4660352],[11.0436276,47.4658978],[11.043561,47.4659451],[11.0434018,47.4658427]]]}},{"type":"Feature","id":"building-242715211","properties":{"kind":"building","name":"Alpine building","height":7.2},"geometry":{"type":"Polygon","coordinates":[[[11.0441572,47.4715938],[11.0440017,47.4715485],[11.0440902,47.4714098],[11.0442457,47.4714552],[11.0441572,47.4715938]]]}},{"type":"Feature","id":"building-397813494","properties":{"kind":"building","name":"Alpine building","height":7.2},"geometry":{"type":"Polygon","coordinates":[[[11.0584968,47.4814469],[11.0585188,47.4813503],[11.0586546,47.4813644],[11.0586326,47.481461],[11.0584968,47.4814469]]]}},{"type":"Feature","id":"building-99925079","properties":{"kind":"building","name":"Alpine building","height":7.2},"geometry":{"type":"Polygon","coordinates":[[[11.067519,47.4817055],[11.0675986,47.4816248],[11.0676828,47.4816627],[11.0676032,47.4817434],[11.067519,47.4817055]]]}},{"type":"Feature","id":"building-100865081","properties":{"kind":"building","name":"Alpine building","height":7.2},"geometry":{"type":"Polygon","coordinates":[[[11.0694517,47.4814283],[11.0695237,47.4813404],[11.0696434,47.4813852],[11.0695714,47.4814731],[11.0694517,47.4814283]]]}},{"type":"Feature","id":"building-255705855","properties":{"kind":"building","name":"Alpine building","height":7.2},"geometry":{"type":"Polygon","coordinates":[[[11.0625955,47.4819119],[11.0627228,47.4819528],[11.062738,47.4819311],[11.062754,47.4819362],[11.0627881,47.4818877],[11.0627578,47.481878],[11.0627759,47.4818522],[11.062663,47.4818159],[11.0625955,47.4819119]]]}},{"type":"Feature","id":"building-243541939","properties":{"kind":"building","name":"Alpine building","height":7.2},"geometry":{"type":"Polygon","coordinates":[[[11.0498861,47.4781823],[11.0498224,47.4781533],[11.0498485,47.4781261],[11.0498083,47.4781084],[11.0498429,47.4780737],[11.0499471,47.4781212],[11.0498861,47.4781823]]]}},{"type":"Feature","id":"building-376241415","properties":{"kind":"building","name":"Alpine building","height":7.2},"geometry":{"type":"Polygon","coordinates":[[[11.0501307,47.4784288],[11.0501969,47.4783502],[11.0502978,47.4783891],[11.05034,47.4783389],[11.0505354,47.4784141],[11.0504766,47.4784838],[11.0504012,47.4784548],[11.0503809,47.4784789],[11.0503268,47.4784581],[11.050311,47.4784769],[11.0502645,47.478459],[11.050251,47.4784751],[11.0501307,47.4784288]]]}},{"type":"Feature","id":"building-865692918","properties":{"kind":"building","name":"Alpine building","height":7.2},"geometry":{"type":"Polygon","coordinates":[[[11.0654637,47.4819011],[11.0655047,47.4818681],[11.0655911,47.4819171],[11.0655501,47.4819501],[11.0654637,47.4819011]]]}},{"type":"Feature","id":"building-1078277911","properties":{"kind":"building","name":"Alpine building","height":7.2},"geometry":{"type":"Polygon","coordinates":[[[11.0436375,47.4705103],[11.0437261,47.4705073],[11.0437302,47.4705636],[11.0436416,47.4705666],[11.0436375,47.4705103]]]}},{"type":"Feature","id":"building-243542348","properties":{"kind":"building","name":"Alpine building","height":7.2},"geometry":{"type":"Polygon","coordinates":[[[11.0477623,47.4766359],[11.0475641,47.476596],[11.0476011,47.4765121],[11.0477992,47.476552],[11.0477623,47.4766359]]]}},{"type":"Feature","id":"building-1010018295","properties":{"kind":"building","name":"Alpine building","height":7.2},"geometry":{"type":"Polygon","coordinates":[[[11.0433236,47.4669339],[11.0433858,47.4669575],[11.0434251,47.4669101],[11.0433629,47.4668865],[11.0433236,47.4669339]]]}},{"type":"Feature","id":"building-243541707","properties":{"kind":"building","name":"Alpine building","height":7.2},"geometry":{"type":"Polygon","coordinates":[[[11.0497615,47.4782168],[11.0496142,47.4781524],[11.0495604,47.4781293],[11.0495904,47.4780974],[11.0496534,47.4780313],[11.0497459,47.4780716],[11.0497394,47.4780784],[11.0498083,47.4781084],[11.0498485,47.4781261],[11.0498224,47.4781533],[11.0497615,47.4782168]]]}},{"type":"Feature","id":"building-100862568","properties":{"kind":"building","name":"Alpine building","height":7.2},"geometry":{"type":"Polygon","coordinates":[[[11.0710662,47.4811892],[11.0710976,47.4811399],[11.0710182,47.4811168],[11.0709868,47.4811661],[11.0710662,47.4811892]]]}},{"type":"Feature","id":"building-100862527","properties":{"kind":"building","name":"Alpine building","height":7.2},"geometry":{"type":"Polygon","coordinates":[[[11.071285,47.4811291],[11.0713158,47.48109],[11.0712577,47.4810691],[11.0712269,47.4811083],[11.071285,47.4811291]]]}},{"type":"Feature","id":"building-243555328","properties":{"kind":"building","name":"Alpine building","height":7.2},"geometry":{"type":"Polygon","coordinates":[[[11.0500718,47.4783904],[11.0499818,47.4783542],[11.050033,47.4782961],[11.050123,47.4783323],[11.0500718,47.4783904]]]}},{"type":"Feature","id":"building-1078277910","properties":{"kind":"building","name":"Alpine building","height":7.2},"geometry":{"type":"Polygon","coordinates":[[[11.04362,47.4708116],[11.0436731,47.4707217],[11.0437684,47.4707474],[11.0437153,47.4708373],[11.04362,47.4708116]]]}},{"type":"Feature","id":"building-243542213","properties":{"kind":"building","name":"Alpine building","height":7.2},"geometry":{"type":"Polygon","coordinates":[[[11.0475477,47.4765239],[11.0474565,47.4765076],[11.0474797,47.4764482],[11.0475709,47.4764645],[11.0475477,47.4765239]]]}},{"type":"Feature","id":"building-383283167","properties":{"kind":"building","name":"Alpine building","height":7.2},"geometry":{"type":"Polygon","coordinates":[[[11.0434591,47.4661458],[11.0433732,47.4661038],[11.0434322,47.4660486],[11.0435181,47.4660906],[11.0434591,47.4661458]]]}},{"type":"Feature","id":"building-100862557","properties":{"kind":"building","name":"Alpine building","height":7.2},"geometry":{"type":"Polygon","coordinates":[[[11.0719937,47.4809444],[11.0720281,47.480881],[11.0721303,47.4809063],[11.0720959,47.4809697],[11.0719937,47.4809444]]]}},{"type":"Feature","id":"building-735115336","properties":{"kind":"building","name":"Alpine building","height":7.2},"geometry":{"type":"Polygon","coordinates":[[[11.0609613,47.4819516],[11.0609579,47.4818433],[11.0613434,47.4818378],[11.0613468,47.4819461],[11.0609613,47.4819516]]]}},{"type":"Feature","id":"building-242714965","properties":{"kind":"building","name":"Alpine building","height":7.2},"geometry":{"type":"Polygon","coordinates":[[[11.0435004,47.4704203],[11.0435056,47.4704381],[11.0434157,47.4704502],[11.0433721,47.4703019],[11.0436284,47.4702675],[11.043657,47.4703649],[11.0436054,47.4703719],[11.0436152,47.4704049],[11.0435004,47.4704203]]]}},{"type":"Feature","id":"building-255179792","properties":{"kind":"building","name":"Alpine building","height":7.2},"geometry":{"type":"Polygon","coordinates":[[[11.043341,47.4660015],[11.0434258,47.4660435],[11.0435063,47.4659693],[11.0434215,47.4659272],[11.043341,47.4660015]]]}},{"type":"Feature","id":"building-243541724","properties":{"kind":"building","name":"Alpine building","height":7.2},"geometry":{"type":"Polygon","coordinates":[[[11.0495795,47.4781908],[11.0494768,47.4781484],[11.0495412,47.478077],[11.0495904,47.4780974],[11.0495604,47.4781293],[11.0496142,47.4781524],[11.0495795,47.4781908]]]}},{"type":"Feature","id":"building-100441988","properties":{"kind":"building","name":"Alpine building","height":7.2},"geometry":{"type":"Polygon","coordinates":[[[11.0605757,47.4819571],[11.0605724,47.4818488],[11.0609579,47.4818433],[11.0609613,47.4819516],[11.0605757,47.4819571]]]}},{"type":"Feature","id":"building-376788460","properties":{"kind":"building","name":"Alpine building","height":7.2},"geometry":{"type":"Polygon","coordinates":[[[11.0439956,47.4720629],[11.0440428,47.4720006],[11.0441764,47.4720468],[11.0440998,47.472148],[11.0440236,47.4721216],[11.0440531,47.472083],[11.0439956,47.4720629]]]}},{"type":"Feature","id":"building-101181582","properties":{"kind":"building","name":"Alpine building","height":7.2},"geometry":{"type":"Polygon","coordinates":[[[11.055294,47.4809722],[11.0554577,47.4804482],[11.0551725,47.4804075],[11.0549897,47.4809922],[11.0552013,47.4810224],[11.055294,47.4809722]]]}},{"type":"Feature","id":"building-1139146417","properties":{"kind":"building","name":"Alpine building","height":7.2},"geometry":{"type":"Polygon","coordinates":[[[11.0440066,47.4719171],[11.044023,47.4719527],[11.0439834,47.4719611],[11.043967,47.4719255],[11.0440066,47.4719171]]]}},{"type":"Feature","id":"building-734587172","properties":{"kind":"building","name":"Alpine building","height":7.2},"geometry":{"type":"Polygon","coordinates":[[[11.0434275,47.4657129],[11.0435283,47.4656338],[11.0434606,47.4655945],[11.0433599,47.4656736],[11.0434275,47.4657129]]]}},{"type":"Feature","id":"building-255179796","properties":{"kind":"building","name":"Alpine building","height":7.2},"geometry":{"type":"Polygon","coordinates":[[[11.0431153,47.4670509],[11.0432999,47.4670362],[11.0432774,47.4669073],[11.0430928,47.466922],[11.0431153,47.4670509]]]}},{"type":"Feature","id":"building-255705857","properties":{"kind":"building","name":"Alpine building","height":7.2},"geometry":{"type":"Polygon","coordinates":[[[11.0627073,47.4821386],[11.0627907,47.4821351],[11.0627798,47.4820168],[11.0626964,47.4820204],[11.0627073,47.4821386]]]}},{"type":"Feature","id":"building-255179849","properties":{"kind":"building","name":"Alpine building","height":7.2},"geometry":{"type":"Polygon","coordinates":[[[11.0433307,47.4661196],[11.0433915,47.4660726],[11.0433318,47.4660373],[11.043271,47.4660844],[11.0433307,47.4661196]]]}},{"type":"Feature","id":"building-1010017374","properties":{"kind":"building","name":"Alpine building","height":7.2},"geometry":{"type":"Polygon","coordinates":[[[11.0431309,47.4671443],[11.0432191,47.4671366],[11.0432093,47.4670853],[11.0431211,47.467093],[11.0431309,47.4671443]]]}},{"type":"Feature","id":"building-920933409","properties":{"kind":"building","name":"Alpine building","height":7.2},"geometry":{"type":"Polygon","coordinates":[[[11.04536,47.4744874],[11.045448,47.4744619],[11.0454147,47.4744093],[11.0453267,47.4744348],[11.04536,47.4744874]]]}},{"type":"Feature","id":"building-100862533","properties":{"kind":"building","name":"Alpine building","height":7.2},"geometry":{"type":"Polygon","coordinates":[[[11.0727893,47.4808355],[11.0728122,47.4807776],[11.0728926,47.4807921],[11.0728697,47.48085],[11.0727893,47.4808355]]]}},{"type":"Feature","id":"building-243542273","properties":{"kind":"building","name":"Alpine building","height":7.2},"geometry":{"type":"Polygon","coordinates":[[[11.0474523,47.4766632],[11.0473709,47.4766483],[11.0473934,47.4765924],[11.0474748,47.4766073],[11.0474523,47.4766632]]]}},{"type":"Feature","id":"building-905991307","properties":{"kind":"building","name":"Alpine building","height":7.2},"geometry":{"type":"Polygon","coordinates":[[[11.0432473,47.4663804],[11.0433863,47.4662858],[11.0431784,47.4661462],[11.0430394,47.4662408],[11.0432473,47.4663804]]]}},{"type":"Feature","id":"building-1078277912","properties":{"kind":"building","name":"Alpine building","height":7.2},"geometry":{"type":"Polygon","coordinates":[[[11.043356,47.470598],[11.0433397,47.4705548],[11.0433968,47.470545],[11.0434131,47.4705882],[11.043356,47.470598]]]}},{"type":"Feature","id":"building-99925162","properties":{"kind":"building","name":"Alpine building","height":7.2},"geometry":{"type":"Polygon","coordinates":[[[11.0680704,47.4819547],[11.0681151,47.4819064],[11.0680403,47.4818748],[11.0679956,47.4819231],[11.0680704,47.4819547]]]}},{"type":"Feature","id":"building-1030141347","properties":{"kind":"building","name":"Alpine building","height":7.2},"geometry":{"type":"Polygon","coordinates":[[[11.084988,47.4678008],[11.0850492,47.4678005],[11.0850478,47.4676765],[11.0849948,47.4676768],[11.0849953,47.4677275],[11.0849434,47.4677278],[11.0849439,47.4677737],[11.0849877,47.4677735],[11.084988,47.4678008]]]}},{"type":"Feature","id":"building-920933411","properties":{"kind":"building","name":"Alpine building","height":7.2},"geometry":{"type":"Polygon","coordinates":[[[11.0439629,47.4724429],[11.0440326,47.4724694],[11.0441032,47.4723845],[11.0440333,47.472358],[11.0439629,47.4724429]]]}},{"type":"Feature","id":"building-100862552","properties":{"kind":"building","name":"Alpine building","height":7.2},"geometry":{"type":"Polygon","coordinates":[[[11.0696362,47.4816867],[11.0696774,47.4816075],[11.0698282,47.4816433],[11.069787,47.4817225],[11.0696362,47.4816867]]]}},{"type":"Feature","id":"building-1010016336","properties":{"kind":"building","name":"Alpine building","height":7.2},"geometry":{"type":"Polygon","coordinates":[[[11.0429421,47.4673837],[11.0430776,47.4673702],[11.0430646,47.4673105],[11.0429291,47.467324],[11.0429421,47.4673837]]]}},{"type":"Feature","id":"building-99925185","properties":{"kind":"building","name":"Alpine building","height":7.2},"geometry":{"type":"Polygon","coordinates":[[[11.0675616,47.4820685],[11.0676054,47.4820222],[11.0675275,47.4819884],[11.0674836,47.4820348],[11.0675616,47.4820685]]]}},{"type":"Feature","id":"building-100407960","properties":{"kind":"building","name":"Alpine building","height":7.2},"geometry":{"type":"Polygon","coordinates":[[[11.0565477,47.4814015],[11.0566713,47.481294],[11.0565706,47.4812411],[11.0566734,47.4811517],[11.0568661,47.4812529],[11.0567489,47.4813548],[11.0569603,47.4814659],[11.0568333,47.4815763],[11.0567261,47.48152],[11.0567439,47.4815045],[11.0565477,47.4814015]]]}},{"type":"Feature","id":"building-243563699","properties":{"kind":"building","name":"Alpine building","height":7.2},"geometry":{"type":"Polygon","coordinates":[[[11.0439169,47.4723964],[11.0437406,47.4723335],[11.0437993,47.4722584],[11.0439111,47.4722983],[11.0439518,47.4722462],[11.0440162,47.4722692],[11.0439169,47.4723964]]]}},{"type":"Feature","id":"building-1010017372","properties":{"kind":"building","name":"Alpine building","height":7.2},"geometry":{"type":"Polygon","coordinates":[[[11.042889,47.4671013],[11.0430284,47.4670866],[11.0429992,47.46696],[11.0428599,47.4669746],[11.042889,47.4671013]]]}},{"type":"Feature","id":"building-1030141346","properties":{"kind":"building","name":"Alpine building","height":7.2},"geometry":{"type":"Polygon","coordinates":[[[11.0851254,47.4676259],[11.0851595,47.46756],[11.0850795,47.4675411],[11.0850454,47.467607],[11.0851254,47.4676259]]]}},{"type":"Feature","id":"building-255179803","properties":{"kind":"building","name":"Alpine building","height":7.2},"geometry":{"type":"Polygon","coordinates":[[[11.0429639,47.4671868],[11.0428783,47.4671966],[11.0428589,47.4671191],[11.0429445,47.4671092],[11.0429639,47.4671868]]]}},{"type":"Feature","id":"building-99925235","properties":{"kind":"building","name":"Alpine building","height":7.2},"geometry":{"type":"Polygon","coordinates":[[[11.0685468,47.4820098],[11.0686038,47.4819413],[11.0685041,47.4819033],[11.068447,47.4819719],[11.0685468,47.4820098]]]}},{"type":"Feature","id":"building-242715015","properties":{"kind":"building","name":"Alpine building","height":7.2},"geometry":{"type":"Polygon","coordinates":[[[11.0431676,47.4703963],[11.0430398,47.4703894],[11.0430514,47.4702895],[11.043214,47.4702981],[11.0432074,47.4703546],[11.0431727,47.4703528],[11.0431676,47.4703963]]]}},{"type":"Feature","id":"building-243563946","properties":{"kind":"building","name":"Alpine building","height":7.2},"geometry":{"type":"Polygon","coordinates":[[[11.0436626,47.4718318],[11.0434869,47.4717764],[11.0435326,47.4717103],[11.0437082,47.4717658],[11.0436626,47.4718318]]]}},{"type":"Feature","id":"building-255179845","properties":{"kind":"building","name":"Alpine building","height":7.2},"geometry":{"type":"Polygon","coordinates":[[[11.0427801,47.4674789],[11.0429455,47.4674636],[11.0429193,47.4673347],[11.0427539,47.4673501],[11.0427801,47.4674789]]]}},{"type":"Feature","id":"building-735115337","properties":{"kind":"building","name":"Alpine building","height":7.2},"geometry":{"type":"Polygon","coordinates":[[[11.0615827,47.4823802],[11.0617629,47.4823645],[11.0617125,47.4821001],[11.0615324,47.4821158],[11.0615827,47.4823802]]]}},{"type":"Feature","id":"building-243542667","properties":{"kind":"building","name":"Alpine building","height":7.2},"geometry":{"type":"Polygon","coordinates":[[[11.0486319,47.4779599],[11.0483908,47.4778835],[11.0484598,47.477784],[11.0486236,47.4778358],[11.0486524,47.4777942],[11.0488547,47.4778582],[11.0487887,47.4779535],[11.0486637,47.4779139],[11.0486319,47.4779599]]]}},{"type":"Feature","id":"building-255179863","properties":{"kind":"building","name":"Alpine building","height":7.2},"geometry":{"type":"Polygon","coordinates":[[[11.0429643,47.4664448],[11.0430954,47.4663505],[11.0429496,47.4662582],[11.042854,47.4663272],[11.0429025,47.466358],[11.0428674,47.4663833],[11.0429643,47.4664448]]]}},{"type":"Feature","id":"building-243563935","properties":{"kind":"building","name":"Alpine building","height":7.2},"geometry":{"type":"Polygon","coordinates":[[[11.0435809,47.4721073],[11.0433777,47.4720334],[11.043425,47.471974],[11.043467,47.4719893],[11.043561,47.4718713],[11.0437171,47.471928],[11.0436846,47.4719689],[11.0437224,47.4719826],[11.0436528,47.47207],[11.0436201,47.4720581],[11.0435809,47.4721073]]]}},{"type":"Feature","id":"building-1154061412","properties":{"kind":"building","name":"Alpine building","height":7.2},"geometry":{"type":"Polygon","coordinates":[[[11.042729,47.4676212],[11.0427857,47.4676153],[11.0427728,47.4675575],[11.0427162,47.4675631],[11.042729,47.4676212]]]}},{"type":"Feature","id":"building-243101325","properties":{"kind":"building","name":"Alpine building","height":7.2},"geometry":{"type":"Polygon","coordinates":[[[11.0454298,47.4751114],[11.0455085,47.4751235],[11.0455253,47.4750735],[11.0454466,47.4750614],[11.0454298,47.4751114]]]}},{"type":"Feature","id":"building-436973194","properties":{"kind":"building","name":"Alpine building","height":7.2},"geometry":{"type":"Polygon","coordinates":[[[11.0436529,47.4636272],[11.0437186,47.4636499],[11.0437393,47.4636224],[11.0436735,47.4635998],[11.0436529,47.4636272]]]}},{"type":"Feature","id":"building-1154061247","properties":{"kind":"building","name":"Alpine building","height":7.2},"geometry":{"type":"Polygon","coordinates":[[[11.0426777,47.4678306],[11.0427911,47.4677007],[11.0427467,47.4676831],[11.042694,47.4676868],[11.0425966,47.4677982],[11.0426227,47.4678086],[11.0426777,47.4678306]]]}},{"type":"Feature","id":"building-1010017373","properties":{"kind":"building","name":"Alpine building","height":7.2},"geometry":{"type":"Polygon","coordinates":[[[11.0426813,47.4671583],[11.042697,47.4672035],[11.0427584,47.4671937],[11.0427427,47.4671485],[11.0426813,47.4671583]]]}},{"type":"Feature","id":"building-1078277909","properties":{"kind":"building","name":"Alpine building","height":7.2},"geometry":{"type":"Polygon","coordinates":[[[11.0430775,47.4707221],[11.0430879,47.4706539],[11.0430155,47.4706489],[11.0430051,47.4707171],[11.0430775,47.4707221]]]}},{"type":"Feature","id":"building-243563499","properties":{"kind":"building","name":"Alpine building","height":7.2},"geometry":{"type":"Polygon","coordinates":[[[11.043706,47.4724342],[11.043662,47.4724039],[11.0436422,47.4724171],[11.0435727,47.4723693],[11.0436652,47.4723078],[11.0437131,47.4723407],[11.0436999,47.4723496],[11.0437655,47.4723947],[11.043706,47.4724342]]]}},{"type":"Feature","id":"building-243553676","properties":{"kind":"building","name":"Alpine building","height":7.2},"geometry":{"type":"Polygon","coordinates":[[[11.049954,47.4788924],[11.0499195,47.4788565],[11.0498318,47.4788949],[11.0497681,47.4788286],[11.0499669,47.4787414],[11.0500651,47.4788436],[11.049954,47.4788924]]]}},{"type":"Feature","id":"building-699698411","properties":{"kind":"building","name":"Alpine building","height":7.2},"geometry":{"type":"Polygon","coordinates":[[[11.0444443,47.4738837],[11.0444389,47.4738041],[11.044516,47.4738017],[11.0445214,47.4738813],[11.0444443,47.4738837]]]}},{"type":"Feature","id":"building-243552363","properties":{"kind":"building","name":"Alpine building","height":7.2},"geometry":{"type":"Polygon","coordinates":[[[11.049413,47.4786364],[11.0492304,47.4786125],[11.0492694,47.4784764],[11.0492359,47.478472],[11.0492742,47.4783383],[11.0494902,47.4783666],[11.049413,47.4786364]]]}},{"type":"Feature","id":"building-255179831","properties":{"kind":"building","name":"Alpine building","height":7.2},"geometry":{"type":"Polygon","coordinates":[[[11.042573,47.4676369],[11.042729,47.4676212],[11.0427162,47.4675631],[11.0425602,47.4675788],[11.042573,47.4676369]]]}},{"type":"Feature","id":"building-1154061248","properties":{"kind":"building","name":"Alpine building","height":7.2},"geometry":{"type":"Polygon","coordinates":[[[11.0426777,47.4678306],[11.0426435,47.4678706],[11.0425753,47.4678641],[11.0426227,47.4678086],[11.0426777,47.4678306]]]}},{"type":"Feature","id":"building-243563950","properties":{"kind":"building","name":"Alpine building","height":7.2},"geometry":{"type":"Polygon","coordinates":[[[11.0433177,47.4717301],[11.0432469,47.4717091],[11.0432892,47.4716439],[11.04336,47.4716648],[11.0433177,47.4717301]]]}},{"type":"Feature","id":"building-255179817","properties":{"kind":"building","name":"Alpine building","height":7.2},"geometry":{"type":"Polygon","coordinates":[[[11.0425307,47.4683313],[11.0426602,47.4683235],[11.0426437,47.4681988],[11.0425143,47.4682066],[11.0425307,47.4683313]]]}},{"type":"Feature","id":"building-255179791","properties":{"kind":"building","name":"Alpine building","height":7.2},"geometry":{"type":"Polygon","coordinates":[[[11.0427214,47.4664432],[11.042762,47.4663945],[11.0426916,47.4663677],[11.042651,47.4664163],[11.0427214,47.4664432]]]}},{"type":"Feature","id":"building-243542596","properties":{"kind":"building","name":"Alpine building","height":7.2},"geometry":{"type":"Polygon","coordinates":[[[11.0484533,47.4780355],[11.0483858,47.4780123],[11.0484387,47.4779419],[11.0485062,47.477965],[11.0484533,47.4780355]]]}},{"type":"Feature","id":"building-255179812","properties":{"kind":"building","name":"Alpine building","height":7.2},"geometry":{"type":"Polygon","coordinates":[[[11.0424845,47.4675108],[11.0426577,47.4674946],[11.0426326,47.4673719],[11.0424595,47.467388],[11.0424845,47.4675108]]]}},{"type":"Feature","id":"building-243553021","properties":{"kind":"building","name":"Alpine building","height":7.2},"geometry":{"type":"Polygon","coordinates":[[[11.0498467,47.4789494],[11.0497516,47.4789848],[11.0497022,47.4789242],[11.0497973,47.4788888],[11.0498467,47.4789494]]]}},{"type":"Feature","id":"building-299810375","properties":{"kind":"building","name":"Alpine building","height":7.2},"geometry":{"type":"Polygon","coordinates":[[[11.0424206,47.4692749],[11.0424416,47.4694009],[11.0426621,47.4693842],[11.0426411,47.4692582],[11.0424206,47.4692749]]]}},{"type":"Feature","id":"building-243552601","properties":{"kind":"building","name":"Alpine building","height":7.2},"geometry":{"type":"Polygon","coordinates":[[[11.049545,47.4788906],[11.0494207,47.4788298],[11.0495202,47.4787233],[11.0495825,47.4787499],[11.0496045,47.4788158],[11.049545,47.4788906]]]}},{"type":"Feature","id":"building-243564181","properties":{"kind":"building","name":"Alpine building","height":7.2},"geometry":{"type":"Polygon","coordinates":[[[11.0431252,47.4716644],[11.043069,47.4716472],[11.0431093,47.4715869],[11.0431655,47.4716041],[11.0431252,47.4716644]]]}},{"type":"Feature","id":"building-255179814","properties":{"kind":"building","name":"Alpine building","height":7.2},"geometry":{"type":"Polygon","coordinates":[[[11.0423188,47.4679742],[11.0425106,47.4679947],[11.042544,47.4678519],[11.0423522,47.4678315],[11.0423188,47.4679742]]]}},{"type":"Feature","id":"building-100407996","properties":{"kind":"building","name":"Alpine building","height":7.2},"geometry":{"type":"Polygon","coordinates":[[[11.0616329,47.4826436],[11.061813,47.4826279],[11.0617629,47.4823645],[11.0615827,47.4823802],[11.0616329,47.4826436]]]}},{"type":"Feature","id":"building-243552334","properties":{"kind":"building","name":"Alpine building","height":7.2},"geometry":{"type":"Polygon","coordinates":[[[11.0492201,47.4786511],[11.049111,47.478647],[11.0491188,47.4785519],[11.0492279,47.478556],[11.0492201,47.4786511]]]}},{"type":"Feature","id":"building-243101295","properties":{"kind":"building","name":"Alpine building","height":7.2},"geometry":{"type":"Polygon","coordinates":[[[11.0453563,47.4755034],[11.0455135,47.4755511],[11.045562,47.4754781],[11.0454048,47.4754304],[11.0453563,47.4755034]]]}},{"type":"Feature","id":"building-238985263","properties":{"kind":"building","name":"Alpine building","height":7.2},"geometry":{"type":"Polygon","coordinates":[[[11.0533342,47.4807966],[11.0534628,47.4806632],[11.0532996,47.4805914],[11.053171,47.4807248],[11.0533342,47.4807966]]]}},{"type":"Feature","id":"building-865692945","properties":{"kind":"building","name":"Alpine building","height":7.2},"geometry":{"type":"Polygon","coordinates":[[[11.0658965,47.4826611],[11.0659651,47.4826044],[11.0657155,47.4824665],[11.0656469,47.4825233],[11.0658965,47.4826611]]]}},{"type":"Feature","id":"building-255179804","properties":{"kind":"building","name":"Alpine building","height":7.2},"geometry":{"type":"Polygon","coordinates":[[[11.0423157,47.4668041],[11.0423955,47.4668712],[11.0425549,47.4667847],[11.0424751,47.4667175],[11.0423157,47.4668041]]]}},{"type":"Feature","id":"building-255179841","properties":{"kind":"building","name":"Alpine building","height":7.2},"geometry":{"type":"Polygon","coordinates":[[[11.0423044,47.4671985],[11.0425049,47.4671842],[11.0424879,47.4670754],[11.0422874,47.4670898],[11.0423044,47.4671985]]]}},{"type":"Feature","id":"building-1078276707","properties":{"kind":"building","name":"Alpine building","height":7.2},"geometry":{"type":"Polygon","coordinates":[[[11.0424264,47.4666216],[11.0424553,47.4665979],[11.042478,47.4666105],[11.0424491,47.4666342],[11.0424264,47.4666216]]]}},{"type":"Feature","id":"building-243563961","properties":{"kind":"building","name":"Alpine building","height":7.2},"geometry":{"type":"Polygon","coordinates":[[[11.043182,47.4720236],[11.043044,47.4719844],[11.0430869,47.4719154],[11.0431051,47.4719205],[11.043162,47.4718291],[11.0432818,47.4718631],[11.043182,47.4720236]]]}},{"type":"Feature","id":"building-243563998","properties":{"kind":"building","name":"Alpine building","height":7.2},"geometry":{"type":"Polygon","coordinates":[[[11.0432272,47.4720935],[11.0431131,47.472063],[11.0431407,47.4720159],[11.0432548,47.4720464],[11.0432272,47.4720935]]]}},{"type":"Feature","id":"building-1078276064","properties":{"kind":"building","name":"Alpine building","height":7.2},"geometry":{"type":"Polygon","coordinates":[[[11.0423011,47.4686511],[11.0423062,47.4685811],[11.0423855,47.4685838],[11.0423804,47.4686538],[11.0423011,47.4686511]]]}},{"type":"Feature","id":"building-99925205","properties":{"kind":"building","name":"Alpine building","height":7.2},"geometry":{"type":"Polygon","coordinates":[[[11.0640627,47.4830081],[11.064434,47.4826983],[11.0642379,47.482591],[11.0639595,47.4828234],[11.063721,47.4826928],[11.063997,47.4824625],[11.0637964,47.4823527],[11.0634275,47.4826605],[11.0634466,47.4826709],[11.0637621,47.4828436],[11.0640627,47.4830081]]]}},{"type":"Feature","id":"building-255179793","properties":{"kind":"building","name":"Alpine building","height":7.2},"geometry":{"type":"Polygon","coordinates":[[[11.0422205,47.4675454],[11.0423738,47.467532],[11.0423494,47.4674045],[11.0421961,47.4674179],[11.0422205,47.4675454]]]}},{"type":"Feature","id":"building-99925142","properties":{"kind":"building","name":"Alpine building","height":7.2},"geometry":{"type":"Polygon","coordinates":[[[11.0685758,47.4823778],[11.0686542,47.4823968],[11.0686853,47.4823378],[11.0686069,47.4823189],[11.0685758,47.4823778]]]}},{"type":"Feature","id":"building-1154061245","properties":{"kind":"building","name":"Alpine building","height":7.2},"geometry":{"type":"Polygon","coordinates":[[[11.0421768,47.4675681],[11.0421887,47.4676409],[11.0423062,47.4676321],[11.0422944,47.4675593],[11.0421768,47.4675681]]]}},{"type":"Feature","id":"building-100407986","properties":{"kind":"building","name":"Alpine building","height":7.2},"geometry":{"type":"Polygon","coordinates":[[[11.0596709,47.4824703],[11.059749,47.4823293],[11.0605902,47.4825422],[11.060512,47.4826832],[11.0596709,47.4824703]]]}},{"type":"Feature","id":"building-1010016334","properties":{"kind":"building","name":"Alpine building","height":7.2},"geometry":{"type":"Polygon","coordinates":[[[11.0422532,47.4682108],[11.042262,47.4681271],[11.0421355,47.4681211],[11.0421268,47.4682048],[11.0422532,47.4682108]]]}},{"type":"Feature","id":"building-1154061246","properties":{"kind":"building","name":"Alpine building","height":7.2},"geometry":{"type":"Polygon","coordinates":[[[11.0421855,47.467707],[11.0421788,47.4676736],[11.042145,47.4676767],[11.0421517,47.4677101],[11.0421855,47.467707]]]}},{"type":"Feature","id":"building-243564309","properties":{"kind":"building","name":"Alpine building","height":7.2},"geometry":{"type":"Polygon","coordinates":[[[11.0428203,47.471941],[11.0427152,47.4719143],[11.0427873,47.4717848],[11.0428933,47.4718118],[11.042953,47.4717047],[11.0430594,47.4717317],[11.0429994,47.4718395],[11.0430152,47.4718435],[11.0429786,47.4719091],[11.0428555,47.4718778],[11.0428203,47.471941]]]}},{"type":"Feature","id":"building-255179785","properties":{"kind":"building","name":"Alpine building","height":7.2},"geometry":{"type":"Polygon","coordinates":[[[11.042138,47.4673801],[11.0422025,47.4673771],[11.0421958,47.4673103],[11.0421313,47.4673132],[11.042138,47.4673801]]]}},{"type":"Feature","id":"building-255179832","properties":{"kind":"building","name":"Alpine building","height":7.2},"geometry":{"type":"Polygon","coordinates":[[[11.0421333,47.4671294],[11.0421215,47.4670629],[11.042226,47.4670543],[11.0422378,47.4671208],[11.0421333,47.4671294]]]}},{"type":"Feature","id":"building-243552259","properties":{"kind":"building","name":"Alpine building","height":7.2},"geometry":{"type":"Polygon","coordinates":[[[11.04907,47.4788725],[11.0490382,47.4788033],[11.0491481,47.4787803],[11.0491798,47.4788495],[11.04907,47.4788725]]]}},{"type":"Feature","id":"building-255179860","properties":{"kind":"building","name":"Alpine building","height":7.2},"geometry":{"type":"Polygon","coordinates":[[[11.0420136,47.4681885],[11.0419908,47.4679474],[11.0422388,47.467939],[11.0422383,47.4680168],[11.0421569,47.4680212],[11.0421602,47.4680674],[11.0420897,47.4680696],[11.0421017,47.4681866],[11.0420136,47.4681885]]]}},{"type":"Feature","id":"building-255179856","properties":{"kind":"building","name":"Alpine building","height":7.2},"geometry":{"type":"Polygon","coordinates":[[[11.0421522,47.4670125],[11.0423172,47.4669183],[11.0422161,47.4668373],[11.0421043,47.4669011],[11.0421292,47.4669211],[11.0420761,47.4669515],[11.0421522,47.4670125]]]}},{"type":"Feature","id":"building-243551911","properties":{"kind":"building","name":"Alpine building","height":7.2},"geometry":{"type":"Polygon","coordinates":[[[11.0493928,47.4791008],[11.0492936,47.4790375],[11.0494015,47.4789603],[11.0495006,47.4790235],[11.0493928,47.4791008]]]}},{"type":"Feature","id":"building-299810386","properties":{"kind":"building","name":"Alpine building","height":7.2},"geometry":{"type":"Polygon","coordinates":[[[11.0421934,47.4686976],[11.042195,47.4685589],[11.0420471,47.4685581],[11.0420455,47.4686968],[11.0421934,47.4686976]]]}},{"type":"Feature","id":"building-919812014","properties":{"kind":"building","name":"Alpine building","height":7.2},"geometry":{"type":"Polygon","coordinates":[[[11.0420571,47.4678052],[11.0421463,47.4678002],[11.0421369,47.4677245],[11.0420477,47.4677296],[11.0420571,47.4678052]]]}},{"type":"Feature","id":"building-243552158","properties":{"kind":"building","name":"Alpine building","height":7.2},"geometry":{"type":"Polygon","coordinates":[[[11.0488678,47.4789324],[11.0487517,47.4788936],[11.0488427,47.4787692],[11.048821,47.4787177],[11.0490474,47.4786741],[11.0490807,47.4787403],[11.0491451,47.4787294],[11.0491661,47.4787782],[11.0491481,47.4787803],[11.0490382,47.4788033],[11.0489502,47.4788198],[11.0488678,47.4789324]]]}},{"type":"Feature","id":"building-99925160","properties":{"kind":"building","name":"Alpine building","height":7.2},"geometry":{"type":"Polygon","coordinates":[[[11.0634466,47.4826709],[11.0633356,47.4827736],[11.0636404,47.4829437],[11.0637621,47.4828436],[11.0634466,47.4826709]]]}},{"type":"Feature","id":"building-243551755","properties":{"kind":"building","name":"Alpine building","height":7.2},"geometry":{"type":"Polygon","coordinates":[[[11.0486846,47.4786427],[11.0485202,47.4786133],[11.048551,47.4785345],[11.0486492,47.478552],[11.0486541,47.4785395],[11.0487204,47.4785514],[11.0486846,47.4786427]]]}},{"type":"Feature","id":"building-100862546","properties":{"kind":"building","name":"Alpine building","height":7.2},"geometry":{"type":"Polygon","coordinates":[[[11.070886,47.4821384],[11.070943,47.4820699],[11.0708433,47.4820319],[11.0707862,47.4821005],[11.070886,47.4821384]]]}},{"type":"Feature","id":"building-100407980","properties":{"kind":"building","name":"Alpine building","height":7.2},"geometry":{"type":"Polygon","coordinates":[[[11.0580073,47.4826508],[11.0582912,47.4826812],[11.0583815,47.4822962],[11.0584228,47.4823006],[11.0584011,47.4823935],[11.0584328,47.4823969],[11.0584234,47.4824371],[11.0585089,47.4824462],[11.058515,47.4824201],[11.0585541,47.4824223],[11.0585541,47.4822533],[11.0587334,47.4822725],[11.0587683,47.4821237],[11.0579711,47.4820384],[11.0579361,47.4821878],[11.0581114,47.4822065],[11.0580073,47.4826508]]]}},{"type":"Feature","id":"building-99925198","properties":{"kind":"building","name":"Alpine building","height":7.2},"geometry":{"type":"Polygon","coordinates":[[[11.0654006,47.4830122],[11.0655681,47.4828781],[11.0651272,47.4826266],[11.0649598,47.4827606],[11.0654006,47.4830122]]]}},{"type":"Feature","id":"building-243573440","properties":{"kind":"building","name":"Alpine building","height":7.2},"geometry":{"type":"Polygon","coordinates":[[[11.0425517,47.4712693],[11.0424922,47.4712565],[11.0425244,47.4711883],[11.0425839,47.4712011],[11.0425517,47.4712693]]]}},{"type":"Feature","id":"building-100477858","properties":{"kind":"building","name":"Alpine building","height":7.2},"geometry":{"type":"Polygon","coordinates":[[[11.0743339,47.4811091],[11.0743794,47.4810476],[11.0744762,47.4810803],[11.0744307,47.4811418],[11.0743339,47.4811091]]]}},{"type":"Feature","id":"building-243542911","properties":{"kind":"building","name":"Alpine building","height":7.2},"geometry":{"type":"Polygon","coordinates":[[[11.0482287,47.4784932],[11.0481673,47.4783885],[11.0483607,47.4783367],[11.048422,47.4784414],[11.0482287,47.4784932]]]}},{"type":"Feature","id":"building-255179847","properties":{"kind":"building","name":"Alpine building","height":7.2},"geometry":{"type":"Polygon","coordinates":[[[11.0419559,47.4678281],[11.0420521,47.4678152],[11.042027,47.4677297],[11.0419308,47.4677427],[11.0419559,47.4678281]]]}},{"type":"Feature","id":"building-243551851","properties":{"kind":"building","name":"Alpine building","height":7.2},"geometry":{"type":"Polygon","coordinates":[[[11.0493002,47.4791303],[11.0492329,47.4790895],[11.0492857,47.4790497],[11.049353,47.4790905],[11.0493002,47.4791303]]]}},{"type":"Feature","id":"building-255179825","properties":{"kind":"building","name":"Alpine building","height":7.2},"geometry":{"type":"Polygon","coordinates":[[[11.0419862,47.4672729],[11.0420278,47.4672146],[11.0419489,47.4671889],[11.0419074,47.4672473],[11.0419862,47.4672729]]]}},{"type":"Feature","id":"building-243564242","properties":{"kind":"building","name":"Alpine building","height":7.2},"geometry":{"type":"Polygon","coordinates":[[[11.0427664,47.4720164],[11.0426546,47.4719891],[11.042689,47.4719249],[11.0428008,47.4719522],[11.0427664,47.4720164]]]}},{"type":"Feature","id":"building-243573393","properties":{"kind":"building","name":"Ferienhaus Frühholz","height":7.2},"geometry":{"type":"Polygon","coordinates":[[[11.0424662,47.471259],[11.0422831,47.47122],[11.0423258,47.4711284],[11.0424163,47.4711476],[11.042457,47.4710932],[11.042547,47.471124],[11.0424993,47.4711877],[11.0424662,47.471259]]]}},{"type":"Feature","id":"building-865692944","properties":{"kind":"building","name":"Alpine building","height":7.2},"geometry":{"type":"Polygon","coordinates":[[[11.0658803,47.4829111],[11.0659414,47.4828619],[11.0658829,47.4828288],[11.0658218,47.4828781],[11.0658803,47.4829111]]]}},{"type":"Feature","id":"building-99925119","properties":{"kind":"building","name":"Alpine building","height":7.2},"geometry":{"type":"Polygon","coordinates":[[[11.0683508,47.482707],[11.0684144,47.4826285],[11.0683178,47.4825927],[11.0682541,47.4826712],[11.0683508,47.482707]]]}},{"type":"Feature","id":"building-255179839","properties":{"kind":"building","name":"Alpine building","height":7.2},"geometry":{"type":"Polygon","coordinates":[[[11.0418682,47.4670243],[11.0419205,47.4669795],[11.0419944,47.4670189],[11.0419421,47.4670637],[11.0418682,47.4670243]]]}},{"type":"Feature","id":"building-99925214","properties":{"kind":"building","name":"Alpine building","height":7.2},"geometry":{"type":"Polygon","coordinates":[[[11.0690679,47.4826349],[11.0691605,47.4825593],[11.0690701,47.4825087],[11.0689775,47.4825843],[11.0690679,47.4826349]]]}},{"type":"Feature","id":"building-1010016335","properties":{"kind":"building","name":"Alpine building","height":7.2},"geometry":{"type":"Polygon","coordinates":[[[11.0418311,47.4677063],[11.0418145,47.4676434],[11.0418866,47.4676347],[11.0419032,47.4676976],[11.0418311,47.4677063]]]}},{"type":"Feature","id":"building-255179780","properties":{"kind":"building","name":"Alpine building","height":7.2},"geometry":{"type":"Polygon","coordinates":[[[11.0417393,47.4671721],[11.0417851,47.4671125],[11.0419116,47.4671569],[11.0419258,47.4671383],[11.0419752,47.4671557],[11.0419489,47.4671889],[11.0419229,47.4671798],[11.0418411,47.4672863],[11.0417521,47.4672551],[11.0417996,47.4671933],[11.0417393,47.4671721]]]}},{"type":"Feature","id":"building-255179855","properties":{"kind":"building","name":"Alpine building","height":7.2},"geometry":{"type":"Polygon","coordinates":[[[11.0417702,47.4675629],[11.0417478,47.4674043],[11.0418354,47.4673986],[11.0418476,47.4674847],[11.0418821,47.4674824],[11.0418924,47.467555],[11.0417702,47.4675629]]]}},{"type":"Feature","id":"building-255179835","properties":{"kind":"building","name":"Alpine building","height":7.2},"geometry":{"type":"Polygon","coordinates":[[[11.0417302,47.4676713],[11.0416532,47.4677586],[11.041858,47.4678412],[11.0419251,47.4677652],[11.0419137,47.4677454],[11.0417302,47.4676713]]]}},{"type":"Feature","id":"building-100407968","properties":{"kind":"building","name":"Alpine building","height":7.2},"geometry":{"type":"Polygon","coordinates":[[[11.0602004,47.4828333],[11.0602837,47.4828572],[11.0603012,47.4828293],[11.060393,47.4828556],[11.0604802,47.4827168],[11.0603051,47.4826666],[11.0602004,47.4828333]]]}},{"type":"Feature","id":"building-243564378","properties":{"kind":"building","name":"Alpine building","height":7.2},"geometry":{"type":"Polygon","coordinates":[[[11.0425102,47.4718502],[11.0423966,47.4718471],[11.0423996,47.4717964],[11.0425133,47.4717996],[11.0425102,47.4718502]]]}},{"type":"Feature","id":"building-1274549988","properties":{"kind":"building","name":"Alpine building","height":7.2},"geometry":{"type":"Polygon","coordinates":[[[11.0432119,47.4734363],[11.0431273,47.473436],[11.0431276,47.4733971],[11.0432122,47.4733974],[11.0432119,47.4734363]]]}},{"type":"Feature","id":"building-100407953","properties":{"kind":"building","name":"Alpine building","height":7.2},"geometry":{"type":"Polygon","coordinates":[[[11.0614636,47.4831718],[11.0615678,47.4829903],[11.0607297,47.4827705],[11.0606438,47.48292],[11.0607422,47.4829458],[11.0607239,47.4829778],[11.0614636,47.4831718]]]}},{"type":"Feature","id":"building-243573283","properties":{"kind":"building","name":"Alpine building","height":7.2},"geometry":{"type":"Polygon","coordinates":[[[11.0421912,47.4712391],[11.0420953,47.4712228],[11.0421209,47.4711539],[11.0422167,47.4711702],[11.0421912,47.4712391]]]}},{"type":"Feature","id":"building-255179799","properties":{"kind":"building","name":"Alpine building","height":7.2},"geometry":{"type":"Polygon","coordinates":[[[11.0416704,47.4674386],[11.0418074,47.4672879],[11.0416517,47.4672232],[11.0415147,47.4673739],[11.0416704,47.4674386]]]}},{"type":"Feature","id":"building-243564494","properties":{"kind":"building","name":"Alpine building","height":7.2},"geometry":{"type":"Polygon","coordinates":[[[11.0423949,47.471786],[11.0422345,47.4717725],[11.042251,47.4716831],[11.0424114,47.4716966],[11.0423949,47.471786]]]}},{"type":"Feature","id":"building-905991355","properties":{"kind":"building","name":"Alpine building","height":7.2},"geometry":{"type":"Polygon","coordinates":[[[11.0714077,47.4537315],[11.0714513,47.4537559],[11.0714726,47.4537384],[11.071429,47.4537141],[11.0714077,47.4537315]]]}},{"type":"Feature","id":"building-919812013","properties":{"kind":"building","name":"Alpine building","height":7.2},"geometry":{"type":"Polygon","coordinates":[[[11.0415916,47.4681582],[11.0416143,47.4681307],[11.0416545,47.4681458],[11.0416318,47.4681733],[11.0415916,47.4681582]]]}},{"type":"Feature","id":"building-699698412","properties":{"kind":"building","name":"Alpine building","height":7.2},"geometry":{"type":"Polygon","coordinates":[[[11.0440761,47.4749098],[11.0441147,47.4748194],[11.0440071,47.4747984],[11.0439685,47.4748888],[11.0440761,47.4749098]]]}},{"type":"Feature","id":"building-100865106","properties":{"kind":"building","name":"Alpine building","height":7.2},"geometry":{"type":"Polygon","coordinates":[[[11.0694728,47.4827357],[11.0693752,47.4826892],[11.0694414,47.4826257],[11.069539,47.4826721],[11.0694728,47.4827357]]]}},{"type":"Feature","id":"building-243543564","properties":{"kind":"building","name":"Alpine building","height":7.2},"geometry":{"type":"Polygon","coordinates":[[[11.0479587,47.4786884],[11.0478292,47.4785865],[11.047957,47.4785123],[11.0480865,47.4786141],[11.0479587,47.4786884]]]}},{"type":"Feature","id":"building-243572237","properties":{"kind":"building","name":"Alpine building","height":7.2},"geometry":{"type":"Polygon","coordinates":[[[11.0419194,47.4704976],[11.0417817,47.4704872],[11.041795,47.4704072],[11.0419326,47.4704176],[11.0419194,47.4704976]]]}},{"type":"Feature","id":"building-243573229","properties":{"kind":"building","name":"Alpine building","height":7.2},"geometry":{"type":"Polygon","coordinates":[[[11.042013,47.4711684],[11.0418879,47.471143],[11.0419292,47.47105],[11.0419887,47.471062],[11.0420198,47.4709919],[11.0421573,47.4710198],[11.0421105,47.4711252],[11.0420387,47.4711107],[11.042013,47.4711684]]]}},{"type":"Feature","id":"building-243572047","properties":{"kind":"building","name":"Alpine building","height":7.2},"geometry":{"type":"Polygon","coordinates":[[[11.0419235,47.4703241],[11.0416393,47.4702989],[11.0416662,47.47016],[11.0419504,47.4701852],[11.0419235,47.4703241]]]}},{"type":"Feature","id":"building-243551665","properties":{"kind":"building","name":"Alpine building","height":7.2},"geometry":{"type":"Polygon","coordinates":[[[11.0485375,47.4789603],[11.0484214,47.4789589],[11.0484205,47.4789926],[11.0482346,47.4789903],[11.04824,47.4787955],[11.0485419,47.4787993],[11.0485375,47.4789603]]]}},{"type":"Feature","id":"building-100407971","properties":{"kind":"building","name":"Alpine building","height":7.2},"geometry":{"type":"Polygon","coordinates":[[[11.0591432,47.4828866],[11.0592195,47.4828244],[11.05913,47.4827743],[11.0590537,47.4828365],[11.0591432,47.4828866]]]}},{"type":"Feature","id":"building-100865087","properties":{"kind":"building","name":"Alpine building","height":7.2},"geometry":{"type":"Polygon","coordinates":[[[11.0758536,47.4808925],[11.075866,47.4808353],[11.0760404,47.4808526],[11.0760279,47.4809098],[11.0758536,47.4808925]]]}},{"type":"Feature","id":"building-243573194","properties":{"kind":"building","name":"Alpine building","height":7.2},"geometry":{"type":"Polygon","coordinates":[[[11.0419195,47.4709745],[11.0419383,47.4709377],[11.0419742,47.470946],[11.0419555,47.4709829],[11.0419195,47.4709745]]]}},{"type":"Feature","id":"building-919789782","properties":{"kind":"building","name":"Alpine building","height":7.2},"geometry":{"type":"Polygon","coordinates":[[[11.0488672,47.4793399],[11.0490116,47.4793006],[11.0489668,47.4792254],[11.0488223,47.4792647],[11.0488672,47.4793399]]]}},{"type":"Feature","id":"building-255179807","properties":{"kind":"building","name":"Fewos Zum Robert´n - Haus Grasegger","height":7.2},"geometry":{"type":"Polygon","coordinates":[[[11.0415213,47.4676872],[11.0416728,47.4675227],[11.0414853,47.4674438],[11.0413338,47.4676084],[11.0415213,47.4676872]]]}},{"type":"Feature","id":"building-99925151","properties":{"kind":"building","name":"Alpine building","height":7.2},"geometry":{"type":"Polygon","coordinates":[[[11.0649069,47.4835527],[11.0652782,47.4832429],[11.0650821,47.4831356],[11.0648037,47.483368],[11.0645651,47.4832374],[11.0648412,47.4830071],[11.0646406,47.4828973],[11.0642717,47.4832051],[11.0649069,47.4835527]]]}},{"type":"Feature","id":"building-100407957","properties":{"kind":"building","name":"DWD","height":7.2},"geometry":{"type":"Polygon","coordinates":[[[11.0622237,47.4832431],[11.0621647,47.4831833],[11.0622607,47.48314],[11.0623054,47.4831199],[11.0623644,47.4831798],[11.0622237,47.4832431]]]}},{"type":"Feature","id":"building-243573171","properties":{"kind":"building","name":"Alpine building","height":7.2},"geometry":{"type":"Polygon","coordinates":[[[11.0419334,47.4709364],[11.0418989,47.4709607],[11.0418257,47.470913],[11.0418603,47.4708888],[11.0419334,47.4709364]]]}},{"type":"Feature","id":"building-865692943","properties":{"kind":"building","name":"Alpine building","height":7.2},"geometry":{"type":"Polygon","coordinates":[[[11.068175,47.4829702],[11.0682212,47.4829335],[11.0682784,47.4829663],[11.0682322,47.4830031],[11.068175,47.4829702]]]}},{"type":"Feature","id":"building-243572066","properties":{"kind":"building","name":"Alpine building","height":7.2},"geometry":{"type":"Polygon","coordinates":[[[11.0417764,47.4704173],[11.0416729,47.4704168],[11.0416741,47.470313],[11.0417775,47.4703136],[11.0417764,47.4704173]]]}},{"type":"Feature","id":"building-242714453","properties":{"kind":"building","name":"Alpine building","height":7.2},"geometry":{"type":"Polygon","coordinates":[[[11.0436476,47.4746114],[11.0435042,47.4745683],[11.0435748,47.4744611],[11.0436749,47.4744911],[11.0436388,47.474546],[11.043682,47.474559],[11.0436476,47.4746114]]]}},{"type":"Feature","id":"building-100442015","properties":{"kind":"building","name":"Alpine building","height":7.2},"geometry":{"type":"Polygon","coordinates":[[[11.0607312,47.4831345],[11.0607735,47.483097],[11.0606731,47.4830453],[11.0606308,47.4830829],[11.0607312,47.4831345]]]}},{"type":"Feature","id":"building-100441984","properties":{"kind":"building","name":"Alpine building","height":7.2},"geometry":{"type":"Polygon","coordinates":[[[11.0555659,47.4825406],[11.0557094,47.4825592],[11.0557782,47.4823164],[11.0558072,47.4823202],[11.0558614,47.4821288],[11.0559087,47.4821349],[11.0559786,47.4818879],[11.0558248,47.481868],[11.0557583,47.4821031],[11.0557328,47.4820998],[11.0556794,47.4822884],[11.0556388,47.4822831],[11.0555659,47.4825406]]]}},{"type":"Feature","id":"building-100442039","properties":{"kind":"building","name":"Alpine building","height":7.2},"geometry":{"type":"Polygon","coordinates":[[[11.0600096,47.4831052],[11.0599136,47.4830313],[11.060038,47.4829576],[11.060134,47.4830315],[11.0600096,47.4831052]]]}},{"type":"Feature","id":"building-100442019","properties":{"kind":"building","name":"Alpine building","height":7.2},"geometry":{"type":"Polygon","coordinates":[[[11.0589948,47.482953],[11.0589235,47.4829021],[11.0590064,47.482849],[11.0590777,47.4828999],[11.0589948,47.482953]]]}},{"type":"Feature","id":"building-100407965","properties":{"kind":"building","name":"Alpine building","height":7.2},"geometry":{"type":"Polygon","coordinates":[[[11.0579746,47.4827983],[11.0579916,47.4827027],[11.0582644,47.4827248],[11.0582474,47.4828205],[11.0579746,47.4827983]]]}},{"type":"Feature","id":"building-243543476","properties":{"kind":"building","name":"Alpine building","height":7.2},"geometry":{"type":"Polygon","coordinates":[[[11.047887,47.4787653],[11.0478306,47.4787352],[11.0478593,47.4787107],[11.0479157,47.4787407],[11.047887,47.4787653]]]}},{"type":"Feature","id":"building-242714480","properties":{"kind":"building","name":"Alpine building","height":7.2},"geometry":{"type":"Polygon","coordinates":[[[11.0435962,47.4746492],[11.0435376,47.4746322],[11.0435629,47.4745924],[11.0436214,47.4746094],[11.0435962,47.4746492]]]}},{"type":"Feature","id":"building-100865094","properties":{"kind":"building","name":"Alpine building","height":7.2},"geometry":{"type":"Polygon","coordinates":[[[11.0696338,47.482883],[11.069544,47.482843],[11.0696017,47.4827838],[11.0696915,47.4828238],[11.0696338,47.482883]]]}},{"type":"Feature","id":"building-243543619","properties":{"kind":"building","name":"Alpine building","height":7.2},"geometry":{"type":"Polygon","coordinates":[[[11.0477031,47.4786922],[11.047636,47.4786531],[11.0476794,47.4786192],[11.0477465,47.4786582],[11.0477031,47.4786922]]]}},{"type":"Feature","id":"building-243551558","properties":{"kind":"building","name":"Alpine building","height":7.2},"geometry":{"type":"Polygon","coordinates":[[[11.0486992,47.4793709],[11.0486693,47.4793186],[11.0485769,47.4793427],[11.0485464,47.4792894],[11.0487946,47.4792247],[11.0488549,47.4793303],[11.0486992,47.4793709]]]}},{"type":"Feature","id":"building-243573203","properties":{"kind":"building","name":"Fewo Wachterhaus","height":7.2},"geometry":{"type":"Polygon","coordinates":[[[11.0418096,47.471077],[11.041663,47.4710513],[11.0416894,47.4709827],[11.0416751,47.4709802],[11.041699,47.4709179],[11.0418598,47.4709461],[11.0418096,47.471077]]]}},{"type":"Feature","id":"building-243572658","properties":{"kind":"building","name":"Alpine building","height":7.2},"geometry":{"type":"Polygon","coordinates":[[[11.0416686,47.4707409],[11.041634,47.4707416],[11.0416325,47.4707092],[11.0416671,47.4707085],[11.0416686,47.4707409]]]}},{"type":"Feature","id":"building-135249285","properties":{"kind":"building","name":"Erlöserkirche","height":7.2},"geometry":{"type":"Polygon","coordinates":[[[11.0418387,47.4716233],[11.0418771,47.4714428],[11.0420353,47.4714464],[11.0421078,47.4715062],[11.0419468,47.4716132],[11.0419522,47.471722],[11.0417859,47.4717256],[11.0417832,47.4716259],[11.0418387,47.4716233]]]}},{"type":"Feature","id":"building-100407985","properties":{"kind":"building","name":"Alpine building","height":7.2},"geometry":{"type":"Polygon","coordinates":[[[11.0608251,47.4832363],[11.0608269,47.4831785],[11.0609273,47.4831799],[11.0609255,47.4832378],[11.0608251,47.4832363]]]}},{"type":"Feature","id":"building-100407984","properties":{"kind":"building","name":"Alpine building","height":7.2},"geometry":{"type":"Polygon","coordinates":[[[11.0588027,47.4830076],[11.0587356,47.4829381],[11.058836,47.4828938],[11.0589031,47.4829633],[11.0588027,47.4830076]]]}},{"type":"Feature","id":"building-243551489","properties":{"kind":"building","name":"Alpine building","height":7.2},"geometry":{"type":"Polygon","coordinates":[[[11.048394,47.4792304],[11.0483182,47.4791898],[11.0483876,47.4791306],[11.0484634,47.4791711],[11.048394,47.4792304]]]}},{"type":"Feature","id":"building-243572276","properties":{"kind":"building","name":"Alpine building","height":7.2},"geometry":{"type":"Polygon","coordinates":[[[11.0415658,47.4704259],[11.0415089,47.4704326],[11.0414986,47.4703925],[11.0415554,47.4703858],[11.0415658,47.4704259]]]}},{"type":"Feature","id":"building-100865083","properties":{"kind":"building","name":"Alpine building","height":10.0},"geometry":{"type":"Polygon","coordinates":[[[11.0703498,47.482902],[11.0702445,47.4828538],[11.0702941,47.4828043],[11.0702373,47.4827783],[11.070311,47.4827047],[11.070368,47.4827308],[11.0704025,47.4826963],[11.0705076,47.4827443],[11.0703498,47.482902]]]}},{"type":"Feature","id":"building-242714430","properties":{"kind":"building","name":"Alpine building","height":7.2},"geometry":{"type":"Polygon","coordinates":[[[11.0435626,47.4747996],[11.0434781,47.4747815],[11.0435173,47.4746978],[11.0436018,47.4747158],[11.0435626,47.4747996]]]}},{"type":"Feature","id":"building-243572342","properties":{"kind":"building","name":"Alpine building","height":7.2},"geometry":{"type":"Polygon","coordinates":[[[11.0415374,47.4706791],[11.0413893,47.4706568],[11.0414278,47.4705396],[11.0415597,47.4705595],[11.0415447,47.4706048],[11.0415611,47.4706072],[11.0415374,47.4706791]]]}},{"type":"Feature","id":"building-100865084","properties":{"kind":"building","name":"Alpine building","height":7.2},"geometry":{"type":"Polygon","coordinates":[[[11.069842,47.4829762],[11.0697496,47.4829444],[11.0698094,47.482865],[11.0699018,47.4828968],[11.069842,47.4829762]]]}},{"type":"Feature","id":"building-242714491","properties":{"kind":"building","name":"Alpine building","height":7.2},"geometry":{"type":"Polygon","coordinates":[[[11.0434495,47.4747217],[11.0432733,47.4746773],[11.0433353,47.4745648],[11.0435115,47.4746093],[11.0434495,47.4747217]]]}},{"type":"Feature","id":"building-243543513","properties":{"kind":"building","name":"Alpine building","height":7.2},"geometry":{"type":"Polygon","coordinates":[[[11.0477248,47.4788529],[11.0476699,47.4788286],[11.0476989,47.4787986],[11.0477538,47.478823],[11.0477248,47.4788529]]]}},{"type":"Feature","id":"building-242713939","properties":{"kind":"building","name":"Alpine building","height":7.2},"geometry":{"type":"Polygon","coordinates":[[[11.0443708,47.4758689],[11.0441407,47.4758536],[11.0441589,47.4757275],[11.0443891,47.4757427],[11.0443708,47.4758689]]]}},{"type":"Feature","id":"building-243572676","properties":{"kind":"building","name":"Alpine building","height":7.2},"geometry":{"type":"Polygon","coordinates":[[[11.041594,47.4710076],[11.0414441,47.4709815],[11.041498,47.47084],[11.0416479,47.470866],[11.041594,47.4710076]]]}},{"type":"Feature","id":"building-100862535","properties":{"kind":"building","name":"Alpine building","height":7.2},"geometry":{"type":"Polygon","coordinates":[[[11.0738433,47.4819445],[11.0738728,47.4819108],[11.0739316,47.4819343],[11.0739021,47.481968],[11.0738433,47.4819445]]]}},{"type":"Feature","id":"building-100865102","properties":{"kind":"building","name":"Alpine building","height":7.2},"geometry":{"type":"Polygon","coordinates":[[[11.0694431,47.4830906],[11.0693209,47.4830355],[11.0694049,47.4829505],[11.0695271,47.4830055],[11.0694431,47.4830906]]]}},{"type":"Feature","id":"building-243543634","properties":{"kind":"building","name":"Alpine building","height":7.2},"geometry":{"type":"Polygon","coordinates":[[[11.0474028,47.4787661],[11.047356,47.4786839],[11.0475307,47.4786385],[11.0475775,47.4787207],[11.0474028,47.4787661]]]}},{"type":"Feature","id":"building-243551640","properties":{"kind":"building","name":"Alpine building","height":7.2},"geometry":{"type":"Polygon","coordinates":[[[11.0481215,47.4792488],[11.0478679,47.479202],[11.0479135,47.4790894],[11.04802,47.4791091],[11.0480534,47.4790267],[11.0481826,47.4790506],[11.0481529,47.4791242],[11.0481706,47.4791275],[11.0481215,47.4792488]]]}},{"type":"Feature","id":"building-100441983","properties":{"kind":"building","name":"Alpine building","height":7.2},"geometry":{"type":"Polygon","coordinates":[[[11.0588246,47.4831462],[11.0587489,47.4830922],[11.0588297,47.4830406],[11.0589053,47.4830946],[11.0588246,47.4831462]]]}},{"type":"Feature","id":"building-242713974","properties":{"kind":"building","name":"Alpine building","height":7.2},"geometry":{"type":"Polygon","coordinates":[[[11.0435003,47.4752266],[11.0435896,47.4750353],[11.0434218,47.4749995],[11.0434502,47.4749387],[11.0438599,47.475026],[11.0438141,47.4751242],[11.0437134,47.4751028],[11.0436641,47.4752085],[11.0436988,47.4752158],[11.0436763,47.4752641],[11.0435003,47.4752266]]]}},{"type":"Feature","id":"building-100442059","properties":{"kind":"building","name":"Alpine building","height":7.2},"geometry":{"type":"Polygon","coordinates":[[[11.0546288,47.4824113],[11.0548144,47.482437],[11.054957,47.4819659],[11.0547715,47.4819403],[11.0546288,47.4824113]]]}},{"type":"Feature","id":"building-243564567","properties":{"kind":"building","name":"Alpine building","height":7.2},"geometry":{"type":"Polygon","coordinates":[[[11.0418247,47.4719625],[11.0417574,47.4719504],[11.0417826,47.4718862],[11.0418499,47.4718983],[11.0418247,47.4719625]]]}},{"type":"Feature","id":"building-919791406","properties":{"kind":"building","name":"Alpine building","height":7.2},"geometry":{"type":"Polygon","coordinates":[[[11.0485637,47.4795246],[11.0486244,47.4794877],[11.0485637,47.4794421],[11.048503,47.479479],[11.0485637,47.4795246]]]}},{"type":"Feature","id":"building-242714706","properties":{"kind":"building","name":"Alpine building","height":7.2},"geometry":{"type":"Polygon","coordinates":[[[11.043173,47.4744832],[11.0429644,47.4744312],[11.0430148,47.4743389],[11.0432234,47.474391],[11.043173,47.4744832]]]}},{"type":"Feature","id":"building-100865104","properties":{"kind":"building","name":"Alpine building","height":7.2},"geometry":{"type":"Polygon","coordinates":[[[11.0697576,47.4830772],[11.0696843,47.4830497],[11.0697377,47.4829847],[11.069811,47.4830122],[11.0697576,47.4830772]]]}},{"type":"Feature","id":"building-100477830","properties":{"kind":"building","name":"Alpine building","height":7.2},"geometry":{"type":"Polygon","coordinates":[[[11.0759803,47.4812656],[11.0760239,47.4812039],[11.0761188,47.4812345],[11.0760751,47.4812962],[11.0759803,47.4812656]]]}},{"type":"Feature","id":"building-243572415","properties":{"kind":"building","name":"Alpine building","height":7.2},"geometry":{"type":"Polygon","coordinates":[[[11.0413933,47.4707819],[11.0412712,47.4707598],[11.0412958,47.4706977],[11.0414179,47.4707198],[11.0413933,47.4707819]]]}},{"type":"Feature","id":"building-376085119","properties":{"kind":"building","name":"Alpine building","height":7.2},"geometry":{"type":"Polygon","coordinates":[[[11.0475323,47.4789165],[11.0475773,47.4788689],[11.0476497,47.4789015],[11.0476014,47.4789528],[11.0475323,47.4789165]]]}},{"type":"Feature","id":"building-360294138","properties":{"kind":"building","name":"Bergwachthütte Kreuzeck","height":7.2},"geometry":{"type":"Polygon","coordinates":[[[11.0682782,47.4526699],[11.0682656,47.452758],[11.0684418,47.4527695],[11.0684544,47.4526814],[11.0682782,47.4526699]]]}},{"type":"Feature","id":"building-614513177","properties":{"kind":"building","name":"Alpine building","height":7.2},"geometry":{"type":"Polygon","coordinates":[[[11.0681888,47.4527223],[11.0681971,47.4526643],[11.0682521,47.4526679],[11.0682438,47.4527259],[11.0681888,47.4527223]]]}},{"type":"Feature","id":"building-100407990","properties":{"kind":"building","name":"Alpine building","height":10.3},"geometry":{"type":"Polygon","coordinates":[[[11.0638802,47.4836528],[11.0638327,47.4836972],[11.0636143,47.4835743],[11.0635882,47.4835938],[11.0634403,47.4835033],[11.0635763,47.4834018],[11.0639318,47.4836044],[11.0638802,47.4836528]]]}},{"type":"Feature","id":"building-243572291","properties":{"kind":"building","name":"Alpine building","height":7.2},"geometry":{"type":"Polygon","coordinates":[[[11.0413003,47.4706566],[11.0411968,47.4706389],[11.0411509,47.4706323],[11.0412087,47.4704644],[11.0413436,47.4704856],[11.0413138,47.470572],[11.0413277,47.4705742],[11.0413167,47.4706128],[11.0413003,47.4706566]]]}},{"type":"Feature","id":"building-243572402","properties":{"kind":"building","name":"Alpine building","height":7.2},"geometry":{"type":"Polygon","coordinates":[[[11.0413169,47.470699],[11.0411828,47.470676],[11.0411968,47.4706389],[11.0413003,47.4706566],[11.0413167,47.4706128],[11.0413472,47.470618],[11.0413169,47.470699]]]}},{"type":"Feature","id":"building-243572583","properties":{"kind":"building","name":"Alpine building","height":7.2},"geometry":{"type":"Polygon","coordinates":[[[11.0413667,47.4709656],[11.0412523,47.4709409],[11.0413077,47.4708238],[11.0414221,47.4708485],[11.0413667,47.4709656]]]}},{"type":"Feature","id":"building-360293636","properties":{"kind":"building","name":"Alpine building","height":7.2},"geometry":{"type":"Polygon","coordinates":[[[11.0652644,47.4523831],[11.0652215,47.4524348],[11.0653229,47.4524733],[11.0653659,47.4524216],[11.0652644,47.4523831]]]}},{"type":"Feature","id":"building-1078275170","properties":{"kind":"building","name":"Alpine building","height":7.2},"geometry":{"type":"Polygon","coordinates":[[[11.0411486,47.4703372],[11.0411657,47.4703067],[11.0412006,47.4703157],[11.0411836,47.4703462],[11.0411486,47.4703372]]]}},{"type":"Feature","id":"building-100442023","properties":{"kind":"building","name":"Alpine building","height":7.2},"geometry":{"type":"Polygon","coordinates":[[[11.0604557,47.4834557],[11.0604542,47.4834033],[11.0605611,47.4834018],[11.0605627,47.4834542],[11.0604557,47.4834557]]]}},{"type":"Feature","id":"building-1274549987","properties":{"kind":"building","name":"Alpine building","height":7.2},"geometry":{"type":"Polygon","coordinates":[[[11.0424341,47.4736931],[11.042483,47.4736913],[11.0424844,47.4737085],[11.042525,47.473707],[11.0425192,47.4736346],[11.0424296,47.4736379],[11.0424341,47.4736931]]]}},{"type":"Feature","id":"building-100407978","properties":{"kind":"building","name":"Alpine building","height":7.2},"geometry":{"type":"Polygon","coordinates":[[[11.0517878,47.481252],[11.0517545,47.4813444],[11.052133,47.4814066],[11.0521663,47.4813142],[11.0517878,47.481252]]]}},{"type":"Feature","id":"building-243543662","properties":{"kind":"building","name":"Alpine building","height":7.2},"geometry":{"type":"Polygon","coordinates":[[[11.0475234,47.4790512],[11.0473606,47.4789659],[11.0474604,47.4788788],[11.0475323,47.4789165],[11.0476014,47.4789528],[11.0476232,47.4789642],[11.0475234,47.4790512]]]}},{"type":"Feature","id":"building-100862580","properties":{"kind":"building","name":"Alpine building","height":7.2},"geometry":{"type":"Polygon","coordinates":[[[11.0738389,47.4821481],[11.073904,47.4821764],[11.0739341,47.4821448],[11.073957,47.4821548],[11.0740118,47.4820973],[11.0739239,47.482059],[11.0738389,47.4821481]]]}},{"type":"Feature","id":"building-242714668","properties":{"kind":"building","name":"Alpine building","height":7.2},"geometry":{"type":"Polygon","coordinates":[[[11.0431222,47.4746682],[11.0428611,47.4746086],[11.0429065,47.4745177],[11.0431676,47.4745773],[11.0431222,47.4746682]]]}},{"type":"Feature","id":"building-100442049","properties":{"kind":"building","name":"Alpine building","height":7.2},"geometry":{"type":"Polygon","coordinates":[[[11.0606958,47.483525],[11.0606958,47.4834601],[11.0607984,47.4834601],[11.0607984,47.483525],[11.0606958,47.483525]]]}},{"type":"Feature","id":"building-243572491","properties":{"kind":"building","name":"Alpine building","height":7.2},"geometry":{"type":"Polygon","coordinates":[[[11.0412369,47.4707658],[11.0411466,47.4707484],[11.0411676,47.4706985],[11.0412579,47.4707159],[11.0412369,47.4707658]]]}},{"type":"Feature","id":"building-243542832","properties":{"kind":"building","name":"Alpine building","height":7.2},"geometry":{"type":"Polygon","coordinates":[[[11.0461215,47.4778778],[11.045718,47.4778853],[11.045711,47.4777097],[11.045858,47.477707],[11.0458599,47.4777544],[11.0459657,47.4777524],[11.0459666,47.477775],[11.0461172,47.4777722],[11.0461215,47.4778778]]]}},{"type":"Feature","id":"building-243564822","properties":{"kind":"building","name":"Alpine building","height":7.2},"geometry":{"type":"Polygon","coordinates":[[[11.0415273,47.4717353],[11.0412308,47.4716943],[11.0412681,47.4715711],[11.0414506,47.4715964],[11.0414598,47.471566],[11.0416121,47.4715871],[11.0415885,47.4716652],[11.0415501,47.4716599],[11.0415273,47.4717353]]]}},{"type":"Feature","id":"building-1396600896","properties":{"kind":"building","name":"Alpine building","height":5.0},"geometry":{"type":"Polygon","coordinates":[[[11.0817002,47.4783696],[11.081394,47.4781005],[11.0814648,47.478061],[11.081755,47.4783193],[11.0817002,47.4783696]]]}},{"type":"Feature","id":"building-243551451","properties":{"kind":"building","name":"Alpine building","height":7.2},"geometry":{"type":"Polygon","coordinates":[[[11.0482718,47.4796435],[11.04813,47.4795462],[11.048319,47.4794203],[11.0484608,47.4795176],[11.0482718,47.4796435]]]}},{"type":"Feature","id":"building-865692937","properties":{"kind":"building","name":"Alpine building","height":7.2},"geometry":{"type":"Polygon","coordinates":[[[11.0686732,47.4833661],[11.0687043,47.4833312],[11.0687553,47.483352],[11.0687243,47.4833868],[11.0686732,47.4833661]]]}},{"type":"Feature","id":"building-100407993","properties":{"kind":"building","name":"Alpine building","height":7.2},"geometry":{"type":"Polygon","coordinates":[[[11.0583021,47.4832843],[11.0582214,47.4832297],[11.0583087,47.4831707],[11.0583894,47.4832253],[11.0583021,47.4832843]]]}},{"type":"Feature","id":"building-217504824","properties":{"kind":"building","name":"Trögelhütte","height":7.2},"geometry":{"type":"Polygon","coordinates":[[[11.0812398,47.4574794],[11.0814728,47.4575072],[11.0814459,47.45761],[11.0812129,47.4575821],[11.0812398,47.4574794]]]}},{"type":"Feature","id":"building-100407966","properties":{"kind":"building","name":"Alpine building","height":7.2},"geometry":{"type":"Polygon","coordinates":[[[11.0642854,47.483777],[11.0641862,47.4838698],[11.0638327,47.4836972],[11.0638802,47.4836528],[11.0639318,47.4836044],[11.0642854,47.483777]]]}},{"type":"Feature","id":"building-920933413","properties":{"kind":"building","name":"Alpine building","height":7.2},"geometry":{"type":"Polygon","coordinates":[[[11.0426569,47.474294],[11.0426958,47.4742945],[11.0426946,47.4743357],[11.0426557,47.4743352],[11.0426569,47.474294]]]}},{"type":"Feature","id":"building-100442010","properties":{"kind":"building","name":"Alpine building","height":7.2},"geometry":{"type":"Polygon","coordinates":[[[11.0512052,47.4811223],[11.0511535,47.4812124],[11.0514877,47.4813],[11.0515394,47.4812099],[11.0512052,47.4811223]]]}},{"type":"Feature","id":"building-99925132","properties":{"kind":"building","name":"Alpine building","height":7.2},"geometry":{"type":"Polygon","coordinates":[[[11.0668414,47.4838401],[11.066992,47.4837206],[11.067137,47.483804],[11.0672187,47.4837392],[11.0671737,47.4837074],[11.0672248,47.4836761],[11.0672574,47.4836356],[11.067281,47.4835751],[11.0672762,47.4835108],[11.0672337,47.4834546],[11.0670767,47.483419],[11.0669758,47.4834269],[11.0669119,47.4834485],[11.0668209,47.4835067],[11.0667854,47.4834897],[11.066694,47.4835622],[11.0668141,47.4836313],[11.066673,47.4837432],[11.0668414,47.4838401]]]}},{"type":"Feature","id":"building-243572551","properties":{"kind":"building","name":"Alpine building","height":7.2},"geometry":{"type":"Polygon","coordinates":[[[11.0411559,47.4708974],[11.0410058,47.4708723],[11.0410409,47.4707761],[11.041191,47.4708011],[11.0411559,47.4708974]]]}},{"type":"Feature","id":"building-99925159","properties":{"kind":"building","name":"Alpine building","height":7.2},"geometry":{"type":"Polygon","coordinates":[[[11.0658705,47.4840434],[11.0662417,47.4837336],[11.0660457,47.4836263],[11.0657672,47.4838586],[11.0655287,47.4837281],[11.0658047,47.4834977],[11.0656041,47.4833879],[11.0652353,47.4836957],[11.0658705,47.4840434]]]}},{"type":"Feature","id":"building-99925225","properties":{"kind":"building","name":"Edelweiss Resort Gate","height":7.2},"geometry":{"type":"Polygon","coordinates":[[[11.0685605,47.4834575],[11.0686503,47.4833567],[11.0686732,47.4833661],[11.0687243,47.4833868],[11.0688262,47.4834283],[11.0687364,47.4835291],[11.0685605,47.4834575]]]}},{"type":"Feature","id":"building-100442028","properties":{"kind":"building","name":"Alpine building","height":7.2},"geometry":{"type":"Polygon","coordinates":[[[11.0539628,47.4825015],[11.0541629,47.4825279],[11.0543014,47.4820487],[11.0541012,47.4820223],[11.0539628,47.4825015]]]}},{"type":"Feature","id":"building-692861623","properties":{"kind":"building","name":"Alpine building","height":7.2},"geometry":{"type":"Polygon","coordinates":[[[11.0621643,47.4838071],[11.0623999,47.4837828],[11.0623635,47.4836214],[11.0621279,47.4836457],[11.0621643,47.4838071]]]}},{"type":"Feature","id":"building-100862548","properties":{"kind":"building","name":"Alpine building","height":7.2},"geometry":{"type":"Polygon","coordinates":[[[11.0741808,47.4822566],[11.0740919,47.482219],[11.0741702,47.4821344],[11.0742591,47.4821719],[11.0741808,47.4822566]]]}},{"type":"Feature","id":"building-920933412","properties":{"kind":"building","name":"Alpine building","height":7.2},"geometry":{"type":"Polygon","coordinates":[[[11.0425336,47.4742111],[11.0426248,47.4742219],[11.0426001,47.4743174],[11.0425089,47.4743066],[11.0425336,47.4742111]]]}},{"type":"Feature","id":"building-100407963","properties":{"kind":"building","name":"Alpine building","height":7.2},"geometry":{"type":"Polygon","coordinates":[[[11.0506528,47.4809514],[11.0506192,47.4810473],[11.0509364,47.481098],[11.0509699,47.4810021],[11.0506528,47.4809514]]]}},{"type":"Feature","id":"building-100407954","properties":{"kind":"building","name":"Alpine building","height":7.2},"geometry":{"type":"Polygon","coordinates":[[[11.0582846,47.4833817],[11.0581915,47.4833306],[11.058257,47.4832761],[11.0583501,47.4833271],[11.0582846,47.4833817]]]}},{"type":"Feature","id":"building-1126534204","properties":{"kind":"building","name":"Alpine building","height":7.2},"geometry":{"type":"Polygon","coordinates":[[[11.0697896,47.4833158],[11.0698716,47.4832886],[11.0698279,47.483333],[11.0697896,47.4833158]]]}},{"type":"Feature","id":"building-243564829","properties":{"kind":"building","name":"Alpine building","height":7.2},"geometry":{"type":"Polygon","coordinates":[[[11.0412909,47.4718168],[11.0412055,47.4718014],[11.0412401,47.4717142],[11.0413254,47.4717297],[11.0412909,47.4718168]]]}},{"type":"Feature","id":"building-243551253","properties":{"kind":"building","name":"Alpine building","height":7.2},"geometry":{"type":"Polygon","coordinates":[[[11.0476907,47.4794955],[11.0476107,47.479423],[11.0476205,47.4794142],[11.0475949,47.479391],[11.0476476,47.4793644],[11.0476635,47.4793788],[11.0477289,47.4793458],[11.0477639,47.4793774],[11.0478784,47.4793197],[11.0479635,47.4793968],[11.0478436,47.4794573],[11.047816,47.4794323],[11.0476907,47.4794955]]]}},{"type":"Feature","id":"building-100240818","properties":{"kind":"building","name":"Alpine building","height":7.2},"geometry":{"type":"Polygon","coordinates":[[[11.0584742,47.4834172],[11.0585307,47.4833148],[11.059423,47.4835397],[11.0593665,47.4836421],[11.0584742,47.4834172]]]}},{"type":"Feature","id":"building-243551365","properties":{"kind":"building","name":"Alpine building","height":7.2},"geometry":{"type":"Polygon","coordinates":[[[11.0481687,47.4796776],[11.0479657,47.4797046],[11.0479291,47.4795789],[11.0481321,47.4795519],[11.0481687,47.4796776]]]}},{"type":"Feature","id":"building-243551280","properties":{"kind":"building","name":"Alpine building","height":7.2},"geometry":{"type":"Polygon","coordinates":[[[11.047881,47.4795783],[11.0478263,47.479543],[11.0478808,47.4795044],[11.0479354,47.4795397],[11.047881,47.4795783]]]}},{"type":"Feature","id":"building-100407964","properties":{"kind":"building","name":"Alpine building","height":7.2},"geometry":{"type":"Polygon","coordinates":[[[11.0581471,47.4834333],[11.0580759,47.4833943],[11.0581501,47.4833324],[11.0582214,47.4833713],[11.0581471,47.4834333]]]}},{"type":"Feature","id":"building-1396600873","properties":{"kind":"building","name":"Alpine building","height":6.0},"geometry":{"type":"Polygon","coordinates":[[[11.0784099,47.4805639],[11.0784469,47.4804516],[11.0785524,47.4804675],[11.0785155,47.4805798],[11.0784099,47.4805639]]]}},{"type":"Feature","id":"building-1078276063","properties":{"kind":"building","name":"Alpine building","height":7.2},"geometry":{"type":"Polygon","coordinates":[[[11.0407704,47.4707154],[11.040792,47.4706666],[11.0408622,47.4706808],[11.0408406,47.4707296],[11.0407704,47.4707154]]]}},{"type":"Feature","id":"building-360293635","properties":{"kind":"building","name":"Kreuzeckhaus","height":10.3},"geometry":{"type":"Polygon","coordinates":[[[11.0660218,47.452136],[11.0658538,47.4520238],[11.0657248,47.452116],[11.0658577,47.4522011],[11.0658956,47.4521727],[11.0662568,47.452403],[11.0664541,47.4522577],[11.0664617,47.4522521],[11.0663945,47.452204],[11.0663864,47.4521746],[11.0663633,47.4521379],[11.0663226,47.4521075],[11.0662696,47.4520873],[11.0662153,47.4520855],[11.066145,47.4520443],[11.0661275,47.4520573],[11.0660218,47.452136]]]}},{"type":"Feature","id":"building-242714034","properties":{"kind":"building","name":"Alpine building","height":7.2},"geometry":{"type":"Polygon","coordinates":[[[11.0429775,47.4752269],[11.0428371,47.475148],[11.0428831,47.4751105],[11.0429171,47.4751296],[11.0429906,47.4750699],[11.0431116,47.4751379],[11.0430259,47.4752076],[11.0430113,47.4751994],[11.0429775,47.4752269]]]}},{"type":"Feature","id":"building-100407989","properties":{"kind":"building","name":"Alpine building","height":7.2},"geometry":{"type":"Polygon","coordinates":[[[11.0533362,47.4824833],[11.0535144,47.4825083],[11.0536644,47.4820197],[11.0534863,47.4819947],[11.0533362,47.4824833]]]}},{"type":"Feature","id":"building-100865098","properties":{"kind":"building","name":"Alpine building","height":7.2},"geometry":{"type":"Polygon","coordinates":[[[11.078719,47.4805149],[11.0787653,47.4803169],[11.0788257,47.4803232],[11.0788281,47.4803235],[11.0788325,47.480324],[11.0788394,47.4803247],[11.0788531,47.4803262],[11.0788997,47.4803312],[11.078935,47.480335],[11.0789447,47.4803361],[11.0788985,47.4805341],[11.078719,47.4805149]]]}},{"type":"Feature","id":"building-1495989839","properties":{"kind":"building","name":"Alpine building","height":6.0},"geometry":{"type":"Polygon","coordinates":[[[11.0816969,47.4785662],[11.0817119,47.4785564],[11.0817646,47.478522],[11.0816835,47.4784636],[11.081634,47.478497],[11.081618,47.4785078],[11.0816656,47.4785431],[11.0816777,47.4785521],[11.0816969,47.4785662]]]}},{"type":"Feature","id":"building-243565040","properties":{"kind":"building","name":"Alpine building","height":7.2},"geometry":{"type":"Polygon","coordinates":[[[11.0411173,47.4715137],[11.0409785,47.4714974],[11.0409854,47.4714704],[11.0408116,47.47145],[11.0408518,47.4712934],[11.0411644,47.47133],[11.0411173,47.4715137]]]}},{"type":"Feature","id":"building-734587174","properties":{"kind":"building","name":"Alpine building","height":7.2},"geometry":{"type":"Polygon","coordinates":[[[11.0405242,47.46688],[11.0406185,47.4667987],[11.0404681,47.466719],[11.0403739,47.4668003],[11.0405242,47.46688]]]}},{"type":"Feature","id":"building-243564905","properties":{"kind":"building","name":"Alpine building","height":7.2},"geometry":{"type":"Polygon","coordinates":[[[11.0411776,47.4719955],[11.0411247,47.4719818],[11.0411553,47.4719279],[11.0412081,47.4719416],[11.0411776,47.4719955]]]}},{"type":"Feature","id":"building-243543695","properties":{"kind":"building","name":"Alpine building","height":7.2},"geometry":{"type":"Polygon","coordinates":[[[11.0471176,47.479293],[11.0469834,47.4791633],[11.0471452,47.4790868],[11.0471803,47.4791207],[11.0472116,47.4791059],[11.0473107,47.4792018],[11.0471176,47.479293]]]}},{"type":"Feature","id":"building-255314760","properties":{"kind":"building","name":"Alpine building","height":7.2},"geometry":{"type":"Polygon","coordinates":[[[11.0643044,47.4840123],[11.064491,47.484107],[11.0646088,47.484001],[11.0645689,47.4839808],[11.0646316,47.4838848],[11.0645224,47.4838522],[11.0644857,47.4839083],[11.0644321,47.4838974],[11.0643044,47.4840123]]]}},{"type":"Feature","id":"building-243568448","properties":{"kind":"building","name":"Alpine building","height":7.2},"geometry":{"type":"Polygon","coordinates":[[[11.0407158,47.4707156],[11.0406626,47.4706973],[11.0407225,47.4706177],[11.0407757,47.470636],[11.0407158,47.4707156]]]}},{"type":"Feature","id":"building-307094699","properties":{"kind":"building","name":"Alpine building","height":7.2},"geometry":{"type":"Polygon","coordinates":[[[11.0678101,47.4522478],[11.0677538,47.4522626],[11.0677301,47.4522214],[11.0677863,47.4522066],[11.0678101,47.4522478]]]}},{"type":"Feature","id":"building-255285925","properties":{"kind":"building","name":"Alpine building","height":7.2},"geometry":{"type":"Polygon","coordinates":[[[11.0701436,47.483436],[11.0702039,47.4834576],[11.070246,47.4834041],[11.0701857,47.4833825],[11.0701436,47.483436]]]}},{"type":"Feature","id":"building-1396600891","properties":{"kind":"building","name":"Alpine building","height":5.0},"geometry":{"type":"Polygon","coordinates":[[[11.0815448,47.4785906],[11.0816138,47.4785498],[11.0816459,47.4785746],[11.0817926,47.4786878],[11.0817272,47.4787265],[11.0817236,47.4787286],[11.0816479,47.4786702],[11.0815942,47.4786281],[11.0815593,47.4786016],[11.0815448,47.4785906]]]}},{"type":"Feature","id":"building-243568398","properties":{"kind":"building","name":"Alpine building","height":7.2},"geometry":{"type":"Polygon","coordinates":[[[11.0407469,47.470865],[11.0406042,47.4708156],[11.0406825,47.4707123],[11.0408251,47.4707616],[11.0407469,47.470865]]]}},{"type":"Feature","id":"building-1078276059","properties":{"kind":"building","name":"Alpine building","height":7.2},"geometry":{"type":"Polygon","coordinates":[[[11.0405643,47.4703886],[11.0405674,47.4703169],[11.0406292,47.4703181],[11.0406261,47.4703899],[11.0405643,47.4703886]]]}},{"type":"Feature","id":"building-1078276061","properties":{"kind":"building","name":"Alpine building","height":7.2},"geometry":{"type":"Polygon","coordinates":[[[11.0406438,47.4705654],[11.0405558,47.4705115],[11.0405903,47.4704858],[11.0406783,47.4705397],[11.0406438,47.4705654]]]}},{"type":"Feature","id":"building-100240822","properties":{"kind":"building","name":"Alpine building","height":7.2},"geometry":{"type":"Polygon","coordinates":[[[11.0599435,47.4838129],[11.0600165,47.4836934],[11.0604318,47.4838094],[11.0603588,47.4839288],[11.0599435,47.4838129]]]}},{"type":"Feature","id":"building-1078276060","properties":{"kind":"building","name":"Alpine building","height":7.2},"geometry":{"type":"Polygon","coordinates":[[[11.0405939,47.4705948],[11.0405424,47.4705625],[11.0405818,47.4705337],[11.0406334,47.4705661],[11.0405939,47.4705948]]]}},{"type":"Feature","id":"building-100477826","properties":{"kind":"building","name":"Alpine building","height":7.2},"geometry":{"type":"Polygon","coordinates":[[[11.0762214,47.4817244],[11.0762642,47.4816455],[11.0764173,47.4816834],[11.0763745,47.4817623],[11.0762214,47.4817244]]]}},{"type":"Feature","id":"building-255314761","properties":{"kind":"building","name":"Alpine building","height":7.2},"geometry":{"type":"Polygon","coordinates":[[[11.0646962,47.4840525],[11.0648181,47.4841126],[11.0649037,47.4840334],[11.0648559,47.4840098],[11.0648666,47.4839935],[11.064797,47.4839591],[11.0646962,47.4840525]]]}},{"type":"Feature","id":"building-1498018341","properties":{"kind":"building","name":"Alpine building","height":5.0},"geometry":{"type":"Polygon","coordinates":[[[11.0801816,47.4796923],[11.0802027,47.4797195],[11.080208,47.4797176],[11.0802146,47.4797153],[11.0802329,47.4797088],[11.0802425,47.4797054],[11.0802615,47.4796987],[11.0802791,47.4796925],[11.080258,47.4796653],[11.0801816,47.4796923]]]}},{"type":"Feature","id":"building-100240842","properties":{"kind":"building","name":"Alpine building","height":7.2},"geometry":{"type":"Polygon","coordinates":[[[11.061702,47.4839896],[11.0617785,47.4838526],[11.0623444,47.483997],[11.0622678,47.484134],[11.061702,47.4839896]]]}},{"type":"Feature","id":"building-1495908442","properties":{"kind":"building","name":"Alpine building","height":3.5},"geometry":{"type":"Polygon","coordinates":[[[11.0807878,47.4793462],[11.0808164,47.4793569],[11.0808339,47.4793356],[11.0808053,47.4793248],[11.0807878,47.4793462]]]}},{"type":"Feature","id":"building-100862572","properties":{"kind":"building","name":"Alpine building","height":7.2},"geometry":{"type":"Polygon","coordinates":[[[11.0754542,47.4820551],[11.075504,47.4820014],[11.0755892,47.4820375],[11.0755393,47.4820912],[11.0754542,47.4820551]]]}},{"type":"Feature","id":"building-100240837","properties":{"kind":"building","name":"Alpine building","height":7.2},"geometry":{"type":"Polygon","coordinates":[[[11.0596515,47.4838333],[11.0597072,47.4837323],[11.0598848,47.4837771],[11.0598291,47.483878],[11.0596515,47.4838333]]]}},{"type":"Feature","id":"building-100441993","properties":{"kind":"building","name":"Alpine building","height":7.2},"geometry":{"type":"Polygon","coordinates":[[[11.0522025,47.4822233],[11.0523736,47.4822502],[11.0525304,47.4817938],[11.0523594,47.481767],[11.0522025,47.4822233]]]}},{"type":"Feature","id":"building-255285926","properties":{"kind":"building","name":"Alpine building","height":7.2},"geometry":{"type":"Polygon","coordinates":[[[11.0703006,47.4834966],[11.0703729,47.4835171],[11.0704057,47.4834644],[11.0703335,47.4834439],[11.0703006,47.4834966]]]}},{"type":"Feature","id":"building-100442017","properties":{"kind":"building","name":"Alpine building","height":7.2},"geometry":{"type":"Polygon","coordinates":[[[11.0527447,47.4824225],[11.05291,47.482446],[11.0530499,47.4819966],[11.0528845,47.4819731],[11.0527447,47.4824225]]]}},{"type":"Feature","id":"building-243543682","properties":{"kind":"building","name":"Alpine building","height":7.2},"geometry":{"type":"Polygon","coordinates":[[[11.0470345,47.4792893],[11.0470053,47.4792628],[11.0470427,47.479244],[11.0470718,47.4792705],[11.0470345,47.4792893]]]}},{"type":"Feature","id":"building-100240815","properties":{"kind":"building","name":"Alpine building","height":7.2},"geometry":{"type":"Polygon","coordinates":[[[11.0604521,47.4840021],[11.0605665,47.483791],[11.0609036,47.4838743],[11.0607892,47.4840855],[11.0604521,47.4840021]]]}},{"type":"Feature","id":"building-1154059849","properties":{"kind":"building","name":"Alpine building","height":7.2},"geometry":{"type":"Polygon","coordinates":[[[11.0405406,47.4652793],[11.0404765,47.4652939],[11.0404977,47.4653366],[11.0405618,47.4653221],[11.0405406,47.4652793]]]}},{"type":"Feature","id":"building-255284459","properties":{"kind":"building","name":"Alpine building","height":7.2},"geometry":{"type":"Polygon","coordinates":[[[11.069743,47.4837931],[11.0698667,47.4836672],[11.0696534,47.4835715],[11.0696046,47.4836212],[11.0695192,47.4835829],[11.0694443,47.4836592],[11.069743,47.4837931]]]}},{"type":"Feature","id":"building-243565297","properties":{"kind":"building","name":"Alpine building","height":7.2},"geometry":{"type":"Polygon","coordinates":[[[11.0406334,47.4713204],[11.0404474,47.471281],[11.0405253,47.4711128],[11.040651,47.4711395],[11.0406709,47.4710964],[11.0407601,47.4711153],[11.0407311,47.4711777],[11.0407024,47.4711716],[11.0406334,47.4713204]]]}},{"type":"Feature","id":"building-1078276062","properties":{"kind":"building","name":"Alpine building","height":7.2},"geometry":{"type":"Polygon","coordinates":[[[11.0404222,47.4705455],[11.0404638,47.4704885],[11.0404986,47.4705],[11.0404569,47.470557],[11.0404222,47.4705455]]]}},{"type":"Feature","id":"building-100442064","properties":{"kind":"building","name":"Alpine building","height":7.2},"geometry":{"type":"Polygon","coordinates":[[[11.050254,47.4813245],[11.0501573,47.4812453],[11.0504301,47.4810932],[11.0505268,47.4811724],[11.050254,47.4813245]]]}},{"type":"Feature","id":"building-100442020","properties":{"kind":"building","name":"Alpine building","height":7.2},"geometry":{"type":"Polygon","coordinates":[[[11.0516452,47.4820628],[11.0518043,47.4820872],[11.0519577,47.4816309],[11.0517987,47.4816064],[11.0516452,47.4820628]]]}},{"type":"Feature","id":"building-100865093","properties":{"kind":"building","name":"Alpine building","height":7.2},"geometry":{"type":"Polygon","coordinates":[[[11.0796544,47.480252],[11.0796313,47.4802156],[11.0795999,47.4801672],[11.0795779,47.4801293],[11.0795817,47.4801282],[11.0795934,47.4801248],[11.0796036,47.4801222],[11.0796154,47.4801186],[11.0796339,47.4801133],[11.0796464,47.4801097],[11.079661,47.4801055],[11.0796731,47.480102],[11.079692,47.4800966],[11.0797053,47.4800928],[11.079718,47.4800892],[11.0797187,47.480089],[11.079728,47.4800864],[11.0797427,47.4800822],[11.0797526,47.4800794],[11.0797641,47.4800762],[11.0797647,47.480076],[11.0797793,47.4800718],[11.0797994,47.4800661],[11.0798136,47.4800621],[11.0798275,47.4800582],[11.0798414,47.4800542],[11.0798607,47.4800488],[11.0798739,47.480045],[11.0798951,47.480039],[11.079897,47.4800385],[11.0799088,47.4800351],[11.0799108,47.4800345],[11.0799183,47.4800324],[11.0799962,47.4801573],[11.0798889,47.4801879],[11.0798981,47.4802039],[11.0798033,47.4802271],[11.0797959,47.4802139],[11.0796544,47.480252]]]}},{"type":"Feature","id":"building-36384375","properties":{"kind":"building","name":"Schlafgebäude Kreuzeckhaus","height":7.2},"geometry":{"type":"Polygon","coordinates":[[[11.0658292,47.4518416],[11.0659457,47.4517927],[11.0660942,47.4519542],[11.0660445,47.4519751],[11.0660679,47.4520005],[11.0660011,47.4520286],[11.0658292,47.4518416]]]}},{"type":"Feature","id":"building-243544035","properties":{"kind":"building","name":"Alpine building","height":7.2},"geometry":{"type":"Polygon","coordinates":[[[11.0471722,47.4794826],[11.0471148,47.4794287],[11.0471921,47.479391],[11.0472496,47.4794449],[11.0471722,47.4794826]]]}},{"type":"Feature","id":"building-1475369615","properties":{"kind":"building","name":"Alpine building","height":7.2},"geometry":{"type":"Polygon","coordinates":[[[11.0830262,47.4777005],[11.083045,47.4777231],[11.0830759,47.4777113],[11.0830571,47.4776887],[11.0830262,47.4777005]]]}},{"type":"Feature","id":"building-36555423","properties":{"kind":"building","name":"Alpine building","height":7.2},"geometry":{"type":"Polygon","coordinates":[[[11.0878003,47.4687627],[11.0877101,47.4688664],[11.087807,47.468905],[11.0877571,47.4689623],[11.0878788,47.4690107],[11.0880189,47.4688497],[11.0878003,47.4687627]]]}},{"type":"Feature","id":"building-100441991","properties":{"kind":"building","name":"Alpine building","height":7.2},"geometry":{"type":"Polygon","coordinates":[[[11.0510365,47.4816514],[11.0511176,47.4817425],[11.0514348,47.4816135],[11.0513536,47.4815224],[11.0510365,47.4816514]]]}},{"type":"Feature","id":"building-1154059848","properties":{"kind":"building","name":"Alpine building","height":7.2},"geometry":{"type":"Polygon","coordinates":[[[11.0405436,47.4652714],[11.0405172,47.4652128],[11.0404143,47.465234],[11.0404407,47.4652926],[11.0405436,47.4652714]]]}},{"type":"Feature","id":"building-243568792","properties":{"kind":"building","name":"Alpine building","height":7.2},"geometry":{"type":"Polygon","coordinates":[[[11.0405061,47.4707705],[11.0403571,47.4707185],[11.040401,47.470661],[11.0404213,47.4706681],[11.040459,47.4706188],[11.0405877,47.4706637],[11.0405061,47.4707705]]]}},{"type":"Feature","id":"building-243565376","properties":{"kind":"building","name":"Alpine building","height":7.2},"geometry":{"type":"Polygon","coordinates":[[[11.0405387,47.4710292],[11.0405054,47.4710171],[11.0405225,47.4709957],[11.0405558,47.4710078],[11.0405387,47.4710292]]]}},{"type":"Feature","id":"building-1240438666","properties":{"kind":"building","name":"Alpine building","height":7.2},"geometry":{"type":"Polygon","coordinates":[[[11.079956,47.4799362],[11.0799193,47.480006],[11.0800628,47.4800405],[11.0800995,47.4799706],[11.079956,47.4799362]]]}},{"type":"Feature","id":"building-255180259","properties":{"kind":"building","name":"Alpine building","height":7.2},"geometry":{"type":"Polygon","coordinates":[[[11.06418,47.4842778],[11.0643134,47.4842007],[11.0641901,47.4841033],[11.0640567,47.4841803],[11.06418,47.4842778]]]}},{"type":"Feature","id":"building-255180265","properties":{"kind":"building","name":"Alpine building","height":7.2},"geometry":{"type":"Polygon","coordinates":[[[11.0646983,47.4841775],[11.0648571,47.4842608],[11.0649428,47.4841862],[11.064784,47.4841029],[11.0646983,47.4841775]]]}},{"type":"Feature","id":"building-100862525","properties":{"kind":"building","name":"Alpine building","height":7.2},"geometry":{"type":"Polygon","coordinates":[[[11.0755928,47.4821401],[11.0755679,47.4821853],[11.0756014,47.4821938],[11.0755937,47.4822077],[11.0756771,47.4822287],[11.0757096,47.4821695],[11.0755928,47.4821401]]]}},{"type":"Feature","id":"building-255314753","properties":{"kind":"building","name":"Alpine building","height":6.0},"geometry":{"type":"Polygon","coordinates":[[[11.0717403,47.4833486],[11.0718889,47.4834042],[11.0719507,47.4833287],[11.071802,47.4832731],[11.0717403,47.4833486]]]}},{"type":"Feature","id":"building-100240830","properties":{"kind":"building","name":"Alpine building","height":7.2},"geometry":{"type":"Polygon","coordinates":[[[11.0608825,47.4841139],[11.0609437,47.484003],[11.0614042,47.484119],[11.061343,47.4842299],[11.0608825,47.4841139]]]}},{"type":"Feature","id":"building-243547449","properties":{"kind":"building","name":"Alpine building","height":7.2},"geometry":{"type":"Polygon","coordinates":[[[11.0468681,47.4795113],[11.0468386,47.4794007],[11.0470226,47.4793783],[11.0470521,47.4794889],[11.0468681,47.4795113]]]}},{"type":"Feature","id":"building-100477853","properties":{"kind":"building","name":"Alpine building","height":7.2},"geometry":{"type":"Polygon","coordinates":[[[11.0771791,47.4815775],[11.0772317,47.4815064],[11.0773179,47.4815355],[11.0772653,47.4816066],[11.0771791,47.4815775]]]}},{"type":"Feature","id":"building-255285927","properties":{"kind":"building","name":"Alpine building","height":7.2},"geometry":{"type":"Polygon","coordinates":[[[11.0705772,47.4836377],[11.0706539,47.4836587],[11.07069,47.4835983],[11.0706133,47.4835774],[11.0705772,47.4836377]]]}},{"type":"Feature","id":"building-99925211","properties":{"kind":"building","name":"Wörner Hall","height":7.2},"geometry":{"type":"Polygon","coordinates":[[[11.0677296,47.4842577],[11.0678932,47.484129],[11.0674724,47.4838846],[11.0673087,47.4840133],[11.0677296,47.4842577]]]}},{"type":"Feature","id":"building-243568831","properties":{"kind":"building","name":"Alpine building","height":7.2},"geometry":{"type":"Polygon","coordinates":[[[11.040207,47.4706783],[11.0400723,47.4706382],[11.0401735,47.4704828],[11.0402395,47.4705025],[11.0403238,47.470373],[11.0404293,47.4704045],[11.0402845,47.4706267],[11.0402477,47.4706158],[11.040207,47.4706783]]]}},{"type":"Feature","id":"building-1528821063","properties":{"kind":"building","name":"Alpine building","height":7.2},"geometry":{"type":"Polygon","coordinates":[[[11.0879902,47.4696171],[11.088002,47.469597],[11.0879285,47.4695773],[11.0879166,47.4695974],[11.0879902,47.4696171]]]}},{"type":"Feature","id":"building-99925099","properties":{"kind":"building","name":"Alpine building","height":7.2},"geometry":{"type":"Polygon","coordinates":[[[11.0626472,47.48444],[11.0628683,47.484384],[11.0626929,47.4840679],[11.0624719,47.4841239],[11.0626472,47.48444]]]}},{"type":"Feature","id":"building-99925187","properties":{"kind":"building","name":"Alpine building","height":7.2},"geometry":{"type":"Polygon","coordinates":[[[11.0667467,47.484537],[11.0671179,47.4842272],[11.0669219,47.4841199],[11.0666435,47.4843522],[11.0664049,47.4842217],[11.066681,47.4839913],[11.0664803,47.4838815],[11.0661115,47.4841893],[11.0667467,47.484537]]]}},{"type":"Feature","id":"building-36555425","properties":{"kind":"building","name":"Alpine building","height":7.2},"geometry":{"type":"Polygon","coordinates":[[[11.0879832,47.4685012],[11.0878814,47.4686021],[11.0881921,47.4687454],[11.0882939,47.4686445],[11.0879832,47.4685012]]]}},{"type":"Feature","id":"building-242714090","properties":{"kind":"building","name":"Alpine building","height":7.2},"geometry":{"type":"Polygon","coordinates":[[[11.0422055,47.4749829],[11.0420644,47.4749607],[11.0421041,47.4748456],[11.0422451,47.4748678],[11.0422055,47.4749829]]]}},{"type":"Feature","id":"building-243548452","properties":{"kind":"building","name":"Alpine building","height":7.2},"geometry":{"type":"Polygon","coordinates":[[[11.0462198,47.4790979],[11.0460737,47.4790477],[11.0460849,47.4790327],[11.0460321,47.4790146],[11.0460802,47.4789505],[11.0461405,47.4789712],[11.0461952,47.4788985],[11.0463339,47.4789461],[11.0462198,47.4790979]]]}},{"type":"Feature","id":"building-734587173","properties":{"kind":"building","name":"Alpine building","height":7.2},"geometry":{"type":"Polygon","coordinates":[[[11.039887,47.4665943],[11.0400528,47.4665174],[11.0399986,47.466464],[11.0398328,47.4665409],[11.039887,47.4665943]]]}},{"type":"Feature","id":"building-100865085","properties":{"kind":"building","name":"Alpine building","height":7.2},"geometry":{"type":"Polygon","coordinates":[[[11.079926,47.4803445],[11.0798834,47.4802828],[11.0799461,47.4802629],[11.079923,47.4802302],[11.0800565,47.4801872],[11.0800796,47.4802199],[11.080124,47.480282],[11.079926,47.4803445]]]}},{"type":"Feature","id":"building-100862515","properties":{"kind":"building","name":"Alpine building","height":7.2},"geometry":{"type":"Polygon","coordinates":[[[11.0755035,47.4823494],[11.0755522,47.4823082],[11.0756607,47.4823669],[11.075612,47.482408],[11.0755035,47.4823494]]]}},{"type":"Feature","id":"building-1293258142","properties":{"kind":"building","name":"Alpine building","height":7.2},"geometry":{"type":"Polygon","coordinates":[[[11.0880314,47.4695951],[11.0880954,47.4696209],[11.0881511,47.4695579],[11.088087,47.4695321],[11.0880314,47.4695951]]]}},{"type":"Feature","id":"building-360389052","properties":{"kind":"building","name":"Alpine building","height":7.2},"geometry":{"type":"Polygon","coordinates":[[[11.0663178,47.4517518],[11.066479,47.4517214],[11.066464,47.451685],[11.0663028,47.4517154],[11.0663178,47.4517518]]]}},{"type":"Feature","id":"building-255181032","properties":{"kind":"building","name":"Alpine building","height":7.2},"geometry":{"type":"Polygon","coordinates":[[[11.0695326,47.4840505],[11.0696528,47.4839205],[11.0694532,47.4838362],[11.069333,47.4839662],[11.0695326,47.4840505]]]}},{"type":"Feature","id":"building-255180255","properties":{"kind":"building","name":"Alpine building","height":7.2},"geometry":{"type":"Polygon","coordinates":[[[11.0646,47.4845037],[11.0647923,47.4843413],[11.064621,47.4842488],[11.0644288,47.4844111],[11.0646,47.4845037]]]}},{"type":"Feature","id":"building-243548168","properties":{"kind":"building","name":"Alpine building","height":7.2},"geometry":{"type":"Polygon","coordinates":[[[11.0453055,47.4785295],[11.0453643,47.4784406],[11.0454995,47.4784815],[11.0454547,47.4785493],[11.0454297,47.4785417],[11.0454157,47.4785628],[11.0453055,47.4785295]]]}},{"type":"Feature","id":"building-255285928","properties":{"kind":"building","name":"Alpine building","height":7.2},"geometry":{"type":"Polygon","coordinates":[[[11.0708758,47.4837178],[11.0709365,47.4837393],[11.0709679,47.4836988],[11.0709072,47.4836773],[11.0708758,47.4837178]]]}},{"type":"Feature","id":"building-255180269","properties":{"kind":"building","name":"Alpine building","height":7.2},"geometry":{"type":"Polygon","coordinates":[[[11.0650827,47.4843343],[11.0654087,47.4845037],[11.0655249,47.4844017],[11.0651989,47.4842322],[11.0650827,47.4843343]]]}},{"type":"Feature","id":"building-100862550","properties":{"kind":"building","name":"Alpine building","height":7.2},"geometry":{"type":"Polygon","coordinates":[[[11.0753643,47.4824572],[11.0754046,47.482423],[11.0754865,47.482467],[11.0754461,47.4825012],[11.0753643,47.4824572]]]}},{"type":"Feature","id":"building-36555424","properties":{"kind":"building","name":"Rießerkopf Haus (Toni Hütte)","height":7.2},"geometry":{"type":"Polygon","coordinates":[[[11.0882822,47.4690487],[11.0880388,47.4689447],[11.0881021,47.468877],[11.0881734,47.4689076],[11.0882866,47.4687864],[11.0884586,47.46886],[11.0882822,47.4690487]]]}},{"type":"Feature","id":"building-243548292","properties":{"kind":"building","name":"Alpine building","height":7.2},"geometry":{"type":"Polygon","coordinates":[[[11.0456885,47.4787903],[11.0456376,47.4787756],[11.0456646,47.4787329],[11.0457155,47.4787477],[11.0456885,47.4787903]]]}},{"type":"Feature","id":"building-100240831","properties":{"kind":"building","name":"Alpine building","height":7.2},"geometry":{"type":"Polygon","coordinates":[[[11.0594769,47.4840997],[11.0595396,47.483991],[11.0603702,47.4842098],[11.0603323,47.4842755],[11.0602662,47.4842581],[11.0602414,47.4843011],[11.0594769,47.4840997]]]}},{"type":"Feature","id":"building-243547464","properties":{"kind":"building","name":"Alpine building","height":7.2},"geometry":{"type":"Polygon","coordinates":[[[11.0467029,47.4795927],[11.046688,47.4795201],[11.0468036,47.4795093],[11.0468185,47.4795819],[11.0467029,47.4795927]]]}},{"type":"Feature","id":"building-255284460","properties":{"kind":"building","name":"Alpine building","height":7.2},"geometry":{"type":"Polygon","coordinates":[[[11.0698872,47.4839195],[11.0700198,47.4839725],[11.0700466,47.4839418],[11.0701803,47.4839953],[11.0702973,47.4838615],[11.0701161,47.4837892],[11.0700654,47.4838472],[11.0699802,47.4838131],[11.0698872,47.4839195]]]}},{"type":"Feature","id":"building-99925170","properties":{"kind":"building","name":"Alpine building","height":7.2},"geometry":{"type":"Polygon","coordinates":[[[11.0681469,47.4840889],[11.0681824,47.4841085],[11.0680741,47.4841984],[11.0681877,47.4842609],[11.0681317,47.4843074],[11.068292,47.4843955],[11.0683357,47.4843592],[11.0684277,47.4844098],[11.0685599,47.4843],[11.0684679,47.4842494],[11.0688269,47.4839512],[11.068751,47.4839095],[11.0687888,47.4838781],[11.0685553,47.4837497],[11.0681469,47.4840889]]]}},{"type":"Feature","id":"building-303486443","properties":{"kind":"building","name":"Alpine building","height":7.2},"geometry":{"type":"Polygon","coordinates":[[[11.077019,47.481954],[11.0769184,47.4819261],[11.0769803,47.4818238],[11.077081,47.4818517],[11.077019,47.481954]]]}},{"type":"Feature","id":"building-100240846","properties":{"kind":"building","name":"Alpine building","height":7.2},"geometry":{"type":"Polygon","coordinates":[[[11.0614726,47.4843434],[11.0615469,47.4842063],[11.0623686,47.4844097],[11.0622943,47.4845468],[11.0614726,47.4843434]]]}},{"type":"Feature","id":"building-100477857","properties":{"kind":"building","name":"Alpine building","height":7.2},"geometry":{"type":"Polygon","coordinates":[[[11.0775737,47.4816372],[11.0775877,47.4815722],[11.0777062,47.4815839],[11.0776923,47.4816489],[11.0775737,47.4816372]]]}},{"type":"Feature","id":"building-100240839","properties":{"kind":"building","name":"Alpine building","height":7.2},"geometry":{"type":"Polygon","coordinates":[[[11.058277,47.4841102],[11.0580991,47.4840623],[11.0582347,47.4838324],[11.0584979,47.4839033],[11.0584347,47.4840105],[11.0583493,47.4839875],[11.058277,47.4841102]]]}},{"type":"Feature","id":"building-243565307","properties":{"kind":"building","name":"Alpine building","height":7.2},"geometry":{"type":"Polygon","coordinates":[[[11.0402643,47.4712488],[11.0400932,47.4712116],[11.0400614,47.4712785],[11.0399454,47.4712533],[11.0399975,47.4711437],[11.0400441,47.4711538],[11.0400807,47.4710768],[11.0401275,47.471087],[11.0401456,47.4710488],[11.04022,47.471065],[11.0401893,47.4711295],[11.0403087,47.4711555],[11.0402643,47.4712488]]]}},{"type":"Feature","id":"building-243548268","properties":{"kind":"building","name":"Alpine building","height":7.2},"geometry":{"type":"Polygon","coordinates":[[[11.0455769,47.4788193],[11.0453791,47.4787663],[11.0454814,47.4785918],[11.0456792,47.4786448],[11.0455769,47.4788193]]]}},{"type":"Feature","id":"building-243568875","properties":{"kind":"building","name":"Gästehaus Hubertus","height":7.2},"geometry":{"type":"Polygon","coordinates":[[[11.0399625,47.4706111],[11.0398118,47.4705909],[11.0398554,47.4704419],[11.0398979,47.4704476],[11.0399329,47.4703281],[11.0400754,47.4703472],[11.0400232,47.4705256],[11.0399889,47.4705211],[11.0399625,47.4706111]]]}},{"type":"Feature","id":"building-243572019","properties":{"kind":"building","name":"Alpine building","height":7.2},"geometry":{"type":"Polygon","coordinates":[[[11.0398104,47.4696867],[11.0397472,47.4696733],[11.0397693,47.4696256],[11.0398325,47.469639],[11.0398104,47.4696867]]]}},{"type":"Feature","id":"building-255285919","properties":{"kind":"building","name":"Alpine building","height":7.2},"geometry":{"type":"Polygon","coordinates":[[[11.0703798,47.4838919],[11.0704863,47.4839289],[11.0705214,47.4838827],[11.070415,47.4838457],[11.0703798,47.4838919]]]}},{"type":"Feature","id":"building-1240438665","properties":{"kind":"building","name":"Alpine building","height":7.2},"geometry":{"type":"Polygon","coordinates":[[[11.0803509,47.4802625],[11.0803127,47.4802212],[11.0803254,47.4802156],[11.0803222,47.4802124],[11.0803298,47.480209],[11.0803329,47.4802123],[11.0803476,47.4802058],[11.0803846,47.4802488],[11.0803847,47.4802574],[11.0803771,47.4802648],[11.080363,47.4802665],[11.0803509,47.4802625]]]}},{"type":"Feature","id":"building-100442012","properties":{"kind":"building","name":"Alpine building","height":7.2},"geometry":{"type":"Polygon","coordinates":[[[11.0505225,47.4818196],[11.050579,47.4819208],[11.0509133,47.4818355],[11.0508567,47.4817343],[11.0505225,47.4818196]]]}},{"type":"Feature","id":"building-734840485","properties":{"kind":"building","name":"Alpine building","height":7.2},"geometry":{"type":"Polygon","coordinates":[[[11.0692563,47.484176],[11.0693065,47.4841128],[11.0691462,47.4840547],[11.069096,47.4841179],[11.0692563,47.484176]]]}},{"type":"Feature","id":"building-100442034","properties":{"kind":"building","name":"Alpine building","height":7.2},"geometry":{"type":"Polygon","coordinates":[[[11.050176,47.4814796],[11.0500505,47.4815049],[11.0501392,47.4817054],[11.0502647,47.4816801],[11.050176,47.4814796]]]}},{"type":"Feature","id":"building-255285929","properties":{"kind":"building","name":"Alpine building","height":7.2},"geometry":{"type":"Polygon","coordinates":[[[11.0712503,47.4837693],[11.0713897,47.4838151],[11.0714642,47.4837117],[11.0713247,47.4836659],[11.0712503,47.4837693]]]}},{"type":"Feature","id":"building-243548310","properties":{"kind":"building","name":"Alpine building","height":7.2},"geometry":{"type":"Polygon","coordinates":[[[11.0456219,47.4789006],[11.0455553,47.4788823],[11.0455815,47.478839],[11.045648,47.4788573],[11.0456219,47.4789006]]]}},{"type":"Feature","id":"building-243547527","properties":{"kind":"building","name":"Alpine building","height":7.2},"geometry":{"type":"Polygon","coordinates":[[[11.0464458,47.4796142],[11.0464189,47.4795082],[11.046559,47.4794919],[11.0465859,47.479598],[11.0464458,47.4796142]]]}},{"type":"Feature","id":"building-919791407","properties":{"kind":"building","name":"Alpine building","height":7.2},"geometry":{"type":"Polygon","coordinates":[[[11.0466963,47.479774],[11.0467987,47.4797723],[11.046796,47.4796994],[11.0466936,47.4797012],[11.0466963,47.479774]]]}},{"type":"Feature","id":"building-734840486","properties":{"kind":"building","name":"Alpine building","height":7.2},"geometry":{"type":"Polygon","coordinates":[[[11.0692074,47.4842376],[11.0692563,47.484176],[11.069096,47.4841179],[11.0690471,47.4841794],[11.0692074,47.4842376]]]}},{"type":"Feature","id":"building-100477859","properties":{"kind":"building","name":"Alpine building","height":7.2},"geometry":{"type":"Polygon","coordinates":[[[11.0770865,47.481966],[11.077136,47.4818932],[11.0772676,47.481934],[11.0772181,47.4820068],[11.0770865,47.481966]]]}},{"type":"Feature","id":"building-100862554","properties":{"kind":"building","name":"Alpine building","height":7.2},"geometry":{"type":"Polygon","coordinates":[[[11.075698,47.4825407],[11.0757428,47.4825017],[11.0758096,47.4825366],[11.0757647,47.4825757],[11.075698,47.4825407]]]}},{"type":"Feature","id":"building-243551107","properties":{"kind":"building","name":"Alpine building","height":7.2},"geometry":{"type":"Polygon","coordinates":[[[11.04731,47.4801166],[11.047121,47.4801136],[11.0471222,47.4800799],[11.0470438,47.4800787],[11.0470466,47.4799988],[11.0469915,47.4799979],[11.0469948,47.4799049],[11.0473173,47.4799101],[11.04731,47.4801166]]]}},{"type":"Feature","id":"building-100240844","properties":{"kind":"building","name":"Alpine building","height":7.2},"geometry":{"type":"Polygon","coordinates":[[[11.0584668,47.4841935],[11.0585101,47.4841138],[11.0587246,47.4841671],[11.0586812,47.4842468],[11.0584668,47.4841935]]]}},{"type":"Feature","id":"building-735115338","properties":{"kind":"building","name":"Alpine building","height":7.2},"geometry":{"type":"Polygon","coordinates":[[[11.0655293,47.4845758],[11.0656887,47.4846574],[11.065804,47.4845547],[11.0656446,47.484473],[11.0655293,47.4845758]]]}},{"type":"Feature","id":"building-243565528","properties":{"kind":"building","name":"Alpine building","height":7.2},"geometry":{"type":"Polygon","coordinates":[[[11.0398458,47.471101],[11.039831,47.4710684],[11.0398793,47.4710585],[11.039894,47.471091],[11.0398458,47.471101]]]}},{"type":"Feature","id":"building-243569441","properties":{"kind":"building","name":"Alpine building","height":7.2},"geometry":{"type":"Polygon","coordinates":[[[11.0397244,47.4704753],[11.0395812,47.4704511],[11.0396331,47.4703113],[11.0397763,47.4703356],[11.0397244,47.4704753]]]}},{"type":"Feature","id":"building-243547652","properties":{"kind":"building","name":"Alpine building","height":7.2},"geometry":{"type":"Polygon","coordinates":[[[11.0462837,47.4796342],[11.0462567,47.479527],[11.0464115,47.4795092],[11.0464385,47.4796164],[11.0462837,47.4796342]]]}},{"type":"Feature","id":"building-36384372","properties":{"kind":"building","name":"Kreuzalm","height":7.2},"geometry":{"type":"Polygon","coordinates":[[[11.0722269,47.4522278],[11.0722272,47.4523477],[11.0720864,47.4523479],[11.0720865,47.4523938],[11.0718399,47.4523941],[11.0718396,47.4522887],[11.0717949,47.4522599],[11.0718585,47.4522147],[11.0718925,47.4522365],[11.0719479,47.4522365],[11.0719479,47.4522162],[11.0720847,47.452216],[11.0720847,47.4522279],[11.0722269,47.4522278]]]}},{"type":"Feature","id":"building-255314762","properties":{"kind":"building","name":"Alpine building","height":7.2},"geometry":{"type":"Polygon","coordinates":[[[11.0648366,47.4846476],[11.0649668,47.4847024],[11.0650699,47.4845905],[11.0649398,47.4845357],[11.0648366,47.4846476]]]}},{"type":"Feature","id":"building-255285924","properties":{"kind":"building","name":"Alpine building","height":7.2},"geometry":{"type":"Polygon","coordinates":[[[11.0700679,47.484126],[11.0701487,47.4841517],[11.0701897,47.4840928],[11.0701089,47.4840671],[11.0700679,47.484126]]]}},{"type":"Feature","id":"building-100407987","properties":{"kind":"building","name":"Alpine building","height":7.2},"geometry":{"type":"Polygon","coordinates":[[[11.0569916,47.4839746],[11.0570426,47.4840887],[11.0574092,47.4840138],[11.0573582,47.4838997],[11.0569916,47.4839746]]]}},{"type":"Feature","id":"building-734840487","properties":{"kind":"building","name":"Alpine building","height":7.2},"geometry":{"type":"Polygon","coordinates":[[[11.0695396,47.4842848],[11.0695898,47.4842216],[11.0694295,47.4841634],[11.0693793,47.4842266],[11.0695396,47.4842848]]]}},{"type":"Feature","id":"building-920933414","properties":{"kind":"building","name":"Alpine building","height":7.2},"geometry":{"type":"Polygon","coordinates":[[[11.0417295,47.4752751],[11.0418722,47.4752911],[11.0418919,47.4752109],[11.0417492,47.4751949],[11.0417295,47.4752751]]]}},{"type":"Feature","id":"building-255285921","properties":{"kind":"building","name":"Alpine building","height":7.2},"geometry":{"type":"Polygon","coordinates":[[[11.070719,47.4840204],[11.0708291,47.4840586],[11.0708664,47.4840094],[11.0707563,47.4839712],[11.070719,47.4840204]]]}},{"type":"Feature","id":"building-255285923","properties":{"kind":"building","name":"Alpine building","height":7.2},"geometry":{"type":"Polygon","coordinates":[[[11.0698134,47.4841936],[11.0700302,47.4842696],[11.0701107,47.4841647],[11.0700091,47.4841291],[11.0699913,47.4841438],[11.0698813,47.4841052],[11.0698134,47.4841936]]]}},{"type":"Feature","id":"building-243568996","properties":{"kind":"building","name":"Alpine building","height":7.2},"geometry":{"type":"Polygon","coordinates":[[[11.0396751,47.470575],[11.0395384,47.470551],[11.0395755,47.4704545],[11.0397123,47.4704785],[11.0396751,47.470575]]]}},{"type":"Feature","id":"building-255285920","properties":{"kind":"building","name":"Alpine building","height":7.2},"geometry":{"type":"Polygon","coordinates":[[[11.0703098,47.4841459],[11.0705058,47.4842129],[11.0705499,47.484154],[11.0705808,47.4841646],[11.0707143,47.4839862],[11.0705333,47.4839244],[11.0704389,47.4840505],[11.070393,47.4840349],[11.0703098,47.4841459]]]}},{"type":"Feature","id":"building-255314763","properties":{"kind":"building","name":"Alpine building","height":7.2},"geometry":{"type":"Polygon","coordinates":[[[11.0650653,47.4846638],[11.0652001,47.4847275],[11.0652708,47.4846591],[11.065136,47.4845954],[11.0650653,47.4846638]]]}},{"type":"Feature","id":"building-256613614","properties":{"kind":"building","name":"Trögllift","height":7.2},"geometry":{"type":"Polygon","coordinates":[[[11.0868446,47.4617319],[11.0868401,47.4616924],[11.0868985,47.4616893],[11.0869031,47.4617288],[11.0868446,47.4617319]]]}},{"type":"Feature","id":"building-255180239","properties":{"kind":"building","name":"Alpine building","height":7.2},"geometry":{"type":"Polygon","coordinates":[[[11.0656887,47.4846574],[11.065848,47.4847391],[11.0659633,47.4846363],[11.065804,47.4845547],[11.0656887,47.4846574]]]}},{"type":"Feature","id":"building-255180978","properties":{"kind":"building","name":"Alpine building","height":7.2},"geometry":{"type":"Polygon","coordinates":[[[11.0694907,47.4843463],[11.0695396,47.4842848],[11.0693793,47.4842266],[11.0693304,47.4842882],[11.0694907,47.4843463]]]}},{"type":"Feature","id":"building-230765726","properties":{"kind":"building","name":"Alpine building","height":7.2},"geometry":{"type":"Polygon","coordinates":[[[11.0393097,47.4692053],[11.03924,47.4691418],[11.0393954,47.4690734],[11.0394599,47.4691418],[11.0393097,47.4692053]]]}},{"type":"Feature","id":"building-243548496","properties":{"kind":"building","name":"Alpine building","height":7.2},"geometry":{"type":"Polygon","coordinates":[[[11.0452221,47.4790215],[11.0452717,47.4789297],[11.0452916,47.4789346],[11.0453295,47.4788646],[11.0455349,47.4789153],[11.0454474,47.4790772],[11.0452221,47.4790215]]]}},{"type":"Feature","id":"building-100477873","properties":{"kind":"building","name":"Alpine building","height":7.2},"geometry":{"type":"Polygon","coordinates":[[[11.0779946,47.4817589],[11.0780532,47.4816966],[11.0781291,47.4817292],[11.0780704,47.4817915],[11.0779946,47.4817589]]]}},{"type":"Feature","id":"building-297493822","properties":{"kind":"building","name":"Alpine building","height":7.2},"geometry":{"type":"Polygon","coordinates":[[[11.0440677,47.477908],[11.0440491,47.4780365],[11.0442516,47.4780498],[11.0442701,47.4779214],[11.0440677,47.477908]]]}},{"type":"Feature","id":"building-62091449","properties":{"kind":"building","name":"Alpine building","height":7.2},"geometry":{"type":"Polygon","coordinates":[[[11.0724762,47.4523381],[11.0723845,47.4523361],[11.0723894,47.4522327],[11.0724811,47.4522347],[11.0724762,47.4523381]]]}},{"type":"Feature","id":"building-243548625","properties":{"kind":"building","name":"Alpine building","height":7.2},"geometry":{"type":"Polygon","coordinates":[[[11.0460233,47.4795281],[11.0458994,47.4794861],[11.0459487,47.4794197],[11.0460726,47.4794618],[11.0460233,47.4795281]]]}},{"type":"Feature","id":"building-100865091","properties":{"kind":"building","name":"Alpine building","height":19.6},"geometry":{"type":"Polygon","coordinates":[[[11.0803906,47.4799433],[11.0804455,47.4797512],[11.08068,47.4797776],[11.0807008,47.4796957],[11.0807028,47.4796876],[11.0807865,47.4796922],[11.0807852,47.4797008],[11.0808508,47.4796811],[11.0810052,47.4796963],[11.0810266,47.4797226],[11.0810485,47.4797251],[11.0811169,47.4798086],[11.0811339,47.4798293],[11.0811242,47.4798572],[11.0812118,47.4798715],[11.0812479,47.4798774],[11.081407,47.4798983],[11.0813957,47.4799376],[11.0813818,47.4799858],[11.0813904,47.4799869],[11.0817339,47.4800321],[11.0816791,47.4802224],[11.0816633,47.4802203],[11.081612,47.4803982],[11.0814329,47.4803746],[11.0814341,47.4803672],[11.0814345,47.4803657],[11.0814359,47.4803609],[11.0814438,47.4803341],[11.0814461,47.4803264],[11.0814563,47.4802918],[11.0814641,47.4802651],[11.0814667,47.4802562],[11.0814746,47.4802295],[11.0814806,47.4802088],[11.0814822,47.4802033],[11.0814832,47.4802007],[11.0814336,47.4801949],[11.0813247,47.4801814],[11.08131,47.4801792],[11.0812721,47.4801744],[11.0812457,47.480171],[11.0812173,47.4801673],[11.08124,47.4800883],[11.0812402,47.4800878],[11.0811942,47.4800817],[11.0809371,47.4800479],[11.0809639,47.479948],[11.080709,47.4799212],[11.0806915,47.4799825],[11.0803906,47.4799433]]]}},{"type":"Feature","id":"building-255314751","properties":{"kind":"building","name":"Alpine building","height":7.2},"geometry":{"type":"Polygon","coordinates":[[[11.0688841,47.4844103],[11.0689951,47.4844562],[11.0690558,47.4843892],[11.0689448,47.4843433],[11.0688841,47.4844103]]]}},{"type":"Feature","id":"building-243568884","properties":{"kind":"building","name":"Alpine building","height":7.2},"geometry":{"type":"Polygon","coordinates":[[[11.0395721,47.4706736],[11.039474,47.4706584],[11.0395052,47.4705662],[11.0396033,47.4705814],[11.0395721,47.4706736]]]}},{"type":"Feature","id":"building-255314754","properties":{"kind":"building","name":"Alpine building","height":6.0},"geometry":{"type":"Polygon","coordinates":[[[11.0725468,47.4837176],[11.0725545,47.4837213],[11.0725958,47.4837372],[11.0726078,47.4837409],[11.0726469,47.4836943],[11.0725859,47.4836709],[11.0725468,47.4837176]]]}},{"type":"Feature","id":"building-100240829","properties":{"kind":"building","name":"Service Credit Union - Garmisch Branch","height":7.2},"geometry":{"type":"Polygon","coordinates":[[[11.058309,47.48438],[11.0583898,47.48423],[11.0585796,47.4842766],[11.0584988,47.4844267],[11.058309,47.48438]]]}},{"type":"Feature","id":"building-243547735","properties":{"kind":"building","name":"Alpine building","height":7.2},"geometry":{"type":"Polygon","coordinates":[[[11.0461389,47.4796569],[11.0460813,47.4796353],[11.0461303,47.4795754],[11.046188,47.479597],[11.0461389,47.4796569]]]}},{"type":"Feature","id":"building-100865097","properties":{"kind":"building","name":"Seehaus","height":7.2},"geometry":{"type":"Polygon","coordinates":[[[11.082081,47.4796385],[11.0820617,47.4796281],[11.0820488,47.4796217],[11.0820169,47.479605],[11.0820078,47.4796003],[11.0819959,47.479594],[11.0819833,47.4795875],[11.0819767,47.479584],[11.0819641,47.4795775],[11.0819378,47.4795637],[11.0819252,47.4795571],[11.0819142,47.4795512],[11.0819079,47.4795478],[11.0818953,47.479541],[11.0818996,47.4795366],[11.081907,47.4795297],[11.0819259,47.4795135],[11.081939,47.4795026],[11.081947,47.4794956],[11.0819604,47.479484],[11.081968,47.4794775],[11.0819805,47.4794668],[11.0819906,47.4794584],[11.0820037,47.4794464],[11.0820071,47.4794434],[11.0820161,47.479436],[11.0820233,47.47943],[11.082034,47.4794213],[11.0820856,47.479374],[11.082079,47.4793706],[11.0820774,47.4793698],[11.0820864,47.4793621],[11.08209,47.4793587],[11.0821023,47.4793469],[11.0821094,47.4793402],[11.0821219,47.4793283],[11.0821304,47.4793202],[11.0821429,47.4793083],[11.0821576,47.4792942],[11.0821699,47.4792825],[11.0821887,47.4792646],[11.0821954,47.4792582],[11.0822125,47.4792664],[11.0822201,47.4792587],[11.0822012,47.4792497],[11.0822266,47.4792278],[11.0822484,47.4792092],[11.082252,47.4792052],[11.0823059,47.4792325],[11.082415,47.4792911],[11.0824073,47.4792984],[11.0824148,47.4793021],[11.0824393,47.4793154],[11.0824764,47.4793352],[11.0824869,47.4793257],[11.0825327,47.4792895],[11.082579,47.4792515],[11.0827428,47.4793376],[11.0825867,47.4794732],[11.08247,47.4794094],[11.0824474,47.4793983],[11.0822822,47.4795426],[11.0822254,47.4795128],[11.0821622,47.4795678],[11.082081,47.4796385]]]}},{"type":"Feature","id":"building-243565620","properties":{"kind":"building","name":"Alpine building","height":7.2},"geometry":{"type":"Polygon","coordinates":[[[11.0394788,47.4709427],[11.0394705,47.470802],[11.0396639,47.4707968],[11.0396723,47.4709382],[11.0394788,47.4709427]]]}},{"type":"Feature","id":"building-243548477","properties":{"kind":"building","name":"Alpine building","height":7.2},"geometry":{"type":"Polygon","coordinates":[[[11.0454617,47.4791477],[11.0453749,47.4791256],[11.045404,47.4790732],[11.0454909,47.4790952],[11.0454617,47.4791477]]]}},{"type":"Feature","id":"building-1412123265","properties":{"kind":"building","name":"Alpine building","height":5.0},"geometry":{"type":"Polygon","coordinates":[[[11.0725545,47.4837213],[11.0725958,47.4837372],[11.0725891,47.4837535],[11.0725354,47.4837336],[11.0725545,47.4837213]]]}},{"type":"Feature","id":"building-243547809","properties":{"kind":"building","name":"Alpine building","height":7.2},"geometry":{"type":"Polygon","coordinates":[[[11.0460644,47.4796504],[11.0459798,47.4796185],[11.0460462,47.4795382],[11.0461307,47.4795701],[11.0460644,47.4796504]]]}},{"type":"Feature","id":"building-255285930","properties":{"kind":"building","name":"Alpine building","height":7.2},"geometry":{"type":"Polygon","coordinates":[[[11.0715479,47.4839882],[11.0716144,47.4840126],[11.0716554,47.4839614],[11.0715889,47.483937],[11.0715479,47.4839882]]]}},{"type":"Feature","id":"building-100240809","properties":{"kind":"building","name":"Alpine building","height":7.2},"geometry":{"type":"Polygon","coordinates":[[[11.0609156,47.4846672],[11.0609849,47.4845461],[11.0616079,47.4847088],[11.0615387,47.4848299],[11.0609156,47.4846672]]]}},{"type":"Feature","id":"building-243565575","properties":{"kind":"building","name":"Alpine building","height":7.2},"geometry":{"type":"Polygon","coordinates":[[[11.0398075,47.4711247],[11.0398254,47.4712166],[11.0396192,47.471235],[11.0396238,47.4712586],[11.0394547,47.4712736],[11.0394363,47.4711795],[11.0395624,47.4711683],[11.0395583,47.4711469],[11.0398075,47.4711247]]]}},{"type":"Feature","id":"building-1078275169","properties":{"kind":"building","name":"Alpine building","height":7.2},"geometry":{"type":"Polygon","coordinates":[[[11.0395994,47.470985],[11.0396065,47.471072],[11.0395117,47.4710755],[11.0395046,47.4709885],[11.0395994,47.470985]]]}},{"type":"Feature","id":"building-99925219","properties":{"kind":"building","name":"Alpine building","height":7.2},"geometry":{"type":"Polygon","coordinates":[[[11.0637717,47.4849078],[11.063946,47.4847928],[11.0638182,47.4847043],[11.0636438,47.4848193],[11.0637717,47.4849078]]]}},{"type":"Feature","id":"building-243569918","properties":{"kind":"building","name":"Alpine building","height":7.2},"geometry":{"type":"Polygon","coordinates":[[[11.0394462,47.4704576],[11.0393569,47.4704525],[11.0393601,47.4704272],[11.0393204,47.4704249],[11.0393324,47.4703307],[11.0394614,47.4703382],[11.0394462,47.4704576]]]}},{"type":"Feature","id":"building-255285922","properties":{"kind":"building","name":"Alpine building","height":7.2},"geometry":{"type":"Polygon","coordinates":[[[11.0706831,47.484241],[11.0708749,47.4843024],[11.0709383,47.4842119],[11.070964,47.4842159],[11.0710529,47.484089],[11.0708709,47.4840308],[11.0708027,47.4841281],[11.0707696,47.4841176],[11.0706831,47.484241]]]}},{"type":"Feature","id":"building-255314750","properties":{"kind":"building","name":"Alpine building","height":7.2},"geometry":{"type":"Polygon","coordinates":[[[11.068742,47.4845184],[11.0688692,47.4845646],[11.0689278,47.484491],[11.0688006,47.4844448],[11.068742,47.4845184]]]}},{"type":"Feature","id":"building-255314749","properties":{"kind":"building","name":"Alpine building","height":7.2},"geometry":{"type":"Polygon","coordinates":[[[11.0690486,47.4844981],[11.0690868,47.4845135],[11.0691412,47.4844519],[11.069103,47.4844365],[11.0690486,47.4844981]]]}},{"type":"Feature","id":"building-100865112","properties":{"kind":"building","name":"Haus E","height":13.4},"geometry":{"type":"Polygon","coordinates":[[[11.0809565,47.4802065],[11.080954,47.4802174],[11.0809476,47.4802407],[11.0809456,47.4802481],[11.0809393,47.4802724],[11.0809368,47.4802818],[11.0809308,47.4803049],[11.0809288,47.4803123],[11.0809227,47.4803357],[11.0809192,47.4803493],[11.080913,47.4803728],[11.080911,47.4803805],[11.0809047,47.4804042],[11.080903,47.4804112],[11.0809008,47.4804197],[11.0809,47.480423],[11.0808978,47.4804311],[11.0808972,47.4804328],[11.0811719,47.4804583],[11.0812276,47.4802326],[11.0811979,47.4802301],[11.0810113,47.4802121],[11.0809565,47.4802065]]]}},{"type":"Feature","id":"building-255285931","properties":{"kind":"building","name":"Alpine building","height":7.2},"geometry":{"type":"Polygon","coordinates":[[[11.0718836,47.4839908],[11.0719633,47.4840134],[11.0719988,47.4839562],[11.0719192,47.4839336],[11.0718836,47.4839908]]]}},{"type":"Feature","id":"building-1254837048","properties":{"kind":"building","name":"Alpine building","height":10.3},"geometry":{"type":"Polygon","coordinates":[[[11.0812276,47.4802326],[11.0812381,47.4801971],[11.0812457,47.480171],[11.0812173,47.4801673],[11.0812167,47.4801693],[11.0812115,47.4801862],[11.0811986,47.4802279],[11.0811979,47.4802301],[11.0812276,47.4802326]]]}},{"type":"Feature","id":"building-255180963","properties":{"kind":"building","name":"Alpine building","height":7.2},"geometry":{"type":"Polygon","coordinates":[[[11.0698386,47.4845113],[11.069961,47.4843533],[11.0697898,47.4842927],[11.0696674,47.4844508],[11.0698386,47.4845113]]]}},{"type":"Feature","id":"building-255314764","properties":{"kind":"building","name":"Alpine building","height":7.2},"geometry":{"type":"Polygon","coordinates":[[[11.0651815,47.4849017],[11.065303,47.4849644],[11.0654524,47.4848321],[11.0653479,47.4847783],[11.0653153,47.4848072],[11.0652572,47.4847772],[11.0651878,47.4848386],[11.0652289,47.4848597],[11.0651815,47.4849017]]]}},{"type":"Feature","id":"building-243548670","properties":{"kind":"building","name":"Alpine building","height":7.2},"geometry":{"type":"Polygon","coordinates":[[[11.0458511,47.4796121],[11.0453855,47.4794786],[11.0453525,47.4793215],[11.0455225,47.4793052],[11.0455402,47.4793895],[11.0456737,47.4794277],[11.0456939,47.4793955],[11.0458697,47.4794459],[11.0458287,47.4795112],[11.0459013,47.4795321],[11.0458511,47.4796121]]]}},{"type":"Feature","id":"building-255181026","properties":{"kind":"building","name":"Alpine building","height":7.2},"geometry":{"type":"Polygon","coordinates":[[[11.0695479,47.4844286],[11.0696244,47.4844773],[11.0696644,47.4844487],[11.0695879,47.4843999],[11.0695479,47.4844286]]]}},{"type":"Feature","id":"building-243551211","properties":{"kind":"building","name":"Alpine building","height":7.2},"geometry":{"type":"Polygon","coordinates":[[[11.0463738,47.4799205],[11.0461704,47.4799451],[11.0461552,47.4798873],[11.0462051,47.4798813],[11.046186,47.4798087],[11.046325,47.4797919],[11.046345,47.4798678],[11.0463595,47.4798661],[11.0463738,47.4799205]]]}},{"type":"Feature","id":"building-243570238","properties":{"kind":"building","name":"Alpine building","height":7.2},"geometry":{"type":"Polygon","coordinates":[[[11.0393474,47.4704325],[11.0393441,47.4704538],[11.039357,47.4704547],[11.0393434,47.4705434],[11.0392141,47.4705344],[11.039231,47.4704243],[11.0393474,47.4704325]]]}},{"type":"Feature","id":"building-734587169","properties":{"kind":"building","name":"Alpine building","height":7.2},"geometry":{"type":"Polygon","coordinates":[[[11.0391652,47.4701547],[11.0392851,47.470149],[11.0392754,47.4700545],[11.0391555,47.4700602],[11.0391652,47.4701547]]]}},{"type":"Feature","id":"building-99925117","properties":{"kind":"building","name":"Alpine building","height":7.2},"geometry":{"type":"Polygon","coordinates":[[[11.067634,47.485065],[11.0680052,47.4847552],[11.0678091,47.4846479],[11.0675307,47.4848803],[11.0672922,47.4847497],[11.0675682,47.4845194],[11.0673676,47.4844096],[11.0669988,47.4847174],[11.067634,47.485065]]]}},{"type":"Feature","id":"building-99925195","properties":{"kind":"building","name":"Alpine building","height":7.2},"geometry":{"type":"Polygon","coordinates":[[[11.0627464,47.4850351],[11.0625663,47.48499],[11.062727,47.484697],[11.0629072,47.4847421],[11.0627464,47.4850351]]]}},{"type":"Feature","id":"building-62091443","properties":{"kind":"building","name":"Alpine building","height":7.2},"geometry":{"type":"Polygon","coordinates":[[[11.0721203,47.4519681],[11.0720572,47.4520566],[11.0722196,47.452111],[11.0722827,47.4520226],[11.0721203,47.4519681]]]}},{"type":"Feature","id":"building-100477875","properties":{"kind":"building","name":"Alpine building","height":7.2},"geometry":{"type":"Polygon","coordinates":[[[11.0776731,47.4821541],[11.0777627,47.4820046],[11.0779075,47.4820442],[11.077818,47.4821937],[11.0776731,47.4821541]]]}},{"type":"Feature","id":"building-255314747","properties":{"kind":"building","name":"Alpine building","height":7.2},"geometry":{"type":"Polygon","coordinates":[[[11.0691265,47.484616],[11.0693043,47.4846946],[11.0694343,47.4845602],[11.0691752,47.4844458],[11.0691285,47.4844941],[11.0692097,47.48453],[11.0691265,47.484616]]]}},{"type":"Feature","id":"building-255180293","properties":{"kind":"building","name":"Alpine building","height":7.2},"geometry":{"type":"Polygon","coordinates":[[[11.0687652,47.4846943],[11.0688257,47.484617],[11.0686804,47.484565],[11.0686199,47.4846423],[11.0687652,47.4846943]]]}},{"type":"Feature","id":"building-242714181","properties":{"kind":"building","name":"Alpine building","height":7.2},"geometry":{"type":"Polygon","coordinates":[[[11.041105,47.4748457],[11.0409299,47.474843],[11.0409346,47.4747071],[11.0411096,47.4747099],[11.041105,47.4748457]]]}},{"type":"Feature","id":"building-243566080","properties":{"kind":"building","name":"Alpine building","height":7.2},"geometry":{"type":"Polygon","coordinates":[[[11.0392903,47.470871],[11.0392102,47.4708718],[11.039208,47.4707773],[11.0392881,47.4707765],[11.0392903,47.470871]]]}},{"type":"Feature","id":"building-198747318","properties":{"kind":"building","name":"Alpine building","height":7.2},"geometry":{"type":"Polygon","coordinates":[[[11.0774338,47.4824485],[11.0774835,47.4823758],[11.0772893,47.4823151],[11.0772396,47.4823878],[11.0774338,47.4824485]]]}},{"type":"Feature","id":"building-255314755","properties":{"kind":"building","name":"Alpine building","height":5.0},"geometry":{"type":"Polygon","coordinates":[[[11.0730604,47.4838465],[11.0731411,47.4838721],[11.0731841,47.4838103],[11.0731035,47.4837846],[11.0730604,47.4838465]]]}},{"type":"Feature","id":"building-255180302","properties":{"kind":"building","name":"Alpine building","height":7.2},"geometry":{"type":"Polygon","coordinates":[[[11.0657828,47.4850262],[11.0659272,47.4851059],[11.0662427,47.4848447],[11.0660983,47.484765],[11.0657828,47.4850262]]]}},{"type":"Feature","id":"building-243550949","properties":{"kind":"building","name":"Alpine building","height":7.2},"geometry":{"type":"Polygon","coordinates":[[[11.046001,47.479894],[11.0459383,47.4798765],[11.0459787,47.4798102],[11.0460414,47.4798277],[11.046001,47.479894]]]}},{"type":"Feature","id":"building-243570360","properties":{"kind":"building","name":"Alpine building","height":7.2},"geometry":{"type":"Polygon","coordinates":[[[11.0392164,47.4706786],[11.039046,47.4706673],[11.0390545,47.4706089],[11.0392249,47.4706202],[11.0392164,47.4706786]]]}},{"type":"Feature","id":"building-243551079","properties":{"kind":"building","name":"Alpine building","height":7.2},"geometry":{"type":"Polygon","coordinates":[[[11.0467964,47.4803361],[11.0464333,47.4803964],[11.046378,47.4802444],[11.0467411,47.4801841],[11.0467964,47.4803361]]]}},{"type":"Feature","id":"building-243565906","properties":{"kind":"building","name":"Alpine building","height":7.2},"geometry":{"type":"Polygon","coordinates":[[[11.0393994,47.4713849],[11.0392349,47.4713842],[11.0392355,47.471327],[11.0394,47.4713277],[11.0393994,47.4713849]]]}},{"type":"Feature","id":"building-243548605","properties":{"kind":"building","name":"Alpine building","height":7.2},"geometry":{"type":"Polygon","coordinates":[[[11.0455632,47.4796488],[11.0455331,47.4796117],[11.0456003,47.4795868],[11.0456304,47.479624],[11.0455632,47.4796488]]]}},{"type":"Feature","id":"building-243551183","properties":{"kind":"building","name":"Alpine building","height":7.2},"geometry":{"type":"Polygon","coordinates":[[[11.0460932,47.4800412],[11.0460438,47.4799759],[11.0461272,47.4799471],[11.0461766,47.4800124],[11.0460932,47.4800412]]]}},{"type":"Feature","id":"building-100865105","properties":{"kind":"building","name":"Alpine building","height":7.2},"geometry":{"type":"Polygon","coordinates":[[[11.0751157,47.4833314],[11.075065,47.4832856],[11.0751419,47.4832467],[11.0751926,47.4832924],[11.0751157,47.4833314]]]}},{"type":"Feature","id":"building-255180273","properties":{"kind":"building","name":"Alpine building","height":7.2},"geometry":{"type":"Polygon","coordinates":[[[11.0663574,47.4849457],[11.0665497,47.4850615],[11.0666665,47.4849729],[11.0664743,47.4848571],[11.0663574,47.4849457]]]}},{"type":"Feature","id":"building-920930016","properties":{"kind":"building","name":"Alpine building","height":7.2},"geometry":{"type":"Polygon","coordinates":[[[11.045654,47.4797317],[11.0457108,47.4796709],[11.0456207,47.4796325],[11.0455639,47.4796933],[11.045654,47.4797317]]]}},{"type":"Feature","id":"building-255180288","properties":{"kind":"building","name":"Alpine building","height":7.2},"geometry":{"type":"Polygon","coordinates":[[[11.0685387,47.4847766],[11.0686712,47.4848257],[11.0687442,47.4847357],[11.0686117,47.4846866],[11.0685387,47.4847766]]]}},{"type":"Feature","id":"building-255181036","properties":{"kind":"building","name":"Alpine building","height":7.2},"geometry":{"type":"Polygon","coordinates":[[[11.0699129,47.4846117],[11.0700995,47.4846782],[11.0702482,47.4844877],[11.0700615,47.4844212],[11.0699129,47.4846117]]]}},{"type":"Feature","id":"building-243566075","properties":{"kind":"building","name":"Alpine building","height":7.2},"geometry":{"type":"Polygon","coordinates":[[[11.0391325,47.4707991],[11.0390935,47.4708011],[11.0390896,47.4707674],[11.0391286,47.4707653],[11.0391325,47.4707991]]]}},{"type":"Feature","id":"building-242714115","properties":{"kind":"building","name":"Alpine building","height":7.2},"geometry":{"type":"Polygon","coordinates":[[[11.041339,47.4754965],[11.0411787,47.4754728],[11.0412078,47.4753546],[11.0413739,47.4753763],[11.041339,47.4754965]]]}},{"type":"Feature","id":"building-255285932","properties":{"kind":"building","name":"Alpine building","height":7.2},"geometry":{"type":"Polygon","coordinates":[[[11.0713396,47.4842196],[11.0715192,47.4842806],[11.0714338,47.4843953],[11.0712985,47.4843493],[11.0712613,47.4843993],[11.0711991,47.4843781],[11.0712363,47.4843281],[11.0712543,47.4843342],[11.0713396,47.4842196]]]}},{"type":"Feature","id":"building-243566254","properties":{"kind":"building","name":"Alpine building","height":7.2},"geometry":{"type":"Polygon","coordinates":[[[11.0393064,47.4709623],[11.0392427,47.4709638],[11.0392444,47.4709963],[11.0391008,47.4709997],[11.0391015,47.4710147],[11.0389729,47.4710178],[11.038968,47.4709239],[11.0390466,47.470922],[11.0390452,47.4708955],[11.0393026,47.4708893],[11.0393064,47.4709623]]]}},{"type":"Feature","id":"building-230765728","properties":{"kind":"building","name":"Alpine building","height":7.2},"geometry":{"type":"Polygon","coordinates":[[[11.038622,47.4688869],[11.0387275,47.4689828],[11.0387764,47.4689605],[11.0388241,47.4690042],[11.0389634,47.4689348],[11.0388843,47.4688623],[11.0387913,47.4689086],[11.0387133,47.4688371],[11.038622,47.4688869]]]}},{"type":"Feature","id":"building-255314765","properties":{"kind":"building","name":"Alpine building","height":7.2},"geometry":{"type":"Polygon","coordinates":[[[11.0638509,47.4850808],[11.0640056,47.4851714],[11.0641517,47.4850575],[11.0639971,47.4849669],[11.0638509,47.4850808]]]}},{"type":"Feature","id":"building-255180987","properties":{"kind":"building","name":"Alpine building","height":7.2},"geometry":{"type":"Polygon","coordinates":[[[11.0702582,47.4845423],[11.0703498,47.4845703],[11.0703913,47.4845083],[11.0702997,47.4844803],[11.0702582,47.4845423]]]}},{"type":"Feature","id":"building-255180260","properties":{"kind":"building","name":"Alpine building","height":7.2},"geometry":{"type":"Polygon","coordinates":[[[11.0689554,47.4847405],[11.0691199,47.4848113],[11.0691982,47.4847282],[11.0690336,47.4846574],[11.0689554,47.4847405]]]}},{"type":"Feature","id":"building-255314748","properties":{"kind":"building","name":"Alpine building","height":7.2},"geometry":{"type":"Polygon","coordinates":[[[11.0693712,47.484736],[11.0694456,47.4847763],[11.0695743,47.4846678],[11.0694675,47.48461],[11.069387,47.4846778],[11.0694194,47.4846953],[11.0693712,47.484736]]]}},{"type":"Feature","id":"building-99925146","properties":{"kind":"building","name":"Alpine building","height":7.2},"geometry":{"type":"Polygon","coordinates":[[[11.0624545,47.485082],[11.0624955,47.4850089],[11.0627062,47.4850629],[11.0626651,47.485136],[11.0624545,47.485082]]]}},{"type":"Feature","id":"building-100240814","properties":{"kind":"building","name":"Alpine building","height":7.2},"geometry":{"type":"Polygon","coordinates":[[[11.0601396,47.4851717],[11.0596741,47.4850534],[11.0596545,47.4850886],[11.0590795,47.4849424],[11.0591025,47.4849012],[11.0588237,47.4848304],[11.0588016,47.48487],[11.0586301,47.4848264],[11.058719,47.4846667],[11.0591601,47.4847789],[11.0591901,47.484725],[11.0600786,47.484951],[11.0604363,47.4843085],[11.0605974,47.4843495],[11.0601396,47.4851717]]]}},{"type":"Feature","id":"building-100865099","properties":{"kind":"building","name":"Alpine building","height":7.2},"geometry":{"type":"Polygon","coordinates":[[[11.0758172,47.4831832],[11.0757267,47.4831448],[11.0757951,47.4830712],[11.0758856,47.4831095],[11.0758172,47.4831832]]]}},{"type":"Feature","id":"building-230765724","properties":{"kind":"building","name":"Fewos Gästehaus Klotz","height":7.2},"geometry":{"type":"Polygon","coordinates":[[[11.0387419,47.469273],[11.038882,47.4691978],[11.0387753,47.4691066],[11.0386896,47.4691528],[11.0387182,47.4691771],[11.0386636,47.4692064],[11.0387419,47.469273]]]}},{"type":"Feature","id":"building-243570370","properties":{"kind":"building","name":"Alpine building","height":7.2},"geometry":{"type":"Polygon","coordinates":[[[11.0390627,47.4705924],[11.0388533,47.4705832],[11.0388615,47.4704971],[11.0389381,47.4705005],[11.0389396,47.4704842],[11.0390725,47.47049],[11.0390627,47.4705924]]]}},{"type":"Feature","id":"building-243565962","properties":{"kind":"building","name":"Alpine building","height":7.2},"geometry":{"type":"Polygon","coordinates":[[[11.0392261,47.4713071],[11.0389737,47.471291],[11.0389898,47.471176],[11.0390759,47.4711815],[11.0390781,47.4711658],[11.0391964,47.4711733],[11.0391989,47.4711553],[11.0392469,47.4711584],[11.0392261,47.4713071]]]}},{"type":"Feature","id":"building-255314766","properties":{"kind":"building","name":"Alpine building","height":7.2},"geometry":{"type":"Polygon","coordinates":[[[11.0641349,47.485169],[11.0642713,47.4852509],[11.0644718,47.4850984],[11.0643354,47.4850165],[11.0641349,47.485169]]]}},{"type":"Feature","id":"building-905991316","properties":{"kind":"building","name":"Alpine building","height":7.2},"geometry":{"type":"Polygon","coordinates":[[[11.0841966,47.4577342],[11.0842862,47.4577616],[11.0843371,47.4576854],[11.0842475,47.457658],[11.0841966,47.4577342]]]}},{"type":"Feature","id":"building-100477843","properties":{"kind":"building","name":"Alpine building","height":7.2},"geometry":{"type":"Polygon","coordinates":[[[11.0799935,47.4812967],[11.0799963,47.4812454],[11.0801155,47.4812484],[11.0801127,47.4812997],[11.0799935,47.4812967]]]}},{"type":"Feature","id":"building-255181006","properties":{"kind":"building","name":"Alpine building","height":7.2},"geometry":{"type":"Polygon","coordinates":[[[11.070197,47.4846383],[11.0703215,47.4846766],[11.0703543,47.4846278],[11.0702298,47.4845896],[11.070197,47.4846383]]]}},{"type":"Feature","id":"building-255180253","properties":{"kind":"building","name":"Alpine building","height":7.2},"geometry":{"type":"Polygon","coordinates":[[[11.0685087,47.4849644],[11.0686177,47.4848864],[11.0685158,47.4848213],[11.0684068,47.4848993],[11.0685087,47.4849644]]]}},{"type":"Feature","id":"building-255180279","properties":{"kind":"building","name":"Alpine building","height":7.2},"geometry":{"type":"Polygon","coordinates":[[[11.0666479,47.485029],[11.0665699,47.4850953],[11.0666514,47.4851391],[11.0667294,47.4850728],[11.0666479,47.485029]]]}},{"type":"Feature","id":"building-230765732","properties":{"kind":"building","name":"Alpine building","height":7.2},"geometry":{"type":"Polygon","coordinates":[[[11.0386278,47.4691862],[11.0386896,47.4691528],[11.0387753,47.4691066],[11.0386499,47.4690004],[11.0386043,47.468995],[11.0385245,47.4690381],[11.0385668,47.4690738],[11.038523,47.4690975],[11.0386278,47.4691862]]]}},{"type":"Feature","id":"building-255314746","properties":{"kind":"building","name":"Alpine building","height":7.2},"geometry":{"type":"Polygon","coordinates":[[[11.0695715,47.4847739],[11.0696745,47.484821],[11.0697414,47.4847542],[11.0696384,47.4847071],[11.0695715,47.4847739]]]}},{"type":"Feature","id":"building-255180317","properties":{"kind":"building","name":"Alpine building","height":7.2},"geometry":{"type":"Polygon","coordinates":[[[11.0692631,47.4848329],[11.0693847,47.4848837],[11.0694574,47.4848043],[11.0693358,47.4847535],[11.0692631,47.4848329]]]}},{"type":"Feature","id":"building-255180926","properties":{"kind":"building","name":"Alpine building","height":7.2},"geometry":{"type":"Polygon","coordinates":[[[11.0704424,47.4845408],[11.0703607,47.4846324],[11.0705923,47.4847269],[11.0706741,47.4846354],[11.0704424,47.4845408]]]}},{"type":"Feature","id":"building-100240813","properties":{"kind":"building","name":"Alpine building","height":7.2},"geometry":{"type":"Polygon","coordinates":[[[11.0616079,47.4852225],[11.0614473,47.4851804],[11.0615256,47.4850441],[11.0616861,47.4850862],[11.0616079,47.4852225]]]}},{"type":"Feature","id":"building-255181050","properties":{"kind":"building","name":"Alpine building","height":7.2},"geometry":{"type":"Polygon","coordinates":[[[11.0701817,47.484758],[11.0702363,47.4846989],[11.0701546,47.4846644],[11.0701,47.4847234],[11.0701817,47.484758]]]}},{"type":"Feature","id":"building-242713555","properties":{"kind":"building","name":"Alpine building","height":7.2},"geometry":{"type":"Polygon","coordinates":[[[11.0421099,47.4768925],[11.0420557,47.4768446],[11.0421573,47.4767921],[11.0422115,47.4768401],[11.0421099,47.4768925]]]}},{"type":"Feature","id":"building-255180933","properties":{"kind":"building","name":"Alpine building","height":7.2},"geometry":{"type":"Polygon","coordinates":[[[11.0711914,47.4844434],[11.0711314,47.4845264],[11.071315,47.484587],[11.071375,47.4845039],[11.0711914,47.4844434]]]}},{"type":"Feature","id":"building-255180283","properties":{"kind":"building","name":"Alpine building","height":7.2},"geometry":{"type":"Polygon","coordinates":[[[11.068575,47.4849427],[11.0686434,47.4849918],[11.0687176,47.4849446],[11.0686492,47.4848955],[11.068575,47.4849427]]]}},{"type":"Feature","id":"building-1154057531","properties":{"kind":"building","name":"Alpine building","height":7.2},"geometry":{"type":"Polygon","coordinates":[[[11.0385591,47.4689876],[11.0385043,47.468963],[11.0385335,47.4689333],[11.0385883,47.4689579],[11.0385591,47.4689876]]]}},{"type":"Feature","id":"building-255314767","properties":{"kind":"building","name":"Alpine building","height":7.2},"geometry":{"type":"Polygon","coordinates":[[[11.0644074,47.4852631],[11.0645521,47.4853455],[11.0647183,47.4852124],[11.0645735,47.4851299],[11.0644074,47.4852631]]]}},{"type":"Feature","id":"building-230765723","properties":{"kind":"building","name":"Alpine building","height":7.2},"geometry":{"type":"Polygon","coordinates":[[[11.0384461,47.46868],[11.0383897,47.4687514],[11.0384761,47.4687826],[11.0385024,47.4687493],[11.0386305,47.4687955],[11.0386606,47.4687574],[11.0384461,47.46868]]]}},{"type":"Feature","id":"building-255314752","properties":{"kind":"building","name":"Alpine building","height":7.2},"geometry":{"type":"Polygon","coordinates":[[[11.0672719,47.4850902],[11.0673629,47.4851426],[11.0674082,47.4851067],[11.0673172,47.4850543],[11.0672719,47.4850902]]]}},{"type":"Feature","id":"building-255314756","properties":{"kind":"building","name":"Alpine building","height":7.2},"geometry":{"type":"Polygon","coordinates":[[[11.0734317,47.4840262],[11.0734924,47.4840432],[11.073515,47.4840063],[11.0734542,47.4839893],[11.0734317,47.4840262]]]}},{"type":"Feature","id":"building-255314737","properties":{"kind":"building","name":"Alpine building","height":7.2},"geometry":{"type":"Polygon","coordinates":[[[11.0688627,47.4849625],[11.0689508,47.4850214],[11.0689745,47.4850053],[11.0690775,47.484935],[11.0691215,47.484905],[11.0689799,47.4848102],[11.0689372,47.4848394],[11.0689907,47.4848752],[11.0688627,47.4849625]]]}},{"type":"Feature","id":"building-243550989","properties":{"kind":"building","name":"Alpine building","height":7.2},"geometry":{"type":"Polygon","coordinates":[[[11.046075,47.4802817],[11.045779,47.4802284],[11.0458033,47.4801669],[11.045762,47.4801594],[11.0458044,47.480052],[11.0461416,47.4801128],[11.046075,47.4802817]]]}},{"type":"Feature","id":"building-255314738","properties":{"kind":"building","name":"Alpine building","height":7.2},"geometry":{"type":"Polygon","coordinates":[[[11.0691309,47.4849111],[11.0691993,47.4849574],[11.0692726,47.4849078],[11.0691814,47.4848462],[11.0691227,47.4848858],[11.0691459,47.4848977],[11.0691309,47.4849111]]]}},{"type":"Feature","id":"building-243548940","properties":{"kind":"building","name":"Alpine building","height":7.2},"geometry":{"type":"Polygon","coordinates":[[[11.0450697,47.4797405],[11.045058,47.4796441],[11.0450451,47.4796351],[11.0451209,47.4795854],[11.0451789,47.4796258],[11.0453282,47.4796175],[11.0453413,47.4797255],[11.0450697,47.4797405]]]}},{"type":"Feature","id":"building-242714241","properties":{"kind":"building","name":"Alpine building","height":7.2},"geometry":{"type":"Polygon","coordinates":[[[11.0404951,47.4747508],[11.0403971,47.4747468],[11.040405,47.4746577],[11.0405254,47.4746626],[11.040519,47.4747347],[11.0404966,47.4747338],[11.0404951,47.4747508]]]}},{"type":"Feature","id":"building-100240811","properties":{"kind":"building","name":"Alpine building","height":7.2},"geometry":{"type":"Polygon","coordinates":[[[11.0578869,47.4849656],[11.0579978,47.4849954],[11.0581981,47.4846343],[11.0580872,47.4846044],[11.0578869,47.4849656]]]}},{"type":"Feature","id":"building-100862561","properties":{"kind":"building","name":"Alpine building","height":7.2},"geometry":{"type":"Polygon","coordinates":[[[11.0777547,47.4824987],[11.0778115,47.4824156],[11.078087,47.4825017],[11.0780302,47.4825848],[11.0777547,47.4824987]]]}},{"type":"Feature","id":"building-243550825","properties":{"kind":"building","name":"Alpine building","height":7.2},"geometry":{"type":"Polygon","coordinates":[[[11.0456119,47.4800544],[11.0454553,47.4800285],[11.0455015,47.4799013],[11.0456581,47.4799273],[11.0456119,47.4800544]]]}},{"type":"Feature","id":"building-99925201","properties":{"kind":"building","name":"Alpine building","height":7.2},"geometry":{"type":"Polygon","coordinates":[[[11.0627056,47.4852443],[11.062767,47.485156],[11.0632541,47.4853107],[11.0631927,47.485399],[11.0627056,47.4852443]]]}},{"type":"Feature","id":"building-100865113","properties":{"kind":"building","name":"Alpine building","height":7.2},"geometry":{"type":"Polygon","coordinates":[[[11.0770459,47.4829334],[11.0769556,47.482887],[11.0770191,47.4828306],[11.0771093,47.4828769],[11.0770459,47.4829334]]]}},{"type":"Feature","id":"building-243566034","properties":{"kind":"building","name":"Alpine building","height":7.2},"geometry":{"type":"Polygon","coordinates":[[[11.0389371,47.4712457],[11.0387703,47.4712369],[11.0387496,47.4711582],[11.0388485,47.4711463],[11.0388533,47.4711647],[11.0389459,47.4711696],[11.0389371,47.4712457]]]}},{"type":"Feature","id":"building-1154057942","properties":{"kind":"building","name":"Alpine building","height":7.2},"geometry":{"type":"Polygon","coordinates":[[[11.0384756,47.4688875],[11.0383425,47.4688314],[11.0383874,47.4687828],[11.0385205,47.4688388],[11.0384756,47.4688875]]]}},{"type":"Feature","id":"building-255314757","properties":{"kind":"building","name":"Alpine building","height":7.2},"geometry":{"type":"Polygon","coordinates":[[[11.0736517,47.4840254],[11.0737266,47.4840479],[11.0737531,47.4840074],[11.0736782,47.483985],[11.0736517,47.4840254]]]}},{"type":"Feature","id":"building-230765725","properties":{"kind":"building","name":"Alpine building","height":7.2},"geometry":{"type":"Polygon","coordinates":[[[11.0384524,47.4690195],[11.038498,47.4689815],[11.0384525,47.4689566],[11.0384692,47.4689479],[11.0383797,47.4688989],[11.0383212,47.4689477],[11.0384524,47.4690195]]]}},{"type":"Feature","id":"building-255180247","properties":{"kind":"building","name":"Alpine building","height":7.2},"geometry":{"type":"Polygon","coordinates":[[[11.0687203,47.4850871],[11.06884,47.4850077],[11.0687573,47.4849508],[11.0686377,47.4850303],[11.0687203,47.4850871]]]}},{"type":"Feature","id":"building-100477844","properties":{"kind":"building","name":"Haus Rießersee","height":4.1},"geometry":{"type":"Polygon","coordinates":[[[11.0802635,47.4813693],[11.0802754,47.4812777],[11.0805027,47.4812912],[11.0804909,47.4813828],[11.0802635,47.4813693]]]}},{"type":"Feature","id":"building-255181058","properties":{"kind":"building","name":"Alpine building","height":7.2},"geometry":{"type":"Polygon","coordinates":[[[11.0711985,47.4847204],[11.0712456,47.4846595],[11.0710372,47.4845858],[11.07099,47.4846467],[11.0711985,47.4847204]]]}},{"type":"Feature","id":"building-255180277","properties":{"kind":"building","name":"Alpine building","height":7.2},"geometry":{"type":"Polygon","coordinates":[[[11.0690437,47.4850516],[11.0691467,47.4849813],[11.0690775,47.484935],[11.0689745,47.4850053],[11.0690437,47.4850516]]]}},{"type":"Feature","id":"building-255314744","properties":{"kind":"building","name":"Alpine building","height":7.2},"geometry":{"type":"Polygon","coordinates":[[[11.0697253,47.4848888],[11.0697997,47.484926],[11.0698168,47.4849104],[11.0698448,47.4849245],[11.0699267,47.48485],[11.0698243,47.4847986],[11.0697253,47.4848888]]]}},{"type":"Feature","id":"building-243550962","properties":{"kind":"building","name":"Alpine building","height":7.2},"geometry":{"type":"Polygon","coordinates":[[[11.0460175,47.4803612],[11.0459374,47.4803583],[11.0459413,47.4803098],[11.0460214,47.4803127],[11.0460175,47.4803612]]]}},{"type":"Feature","id":"building-255181045","properties":{"kind":"building","name":"Alpine building","height":7.2},"geometry":{"type":"Polygon","coordinates":[[[11.0703172,47.4847004],[11.0702338,47.4848045],[11.0704436,47.4848813],[11.070527,47.4847772],[11.0703172,47.4847004]]]}},{"type":"Feature","id":"building-255314740","properties":{"kind":"building","name":"Alpine building","height":7.2},"geometry":{"type":"Polygon","coordinates":[[[11.0691291,47.4850234],[11.0692059,47.4850695],[11.0693488,47.4849608],[11.0693926,47.4849871],[11.0694447,47.4849475],[11.0693767,47.4849067],[11.0693702,47.4849133],[11.06931,47.4848858],[11.0691291,47.4850234]]]}},{"type":"Feature","id":"building-255314745","properties":{"kind":"building","name":"Alpine building","height":7.2},"geometry":{"type":"Polygon","coordinates":[[[11.0699858,47.4848591],[11.0700367,47.4848844],[11.0700675,47.4848561],[11.0700167,47.4848308],[11.0699858,47.4848591]]]}},{"type":"Feature","id":"building-243570434","properties":{"kind":"building","name":"Hotel-Restaurant Richter","height":7.2},"geometry":{"type":"Polygon","coordinates":[[[11.0386272,47.4706429],[11.0384107,47.4706056],[11.038459,47.4704775],[11.0385247,47.4704889],[11.0385783,47.4703467],[11.0386659,47.4703618],[11.0386728,47.4703434],[11.0387359,47.4703543],[11.0386272,47.4706429]]]}},{"type":"Feature","id":"building-255180316","properties":{"kind":"building","name":"Alpine building","height":7.2},"geometry":{"type":"Polygon","coordinates":[[[11.068213,47.4852239],[11.0683593,47.4851138],[11.0682417,47.4850425],[11.0680954,47.4851526],[11.068213,47.4852239]]]}},{"type":"Feature","id":"building-243566336","properties":{"kind":"building","name":"Alpine building","height":7.2},"geometry":{"type":"Polygon","coordinates":[[[11.0385755,47.4710615],[11.0385817,47.470958],[11.0388087,47.4709642],[11.0388025,47.4710677],[11.0385755,47.4710615]]]}},{"type":"Feature","id":"building-243548864","properties":{"kind":"building","name":"Alpine building","height":7.2},"geometry":{"type":"Polygon","coordinates":[[[11.0450667,47.4797405],[11.044962,47.4797467],[11.0449528,47.4796762],[11.0450574,47.47967],[11.0450667,47.4797405]]]}},{"type":"Feature","id":"building-100865090","properties":{"kind":"building","name":"Alpine building","height":7.2},"geometry":{"type":"Polygon","coordinates":[[[11.0771875,47.4829965],[11.0770934,47.4829499],[11.0771669,47.4828822],[11.077261,47.4829288],[11.0771875,47.4829965]]]}},{"type":"Feature","id":"building-255314768","properties":{"kind":"building","name":"Alpine building","height":7.2},"geometry":{"type":"Polygon","coordinates":[[[11.0646287,47.4854166],[11.0647536,47.4854884],[11.064921,47.4853553],[11.0647961,47.4852836],[11.0646287,47.4854166]]]}},{"type":"Feature","id":"building-255181043","properties":{"kind":"building","name":"Alpine building","height":7.2},"geometry":{"type":"Polygon","coordinates":[[[11.0718973,47.4845674],[11.072097,47.4846342],[11.0722063,47.4844851],[11.0720066,47.4844183],[11.0718973,47.4845674]]]}},{"type":"Feature","id":"building-255180307","properties":{"kind":"building","name":"Alpine building","height":10.3},"geometry":{"type":"Polygon","coordinates":[[[11.0668527,47.4851632],[11.0667346,47.4852542],[11.0670229,47.4854251],[11.067141,47.4853341],[11.0668527,47.4851632]]]}},{"type":"Feature","id":"building-255318377","properties":{"kind":"building","name":"Alpine building","height":7.2},"geometry":{"type":"Polygon","coordinates":[[[11.0661006,47.4854143],[11.0662684,47.4854028],[11.0662737,47.4854379],[11.0664054,47.4854289],[11.0663924,47.485342],[11.0663316,47.4853462],[11.0663104,47.4852049],[11.0660717,47.4852212],[11.0661006,47.4854143]]]}},{"type":"Feature","id":"building-100240820","properties":{"kind":"building","name":"Alpine building","height":7.2},"geometry":{"type":"Polygon","coordinates":[[[11.0576453,47.4851473],[11.0574687,47.4851005],[11.0577423,47.484629],[11.0579189,47.4846758],[11.0576453,47.4851473]]]}},{"type":"Feature","id":"building-100240812","properties":{"kind":"building","name":"Alpine building","height":7.2},"geometry":{"type":"Polygon","coordinates":[[[11.0615906,47.4856417],[11.0620638,47.4857581],[11.0621378,47.4856209],[11.0618474,47.4855494],[11.0622324,47.4848349],[11.0620496,47.4847899],[11.0615906,47.4856417]]]}},{"type":"Feature","id":"building-99925213","properties":{"kind":"building","name":"Alpine building","height":7.2},"geometry":{"type":"Polygon","coordinates":[[[11.0622269,47.4853559],[11.0623143,47.4852272],[11.0629719,47.4854313],[11.0628845,47.48556],[11.0622269,47.4853559]]]}},{"type":"Feature","id":"building-255314741","properties":{"kind":"building","name":"Alpine building","height":7.2},"geometry":{"type":"Polygon","coordinates":[[[11.0694856,47.4850152],[11.0695724,47.4850599],[11.0695946,47.4850403],[11.0696228,47.4850548],[11.0697044,47.4849826],[11.0695894,47.4849233],[11.0694856,47.4850152]]]}},{"type":"Feature","id":"building-243548851","properties":{"kind":"building","name":"Alpine building","height":7.2},"geometry":{"type":"Polygon","coordinates":[[[11.0449285,47.4797722],[11.044876,47.4797699],[11.0448816,47.4797116],[11.0448403,47.4797098],[11.0448466,47.4796441],[11.0449403,47.4796482],[11.0449285,47.4797722]]]}},{"type":"Feature","id":"building-255180261","properties":{"kind":"building","name":"Alpine building","height":7.2},"geometry":{"type":"Polygon","coordinates":[[[11.0688827,47.4851868],[11.0689981,47.4851117],[11.0689299,47.4850638],[11.0688145,47.4851389],[11.0688827,47.4851868]]]}},{"type":"Feature","id":"building-255180901","properties":{"kind":"building","name":"Alpine building","height":7.2},"geometry":{"type":"Polygon","coordinates":[[[11.0713444,47.484721],[11.0715782,47.4847919],[11.0716576,47.4846724],[11.0714237,47.4846015],[11.0713444,47.484721]]]}},{"type":"Feature","id":"building-255314739","properties":{"kind":"building","name":"Alpine building","height":7.2},"geometry":{"type":"Polygon","coordinates":[[[11.0690192,47.4851189],[11.0691061,47.4851686],[11.0691945,47.485098],[11.0691077,47.4850483],[11.0690192,47.4851189]]]}},{"type":"Feature","id":"building-255285934","properties":{"kind":"building","name":"Alpine building","height":7.0},"geometry":{"type":"Polygon","coordinates":[[[11.0728443,47.4843953],[11.072964,47.4844282],[11.0730047,47.4843606],[11.072885,47.4843277],[11.0728443,47.4843953]]]}},{"type":"Feature","id":"building-255314742","properties":{"kind":"building","name":"Alpine building","height":7.2},"geometry":{"type":"Polygon","coordinates":[[[11.0698107,47.485036],[11.0698963,47.485079],[11.0699711,47.4850111],[11.0698683,47.4849594],[11.0698357,47.484989],[11.0698529,47.4849976],[11.0698107,47.485036]]]}},{"type":"Feature","id":"building-255180328","properties":{"kind":"building","name":"Alpine building","height":7.2},"geometry":{"type":"Polygon","coordinates":[[[11.0707826,47.4848633],[11.0709792,47.484934],[11.0710766,47.4848105],[11.07088,47.4847397],[11.0707826,47.4848633]]]}},{"type":"Feature","id":"building-100862586","properties":{"kind":"building","name":"Alpine building","height":7.2},"geometry":{"type":"Polygon","coordinates":[[[11.0783128,47.4825364],[11.0783617,47.4824771],[11.0784702,47.482518],[11.0784213,47.4825773],[11.0783128,47.4825364]]]}},{"type":"Feature","id":"building-242714309","properties":{"kind":"building","name":"Alpine building","height":7.2},"geometry":{"type":"Polygon","coordinates":[[[11.0401519,47.4747198],[11.0399901,47.4747121],[11.0400018,47.474599],[11.0401636,47.4746067],[11.0401519,47.4747198]]]}},{"type":"Feature","id":"building-255180319","properties":{"kind":"building","name":"Alpine building","height":7.2},"geometry":{"type":"Polygon","coordinates":[[[11.068282,47.4852536],[11.0683814,47.4853128],[11.06849,47.4852295],[11.0683906,47.4851703],[11.068282,47.4852536]]]}},{"type":"Feature","id":"building-100240838","properties":{"kind":"building","name":"Alpine building","height":7.2},"geometry":{"type":"Polygon","coordinates":[[[11.0614123,47.4854869],[11.0613443,47.4854676],[11.0614226,47.4853415],[11.0614905,47.4853608],[11.0614123,47.4854869]]]}},{"type":"Feature","id":"building-243566433","properties":{"kind":"building","name":"Alpine building","height":7.2},"geometry":{"type":"Polygon","coordinates":[[[11.0385439,47.4711502],[11.0384653,47.47114],[11.0384914,47.4710489],[11.0385699,47.4710592],[11.0385439,47.4711502]]]}},{"type":"Feature","id":"building-255314770","properties":{"kind":"building","name":"Alpine building","height":7.2},"geometry":{"type":"Polygon","coordinates":[[[11.0640799,47.4855448],[11.064204,47.4856193],[11.0643902,47.4854775],[11.0642661,47.4854031],[11.0640799,47.4855448]]]}},{"type":"Feature","id":"building-1154058447","properties":{"kind":"building","name":"Alpine building","height":7.2},"geometry":{"type":"Polygon","coordinates":[[[11.0381207,47.4690997],[11.0380638,47.4690743],[11.0381486,47.4689878],[11.0382054,47.4690132],[11.0381207,47.4690997]]]}},{"type":"Feature","id":"building-255314743","properties":{"kind":"building","name":"Alpine building","height":7.2},"geometry":{"type":"Polygon","coordinates":[[[11.0699731,47.4850279],[11.0701648,47.4851211],[11.0702817,47.4850113],[11.0700901,47.4849181],[11.0699731,47.4850279]]]}},{"type":"Feature","id":"building-243570459","properties":{"kind":"building","name":"Alpine building","height":7.2},"geometry":{"type":"Polygon","coordinates":[[[11.0383353,47.470406],[11.0382793,47.4703946],[11.0383023,47.4703427],[11.0383584,47.4703541],[11.0383353,47.470406]]]}},{"type":"Feature","id":"building-255180285","properties":{"kind":"building","name":"Alpine building","height":7.2},"geometry":{"type":"Polygon","coordinates":[[[11.0691648,47.4851954],[11.0692648,47.4852563],[11.0694208,47.4851393],[11.0693208,47.4850785],[11.0691648,47.4851954]]]}},{"type":"Feature","id":"building-255314769","properties":{"kind":"building","name":"Alpine building","height":7.2},"geometry":{"type":"Polygon","coordinates":[[[11.0648417,47.4855638],[11.064955,47.4856323],[11.0651487,47.485486],[11.0650354,47.4854175],[11.0648417,47.4855638]]]}},{"type":"Feature","id":"building-255314758","properties":{"kind":"building","name":"Alpine building","height":7.2},"geometry":{"type":"Polygon","coordinates":[[[11.0720786,47.4846822],[11.0721269,47.4847003],[11.0721591,47.4846514],[11.0721188,47.4846332],[11.0720786,47.4846822]]]}},{"type":"Feature","id":"building-104472171","properties":{"kind":"building","name":"Alpine building","height":7.2},"geometry":{"type":"Polygon","coordinates":[[[11.044519,47.4796535],[11.0445792,47.4795782],[11.0444746,47.47954],[11.0444144,47.4796153],[11.044519,47.4796535]]]}},{"type":"Feature","id":"building-243570519","properties":{"kind":"building","name":"Alpine building","height":7.2},"geometry":{"type":"Polygon","coordinates":[[[11.0383067,47.4703045],[11.0381267,47.470289],[11.0381584,47.4701206],[11.0383384,47.4701361],[11.0383067,47.4703045]]]}},{"type":"Feature","id":"building-1154058448","properties":{"kind":"building","name":"Alpine building","height":7.2},"geometry":{"type":"Polygon","coordinates":[[[11.0381117,47.4691108],[11.0380518,47.4690826],[11.0380197,47.4691137],[11.0380796,47.4691419],[11.0381117,47.4691108]]]}},{"type":"Feature","id":"building-864595463","properties":{"kind":"building","name":"Alpine building","height":7.2},"geometry":{"type":"Polygon","coordinates":[[[11.0737319,47.4517733],[11.0738822,47.4517868],[11.0738999,47.4516968],[11.0737496,47.4516833],[11.0737319,47.4517733]]]}},{"type":"Feature","id":"building-255314772","properties":{"kind":"building","name":"Alpine building","height":7.2},"geometry":{"type":"Polygon","coordinates":[[[11.0634772,47.4856109],[11.0635607,47.4856274],[11.0636019,47.4855325],[11.0635185,47.4855159],[11.0634772,47.4856109]]]}},{"type":"Feature","id":"building-255314736","properties":{"kind":"building","name":"Alpine building","height":7.2},"geometry":{"type":"Polygon","coordinates":[[[11.0680453,47.4853071],[11.0681049,47.4853447],[11.0681131,47.4853388],[11.0681605,47.4853687],[11.0682254,47.4853217],[11.0684863,47.4854862],[11.0685347,47.4854512],[11.0682222,47.485254],[11.0681734,47.4852894],[11.0681181,47.4852544],[11.0680453,47.4853071]]]}},{"type":"Feature","id":"building-62091442","properties":{"kind":"building","name":"Kreuzjochhaus","height":7.2},"geometry":{"type":"Polygon","coordinates":[[[11.0730894,47.4515279],[11.0731857,47.4514483],[11.0732885,47.4515051],[11.073349,47.4514551],[11.0735513,47.451567],[11.0734987,47.4516105],[11.0735647,47.451647],[11.0735428,47.4516652],[11.0736723,47.4517368],[11.0735559,47.451833],[11.0734041,47.451749],[11.0734746,47.4516908],[11.0732783,47.4515822],[11.073242,47.4516123],[11.0730894,47.4515279]]]}},{"type":"Feature","id":"building-243566348","properties":{"kind":"building","name":"Alpine building","height":7.2},"geometry":{"type":"Polygon","coordinates":[[[11.0384454,47.4710187],[11.0382218,47.4709881],[11.038255,47.4708774],[11.0384099,47.4708986],[11.0383985,47.4709367],[11.0384671,47.4709461],[11.0384454,47.4710187]]]}},{"type":"Feature","id":"building-256613612","properties":{"kind":"building","name":"Trögllift","height":7.2},"geometry":{"type":"Polygon","coordinates":[[[11.0859004,47.4585552],[11.0859001,47.4585211],[11.0859385,47.4585209],[11.0859387,47.4585551],[11.0859004,47.4585552]]]}},{"type":"Feature","id":"building-255180310","properties":{"kind":"building","name":"Alpine building","height":7.2},"geometry":{"type":"Polygon","coordinates":[[[11.0678222,47.4853962],[11.0679216,47.4854545],[11.0680177,47.4853796],[11.0679184,47.4853214],[11.0678222,47.4853962]]]}},{"type":"Feature","id":"building-100240821","properties":{"kind":"building","name":"Alpine building","height":7.2},"geometry":{"type":"Polygon","coordinates":[[[11.0629326,47.4856211],[11.0630313,47.4854785],[11.0632081,47.4855345],[11.0631094,47.485677],[11.0629326,47.4856211]]]}},{"type":"Feature","id":"building-255318378","properties":{"kind":"building","name":"Alpine building","height":7.2},"geometry":{"type":"Polygon","coordinates":[[[11.0663919,47.4856476],[11.0668266,47.4856091],[11.0667928,47.4854346],[11.0665836,47.4854531],[11.0665807,47.485438],[11.0663552,47.4854579],[11.0663919,47.4856476]]]}},{"type":"Feature","id":"building-1154058449","properties":{"kind":"building","name":"Alpine building","height":7.2},"geometry":{"type":"Polygon","coordinates":[[[11.0380197,47.4691137],[11.0379827,47.4691593],[11.0379614,47.4692088],[11.0380346,47.4692229],[11.0380544,47.4691745],[11.0380796,47.4691419],[11.0380197,47.4691137]]]}},{"type":"Feature","id":"building-100865107","properties":{"kind":"building","name":"Alpine building","height":7.2},"geometry":{"type":"Polygon","coordinates":[[[11.0767677,47.4832904],[11.0769031,47.48337],[11.0769886,47.4833036],[11.0768532,47.483224],[11.0767677,47.4832904]]]}},{"type":"Feature","id":"building-255180248","properties":{"kind":"building","name":"Alpine building","height":7.2},"geometry":{"type":"Polygon","coordinates":[[[11.0694298,47.4852835],[11.0695367,47.4851983],[11.0694409,47.4851435],[11.0693341,47.4852287],[11.0694298,47.4852835]]]}},{"type":"Feature","id":"building-243566496","properties":{"kind":"building","name":"Alpine building","height":7.2},"geometry":{"type":"Polygon","coordinates":[[[11.0382452,47.471101],[11.038245,47.4710364],[11.0384672,47.471036],[11.0384674,47.4711006],[11.0382452,47.471101]]]}},{"type":"Feature","id":"building-255181048","properties":{"kind":"building","name":"Alpine building","height":7.2},"geometry":{"type":"Polygon","coordinates":[[[11.0722732,47.4846944],[11.0724539,47.4847468],[11.0724581,47.4847433],[11.0725588,47.4845814],[11.0723781,47.484529],[11.0722732,47.4846944]]]}},{"type":"Feature","id":"building-255180294","properties":{"kind":"building","name":"Alpine building","height":7.2},"geometry":{"type":"Polygon","coordinates":[[[11.0684491,47.4853482],[11.0685481,47.4854078],[11.0686505,47.4853301],[11.0685515,47.4852705],[11.0684491,47.4853482]]]}},{"type":"Feature","id":"building-243570866","properties":{"kind":"building","name":"Alpine building","height":7.2},"geometry":{"type":"Polygon","coordinates":[[[11.0382128,47.4705744],[11.0380979,47.470549],[11.038154,47.4704329],[11.0382785,47.4704604],[11.0382688,47.4704806],[11.0382592,47.4704784],[11.0382128,47.4705744]]]}},{"type":"Feature","id":"building-255180291","properties":{"kind":"building","name":"Alpine building","height":7.2},"geometry":{"type":"Polygon","coordinates":[[[11.0690729,47.4853153],[11.069137,47.4852691],[11.0690829,47.4852348],[11.0690188,47.485281],[11.0690729,47.4853153]]]}},{"type":"Feature","id":"building-255180333","properties":{"kind":"building","name":"Alpine building","height":7.2},"geometry":{"type":"Polygon","coordinates":[[[11.0716951,47.4848243],[11.071911,47.4848893],[11.0719898,47.4847698],[11.0717739,47.4847048],[11.0716951,47.4848243]]]}},{"type":"Feature","id":"building-255180286","properties":{"kind":"building","name":"Alpine building","height":7.2},"geometry":{"type":"Polygon","coordinates":[[[11.0706651,47.4850019],[11.0708424,47.4850987],[11.0709572,47.4850026],[11.0707799,47.4849058],[11.0706651,47.4850019]]]}},{"type":"Feature","id":"pylon-garmisch-classic-0","properties":{"kind":"pylon","name":"Lift tower","height":13},"geometry":{"type":"Polygon","coordinates":[[[11.064770033520645,47.4655236],[11.064761471220686,47.465537574442315],[11.0647408,47.46554336284585],[11.064720128779312,47.465537574442315],[11.064711566479353,47.4655236],[11.064720128779312,47.46550962555768],[11.0647408,47.465503837154145],[11.064761471220686,47.46550962555768],[11.064770033520645,47.4655236]]]}},{"type":"Feature","id":"pylon-garmisch-classic-1","properties":{"kind":"pylon","name":"Lift tower","height":13},"geometry":{"type":"Polygon","coordinates":[[[11.06571163042271,47.4599523],[11.065703069030114,47.459966274442316],[11.0656824,47.45997206284585],[11.065661730969886,47.459966274442316],[11.06565316957729,47.4599523],[11.065661730969886,47.45993832555768],[11.0656824,47.459932537154145],[11.065703069030114,47.45993832555768],[11.06571163042271,47.4599523]]]}},{"type":"Feature","id":"pylon-garmisch-classic-2","properties":{"kind":"pylon","name":"Lift tower","height":13},"geometry":{"type":"Polygon","coordinates":[[[11.085995029383268,47.4580826],[11.085986468295118,47.458096574442315],[11.0859658,47.45810236284585],[11.085945131704882,47.458096574442315],[11.085936570616733,47.4580826],[11.085945131704882,47.45806862555768],[11.0859658,47.458062837154145],[11.085986468295118,47.45806862555768],[11.085995029383268,47.4580826]]]}},{"type":"Feature","id":"pylon-garmisch-classic-3","properties":{"kind":"pylon","name":"Lift tower","height":13},"geometry":{"type":"Polygon","coordinates":[[[11.038716222114774,47.4450031],[11.038707663155517,47.44501707444232],[11.038687,47.44502286284585],[11.038666336844482,47.44501707444232],[11.038657777885225,47.4450031],[11.038666336844482,47.44498912555768],[11.038687,47.44498333715415],[11.038707663155517,47.44498912555768],[11.038716222114774,47.4450031]]]}},{"type":"Feature","id":"pylon-garmisch-classic-4","properties":{"kind":"pylon","name":"Lift tower","height":13},"geometry":{"type":"Polygon","coordinates":[[[11.057799530284608,47.4597039],[11.057790968932462,47.45971787444232],[11.0577703,47.45972366284585],[11.057749631067537,47.45971787444232],[11.05774106971539,47.4597039],[11.057749631067537,47.45968992555768],[11.0577703,47.45968413715415],[11.057790968932462,47.45968992555768],[11.057799530284608,47.4597039]]]}},{"type":"Feature","id":"pylon-garmisch-classic-5","properties":{"kind":"pylon","name":"Lift tower","height":13},"geometry":{"type":"Polygon","coordinates":[[[11.054489524746888,47.4497406],[11.054480965016703,47.449754574442316],[11.0544603,47.44976036284585],[11.054439634983298,47.449754574442316],[11.054431075253113,47.4497406],[11.054439634983298,47.44972662555768],[11.0544603,47.449720837154146],[11.054480965016703,47.44972662555768],[11.054489524746888,47.4497406]]]}},{"type":"Feature","id":"pylon-garmisch-classic-6","properties":{"kind":"pylon","name":"Lift tower","height":13},"geometry":{"type":"Polygon","coordinates":[[[11.059886633956166,47.4663067],[11.059878071528646,47.466320674442315],[11.0598574,47.46632646284585],[11.059836728471355,47.466320674442315],[11.059828166043834,47.4663067],[11.059836728471355,47.46629272555768],[11.0598574,47.466286937154145],[11.059878071528646,47.46629272555768],[11.059886633956166,47.4663067]]]}},{"type":"Feature","id":"pylon-garmisch-classic-7","properties":{"kind":"pylon","name":"Lift tower","height":13},"geometry":{"type":"Polygon","coordinates":[[[11.029006919386145,47.4400906],[11.028998361226085,47.440104574442316],[11.0289777,47.44011036284585],[11.028957038773916,47.440104574442316],[11.028948480613856,47.4400906],[11.028957038773916,47.44007662555768],[11.0289777,47.440070837154146],[11.028998361226085,47.44007662555768],[11.029006919386145,47.4400906]]]}},{"type":"Feature","id":"pylon-garmisch-classic-8","properties":{"kind":"pylon","name":"Lift tower","height":13},"geometry":{"type":"Polygon","coordinates":[[[11.041191224084725,47.4485489],[11.041182664548483,47.44856287444232],[11.041162,47.44856866284585],[11.041141335451517,47.44856287444232],[11.041132775915274,47.4485489],[11.041141335451517,47.44853492555768],[11.041162,47.448529137154146],[11.041182664548483,47.44853492555768],[11.041191224084725,47.4485489]]]}},{"type":"Feature","id":"pylon-garmisch-classic-9","properties":{"kind":"pylon","name":"Lift tower","height":13},"geometry":{"type":"Polygon","coordinates":[[[11.067055326462249,47.4528274],[11.067046766229646,47.452841374442315],[11.0670261,47.45284716284585],[11.067005433770353,47.452841374442315],[11.06699687353775,47.4528274],[11.067005433770353,47.45281342555768],[11.0670261,47.452807637154145],[11.067046766229646,47.45281342555768],[11.067055326462249,47.4528274]]]}},{"type":"Feature","id":"pylon-garmisch-classic-10","properties":{"kind":"pylon","name":"Lift tower","height":13},"geometry":{"type":"Polygon","coordinates":[[[11.119897142012293,47.4807863],[11.119888577225188,47.480800274442316],[11.1198679,47.48080606284585],[11.11984722277481,47.480800274442316],[11.119838657987705,47.4807863],[11.11984722277481,47.48077232555768],[11.1198679,47.480766537154146],[11.119888577225188,47.48077232555768],[11.119897142012293,47.4807863]]]}},{"type":"Feature","id":"pylon-garmisch-classic-11","properties":{"kind":"pylon","name":"Lift tower","height":13},"geometry":{"type":"Polygon","coordinates":[[[11.119576342160405,47.4810524],[11.11956777732992,47.48106637444232],[11.1195471,47.481072162845855],[11.11952642267008,47.48106637444232],[11.119517857839595,47.4810524],[11.11952642267008,47.481038425557685],[11.1195471,47.48103263715415],[11.11956777732992,47.481038425557685],[11.119576342160405,47.4810524]]]}},{"type":"Feature","id":"pylon-garmisch-classic-12","properties":{"kind":"pylon","name":"Lift tower","height":13},"geometry":{"type":"Polygon","coordinates":[[[11.121534941240547,47.4793997],[11.121526376679482,47.47941367444232],[11.1215057,47.479419462845854],[11.121485023320519,47.47941367444232],[11.121476458759453,47.4793997],[11.121485023320519,47.479385725557684],[11.1215057,47.47937993715415],[11.121526376679482,47.479385725557684],[11.121534941240547,47.4793997]]]}},{"type":"Feature","id":"pylon-garmisch-classic-13","properties":{"kind":"pylon","name":"Lift tower","height":13},"geometry":{"type":"Polygon","coordinates":[[[11.123223440448434,47.4779764],[11.123214876119373,47.47799037444232],[11.1231942,47.477996162845855],[11.123173523880627,47.47799037444232],[11.123164959551566,47.4779764],[11.123173523880627,47.477962425557685],[11.1231942,47.47795663715415],[11.123214876119373,47.477962425557685],[11.123223440448434,47.4779764]]]}},{"type":"Feature","id":"pylon-garmisch-classic-14","properties":{"kind":"pylon","name":"Lift tower","height":13},"geometry":{"type":"Polygon","coordinates":[[[11.124702539753375,47.4767274],[11.124693975627892,47.47674137444232],[11.1246733,47.476747162845854],[11.124652624372107,47.47674137444232],[11.124644060246624,47.4767274],[11.124652624372107,47.47671342555768],[11.1246733,47.47670763715415],[11.124693975627892,47.47671342555768],[11.124702539753375,47.4767274]]]}},{"type":"Feature","id":"pylon-garmisch-classic-15","properties":{"kind":"pylon","name":"Lift tower","height":13},"geometry":{"type":"Polygon","coordinates":[[[11.126357038976291,47.4753309],[11.12634847507841,47.47534487444232],[11.1263278,47.475350662845855],[11.12630712492159,47.47534487444232],[11.12629856102371,47.4753309],[11.12630712492159,47.475316925557685],[11.1263278,47.47531113715415],[11.12634847507841,47.475316925557685],[11.126357038976291,47.4753309]]]}},{"type":"Feature","id":"pylon-garmisch-classic-16","properties":{"kind":"pylon","name":"Lift tower","height":13},"geometry":{"type":"Polygon","coordinates":[[[11.12902023772612,47.473084],[11.129011674194405,47.47309797444232],[11.128991,47.47310376284585],[11.128970325805593,47.47309797444232],[11.128961762273878,47.473084],[11.128970325805593,47.47307002555768],[11.128991,47.47306423715415],[11.129011674194405,47.47307002555768],[11.12902023772612,47.473084]]]}},{"type":"Feature","id":"pylon-garmisch-classic-17","properties":{"kind":"pylon","name":"Lift tower","height":13},"geometry":{"type":"Polygon","coordinates":[[[11.117102841547714,47.4799516],[11.117094276896681,47.47996557444232],[11.1170736,47.47997136284585],[11.117052923103317,47.47996557444232],[11.117044358452285,47.4799516],[11.117052923103317,47.47993762555768],[11.1170736,47.47993183715415],[11.117094276896681,47.47993762555768],[11.117102841547714,47.4799516]]]}},{"type":"Feature","id":"pylon-garmisch-classic-18","properties":{"kind":"pylon","name":"Lift tower","height":13},"geometry":{"type":"Polygon","coordinates":[[[11.117404141116603,47.479177],[11.11739557659184,47.47919097444232],[11.1173749,47.47919676284585],[11.11735422340816,47.47919097444232],[11.117345658883396,47.479177],[11.11735422340816,47.47916302555768],[11.1173749,47.47915723715415],[11.11739557659184,47.47916302555768],[11.117404141116603,47.479177]]]}},{"type":"Feature","id":"pylon-garmisch-classic-19","properties":{"kind":"pylon","name":"Lift tower","height":13},"geometry":{"type":"Polygon","coordinates":[[[11.117872040447267,47.4779743],[11.117863476118547,47.47798827444232],[11.1178428,47.47799406284585],[11.117822123881453,47.47798827444232],[11.117813559552733,47.4779743],[11.117822123881453,47.47796032555768],[11.1178428,47.47795453715415],[11.117863476118547,47.47796032555768],[11.117872040447267,47.4779743]]]}},{"type":"Feature","id":"pylon-garmisch-classic-20","properties":{"kind":"pylon","name":"Lift tower","height":13},"geometry":{"type":"Polygon","coordinates":[[[11.118272339874578,47.4769452],[11.118263775713595,47.47695917444232],[11.1182431,47.476964962845855],[11.118222424286406,47.47695917444232],[11.118213860125424,47.4769452],[11.118222424286406,47.476931225557685],[11.1182431,47.47692543715415],[11.118263775713595,47.476931225557685],[11.118272339874578,47.4769452]]]}},{"type":"Feature","id":"pylon-garmisch-classic-21","properties":{"kind":"pylon","name":"Lift tower","height":13},"geometry":{"type":"Polygon","coordinates":[[[11.118590739419163,47.4761268],[11.118582175391568,47.47614077444232],[11.1185615,47.476146562845855],[11.118540824608433,47.47614077444232],[11.118532260580837,47.4761268],[11.118540824608433,47.476112825557685],[11.1185615,47.47610703715415],[11.118582175391568,47.476112825557685],[11.118590739419163,47.4761268]]]}},{"type":"Feature","id":"pylon-garmisch-classic-22","properties":{"kind":"pylon","name":"Lift tower","height":13},"geometry":{"type":"Polygon","coordinates":[[[11.093572931922656,47.46265],[11.093564370090737,47.462663974442314],[11.0935437,47.46266976284585],[11.093523029909262,47.462663974442314],[11.093514468077343,47.46265],[11.093523029909262,47.46263602555768],[11.0935437,47.462630237154144],[11.093564370090737,47.46263602555768],[11.093572931922656,47.46265]]]}},{"type":"Feature","id":"pylon-garmisch-classic-23","properties":{"kind":"pylon","name":"Lift tower","height":13},"geometry":{"type":"Polygon","coordinates":[[[11.092256031450193,47.4618003],[11.092247469756655,47.46181427444232],[11.0922268,47.46182006284585],[11.092206130243346,47.46181427444232],[11.092197568549809,47.4618003],[11.092206130243346,47.46178632555768],[11.0922268,47.46178053715415],[11.092247469756655,47.46178632555768],[11.092256031450193,47.4618003]]]}},{"type":"Feature","id":"pylon-garmisch-classic-24","properties":{"kind":"pylon","name":"Lift tower","height":13},"geometry":{"type":"Polygon","coordinates":[[[11.089683530527177,47.4601402],[11.089674969103983,47.460154174442316],[11.0896543,47.46015996284585],[11.089633630896016,47.460154174442316],[11.089625069472822,47.4601402],[11.089633630896016,47.46012622555768],[11.0896543,47.460120437154146],[11.089674969103983,47.46012622555768],[11.089683530527177,47.4601402]]]}},{"type":"Feature","id":"pylon-garmisch-classic-25","properties":{"kind":"pylon","name":"Lift tower","height":13},"geometry":{"type":"Polygon","coordinates":[[[11.090812730928711,47.4608624],[11.090804169387912,47.46087637444232],[11.0907835,47.460882162845856],[11.09076283061209,47.46087637444232],[11.09075426907129,47.4608624],[11.09076283061209,47.460848425557685],[11.0907835,47.46084263715415],[11.090804169387912,47.460848425557685],[11.090812730928711,47.4608624]]]}},{"type":"Feature","id":"pylon-garmisch-classic-26","properties":{"kind":"pylon","name":"Lift tower","height":13},"geometry":{"type":"Polygon","coordinates":[[[11.088053029942087,47.4590878],[11.088044468690263,47.45910177444232],[11.0880238,47.45910756284585],[11.088003131309737,47.45910177444232],[11.087994570057914,47.4590878],[11.088003131309737,47.45907382555768],[11.0880238,47.45906803715415],[11.088044468690263,47.45907382555768],[11.088053029942087,47.4590878]]]}},{"type":"Feature","id":"pylon-garmisch-classic-27","properties":{"kind":"pylon","name":"Lift tower","height":13},"geometry":{"type":"Polygon","coordinates":[[[11.086900129527193,47.4583415],[11.086891568396888,47.45835547444232],[11.0868709,47.458361262845855],[11.08685023160311,47.45835547444232],[11.086841670472806,47.4583415],[11.08685023160311,47.458327525557685],[11.0868709,47.45832173715415],[11.086891568396888,47.458327525557685],[11.086900129527193,47.4583415]]]}},{"type":"Feature","id":"pylon-garmisch-classic-28","properties":{"kind":"pylon","name":"Lift tower","height":13},"geometry":{"type":"Polygon","coordinates":[[[11.074669632448916,47.4635964],[11.07466107046286,47.46361037444232],[11.0746404,47.46361616284585],[11.07461972953714,47.46361037444232],[11.074611167551083,47.4635964],[11.07461972953714,47.46358242555768],[11.0746404,47.46357663715415],[11.07466107046286,47.46358242555768],[11.074669632448916,47.4635964]]]}},{"type":"Feature","id":"pylon-garmisch-classic-29","properties":{"kind":"pylon","name":"Lift tower","height":13},"geometry":{"type":"Polygon","coordinates":[[[11.075122131844475,47.4625094],[11.075113570035455,47.46252337444232],[11.0750929,47.462529162845854],[11.075072229964544,47.46252337444232],[11.075063668155524,47.4625094],[11.075072229964544,47.462495425557684],[11.0750929,47.46248963715415],[11.075113570035455,47.462495425557684],[11.075122131844475,47.4625094]]]}},{"type":"Feature","id":"pylon-garmisch-classic-30","properties":{"kind":"pylon","name":"Lift tower","height":13},"geometry":{"type":"Polygon","coordinates":[[[11.075737531022508,47.4610311],[11.075728969454236,47.46104507444232],[11.0757083,47.46105086284585],[11.075687630545765,47.46104507444232],[11.075679068977493,47.4610311],[11.075687630545765,47.46101712555768],[11.0757083,47.46101133715415],[11.075728969454236,47.46101712555768],[11.075737531022508,47.4610311]]]}},{"type":"Feature","id":"pylon-garmisch-classic-31","properties":{"kind":"pylon","name":"Lift tower","height":13},"geometry":{"type":"Polygon","coordinates":[[[11.076275030304567,47.4597398],[11.076266468946576,47.45975377444232],[11.0762458,47.45975956284585],[11.076225131053425,47.45975377444232],[11.076216569695434,47.4597398],[11.076225131053425,47.45972582555768],[11.0762458,47.45972003715415],[11.076266468946576,47.45972582555768],[11.076275030304567,47.4597398]]]}},{"type":"Feature","id":"pylon-garmisch-classic-32","properties":{"kind":"pylon","name":"Lift tower","height":13},"geometry":{"type":"Polygon","coordinates":[[[11.076818229579006,47.4584347],[11.076809668433526,47.458448674442316],[11.076789,47.45845446284585],[11.076768331566473,47.458448674442316],[11.076759770420994,47.4584347],[11.076768331566473,47.45842072555768],[11.076789,47.458414937154146],[11.076809668433526,47.45842072555768],[11.076818229579006,47.4584347]]]}},{"type":"Feature","id":"pylon-garmisch-classic-33","properties":{"kind":"pylon","name":"Lift tower","height":13},"geometry":{"type":"Polygon","coordinates":[[[11.077802628264275,47.4560696],[11.077794067503872,47.45608357444232],[11.0777734,47.45608936284585],[11.077752732496128,47.45608357444232],[11.077744171735725,47.4560696],[11.077752732496128,47.45605562555768],[11.0777734,47.45604983715415],[11.077794067503872,47.45605562555768],[11.077802628264275,47.4560696]]]}},{"type":"Feature","id":"pylon-garmisch-classic-34","properties":{"kind":"pylon","name":"Lift tower","height":13},"geometry":{"type":"Polygon","coordinates":[[[11.077829728232258,47.456012],[11.077821167481233,47.45602597444232],[11.0778005,47.45603176284585],[11.077779832518768,47.45602597444232],[11.077771271767743,47.456012],[11.077779832518768,47.45599802555768],[11.0778005,47.45599223715415],[11.077821167481233,47.45599802555768],[11.077829728232258,47.456012]]]}},{"type":"Feature","id":"pylon-garmisch-classic-35","properties":{"kind":"pylon","name":"Lift tower","height":13},"geometry":{"type":"Polygon","coordinates":[[[11.078631827106054,47.4539858],[11.078623266684886,47.453999774442316],[11.0786026,47.45400556284585],[11.078581933315114,47.453999774442316],[11.078573372893946,47.4539858],[11.078581933315114,47.45397182555768],[11.0786026,47.453966037154146],[11.078623266684886,47.45397182555768],[11.078631827106054,47.4539858]]]}},{"type":"Feature","id":"pylon-garmisch-classic-36","properties":{"kind":"pylon","name":"Lift tower","height":13},"geometry":{"type":"Polygon","coordinates":[[[11.0791162264214,47.4527539],[11.07910766620076,47.452767874442316],[11.079087,47.45277366284585],[11.079066333799238,47.452767874442316],[11.079057773578599,47.4527539],[11.079066333799238,47.45273992555768],[11.079087,47.452734137154145],[11.07910766620076,47.45273992555768],[11.0791162264214,47.4527539]]]}},{"type":"Feature","id":"pylon-garmisch-classic-37","properties":{"kind":"pylon","name":"Lift tower","height":13},"geometry":{"type":"Polygon","coordinates":[[[11.070545926683943,47.4532263],[11.070537366386407,47.453240274442315],[11.0705167,47.45324606284585],[11.070496033613594,47.453240274442315],[11.070487473316058,47.4532263],[11.070496033613594,47.45321232555768],[11.0705167,47.453206537154145],[11.070537366386407,47.45321232555768],[11.070545926683943,47.4532263]]]}},{"type":"Feature","id":"pylon-garmisch-classic-38","properties":{"kind":"pylon","name":"Lift tower","height":13},"geometry":{"type":"Polygon","coordinates":[[[11.0695127264199,47.4527512],[11.069504166199701,47.45276517444232],[11.0694835,47.452770962845854],[11.0694628338003,47.45276517444232],[11.069454273580101,47.4527512],[11.0694628338003,47.452737225557684],[11.0694835,47.45273143715415],[11.069504166199701,47.452737225557684],[11.0695127264199,47.4527512]]]}},{"type":"Feature","id":"pylon-garmisch-classic-39","properties":{"kind":"pylon","name":"Lift tower","height":13},"geometry":{"type":"Polygon","coordinates":[[[11.068197726083898,47.4521466],[11.068189165962112,47.45216057444232],[11.0681685,47.45216636284585],[11.06814783403789,47.45216057444232],[11.068139273916103,47.4521466],[11.06814783403789,47.45213262555768],[11.0681685,47.45212683715415],[11.068189165962112,47.45213262555768],[11.068197726083898,47.4521466]]]}},{"type":"Feature","id":"pylon-garmisch-classic-40","properties":{"kind":"pylon","name":"Lift tower","height":13},"geometry":{"type":"Polygon","coordinates":[[[11.067031425785917,47.4516104],[11.067022865751406,47.45162437444232],[11.0670022,47.45163016284585],[11.066981534248592,47.45162437444232],[11.066972974214082,47.4516104],[11.066981534248592,47.45159642555768],[11.0670022,47.45159063715415],[11.067022865751406,47.45159642555768],[11.067031425785917,47.4516104]]]}},{"type":"Feature","id":"pylon-garmisch-classic-41","properties":{"kind":"pylon","name":"Lift tower","height":13},"geometry":{"type":"Polygon","coordinates":[[[11.058501921982783,47.4447655],[11.058493363062185,47.44477947444232],[11.0584727,47.444785262845855],[11.058452036937814,47.44477947444232],[11.058443478017216,47.4447655],[11.058452036937814,47.444751525557685],[11.0584727,47.44474573715415],[11.058493363062185,47.444751525557685],[11.058501921982783,47.4447655]]]}},{"type":"Feature","id":"pylon-garmisch-classic-42","properties":{"kind":"pylon","name":"Lift tower","height":13},"geometry":{"type":"Polygon","coordinates":[[[11.057927021745082,47.4443376],[11.057918462894104,47.444351574442315],[11.0578978,47.44435736284585],[11.057877137105894,47.444351574442315],[11.057868578254917,47.4443376],[11.057877137105894,47.44432362555768],[11.0578978,47.444317837154145],[11.057918462894104,47.44432362555768],[11.057927021745082,47.4443376]]]}},{"type":"Feature","id":"pylon-garmisch-classic-43","properties":{"kind":"pylon","name":"Lift tower","height":13},"geometry":{"type":"Polygon","coordinates":[[[11.059350922333929,47.4453976],[11.059342363310483,47.44541157444232],[11.0593217,47.44541736284585],[11.059301036689517,47.44541157444232],[11.059292477666071,47.4453976],[11.059301036689517,47.44538362555768],[11.0593217,47.44537783715415],[11.059342363310483,47.44538362555768],[11.059350922333929,47.4453976]]]}},{"type":"Feature","id":"pylon-garmisch-classic-44","properties":{"kind":"pylon","name":"Lift tower","height":13},"geometry":{"type":"Polygon","coordinates":[[[11.060612822855752,47.4463369],[11.060604263679469,47.44635087444232],[11.0605836,47.44635666284585],[11.06056293632053,47.44635087444232],[11.060554377144246,47.4463369],[11.06056293632053,47.44632292555768],[11.0605836,47.446317137154146],[11.060604263679469,47.44632292555768],[11.060612822855752,47.4463369]]]}},{"type":"Feature","id":"pylon-garmisch-classic-45","properties":{"kind":"pylon","name":"Lift tower","height":13},"geometry":{"type":"Polygon","coordinates":[[[11.061442123198708,47.4469542],[11.061433563921973,47.44696817444232],[11.0614129,47.44697396284585],[11.061392236078028,47.44696817444232],[11.061383676801293,47.4469542],[11.061392236078028,47.44694022555768],[11.0614129,47.44693443715415],[11.061433563921973,47.44694022555768],[11.061442123198708,47.4469542]]]}},{"type":"Feature","id":"pylon-garmisch-classic-46","properties":{"kind":"pylon","name":"Lift tower","height":13},"geometry":{"type":"Polygon","coordinates":[[[11.061999523429218,47.4473691],[11.06199096408497,47.44738307444232],[11.0619703,47.447388862845855],[11.061949635915031,47.44738307444232],[11.061941076570783,47.4473691],[11.061949635915031,47.447355125557685],[11.0619703,47.44734933715415],[11.06199096408497,47.447355125557685],[11.061999523429218,47.4473691]]]}},{"type":"Feature","id":"pylon-garmisch-classic-47","properties":{"kind":"pylon","name":"Lift tower","height":13},"geometry":{"type":"Polygon","coordinates":[[[11.062873223790582,47.4480195],[11.062864664340493,47.44803347444232],[11.062844,47.44803926284585],[11.062823335659507,47.44803347444232],[11.062814776209418,47.4480195],[11.062823335659507,47.44800552555768],[11.062844,47.44799973715415],[11.062864664340493,47.44800552555768],[11.062873223790582,47.4480195]]]}},{"type":"Feature","id":"pylon-garmisch-classic-48","properties":{"kind":"pylon","name":"Lift tower","height":13},"geometry":{"type":"Polygon","coordinates":[[[11.063339223983268,47.4483663],[11.063330664476743,47.44838027444232],[11.06331,47.448386062845856],[11.063289335523256,47.44838027444232],[11.06328077601673,47.4483663],[11.063289335523256,47.448352325557686],[11.06331,47.44834653715415],[11.063330664476743,47.448352325557686],[11.063339223983268,47.4483663]]]}},{"type":"Feature","id":"pylon-garmisch-classic-49","properties":{"kind":"pylon","name":"Lift tower","height":13},"geometry":{"type":"Polygon","coordinates":[[[11.054476519195875,47.439748],[11.054467961091545,47.43976197444232],[11.0544473,47.439767762845854],[11.054426638908454,47.43976197444232],[11.054418080804124,47.439748],[11.054426638908454,47.439734025557684],[11.0544473,47.43972823715415],[11.054467961091545,47.439734025557684],[11.054476519195875,47.439748]]]}},{"type":"Feature","id":"pylon-garmisch-classic-50","properties":{"kind":"pylon","name":"Lift tower","height":13},"geometry":{"type":"Polygon","coordinates":[[[11.061135617134578,47.436036],[11.061127059633987,47.43604997444232],[11.0611064,47.436055762845854],[11.061085740366012,47.43604997444232],[11.061077182865422,47.436036],[11.061085740366012,47.43602202555768],[11.0611064,47.43601623715415],[11.061127059633987,47.43602202555768],[11.061135617134578,47.436036]]]}},{"type":"Feature","id":"pylon-garmisch-classic-51","properties":{"kind":"pylon","name":"Lift tower","height":13},"geometry":{"type":"Polygon","coordinates":[[[11.060746117003983,47.4358008],[11.060737559541643,47.43581477444232],[11.0607169,47.435820562845855],[11.060696240458356,47.43581477444232],[11.060687682996015,47.4358008],[11.060696240458356,47.435786825557685],[11.0607169,47.43578103715415],[11.060737559541643,47.435786825557685],[11.060746117003983,47.4358008]]]}},{"type":"Feature","id":"pylon-garmisch-classic-52","properties":{"kind":"pylon","name":"Lift tower","height":13},"geometry":{"type":"Polygon","coordinates":[[[11.060498916921143,47.4356516],[11.060490359483065,47.43566557444232],[11.0604697,47.43567136284585],[11.060449040516936,47.43566557444232],[11.060440483078859,47.4356516],[11.060449040516936,47.43563762555768],[11.0604697,47.43563183715415],[11.060490359483065,47.43563762555768],[11.060498916921143,47.4356516]]]}},{"type":"Feature","id":"pylon-garmisch-classic-53","properties":{"kind":"pylon","name":"Lift tower","height":13},"geometry":{"type":"Polygon","coordinates":[[[11.085095328881902,47.4571807],[11.085086767940599,47.45719467444232],[11.0850661,47.457200462845854],[11.085045432059403,47.45719467444232],[11.085036871118099,47.4571807],[11.085045432059403,47.457166725557684],[11.0850661,47.45716093715415],[11.085086767940599,47.457166725557684],[11.085095328881902,47.4571807]]]}},{"type":"Feature","id":"pylon-garmisch-classic-54","properties":{"kind":"pylon","name":"Lift tower","height":13},"geometry":{"type":"Polygon","coordinates":[[[11.120425835100306,47.4683638],[11.120417272337676,47.46837777444232],[11.1203966,47.46838356284585],[11.120375927662323,47.46837777444232],[11.120367364899693,47.4683638],[11.120375927662323,47.46834982555768],[11.1203966,47.46834403715415],[11.120417272337676,47.46834982555768],[11.120425835100306,47.4683638]]]}},{"type":"Feature","id":"pylon-garmisch-classic-55","properties":{"kind":"pylon","name":"Lift tower","height":13},"geometry":{"type":"Polygon","coordinates":[[[11.094714642208329,47.4811385],[11.094706077363806,47.48115247444232],[11.0946854,47.48115826284585],[11.094664722636193,47.48115247444232],[11.09465615779167,47.4811385],[11.094664722636193,47.48112452555768],[11.0946854,47.48111873715415],[11.094706077363806,47.48112452555768],[11.094714642208329,47.4811385]]]}},{"type":"Feature","id":"pylon-garmisch-classic-56","properties":{"kind":"pylon","name":"Lift tower","height":13},"geometry":{"type":"Polygon","coordinates":[[[11.094732841563522,47.47998],[11.09472427690786,47.479993974442316],[11.0947036,47.47999976284585],[11.094682923092142,47.479993974442316],[11.09467435843648,47.47998],[11.094682923092142,47.47996602555768],[11.0947036,47.479960237154145],[11.09472427690786,47.47996602555768],[11.094732841563522,47.47998]]]}},{"type":"Feature","id":"pylon-garmisch-classic-57","properties":{"kind":"pylon","name":"Lift tower","height":13},"geometry":{"type":"Polygon","coordinates":[[[11.094765540406751,47.4779015],[11.094756976089899,47.47791547444232],[11.0947363,47.477921262845854],[11.0947156239101,47.47791547444232],[11.094707059593247,47.4779015],[11.0947156239101,47.47788752555768],[11.0947363,47.47788173715415],[11.094756976089899,47.47788752555768],[11.094765540406751,47.4779015]]]}},{"type":"Feature","id":"pylon-garmisch-classic-58","properties":{"kind":"pylon","name":"Lift tower","height":13},"geometry":{"type":"Polygon","coordinates":[[[11.094798139256346,47.4758342],[11.094789575276438,47.47584817444232],[11.0947689,47.475853962845854],[11.094748224723562,47.47584817444232],[11.094739660743654,47.4758342],[11.094748224723562,47.47582022555768],[11.0947689,47.47581443715415],[11.094789575276438,47.47582022555768],[11.094798139256346,47.4758342]]]}},{"type":"Feature","id":"pylon-garmisch-classic-59","properties":{"kind":"pylon","name":"Lift tower","height":13},"geometry":{"type":"Polygon","coordinates":[[[11.094821338433617,47.4743556],[11.094812774694681,47.47436957444232],[11.0947921,47.474375362845855],[11.094771425305318,47.47436957444232],[11.094762861566382,47.4743556],[11.094771425305318,47.474341625557685],[11.0947921,47.47433583715415],[11.094812774694681,47.474341625557685],[11.094821338433617,47.4743556]]]}},{"type":"Feature","id":"pylon-garmisch-classic-60","properties":{"kind":"pylon","name":"Lift tower","height":13},"geometry":{"type":"Polygon","coordinates":[[[11.094857637150634,47.4720496],[11.094849073787476,47.472063574442316],[11.0948284,47.47206936284585],[11.094807726212526,47.472063574442316],[11.094799162849368,47.4720496],[11.094807726212526,47.47203562555768],[11.0948284,47.472029837154146],[11.094849073787476,47.47203562555768],[11.094857637150634,47.4720496]]]}},{"type":"Feature","id":"pylon-garmisch-classic-61","properties":{"kind":"pylon","name":"Lift tower","height":13},"geometry":{"type":"Polygon","coordinates":[[[11.094878536413297,47.4707242],[11.0948699732661,47.47073817444232],[11.0948493,47.47074396284585],[11.0948286267339,47.47073817444232],[11.094820063586702,47.4707242],[11.0948286267339,47.47071022555768],[11.0948493,47.47070443715415],[11.0948699732661,47.47071022555768],[11.094878536413297,47.4707242]]]}},{"type":"Feature","id":"pylon-garmisch-classic-62","properties":{"kind":"pylon","name":"Lift tower","height":13},"geometry":{"type":"Polygon","coordinates":[[[11.094898235718176,47.4694746],[11.094889672774574,47.469488574442316],[11.094869,47.46949436284585],[11.094848327225424,47.469488574442316],[11.094839764281822,47.4694746],[11.094848327225424,47.46946062555768],[11.094869,47.469454837154146],[11.094889672774574,47.46946062555768],[11.094898235718176,47.4694746]]]}},{"type":"Feature","id":"pylon-garmisch-classic-63","properties":{"kind":"pylon","name":"Lift tower","height":13},"geometry":{"type":"Polygon","coordinates":[[[11.094901935586511,47.4692379],[11.094893372681474,47.46925187444232],[11.0948727,47.469257662845855],[11.094852027318526,47.46925187444232],[11.094843464413488,47.4692379],[11.094852027318526,47.469223925557685],[11.0948727,47.46921813715415],[11.094893372681474,47.469223925557685],[11.094901935586511,47.4692379]]]}},{"type":"Feature","id":"pylon-garmisch-classic-64","properties":{"kind":"pylon","name":"Lift tower","height":13},"geometry":{"type":"Polygon","coordinates":[[[11.094950133882087,47.4661735],[11.094941571476264,47.466187474442314],[11.0949209,47.46619326284585],[11.094900228523736,47.466187474442314],[11.094891666117913,47.4661735],[11.094900228523736,47.46615952555768],[11.0949209,47.466153737154144],[11.094941571476264,47.46615952555768],[11.094950133882087,47.4661735]]]}},{"type":"Feature","id":"pylon-garmisch-classic-65","properties":{"kind":"pylon","name":"Lift tower","height":13},"geometry":{"type":"Polygon","coordinates":[[[11.094972633087092,47.464744],[11.094964070914118,47.46475797444232],[11.0949434,47.464763762845855],[11.094922729085882,47.46475797444232],[11.094914166912908,47.464744],[11.094922729085882,47.464730025557685],[11.0949434,47.46472423715415],[11.094964070914118,47.464730025557685],[11.094972633087092,47.464744]]]}},{"type":"Feature","id":"pylon-garmisch-classic-66","properties":{"kind":"pylon","name":"Lift tower","height":13},"geometry":{"type":"Polygon","coordinates":[[[11.12683093875383,47.4749311],[11.126822374921108,47.47494507444232],[11.1268017,47.47495086284585],[11.126781025078891,47.47494507444232],[11.12677246124617,47.4749311],[11.126781025078891,47.47491712555768],[11.1268017,47.47491133715415],[11.126822374921108,47.47491712555768],[11.12683093875383,47.4749311]]]}},{"type":"Feature","id":"marker-garmisch-classic-summit","properties":{"kind":"marker","markerType":"summit","name":"Upper mountain · 2050 m","height":26},"geometry":{"type":"Polygon","coordinates":[[[11.060093027209671,47.472],[11.060075260593564,47.47203696098425],[11.060028746988728,47.47205980412877],[11.059971253011273,47.47205980412877],[11.059924739406437,47.47203696098425],[11.05990697279033,47.472],[11.059924739406437,47.471963039015755],[11.059971253011273,47.471940195871234],[11.060028746988728,47.471940195871234],[11.060075260593564,47.471963039015755],[11.060093027209671,47.472]]]}},{"type":"Feature","id":"marker-garmisch-classic-base","properties":{"kind":"marker","markerType":"base","name":"Base · 700 m","height":18},"geometry":{"type":"Polygon","coordinates":[[[11.064093020129857,47.468],[11.064075254865873,47.46803696098425],[11.064028744800945,47.46805980412877],[11.063971255199055,47.46805980412877],[11.063924745134127,47.46803696098425],[11.063906979870143,47.468],[11.063924745134127,47.46796303901576],[11.063971255199055,47.467940195871236],[11.064028744800945,47.467940195871236],[11.064075254865873,47.46796303901576],[11.064093020129857,47.468]]]}}]}