{"type":"FeatureCollection","features":[{"type":"Feature","id":4821009,"properties":{"kind":"lift","name":"TPH Plan de l'Aiguille","subtype":"cable_car","status":"active"},"geometry":{"type":"LineString","coordinates":[[6.8701383,45.9181363],[6.8798222,45.9072595],[6.8816375,45.9052217],[6.8832472,45.9034147],[6.884781,45.9016928],[6.884819,45.9016501]]}},{"type":"Feature","id":4821092,"properties":{"kind":"lift","name":"Brévent","subtype":"cable_car","status":"active"},"geometry":{"type":"LineString","coordinates":[[6.8538115,45.9355164],[6.8378907,45.9333613]]}},{"type":"Feature","id":22876846,"properties":{"kind":"lift","name":"Col Cornu","subtype":"chair_lift","status":"active"},"geometry":{"type":"LineString","coordinates":[[6.8601283,45.9425548],[6.8599396,45.9430908],[6.8594911,45.9443688],[6.8591441,45.9453336],[6.858742,45.9464947],[6.8585104,45.9471499],[6.8581591,45.9481633],[6.8578924,45.948916],[6.8578797,45.9489785],[6.8574983,45.9500705],[6.8574075,45.9503064],[6.8568724,45.9518247],[6.8563745,45.9532609],[6.8561851,45.9537782],[6.8561692,45.9538421],[6.8561291,45.9540035]]}},{"type":"Feature","id":22876847,"properties":{"kind":"lift","name":"Charlanon","subtype":"chair_lift","status":"active"},"geometry":{"type":"LineString","coordinates":[[6.8695011,45.9483318],[6.8688146,45.9483253],[6.8677254,45.9483149],[6.867422,45.948312],[6.866017,45.9482986],[6.8652487,45.9482913],[6.86434,45.9482826],[6.8639951,45.9482793]]}},{"type":"Feature","id":22876848,"properties":{"kind":"run","name":"Charlanon","subtype":"intermediate","pisteType":"downhill","featured":false},"geometry":{"type":"LineString","coordinates":[[6.85616,45.9541967],[6.8562053,45.954452],[6.8562271,45.9546292],[6.8560707,45.9550844],[6.856107,45.9552024],[6.8561693,45.9552208],[6.8565005,45.9551932],[6.8568324,45.9550803],[6.8574702,45.9547502],[6.8579762,45.9543685],[6.8580716,45.9542373],[6.8582974,45.9540743],[6.8585341,45.9540003],[6.8591413,45.9540985],[6.8599041,45.9541389],[6.8609637,45.9540218],[6.8616204,45.9539184],[6.8618156,45.9538367],[6.8618907,45.9537068],[6.8618767,45.95352],[6.8617702,45.9533349],[6.8614777,45.9530647],[6.8613865,45.9529105],[6.8611948,45.9523455],[6.8611749,45.9519139],[6.8611255,45.9509713],[6.8612297,45.9505549],[6.8614832,45.949997],[6.8618986,45.9492042],[6.8621237,45.949012],[6.8623478,45.9489019],[6.8629979,45.9485993],[6.8631986,45.9484478],[6.8633601,45.948246],[6.8634117,45.9480691],[6.8635328,45.9478221]]}},{"type":"Feature","id":22876874,"properties":{"kind":"run","name":"Combe Vioz","subtype":"easy","pisteType":"downhill","featured":false},"geometry":{"type":"LineString","coordinates":[[6.8534004,45.9361878],[6.8534878,45.9362475],[6.8535533,45.9363146],[6.8536063,45.9363884],[6.8536704,45.9365243],[6.8537515,45.936706],[6.853922,45.9369074],[6.8541465,45.9370854],[6.8541938,45.937172],[6.8542142,45.9372913],[6.8542013,45.9373845],[6.8541568,45.9374599],[6.8535825,45.9381033],[6.8535527,45.9383877],[6.8537851,45.938789],[6.8539499,45.9390071]]}},{"type":"Feature","id":23186071,"properties":{"kind":"run","name":"Coqs","subtype":"easy","pisteType":"downhill","featured":false},"geometry":{"type":"LineString","coordinates":[[6.9416815,45.9607589],[6.9412742,45.9607146],[6.9410161,45.9607414],[6.9407603,45.960773],[6.9404648,45.960779],[6.9400807,45.9607554],[6.939856,45.960716],[6.939571,45.9606263],[6.9393324,45.9605549],[6.9389879,45.9604937],[6.9387268,45.9605141],[6.9384966,45.9605383],[6.9381674,45.9605739],[6.937952,45.9606271],[6.9376844,45.9606685],[6.9374624,45.9606951]]}},{"type":"Feature","id":23186072,"properties":{"kind":"run","name":"Marmottons","subtype":"easy","pisteType":"downhill","featured":false},"geometry":{"type":"LineString","coordinates":[[6.9355913,45.9606232],[6.9357186,45.960635],[6.9360599,45.9605782],[6.9368607,45.9605901],[6.937033,45.9606104],[6.9372169,45.9606451],[6.9374624,45.9606951],[6.9377787,45.9608113],[6.9381401,45.9609638],[6.9384963,45.9611822],[6.9387256,45.9615029],[6.938907,45.9617147],[6.9393286,45.9622249],[6.9396647,45.9627196],[6.9397432,45.9628596],[6.9403396,45.9639233],[6.941725,45.9649107],[6.9420414,45.9651737],[6.9426999,45.9657212],[6.9428803,45.9658984],[6.9430056,45.9660696],[6.9435872,45.9669308],[6.9436716,45.9670411],[6.9436729,45.9675202],[6.9436229,45.967758]]}},{"type":"Feature","id":23186073,"properties":{"kind":"run","name":"Pierre à Ric","subtype":"intermediate","pisteType":"downhill","featured":false},"geometry":{"type":"LineString","coordinates":[[6.9435516,45.9681462],[6.9437659,45.9682521],[6.9439915,45.9684142],[6.9441409,45.9685868],[6.9441779,45.9688381],[6.9443879,45.9689811],[6.9446225,45.9690904],[6.9448979,45.9691694],[6.9454678,45.9692139],[6.9456971,45.9692441],[6.9459206,45.9693073],[6.946376,45.9695902],[6.9467466,45.96987],[6.9471326,45.9700472],[6.9476669,45.970224],[6.9477707,45.9702744],[6.9478244,45.970317],[6.9479806,45.9707287],[6.9481118,45.9709155],[6.9483204,45.9711003],[6.9491246,45.9717249],[6.949281,45.9718628],[6.9493212,45.9719615],[6.9493232,45.9720832],[6.9491575,45.9722602],[6.9489646,45.9725759],[6.9488585,45.9729212],[6.9489897,45.9732554],[6.9493498,45.9735719],[6.9497034,45.9738672],[6.9497766,45.9739644],[6.9497843,45.9740577],[6.9497022,45.9741599],[6.9496263,45.9742204],[6.9490919,45.974442],[6.9477442,45.9745768],[6.9461849,45.9745525],[6.9446784,45.9744246],[6.9423975,45.9744803],[6.9394308,45.9746896],[6.9372871,45.9750352],[6.936903,45.975231],[6.9365395,45.975509],[6.9360768,45.9762481],[6.9358598,45.9764715],[6.9354837,45.9766186],[6.9343988,45.9768982],[6.9336421,45.9771657],[6.9318261,45.9779589],[6.931464,45.9780468],[6.9293033,45.9783204],[6.9285317,45.9784319],[6.9283945,45.9784893],[6.9282467,45.9785703],[6.9279048,45.9786712],[6.9277413,45.97875],[6.9277295,45.9788138],[6.9277509,45.9788436],[6.9282173,45.9790112]]}},{"type":"Feature","id":23186074,"properties":{"kind":"lift","name":"Charamillon","subtype":"gondola","status":"active"},"geometry":{"type":"LineString","coordinates":[[6.9473757,46.0041261],[6.9474714,46.0042408],[6.947772,46.0046013],[6.9489258,46.0059848],[6.9509935,46.0084641],[6.95211,46.0098028],[6.9535605,46.0115419],[6.9551216,46.0134135],[6.9558296,46.0142957],[6.9560863,46.0145981],[6.9562686,46.014816]]}},{"type":"Feature","id":23186075,"properties":{"kind":"run","name":"Arve","subtype":"easy","pisteType":"downhill","featured":false},"geometry":{"type":"LineString","coordinates":[[6.9590424,46.0193312],[6.9588926,46.0191389],[6.958378,46.0184787],[6.9580964,46.0181569],[6.9576895,46.0176918],[6.9572083,46.0173826],[6.9570835,46.0169071],[6.9570337,46.0158944],[6.9570229,46.0158683],[6.9568675,46.0154921],[6.956811,46.0153553],[6.9565095,46.0147443],[6.95636,46.0146645],[6.9561761,46.0146033],[6.9561285,46.014531],[6.9560962,46.0142798],[6.9560756,46.0141196],[6.9561051,46.0140898],[6.9561529,46.01407],[6.9563024,46.014105]]}},{"type":"Feature","id":23186402,"properties":{"kind":"lift","name":"Autannes","subtype":"chair_lift","status":"active"},"geometry":{"type":"LineString","coordinates":[[6.9563024,46.014105],[6.9565801,46.0142306],[6.9571683,46.0144965],[6.9585824,46.0151358],[6.9604732,46.0159907],[6.9625849,46.0169454],[6.9642351,46.0176914],[6.9659548,46.0184689],[6.9665151,46.0187222],[6.9683919,46.0195707],[6.9695529,46.0200955],[6.9703061,46.020436],[6.9705779,46.0205589]]}},{"type":"Feature","id":23186403,"properties":{"kind":"lift","name":"Plan des Reines","subtype":"platter","status":"active"},"geometry":{"type":"LineString","coordinates":[[6.9526868,46.0219468],[6.9532412,46.0225964],[6.9537551,46.0231943],[6.9541993,46.023722],[6.9550578,46.0247188],[6.9555535,46.0252982],[6.9563469,46.0262261],[6.9566906,46.0266271],[6.9571618,46.0271781],[6.9577131,46.0278267],[6.9584007,46.0286276],[6.958779,46.0290749],[6.9594559,46.0298257],[6.960337,46.03026],[6.9611766,46.030319],[6.9621225,46.0303796],[6.9624355,46.030396]]}},{"type":"Feature","id":23186404,"properties":{"kind":"lift","name":"Col de Balme","subtype":"platter","status":"active"},"geometry":{"type":"LineString","coordinates":[[6.958815,46.0195822],[6.9596639,46.0200519],[6.9608913,46.0207689],[6.9621066,46.0214643],[6.9633228,46.0221556],[6.9642685,46.0227009],[6.9645452,46.0228571],[6.9653681,46.0233217],[6.9662839,46.02387],[6.9672024,46.0243538],[6.9676931,46.0246399],[6.9679126,46.024752]]}},{"type":"Feature","id":23186405,"properties":{"kind":"lift","name":"Arve","subtype":"platter","status":"active"},"geometry":{"type":"LineString","coordinates":[[6.9572801,46.0155164],[6.9580247,46.0158884],[6.9589099,46.0163296],[6.9600388,46.0169054],[6.9613544,46.0175678],[6.9631764,46.0184814],[6.9641035,46.0189479],[6.9649786,46.0193885],[6.9663885,46.0200985],[6.966864,46.020344]]}},{"type":"Feature","id":23186407,"properties":{"kind":"run","name":"Solonges Bas","subtype":"intermediate","pisteType":"downhill","featured":false},"geometry":{"type":"LineString","coordinates":[[6.9633192,46.0260118],[6.9627813,46.0253593],[6.9622636,46.0247475],[6.9617988,46.0243749],[6.9614426,46.0241139],[6.9610707,46.023669],[6.9599743,46.0228141],[6.9586002,46.0219139],[6.9578642,46.021445],[6.9575266,46.021204],[6.9573633,46.0209441],[6.9574979,46.0207313],[6.9576363,46.0206486]]}},{"type":"Feature","id":23186411,"properties":{"kind":"run","name":"Ecuries","subtype":"intermediate","pisteType":"downhill","featured":false},"geometry":{"type":"LineString","coordinates":[[6.970753,46.0206395],[6.9707578,46.0205891],[6.9707475,46.0205555],[6.9706903,46.0204749],[6.9700901,46.0200212],[6.9696368,46.0197346],[6.9679252,46.0189123],[6.9673583,46.0186637],[6.9659966,46.0182582],[6.9655616,46.0181879],[6.9655322,46.0181831],[6.9630904,46.0179101],[6.9622082,46.0177087],[6.9613842,46.0173103],[6.9602503,46.0166823],[6.9592362,46.0161162],[6.9589142,46.0160137],[6.958457,46.0158307],[6.9578134,46.0154887],[6.9577126,46.0154351],[6.9574714,46.0152522]]}},{"type":"Feature","id":23189489,"properties":{"kind":"lift","name":"Aiguillette","subtype":"platter","status":"active"},"geometry":{"type":"LineString","coordinates":[[6.9508323,46.0211512],[6.9501355,46.0209952],[6.9490775,46.0207435],[6.9479981,46.0204488],[6.9471035,46.0202302],[6.9459937,46.0199592],[6.9451552,46.0197543],[6.9443928,46.0195681],[6.9433152,46.0193049],[6.9425497,46.0191141],[6.9423884,46.0190633]]}},{"type":"Feature","id":23266365,"properties":{"kind":"lift","name":"Retour Pendant","subtype":"chair_lift","status":"active"},"geometry":{"type":"LineString","coordinates":[[6.9232454,45.9600481],[6.9241414,45.9600939],[6.9253835,45.9601523],[6.9265752,45.9602079],[6.9281586,45.9602815],[6.9297169,45.96035],[6.9307477,45.9603993],[6.9308815,45.9604053],[6.9323932,45.9604737],[6.9325442,45.9604827],[6.9331132,45.9605092],[6.9342348,45.9605612],[6.9353164,45.9606115],[6.9355913,45.9606232]]}},{"type":"Feature","id":23266367,"properties":{"kind":"lift","name":"Bochard","subtype":"gondola","status":"active"},"geometry":{"type":"LineString","coordinates":[[6.9429426,45.967907],[6.9429784,45.967671],[6.9430975,45.966562],[6.9434194,45.9635782],[6.9435433,45.9623986],[6.9436459,45.9614387],[6.9436581,45.9613246],[6.9439592,45.958456],[6.9439657,45.9583404],[6.9443469,45.954803],[6.944455,45.9537351],[6.9448572,45.9499063],[6.9450535,45.9480472]]}},{"type":"Feature","id":23266370,"properties":{"kind":"lift","name":"La Herse","subtype":"chair_lift","status":"active"},"geometry":{"type":"LineString","coordinates":[[6.9445075,45.96804],[6.9447003,45.9678037],[6.9447382,45.9677556],[6.9453163,45.9670459],[6.9460698,45.9661204],[6.9473797,45.9645037],[6.9483882,45.9632619],[6.9495278,45.9618587],[6.9508347,45.9602496],[6.9518981,45.9589401],[6.952766,45.9578753]]}},{"type":"Feature","id":23266459,"properties":{"kind":"lift","name":"Dolonne","subtype":"gondola","status":"active"},"geometry":{"type":"LineString","coordinates":[[6.9638265,45.7925897],[6.9633215,45.7925613],[6.9622252,45.7924996],[6.9606598,45.7924116],[6.9594904,45.7923458],[6.9578431,45.7922532],[6.9555899,45.7921265],[6.9538201,45.792027],[6.9526151,45.7919592],[6.9524455,45.7919496],[6.9477789,45.7916872],[6.9471973,45.7916545]]}},{"type":"Feature","id":23266529,"properties":{"kind":"lift","name":"Checrouit","subtype":"gondola","status":"active"},"geometry":{"type":"LineString","coordinates":[[6.9434554,45.7904273],[6.9428068,45.790174],[6.9421582,45.7899206],[6.9405237,45.7892822],[6.9393277,45.7888151],[6.9374703,45.7880896],[6.936345,45.78765],[6.935961,45.7875],[6.9340523,45.7867545],[6.9328909,45.7863008],[6.9310707,45.7855898],[6.9293109,45.7849024],[6.9276398,45.7842496],[6.9259944,45.7836069],[6.9240263,45.7828381],[6.9235971,45.7826704]]}},{"type":"Feature","id":23266530,"properties":{"kind":"lift","name":"Pra Neyron","subtype":"chair_lift","status":"active"},"geometry":{"type":"LineString","coordinates":[[6.9462081,45.7909264],[6.9454205,45.7911039],[6.9436815,45.7914959],[6.9417686,45.791927],[6.9405968,45.7921911],[6.9386288,45.7926347],[6.9370382,45.7929931],[6.9363493,45.7931484],[6.9354657,45.7933475],[6.9336801,45.79375],[6.933222,45.7938532],[6.932683,45.7939747]]}},{"type":"Feature","id":23267264,"properties":{"kind":"lift","name":"Bertolini","subtype":"chair_lift","status":"active"},"geometry":{"type":"LineString","coordinates":[[6.9264911,45.79413],[6.9262733,45.7936355],[6.9260193,45.7930589],[6.9256101,45.7921298],[6.9252008,45.7912007],[6.9245226,45.7896609],[6.9241854,45.7888955],[6.9237841,45.7879843],[6.9231289,45.7864966],[6.9226722,45.7854597],[6.9220764,45.7841068],[6.9219208,45.7837536],[6.921456,45.7826981],[6.92116,45.7821455]]}},{"type":"Feature","id":23267265,"properties":{"kind":"lift","name":"Zerotta","subtype":"chair_lift","status":"active"},"geometry":{"type":"LineString","coordinates":[[6.9244199,45.8004011],[6.9254548,45.8002922],[6.9267914,45.8001516],[6.9280855,45.8000154],[6.9290223,45.7999169],[6.9298947,45.7998251],[6.9302169,45.7997912],[6.9320138,45.7996022],[6.9333339,45.7994633],[6.9351802,45.799269],[6.9375051,45.7990244],[6.9390788,45.7988588],[6.9396086,45.7988031]]}},{"type":"Feature","id":23267266,"properties":{"kind":"lift","name":"Plan de la Gabba","subtype":"chair_lift","status":"active"},"geometry":{"type":"LineString","coordinates":[[6.9144507,45.7860323],[6.9145925,45.7857613],[6.9148597,45.7852509],[6.9153553,45.7843039],[6.9160759,45.7829272],[6.9166575,45.7818159],[6.9171104,45.7809506],[6.9174187,45.7803613],[6.9177953,45.7796419],[6.918274,45.7787271]]}},{"type":"Feature","id":23267267,"properties":{"kind":"lift","name":"Youla","subtype":"cable_car","status":"active"},"geometry":{"type":"LineString","coordinates":[[6.9227235,45.7827444],[6.9221202,45.7822511],[6.9128402,45.7746622],[6.911016,45.7731703]]}},{"type":"Feature","id":23269379,"properties":{"kind":"run","name":"Youla","subtype":"intermediate","pisteType":"downhill","featured":false},"geometry":{"type":"LineString","coordinates":[[6.911016,45.7731703],[6.9110098,45.7730968],[6.9111753,45.773021],[6.9113529,45.7730121],[6.9114605,45.7730407],[6.9118827,45.773196],[6.9126164,45.773509],[6.9134324,45.7737933],[6.9135204,45.7738383],[6.9143173,45.7740874],[6.9147129,45.774211],[6.916739,45.7748634],[6.9179475,45.7752159],[6.9188152,45.7754192],[6.9192164,45.7755621],[6.920174,45.7762085],[6.9204945,45.7764773],[6.9207625,45.7767863],[6.9208731,45.7773276],[6.9202733,45.7780286],[6.9198428,45.778343],[6.9195748,45.7785569],[6.9191617,45.7788507]]}},{"type":"Feature","id":23269382,"properties":{"kind":"run","name":"Mapped ski run","subtype":"intermediate","pisteType":"downhill","featured":false},"geometry":{"type":"LineString","coordinates":[[6.9225229,45.7826406],[6.9223688,45.7827831],[6.9222933,45.783053],[6.9221041,45.7831943],[6.9220804,45.783212]]}},{"type":"Feature","id":23269383,"properties":{"kind":"run","name":"Internazionale","subtype":"intermediate","pisteType":"downhill","featured":false},"geometry":{"type":"LineString","coordinates":[[6.9220804,45.783212],[6.9219583,45.7833031],[6.9216993,45.7833737],[6.9206985,45.7836748],[6.920037,45.7843245],[6.9196379,45.7848226],[6.9195533,45.7849331],[6.9194827,45.7851679],[6.9194473,45.7855016],[6.9195558,45.7858323],[6.9197839,45.7861189],[6.9205389,45.7866461],[6.9215199,45.7872823],[6.9221587,45.7876486],[6.9226244,45.7881111],[6.9232295,45.78896],[6.923524,45.7892525],[6.9240765,45.7895076],[6.9243303,45.7897211],[6.9246957,45.7903821],[6.9257882,45.7918877],[6.9259678,45.7923001],[6.9261192,45.792588],[6.9262922,45.792917],[6.9263809,45.7931482],[6.9265761,45.7939415],[6.9266706,45.7941127],[6.9265756,45.7941694],[6.9264911,45.79413]]}},{"type":"Feature","id":23269384,"properties":{"kind":"run","name":"Mapped ski run","subtype":"easy","pisteType":"downhill","featured":false},"geometry":{"type":"LineString","coordinates":[[6.9396086,45.7988031],[6.9397798,45.7987601],[6.9398787,45.7985173],[6.9395562,45.7986087],[6.9393983,45.7986226],[6.9391612,45.7986187],[6.9387486,45.7984456]]}},{"type":"Feature","id":23269385,"properties":{"kind":"run","name":"Pra Neyron","subtype":"easy","pisteType":"downhill","featured":false},"geometry":{"type":"LineString","coordinates":[[6.933431,45.7940062],[6.9335988,45.7943524],[6.9338623,45.7948262],[6.93455,45.7952373],[6.9351765,45.7956741],[6.9354506,45.7963118],[6.9359561,45.7963199],[6.9364778,45.7962856],[6.9382976,45.7959938],[6.9385648,45.7959565],[6.9387538,45.7958738],[6.9388757,45.7957731],[6.9388975,45.7956246],[6.9388657,45.7955304],[6.9388359,45.795442],[6.938651,45.7952396],[6.9385443,45.7949615],[6.9385127,45.7948793],[6.9383679,45.7945011],[6.938334,45.7941463],[6.9383389,45.7938545],[6.9383343,45.7937173],[6.9383358,45.7936906],[6.9383358,45.7935738],[6.9381949,45.7933864],[6.9380622,45.7932799],[6.93799,45.793222],[6.9378919,45.7930218],[6.9378112,45.792795],[6.9379016,45.7926601],[6.93799,45.7924998],[6.9381886,45.7922811],[6.9386588,45.7920973],[6.9392422,45.7920309],[6.9397511,45.7919064],[6.9399241,45.7916968],[6.9399442,45.7914649],[6.9399789,45.7911432],[6.9399541,45.7910048],[6.9399962,45.7908251],[6.9400866,45.79044],[6.9402284,45.7903159],[6.9407725,45.7902376],[6.9414764,45.7901678],[6.9421159,45.7899521],[6.9424209,45.7899128],[6.94283,45.7898399],[6.9429063,45.789892],[6.9431126,45.7900619],[6.9438278,45.79049]]}},{"type":"Feature","id":23575292,"properties":{"kind":"lift","name":"Coupe du Monde","subtype":"chair_lift","status":"active"},"geometry":{"type":"LineString","coordinates":[[6.7881418,45.8888905],[6.7874154,45.8887901],[6.7870889,45.888745],[6.7856946,45.8885523],[6.7846877,45.8884131],[6.7839252,45.8883077],[6.7836683,45.8882722],[6.7824084,45.8880981],[6.781251,45.8879382],[6.7793358,45.8876735],[6.7779608,45.8874834],[6.7771539,45.8873719]]}},{"type":"Feature","id":23575295,"properties":{"kind":"lift","name":"Crozat","subtype":"chair_lift","status":"active"},"geometry":{"type":"LineString","coordinates":[[6.7330401,45.8808784],[6.7337343,45.8808756],[6.7347418,45.8808715],[6.7349236,45.8808708],[6.7356199,45.880868],[6.7362485,45.8808655],[6.7368214,45.8808632],[6.7386426,45.8808558],[6.7398895,45.8808508],[6.7412167,45.8808455],[6.7422453,45.8808413],[6.7425563,45.8808401],[6.7425971,45.8808399],[6.7433044,45.880837],[6.7443737,45.8808327],[6.7454418,45.8808284],[6.7465923,45.8808238],[6.7485723,45.8808158],[6.7497027,45.8808113],[6.7500615,45.8808112]]}},{"type":"Feature","id":23575302,"properties":{"kind":"lift","name":"Prarion","subtype":"gondola","status":"active"},"geometry":{"type":"LineString","coordinates":[[6.7816415,45.8946008],[6.7797835,45.8940569],[6.7769596,45.8932296],[6.7750673,45.8926752],[6.7735219,45.8922225],[6.7710575,45.8915005],[6.7687232,45.8908124],[6.7665173,45.890163],[6.764172,45.8894811],[6.7615605,45.8887072],[6.7591363,45.8880017],[6.7574505,45.8875072],[6.7562069,45.8871495],[6.7548805,45.8867609],[6.7536207,45.8863918],[6.7534757,45.8863498],[6.7531066,45.8862349]]}},{"type":"Feature","id":23575304,"properties":{"kind":"lift","name":"Maison Neuve","subtype":"chair_lift","status":"active"},"geometry":{"type":"LineString","coordinates":[[6.7763441,45.8880162],[6.7754675,45.8877571],[6.7739067,45.8872957],[6.7732766,45.8871094],[6.7725318,45.8868892],[6.7716132,45.8866176],[6.7705197,45.8862944],[6.7691704,45.8858955],[6.768431,45.8856769],[6.7673289,45.8853511],[6.7665209,45.8851122],[6.7650032,45.8846635],[6.7639177,45.8843426],[6.7633357,45.8841705],[6.7629574,45.8840587],[6.7626828,45.8839775]]}},{"type":"Feature","id":23575308,"properties":{"kind":"lift","name":"Kandahar","subtype":"chair_lift","status":"active"},"geometry":{"type":"LineString","coordinates":[[6.7616442,45.8840682],[6.760978,45.8838981],[6.7591448,45.8834395],[6.7579531,45.8831373],[6.7569975,45.8828998],[6.7553265,45.8824798],[6.753489,45.882018],[6.7513346,45.8814765],[6.7506477,45.8813038],[6.7503651,45.8812301]]}},{"type":"Feature","id":23575314,"properties":{"kind":"lift","name":"Bellevue","subtype":"cable_car","status":"active"},"geometry":{"type":"LineString","coordinates":[[6.7888652,45.8895997],[6.7849478,45.8831336],[6.7848865,45.8830325],[6.7793163,45.8738372]]}},{"type":"Feature","id":23575315,"properties":{"kind":"lift","name":"Plancerts","subtype":"platter","status":"active"},"geometry":{"type":"LineString","coordinates":[[6.7293062,45.8940774],[6.7297802,45.8940035],[6.7307746,45.8938485],[6.7323266,45.8936066],[6.7339044,45.8933607],[6.7353144,45.8927892],[6.7368215,45.8921783],[6.73819,45.8916236],[6.7397761,45.8909807],[6.7410355,45.8904702],[6.7423392,45.8899417],[6.7435087,45.8894676],[6.7440427,45.8892512]]}},{"type":"Feature","id":23575323,"properties":{"kind":"lift","name":"Grands Bois","subtype":"platter","status":"active"},"geometry":{"type":"LineString","coordinates":[[6.7761053,45.8781391],[6.7763062,45.8778057],[6.7765844,45.8772616],[6.7769921,45.8764612],[6.7774418,45.8755784],[6.7778944,45.8746837],[6.7780821,45.8743227],[6.7787446,45.8738846],[6.7788949,45.8737929]]}},{"type":"Feature","id":23575326,"properties":{"kind":"lift","name":"Voza-Prarion","subtype":"chair_lift","status":"active"},"geometry":{"type":"LineString","coordinates":[[6.7626033,45.8788432],[6.7619964,45.8789219],[6.7610304,45.8790605],[6.7596432,45.8792594],[6.7583098,45.8794507],[6.756925,45.8796493],[6.7555229,45.8798577],[6.7552507,45.8798895],[6.7531615,45.8801891],[6.7514896,45.8804289],[6.7504839,45.8805723]]}},{"type":"Feature","id":23575924,"properties":{"kind":"run","name":"Chamois","subtype":"easy","pisteType":"downhill","featured":false},"geometry":{"type":"LineString","coordinates":[[6.7491045,45.8866194],[6.7474513,45.8872728],[6.7470392,45.8873769],[6.7453716,45.8877521],[6.7449252,45.8881024],[6.7443793,45.8888447],[6.7443008,45.8889514],[6.7440427,45.8892512]]}},{"type":"Feature","id":23575929,"properties":{"kind":"run","name":"Les Aillouds Retour Télécabine","subtype":"easy","pisteType":"downhill","featured":false},"geometry":{"type":"LineString","coordinates":[[6.7750796,45.8870939],[6.7750253,45.8873893],[6.7749059,45.8877996],[6.7749274,45.8878882],[6.7749917,45.887975],[6.7751997,45.8880991],[6.7756535,45.8882205],[6.7758447,45.888326],[6.7759914,45.8884621],[6.7759855,45.8886977],[6.7760156,45.8893403],[6.7761263,45.8895209],[6.7763062,45.8897024],[6.7767732,45.8900572],[6.7770933,45.8901995],[6.7774414,45.8903234],[6.7793788,45.8906108],[6.7801366,45.8908593],[6.7806087,45.8909669],[6.7807015,45.8909925],[6.7807867,45.8910364],[6.7808846,45.8911218],[6.7809475,45.8911965],[6.7808899,45.8916753],[6.7809382,45.8919311],[6.7810351,45.8921502],[6.7816585,45.8927154],[6.7826548,45.892962],[6.7828399,45.8931408],[6.7828877,45.893319],[6.7828533,45.8934992],[6.7827577,45.8936664],[6.7824513,45.8939919],[6.7819752,45.8943937],[6.7816415,45.8946008]]}},{"type":"Feature","id":23575932,"properties":{"kind":"run","name":"Aillouds","subtype":"easy","pisteType":"downhill","featured":false},"geometry":{"type":"LineString","coordinates":[[6.7624527,45.8771358],[6.7626226,45.8780182],[6.762767,45.8784924],[6.7627911,45.8788451],[6.7626033,45.8788432]]}},{"type":"Feature","id":25277191,"properties":{"kind":"lift","name":"Flégère","subtype":"gondola","status":"active"},"geometry":{"type":"LineString","coordinates":[[6.8852832,45.9417715],[6.8853037,45.9419883],[6.8853615,45.942598],[6.8856229,45.945358],[6.885882,45.9480935],[6.8861114,45.9505153],[6.8862582,45.9520648],[6.886482,45.9544272],[6.8866601,45.9563072],[6.8867902,45.9576812],[6.8869149,45.9589966],[6.887016,45.9600637],[6.8870417,45.9603353]]}},{"type":"Feature","id":25283855,"properties":{"kind":"lift","name":"Index","subtype":"chair_lift","status":"active"},"geometry":{"type":"LineString","coordinates":[[6.8855957,45.9600514],[6.8847206,45.9606303],[6.8838436,45.9612102],[6.8821496,45.9623305],[6.8810604,45.9630507],[6.8802643,45.9635771],[6.8787452,45.9645816],[6.8775391,45.9653791],[6.8767212,45.96592],[6.8749297,45.9671046],[6.8744223,45.9674401],[6.874244,45.9675579],[6.8730793,45.9683281],[6.8728469,45.9684816]]}},{"type":"Feature","id":25970098,"properties":{"kind":"lift","name":"Glacier des Bossons","subtype":"chair_lift","status":"active"},"geometry":{"type":"LineString","coordinates":[[6.8399251,45.9004482],[6.8403721,45.9001409],[6.8410463,45.8996858],[6.8419202,45.8990988],[6.8423148,45.8988251],[6.8434329,45.8980771],[6.8443545,45.8974643],[6.8450295,45.8970115],[6.8452727,45.8968487],[6.8466251,45.8959357],[6.8474359,45.8953889],[6.8480447,45.8949763],[6.8492715,45.8941498]]}},{"type":"Feature","id":32759063,"properties":{"kind":"run","name":"Mapped ski run","subtype":"intermediate","pisteType":"nordic","featured":false},"geometry":{"type":"LineString","coordinates":[[6.9027277,45.941787],[6.9027223,45.9417432],[6.9026892,45.9416347],[6.9026615,45.9415323],[6.9026497,45.9414506],[6.9026465,45.9413786],[6.9026529,45.9413199],[6.9026818,45.941256],[6.9027277,45.9411966],[6.9027747,45.9411469],[6.9028216,45.9410956],[6.9028558,45.9410392],[6.9028964,45.9409575]]}},{"type":"Feature","id":33554872,"properties":{"kind":"run","name":"Mapped ski run","subtype":"intermediate","pisteType":"nordic","featured":false},"geometry":{"type":"LineString","coordinates":[[6.9327641,45.9832216],[6.9323315,45.9829813],[6.9320411,45.982958],[6.9318044,45.9828731],[6.9317049,45.9827865]]}},{"type":"Feature","id":33581132,"properties":{"kind":"run","name":"Chemin des Glaciers","subtype":"intermediate","pisteType":"nordic","featured":false},"geometry":{"type":"LineString","coordinates":[[6.9324691,45.9818909],[6.932636,45.981808],[6.9327271,45.981752],[6.9327982,45.9816938],[6.9328438,45.9816407],[6.9328739,45.9815843],[6.9329008,45.9815065],[6.9329182,45.9813718],[6.9329189,45.9813098],[6.9329061,45.9812357],[6.9328971,45.9812102],[6.9328807,45.9811635],[6.9328411,45.981089],[6.9327942,45.9810181],[6.9327714,45.9809641],[6.9327499,45.9808998],[6.9327184,45.9807348],[6.932709,45.9806854],[6.9326875,45.9806342],[6.932656,45.9805853],[6.9325628,45.9804562],[6.9325313,45.9804063],[6.9325065,45.9803383],[6.9324978,45.9802954],[6.9324984,45.9802502],[6.9325065,45.9802046],[6.93253,45.9800988],[6.9325628,45.9799543],[6.932579,45.9798768]]}},{"type":"Feature","id":33581134,"properties":{"kind":"run","name":"Chemin des Glaciers","subtype":"intermediate","pisteType":"nordic","featured":false},"geometry":{"type":"LineString","coordinates":[[6.932579,45.9798768],[6.9325667,45.9796912]]}},{"type":"Feature","id":37281902,"properties":{"kind":"run","name":"Mapped ski run","subtype":"easy","pisteType":"nordic","featured":false},"geometry":{"type":"LineString","coordinates":[[6.9245377,46.0237047],[6.9244737,46.0237511]]}},{"type":"Feature","id":39222100,"properties":{"kind":"lift","name":"TK Vormaine 2","subtype":"platter","status":"active"},"geometry":{"type":"LineString","coordinates":[[6.9478041,46.0022255],[6.9484467,46.0024816],[6.9496689,46.0029458],[6.9507869,46.0033776],[6.9520702,46.0038662],[6.9534685,46.0043997],[6.9544754,46.0047825],[6.9549986,46.0049813],[6.9551559,46.0050411]]}},{"type":"Feature","id":39222101,"properties":{"kind":"lift","name":"Vormaine 3","subtype":"platter","status":"active"},"geometry":{"type":"LineString","coordinates":[[6.947742,46.0022811],[6.9484373,46.0025657],[6.9496395,46.0030342],[6.9507473,46.0034671],[6.9520231,46.0039705],[6.9531391,46.0044061],[6.9539301,46.0047176],[6.9546598,46.0050009],[6.9556441,46.005388],[6.955809,46.0054442]]}},{"type":"Feature","id":39631412,"properties":{"kind":"run","name":"Mapped ski run","subtype":"intermediate","pisteType":"nordic","featured":false},"geometry":{"type":"LineString","coordinates":[[6.923194,46.0248091],[6.9231939,46.0247854],[6.9232003,46.0247646]]}},{"type":"Feature","id":39902470,"properties":{"kind":"run","name":"Mapped ski run","subtype":"intermediate","pisteType":"nordic","featured":false},"geometry":{"type":"LineString","coordinates":[[6.9301267,45.9787391],[6.9302213,45.9789032],[6.9302035,45.9791528],[6.9302168,45.9793554],[6.9301146,45.9794865],[6.9299457,45.9796148],[6.9298816,45.9796635],[6.9297853,45.9796825],[6.9296769,45.9796857],[6.9295264,45.9796897],[6.9294146,45.9797123],[6.929267,45.979745],[6.9291471,45.9797979],[6.9290887,45.979834],[6.9290741,45.9798824],[6.9290822,45.979932],[6.9291227,45.9799894],[6.9291973,45.9800582],[6.9292524,45.9801179],[6.9292735,45.980181],[6.9292735,45.9802407],[6.9292054,45.9803117],[6.9291308,45.9803905],[6.92904,45.9804593],[6.928959,45.9805088]]}},{"type":"Feature","id":42681322,"properties":{"kind":"lift","name":"TS Planards","subtype":"chair_lift","status":"active"},"geometry":{"type":"LineString","coordinates":[[6.8803953,45.9250515],[6.8813156,45.9252162],[6.882583,45.925443],[6.8840897,45.9257127],[6.8854391,45.9259542],[6.886942,45.9262232],[6.8877532,45.9263683],[6.8880508,45.9264216]]}},{"type":"Feature","id":44644829,"properties":{"kind":"run","name":"Mapped ski run","subtype":"easy","pisteType":"nordic","featured":false},"geometry":{"type":"LineString","coordinates":[[6.7768089,45.900712],[6.7767955,45.9007354],[6.7768036,45.900887],[6.776808,45.9010162],[6.7767955,45.9012599]]}},{"type":"Feature","id":44644832,"properties":{"kind":"run","name":"Mapped ski run","subtype":"easy","pisteType":"nordic","featured":false},"geometry":{"type":"LineString","coordinates":[[6.7768598,45.9006724],[6.7768089,45.900712]]}},{"type":"Feature","id":49802960,"properties":{"kind":"run","name":"Caisets","subtype":"intermediate","pisteType":"downhill","featured":false},"geometry":{"type":"LineString","coordinates":[[6.9561761,46.0146033],[6.9561144,46.0145764],[6.9559995,46.0145264],[6.9558069,46.0144361],[6.9557489,46.0144089],[6.9555121,46.0142568],[6.9554455,46.0142141],[6.955371,46.0141701],[6.9551398,46.0140335],[6.9547433,46.0139872],[6.9546287,46.0139544],[6.9541291,46.0139315],[6.953987,46.0138988],[6.9538313,46.0138913],[6.9537227,46.0137878],[6.9536209,46.0135317],[6.9534767,46.0131953],[6.9534722,46.0131501],[6.9533173,46.0127463],[6.9530255,46.0124049],[6.9525709,46.0121296],[6.9524956,46.0119752],[6.9524071,46.0118708],[6.9523991,46.0118904],[6.9523251,46.0115552],[6.9523228,46.0111576],[6.9522952,46.0110493],[6.9520752,46.01051],[6.9520763,46.0104805],[6.9520779,46.0104774],[6.9521929,46.0103625],[6.9522052,46.0102234],[6.9521812,46.0102371],[6.9520605,46.0100061],[6.9518177,46.009703],[6.9512289,46.0090637],[6.9505775,46.0084864],[6.9502144,46.0082664],[6.9500503,46.0081382],[6.9499013,46.0079651],[6.9498843,46.0079568],[6.9498477,46.007841],[6.9498757,46.0077689],[6.9500283,46.0075473],[6.9500353,46.0075342],[6.9503384,46.0072067],[6.9503191,46.0070011],[6.9501314,46.006767],[6.9491527,46.0055976],[6.9482281,46.0044152],[6.9480338,46.0041962],[6.9478688,46.0040677],[6.9477927,46.0040085],[6.9477352,46.0039638],[6.9474696,46.0039791],[6.9473757,46.0041261]]}},{"type":"Feature","id":50004235,"properties":{"kind":"run","name":"Mapped ski run","subtype":"intermediate","pisteType":"nordic","featured":false},"geometry":{"type":"LineString","coordinates":[[6.9018285,45.9450705],[6.9017778,45.9450352],[6.9016899,45.9449835],[6.9015757,45.9449361],[6.9014124,45.9448728],[6.9013181,45.9448327],[6.9012448,45.9447861],[6.9011537,45.944717],[6.9010867,45.9446485],[6.9010614,45.9446085],[6.9010451,45.9445521],[6.9010495,45.9444949]]}},{"type":"Feature","id":51752652,"properties":{"kind":"run","name":"Crochues","subtype":"intermediate","pisteType":"downhill","featured":false},"geometry":{"type":"LineString","coordinates":[[6.8750602,45.973972],[6.8748975,45.9741015],[6.8747918,45.9743384],[6.8747486,45.9746321],[6.8747582,45.9751693],[6.874968,45.9754635],[6.8752505,45.9758266],[6.8754411,45.9759542],[6.8756247,45.9762879],[6.8755854,45.9765338],[6.8756908,45.9766682],[6.8769066,45.9770343],[6.8775757,45.9772598],[6.8778977,45.9772876],[6.8782488,45.9772613],[6.8788043,45.9772955],[6.8793833,45.9773323],[6.8797575,45.9772808],[6.880208,45.9770987],[6.880972,45.9763656],[6.8813655,45.9758869],[6.8817233,45.9754517],[6.8818365,45.9753964],[6.881946,45.9753759],[6.8823246,45.9753817],[6.8825389,45.97532],[6.8827672,45.9751776],[6.8829354,45.9750412],[6.8833614,45.9746053],[6.8836579,45.9743118],[6.883906,45.9739793],[6.8841237,45.973767],[6.884244,45.9736338],[6.884353,45.9735199],[6.8844543,45.9734234],[6.8845331,45.9733397],[6.8846366,45.9731309],[6.8847172,45.9728854],[6.884788,45.972597],[6.8848624,45.972445],[6.8849155,45.9723564],[6.8850445,45.9722217],[6.8852386,45.9720845],[6.8855106,45.971958],[6.8858035,45.9718496],[6.8860741,45.9717812],[6.8863659,45.9717246],[6.8866655,45.9717059],[6.88692,45.9717295],[6.8872559,45.9717522],[6.8873454,45.9717263],[6.887413,45.9716719],[6.8874729,45.9715671],[6.8874768,45.9714311],[6.887439,45.9712641],[6.887417,45.9709938],[6.8873834,45.9707734],[6.8873543,45.9706388]]}},{"type":"Feature","id":51753036,"properties":{"kind":"run","name":"Lachenal","subtype":"intermediate","pisteType":"downhill","featured":false},"geometry":{"type":"LineString","coordinates":[[6.8727022,45.9686073],[6.8726379,45.9686512]]}},{"type":"Feature","id":52124024,"properties":{"kind":"run","name":"Les Posettes","subtype":"easy","pisteType":"downhill","featured":false},"geometry":{"type":"LineString","coordinates":[[6.9423884,46.0190633],[6.94236,46.018878],[6.942382,46.018725],[6.94234,46.018532],[6.94235,46.018432],[6.942446,46.018381],[6.942636,46.018401],[6.942773,46.018449],[6.942984,46.01858],[6.943411,46.018942],[6.943491,46.018984],[6.943608,46.019002],[6.943703,46.018981],[6.943933,46.018868],[6.944023,46.018862],[6.944097,46.018888],[6.944164,46.018944],[6.944354,46.019169],[6.944472,46.019247],[6.944752,46.019358],[6.944923,46.019468],[6.945286,46.019781],[6.945388,46.01983],[6.945544,46.019871],[6.945683,46.01993],[6.9459434,46.0201472],[6.94625,46.020403],[6.946676,46.02072],[6.946779,46.020811],[6.946926,46.021038],[6.947068,46.021186],[6.947198,46.021437],[6.947285,46.021564],[6.947555,46.021855],[6.947727,46.021961],[6.947829,46.022062],[6.948011,46.022369],[6.948232,46.022629],[6.948447,46.022949],[6.948881,46.02331],[6.948973,46.023368],[6.949252,46.023467],[6.949347,46.023479],[6.9495101,46.0234475],[6.949659,46.023405],[6.949873,46.023371],[6.949993,46.023342],[6.950208,46.023241],[6.95029,46.023247],[6.950402,46.023287],[6.950475,46.023284],[6.950952,46.02301],[6.951423,46.022793],[6.951534,46.022721],[6.951653,46.022604],[6.951801,46.022492],[6.9518691,46.0224832],[6.9519308,46.0224613],[6.9520573,46.0224011],[6.9522463,46.0222971],[6.9525754,46.0220889],[6.9526868,46.0219468]]}},{"type":"Feature","id":52124025,"properties":{"kind":"run","name":"Aiguillette","subtype":"intermediate","pisteType":"downhill","featured":false},"geometry":{"type":"LineString","coordinates":[[6.9423884,46.0190633],[6.9423418,46.0192092],[6.9425263,46.0192897],[6.9427172,46.0193492],[6.9437557,46.0196161],[6.9457993,46.0201481],[6.9459434,46.0201472],[6.9506134,46.0213463],[6.9508035,46.0213733],[6.9510088,46.0213528]]}},{"type":"Feature","id":52124029,"properties":{"kind":"run","name":"Alpages","subtype":"easy","pisteType":"downhill","featured":false},"geometry":{"type":"LineString","coordinates":[[6.9624355,46.030396],[6.9625078,46.0304583],[6.9625556,46.0303554],[6.9617199,46.0301089],[6.9611022,46.0300196],[6.9600599,46.0299124],[6.9597897,46.0297605],[6.9588761,46.0289028],[6.9578338,46.026982],[6.957229,46.0264727],[6.9570617,46.0262672],[6.9567271,46.0256597],[6.9553688,46.0240619],[6.9547719,46.0234769],[6.9528995,46.0219974],[6.9528259,46.0219583],[6.9526868,46.0219468]]}},{"type":"Feature","id":52127550,"properties":{"kind":"run","name":"Béchat","subtype":"intermediate","pisteType":"downhill","featured":false},"geometry":{"type":"LineString","coordinates":[[6.9624439,46.0305873],[6.9614825,46.0306061],[6.96043,46.0305897],[6.9595406,46.0302237],[6.9585194,46.0299447],[6.9579528,46.0295742],[6.9563057,46.0281562],[6.9558577,46.0274975],[6.9557503,46.0271653],[6.9555942,46.0266832],[6.9555015,46.0264074],[6.9553863,46.0260505],[6.9552055,46.0254619],[6.9550387,46.0252592],[6.9545962,46.0246903],[6.9542699,46.024277],[6.9540465,46.0239134],[6.953823,46.0235498],[6.953376,46.0230484],[6.9527758,46.0225777],[6.9525932,46.0221211],[6.9525754,46.0220889],[6.9524663,46.0218912],[6.9523893,46.0217517],[6.9523921,46.0216154]]}},{"type":"Feature","id":52376681,"properties":{"kind":"run","name":"Mapped ski run","subtype":"easy","pisteType":"nordic","featured":false},"geometry":{"type":"LineString","coordinates":[[7.0928489,45.9282853],[7.0933718,45.9280143],[7.0934489,45.9278834],[7.0935226,45.9277187],[7.0935868,45.9275203],[7.093613,45.9273146],[7.0937542,45.9270052],[7.0940056,45.9267889],[7.0941088,45.9266776],[7.0941417,45.9264623],[7.0942628,45.9261855],[7.0943283,45.9259729],[7.0944761,45.9258526],[7.0946833,45.925792],[7.09507,45.9257545],[7.0953705,45.9257337],[7.0957175,45.9257265],[7.0961065,45.9256345],[7.0962524,45.9255757],[7.0964441,45.9254761],[7.0968865,45.9249743],[7.0971461,45.9247071],[7.0977659,45.9238611],[7.0981893,45.9235743],[7.0984611,45.923396],[7.0990722,45.9227676],[7.0994043,45.9223949],[7.0998338,45.9220315],[7.0998603,45.9218652],[7.099909,45.9213169],[7.1003451,45.9208052],[7.1005536,45.920189],[7.1008433,45.9198538],[7.1011419,45.9194135],[7.1011812,45.919038],[7.1010365,45.9187604],[7.1009757,45.9185389],[7.1009631,45.9183702],[7.1013348,45.9182479],[7.1014488,45.9180522],[7.1015946,45.9177434],[7.1019019,45.9175843],[7.1020692,45.9173603],[7.1022616,45.9172541],[7.1024941,45.9172531],[7.102566,45.9176599],[7.1025853,45.9180041],[7.1023845,45.9187135],[7.1023525,45.9191514],[7.1021865,45.9194969],[7.1017341,45.9197625],[7.1016748,45.9197768],[7.1015604,45.9197728],[7.1014672,45.9198374],[7.1013045,45.9200477],[7.1007648,45.9204147],[7.1005751,45.9209631],[7.1003248,45.9216673],[7.0999945,45.9219928],[7.0997518,45.9224722],[7.0991828,45.9228643],[7.0990658,45.9230159],[7.0989389,45.9231535],[7.0987855,45.9232541],[7.0985567,45.9234333],[7.0983074,45.9235916],[7.0980652,45.923783],[7.0978824,45.9239131],[7.0977525,45.9240301],[7.0976145,45.9242688],[7.0971908,45.9247265],[7.096769,45.9251817],[7.0965757,45.9255068],[7.0964359,45.9256284],[7.0961966,45.9257423],[7.0958165,45.9258109],[7.0955777,45.9258008],[7.0953185,45.9257921],[7.0950506,45.9258329],[7.0948596,45.9259079],[7.0947915,45.926125],[7.0949661,45.9262074],[7.0952919,45.9260966],[7.0957384,45.9259929],[7.0960372,45.9260414],[7.0961248,45.9261925],[7.0956462,45.9268324],[7.0952644,45.9272961],[7.094712,45.9278965],[7.0947522,45.9286146],[7.0949027,45.9291587],[7.095129,45.9297493],[7.0949257,45.9300508],[7.0946951,45.9301601],[7.0945621,45.9302771],[7.0945553,45.9304303],[7.0946537,45.9306956],[7.0949024,45.9308268],[7.0954038,45.9310053],[7.0954411,45.9310535],[7.0955031,45.931146]]}},{"type":"Feature","id":56179773,"properties":{"kind":"lift","name":"Panoramic Mont Blanc","subtype":"cable_car","status":"active"},"geometry":{"type":"LineString","coordinates":[[6.9316539,45.8460038],[6.9279617,45.8491038],[6.9044058,45.8687274],[6.8907682,45.8770921],[6.8879441,45.8787696]]}},{"type":"Feature","id":65696131,"properties":{"kind":"run","name":"Mapped ski run","subtype":"easy","pisteType":"nordic","featured":false},"geometry":{"type":"LineString","coordinates":[[6.7811936,45.8965381],[6.7812105,45.8965027],[6.7812453,45.8964272],[6.7812909,45.8963572],[6.7814036,45.8962415],[6.7814961,45.8961808],[6.7816879,45.8960146],[6.7818837,45.8958648],[6.7819766,45.8958231],[6.782046,45.8957946],[6.7824014,45.8957057],[6.7825442,45.8956637],[6.7826119,45.8956422],[6.7826662,45.8956156],[6.7827433,45.8955727],[6.7827836,45.8955548],[6.7828258,45.8955391],[6.7828869,45.8955212],[6.7829504,45.895508],[6.7829942,45.8955051],[6.7830379,45.8955081],[6.78308,45.8955169],[6.7831188,45.8955312],[6.783153,45.8955504],[6.7831813,45.8955738],[6.7832026,45.8956005],[6.7832161,45.8956319],[6.7832194,45.8956646],[6.783214,45.8956925],[6.783201,45.8957191],[6.7831811,45.8957436],[6.7831255,45.8957944],[6.7830556,45.8958583],[6.7827098,45.8961799],[6.782459,45.896388],[6.7823739,45.8964449],[6.7822344,45.8965285],[6.7820439,45.8966437],[6.7819487,45.8967184],[6.7818753,45.8967659],[6.7817946,45.896805],[6.7817365,45.8968226],[6.7816753,45.8968339],[6.7816124,45.8968388],[6.7815469,45.8968369],[6.7814826,45.8968279],[6.7814211,45.8968122],[6.7812637,45.8967615]]}},{"type":"Feature","id":71127448,"properties":{"kind":"run","name":"Val Veny","subtype":"easy","pisteType":"downhill","featured":false},"geometry":{"type":"LineString","coordinates":[[6.9398509,45.7996894],[6.940431,45.8002527],[6.9405651,45.8005084],[6.9406285,45.800545]]}},{"type":"Feature","id":75641881,"properties":{"kind":"run","name":"Mapped ski run","subtype":"easy","pisteType":"nordic","featured":false},"geometry":{"type":"LineString","coordinates":[[6.9845288,45.8289586],[6.9848304,45.8291],[6.9851923,45.8292719],[6.9855048,45.8294896],[6.9856912,45.8296386],[6.9857954,45.8298106],[6.9859329,45.8300675]]}},{"type":"Feature","id":83811881,"properties":{"kind":"run","name":"Couloir de Poubelle","subtype":"expert","pisteType":"downhill","featured":false},"geometry":{"type":"LineString","coordinates":[[6.9447067,45.9479057],[6.9439858,45.9477658],[6.9436972,45.9473818],[6.9434549,45.9471691],[6.9429536,45.9468338],[6.9426962,45.9463241],[6.9424915,45.9461167],[6.942318,45.9456381],[6.9418995,45.9455459],[6.9418653,45.9452372],[6.9416092,45.9448098],[6.9411995,45.9442163],[6.9404494,45.9435295]]}},{"type":"Feature","id":93377475,"properties":{"kind":"run","name":"Val Veny","subtype":"easy","pisteType":"downhill","featured":false},"geometry":{"type":"LineString","coordinates":[[6.9383099,45.7985809],[6.9385475,45.7986763],[6.9387306,45.7988104],[6.9392586,45.7992528],[6.939434,45.7994112],[6.9396338,45.7995374],[6.9398509,45.7996894]]}},{"type":"Feature","id":95723991,"properties":{"kind":"run","name":"Dolonne","subtype":"intermediate","pisteType":"downhill","featured":false},"geometry":{"type":"LineString","coordinates":[[6.9579707,45.7884241],[6.9581569,45.7884659],[6.9583492,45.7884715],[6.9584431,45.7885174],[6.9586249,45.7886293],[6.9587208,45.7887152],[6.9588067,45.7887571],[6.9589008,45.7887598]]}},{"type":"Feature","id":95749068,"properties":{"kind":"run","name":"Mapped ski run","subtype":"advanced","pisteType":"downhill","featured":false},"geometry":{"type":"LineString","coordinates":[[6.9213944,45.7858419],[6.9213814,45.7859103],[6.9212683,45.7864817],[6.9215199,45.7872823]]}},{"type":"Feature","id":95749069,"properties":{"kind":"run","name":"Mapped ski run","subtype":"easy","pisteType":"downhill","featured":false},"geometry":{"type":"LineString","coordinates":[[6.9472106,45.7915254],[6.9474924,45.7915117],[6.9480386,45.7914416]]}},{"type":"Feature","id":95749070,"properties":{"kind":"lift","name":"Le Greye","subtype":"platter","status":"active"},"geometry":{"type":"LineString","coordinates":[[6.9330659,45.7855889],[6.922579,45.7819115],[6.9218867,45.7816687]]}},{"type":"Feature","id":95749071,"properties":{"kind":"lift","name":"Aretù","subtype":"chair_lift","status":"active"},"geometry":{"type":"LineString","coordinates":[[6.9357642,45.7894854],[6.9351667,45.7891863],[6.9343109,45.7887579],[6.9335611,45.7883826],[6.9320531,45.7876278],[6.9313592,45.7872804],[6.9304456,45.7868231],[6.9296231,45.7864114],[6.9280054,45.7856016],[6.9278469,45.7855223],[6.9277282,45.7854629],[6.9258933,45.7845443],[6.9243959,45.7837947],[6.9230304,45.7831112],[6.9214352,45.7823126]]}},{"type":"Feature","id":95749072,"properties":{"kind":"run","name":"Mapped ski run","subtype":"intermediate","pisteType":"downhill","featured":false},"geometry":{"type":"LineString","coordinates":[[6.918274,45.7787271],[6.9183233,45.7786146]]}},{"type":"Feature","id":95749073,"properties":{"kind":"run","name":"Lazey","subtype":"intermediate","pisteType":"downhill","featured":false},"geometry":{"type":"LineString","coordinates":[[6.9183233,45.7786146],[6.9188677,45.7787064],[6.9191617,45.7788507],[6.9188887,45.7789965],[6.917906,45.7804944],[6.9174321,45.7812693],[6.9169826,45.7820042],[6.9169535,45.7821908],[6.9170195,45.7824636],[6.9171549,45.7829277],[6.9173786,45.7834403],[6.9175327,45.7837452],[6.917724,45.7841236],[6.9190583,45.7848908],[6.9192891,45.7851782],[6.9194473,45.7855016],[6.9192632,45.7857183],[6.9190012,45.7858975],[6.9182005,45.7860772],[6.9173397,45.7861529],[6.9161296,45.7861291],[6.915333,45.7860836],[6.9149995,45.7861187],[6.9146742,45.7860668],[6.9144507,45.7860323]]}},{"type":"Feature","id":95749074,"properties":{"kind":"lift","name":"Val Veny","subtype":"cable_car","status":"active"},"geometry":{"type":"LineString","coordinates":[[6.9572567,45.8137443],[6.9508468,45.8084423],[6.9490662,45.8069621],[6.9482432,45.806278]]}},{"type":"Feature","id":96468227,"properties":{"kind":"run","name":"Lavechon","subtype":"intermediate","pisteType":"downhill","featured":false},"geometry":{"type":"LineString","coordinates":[[6.922579,45.7819115],[6.9220751,45.7818943],[6.9217429,45.78189],[6.9213322,45.7818311],[6.9212488,45.7818831],[6.9215106,45.7821598],[6.9216706,45.7823051],[6.9217415,45.7823562],[6.9219145,45.7824807],[6.9220869,45.7825503],[6.9222911,45.7826105],[6.9225229,45.7826406],[6.922702,45.7826108],[6.9229287,45.7825706],[6.9231503,45.782525],[6.9233687,45.7824875],[6.9236451,45.7824771],[6.923787,45.7824732],[6.9243794,45.7827782],[6.9245945,45.7829639],[6.9247696,45.7830885],[6.9250723,45.7832081],[6.925266,45.7833026]]}},{"type":"Feature","id":96468232,"properties":{"kind":"run","name":"Mapped ski run","subtype":"easy","pisteType":"downhill","featured":false},"geometry":{"type":"LineString","coordinates":[[6.9321266,45.8021322],[6.9322039,45.8019276],[6.9322629,45.8017425],[6.9322663,45.8015937],[6.9321116,45.8015148],[6.9317956,45.8014887],[6.9317445,45.8014834],[6.9316641,45.8014979]]}},{"type":"Feature","id":96468233,"properties":{"kind":"run","name":"Raccordo","subtype":"intermediate","pisteType":"downhill","featured":false},"geometry":{"type":"LineString","coordinates":[[6.9212662,45.7821064],[6.9211238,45.7820255],[6.9210311,45.7819058],[6.9207512,45.7817074],[6.9203253,45.7814648],[6.919818,45.7812344],[6.9195276,45.7811487],[6.9191868,45.7810904],[6.9190671,45.7811042],[6.9188164,45.7811865],[6.9183666,45.7811968],[6.9174321,45.7812693]]}},{"type":"Feature","id":96468242,"properties":{"kind":"run","name":"Val Veny","subtype":"easy","pisteType":"downhill","featured":false},"geometry":{"type":"LineString","coordinates":[[6.9464994,45.8025549],[6.9463756,45.8024809],[6.9459744,45.8022876],[6.945709,45.8021807],[6.9455438,45.8020984],[6.9453197,45.8019997],[6.9450601,45.8019422],[6.9449186,45.8018681],[6.9445175,45.8016625],[6.944252,45.8015762],[6.9440397,45.8014734],[6.9438096,45.8014446],[6.9436563,45.801424],[6.9434793,45.8013541],[6.9427773,45.801276],[6.9423467,45.8012554],[6.9421344,45.8012102],[6.9419102,45.8011403],[6.9417156,45.8010333],[6.9415622,45.8009223],[6.9406285,45.800545]]}},{"type":"Feature","id":96468252,"properties":{"kind":"lift","name":"Dzeleuna","subtype":"chair_lift","status":"active"},"geometry":{"type":"LineString","coordinates":[[6.9390375,45.7930727],[6.9391005,45.7934803],[6.9391652,45.7938992],[6.9393353,45.7950005],[6.9395478,45.7963756],[6.93963,45.7969074],[6.9397338,45.7975796],[6.9398349,45.7982336],[6.9398787,45.7985173]]}},{"type":"Feature","id":96468254,"properties":{"kind":"run","name":"Mapped ski run","subtype":"easy","pisteType":"downhill","featured":false},"geometry":{"type":"LineString","coordinates":[[6.9471973,45.7916545],[6.9472106,45.7915254],[6.9470325,45.7915237],[6.94694,45.7915326],[6.946835,45.7916213],[6.9468018,45.79162]]}},{"type":"Feature","id":96468257,"properties":{"kind":"lift","name":"Magic Carpet","subtype":"magic_carpet","status":"active"},"geometry":{"type":"LineString","coordinates":[[6.9455228,45.7912921],[6.9448549,45.7912696]]}},{"type":"Feature","id":96468258,"properties":{"kind":"run","name":"Mapped ski run","subtype":"easy","pisteType":"downhill","featured":false},"geometry":{"type":"LineString","coordinates":[[6.9328888,45.7911637],[6.9327493,45.7911214],[6.9326757,45.7910894],[6.9326231,45.791067],[6.9325704,45.7910445],[6.9324788,45.7910133]]}},{"type":"Feature","id":96468263,"properties":{"kind":"run","name":"Val Veny","subtype":"easy","pisteType":"downhill","featured":false},"geometry":{"type":"LineString","coordinates":[[6.9406285,45.800545],[6.9406837,45.8006148],[6.9409202,45.8008095],[6.941512,45.8011528],[6.9422555,45.8017646],[6.9425268,45.802056],[6.9430777,45.8023902],[6.9433966,45.8026708],[6.9436492,45.8030159],[6.9437685,45.8031941],[6.9438919,45.8033783],[6.944067,45.8037749],[6.9443419,45.8041994],[6.9446142,45.8044656],[6.9452026,45.8047299],[6.945869,45.8051003],[6.9464348,45.805311],[6.9469618,45.8054573],[6.9472865,45.8055236],[6.9473116,45.805589]]}},{"type":"Feature","id":96468268,"properties":{"kind":"run","name":"Mapped ski run","subtype":"advanced","pisteType":"downhill","featured":false},"geometry":{"type":"LineString","coordinates":[[6.9222933,45.783053],[6.9221903,45.783338],[6.9221277,45.7833986]]}},{"type":"Feature","id":96468269,"properties":{"kind":"lift","name":"Peindeint","subtype":"chair_lift","status":"active"},"geometry":{"type":"LineString","coordinates":[[6.9318006,45.8016027],[6.9349018,45.8018514],[6.9363433,45.801967],[6.9385013,45.8021401],[6.940714,45.8023175],[6.9430908,45.8025081],[6.9449729,45.8026591],[6.9455031,45.8027016],[6.9461895,45.8027566],[6.9467352,45.8028004]]}},{"type":"Feature","id":96468275,"properties":{"kind":"run","name":"Rocce Bianche","subtype":"advanced","pisteType":"downhill","featured":false},"geometry":{"type":"LineString","coordinates":[[6.9221277,45.7833986],[6.9219921,45.7835059],[6.9219003,45.7836468],[6.9218102,45.7837852],[6.9217651,45.7840728],[6.9218987,45.7844537],[6.921958,45.784745],[6.9219075,45.7849236],[6.9217049,45.785095],[6.9215742,45.7852918],[6.9213714,45.7856734],[6.9213944,45.7858419],[6.9214538,45.7859309],[6.9215289,45.7859747],[6.9218875,45.7861687],[6.922979,45.7867404],[6.9232264,45.7869658],[6.9233447,45.7872381],[6.9235925,45.7875754],[6.9240051,45.787902],[6.9240644,45.7882211],[6.9242236,45.7885502],[6.9245835,45.7888463],[6.9247604,45.7892988],[6.9247989,45.7897368],[6.9246896,45.7900145],[6.9246957,45.7903821]]}},{"type":"Feature","id":96468282,"properties":{"kind":"run","name":"Maison Vieille","subtype":"easy","pisteType":"downhill","featured":false},"geometry":{"type":"LineString","coordinates":[[6.933431,45.7940062],[6.9333901,45.7938121],[6.933328,45.793643]]}},{"type":"Feature","id":96468283,"properties":{"kind":"lift","name":"Courmayeur","subtype":"cable_car","status":"active"},"geometry":{"type":"LineString","coordinates":[[6.9706102,45.7852337],[6.9480386,45.7914416]]}},{"type":"Feature","id":96468284,"properties":{"kind":"run","name":"Courba","subtype":"easy","pisteType":"downhill","featured":false},"geometry":{"type":"LineString","coordinates":[[6.9387486,45.7984456],[6.9385172,45.7982771],[6.9382519,45.798144],[6.9375989,45.798068],[6.936957,45.797697],[6.9362647,45.7973527],[6.9356156,45.7970469],[6.9354506,45.7963118]]}},{"type":"Feature","id":96468285,"properties":{"kind":"run","name":"Pra Neyron","subtype":"easy","pisteType":"downhill","featured":false},"geometry":{"type":"LineString","coordinates":[[6.932683,45.7939747],[6.9325703,45.7939959],[6.9325444,45.7940171],[6.9325337,45.7940564],[6.9325414,45.7940827],[6.9325745,45.7941063],[6.9326791,45.7941306],[6.9327729,45.7941344],[6.9328454,45.794125],[6.9329985,45.7941047],[6.933273,45.7940545],[6.933431,45.7940062]]}},{"type":"Feature","id":96468286,"properties":{"kind":"run","name":"Comba Moretta","subtype":"intermediate","pisteType":"downhill","featured":false},"geometry":{"type":"LineString","coordinates":[[6.9183233,45.7786146],[6.9181209,45.7785851],[6.9172357,45.7785284],[6.9165541,45.7786251],[6.9158718,45.7788658],[6.9148699,45.7793823],[6.9146914,45.7794743],[6.9136942,45.7801465],[6.9132622,45.7805946],[6.9129123,45.7809128],[6.9119461,45.7816745],[6.9114234,45.7821106],[6.9111471,45.7826327],[6.9111793,45.7830439],[6.9113444,45.7835057],[6.9116201,45.7838714],[6.9121743,45.7841993],[6.9128815,45.7845224],[6.9132536,45.7847486],[6.9136154,45.7850235],[6.9139085,45.7854252],[6.9141536,45.7857625],[6.9142707,45.785958],[6.9144507,45.7860323]]}},{"type":"Feature","id":96468290,"properties":{"kind":"run","name":"Pista dell'orso","subtype":"advanced","pisteType":"downhill","featured":false},"geometry":{"type":"LineString","coordinates":[[6.9405651,45.8005084],[6.9403908,45.8005045],[6.9399922,45.800321],[6.939825,45.8002307],[6.9396258,45.8001832],[6.9393401,45.8002282],[6.9388885,45.8005559],[6.9384461,45.8009222],[6.9380037,45.8012242],[6.9376442,45.8014619],[6.9370452,45.8017575],[6.9365474,45.8017832],[6.9359668,45.8016097],[6.9356534,45.8014555],[6.9354138,45.8014298],[6.9353032,45.8015133],[6.9353032,45.8017511],[6.9354507,45.8020852],[6.9357179,45.8025864],[6.9356719,45.8029333],[6.9355368,45.8032848]]}},{"type":"Feature","id":96468291,"properties":{"kind":"run","name":"Mapped ski run","subtype":"intermediate","pisteType":"downhill","featured":false},"geometry":{"type":"LineString","coordinates":[[6.9214352,45.7823126],[6.9213435,45.7822401],[6.9212662,45.7821064],[6.921422,45.7821823],[6.9215142,45.7822292],[6.9216706,45.7823051]]}},{"type":"Feature","id":96468292,"properties":{"kind":"run","name":"Mapped ski run","subtype":"easy","pisteType":"downhill","featured":false},"geometry":{"type":"LineString","coordinates":[[6.9316641,45.8014979],[6.9314882,45.8013298],[6.931155,45.8008006]]}},{"type":"Feature","id":96468294,"properties":{"kind":"run","name":"Mapped ski run","subtype":"easy","pisteType":"downhill","featured":false},"geometry":{"type":"LineString","coordinates":[[6.9467352,45.8028004],[6.946896,45.8028144],[6.9469129,45.8027743],[6.9468837,45.8026945]]}},{"type":"Feature","id":96468296,"properties":{"kind":"run","name":"Diretta","subtype":"advanced","pisteType":"downhill","featured":false},"geometry":{"type":"LineString","coordinates":[[6.9296308,45.8006329],[6.9295497,45.8005452],[6.9293256,45.800467],[6.9289623,45.8003538],[6.9287999,45.8002946],[6.9286685,45.8001841],[6.9284984,45.7999702],[6.9283083,45.7997311],[6.928255,45.7996641],[6.9280363,45.7994957],[6.9277906,45.7994566],[6.9273309,45.7995271],[6.9268807,45.7995899],[6.9265913,45.799697],[6.9262265,45.7997578],[6.9259502,45.7998421],[6.9256612,45.7998477],[6.9252,45.7998797],[6.9246336,45.7999443],[6.9244674,45.8000628],[6.9243778,45.8001996]]}},{"type":"Feature","id":96468299,"properties":{"kind":"run","name":"Mapped ski run","subtype":"easy","pisteType":"downhill","featured":false},"geometry":{"type":"LineString","coordinates":[[6.9468018,45.79162],[6.9466273,45.7915479]]}},{"type":"Feature","id":96468304,"properties":{"kind":"run","name":"Dzeleuna","subtype":"intermediate","pisteType":"downhill","featured":false},"geometry":{"type":"LineString","coordinates":[[6.9385172,45.7982771],[6.9387075,45.7981119],[6.9389007,45.7980461],[6.9391033,45.7979739],[6.9392425,45.7978833],[6.9393511,45.797794],[6.9394284,45.7976674],[6.9394014,45.7975542],[6.9393048,45.7974815],[6.9390845,45.7974572],[6.938841,45.7974707],[6.9385936,45.7974599],[6.9384429,45.7974222],[6.9383192,45.7973467],[6.9383192,45.7972875],[6.9383733,45.7972039],[6.9385009,45.7971015],[6.9385897,45.7970126],[6.9386516,45.7968806],[6.9386323,45.796727],[6.9384815,45.7964899],[6.9383656,45.7963039],[6.9382767,45.7961207],[6.9382976,45.7959938]]}},{"type":"Feature","id":96468307,"properties":{"kind":"run","name":"Val Veny","subtype":"easy","pisteType":"downhill","featured":false},"geometry":{"type":"LineString","coordinates":[[6.9387486,45.7984456],[6.9385528,45.798431],[6.9384724,45.7984277],[6.9383889,45.798459],[6.938323,45.7985071],[6.9383099,45.7985809]]}},{"type":"Feature","id":96468308,"properties":{"kind":"lift","name":"Prato","subtype":"magic_carpet","status":"active"},"geometry":{"type":"LineString","coordinates":[[6.9463108,45.8057894],[6.9471525,45.8057611]]}},{"type":"Feature","id":96468313,"properties":{"kind":"run","name":"Chetif","subtype":"easy","pisteType":"downhill","featured":false},"geometry":{"type":"LineString","coordinates":[[6.9468837,45.8026945],[6.9468844,45.8026492],[6.9469116,45.8026225],[6.946971,45.8026225],[6.9470366,45.8026509],[6.9471986,45.8026932],[6.9475923,45.8028539],[6.9479283,45.8030303],[6.9481322,45.8031987],[6.9483738,45.8033198],[6.9484533,45.8033525],[6.9486682,45.8034408],[6.9490269,45.8035803],[6.9493432,45.8037503],[6.9494384,45.8038014],[6.9495063,45.8039119],[6.9495063,45.8040909],[6.949344,45.8042961],[6.9491628,45.8046225],[6.9489853,45.8048935],[6.9487173,45.805283],[6.9485097,45.8055383],[6.9484228,45.8058988],[6.9484093,45.8060616],[6.9482432,45.806278]]}},{"type":"Feature","id":96468334,"properties":{"kind":"run","name":"Gigante","subtype":"intermediate","pisteType":"downhill","featured":false},"geometry":{"type":"LineString","coordinates":[[6.9468837,45.8026945],[6.9467472,45.8026207],[6.9464994,45.8025549],[6.9462104,45.8027236],[6.9459086,45.8027036],[6.9453721,45.802668],[6.9447174,45.8027215],[6.9439918,45.8030381],[6.9437685,45.8031941],[6.9431011,45.8033383],[6.9423225,45.8034],[6.9412902,45.8034863],[6.9406768,45.8035973],[6.939904,45.8039962],[6.9396099,45.8043289],[6.9392965,45.8044856],[6.9385886,45.8050653],[6.9383651,45.8052481]]}},{"type":"Feature","id":96468345,"properties":{"kind":"run","name":"Val Veny","subtype":"easy","pisteType":"downhill","featured":false},"geometry":{"type":"LineString","coordinates":[[6.9367175,45.8046668],[6.9365263,45.8044058],[6.9363861,45.8041252],[6.9361547,45.8038663],[6.9356552,45.803372],[6.9355368,45.8032848],[6.9352867,45.8032789],[6.9351206,45.8032978],[6.9349738,45.8033027],[6.9348277,45.8033062],[6.9346568,45.8033613],[6.9344024,45.8033148],[6.9339259,45.8032139],[6.9336986,45.8030948],[6.9335271,45.8029599],[6.9333622,45.8028062],[6.9331772,45.8026378],[6.933079,45.8025351],[6.9328148,45.8024377],[6.9324559,45.8023366],[6.9321266,45.8021322],[6.931804,45.802018],[6.9315867,45.8019531],[6.9313037,45.8018666],[6.9311291,45.8017745],[6.9309262,45.8017022],[6.9307847,45.8016166],[6.9306947,45.8015168],[6.9306663,45.8015037],[6.9303384,45.8013526],[6.929979,45.8012305],[6.9298008,45.8011189],[6.9297011,45.8009547],[6.9296785,45.8008514],[6.9296404,45.800677],[6.9296308,45.8006329],[6.9295998,45.8006335],[6.929541,45.8006346],[6.9294172,45.8007589],[6.9292904,45.800801],[6.9291786,45.8007841],[6.9284568,45.8006388],[6.9281211,45.8006404],[6.9280091,45.8006998],[6.9279479,45.800872],[6.9279366,45.8011457],[6.9280801,45.8017353],[6.9280681,45.8018381],[6.928041,45.8020709],[6.9279601,45.8021939],[6.927729,45.8022327],[6.9275931,45.8021643],[6.927434,45.802023],[6.9265783,45.8013303],[6.9258049,45.8007235],[6.9253155,45.8003395],[6.9252162,45.8002616],[6.9249053,45.8002011],[6.9245689,45.8001709],[6.9243778,45.8001996],[6.9242595,45.8002358],[6.9240643,45.8002986],[6.9240444,45.8003272],[6.924071,45.8003621],[6.9241529,45.8003966],[6.9241879,45.8004142],[6.9242844,45.8004216],[6.9244199,45.8004011]]}},{"type":"Feature","id":96468352,"properties":{"kind":"run","name":"Mapped ski run","subtype":"easy","pisteType":"downhill","featured":false},"geometry":{"type":"LineString","coordinates":[[6.9466273,45.7915479],[6.9465529,45.7915082],[6.9464805,45.7914708],[6.9463568,45.7914177],[6.9462566,45.791391],[6.9461131,45.7913677],[6.9456733,45.7912904],[6.9455608,45.7912586],[6.9454431,45.7912254],[6.9450765,45.7910657]]}},{"type":"Feature","id":96468364,"properties":{"kind":"run","name":"Mapped ski run","subtype":"intermediate","pisteType":"downhill","featured":false},"geometry":{"type":"LineString","coordinates":[[6.9191617,45.7788507],[6.9196918,45.779152],[6.920033,45.7793697],[6.9202811,45.7795251],[6.9203162,45.7799014],[6.9203162,45.780104],[6.9203357,45.7802401]]}},{"type":"Feature","id":96646400,"properties":{"kind":"run","name":"Mapped ski run","subtype":"intermediate","pisteType":"downhill","featured":false},"geometry":{"type":"LineString","coordinates":[[6.9403506,45.7889545],[6.9404209,45.7891608],[6.9404331,45.7898969],[6.9407725,45.7902376]]}},{"type":"Feature","id":96646402,"properties":{"kind":"run","name":"Dolonne","subtype":"intermediate","pisteType":"downhill","featured":false},"geometry":{"type":"LineString","coordinates":[[6.9495433,45.7904184],[6.9496268,45.7904001],[6.949974,45.7903778],[6.9502949,45.7903757],[6.9505021,45.7903147],[6.9505546,45.7902191],[6.9505496,45.7901586],[6.9504583,45.7900421],[6.9501841,45.7898834],[6.9497289,45.7896657],[6.9493435,45.7894594],[6.9490654,45.7892655],[6.9487827,45.7890874],[6.948728,45.7889921],[6.9488329,45.7889221],[6.9491064,45.7888459],[6.9494392,45.7887251],[6.9498084,45.7885439],[6.950082,45.7884199],[6.9503783,45.78835],[6.9506427,45.7883182],[6.9509664,45.7883595],[6.9510867,45.7883733],[6.9512444,45.7883913],[6.9518673,45.7884531],[6.9524206,45.788547],[6.95268,45.7885672],[6.9530816,45.7885629],[6.953128,45.7885662],[6.9537563,45.7885757],[6.9542942,45.7885852],[6.9544154,45.7886083],[6.9548868,45.7885788],[6.9551786,45.7885407],[6.9555205,45.7884771],[6.9558943,45.7883849],[6.9564504,45.7883468],[6.9571844,45.7883595],[6.9579707,45.7884241]]}},{"type":"Feature","id":96646410,"properties":{"kind":"run","name":"Del Colle","subtype":"easy","pisteType":"downhill","featured":false},"geometry":{"type":"LineString","coordinates":[[6.9319677,45.7929995],[6.9318619,45.7928182],[6.9318831,45.7927129],[6.9319869,45.7925395],[6.9322986,45.7923942],[6.932629,45.7923275],[6.9326649,45.79226],[6.9326894,45.7922138],[6.9326441,45.7920896],[6.9324824,45.7919762],[6.9323401,45.791912],[6.9320309,45.7917528]]}},{"type":"Feature","id":96646416,"properties":{"kind":"run","name":"Stadio Slalom","subtype":"intermediate","pisteType":"downhill","featured":false},"geometry":{"type":"LineString","coordinates":[[6.9328362,45.7932392],[6.9329253,45.793058],[6.9329663,45.7928768],[6.9329736,45.7928222],[6.9328569,45.7924572],[6.9326649,45.79226]]}},{"type":"Feature","id":96646419,"properties":{"kind":"lift","name":"Chiecco","subtype":"platter","status":"active"},"geometry":{"type":"LineString","coordinates":[[6.9451246,45.7891784],[6.9418943,45.7879891]]}},{"type":"Feature","id":96646420,"properties":{"kind":"run","name":"Pista del Cervo","subtype":"intermediate","pisteType":"downhill","featured":false},"geometry":{"type":"LineString","coordinates":[[6.9397511,45.7919064],[6.9401325,45.7919068],[6.9406202,45.7918623],[6.9410487,45.7918273],[6.9415046,45.7917955],[6.941997,45.791732],[6.9424164,45.7916366],[6.9431239,45.7915299],[6.9432155,45.7914877],[6.9431431,45.7914113],[6.9436821,45.7912842],[6.9443892,45.7910408],[6.9449922,45.7910022]]}},{"type":"Feature","id":96646427,"properties":{"kind":"run","name":"Pra Neyron","subtype":"easy","pisteType":"downhill","featured":false},"geometry":{"type":"LineString","coordinates":[[6.9438278,45.79049],[6.9443865,45.7908023],[6.9447898,45.7908925],[6.9449922,45.7910022],[6.9450765,45.7910657]]}},{"type":"Feature","id":96646430,"properties":{"kind":"run","name":"Dolonne","subtype":"intermediate","pisteType":"downhill","featured":false},"geometry":{"type":"LineString","coordinates":[[6.9589008,45.7887598],[6.9590183,45.7888218],[6.9591648,45.7890375],[6.9593357,45.7892123],[6.9598885,45.7896136],[6.9601449,45.7897924],[6.9603728,45.7900427],[6.9605837,45.7904838],[6.9606656,45.790705],[6.9608116,45.7910997],[6.9611364,45.7915089],[6.9615296,45.7919221],[6.9618601,45.7921129],[6.9623957,45.7922241],[6.9629629,45.7923185],[6.963274,45.7923952],[6.9633437,45.7924663],[6.9633812,45.7924831],[6.963701,45.7924985],[6.963835,45.7925067],[6.9638513,45.7925222],[6.9638265,45.7925897]]}},{"type":"Feature","id":96646435,"properties":{"kind":"run","name":"Del Colle","subtype":"easy","pisteType":"downhill","featured":false},"geometry":{"type":"LineString","coordinates":[[6.9320309,45.7917528],[6.9320198,45.7917362],[6.9319857,45.7916852],[6.9320008,45.7916178],[6.9320854,45.7915294],[6.9321421,45.7914731],[6.9322847,45.7913315],[6.9324788,45.7910133],[6.9326935,45.7908528]]}},{"type":"Feature","id":96646437,"properties":{"kind":"run","name":"Mapped ski run","subtype":"intermediate","pisteType":"downhill","featured":false},"geometry":{"type":"LineString","coordinates":[[6.9220869,45.7825503],[6.9222799,45.7826785],[6.9223688,45.7827831]]}},{"type":"Feature","id":96646442,"properties":{"kind":"run","name":"Des Eves","subtype":"advanced","pisteType":"downhill","featured":false},"geometry":{"type":"LineString","coordinates":[[6.9273818,45.7864593],[6.9275148,45.7867065],[6.9274643,45.7869581],[6.9274128,45.7871126],[6.9273021,45.7874447],[6.9277858,45.7879203],[6.9284001,45.7882932],[6.9284935,45.7885717],[6.9280784,45.789131],[6.9280619,45.7893066],[6.9280594,45.7893307],[6.9280468,45.7894682],[6.9280141,45.7898176],[6.9278956,45.7899336],[6.9268528,45.7901026],[6.926446,45.7904008],[6.9260667,45.7909885],[6.9257882,45.7918877]]}},{"type":"Feature","id":96646448,"properties":{"kind":"run","name":"Le Greye","subtype":"intermediate","pisteType":"downhill","featured":false},"geometry":{"type":"LineString","coordinates":[[6.922579,45.7819115],[6.9228092,45.7818875],[6.923467,45.7819836],[6.9243406,45.7821208],[6.9249601,45.7822552],[6.9268323,45.7828792],[6.9313638,45.7846452],[6.9323971,45.7850034],[6.9329645,45.7852158],[6.9332249,45.785347],[6.9333242,45.7855229],[6.9332784,45.7856935],[6.9331331,45.7857255],[6.9330659,45.7855889]]}},{"type":"Feature","id":96646463,"properties":{"kind":"run","name":"Raccordo Piste Plan Checrouit","subtype":"easy","pisteType":"downhill","featured":false},"geometry":{"type":"LineString","coordinates":[[6.9438278,45.79049],[6.9440365,45.7904089],[6.9442873,45.7902286],[6.944373,45.7899522],[6.9444095,45.7899037]]}},{"type":"Feature","id":96646465,"properties":{"kind":"run","name":"Youla","subtype":"intermediate","pisteType":"downhill","featured":false},"geometry":{"type":"LineString","coordinates":[[6.9208731,45.7773276],[6.921026,45.7781683],[6.9210039,45.7788019],[6.9209188,45.7793491],[6.9205799,45.7799474],[6.9203357,45.7802401],[6.9203743,45.7805091],[6.9204178,45.780904],[6.9205267,45.781137],[6.9206538,45.7813041],[6.9210531,45.7816762],[6.9212488,45.7818831]]}},{"type":"Feature","id":96646476,"properties":{"kind":"run","name":"Mapped ski run","subtype":"easy","pisteType":"downhill","featured":false},"geometry":{"type":"LineString","coordinates":[[6.9383358,45.7935738],[6.9385045,45.7934003],[6.938585,45.7933153],[6.9387165,45.7932129],[6.9388146,45.793163],[6.9388393,45.7931517],[6.9389168,45.7931081],[6.9389255,45.7930226],[6.9389909,45.7930121],[6.9390375,45.7930727]]}},{"type":"Feature","id":96646496,"properties":{"kind":"run","name":"Lavechon","subtype":"intermediate","pisteType":"downhill","featured":false},"geometry":{"type":"LineString","coordinates":[[6.931101,45.7855229],[6.9325644,45.7855991],[6.9330659,45.7855889]]}},{"type":"Feature","id":96646505,"properties":{"kind":"run","name":"Canalino","subtype":"intermediate","pisteType":"downhill","featured":false},"geometry":{"type":"LineString","coordinates":[[6.9330659,45.7855889],[6.9330096,45.7859654],[6.9330816,45.7862504],[6.9330392,45.7866769],[6.9333811,45.7873177],[6.9337658,45.7877349],[6.9341372,45.7880552],[6.9348114,45.7884876],[6.9355065,45.7887047],[6.9358307,45.7887724],[6.936444,45.7887034],[6.936811,45.7887201],[6.9374797,45.7884687]]}},{"type":"Feature","id":96646515,"properties":{"kind":"run","name":"Diagonale Peindent","subtype":"easy","pisteType":"downhill","featured":false},"geometry":{"type":"LineString","coordinates":[[6.9263809,45.7931482],[6.9266913,45.7934212],[6.9272904,45.7942409],[6.9273419,45.7943457],[6.9273789,45.7944208],[6.9273862,45.7947035],[6.9274285,45.7951372],[6.9275017,45.7955846],[6.9276805,45.7961017],[6.9278667,45.7965652],[6.9283354,45.7970337],[6.9287916,45.7974921],[6.9292263,45.798116],[6.929376,45.7982912],[6.9302483,45.7989463],[6.9304815,45.7992438],[6.9304757,45.7993507],[6.9305325,45.7995905],[6.9306987,45.7998811],[6.9308255,45.8003275],[6.9310264,45.8005821],[6.9311074,45.8007197],[6.931155,45.8008006],[6.9311055,45.8013021],[6.9310421,45.8013905],[6.9306947,45.8015168]]}},{"type":"Feature","id":96646521,"properties":{"kind":"run","name":"Stadio Slalom","subtype":"intermediate","pisteType":"downhill","featured":false},"geometry":{"type":"LineString","coordinates":[[6.9329736,45.7928222],[6.9335321,45.7925511],[6.9343827,45.792268],[6.9351769,45.7921963],[6.9358492,45.7921665],[6.9358401,45.792134],[6.9359301,45.7920863],[6.936116,45.7919556],[6.9360833,45.791714],[6.9361591,45.7913544],[6.9365295,45.7910126]]}},{"type":"Feature","id":96646530,"properties":{"kind":"run","name":"Checrouit","subtype":"intermediate","pisteType":"downhill","featured":false},"geometry":{"type":"LineString","coordinates":[[6.9223688,45.7827831],[6.9225316,45.7829659],[6.9227066,45.7830472],[6.9231151,45.7831007],[6.9235673,45.7831439],[6.9243952,45.7832227],[6.925266,45.7833026],[6.9258381,45.7835819],[6.9273721,45.7841856],[6.9290815,45.7848585],[6.931101,45.7855229],[6.9330816,45.7862504],[6.9338563,45.7866308],[6.9350654,45.7871956],[6.9354855,45.7874202],[6.935975,45.7878297],[6.9364522,45.7880681],[6.9374797,45.7884687],[6.9377458,45.7884356],[6.9382319,45.7885417],[6.9387014,45.7886005],[6.9391542,45.7886738],[6.9403506,45.7889545],[6.9407149,45.7890701],[6.9412235,45.7893015],[6.9416699,45.7895787],[6.9424209,45.7899128]]}},{"type":"Feature","id":96646537,"properties":{"kind":"run","name":"Dolonne","subtype":"intermediate","pisteType":"downhill","featured":false},"geometry":{"type":"LineString","coordinates":[[6.9462505,45.7907665],[6.9455929,45.7903901]]}},{"type":"Feature","id":96646540,"properties":{"kind":"run","name":"Chiecco","subtype":"easy","pisteType":"downhill","featured":false},"geometry":{"type":"LineString","coordinates":[[6.9418943,45.7879891],[6.9419392,45.7883066],[6.9418683,45.788403],[6.9418097,45.788476],[6.9418875,45.7888166],[6.9420957,45.7890053],[6.9426308,45.7892618],[6.9432424,45.7895384],[6.9439448,45.7898516],[6.9442649,45.7899115],[6.9444095,45.7899037],[6.9445736,45.7896852],[6.9448034,45.7893572],[6.9448868,45.7893108],[6.9451246,45.7891784]]}},{"type":"Feature","id":96646544,"properties":{"kind":"run","name":"Dolonne","subtype":"intermediate","pisteType":"downhill","featured":false},"geometry":{"type":"LineString","coordinates":[[6.9455929,45.7903901],[6.9454081,45.7902994],[6.9450907,45.7901328],[6.94502,45.7900443],[6.9449894,45.7899597],[6.9449803,45.7898621],[6.9450965,45.7894914],[6.9451454,45.7894056],[6.9452225,45.7893322],[6.9455676,45.7891859],[6.9457196,45.7891748],[6.945768,45.7891982],[6.9457667,45.7892413],[6.9457072,45.789314],[6.9455996,45.7893708],[6.9455151,45.7894189],[6.9454792,45.7894883],[6.9454783,45.7896114],[6.9455462,45.7897749],[6.9456538,45.7898893],[6.9458711,45.7899656],[6.9461571,45.790025],[6.9464589,45.790094],[6.9470648,45.7902272],[6.9475097,45.7902106],[6.9484703,45.7902669],[6.948645,45.7902976],[6.9487527,45.7903853],[6.9488294,45.7905148],[6.9489632,45.7906405],[6.9491069,45.7907096],[6.9494882,45.790822],[6.9496998,45.7908843],[6.9499961,45.7909446],[6.9500746,45.7909059],[6.9500711,45.7908296],[6.9497176,45.7905717],[6.9495934,45.7904693],[6.9495433,45.7904184]]}},{"type":"Feature","id":96646552,"properties":{"kind":"run","name":"Chiecco","subtype":"easy","pisteType":"downhill","featured":false},"geometry":{"type":"LineString","coordinates":[[6.9418875,45.7888166],[6.9420889,45.7892985],[6.9425263,45.7895821],[6.94283,45.7898399]]}},{"type":"Feature","id":96646555,"properties":{"kind":"run","name":"Dolonne","subtype":"intermediate","pisteType":"downhill","featured":false},"geometry":{"type":"LineString","coordinates":[[6.9455871,45.7909003],[6.945597,45.7908704],[6.9456401,45.7907401],[6.9456136,45.7906168],[6.9455929,45.7903901]]}},{"type":"Feature","id":96646561,"properties":{"kind":"run","name":"Mapped ski run","subtype":"intermediate","pisteType":"downhill","featured":false},"geometry":{"type":"LineString","coordinates":[[6.9312828,45.7909],[6.9313559,45.790866],[6.9315051,45.7907967],[6.9318185,45.7906338],[6.9319787,45.7905047]]}},{"type":"Feature","id":96646562,"properties":{"kind":"run","name":"Maison Vieille","subtype":"easy","pisteType":"downhill","featured":false},"geometry":{"type":"LineString","coordinates":[[6.933328,45.793643],[6.9332171,45.793403],[6.9330606,45.7933098],[6.9328362,45.7932392],[6.9327079,45.7931988],[6.9322158,45.7931095],[6.9319677,45.7929995]]}},{"type":"Feature","id":97469700,"properties":{"kind":"lift","name":"Magic Carpet","subtype":"magic_carpet","status":"active"},"geometry":{"type":"LineString","coordinates":[[6.9603868,45.7887897],[6.9593128,45.7888051]]}},{"type":"Feature","id":97469705,"properties":{"kind":"run","name":"Mapped ski run","subtype":"easy","pisteType":"downhill","featured":false},"geometry":{"type":"LineString","coordinates":[[6.9324788,45.7910133],[6.9323596,45.7910064],[6.9320504,45.7909885],[6.9314997,45.7909332],[6.9312993,45.7909025],[6.9312828,45.7909],[6.931171,45.7909368],[6.9311263,45.7909515],[6.9309828,45.7909988]]}},{"type":"Feature","id":97469710,"properties":{"kind":"run","name":"Dolonne","subtype":"intermediate","pisteType":"downhill","featured":false},"geometry":{"type":"LineString","coordinates":[[6.9488329,45.7889221],[6.9490001,45.7886807],[6.9491048,45.7884849],[6.949248,45.787951],[6.9494022,45.7877705],[6.9495123,45.7877168],[6.9499254,45.7877629],[6.9502173,45.7879088],[6.9507075,45.7881776],[6.9510867,45.7883733]]}},{"type":"Feature","id":97469715,"properties":{"kind":"run","name":"Stadio Slalom","subtype":"intermediate","pisteType":"downhill","featured":false},"geometry":{"type":"LineString","coordinates":[[6.9341434,45.7912549],[6.9343894,45.7911985],[6.934456,45.7911896],[6.934745,45.7911511],[6.9354005,45.7910347],[6.9358303,45.790983],[6.9360066,45.7909385],[6.9365295,45.7910126],[6.9368343,45.7909277],[6.9371848,45.7907868],[6.9374608,45.7907004],[6.9377318,45.7906574],[6.9380534,45.7905388],[6.9384244,45.7904547],[6.9387058,45.7903793],[6.9390428,45.7903103],[6.9394138,45.7903125],[6.9398995,45.7903596],[6.9400866,45.79044],[6.9402822,45.790443],[6.9404414,45.7904189],[6.9409668,45.79036],[6.9414016,45.7903052],[6.9418605,45.7902336],[6.9420904,45.7901055],[6.9424209,45.7899128]]}},{"type":"Feature","id":97469718,"properties":{"kind":"run","name":"Tzaly","subtype":"easy","pisteType":"downhill","featured":false},"geometry":{"type":"LineString","coordinates":[[6.9299686,45.7904654],[6.9304951,45.7907806],[6.9308476,45.7909601],[6.9308694,45.7909663],[6.9309828,45.7909988]]}},{"type":"Feature","id":97469722,"properties":{"kind":"run","name":"Mapped ski run","subtype":"intermediate","pisteType":"downhill","featured":false},"geometry":{"type":"LineString","coordinates":[[6.9330071,45.7909922],[6.9328728,45.7910228],[6.9327625,45.7910224],[6.9326935,45.7909819],[6.9326762,45.7909239],[6.9326935,45.7908528],[6.9327594,45.7907969],[6.9329258,45.7906864],[6.9331493,45.7904968],[6.9333678,45.7903616],[6.9338401,45.7902338],[6.9340778,45.7902365],[6.9344781,45.7902411],[6.9350174,45.7902411],[6.935384,45.790219],[6.935666,45.7901379],[6.9358105,45.7899683],[6.9359445,45.7898282],[6.9359679,45.7897862]]}},{"type":"Feature","id":97469729,"properties":{"kind":"run","name":"Mapped ski run","subtype":"advanced","pisteType":"downhill","featured":false},"geometry":{"type":"LineString","coordinates":[[6.9190583,45.7848908],[6.9194827,45.7851679],[6.9199925,45.7853852],[6.9208186,45.7857357],[6.9210187,45.7857726],[6.9213944,45.7858419]]}},{"type":"Feature","id":97469732,"properties":{"kind":"run","name":"Mapped ski run","subtype":"intermediate","pisteType":"downhill","featured":false},"geometry":{"type":"LineString","coordinates":[[6.9442873,45.7902286],[6.9445982,45.7900835],[6.9449894,45.7899597]]}},{"type":"Feature","id":97469734,"properties":{"kind":"run","name":"Mapped ski run","subtype":"easy","pisteType":"downhill","featured":false},"geometry":{"type":"LineString","coordinates":[[6.9309828,45.7909988],[6.930874,45.7910346],[6.9305171,45.7911944],[6.9304117,45.7912039]]}},{"type":"Feature","id":97469735,"properties":{"kind":"run","name":"Mapped ski run","subtype":"advanced","pisteType":"downhill","featured":false},"geometry":{"type":"LineString","coordinates":[[6.9293446,45.7900451],[6.9292722,45.7900898],[6.9291312,45.7901469],[6.9288435,45.7901351],[6.928257,45.7900269],[6.9278956,45.7899336]]}},{"type":"Feature","id":97469738,"properties":{"kind":"run","name":"Mapped ski run","subtype":"unknown","pisteType":"sled","featured":false},"geometry":{"type":"LineString","coordinates":[[6.9595153,45.7892931],[6.9613905,45.7891594]]}},{"type":"Feature","id":97469743,"properties":{"kind":"run","name":"Lassy","subtype":"intermediate","pisteType":"downhill","featured":false},"geometry":{"type":"LineString","coordinates":[[6.9306947,45.8015168],[6.930674,45.8015194],[6.9304436,45.8015489],[6.9301651,45.8015846],[6.9297685,45.8015462],[6.9294766,45.8016],[6.9291792,45.8016038],[6.9289314,45.8016153],[6.9284797,45.8016845],[6.9280681,45.8018381]]}},{"type":"Feature","id":97469748,"properties":{"kind":"run","name":"Federica Brignone (ex Aretù)","subtype":"intermediate","pisteType":"downhill","featured":false},"geometry":{"type":"LineString","coordinates":[[6.9277115,45.7866355],[6.9281563,45.7865203],[6.9294857,45.7870854],[6.9305449,45.7875082],[6.9311396,45.7878672],[6.9317373,45.788183],[6.9322153,45.78837],[6.932901,45.7885575],[6.9340297,45.7887867]]}},{"type":"Feature","id":97469749,"properties":{"kind":"lift","name":"Tizaly","subtype":"platter","status":"active"},"geometry":{"type":"LineString","coordinates":[[6.9301602,45.7911975],[6.9285646,45.7897967],[6.9282944,45.7895595]]}},{"type":"Feature","id":97469751,"properties":{"kind":"run","name":"Comba Moretta","subtype":"intermediate","pisteType":"downhill","featured":false},"geometry":{"type":"LineString","coordinates":[[6.9148699,45.7793823],[6.9149316,45.7801529],[6.9149316,45.7807456],[6.9150811,45.7810534],[6.9153737,45.781368],[6.9154829,45.7815475],[6.9155534,45.7817761],[6.9159165,45.7825185],[6.916336,45.7830888],[6.9167514,45.7834867],[6.9168929,45.7836222],[6.9174018,45.7839899],[6.917724,45.7841236]]}},{"type":"Feature","id":97469759,"properties":{"kind":"run","name":"Tzaly","subtype":"easy","pisteType":"downhill","featured":false},"geometry":{"type":"LineString","coordinates":[[6.9282944,45.7895595],[6.9287008,45.7897434],[6.9287469,45.789768],[6.9288451,45.7898204],[6.9292422,45.7899762],[6.9293446,45.7900451],[6.9299686,45.7904654],[6.930394,45.7909455],[6.9304425,45.7911422],[6.9304117,45.7912039],[6.9303518,45.7912094],[6.9301602,45.7911975]]}},{"type":"Feature","id":129847938,"properties":{"kind":"run","name":"Mapped ski run","subtype":"easy","pisteType":"nordic","featured":false},"geometry":{"type":"LineString","coordinates":[[6.9026712,45.9418973],[6.9024539,45.9419595]]}},{"type":"Feature","id":129847939,"properties":{"kind":"run","name":"Mapped ski run","subtype":"intermediate","pisteType":"nordic","featured":false},"geometry":{"type":"LineString","coordinates":[[6.9000249,45.9425794],[6.9002827,45.9428499],[6.9003552,45.9429743],[6.9003438,45.9431335]]}},{"type":"Feature","id":129847941,"properties":{"kind":"run","name":"Mapped ski run","subtype":"easy","pisteType":"nordic","featured":false},"geometry":{"type":"LineString","coordinates":[[6.9023574,45.9419871],[6.9021844,45.9420959],[6.9020711,45.9421408],[6.9019428,45.9422004],[6.90178,45.942212],[6.9015551,45.942212],[6.9013002,45.9421785],[6.9011275,45.9421715],[6.9010505,45.9422137],[6.901023,45.9422702]]}},{"type":"Feature","id":129849863,"properties":{"kind":"run","name":"Mapped ski run","subtype":"intermediate","pisteType":"nordic","featured":false},"geometry":{"type":"LineString","coordinates":[[6.9286181,45.9765283],[6.928632,45.9765846],[6.9286428,45.9766395],[6.9286723,45.976807],[6.9286867,45.9768836],[6.9287082,45.9769515],[6.9287387,45.9770176],[6.9287969,45.9770948],[6.9289157,45.9772255],[6.928974,45.9772824],[6.9290344,45.9773322],[6.9291122,45.9773919],[6.9292087,45.9774436],[6.9295058,45.9775769]]}},{"type":"Feature","id":134163363,"properties":{"kind":"run","name":"Bochard Bas","subtype":"intermediate","pisteType":"downhill","featured":false},"geometry":{"type":"LineString","coordinates":[[6.9443835,45.9555707],[6.9439804,45.9559269],[6.9433597,45.9569102],[6.9429128,45.9577441],[6.9430492,45.9582769],[6.9431356,45.9589489],[6.9433054,45.9599543],[6.9434065,45.9604046],[6.9433879,45.9605034],[6.9433422,45.9605705],[6.9431702,45.960687],[6.9423319,45.9610398],[6.9418189,45.9612882],[6.9415025,45.9614484],[6.9413462,45.9615864],[6.9411915,45.9618075],[6.9411718,45.9619583],[6.9412131,45.962133],[6.9415973,45.9629687],[6.9419508,45.96359],[6.9421855,45.9641521],[6.9424118,45.9643737],[6.9428812,45.9648205],[6.9431546,45.9653575],[6.9435688,45.9661951],[6.9436405,45.9664442],[6.9436716,45.9670411]]}},{"type":"Feature","id":134163682,"properties":{"kind":"run","name":"Mapped ski run","subtype":"intermediate","pisteType":"nordic","featured":false},"geometry":{"type":"LineString","coordinates":[[6.9301602,45.9781249],[6.9302138,45.9782828]]}},{"type":"Feature","id":134417117,"properties":{"kind":"run","name":"Mapped ski run","subtype":"easy","pisteType":"nordic","featured":false},"geometry":{"type":"LineString","coordinates":[[6.9933981,45.8339641],[6.9930493,45.8339515],[6.9927787,45.8339222],[6.992466,45.8338258],[6.9922375,45.8337797],[6.991973,45.8336457],[6.9917385,45.8335619],[6.9914629,45.8335144],[6.9912238,45.8335306],[6.9908798,45.8335916],[6.990629,45.8336038],[6.9902609,45.833433],[6.9897997,45.8333299],[6.9897311,45.8333234],[6.9891655,45.8332422],[6.9888177,45.8331705]]}},{"type":"Feature","id":134417124,"properties":{"kind":"run","name":"Mapped ski run","subtype":"easy","pisteType":"nordic","featured":false},"geometry":{"type":"LineString","coordinates":[[6.9992245,45.8354563],[6.999412,45.8354355]]}},{"type":"Feature","id":134417128,"properties":{"kind":"run","name":"Mapped ski run","subtype":"easy","pisteType":"nordic","featured":false},"geometry":{"type":"LineString","coordinates":[[6.9935303,45.8339389],[6.9933981,45.8339641]]}},{"type":"Feature","id":134417154,"properties":{"kind":"run","name":"Mapped ski run","subtype":"easy","pisteType":"nordic","featured":false},"geometry":{"type":"LineString","coordinates":[[6.999412,45.8354355],[6.9996591,45.835388],[6.9998423,45.8353435],[7.0000043,45.8353494],[7.0001236,45.835394],[7.0002855,45.8354652],[7.000332,45.8354927],[7.0005113,45.8355988]]}},{"type":"Feature","id":134417155,"properties":{"kind":"run","name":"Mapped ski run","subtype":"easy","pisteType":"nordic","featured":false},"geometry":{"type":"LineString","coordinates":[[6.995063,45.8343956],[6.9948352,45.8343621],[6.9945044,45.8342238],[6.9942639,45.8341316],[6.9939813,45.8339892],[6.9937648,45.8339347],[6.9935303,45.8339389]]}},{"type":"Feature","id":134417156,"properties":{"kind":"run","name":"Mapped ski run","subtype":"easy","pisteType":"nordic","featured":false},"geometry":{"type":"LineString","coordinates":[[6.9878499,45.8323798],[6.9878041,45.8320846],[6.9877877,45.8318755],[6.9875672,45.831714],[6.987358,45.8315445],[6.9871714,45.8313397],[6.9869622,45.83119],[6.9869387,45.8308669]]}},{"type":"Feature","id":134691411,"properties":{"kind":"run","name":"Mapped ski run","subtype":"easy","pisteType":"nordic","featured":false},"geometry":{"type":"LineString","coordinates":[[7.0223512,45.8532152],[7.0221758,45.8532037],[7.0219784,45.8531045],[7.0216658,45.8528448],[7.0212437,45.852524],[7.0205695,45.8516413],[7.0203621,45.8514302],[7.0201601,45.8513302],[7.0200484,45.8512302],[7.0199757,45.8509004],[7.0198783,45.8505821],[7.0197454,45.8504266],[7.0196239,45.850171],[7.0195428,45.8500005],[7.0194663,45.8498393]]}},{"type":"Feature","id":135737223,"properties":{"kind":"run","name":"Ski touring route","subtype":"unknown","pisteType":"skitour","featured":false},"geometry":{"type":"LineString","coordinates":[[7.0521141,45.9557258],[7.052925,45.9556007],[7.0548475,45.9554625],[7.0566479,45.9559365],[7.0583538,45.956011],[7.0591384,45.9552622],[7.0590834,45.9542657],[7.0594159,45.9538181],[7.0603089,45.9534519],[7.0620899,45.952333],[7.0631628,45.9508262],[7.0637925,45.9492259],[7.0617336,45.9475559],[7.0620769,45.9447061],[7.063206,45.9428304],[7.0667186,45.9404131],[7.0697458,45.9392997],[7.0713447,45.9389851],[7.071368,45.9377675],[7.0725482,45.9370214],[7.0741146,45.9362604],[7.0754665,45.935171],[7.0786637,45.9349173],[7.0853585,45.9333503],[7.0885771,45.9318579],[7.0912495,45.9309883],[7.0929621,45.9311771],[7.0947793,45.9313711],[7.0961661,45.931213]]}},{"type":"Feature","id":146724487,"properties":{"kind":"run","name":"Ski touring route","subtype":"unknown","pisteType":"skitour","featured":false},"geometry":{"type":"LineString","coordinates":[[7.1009591,45.9189678],[7.0999171,45.9186327],[7.0994712,45.9178328],[7.098122,45.9176777],[7.0973241,45.9179715],[7.0965263,45.9184123],[7.0945904,45.9178246],[7.0943322,45.91749],[7.0936165,45.9175797],[7.0918566,45.9167196],[7.090742,45.9174083],[7.0891229,45.9167064],[7.0881021,45.9163146],[7.0861662,45.9137433],[7.0849694,45.9118739],[7.0838431,45.911131],[7.0829397,45.9108698],[7.0805814,45.9095636],[7.077437,45.90709],[7.0761112,45.9056695],[7.0753251,45.9041182],[7.0726734,45.9027058],[7.0722276,45.9020199],[7.0716996,45.9000685],[7.0711012,45.8993174],[7.070233,45.8984355],[7.0700277,45.8981538]]}},{"type":"Feature","id":146724488,"properties":{"kind":"run","name":"Ski touring route","subtype":"unknown","pisteType":"skitour","featured":false},"geometry":{"type":"LineString","coordinates":[[7.1009591,45.9189678],[7.1009392,45.9183657],[7.1013681,45.9181362],[7.1013623,45.9177574],[7.101356,45.9173436],[7.1013055,45.9170671],[7.1012934,45.9164811],[7.1014148,45.9158917],[7.1011657,45.9157638],[7.1009172,45.9157589],[7.100735,45.9157075],[7.1006895,45.9156831],[7.1007347,45.9155192],[7.1008696,45.9154425],[7.1008329,45.9153964],[7.1007281,45.915257],[7.1007275,45.915227],[7.1007213,45.9148985],[7.1005597,45.9146076],[7.1003756,45.914272],[7.0999598,45.9142194],[7.0997199,45.9132377],[7.0995014,45.9125522],[7.1003557,45.9123927],[7.1002932,45.9118707],[7.0998843,45.9114483],[7.0988554,45.9102179],[7.0982511,45.908623],[7.0984803,45.9075645],[7.0982927,45.906796],[7.0990012,45.9057665],[7.0996889,45.904998],[7.1001682,45.9047805],[7.0998348,45.904041],[7.1000848,45.9027649],[7.1002932,45.9020834],[7.1005224,45.9015324],[7.1019347,45.9009503],[7.1018748,45.9003877],[7.1014046,45.9004287],[7.1010895,45.9001187],[7.1018561,45.8993281],[7.101979,45.8992732],[7.1020184,45.8993283],[7.1020107,45.8992611],[7.1019397,45.8991755],[7.101478,45.8988199],[7.100967,45.8983308],[7.0996637,45.8974283],[7.0987182,45.8966503],[7.0978175,45.896059],[7.0947575,45.8949963],[7.0925854,45.8941782],[7.0904517,45.893409],[7.0890011,45.8930779],[7.0879489,45.8927658],[7.087853,45.8927374],[7.0872055,45.8924646],[7.0860661,45.8924196],[7.0852865,45.8924742],[7.0847133,45.8924248],[7.084454,45.892755],[7.0835537,45.8932273],[7.0821185,45.8934997],[7.0805789,45.8939719],[7.0799004,45.894435],[7.0790524,45.894771],[7.077852,45.8951161],[7.0766084,45.8952228]]}},{"type":"Feature","id":147536880,"properties":{"kind":"run","name":"Mapped ski run","subtype":"easy","pisteType":"nordic","featured":false},"geometry":{"type":"LineString","coordinates":[[7.0248925,45.8530481],[7.0248811,45.8530677],[7.0248774,45.8531138],[7.0248688,45.8531204]]}},{"type":"Feature","id":147536883,"properties":{"kind":"run","name":"Mapped ski run","subtype":"easy","pisteType":"nordic","featured":false},"geometry":{"type":"LineString","coordinates":[[7.0248688,45.8531204],[7.024687,45.8531663]]}},{"type":"Feature","id":147536884,"properties":{"kind":"run","name":"Mapped ski run","subtype":"easy","pisteType":"nordic","featured":false},"geometry":{"type":"LineString","coordinates":[[7.0197416,45.8498719],[7.0196414,45.8498736],[7.0194663,45.8498393]]}},{"type":"Feature","id":147648187,"properties":{"kind":"run","name":"Mapped ski run","subtype":"easy","pisteType":"nordic","featured":false},"geometry":{"type":"LineString","coordinates":[[7.0121595,45.8420031],[7.0120069,45.842099]]}},{"type":"Feature","id":147648201,"properties":{"kind":"run","name":"Mapped ski run","subtype":"easy","pisteType":"nordic","featured":false},"geometry":{"type":"LineString","coordinates":[[7.0119614,45.8421227],[7.0118075,45.8420546],[7.0116385,45.8420109],[7.0113966,45.8419953],[7.0111793,45.8420002]]}},{"type":"Feature","id":147709779,"properties":{"kind":"run","name":"Variante Tronchey","subtype":"easy","pisteType":"nordic","featured":false},"geometry":{"type":"LineString","coordinates":[[7.001933,45.8392355],[7.0017742,45.8394275],[7.0016573,45.8396522],[7.0015639,45.839714],[7.0014564,45.8397368],[7.0013255,45.839714],[7.0011526,45.8396522],[7.0009003,45.8395643]]}},{"type":"Feature","id":152197881,"properties":{"kind":"run","name":"Ski touring route","subtype":"unknown","pisteType":"skitour","featured":false},"geometry":{"type":"LineString","coordinates":[[7.0136567,46.0285833],[7.0143085,46.0281285],[7.0144863,46.027806],[7.0145493,46.0276866],[7.0139645,46.0271691],[7.0133911,46.0265839],[7.0131217,46.0264844],[7.0128522,46.0263092],[7.0121669,46.0260189],[7.0118774,46.0258419],[7.0117953,46.0255628],[7.0116494,46.0254121],[7.0113445,46.0251223],[7.0110231,46.0247168],[7.0107469,46.0244834],[7.0100586,46.02416],[7.0097388,46.0238568],[7.0094349,46.0234308],[7.0090564,46.0230078],[7.0081792,46.0223997],[7.0075428,46.0219617],[7.0068662,46.021691],[7.0048766,46.019971],[7.0040437,46.0199282],[7.0020639,46.0198252],[7.0007719,46.019039],[6.9995357,46.0179836],[6.9987981,46.0167746],[6.9975697,46.0148445],[6.9972495,46.0145213],[6.9953,46.0141868],[6.9930524,46.0131356],[6.9924332,46.0124826],[6.9921882,46.0114154],[6.9918598,46.0106667],[6.9915442,46.0103245],[6.9913983,46.0097062],[6.9919727,46.0086414],[6.9923815,46.007956],[6.9926167,46.0073853],[6.9932216,46.0067003],[6.9921449,46.0058167],[6.9915942,46.0045701],[6.9898833,46.0036295],[6.9897536,46.003269]]}},{"type":"Feature","id":170141535,"properties":{"kind":"run","name":"Mapped ski run","subtype":"intermediate","pisteType":"nordic","featured":false},"geometry":{"type":"LineString","coordinates":[[6.9003438,45.9431335],[6.9004796,45.943269],[6.9008258,45.9432577],[6.9013354,45.9428769],[6.9016744,45.9428742]]}},{"type":"Feature","id":187924794,"properties":{"kind":"lift","name":"Ligne de service Bois","subtype":"goods","status":"active"},"geometry":{"type":"LineString","coordinates":[[6.9013074,45.9441106],[6.913215,45.9439305]]}},{"type":"Feature","id":187925882,"properties":{"kind":"run","name":"Mapped ski run","subtype":"intermediate","pisteType":"nordic","featured":false},"geometry":{"type":"LineString","coordinates":[[6.9068366,45.9460424],[6.9068096,45.9460827],[6.9067796,45.9461022],[6.9067186,45.9461147],[6.9066627,45.9461154],[6.9066057,45.946105],[6.9065527,45.9460834],[6.9065107,45.9460529],[6.9064896,45.9460246],[6.9064779,45.9459867],[6.9064875,45.9459332],[6.9065185,45.9458516],[6.9065569,45.9457922],[6.9066156,45.9457357],[6.9066882,45.9456897],[6.9067972,45.9456414],[6.9068975,45.9456006],[6.9069637,45.9455561],[6.907015,45.945507],[6.9070524,45.9454269],[6.9070727,45.9453385],[6.9070823,45.9452568],[6.9070748,45.9451662],[6.907047,45.945089],[6.9070054,45.9450281],[6.9069499,45.9449747],[6.9068292,45.9448774],[6.9067491,45.9448165],[6.9066776,45.9447786],[6.9066114,45.9447623],[6.9065281,45.9447423],[6.9063903,45.9447185],[6.906307,45.9447022],[6.9062045,45.9446762],[6.906133,45.9446494],[6.9060486,45.9446138],[6.905945,45.9445789],[6.9057806,45.9445336],[6.9057037,45.9445017],[6.9056514,45.9444579],[6.9056172,45.9444022],[6.9055873,45.9443116],[6.9055553,45.9442433],[6.9055019,45.9441735],[6.9054453,45.9441044],[6.9054175,45.9440384],[6.9054101,45.9439849],[6.9054111,45.9439262],[6.905425,45.9438646]]}},{"type":"Feature","id":187932942,"properties":{"kind":"lift","name":"Planpraz","subtype":"gondola","status":"active"},"geometry":{"type":"LineString","coordinates":[[6.8631901,45.9240381],[6.8630586,45.9241836],[6.863009,45.924239],[6.8628158,45.9244546],[6.8618303,45.9255648],[6.8608022,45.9267026],[6.8594684,45.9281917],[6.8585361,45.9292324],[6.857659,45.9302115],[6.8566093,45.9313833],[6.8557626,45.9323285],[6.8546671,45.9335514],[6.8540207,45.9342729],[6.8530164,45.9353777],[6.8528011,45.9356122],[6.8527358,45.935686],[6.8525898,45.9358506]]}},{"type":"Feature","id":199823584,"properties":{"kind":"run","name":"Mapped ski run","subtype":"intermediate","pisteType":"nordic","featured":false},"geometry":{"type":"LineString","coordinates":[[7.095297,45.9336507],[7.0953153,45.933563],[7.0953527,45.9334621],[7.0953747,45.9333641],[7.095403,45.9333279],[7.0954039,45.933269],[7.0953464,45.9331294],[7.0953199,45.9330908],[7.0952525,45.9329264],[7.0954061,45.9327964],[7.0954895,45.9327085],[7.0956124,45.9326073],[7.095602,45.9325254],[7.0953326,45.9324468],[7.0951772,45.9323405],[7.095091,45.9322395],[7.0950054,45.9320906],[7.0949649,45.9318543],[7.0950349,45.931574],[7.0952199,45.931379],[7.0954372,45.931246],[7.0955031,45.931146]]}},{"type":"Feature","id":201238939,"properties":{"kind":"run","name":"Stade Grand Bois","subtype":"intermediate","pisteType":"downhill","featured":false},"geometry":{"type":"LineString","coordinates":[[6.7745513,45.8739928],[6.775115,45.8748124],[6.7753254,45.8751343],[6.7756854,45.878248]]}},{"type":"Feature","id":201238940,"properties":{"kind":"run","name":"Grands Bois","subtype":"intermediate","pisteType":"downhill","featured":false},"geometry":{"type":"LineString","coordinates":[[6.7779213,45.8736189],[6.7777051,45.8740375],[6.7767803,45.8758275],[6.7756854,45.878248]]}},{"type":"Feature","id":201239926,"properties":{"kind":"run","name":"Bellevue","subtype":"intermediate","pisteType":"downhill","featured":false},"geometry":{"type":"LineString","coordinates":[[6.7715368,45.8757715],[6.771654,45.8762703],[6.7722087,45.8773965],[6.773074,45.878093],[6.774245,45.8783174],[6.7756854,45.878248],[6.7759987,45.8781208],[6.7761053,45.8781391]]}},{"type":"Feature","id":201244754,"properties":{"kind":"lift","name":"Mont Blanc","subtype":"platter","status":"active"},"geometry":{"type":"LineString","coordinates":[[6.7749046,45.8736099],[6.7754906,45.8735666],[6.7765846,45.8734857],[6.7777894,45.8733966],[6.7791732,45.8732943],[6.7794766,45.8732719]]}},{"type":"Feature","id":201245246,"properties":{"kind":"run","name":"Mur des Épines Supérieur","subtype":"intermediate","pisteType":"downhill","featured":false},"geometry":{"type":"LineString","coordinates":[[6.7692054,45.8763415],[6.7691842,45.8764139],[6.7684324,45.8767776],[6.7678783,45.8768448],[6.7668966,45.8769307],[6.7651532,45.8778084],[6.7647419,45.8783623],[6.7648009,45.8786424],[6.7652729,45.8788113],[6.7655608,45.8786524]]}},{"type":"Feature","id":201248180,"properties":{"kind":"lift","name":"Schuss des Dames","subtype":"chair_lift","status":"active"},"geometry":{"type":"LineString","coordinates":[[6.7655608,45.8786524],[6.7660727,45.8780979],[6.7669185,45.8771818],[6.7678256,45.8761992],[6.7684859,45.8754839],[6.7688224,45.8751194]]}},{"type":"Feature","id":201253545,"properties":{"kind":"run","name":"Aillouds","subtype":"easy","pisteType":"downhill","featured":false},"geometry":{"type":"LineString","coordinates":[[6.7748743,45.8736284],[6.7745513,45.8739928],[6.7741453,45.8740908],[6.7736183,45.8741128],[6.7732187,45.8741633],[6.7728217,45.8742305],[6.7724431,45.8743429],[6.772014,45.8745166],[6.7711963,45.874899],[6.7708637,45.8750895],[6.7706595,45.8752654],[6.7705933,45.8753114],[6.770515,45.8753659],[6.770303,45.8754705],[6.7701528,45.8755265],[6.7700616,45.8755862],[6.7700294,45.8756833],[6.7699621,45.8758761],[6.7698602,45.8759993],[6.7697083,45.8761455],[6.7694769,45.8762809],[6.7691842,45.8764139],[6.7684308,45.8766693],[6.7681948,45.8767029],[6.768007,45.8767067],[6.7678193,45.8766768],[6.7674867,45.8765946],[6.7670361,45.8765274],[6.7664782,45.8764191],[6.7660168,45.8763444],[6.7657808,45.8763145],[6.7655877,45.8763108],[6.7652819,45.8763108],[6.7649815,45.8763145],[6.7646741,45.8763229],[6.7644019,45.8763646],[6.7638686,45.8764831],[6.7624527,45.8771358],[6.7638029,45.8780164],[6.7638087,45.8784265],[6.7638069,45.8784899],[6.7637607,45.8785324],[6.7636082,45.8785927],[6.7627911,45.8788451],[6.7626963,45.8788869],[6.7623494,45.8790158],[6.7622258,45.8791356],[6.7621093,45.879202],[6.7614015,45.8794893]]}},{"type":"Feature","id":201272173,"properties":{"kind":"run","name":"Les Aillouds Supérieur Col de Voza","subtype":"easy","pisteType":"downhill","featured":false},"geometry":{"type":"LineString","coordinates":[[6.7531066,45.8862349],[6.7529325,45.8861324],[6.7526013,45.8859535]]}},{"type":"Feature","id":201273541,"properties":{"kind":"run","name":"Kandahar Intermédiaire","subtype":"advanced","pisteType":"downhill","featured":false},"geometry":{"type":"LineString","coordinates":[[6.7587794,45.8820168],[6.7593762,45.8826408],[6.7600501,45.8830543],[6.7607289,45.8834365],[6.7610919,45.8835128],[6.7611197,45.88352],[6.761218,45.8835303],[6.7614343,45.8835692]]}},{"type":"Feature","id":201273542,"properties":{"kind":"run","name":"Kandahar Supérieur La Cassure","subtype":"advanced","pisteType":"downhill","featured":false},"geometry":{"type":"LineString","coordinates":[[6.7503651,45.8812301],[6.7502733,45.8812075],[6.750328,45.8811069],[6.7503524,45.8809481],[6.750648,45.8808244],[6.7513635,45.8808156],[6.7531497,45.8806537],[6.7541213,45.8805626],[6.7561523,45.8802837],[6.7570992,45.8804512],[6.7575361,45.8806005]]}},{"type":"Feature","id":201273920,"properties":{"kind":"run","name":"Abbaye","subtype":"easy","pisteType":"downhill","featured":false},"geometry":{"type":"LineString","coordinates":[[6.7504839,45.8805723],[6.7503859,45.8805907],[6.7501576,45.8808075],[6.7500615,45.8808112]]}},{"type":"Feature","id":201275212,"properties":{"kind":"lift","name":"École","subtype":"chair_lift","status":"active"},"geometry":{"type":"LineString","coordinates":[[6.7507337,45.8864403],[6.7507732,45.8859315],[6.7508376,45.885101],[6.7509024,45.8842643],[6.7509334,45.8838654],[6.7509434,45.8837362]]}},{"type":"Feature","id":201278035,"properties":{"kind":"lift","name":"Tapis École","subtype":"magic_carpet","status":"active"},"geometry":{"type":"LineString","coordinates":[[6.7500209,45.8861971],[6.749594,45.8866718]]}},{"type":"Feature","id":203147302,"properties":{"kind":"run","name":"Chemin des Écureuils","subtype":"easy","pisteType":"nordic","featured":false},"geometry":{"type":"LineString","coordinates":[[6.9244973,46.0237792],[6.9245463,46.0238733]]}},{"type":"Feature","id":208433535,"properties":{"kind":"lift","name":"Arc en ciel","subtype":"platter","status":"active"},"geometry":{"type":"LineString","coordinates":[[6.7580834,45.9561015],[6.7579982,45.9562299],[6.7574367,45.9567922],[6.7567704,45.9575291],[6.7562089,45.9581463],[6.7557363,45.9586695],[6.7550653,45.9594114],[6.7545798,45.9596489],[6.7537862,45.9597465],[6.7532743,45.9598042],[6.7580834,45.9561015]]}},{"type":"Feature","id":208436258,"properties":{"kind":"run","name":"Tetras","subtype":"easy","pisteType":"downhill","featured":false},"geometry":{"type":"LineString","coordinates":[[6.7532964,45.9598557],[6.7533177,45.9598742],[6.7533445,45.9598812],[6.7545054,45.9597253],[6.7550686,45.9596284],[6.7556802,45.9593711],[6.7560557,45.9590653],[6.7569354,45.9579763],[6.7575255,45.9571223],[6.7578796,45.9568352],[6.7581151,45.9565724],[6.7582551,45.9563466],[6.7582497,45.9561191],[6.7580834,45.9561015]]}},{"type":"Feature","id":208436260,"properties":{"kind":"run","name":"Arc en ciel","subtype":"easy","pisteType":"downhill","featured":false},"geometry":{"type":"LineString","coordinates":[[6.7512823,45.9579747],[6.7513596,45.9580078],[6.7514341,45.9580064],[6.7514932,45.957961],[6.7517529,45.9577667],[6.7519294,45.9575363],[6.7521537,45.9574153],[6.752457,45.9572685],[6.7526541,45.9572139],[6.753341,45.9568835],[6.7536682,45.9567045],[6.7541144,45.9565139],[6.754288,45.9565182],[6.7544567,45.9565076],[6.7546733,45.9564878],[6.7548908,45.9564792],[6.7549825,45.9564741],[6.7551095,45.9564552],[6.7553188,45.9564162],[6.7556838,45.9563175],[6.7557535,45.956302],[6.7558208,45.9562937],[6.7558849,45.9562905],[6.7559609,45.9562918],[6.756134,45.9562966],[6.7565424,45.9562427],[6.7570642,45.9561527],[6.7575792,45.9560259],[6.7580137,45.9560371],[6.7580834,45.9561015]]}},{"type":"Feature","id":215618019,"properties":{"kind":"run","name":"Mapped ski run","subtype":"easy","pisteType":"nordic","featured":false},"geometry":{"type":"LineString","coordinates":[[6.7810951,45.8968061],[6.7810864,45.8968663],[6.7810547,45.896911],[6.7809223,45.8970327],[6.7808211,45.8971493],[6.7808038,45.897208],[6.7807802,45.8972822],[6.7807678,45.8973209],[6.7807259,45.8973948],[6.7806887,45.8975762],[6.7806436,45.8977246],[6.7805526,45.897852],[6.7804078,45.8980312],[6.780324,45.8981436],[6.7802388,45.8982608],[6.7800731,45.8984313],[6.7800538,45.8984462]]}},{"type":"Feature","id":217314842,"properties":{"kind":"run","name":"Col Cornu","subtype":"intermediate","pisteType":"downhill","featured":false},"geometry":{"type":"LineString","coordinates":[[6.8561291,45.9540035],[6.8560844,45.9541206],[6.8561134,45.9541743],[6.85616,45.9541967],[6.8562528,45.9542004],[6.8562982,45.9541742],[6.8563425,45.9541304],[6.8563858,45.9539929],[6.8564174,45.9538439],[6.8563972,45.9534314],[6.8563516,45.9533759],[6.8562662,45.9533274],[6.8560593,45.9532663],[6.8558719,45.9532126],[6.8556943,45.9530552],[6.8555983,45.952924],[6.8556542,45.9528144],[6.8557061,45.9527304],[6.8558777,45.9524486],[6.8558994,45.9523908],[6.8565974,45.951299],[6.8568512,45.950549],[6.8568626,45.9504382],[6.8568704,45.9503618],[6.856839,45.9498487],[6.8567079,45.9495459],[6.8565506,45.949317],[6.8561248,45.9490472],[6.8556615,45.9487954],[6.8553404,45.9485199],[6.8552109,45.9483035],[6.8551824,45.9480695],[6.8554113,45.9478012],[6.8555139,45.947739],[6.8556139,45.9476784],[6.8557055,45.9476106],[6.8557566,45.947527],[6.8557347,45.9473229],[6.855598,45.9470528],[6.8554675,45.9468376],[6.8552173,45.9466667],[6.8551013,45.9466002],[6.854444,45.9462233],[6.8543131,45.9461483],[6.8542707,45.9460775],[6.8539166,45.9454865],[6.8535517,45.9451225],[6.8532903,45.9449304],[6.8532101,45.9448715],[6.8532648,45.9448002],[6.854619,45.9442955],[6.8554734,45.9440843],[6.8560637,45.9439072]]}},{"type":"Feature","id":217343492,"properties":{"kind":"lift","name":"Liaison Brévent - Flégère","subtype":"cable_car","status":"active"},"geometry":{"type":"LineString","coordinates":[[6.8810135,45.9559367],[6.8804901,45.9556326],[6.8721935,45.9508327]]}},{"type":"Feature","id":217431072,"properties":{"kind":"run","name":"Combes","subtype":"intermediate","pisteType":"downhill","featured":false},"geometry":{"type":"LineString","coordinates":[[6.952766,45.9578753],[6.95288,45.957762],[6.9528708,45.9577422],[6.9526219,45.9576534],[6.9525714,45.957588],[6.9525172,45.9574781],[6.9524584,45.9573275],[6.9523439,45.9571495],[6.9521583,45.9569936],[6.9517793,45.957042],[6.9512455,45.9571065],[6.9506422,45.9573324],[6.9502167,45.9575582],[6.949799,45.9578432],[6.9484453,45.9588754],[6.9479274,45.9593883],[6.9472239,45.9599845],[6.9470396,45.960367],[6.9469921,45.9605571],[6.9470342,45.9607112],[6.9477774,45.9615146],[6.948456,45.9622481],[6.9485799,45.9624377],[6.948596,45.9625913],[6.9485381,45.9627782],[6.9481221,45.9633793],[6.9479108,45.9639508],[6.9478328,45.9641603],[6.9479569,45.9644607],[6.9482796,45.9648285],[6.9484647,45.9650394],[6.9496492,45.9663894],[6.950542,45.9674436],[6.9506286,45.9676498],[6.9504581,45.9677698],[6.9501526,45.9677763],[6.9496702,45.9677433],[6.9482015,45.9674761],[6.9475437,45.9673961],[6.9470348,45.9678165],[6.9468283,45.9678099],[6.9465499,45.967673],[6.9462954,45.9675562],[6.9460793,45.9675229],[6.9459758,45.9675199],[6.9457306,45.9675119],[6.9451133,45.9674037],[6.944946,45.9673996],[6.9446216,45.9675058],[6.9442789,45.9677031],[6.9440219,45.9679201],[6.9438614,45.9680431],[6.9437554,45.9680957],[6.9435516,45.9681462]]}},{"type":"Feature","id":217431487,"properties":{"kind":"run","name":"Blanchots","subtype":"advanced","pisteType":"downhill","featured":false},"geometry":{"type":"LineString","coordinates":[[6.9527645,45.9586637],[6.9528567,45.9588683],[6.9529278,45.9592208],[6.9531229,45.9601488],[6.9533485,45.9608343],[6.9536309,45.9615084],[6.9541911,45.962377],[6.9550669,45.9635942],[6.9548972,45.9641402],[6.9545027,45.9653333],[6.9544661,45.9658975],[6.954667,45.9663222],[6.9552071,45.9667674],[6.9554469,45.967166],[6.9554469,45.9676466],[6.9551664,45.9681275]]}},{"type":"Feature","id":217492888,"properties":{"kind":"run","name":"Chamois","subtype":"advanced","pisteType":"downhill","featured":false},"geometry":{"type":"LineString","coordinates":[[6.9451006,45.9491452],[6.9448399,45.9492618],[6.9444355,45.9492561],[6.9441323,45.9491959],[6.9438746,45.9492478],[6.9430416,45.9493242],[6.9426258,45.9492552],[6.9422177,45.9489868],[6.9419794,45.9489177],[6.9416829,45.9489535],[6.9411559,45.949165],[6.9404144,45.9495724],[6.9395173,45.9501834],[6.939261,45.9508007],[6.9394533,45.9512335],[6.9401032,45.9518381],[6.9407806,45.9523155],[6.9410735,45.9525955],[6.9410094,45.9531555],[6.9407989,45.9533846],[6.9393709,45.9534737],[6.9385653,45.9534865],[6.937476,45.9539447],[6.9370716,45.9540831],[6.9369883,45.9542797],[6.9369747,45.9544758],[6.9369227,45.9545982],[6.9368777,45.9547061],[6.936796,45.9549122],[6.9368788,45.9551421],[6.9371026,45.9553075],[6.9370669,45.9554399],[6.9369763,45.955496],[6.9368544,45.9555196],[6.9365921,45.9554992],[6.9360475,45.9554764],[6.9355971,45.9556335],[6.9350554,45.9561384],[6.9348119,45.9563955],[6.9348098,45.9565922],[6.934825,45.9566916],[6.9349312,45.9573876],[6.9346841,45.9581703],[6.9340982,45.9588321],[6.9335673,45.9593476],[6.9331371,45.9595703],[6.9323773,45.9597421],[6.9322336,45.9598596],[6.9316232,45.9603588],[6.9313229,45.9605512]]}},{"type":"Feature","id":217511715,"properties":{"kind":"run","name":"Arolles","subtype":"easy","pisteType":"downhill","featured":false},"geometry":{"type":"LineString","coordinates":[[6.9355913,45.9606232],[6.9357186,45.960635],[6.9357327,45.9606412],[6.9356717,45.9606872],[6.9356394,45.9607328],[6.9355464,45.9607777],[6.9354556,45.9608092],[6.9351593,45.9608452],[6.9349404,45.9607732],[6.9347024,45.9607333],[6.9340479,45.9606442],[6.9335582,45.9606442],[6.9327526,45.9608096],[6.9325053,45.9608339],[6.9319745,45.960886],[6.931375,45.960851],[6.931205,45.96081],[6.9310394,45.9607131],[6.9309481,45.9605167],[6.9309404,45.9601394],[6.9310771,45.9599816],[6.9313231,45.9597945],[6.9315218,45.9596294],[6.9315754,45.9595167],[6.931677,45.9591647],[6.9318281,45.9588497],[6.9318413,45.9586708],[6.9317718,45.958548],[6.9314146,45.9583277],[6.9311118,45.9581695],[6.9307845,45.9579588],[6.9304825,45.9576724],[6.930468,45.9575809],[6.9307055,45.9571457],[6.9308128,45.9567315],[6.9307407,45.9566291],[6.9305242,45.9565959],[6.9300805,45.9566849],[6.929359,45.9569864],[6.9286256,45.9573625],[6.9281167,45.9576185],[6.9277841,45.9577552],[6.9276702,45.9578806],[6.9276895,45.9579743],[6.9278247,45.9582093],[6.9278961,45.9583327],[6.9276806,45.9588947],[6.9274606,45.9593976],[6.9272203,45.9597714],[6.9268744,45.9600479],[6.9265866,45.9599916],[6.9263053,45.9599271],[6.9261758,45.9598789],[6.9261344,45.9597692],[6.9262565,45.9591918],[6.9261947,45.9589461],[6.9260187,45.9585762],[6.9259845,45.9583807],[6.9259318,45.958325],[6.9258861,45.9583161],[6.9258236,45.9583413],[6.9253517,45.9589579],[6.9249581,45.9593651],[6.924624,45.9596165],[6.9240702,45.9597978],[6.9235255,45.9599251],[6.9232627,45.9599592],[6.9232238,45.9599942],[6.9232454,45.9600481]]}},{"type":"Feature","id":217511927,"properties":{"kind":"run","name":"Liaison Balme","subtype":"easy","pisteType":"downhill","featured":false},"geometry":{"type":"LineString","coordinates":[[6.970753,46.0206395],[6.9707057,46.0207905],[6.9705279,46.0212917],[6.9700789,46.0220468],[6.9696155,46.02275],[6.9692104,46.0231253],[6.9686361,46.0235866],[6.9683575,46.0239194],[6.9683046,46.0239827],[6.9682643,46.0240308],[6.9682532,46.0240441],[6.9681597,46.0241922],[6.9680283,46.0244671],[6.9679126,46.024752],[6.9678543,46.0249162],[6.967858,46.0250806],[6.9678626,46.0252869],[6.9678439,46.0255188],[6.967727,46.0257664],[6.9673862,46.0260887],[6.9671888,46.0262418],[6.9669639,46.0263311],[6.9667855,46.0263828],[6.9663164,46.0263819],[6.9656464,46.0265305],[6.9654639,46.0265675],[6.965337,46.0265291],[6.9652208,46.0264305],[6.9651149,46.0263153],[6.9648863,46.0262255],[6.9645725,46.0261696],[6.9640996,46.0260343],[6.9635012,46.0260027],[6.9633192,46.0260118],[6.9632238,46.0260166],[6.962981,46.0262001],[6.9627634,46.0262926],[6.9625673,46.0262683],[6.9623202,46.0261147],[6.9620373,46.0260144],[6.9615764,46.0260173],[6.9610407,46.0259173],[6.9605252,46.0258382],[6.9602206,46.0257492],[6.9598959,46.0257332],[6.9595386,46.0257877],[6.959194,46.0257547],[6.9589133,46.0256817],[6.9587322,46.0255922],[6.9585786,46.025497],[6.9585351,46.0253772],[6.9584613,46.0252249],[6.9580228,46.0249472],[6.9573157,46.0245544],[6.9564209,46.0240022],[6.9559597,46.0239326],[6.9554973,46.0239215],[6.9550873,46.023805],[6.954774,46.0238017],[6.9543405,46.0239776],[6.954059,46.0241535],[6.9537416,46.0243983],[6.9533168,46.0245896],[6.9532132,46.0245495],[6.9530364,46.024439],[6.953001,46.0242702],[6.9528159,46.0238782],[6.9525757,46.023189],[6.952517,46.0224998],[6.9525754,46.0220889]]}},{"type":"Feature","id":217673751,"properties":{"kind":"run","name":"Evettes","subtype":"easy","pisteType":"downhill","featured":false},"geometry":{"type":"LineString","coordinates":[[6.886339,45.9594946],[6.8861912,45.9594145],[6.8860388,45.9592653],[6.8858205,45.9590991],[6.8855959,45.9589343],[6.8854927,45.9588233],[6.8853626,45.9585456],[6.8852508,45.9583336],[6.8851556,45.9582043],[6.8850167,45.9580906],[6.8841057,45.9575603],[6.8833448,45.9572122],[6.8831043,45.9571233],[6.8829138,45.9570158],[6.8826559,45.9567941],[6.8825314,45.9567141],[6.882364,45.9566505],[6.8821914,45.9566453],[6.8820191,45.9566525],[6.8815941,45.9567615],[6.8813627,45.9568111],[6.8810087,45.9568782],[6.8808265,45.956878]]}},{"type":"Feature","id":217779739,"properties":{"kind":"run","name":"Ecuries","subtype":"intermediate","pisteType":"downhill","featured":false},"geometry":{"type":"LineString","coordinates":[[6.9706771,46.0206034],[6.9708188,46.0206344],[6.9708061,46.0205507],[6.9707648,46.0204603],[6.9706696,46.0203412],[6.9706238,46.0202543],[6.9705569,46.0202117],[6.9702966,46.0200811],[6.9699235,46.0198133],[6.9695886,46.0196071],[6.9691822,46.0193856],[6.9686378,46.0191023],[6.9680473,46.0188157],[6.9671663,46.0184828],[6.9667425,46.0183946],[6.9661853,46.0181929],[6.9657821,46.0181565],[6.9650525,46.0180059],[6.9639166,46.0178313],[6.9630097,46.0177003],[6.9622824,46.0175382],[6.9612632,46.0170238],[6.9608482,46.0167388],[6.9607889,46.0166981],[6.9603376,46.016434],[6.9601825,46.0163432],[6.959391,46.0159699],[6.9590228,46.015669],[6.9590076,46.0157871],[6.958974,46.0158775],[6.9588011,46.0158822],[6.9586277,46.0158545],[6.9583808,46.0157298],[6.9583132,46.0155682],[6.9583745,46.0154556],[6.958613,46.0153309],[6.9580126,46.0151094],[6.9564331,46.0144918],[6.9570271,46.0152632],[6.9571196,46.0154097],[6.9575071,46.0154779],[6.9583404,46.0158515],[6.959501,46.0164751],[6.9608569,46.0172078],[6.9616561,46.0176474],[6.962352,46.0178937],[6.9626933,46.0179718],[6.9630748,46.018059],[6.964552,46.018165],[6.9656595,46.0183042],[6.9658046,46.0183224],[6.9664579,46.0185267],[6.9673805,46.0188151],[6.9684154,46.0192359],[6.9694795,46.0197473],[6.9702248,46.020218],[6.9705839,46.0204659],[6.9706496,46.0205437],[6.9706771,46.0206034]]}},{"type":"Feature","id":217779740,"properties":{"kind":"run","name":"Ecuries","subtype":"intermediate","pisteType":"downhill","featured":false},"geometry":{"type":"LineString","coordinates":[[6.9592362,46.0161162],[6.9591459,46.0159674],[6.9590221,46.0156719],[6.9588888,46.0154537],[6.9587799,46.0153807],[6.9586188,46.0153334],[6.958178,46.0153047],[6.9579872,46.0152861],[6.9577745,46.0152905],[6.9574714,46.0152522]]}},{"type":"Feature","id":217779741,"properties":{"kind":"run","name":"Grands Champs","subtype":"novice","pisteType":"downhill","featured":false},"geometry":{"type":"LineString","coordinates":[[6.9551559,46.0050411],[6.9552845,46.0049512],[6.955366,46.0048046],[6.9552969,46.0046802],[6.954846,46.0043984],[6.9541161,46.0038851],[6.9526039,46.0033049],[6.9503922,46.002666],[6.9498128,46.0025425],[6.9485112,46.0020382],[6.9482083,46.0019713],[6.9478996,46.0019828],[6.947788,46.0020078],[6.9476538,46.0021296]]}},{"type":"Feature","id":217779742,"properties":{"kind":"run","name":"Les Crys","subtype":"novice","pisteType":"downhill","featured":false},"geometry":{"type":"LineString","coordinates":[[6.9551559,46.0050411],[6.9550881,46.0051579],[6.9548658,46.0051579],[6.9543642,46.0050653],[6.9534817,46.0047477],[6.9516408,46.0041868],[6.9513181,46.0041537],[6.9505246,46.0041077],[6.9496179,46.004084],[6.9488728,46.0040765],[6.9484205,46.0039517],[6.9481315,46.0035459],[6.9480314,46.0034054],[6.9477378,46.0028676],[6.9475599,46.002549],[6.9475401,46.0024093],[6.9475744,46.0022905],[6.9476538,46.0021296]]}},{"type":"Feature","id":217779743,"properties":{"kind":"run","name":"Vormaine 2","subtype":"novice","pisteType":"downhill","featured":false},"geometry":{"type":"LineString","coordinates":[[6.9553128,46.0051094],[6.955469,46.0048845],[6.9556944,46.0043583],[6.954926,46.00342],[6.9535938,46.0028304],[6.9516233,46.0023311],[6.9491315,46.0020731],[6.9485132,46.0018699],[6.9478042,46.0019395],[6.9475608,46.0020838],[6.9477953,46.0020427],[6.9482419,46.0020837],[6.9486456,46.0022991],[6.9494276,46.0027163],[6.9530402,46.0041224],[6.955004,46.0048266],[6.9552104,46.0049461],[6.9551559,46.0050411],[6.9553128,46.0051094]]}},{"type":"Feature","id":217779744,"properties":{"kind":"run","name":"Ecuries","subtype":"intermediate","pisteType":"downhill","featured":false},"geometry":{"type":"LineString","coordinates":[[6.9574714,46.0152522],[6.9572352,46.0151184],[6.9569272,46.0149829],[6.9565095,46.0147443]]}},{"type":"Feature","id":217779745,"properties":{"kind":"run","name":"Vormaine 2","subtype":"novice","pisteType":"downhill","featured":false},"geometry":{"type":"LineString","coordinates":[[6.9551374,46.0052306],[6.9549532,46.0052526],[6.9541151,46.0050828],[6.9515451,46.0043332],[6.9505044,46.004281],[6.9488629,46.0042587],[6.948364,46.0039867],[6.9479938,46.0035768],[6.9476136,46.0031711],[6.9475196,46.0027513],[6.9474577,46.0024674],[6.9475485,46.0021543],[6.9475608,46.0020838],[6.9477953,46.0020427],[6.9476596,46.0022245],[6.9476551,46.0023188],[6.9480558,46.0025184],[6.9483271,46.0032634],[6.9484477,46.0038759],[6.9484873,46.003895],[6.9487373,46.0039138],[6.9502334,46.0039314],[6.9504623,46.0039214],[6.9510406,46.0038962],[6.952281,46.0041318],[6.954541,46.0049876],[6.9548733,46.0050913],[6.9550764,46.0050928],[6.9551559,46.0050411],[6.9553128,46.0051094],[6.9551374,46.0052306]]}},{"type":"Feature","id":217779747,"properties":{"kind":"run","name":"Arve","subtype":"easy","pisteType":"downhill","featured":false},"geometry":{"type":"LineString","coordinates":[[6.9699691,46.0209205],[6.9695495,46.0208513],[6.9686158,46.0208355],[6.9674543,46.020909],[6.9665953,46.0208227],[6.9660039,46.020597],[6.9650579,46.0200992],[6.9639489,46.0195723],[6.9627996,46.0191296],[6.9614931,46.0188459],[6.9603572,46.0185497],[6.9589788,46.0181008],[6.9585147,46.0180122],[6.9583906,46.0179885],[6.9578441,46.0180893],[6.9570629,46.0175904],[6.9569552,46.0171071],[6.9569732,46.016661],[6.9569051,46.0163083],[6.9568608,46.0160106],[6.9568016,46.0157512],[6.9564425,46.0147463],[6.9562668,46.014666],[6.9557554,46.0145824],[6.9557606,46.0145078],[6.9557489,46.0144089],[6.9559201,46.0143099],[6.9560962,46.0142798],[6.9562364,46.0143717],[6.9562841,46.0144001],[6.9564331,46.0144918],[6.9570271,46.0152632],[6.9571196,46.0154097],[6.9572557,46.0155741],[6.9573453,46.0157357],[6.9573033,46.0157791],[6.9572813,46.0158792],[6.9572272,46.0161253],[6.9572018,46.0165353],[6.9572081,46.0169763],[6.9572827,46.0171197],[6.957485,46.0172443],[6.9579911,46.0174803],[6.9582632,46.0175792],[6.9587543,46.0177578],[6.9598004,46.0180633],[6.9609273,46.0183814],[6.9621575,46.0186495],[6.9634506,46.0190236],[6.9643171,46.0194009],[6.9655428,46.0199091],[6.9664911,46.0203617],[6.966968,46.0204894],[6.968419,46.0206518],[6.968499,46.0206546],[6.9697089,46.0206817],[6.9702095,46.020769],[6.9704851,46.0207848],[6.9705701,46.02075],[6.9706293,46.0206989],[6.9706471,46.0206524],[6.9706771,46.0206034],[6.9708188,46.0206344],[6.9708067,46.0207238],[6.9707481,46.020847],[6.9707281,46.0208891],[6.9705507,46.0213064],[6.9703689,46.0215781],[6.9704946,46.0211961],[6.9705777,46.0209109],[6.9703061,46.0209592],[6.9699691,46.0209205]]}},{"type":"Feature","id":217781135,"properties":{"kind":"run","name":"Le Col","subtype":"easy","pisteType":"downhill","featured":false},"geometry":{"type":"LineString","coordinates":[[6.9679632,46.0236432],[6.9677219,46.0233654],[6.9676457,46.0232431],[6.9675933,46.0231968],[6.9674092,46.0231582],[6.9670632,46.023095],[6.9668124,46.0230249],[6.9667792,46.0230174],[6.9663574,46.0229639],[6.9661139,46.0229312],[6.965964,46.0228808],[6.9657076,46.0227945],[6.9652536,46.0225851],[6.9648393,46.0223756],[6.9643234,46.0222698],[6.9640091,46.0221651],[6.9634233,46.0219403],[6.9628566,46.0216856],[6.962309,46.0213528],[6.9620693,46.021254],[6.9617661,46.021129],[6.9612021,46.0208742],[6.9600617,46.0202522],[6.959615,46.0199747],[6.9594646,46.0197799],[6.9592199,46.0196302],[6.9590201,46.0194915],[6.9589483,46.0195133],[6.958854,46.0195855],[6.958815,46.0195822],[6.9587821,46.0195289],[6.9588674,46.019412],[6.9589258,46.0193605],[6.9587979,46.0191329],[6.9582299,46.0184065],[6.9578441,46.0180893],[6.9583906,46.0179885],[6.9584821,46.0182277],[6.9586407,46.0186419],[6.9590507,46.0192136],[6.9592602,46.0194142],[6.9608063,46.020393],[6.9615333,46.0208141],[6.96181,46.0209245],[6.9624444,46.0211778],[6.9630413,46.0214203],[6.963193,46.0214913],[6.9641486,46.0219277],[6.9643023,46.0219633],[6.9647461,46.0220662],[6.964977,46.0221555],[6.9651652,46.0222779],[6.965762,46.0225931],[6.9660224,46.0227298],[6.9665875,46.0228356],[6.966895,46.0228512],[6.9669507,46.0228747],[6.9672287,46.0229017],[6.9676573,46.0229767],[6.9678319,46.0230516],[6.9679558,46.0232147],[6.9680796,46.0234969],[6.9682732,46.0238077],[6.9683575,46.0239194],[6.9682643,46.0240308],[6.9679632,46.0236432]]}},{"type":"Feature","id":217801714,"properties":{"kind":"run","name":"Arve","subtype":"easy","pisteType":"downhill","featured":false},"geometry":{"type":"LineString","coordinates":[[6.9698218,46.0208397],[6.9693919,46.0207704],[6.9686759,46.0207423],[6.9678325,46.0207301],[6.9675108,46.0207255],[6.9666774,46.020644],[6.9663814,46.0205239],[6.9660144,46.0203654],[6.965658,46.0202114],[6.9646911,46.0197367],[6.963429,46.0191552],[6.9624985,46.018908],[6.9614993,46.0186635],[6.9599499,46.0182646],[6.9591732,46.018023],[6.9580607,46.0176803],[6.9572083,46.0173826]]}},{"type":"Feature","id":217801715,"properties":{"kind":"run","name":"Col","subtype":"easy","pisteType":"downhill","featured":false},"geometry":{"type":"LineString","coordinates":[[6.9683046,46.0239827],[6.9680923,46.0236966],[6.9678705,46.0233276],[6.9677667,46.0231549],[6.9676368,46.0231029],[6.9674133,46.0230397],[6.9667074,46.022928],[6.9662671,46.0228584],[6.9658741,46.0227651],[6.9654695,46.0225649],[6.9653239,46.0224772],[6.9647879,46.0222391],[6.9644743,46.0221387],[6.9638943,46.0219529],[6.9636787,46.0218628],[6.9633613,46.0217301],[6.9626702,46.0214414],[6.9619945,46.0210937],[6.9619052,46.0210592],[6.9616294,46.0209525],[6.9599921,46.0200655],[6.9596575,46.0197983],[6.9592084,46.0195006],[6.9591973,46.0194893],[6.9590424,46.0193312]]}},{"type":"Feature","id":217801716,"properties":{"kind":"run","name":"Les Caisets","subtype":"intermediate","pisteType":"downhill","featured":false},"geometry":{"type":"LineString","coordinates":[[6.9557554,46.0145824],[6.9552954,46.014493],[6.9549178,46.0143344],[6.9545571,46.0141902],[6.9542095,46.0141155],[6.95392,46.0140929],[6.9533989,46.0141528],[6.9531366,46.0139996],[6.9531843,46.0136602],[6.9533251,46.0132188],[6.9530353,46.0130268],[6.9528565,46.0128198],[6.9525823,46.0125921],[6.9524094,46.0123313],[6.9523696,46.0120407],[6.9522895,46.0118679],[6.9522409,46.0115898],[6.9522381,46.0112759],[6.9522009,46.0110395],[6.952158,46.0109063],[6.9519743,46.0107665],[6.951793,46.0105866],[6.9515855,46.0104219],[6.9513484,46.010072],[6.9515144,46.0098949],[6.9510343,46.0094668],[6.9505956,46.0089027],[6.9499062,46.0085858],[6.9496259,46.0083065],[6.9494126,46.008099],[6.9491993,46.0077731],[6.9492175,46.0076207],[6.9488894,46.0073244],[6.9490027,46.0068578],[6.9487813,46.0062356],[6.9482179,46.0056403],[6.948184,46.0055979],[6.9481793,46.005562],[6.9476605,46.0043872],[6.9476955,46.0040379],[6.9475525,46.004016],[6.9474696,46.0039791],[6.9475268,46.0039274],[6.9477265,46.0039227],[6.9478185,46.0039266],[6.9480188,46.0040617],[6.9483935,46.0044273],[6.9487797,46.00493],[6.9499983,46.0063725],[6.9504674,46.0069706],[6.9504674,46.0071692],[6.950373,46.0073461],[6.9504059,46.0077499],[6.9504711,46.0078899],[6.9506312,46.0080999],[6.9507043,46.0082121],[6.9507912,46.0082934],[6.9511587,46.0085981],[6.9513306,46.0088122],[6.9515873,46.0091643],[6.9521608,46.0098395],[6.9523868,46.0101971],[6.9524628,46.0107389],[6.9523858,46.0108542],[6.9524273,46.0109942],[6.9524268,46.0112083],[6.9523982,46.0115798],[6.9524698,46.0118937],[6.9526843,46.0121281],[6.9528564,46.0122192],[6.9531306,46.0122775],[6.9535539,46.0126708],[6.9538817,46.0129854],[6.9542453,46.0133621],[6.9543526,46.0136188],[6.9544659,46.013685],[6.9548056,46.0137471],[6.955056,46.0138009],[6.9553719,46.0139293],[6.9554901,46.0140594],[6.9559201,46.0143099],[6.9557489,46.0144089],[6.9557606,46.0145078],[6.9557554,46.0145824]]}},{"type":"Feature","id":217801718,"properties":{"kind":"run","name":"Solonges","subtype":"intermediate","pisteType":"downhill","featured":false},"geometry":{"type":"LineString","coordinates":[[6.9633251,46.0259406],[6.9631248,46.0257047],[6.9627911,46.0252833],[6.9622429,46.0246654],[6.9617635,46.0242918],[6.9612983,46.0238704],[6.9610394,46.0235629],[6.9606389,46.0232721],[6.9597752,46.0226022],[6.9590552,46.0221232],[6.9582623,46.0215979],[6.9579042,46.0212988],[6.9575826,46.02106],[6.9575806,46.0208704],[6.9576363,46.0206486],[6.9572954,46.0208184],[6.9572671,46.0210446],[6.9575402,46.02131],[6.9580802,46.0216921],[6.9587538,46.0221289],[6.959753,46.0227623],[6.9602344,46.0231134],[6.9610172,46.0237468],[6.961355,46.0241317],[6.9617271,46.0244561],[6.962158,46.0247342],[6.9627183,46.0254266],[6.9631471,46.0259266],[6.9631835,46.0259631],[6.9633451,46.0261483],[6.9634371,46.0261771],[6.9633534,46.0259659],[6.9633251,46.0259406]]}},{"type":"Feature","id":217801719,"properties":{"kind":"run","name":"Stade Balme","subtype":"easy","pisteType":"downhill","featured":false},"geometry":{"type":"LineString","coordinates":[[6.9707057,46.0207905],[6.9704913,46.0208523],[6.9702445,46.0208621],[6.9698218,46.0208397],[6.9692391,46.0208934],[6.9686851,46.0209813],[6.9679939,46.0210949],[6.9673344,46.0212341],[6.9664902,46.0213477],[6.9655089,46.0214576],[6.9645064,46.0215455],[6.9633613,46.0217301]]}},{"type":"Feature","id":217801722,"properties":{"kind":"run","name":"Ecuries","subtype":"intermediate","pisteType":"downhill","featured":false},"geometry":{"type":"LineString","coordinates":[[6.966864,46.020344],[6.9668259,46.0200794],[6.9665122,46.0195899],[6.9661751,46.0191896],[6.9660935,46.0190531],[6.9660135,46.0188306],[6.9659066,46.0187108],[6.9658405,46.0186535],[6.9657363,46.0185068],[6.9656595,46.0183042],[6.9655616,46.0181879]]}},{"type":"Feature","id":217804671,"properties":{"kind":"run","name":"Charles Bozon","subtype":"advanced","pisteType":"downhill","featured":false},"geometry":{"type":"LineString","coordinates":[[6.8378907,45.9333613],[6.8373636,45.9336566],[6.837341,45.9336792],[6.8373243,45.9337049],[6.8373062,45.9337324],[6.8372834,45.9337482],[6.8372546,45.9337508],[6.8372492,45.9338453],[6.8372612,45.933925],[6.8372827,45.9339917],[6.8373129,45.9340486],[6.8373571,45.9340976],[6.8374309,45.9341694],[6.837512,45.9342379],[6.8375389,45.9342645],[6.8375427,45.934283],[6.8375257,45.934296],[6.8374946,45.9343],[6.8374651,45.9342958],[6.8372692,45.934241],[6.837113,45.9341966],[6.8370221,45.9341621],[6.8369576,45.9341246],[6.8369255,45.9341213],[6.8369069,45.9341332],[6.8368997,45.9341773],[6.8369683,45.9342646],[6.8370529,45.934366],[6.8371073,45.9344566],[6.8371622,45.934537],[6.8372059,45.9346166],[6.8373411,45.9348021],[6.8374302,45.934951],[6.8375898,45.9352118],[6.8376117,45.9353038],[6.8374684,45.9355751],[6.8373262,45.9357175],[6.8372698,45.9359012],[6.837278,45.9360231],[6.8373052,45.9360879],[6.8374718,45.936229],[6.8375966,45.9363181],[6.8376828,45.9364094],[6.837832,45.9365674],[6.837908,45.9366228],[6.8379558,45.9366304],[6.8379998,45.9366316],[6.8381303,45.9366104],[6.838198,45.9365555],[6.8382897,45.9364466],[6.8383211,45.9362523],[6.838345,45.9361513],[6.8383471,45.9361425],[6.8383772,45.9360155],[6.8383889,45.9358584],[6.8384374,45.935712],[6.8385089,45.9354278],[6.8385441,45.9354258],[6.8386978,45.9354172],[6.8387691,45.9354216],[6.8389583,45.9354332],[6.8390294,45.9354407],[6.8392595,45.9354651],[6.8394871,45.9354865],[6.8395743,45.9354923],[6.8396438,45.9354996],[6.8400842,45.9355113],[6.8402223,45.9354809],[6.8402859,45.9354669],[6.8403906,45.9350851],[6.8403835,45.9350079],[6.8404524,45.9349493],[6.8405464,45.9349724],[6.840637,45.935039],[6.8407119,45.9351035],[6.8407915,45.9351721],[6.840863,45.9352645],[6.8409,45.9353195],[6.8410119,45.9355092],[6.8410177,45.9355872],[6.8410288,45.9357096],[6.841016,45.9358809],[6.8409782,45.9359641],[6.8409368,45.9361619],[6.8408888,45.9363372],[6.8408538,45.936464],[6.8408709,45.9366416],[6.8409166,45.9367765],[6.8409882,45.936884],[6.841126,45.9370908],[6.8413283,45.9374736],[6.8413673,45.9375474],[6.8414678,45.9376536],[6.8416369,45.9378324],[6.8417178,45.937857],[6.8417517,45.937874],[6.8418524,45.9379244],[6.8420362,45.9379557],[6.8425333,45.937866],[6.8428442,45.9377828],[6.8430908,45.9377151],[6.8433719,45.9376576],[6.8436815,45.9376013],[6.8441028,45.9375014],[6.8443341,45.9375302],[6.8445965,45.9375975],[6.8448116,45.9376527],[6.8451792,45.9376723],[6.8454362,45.9376649],[6.8456158,45.9376598],[6.8458482,45.937619],[6.8460652,45.9375107],[6.8462721,45.9374182],[6.8467054,45.9372904],[6.8471238,45.9372288],[6.8473293,45.9372236],[6.8474195,45.9372436],[6.8475538,45.9372873],[6.8477979,45.9374307],[6.847924,45.9375231],[6.8482747,45.9377623],[6.8489555,45.938102],[6.8489857,45.9381136],[6.849016,45.9381257],[6.849147,45.9381758],[6.849302,45.9381869]]}},{"type":"Feature","id":217804675,"properties":{"kind":"run","name":"Charles Bozon","subtype":"advanced","pisteType":"downhill","featured":false},"geometry":{"type":"LineString","coordinates":[[6.8417178,45.937857],[6.8417791,45.9378215],[6.8418519,45.9376857],[6.8418595,45.9374433],[6.8418608,45.9371699],[6.8418723,45.9370331],[6.8419825,45.9369525],[6.8421046,45.9369612],[6.8426319,45.9370935],[6.8433286,45.9373002],[6.8441028,45.9375014]]}},{"type":"Feature","id":217804678,"properties":{"kind":"run","name":"Charles Bozon","subtype":"advanced","pisteType":"downhill","featured":false},"geometry":{"type":"LineString","coordinates":[[6.8383889,45.9358584],[6.8386113,45.9357312],[6.8388651,45.9356703],[6.8391625,45.9357022],[6.8394446,45.9357235],[6.8399195,45.935791],[6.8401812,45.9358247],[6.8403073,45.935766],[6.8403549,45.9356481],[6.8403906,45.9350851],[6.8402451,45.9352547],[6.8398953,45.9353187],[6.8394012,45.9352601],[6.8389225,45.9351793],[6.8385446,45.9351375],[6.8384782,45.9353089],[6.8383889,45.9358584]]}},{"type":"Feature","id":217804681,"properties":{"kind":"run","name":"Charles Bozon","subtype":"advanced","pisteType":"downhill","featured":false},"geometry":{"type":"LineString","coordinates":[[6.8416369,45.9378324],[6.8417499,45.9379724],[6.8420317,45.9380834],[6.8426461,45.9379496],[6.8431555,45.9378505],[6.8435166,45.9377851],[6.8437106,45.9377653],[6.8441087,45.9377049],[6.8445815,45.9376759],[6.8450462,45.937754],[6.8455674,45.9377249],[6.84593,45.9376325],[6.8462721,45.9374182],[6.8457589,45.9376041],[6.8451896,45.9376299],[6.8446763,45.9375366],[6.8441491,45.9373626],[6.8436091,45.9372152],[6.8431342,45.9370972],[6.8425686,45.9369169],[6.8418913,45.9368263],[6.8418227,45.9369079],[6.8418608,45.9371699],[6.8419545,45.937115],[6.8422037,45.9371364],[6.8430721,45.9373636],[6.8432021,45.9374214],[6.8431822,45.9374829],[6.8430324,45.9375645],[6.842785,45.9376687],[6.842433,45.937778],[6.8421405,45.9378608],[6.8419202,45.9378847],[6.8418083,45.9378646],[6.8416369,45.9378324]]}},{"type":"Feature","id":217804688,"properties":{"kind":"run","name":"Vioz","subtype":"easy","pisteType":"downhill","featured":false},"geometry":{"type":"LineString","coordinates":[[6.8514276,45.938031],[6.8513165,45.9379027],[6.8514646,45.9377386],[6.8516899,45.9376973],[6.8521901,45.9379329],[6.8525623,45.9380771],[6.8528231,45.9381358],[6.8532029,45.9380923],[6.8535825,45.9381033],[6.8537893,45.9381541],[6.8539323,45.9386051],[6.8544094,45.9388705],[6.8550171,45.9390268],[6.8555737,45.9393251],[6.8563805,45.9399998],[6.8564582,45.940209],[6.8566854,45.9406902],[6.8570709,45.9411926],[6.8572471,45.941427],[6.8579631,45.941802],[6.858169,45.9419134],[6.858327,45.9420836],[6.8583752,45.9422234],[6.8582827,45.9423672],[6.8579615,45.9426176],[6.8578926,45.942741],[6.8579079,45.9428897],[6.8579844,45.9431185],[6.8579526,45.9433111],[6.8577216,45.943217],[6.8575209,45.9429786],[6.8575161,45.9427171],[6.8579252,45.9423857],[6.857948,45.9422917],[6.8579358,45.9422053],[6.8577782,45.9420755],[6.8574357,45.9419075],[6.8570403,45.9416134],[6.8568718,45.9415531],[6.8565245,45.9412317],[6.8563101,45.9410062],[6.8560104,45.9407124],[6.8555778,45.9401235],[6.8549136,45.9397077],[6.8541531,45.9393672],[6.8534892,45.9391543],[6.8527792,45.938796],[6.8525842,45.9387129],[6.8519901,45.9384205],[6.8516042,45.9381495],[6.8514276,45.938031]]}},{"type":"Feature","id":217804691,"properties":{"kind":"run","name":"Combe Vioz","subtype":"easy","pisteType":"downhill","featured":false},"geometry":{"type":"LineString","coordinates":[[6.8506578,45.9374858],[6.8509614,45.9375073],[6.8512084,45.9375556],[6.8513107,45.9376214],[6.8514646,45.9377386],[6.852192,45.9381571],[6.8528109,45.9385208],[6.8531989,45.9387036],[6.8534756,45.9388154],[6.8539499,45.9390071],[6.8554394,45.9395762],[6.8559909,45.940045],[6.8565766,45.9409993],[6.8567157,45.9412009],[6.8568598,45.9413578],[6.8572447,45.9415472],[6.8573034,45.9415761],[6.8573687,45.9416082],[6.8574646,45.9416548],[6.8575752,45.9417084],[6.8577816,45.9418353],[6.8580215,45.9420431],[6.8580727,45.942252],[6.8580345,45.9424077],[6.8578216,45.9425823],[6.8577015,45.9427417],[6.8576851,45.9429391],[6.8578107,45.9431517],[6.8579526,45.9433111],[6.8581655,45.9433832],[6.8584166,45.943387],[6.8586459,45.9433604],[6.8591279,45.9433031],[6.8592479,45.9433317],[6.8594247,45.9434023],[6.8599817,45.9436586],[6.8602407,45.9437888],[6.8605824,45.9440257],[6.8606292,45.9441788],[6.8606356,45.9443443],[6.8606763,45.9444266],[6.8607813,45.9445148],[6.8609525,45.9446149],[6.8611091,45.9446688],[6.8613317,45.9446869],[6.8615785,45.9446508],[6.8616876,45.944628],[6.8617882,45.9446495]]}},{"type":"Feature","id":217804698,"properties":{"kind":"lift","name":"Savoy","subtype":"platter","status":"active"},"geometry":{"type":"LineString","coordinates":[[6.867472,45.9263186],[6.866106,45.9260101],[6.8632585,45.9253668],[6.8628239,45.9252686]]}},{"type":"Feature","id":217804702,"properties":{"kind":"run","name":"Retour Planpraz Verte","subtype":"novice","pisteType":"downhill","featured":false},"geometry":{"type":"LineString","coordinates":[[6.8493079,45.938645],[6.8492991,45.9384007],[6.849302,45.9381869],[6.849306,45.9379792],[6.8493394,45.9379008],[6.8494015,45.9378283],[6.8496335,45.9377544],[6.8499343,45.9376585],[6.8502755,45.9375618],[6.8506578,45.9374858],[6.850819,45.9374538],[6.8510802,45.937367],[6.8511539,45.937313],[6.8512279,45.9372224],[6.8513468,45.9369871],[6.851428,45.9367276],[6.8514844,45.9365668],[6.8515459,45.9364444],[6.8516375,45.9362689],[6.8516812,45.9362247],[6.8517801,45.9361659],[6.8519505,45.9361],[6.8520756,45.9360612],[6.852351,45.9360281],[6.8525524,45.9360352],[6.8529032,45.9360636],[6.8531623,45.9361009],[6.8532944,45.9361416],[6.8534004,45.9361878]]}},{"type":"Feature","id":217807399,"properties":{"kind":"lift","name":"Chavanne","subtype":"chair_lift","status":"active"},"geometry":{"type":"LineString","coordinates":[[6.8892107,45.9629251],[6.889104,45.9630481],[6.8881987,45.9640921],[6.8874557,45.964949],[6.8865307,45.9660156],[6.8863815,45.9661876],[6.8853327,45.9673969],[6.8852369,45.9675075],[6.8847716,45.968044],[6.8844128,45.9684577]]}},{"type":"Feature","id":217807400,"properties":{"kind":"run","name":"Chavanne","subtype":"easy","pisteType":"downhill","featured":false},"geometry":{"type":"LineString","coordinates":[[6.8844128,45.9684577],[6.8841619,45.9686186],[6.8839377,45.9687362],[6.8836538,45.9688087],[6.8835136,45.9687912],[6.8833905,45.9687151],[6.8834423,45.9684737],[6.8836007,45.9681678],[6.883918,45.9677873],[6.8844848,45.9671075],[6.8845619,45.9670151],[6.8847004,45.9668491],[6.884787,45.9667452],[6.8849816,45.9661207],[6.8850952,45.9657684],[6.8852484,45.9652392],[6.8853465,45.9649286],[6.8856367,45.9645737],[6.885855,45.9642853],[6.8865445,45.9635556],[6.8869337,45.963164],[6.8872681,45.9629979],[6.8876501,45.9629286],[6.8881878,45.9629529],[6.8887923,45.9629262],[6.8888424,45.9629312],[6.8889407,45.9629411],[6.889124,45.9628576],[6.8892138,45.9628491],[6.8892442,45.9628514],[6.8892584,45.9628605],[6.8892584,45.9628692],[6.8892107,45.9629251]]}},{"type":"Feature","id":217807401,"properties":{"kind":"run","name":"Chavanne","subtype":"easy","pisteType":"downhill","featured":false},"geometry":{"type":"LineString","coordinates":[[6.8839377,45.9687362],[6.883818,45.9687797],[6.883639,45.9687893],[6.8834009,45.9686553],[6.8833714,45.9684201],[6.8834009,45.9681576],[6.8835445,45.9680291],[6.8838396,45.9677255],[6.8841799,45.967169],[6.8844777,45.9666974],[6.8845813,45.9664083],[6.8847047,45.9659762],[6.8848657,45.9653872],[6.8850482,45.9648722],[6.8854282,45.9644158],[6.885953,45.9638668],[6.8862799,45.9635502],[6.8866435,45.9631501],[6.8869852,45.9627607],[6.887504,45.9622717],[6.8879003,45.9627429],[6.8879587,45.9628706],[6.8873522,45.9632033],[6.8869477,45.9635276],[6.8865749,45.9639813],[6.8862263,45.964384],[6.885892,45.9647588],[6.885659,45.9652363],[6.8854308,45.9658462],[6.8853993,45.9661497],[6.8853882,45.9662873],[6.885342,45.9664992],[6.8851506,45.9668177],[6.8845927,45.9673065],[6.8842386,45.9677824],[6.8837704,45.9681406],[6.8835894,45.9683594],[6.883495,45.9685235],[6.8835265,45.9686055],[6.8836327,45.9686999],[6.8837645,45.9687231],[6.8839377,45.9687362]]}},{"type":"Feature","id":217807403,"properties":{"kind":"lift","name":"Évettes","subtype":"chair_lift","status":"active"},"geometry":{"type":"LineString","coordinates":[[6.8826249,45.9554228],[6.882689,45.9561653],[6.8827632,45.9570243],[6.8828286,45.9577821],[6.8829117,45.958744],[6.882957,45.9592689],[6.8830437,45.9602718],[6.8830873,45.9607774],[6.8831067,45.9610539]]}},{"type":"Feature","id":217807405,"properties":{"kind":"run","name":"Index","subtype":"intermediate","pisteType":"downhill","featured":false},"geometry":{"type":"LineString","coordinates":[[6.8793337,45.9662389],[6.8802818,45.9664946],[6.8811526,45.966659],[6.88228,45.9669258],[6.883089,45.9670623],[6.8837473,45.9671899],[6.8841799,45.967169],[6.8844777,45.9666974],[6.8841601,45.9668737],[6.883618,45.9668857],[6.8831156,45.9668148],[6.8818216,45.9666133],[6.8805461,45.9662819],[6.8797768,45.9661549],[6.8796317,45.9662246],[6.8794954,45.9662424],[6.8793337,45.9662389]]}},{"type":"Feature","id":217807407,"properties":{"kind":"run","name":"Index","subtype":"intermediate","pisteType":"downhill","featured":false},"geometry":{"type":"LineString","coordinates":[[6.8793262,45.966105],[6.8799733,45.966292],[6.8809553,45.9665124],[6.8824722,45.9668327],[6.883553,45.9670039],[6.8847004,45.9668491]]}},{"type":"Feature","id":217807408,"properties":{"kind":"run","name":"Pylones","subtype":"intermediate","pisteType":"downhill","featured":false},"geometry":{"type":"LineString","coordinates":[[6.872725,45.9685814],[6.8726404,45.9685609],[6.8726129,45.9685827],[6.8726109,45.968662],[6.8727506,45.9687359],[6.8732254,45.9687994],[6.8740784,45.9688945],[6.8742219,45.9688802],[6.8743503,45.9688031],[6.8744109,45.96874],[6.8746844,45.9683845],[6.8749322,45.968059],[6.8751832,45.9678426],[6.8756021,45.9676356],[6.8758899,45.9673163],[6.8760918,45.9669409],[6.8761574,45.9668041],[6.8762798,45.9665085],[6.8766477,45.9660326],[6.8767135,45.9658902],[6.8768331,45.9657551],[6.8769968,45.9657045],[6.8772213,45.9656833],[6.8774734,45.9657333],[6.8779209,45.9657177],[6.8781215,45.965736],[6.878296,45.9657778],[6.8787146,45.9659875],[6.8790344,45.9661161],[6.8793337,45.9662389],[6.8794954,45.9662424],[6.8796317,45.9662246],[6.8797768,45.9661549],[6.8798783,45.966065],[6.8799774,45.9659692],[6.8800042,45.965807],[6.879978,45.9656572],[6.8799072,45.9653335],[6.8797481,45.9653501],[6.8796641,45.9653679],[6.879684,45.9656117],[6.8796528,45.9657544],[6.8795975,45.9658447],[6.8794918,45.9659379],[6.8794112,45.965961],[6.8793064,45.9659864],[6.8792164,45.9659869],[6.8791537,45.9659732],[6.8789949,45.9658789],[6.8787503,45.9657262],[6.8784495,45.9656087],[6.8781933,45.9655293],[6.8779791,45.9655118],[6.8775785,45.965525],[6.8774616,45.9655285],[6.877287,45.9655115],[6.8770371,45.965427],[6.8767576,45.965398],[6.8766303,45.9654196],[6.8764489,45.9655285],[6.8760837,45.9658648],[6.87568,45.966297],[6.8753631,45.9665281],[6.875288,45.9666654],[6.8751567,45.966792],[6.8752353,45.9669864],[6.8751829,45.9671352],[6.8751042,45.9673539],[6.8750955,45.9673813],[6.8748405,45.9677076],[6.8746537,45.9680171],[6.874317,45.9684425],[6.8742614,45.9685624],[6.8740489,45.9686844],[6.8737444,45.9686014],[6.8735761,45.9685906],[6.8733653,45.9686242],[6.8731439,45.9686776],[6.8730283,45.9686781],[6.8728592,45.9686301],[6.872725,45.9685814]]}},{"type":"Feature","id":217807412,"properties":{"kind":"run","name":"Remuaz Bas","subtype":"intermediate","pisteType":"downhill","featured":false},"geometry":{"type":"LineString","coordinates":[[6.8847004,45.9668491],[6.8848945,45.9667483],[6.8854293,45.9661786],[6.8855394,45.9661113],[6.885799,45.9660322],[6.8858559,45.9658903],[6.8860703,45.9653617],[6.8862332,45.9650259],[6.886274,45.9649451],[6.8862875,45.964916],[6.8865307,45.9644464],[6.8866556,45.9641609],[6.8866996,45.9640847],[6.8869319,45.9637823],[6.8870883,45.9635788],[6.8873457,45.9633528],[6.8873701,45.9633375],[6.8878301,45.9630491],[6.8881878,45.9629529]]}},{"type":"Feature","id":217807413,"properties":{"kind":"run","name":"Trappe","subtype":"novice","pisteType":"downhill","featured":false},"geometry":{"type":"LineString","coordinates":[[6.8860633,45.9611683],[6.8859885,45.961141],[6.8859292,45.9611726],[6.8858534,45.9612277],[6.8858215,45.9612822],[6.885809,45.9613464],[6.8857975,45.9614003],[6.8858071,45.9614284],[6.8858245,45.9614427],[6.8858528,45.9614488],[6.8858884,45.9614447],[6.8859201,45.961427],[6.8860215,45.9613721],[6.8862805,45.9612723],[6.886368,45.9612258],[6.886475,45.9611257],[6.8865359,45.9609554],[6.8865529,45.9609217],[6.8866173,45.960783],[6.8866724,45.9607373],[6.8867126,45.9607257],[6.8867875,45.9607047],[6.8868175,45.9607914],[6.886847,45.961074],[6.8868511,45.9612622],[6.886844,45.9613225],[6.8868153,45.9613938],[6.8867436,45.9614914],[6.8866149,45.9615967],[6.8864569,45.9617174],[6.8863572,45.9618099],[6.8862564,45.9619149],[6.8862526,45.9619437],[6.8862702,45.9619657],[6.8863064,45.9619734],[6.8863893,45.9619608],[6.8865295,45.9619281],[6.8866838,45.961917],[6.8870227,45.9619354],[6.8873187,45.9619925],[6.8874929,45.9620422],[6.8875667,45.9620941],[6.8876773,45.9621839],[6.8879593,45.9625801],[6.8880694,45.9627386],[6.8881878,45.9629529],[6.8883492,45.9631732],[6.8884599,45.9632637],[6.8887102,45.9633942],[6.8893035,45.9636649],[6.8898118,45.9638856],[6.8905938,45.9641796],[6.8913372,45.964383],[6.8918145,45.964456],[6.8923814,45.964523],[6.8928564,45.9645293],[6.8932479,45.9645138],[6.8939768,45.9645007],[6.8943214,45.9645679],[6.8944737,45.964608],[6.8945476,45.9646209],[6.8946013,45.9646201],[6.8946333,45.964614],[6.8946559,45.9646018],[6.8947217,45.9645489],[6.894726,45.9645443],[6.8947268,45.9645399],[6.8947256,45.9645336],[6.8947187,45.9645288],[6.8946257,45.9644969]]}},{"type":"Feature","id":217807414,"properties":{"kind":"run","name":"Trappe","subtype":"novice","pisteType":"downhill","featured":false},"geometry":{"type":"LineString","coordinates":[[6.8889456,45.9636713],[6.8898346,45.9641136],[6.8905264,45.9643407],[6.8913847,45.9645644],[6.8921991,45.9646607],[6.8929229,45.9646443],[6.8933951,45.9645844],[6.8939768,45.9645007],[6.8935336,45.96431],[6.8930709,45.9641593],[6.8925697,45.96409],[6.8916248,45.9640608],[6.8904279,45.9639032],[6.8898491,45.9637149],[6.8894431,45.9635132],[6.8890241,45.9633397],[6.8885177,45.9630827],[6.8882397,45.962752],[6.8880835,45.9625065],[6.8879607,45.9623021],[6.8877723,45.9620994],[6.8875802,45.9619851],[6.8874268,45.9619408],[6.8872315,45.9619859],[6.887504,45.9622717],[6.8879003,45.9627429],[6.8879587,45.9628706],[6.8880896,45.9632332],[6.8882467,45.9633537],[6.8885651,45.9634984],[6.8889456,45.9636713]]}},{"type":"Feature","id":217807417,"properties":{"kind":"lift","name":"Trappe","subtype":"chair_lift","status":"active"},"geometry":{"type":"LineString","coordinates":[[6.8946257,45.9644969],[6.8944774,45.9644391],[6.8940333,45.9642661],[6.8931622,45.9639267],[6.89214,45.9635284],[6.8913288,45.9632124],[6.8903366,45.9628258],[6.8893199,45.9624296],[6.8881285,45.9619654],[6.8878701,45.9618647],[6.8863933,45.9612893],[6.8860633,45.9611683]]}},{"type":"Feature","id":217807422,"properties":{"kind":"run","name":"Pylônes","subtype":"intermediate","pisteType":"downhill","featured":false},"geometry":{"type":"LineString","coordinates":[[6.8728469,45.9684816],[6.8727022,45.9686073]]}},{"type":"Feature","id":217812976,"properties":{"kind":"run","name":"Bochard","subtype":"intermediate","pisteType":"downhill","featured":false},"geometry":{"type":"LineString","coordinates":[[6.9456734,45.9541952],[6.945994,45.9543093],[6.9463218,45.9546712],[6.946421,45.9548119],[6.9466314,45.9551909],[6.9466472,45.9553392],[6.9465568,45.9554657],[6.9462994,45.9555468],[6.9459386,45.9555791],[6.9456746,45.9555575],[6.9453395,45.9554726],[6.9448289,45.9554143],[6.9445398,45.9554325]]}},{"type":"Feature","id":217812977,"properties":{"kind":"run","name":"Bochard","subtype":"intermediate","pisteType":"downhill","featured":false},"geometry":{"type":"LineString","coordinates":[[6.9459248,45.9540653],[6.9461137,45.9542381],[6.9466665,45.9549496],[6.9467898,45.9552494],[6.9468361,45.9553606],[6.9467739,45.9555073],[6.9465986,45.9555742],[6.9464179,45.9556166],[6.9459887,45.9556618],[6.9456344,45.9556397],[6.9452282,45.9555724],[6.9448727,45.9555533],[6.9445753,45.9556485],[6.9448381,45.9552968],[6.9450031,45.9553102],[6.9452246,45.9553445],[6.9454812,45.9553994],[6.9458408,45.9554854],[6.9460796,45.9554677],[6.9463652,45.9554262],[6.9464903,45.955357],[6.9465244,45.9552898],[6.9465272,45.9552048],[6.9464988,45.9551327],[6.9462714,45.9547651],[6.9459247,45.9544269],[6.9458186,45.9543872],[6.9459248,45.9540653]]}},{"type":"Feature","id":217812978,"properties":{"kind":"run","name":"Bochard","subtype":"intermediate","pisteType":"downhill","featured":false},"geometry":{"type":"LineString","coordinates":[[6.9428402,45.959021],[6.9432935,45.9591007],[6.9433823,45.9595517],[6.943552,45.960054],[6.9436651,45.960504],[6.9435542,45.9606582],[6.9432824,45.960851],[6.9425396,45.9611085],[6.941937,45.9614168],[6.9415442,45.9617554],[6.941465,45.9619513],[6.9415171,45.9622118],[6.9417373,45.9626948],[6.9420712,45.9632352],[6.9421708,45.9634797],[6.9422703,45.9638555],[6.9423992,45.9641405],[6.942501,45.9642452],[6.9426585,45.9643318],[6.9427773,45.9644251],[6.943009,45.9646887],[6.9431826,45.9650306],[6.9434748,45.9655528],[6.943616,45.9658838],[6.9437638,45.9662101],[6.9438139,45.9663507],[6.9438549,45.9670268],[6.9436101,45.9666276],[6.9434573,45.9662847],[6.9426698,45.9647744],[6.9424591,45.9646007],[6.942012,45.9642849],[6.9418863,45.9641705],[6.9418053,45.9639842],[6.9416598,45.9635691],[6.9412536,45.9629223],[6.9411254,45.9622916],[6.9409874,45.9619077],[6.9410161,45.9615867],[6.941252,45.9613496],[6.9416102,45.9611816],[6.9420195,45.9609603],[6.9421073,45.9609074],[6.9422725,45.9608627],[6.9424307,45.9608213],[6.9426752,45.9607244],[6.9430371,45.9605592],[6.9431735,45.9604446],[6.9431678,45.9602628],[6.9429973,45.9596285],[6.9428402,45.959021]]}},{"type":"Feature","id":217812979,"properties":{"kind":"run","name":"Bochard","subtype":"intermediate","pisteType":"downhill","featured":false},"geometry":{"type":"LineString","coordinates":[[6.9452358,45.9493314],[6.9456108,45.9496882],[6.9460433,45.9502317],[6.9461683,45.9504693],[6.9461598,45.9505871],[6.9460348,45.9506606],[6.9455032,45.9508661],[6.9452787,45.9510045],[6.9450484,45.951289],[6.9449045,45.9518269],[6.944804,45.9523641],[6.9448552,45.9526823],[6.9450198,45.9528786],[6.9451404,45.9530409],[6.9451964,45.9531674],[6.9453421,45.9533663],[6.9455518,45.9537224],[6.9457774,45.9539612],[6.9459248,45.9540653],[6.9458186,45.9543872],[6.9457241,45.9544154],[6.9452906,45.9548658],[6.9448381,45.9552968],[6.9445753,45.9556485],[6.9443599,45.9558143],[6.9439479,45.9563826],[6.943898,45.9566447],[6.9436096,45.9572809],[6.9433575,45.9575778],[6.9430679,45.9577941],[6.9432127,45.9585735],[6.9432935,45.9591007],[6.9428402,45.959021],[6.9429272,45.9585168],[6.942864,45.958029],[6.9427986,45.9577697],[6.942995,45.9574334],[6.9432001,45.9569318],[6.9433347,45.9566971],[6.9435739,45.9562639],[6.9438613,45.9558126],[6.9440422,45.9555569],[6.9444784,45.9552201],[6.9447245,45.9549945],[6.9451775,45.9545598],[6.9454364,45.9542726],[6.9452318,45.9541018],[6.9447162,45.9537221],[6.9445671,45.9534578],[6.944355,45.9531103],[6.9441924,45.9525996],[6.9442639,45.952312],[6.9446279,45.9510533],[6.9448268,45.9508047],[6.9451567,45.9507065],[6.9456421,45.9505808],[6.9456799,45.950488],[6.9456488,45.9503778],[6.9452173,45.949501],[6.9452358,45.9493314]]}},{"type":"Feature","id":217812980,"properties":{"kind":"run","name":"Combes","subtype":"intermediate","pisteType":"downhill","featured":false},"geometry":{"type":"LineString","coordinates":[[6.9524136,45.9575313],[6.9526219,45.9576534],[6.9525333,45.9571974],[6.9521583,45.9569936],[6.9517157,45.9567527],[6.9514443,45.9567913],[6.9510847,45.9568525],[6.9507308,45.9569918],[6.9504366,45.9571312],[6.9502234,45.9572813],[6.95005,45.9574127],[6.9494574,45.9577724],[6.9480255,45.9591222],[6.9472295,45.959832],[6.9469843,45.9602372],[6.9469921,45.9605571],[6.9472376,45.9602232],[6.9482829,45.9594403],[6.9491338,45.9587735],[6.9502786,45.9580045],[6.9510444,45.957655],[6.951671,45.9575313],[6.9519649,45.9575206],[6.9520964,45.9575421],[6.9522743,45.9575313],[6.9524136,45.9575313]]}},{"type":"Feature","id":217812981,"properties":{"kind":"run","name":"Marmottons","subtype":"easy","pisteType":"downhill","featured":false},"geometry":{"type":"LineString","coordinates":[[6.9387268,45.9605141],[6.9386999,45.9605629],[6.9384694,45.961035],[6.9380747,45.9608442],[6.9378142,45.9607651],[6.9377787,45.9608113],[6.9377741,45.960887],[6.9380422,45.9610221],[6.9381757,45.9610909],[6.9384409,45.9612831],[6.9388006,45.9619588],[6.9395609,45.962935],[6.9401679,45.9640001],[6.9403319,45.9641975],[6.9409498,45.9645675],[6.9417115,45.9651536],[6.9421537,45.9655475],[6.9427846,45.9661385],[6.9433738,45.9668664],[6.9435365,45.9672939],[6.9435562,45.9675253],[6.9434952,45.9677677],[6.9434446,45.9678077],[6.9433296,45.9678586],[6.9432434,45.9679196],[6.9432056,45.9680048],[6.9431236,45.9681365],[6.9430578,45.968198],[6.9431632,45.9682874],[6.9433432,45.9683734],[6.943487,45.968394],[6.943629,45.9683978],[6.9436808,45.968402],[6.9439575,45.9683144],[6.9440464,45.9682818],[6.9441504,45.9682211],[6.9443942,45.968092],[6.9441953,45.9680731],[6.9440663,45.9680692],[6.9439922,45.9680303],[6.9438877,45.9679079],[6.9438577,45.9677367],[6.9438302,45.967574],[6.9438579,45.9672415],[6.9438549,45.9670268],[6.9436101,45.9666276],[6.9434573,45.9662847],[6.9427382,45.9653909],[6.9415804,45.964361],[6.9410309,45.9639918],[6.9406424,45.9636434],[6.9404526,45.9631598],[6.9401788,45.9626482],[6.9398623,45.9622976],[6.9397378,45.9621617],[6.9396177,45.9620159],[6.9393146,45.9614615],[6.939329,45.9611277],[6.9393774,45.9608486],[6.9394875,45.9607005],[6.939571,45.9606263],[6.9393324,45.9605549],[6.939065,45.9604502],[6.9387268,45.9605141]]}},{"type":"Feature","id":217812986,"properties":{"kind":"run","name":"Bochard","subtype":"intermediate","pisteType":"downhill","featured":false},"geometry":{"type":"LineString","coordinates":[[6.9449262,45.9479544],[6.9449474,45.9478904],[6.9448088,45.9478658],[6.9445918,45.9478141],[6.9441617,45.9477051],[6.9441411,45.9477874],[6.9439675,45.9478221],[6.9437758,45.9479406],[6.943656,45.9480798],[6.9435406,45.9482266],[6.9435442,45.9483125],[6.9436641,45.9484669],[6.9438518,45.9485263],[6.9441677,45.9486177],[6.9444549,45.9486701],[6.9443502,45.9485433],[6.9442133,45.9484361],[6.9441763,45.9482702],[6.944238,45.9481006],[6.9443868,45.9480265],[6.9446661,45.9479958],[6.9449314,45.9479776],[6.9449262,45.9479544]]}},{"type":"Feature","id":217812990,"properties":{"kind":"run","name":"Tabe","subtype":"easy","pisteType":"downhill","featured":false},"geometry":{"type":"LineString","coordinates":[[6.9420414,45.9651737],[6.9421007,45.9656347],[6.9420885,45.9660987],[6.9418469,45.9666658],[6.9415821,45.9669423],[6.9413668,45.9670704],[6.9408696,45.9672835]]}},{"type":"Feature","id":217812991,"properties":{"kind":"run","name":"Mapped ski run","subtype":"easy","pisteType":"downhill","featured":false},"geometry":{"type":"LineString","coordinates":[[6.9389879,45.9604937],[6.9389112,45.9607413],[6.9387381,45.9611462],[6.9387534,45.9614002],[6.938907,45.9617147]]}},{"type":"Feature","id":217812992,"properties":{"kind":"run","name":"Remuaz","subtype":"advanced","pisteType":"downhill","featured":false},"geometry":{"type":"LineString","coordinates":[[6.9322336,45.9598596],[6.931983,45.9598285],[6.9317551,45.9598005],[6.9315708,45.9597935],[6.9313917,45.9598323],[6.9310771,45.9599816],[6.9297836,45.9599381],[6.9290853,45.9599496],[6.9280096,45.9599122],[6.9268744,45.9600479],[6.926461,45.9600952],[6.9261329,45.9601033],[6.9259769,45.9600683],[6.9257242,45.9599662],[6.9252928,45.9598615],[6.9246118,45.9598705],[6.9239004,45.9599052],[6.9235255,45.9599251]]}},{"type":"Feature","id":217812993,"properties":{"kind":"run","name":"La Pierre à Ric","subtype":"intermediate","pisteType":"downhill","featured":false},"geometry":{"type":"LineString","coordinates":[[6.9285317,45.9784319],[6.9283953,45.9784051],[6.9283326,45.9783756],[6.9282257,45.9783144],[6.9281252,45.9782397],[6.9279652,45.9781438],[6.9278164,45.9780897],[6.9275956,45.9780827],[6.9273536,45.978118],[6.9271125,45.9782017],[6.9269405,45.9783106],[6.9267607,45.9783804],[6.9266348,45.9784441]]}},{"type":"Feature","id":217813977,"properties":{"kind":"run","name":"Floria","subtype":"expert","pisteType":"downhill","featured":false},"geometry":{"type":"LineString","coordinates":[[6.8818365,45.9753964],[6.882085,45.9750225],[6.8822722,45.9748556],[6.8824211,45.9746187],[6.8825315,45.9743952],[6.8829515,45.9738679],[6.8830464,45.9735217],[6.8833153,45.9731039],[6.8835842,45.9727851],[6.8838689,45.9724663],[6.8842485,45.9721036],[6.8848165,45.9715535],[6.8849613,45.9714667],[6.8850162,45.9712273],[6.8849364,45.9710503],[6.8847167,45.970915],[6.8845968,45.9708109],[6.8846767,45.9706547],[6.8851161,45.970273],[6.8855239,45.9699102]]}},{"type":"Feature","id":217813980,"properties":{"kind":"run","name":"Retour Brévent Bleue","subtype":"easy","pisteType":"downhill","featured":false},"geometry":{"type":"LineString","coordinates":[[6.8721935,45.9508327],[6.8720588,45.950763],[6.8719282,45.9507358],[6.8714741,45.9506772],[6.870967,45.950601],[6.8706763,45.9505441],[6.8698132,45.950164],[6.8695436,45.9498919],[6.8694087,45.9496892],[6.8693476,45.9491439],[6.8694059,45.9488751],[6.8695147,45.9487466],[6.8697417,45.9485685],[6.8697782,45.9485308],[6.8698008,45.9484799],[6.8697731,45.9484128],[6.8697247,45.9483621],[6.8696535,45.9483319],[6.8695011,45.9483318]]}},{"type":"Feature","id":217813981,"properties":{"kind":"run","name":"Charlanon","subtype":"intermediate","pisteType":"downhill","featured":false},"geometry":{"type":"LineString","coordinates":[[6.8561693,45.9552208],[6.8564887,45.95525],[6.8569581,45.955066],[6.8575173,45.954823],[6.8581014,45.954396],[6.8583261,45.9542364],[6.8589353,45.9541322],[6.8596542,45.9542121],[6.8602784,45.9542294],[6.8613269,45.9540628],[6.8618412,45.9539621],[6.8620509,45.9538129],[6.8618907,45.9537068],[6.8617613,45.9537157],[6.8608426,45.9539413],[6.8600786,45.9539934],[6.8594346,45.9540628],[6.8590451,45.9540073],[6.8585059,45.9539448],[6.8583311,45.9539309],[6.8580565,45.9540732],[6.8578967,45.9542711],[6.8575472,45.9546043],[6.857008,45.954882],[6.8565536,45.9550972],[6.8562391,45.9551632],[6.8561693,45.9552208]]}},{"type":"Feature","id":217813984,"properties":{"kind":"run","name":"Remuaz Haut","subtype":"intermediate","pisteType":"downhill","featured":false},"geometry":{"type":"LineString","coordinates":[[6.8873543,45.9706388],[6.8871289,45.97061],[6.8868399,45.9706055],[6.8866499,45.970568],[6.8863798,45.9704502],[6.8857127,45.9701202],[6.8856031,45.9700467],[6.8855239,45.9699102],[6.885533,45.9698414],[6.8856563,45.9695498],[6.8859093,45.9691189],[6.8861529,45.9688217],[6.886179,45.9685363],[6.8861615,45.9680643],[6.8861653,45.967851],[6.886109,45.9676672],[6.8860525,45.9674911],[6.8860381,45.9673148],[6.8860764,45.9669931],[6.8861941,45.9667353],[6.8861818,45.9665248],[6.8861438,45.9663765],[6.8861158,45.9662473],[6.8860109,45.9661501],[6.885799,45.9660322]]}},{"type":"Feature","id":217813985,"properties":{"kind":"run","name":"Accès TK Floria","subtype":"intermediate","pisteType":"downhill","featured":false},"geometry":{"type":"LineString","coordinates":[[6.8741365,45.9687971],[6.8742716,45.9690258],[6.8743702,45.9691292],[6.8745215,45.9691934],[6.874672,45.9692206],[6.8748729,45.9692754],[6.8750064,45.9693421],[6.875298,45.9696874],[6.8755735,45.9700031],[6.8756859,45.9700953],[6.876104,45.9703163],[6.876277,45.9704612],[6.8762896,45.9706425]]}},{"type":"Feature","id":218454353,"properties":{"kind":"run","name":"Point de vue","subtype":"advanced","pisteType":"downhill","featured":false},"geometry":{"type":"LineString","coordinates":[[6.9605035,45.9474957],[6.9606098,45.9474552],[6.9608532,45.9474695],[6.9613661,45.9477524],[6.9619071,45.9476374],[6.9623541,45.948393],[6.9633665,45.9489609]]}},{"type":"Feature","id":228002165,"properties":{"kind":"run","name":"Mapped ski run","subtype":"easy","pisteType":"nordic","featured":false},"geometry":{"type":"LineString","coordinates":[[6.9224169,46.0211501],[6.9222904,46.0212307],[6.9221916,46.0212882],[6.92211,46.0213352]]}},{"type":"Feature","id":231430219,"properties":{"kind":"lift","name":"TK Baby","subtype":"platter","status":"active"},"geometry":{"type":"LineString","coordinates":[[6.8791199,45.9236317],[6.8802117,45.9229625]]}},{"type":"Feature","id":231452314,"properties":{"kind":"lift","name":"Samaran","subtype":"platter","status":"active"},"geometry":{"type":"LineString","coordinates":[[6.8676189,45.9265243],[6.8660198,45.9260849]]}},{"type":"Feature","id":231454630,"properties":{"kind":"lift","name":"Ligne de service Aiguille du Midi 1","subtype":"cable_car","status":"active"},"geometry":{"type":"LineString","coordinates":[[6.8712164,45.9171],[6.8751155,45.9127263],[6.8760701,45.9116554],[6.8786517,45.9087593],[6.8810811,45.9060338],[6.8820275,45.9049721],[6.8826274,45.904299],[6.8829735,45.9039107],[6.883713,45.903081],[6.885022,45.9016123]]}},{"type":"Feature","id":231454637,"properties":{"kind":"lift","name":"TPH Aiguille du Midi","subtype":"cable_car","status":"active"},"geometry":{"type":"LineString","coordinates":[[6.8848818,45.9014593],[6.8869955,45.8792938]]}},{"type":"Feature","id":231687462,"properties":{"kind":"run","name":"Chamois","subtype":"advanced","pisteType":"downhill","featured":false},"geometry":{"type":"LineString","coordinates":[[6.931077,45.9607993],[6.9308565,45.960949],[6.930828,45.9610566],[6.9308891,45.9611646],[6.9320505,45.9616422],[6.9323187,45.9617152],[6.9324645,45.9618408],[6.9327113,45.9619244],[6.9328903,45.9624253]]}},{"type":"Feature","id":231687463,"properties":{"kind":"run","name":"Chamois","subtype":"advanced","pisteType":"downhill","featured":false},"geometry":{"type":"LineString","coordinates":[[6.9313229,45.9605512],[6.931077,45.9607993]]}},{"type":"Feature","id":232973541,"properties":{"kind":"lift","name":"Sources","subtype":"chair_lift","status":"active"},"geometry":{"type":"LineString","coordinates":[[6.8617882,45.9446495],[6.8618679,45.944807],[6.8620129,45.9450938],[6.8623102,45.9456816],[6.8625501,45.9461559],[6.8628698,45.946788],[6.8632489,45.9475376],[6.8633082,45.9476571]]}},{"type":"Feature","id":232973653,"properties":{"kind":"lift","name":"Minivor","subtype":"platter","status":"active"},"geometry":{"type":"LineString","coordinates":[[6.9477122,46.0023482],[6.9483171,46.0025846],[6.9489354,46.0028256],[6.9492212,46.0029369]]}},{"type":"Feature","id":234296399,"properties":{"kind":"lift","name":"TK Grépon","subtype":"platter","status":"active"},"geometry":{"type":"LineString","coordinates":[[6.8791747,45.9240219],[6.8801076,45.9243666],[6.8809749,45.9246871],[6.8818131,45.9249969],[6.882297,45.9250912],[6.8828431,45.9251976]]}},{"type":"Feature","id":239139837,"properties":{"kind":"run","name":"Mapped ski run","subtype":"easy","pisteType":"nordic","featured":false},"geometry":{"type":"LineString","coordinates":[[7.024687,45.8531663],[7.0245873,45.8531903],[7.0243839,45.8531803],[7.0241289,45.8531444],[7.0240547,45.8531333],[7.0239427,45.8531165],[7.0237708,45.8531384],[7.0235874,45.8531764],[7.0232951,45.8532183],[7.0231462,45.8532781],[7.023043,45.8533061],[7.022772,45.85326]]}},{"type":"Feature","id":240670199,"properties":{"kind":"run","name":"Retour Stade","subtype":"expert","pisteType":"downhill","featured":false},"geometry":{"type":"LineString","coordinates":[[6.8532101,45.9448715],[6.8532093,45.9446139],[6.8531705,45.9444045],[6.8531612,45.94429],[6.8533773,45.9438293],[6.8535934,45.943629],[6.8537854,45.9431015],[6.854072,45.9429707],[6.8541199,45.9429073],[6.8544768,45.9427576],[6.8549843,45.9426961]]}},{"type":"Feature","id":240670200,"properties":{"kind":"run","name":"Blanchots","subtype":"easy","pisteType":"downhill","featured":false},"geometry":{"type":"LineString","coordinates":[[6.8493079,45.938645],[6.8493767,45.9384976],[6.8494558,45.938448],[6.8495682,45.9384249],[6.8496923,45.9384337],[6.8498703,45.9384944],[6.8498399,45.938552],[6.8496464,45.9387343],[6.8495671,45.9388451],[6.8495295,45.9389059],[6.8494879,45.9389732],[6.8494388,45.9390527],[6.8493973,45.9391259],[6.8493635,45.9391856],[6.8494281,45.9394639],[6.849472,45.9396517],[6.8495183,45.9398865],[6.849556,45.9401163],[6.8496022,45.9403735],[6.8497765,45.9407183],[6.8501369,45.9409724],[6.850469,45.9411814],[6.8506826,45.9414014],[6.8510464,45.9415334],[6.8516395,45.9415884],[6.8523592,45.9417863],[6.8526914,45.9418963],[6.8528381,45.9418935],[6.8530684,45.9418284],[6.8534648,45.9417143],[6.8538968,45.9416091],[6.854127,45.9415777],[6.854365,45.9416012],[6.8545499,45.9416796],[6.8547708,45.9418668],[6.854847,45.9421207],[6.8548595,45.9424142],[6.8549843,45.9426961],[6.8552083,45.943036],[6.8555731,45.9435252],[6.8558336,45.9437335],[6.8560637,45.9439072],[6.8562266,45.9440025],[6.8565131,45.9440508],[6.8567493,45.9440542],[6.8573253,45.9440053],[6.8577462,45.943935],[6.8581989,45.943823],[6.858534,45.9436364],[6.8587947,45.9434585],[6.8591279,45.9433031],[6.8594113,45.943057],[6.8596664,45.9428625],[6.8597804,45.9427623],[6.8598957,45.9426434],[6.860005,45.9425343],[6.8600386,45.9425161],[6.8600741,45.9425128],[6.8601395,45.9425207],[6.8601283,45.9425548]]}},{"type":"Feature","id":240670204,"properties":{"kind":"run","name":"Bouquetins","subtype":"advanced","pisteType":"downhill","featured":false},"geometry":{"type":"LineString","coordinates":[[6.8580716,45.9542373],[6.8577972,45.9537326],[6.8577691,45.9535548],[6.857769,45.9532701],[6.8579795,45.9529637],[6.8582879,45.9526824],[6.8595124,45.9524017],[6.8598902,45.9517949],[6.8602289,45.9512424],[6.8606979,45.9507986],[6.8611664,45.9500344],[6.8614832,45.949997],[6.862225,45.9501797],[6.8635573,45.9503672]]}},{"type":"Feature","id":240670205,"properties":{"kind":"run","name":"Tétras","subtype":"easy","pisteType":"downhill","featured":false},"geometry":{"type":"LineString","coordinates":[[6.8653525,45.9492126],[6.8657251,45.9494805],[6.8660754,45.9496255],[6.8665344,45.9498242],[6.8667475,45.9498869],[6.8669524,45.9499558],[6.8671509,45.9499391],[6.8675071,45.9498028],[6.868116,45.9492272],[6.8684735,45.949064],[6.8690542,45.9488837],[6.8692513,45.9488325],[6.8695147,45.9487466]]}},{"type":"Feature","id":240670206,"properties":{"kind":"run","name":"Les Lycopodes","subtype":"intermediate","pisteType":"downhill","featured":false},"geometry":{"type":"LineString","coordinates":[[6.8623478,45.9489019],[6.8626694,45.9489192],[6.8629939,45.9489553],[6.8632206,45.949066],[6.8633797,45.9495009],[6.8633508,45.9499036],[6.8633796,45.9501641],[6.8635573,45.9503672],[6.8644295,45.9505908]]}},{"type":"Feature","id":240670210,"properties":{"kind":"run","name":"Lachenal","subtype":"intermediate","pisteType":"downhill","featured":false},"geometry":{"type":"LineString","coordinates":[[6.8779556,45.9564447],[6.8771252,45.9565766],[6.87654,45.9565986],[6.8764379,45.9568047],[6.8763739,45.956934],[6.8763311,45.9571525],[6.8762394,45.9576212],[6.8756146,45.9582205],[6.8755175,45.9585403],[6.8754751,45.958688],[6.8754011,45.9589242],[6.8753394,45.9590119],[6.8752271,45.9591716],[6.8754486,45.9596829],[6.8755118,45.9599853],[6.8753299,45.9602767],[6.8753299,45.960788],[6.875183,45.9610073],[6.875061,45.9611893],[6.8747377,45.9613584],[6.8743651,45.9615533],[6.8739742,45.9617578],[6.8734951,45.9620084],[6.8725382,45.9620689],[6.8721665,45.9624208],[6.8709169,45.964114],[6.8710909,45.9643394],[6.8714547,45.9646142],[6.8724907,45.9648616],[6.8725777,45.965142],[6.8725936,45.9659391],[6.87238,45.9663293],[6.871953,45.9667691],[6.8712096,45.9673243],[6.8714943,45.9676102],[6.871257,45.967863],[6.8715417,45.9684182],[6.8719055,45.9688964],[6.8725692,45.9688779],[6.8725461,45.9684787],[6.8723563,45.9682918],[6.872304,45.9677463],[6.8724804,45.9672554],[6.8725936,45.966945],[6.8730839,45.9663239],[6.8732895,45.9658951],[6.8733844,45.9655048],[6.8733291,45.9651804],[6.8725461,45.9643504],[6.872535,45.9639826],[6.8730206,45.9632509],[6.8731788,45.9627616],[6.8746427,45.962036],[6.8749424,45.9618875],[6.875148,45.9616401],[6.8756621,45.9612278],[6.8757155,45.9609956],[6.8760744,45.9594364],[6.876105,45.9593036],[6.8760971,45.9590287],[6.8762428,45.9587513],[6.8765131,45.9582367],[6.876665,45.9579616],[6.8768018,45.957725],[6.8769293,45.9575045],[6.8769986,45.9573848],[6.877141,45.9569945],[6.877315,45.9568185],[6.8780663,45.9566041],[6.878699,45.9566811],[6.879134,45.956835],[6.8794187,45.9569065],[6.8800589,45.95682],[6.8801805,45.9567252],[6.8802115,45.956701],[6.8797122,45.9567649],[6.8794817,45.956795],[6.8791552,45.9567115],[6.8789199,45.9566214],[6.8787759,45.956548],[6.8784158,45.9564478],[6.8779556,45.9564447]]}},{"type":"Feature","id":242984965,"properties":{"kind":"run","name":"Coqs","subtype":"easy","pisteType":"downhill","featured":false},"geometry":{"type":"LineString","coordinates":[[6.9374624,45.9606951],[6.9372213,45.9607492],[6.9368253,45.9608948],[6.936671,45.9609504],[6.9365164,45.9610185],[6.9361087,45.9612461],[6.9355418,45.961554],[6.9350239,45.9617367],[6.9346427,45.961829],[6.9342273,45.9619205],[6.9338389,45.9620142],[6.9337054,45.9621269],[6.9337259,45.9622667],[6.9339354,45.9623447],[6.9341359,45.9623904],[6.9342479,45.9624249],[6.934319,45.9624589],[6.9343666,45.9624874],[6.934384,45.9625116],[6.9343854,45.962533],[6.9343713,45.9625587],[6.9343451,45.9625783],[6.9343069,45.9625918],[6.9342479,45.9626039],[6.934148,45.9626272],[6.9340139,45.9626547],[6.9340105,45.9627274],[6.9339985,45.962788],[6.9340404,45.962891],[6.9339343,45.9632015],[6.9337222,45.963559],[6.9337074,45.9636354],[6.9337074,45.9637137],[6.9337222,45.9637957],[6.9337396,45.9638629],[6.9337986,45.963957],[6.9338744,45.9640936],[6.9339287,45.9643308],[6.9339669,45.9644679],[6.9339998,45.9645965],[6.9340454,45.964713],[6.9340917,45.9648216],[6.9341614,45.9649559],[6.9342325,45.9651032],[6.9342788,45.9651941],[6.9343438,45.9653166],[6.9343948,45.9653921],[6.9344652,45.965497],[6.9345108,45.9655818],[6.9345456,45.9656434],[6.9345664,45.9657016],[6.9345762,45.9657444],[6.9345818,45.9657688],[6.9345919,45.9658401],[6.9345919,45.9659361],[6.9345973,45.966034],[6.9346134,45.9661193],[6.9346409,45.9662167],[6.9346878,45.9663295],[6.9350786,45.9663781],[6.935362,45.9664514],[6.9355956,45.9665216],[6.9356659,45.9666132],[6.9356043,45.9668824],[6.9355725,45.9670267],[6.9357398,45.9673334],[6.9358166,45.9674625],[6.9359272,45.9677082],[6.9360397,45.9679086],[6.9361522,45.9680289],[6.9362882,45.9681394],[6.9363982,45.9682538],[6.9365156,45.9684051],[6.9365686,45.9685393],[6.9366354,45.9685551],[6.9366884,45.9685664],[6.9367182,45.9685184]]}},{"type":"Feature","id":243278878,"properties":{"kind":"run","name":"Mont Blanc","subtype":"novice","pisteType":"downhill","featured":false},"geometry":{"type":"LineString","coordinates":[[6.7793163,45.8738372],[6.7790775,45.8737971],[6.7789986,45.8737514],[6.7789614,45.8737113],[6.7789225,45.8736693],[6.7788071,45.8735083]]}},{"type":"Feature","id":243803148,"properties":{"kind":"run","name":"Retour Stade","subtype":"expert","pisteType":"downhill","featured":false},"geometry":{"type":"LineString","coordinates":[[6.8549843,45.9426961],[6.855253,45.9426936],[6.8555411,45.9426068],[6.855882,45.9425],[6.8562757,45.942283],[6.8565493,45.9419992],[6.8566304,45.9417751],[6.8566882,45.941726],[6.8567266,45.9416934],[6.8567866,45.9416532],[6.8569511,45.9416069],[6.8572447,45.9415472]]}},{"type":"Feature","id":244280613,"properties":{"kind":"run","name":"Variante Hotel","subtype":"advanced","pisteType":"downhill","featured":false},"geometry":{"type":"LineString","coordinates":[[6.9551664,45.9681275],[6.9550523,45.9684801],[6.9550364,45.9692277],[6.9542298,45.9701567],[6.9533631,45.9706678],[6.9525848,45.9710031],[6.9519932,45.9711988],[6.9516151,45.971389],[6.9511232,45.9715658],[6.9507199,45.972063],[6.9504592,45.9722739],[6.9502731,45.9723416],[6.9497013,45.9723816],[6.94954,45.9724268],[6.9489646,45.9725759]]}},{"type":"Feature","id":244280614,"properties":{"kind":"run","name":"Pylônes Haut","subtype":"advanced","pisteType":"downhill","featured":false},"geometry":{"type":"LineString","coordinates":[[6.9527645,45.9586637],[6.9525715,45.958754],[6.9523453,45.9589304],[6.9521634,45.9592108],[6.9516628,45.9598891],[6.951536,45.9600659],[6.9512913,45.96027],[6.9509477,45.9605283],[6.950539,45.9607349],[6.9492851,45.9610964],[6.948586,45.9612369],[6.9477774,45.9615146],[6.9481961,45.9620892],[6.9485156,45.9624444],[6.9485253,45.9626763],[6.9480992,45.9632865],[6.947993,45.9635105],[6.9479248,45.9637189],[6.9477701,45.9641606],[6.9479139,45.9644864],[6.9481888,45.9647842],[6.9482796,45.9648285]]}},{"type":"Feature","id":244280952,"properties":{"kind":"run","name":"Point de vue","subtype":"advanced","pisteType":"downhill","featured":false},"geometry":{"type":"LineString","coordinates":[[6.9551664,45.9681275],[6.9539408,45.9679687],[6.9533872,45.9679522],[6.9528653,45.9678972],[6.9526122,45.9679082],[6.9520329,45.968008],[6.951418,45.9677103],[6.9508407,45.9676499],[6.9504581,45.9677698]]}},{"type":"Feature","id":244281102,"properties":{"kind":"run","name":"Pylônes","subtype":"expert","pisteType":"downhill","featured":false},"geometry":{"type":"LineString","coordinates":[[6.9651803,45.9501554],[6.9645857,45.9502094],[6.9636309,45.9502691],[6.9615517,45.9502537],[6.9606681,45.9503643],[6.9586334,45.9516685],[6.9572387,45.9528918],[6.9558083,45.954695],[6.9556293,45.9549207],[6.9547528,45.9562073],[6.9538301,45.9567891],[6.9534439,45.9567891],[6.9521583,45.9569936]]}},{"type":"Feature","id":244411393,"properties":{"kind":"run","name":"Vallée Blanche classique","subtype":"expert","pisteType":"downhill","featured":true},"geometry":{"type":"LineString","coordinates":[[6.8899764,45.8801798],[6.8905233,45.8794034],[6.8909122,45.8785412],[6.8910435,45.8780226],[6.891119,45.8770565],[6.8905426,45.876585],[6.8902257,45.8763042],[6.8900433,45.8760702],[6.8898032,45.8757961],[6.8895824,45.8754351],[6.8889678,45.8745793],[6.888582,45.8736122],[6.8884238,45.8729845],[6.888646,45.8716605],[6.8893405,45.8706182],[6.8946392,45.868768],[6.8970118,45.8682503],[6.8993528,45.8677657],[6.9014406,45.8667635],[6.9045408,45.8653537],[6.9067236,45.864054],[6.9093168,45.8624944],[6.9124067,45.8613288],[6.9131449,45.8612589],[6.9147266,45.8616004],[6.9159208,45.8618813],[6.9169441,45.86318],[6.9173398,45.8636282],[6.9185643,45.8647621],[6.9197758,45.8656693],[6.9208049,45.8662045],[6.9213359,45.8668095],[6.9218379,45.8674771],[6.9229994,45.8706259],[6.9227419,45.8727027],[6.9229564,45.8753321],[6.9231281,45.8777522],[6.9235303,45.878688],[6.9247588,45.8798286],[6.9296727,45.8834837],[6.9309462,45.8837483],[6.9340278,45.881753],[6.935783,45.8833451],[6.9364307,45.8847697],[6.9365956,45.8858608],[6.9367351,45.8871006],[6.936263,45.8887734],[6.935984,45.8905358],[6.9362953,45.8974237],[6.9373523,45.8999087],[6.9378938,45.9014822],[6.9384204,45.9035455],[6.9392745,45.9050701],[6.9395246,45.9055361],[6.9387325,45.9086416],[6.936727,45.9132408],[6.9362233,45.9138506],[6.9355373,45.9144543],[6.9345192,45.9153503],[6.9338062,45.9159778],[6.9328618,45.916689],[6.9313745,45.9175275],[6.9288644,45.9191687],[6.9268696,45.9205648],[6.9244304,45.9220477],[6.9232649,45.9235485],[6.9220917,45.9245488],[6.9218895,45.9260649],[6.9228159,45.9269012],[6.9228411,45.9293794],[6.9225273,45.9298039],[6.9226345,45.9310874],[6.9224843,45.9338483],[6.92242,45.9353854],[6.9223341,45.936042],[6.9221929,45.9366609]]}},{"type":"Feature","id":244411406,"properties":{"kind":"run","name":"La Vraie Vallée Blanche","subtype":"expert","pisteType":"downhill","featured":true},"geometry":{"type":"LineString","coordinates":[[6.888646,45.8716605],[6.8891281,45.8713153],[6.8905563,45.8711391],[6.8917796,45.8709968],[6.8936792,45.8709036],[6.8955625,45.8707113],[6.8987335,45.8702351],[6.9006647,45.8701306],[6.9032718,45.870463],[6.9047202,45.8710046],[6.9055892,45.8719944],[6.9076599,45.8731784],[6.910793,45.8739335],[6.9119085,45.8740598],[6.9167794,45.874015],[6.9214357,45.8740299],[6.9229564,45.8753321]]}},{"type":"Feature","id":244411409,"properties":{"kind":"run","name":"Moyen Envers du Plan","subtype":"expert","pisteType":"downhill","featured":false},"geometry":{"type":"LineString","coordinates":[[6.8899764,45.8801798],[6.8937768,45.8787059],[6.8976177,45.8768684],[6.9007505,45.8757928],[6.9045915,45.8760916],[6.9076599,45.876973],[6.909119,45.8774211],[6.9105782,45.8779291],[6.9142474,45.8798412],[6.9149126,45.8802444],[6.9154705,45.8806628],[6.9168438,45.8812005],[6.9190754,45.881559],[6.9199962,45.8817387],[6.9218648,45.88253],[6.9238605,45.8840386],[6.9271101,45.885041],[6.9292765,45.8873231],[6.9298471,45.8889377],[6.9304909,45.8900131],[6.9327439,45.8921339],[6.933495,45.8941798],[6.9337954,45.8950161],[6.9350399,45.8965842],[6.9362953,45.8974237]]}},{"type":"Feature","id":244411410,"properties":{"kind":"run","name":"Grand Envers du Plan","subtype":"expert","pisteType":"downhill","featured":false},"geometry":{"type":"LineString","coordinates":[[6.8899764,45.8801798],[6.8937474,45.8799869],[6.9002465,45.8823507],[6.9037735,45.8829336],[6.9057945,45.883703],[6.9070431,45.8837405],[6.9096554,45.8833378],[6.9129488,45.883593],[6.9152249,45.8840803],[6.9238605,45.8840386]]}},{"type":"Feature","id":244411411,"properties":{"kind":"run","name":"Petit Envers du Plan","subtype":"expert","pisteType":"downhill","featured":false},"geometry":{"type":"LineString","coordinates":[[6.9105782,45.8779291],[6.9123862,45.8768587],[6.915755,45.8760669],[6.9180296,45.8764852],[6.9197891,45.8769632],[6.9207547,45.8775459],[6.9218276,45.8781285],[6.9228361,45.8784721],[6.9235303,45.878688]]}},{"type":"Feature","id":244411414,"properties":{"kind":"run","name":"Les pentes du Rognon","subtype":"expert","pisteType":"downhill","featured":false},"geometry":{"type":"LineString","coordinates":[[6.9045408,45.8653537],[6.9214357,45.8740299]]}},{"type":"Feature","id":244411416,"properties":{"kind":"run","name":"Du col du Géant","subtype":"expert","pisteType":"downhill","featured":false},"geometry":{"type":"LineString","coordinates":[[6.9306475,45.8465188],[6.9306255,45.8465865],[6.9306776,45.8466828],[6.9309609,45.8467928],[6.931286,45.8467831],[6.9318665,45.8466181],[6.9324239,45.8464563],[6.9330416,45.8464984],[6.9334305,45.8467096],[6.9346174,45.8571126],[6.9281157,45.8601462],[6.9246825,45.8638221],[6.9229994,45.8706259]]}},{"type":"Feature","id":244411419,"properties":{"kind":"run","name":"La Vallée Noire","subtype":"expert","pisteType":"downhill","featured":false},"geometry":{"type":"LineString","coordinates":[[6.9346174,45.8571126],[6.9322869,45.8705623],[6.9385272,45.8817828]]}},{"type":"Feature","id":244552447,"properties":{"kind":"run","name":"François Bonlieu","subtype":"advanced","pisteType":"downhill","featured":false},"geometry":{"type":"LineString","coordinates":[[6.8729141,45.9687125],[6.8733197,45.9684849],[6.8735145,45.9683595],[6.8737339,45.9681473],[6.8738535,45.9675944],[6.8738405,45.9672775],[6.8738405,45.9669243],[6.874101,45.9665621],[6.8744792,45.966232],[6.8748436,45.9658921],[6.8751562,45.9656476],[6.875508,45.9653669],[6.8758467,45.965059],[6.8766423,45.9646075],[6.8778265,45.9640804],[6.8784117,45.9636319],[6.8788719,45.9632599],[6.879287,45.9629504],[6.8798573,45.9628322],[6.8806326,45.9626931],[6.8808977,45.9625262],[6.8814979,45.962029],[6.8816755,45.9619307],[6.8819511,45.9618437],[6.8822307,45.9618109],[6.8824751,45.9618026],[6.8825446,45.961775],[6.8828624,45.9615792],[6.8831523,45.9613914]]}},{"type":"Feature","id":247227567,"properties":{"kind":"run","name":"Mapped ski run","subtype":"easy","pisteType":"nordic","featured":false},"geometry":{"type":"LineString","coordinates":[[6.7800538,45.8984462],[6.7799994,45.8985421],[6.7799592,45.8986308],[6.779931,45.8987111],[6.7799243,45.898796],[6.7799257,45.898866],[6.7799377,45.8989211],[6.7799605,45.8989659],[6.7799726,45.8990116],[6.779978,45.8990844],[6.7799713,45.8991581],[6.7799538,45.8992365],[6.7798921,45.89937],[6.7798077,45.8996098],[6.7797379,45.8997312],[6.7796816,45.8998441],[6.7796306,45.8999505],[6.7793906,45.9002211],[6.779176,45.900279],[6.77894,45.9004871],[6.778893,45.900517],[6.7787656,45.9005422],[6.7785524,45.9005534],[6.77837,45.9005478],[6.7783204,45.9005609],[6.7782962,45.900587],[6.7782842,45.9006271],[6.7782882,45.9007176],[6.778264,45.9007848],[6.7782077,45.900867],[6.7781192,45.900937],[6.777827,45.9011431],[6.7777464,45.9012207],[6.7776632,45.9012636],[6.7775184,45.9012851],[6.7773829,45.9012935],[6.777332,45.9012888],[6.777222,45.9012683],[6.7771295,45.9012608],[6.7767955,45.9012599]]}},{"type":"Feature","id":249196930,"properties":{"kind":"run","name":"Savoy","subtype":"novice","pisteType":"downhill","featured":false},"geometry":{"type":"LineString","coordinates":[[6.8628239,45.9252686],[6.8629918,45.9252231],[6.8632964,45.9253459],[6.8635825,45.9254099],[6.8639606,45.9254785],[6.864375,45.9255753],[6.8646939,45.925634],[6.8652743,45.9257405],[6.8660202,45.9258822],[6.866264,45.9259285],[6.8665654,45.9260146],[6.8667225,45.9260594],[6.8670063,45.9262745],[6.8672592,45.926352],[6.8673775,45.926396],[6.8675846,45.9264607],[6.8676189,45.9265243]]}},{"type":"Feature","id":249196934,"properties":{"kind":"run","name":"Savoy","subtype":"novice","pisteType":"downhill","featured":false},"geometry":{"type":"LineString","coordinates":[[6.8630665,45.9252271],[6.8632515,45.9252544],[6.8633894,45.9253326],[6.8634974,45.925353],[6.8638188,45.9254114],[6.8641863,45.9254975],[6.8644156,45.9255405],[6.8647321,45.9255481],[6.8650924,45.9255861],[6.8652216,45.9256038],[6.8653507,45.9256215],[6.8657619,45.9256797],[6.8658736,45.9257166],[6.8660353,45.9257587],[6.8663338,45.9258121],[6.8666517,45.9259023],[6.8668291,45.9259383],[6.8669518,45.9259632],[6.8670391,45.9260973],[6.8671009,45.9262517],[6.8672428,45.9263024],[6.8675085,45.9263327],[6.867694,45.9264643],[6.8676904,45.9265074],[6.8676067,45.9264922],[6.8670573,45.9263327],[6.8666388,45.9261758],[6.8663805,45.9261303],[6.8659442,45.9260196],[6.8658743,45.9259374],[6.8649412,45.9257371],[6.8632394,45.9253532],[6.862972,45.9252886],[6.8630665,45.9252271]]}},{"type":"Feature","id":249196939,"properties":{"kind":"lift","name":"Savoy","subtype":"magic_carpet","status":"active"},"geometry":{"type":"LineString","coordinates":[[6.8673138,45.9269498],[6.8670822,45.9269061],[6.8664714,45.9267908]]}},{"type":"Feature","id":249342909,"properties":{"kind":"lift","name":"Tourchet","subtype":"platter","status":"active"},"geometry":{"type":"LineString","coordinates":[[6.8005388,45.8923061],[6.8011514,45.8918017],[6.8017505,45.8913082],[6.8024406,45.8907399],[6.8031397,45.8901642],[6.8039155,45.8895253]]}},{"type":"Feature","id":249342912,"properties":{"kind":"lift","name":"École du Tourchet","subtype":"platter","status":"active"},"geometry":{"type":"LineString","coordinates":[[6.8009755,45.8928227],[6.8015332,45.8923729],[6.8020066,45.8919911],[6.8022599,45.8917869]]}},{"type":"Feature","id":249342913,"properties":{"kind":"run","name":"Le Tourchet","subtype":"novice","pisteType":"downhill","featured":false},"geometry":{"type":"LineString","coordinates":[[6.8006189,45.8923314],[6.80091,45.8926961],[6.8010119,45.8927138],[6.8011792,45.8925315],[6.8015322,45.8922529],[6.8020016,45.8919186],[6.8022563,45.8917413],[6.8023654,45.8916274],[6.8024164,45.8915007],[6.8025401,45.891326],[6.8025583,45.8911639],[6.8025583,45.8910879],[6.8025838,45.8910043],[6.8027584,45.890903],[6.8030022,45.8907004],[6.8031441,45.8906168],[6.8034243,45.8904244],[6.8035662,45.8903028],[6.8036608,45.8901458],[6.8038391,45.8898722],[6.8040138,45.889776],[6.8039483,45.8895886],[6.8038755,45.8896215],[6.8036244,45.8898343],[6.8033515,45.8900419],[6.8025729,45.8906903],[6.8024564,45.8909917],[6.8021217,45.8912272],[6.8018269,45.891521],[6.8015759,45.8916957],[6.8013211,45.8918426],[6.8011901,45.8919034],[6.8009645,45.8921035],[6.8006189,45.8923314]]}},{"type":"Feature","id":249342914,"properties":{"kind":"run","name":"Le Tourchet","subtype":"novice","pisteType":"downhill","featured":false},"geometry":{"type":"LineString","coordinates":[[6.8010482,45.8925011],[6.8010046,45.8926075],[6.8011647,45.8927569],[6.8010737,45.892843],[6.8009755,45.8928227]]}},{"type":"Feature","id":249342915,"properties":{"kind":"run","name":"Le Tourchet","subtype":"novice","pisteType":"downhill","featured":false},"geometry":{"type":"LineString","coordinates":[[6.8014012,45.8920579],[6.8010482,45.8925011],[6.8009282,45.8924859],[6.8006589,45.8925062],[6.8005716,45.8924783],[6.8004733,45.8924023],[6.8004733,45.8923567],[6.8005388,45.8923061]]}},{"type":"Feature","id":249342916,"properties":{"kind":"run","name":"Le Tourchet","subtype":"novice","pisteType":"downhill","featured":false},"geometry":{"type":"LineString","coordinates":[[6.8039119,45.8896316],[6.8038318,45.8897532],[6.8035262,45.8900926],[6.8033806,45.8902091],[6.8028785,45.8906194],[6.8025729,45.8909233],[6.8024892,45.8910626],[6.8021981,45.8914627],[6.8020307,45.8916805],[6.8017869,45.8918705],[6.8014012,45.8920579],[6.8012302,45.8920427],[6.8006844,45.8920199],[6.8005243,45.892063],[6.800386,45.8921896],[6.8003569,45.8922478],[6.8003824,45.8923188],[6.8004733,45.8923567]]}},{"type":"Feature","id":250800767,"properties":{"kind":"run","name":"Kandahar Intermédiaire","subtype":"advanced","pisteType":"downhill","featured":false},"geometry":{"type":"LineString","coordinates":[[6.7575361,45.8806005],[6.7577843,45.8807759],[6.7587794,45.8820168],[6.7598799,45.8818639],[6.7602628,45.8818959],[6.760687,45.8819858],[6.7615965,45.8824689],[6.7625575,45.8827002],[6.7632196,45.8827212]]}},{"type":"Feature","id":250800768,"properties":{"kind":"run","name":"Mur des Épines Intermédiaire","subtype":"intermediate","pisteType":"downhill","featured":false},"geometry":{"type":"LineString","coordinates":[[6.7648009,45.8786424],[6.7655072,45.879433],[6.7656148,45.8796607],[6.7658307,45.8801173],[6.7660729,45.8805555],[6.7671015,45.8811971],[6.7678997,45.8820133],[6.7690367,45.882537],[6.7700991,45.883044],[6.7707804,45.8832344],[6.7717109,45.8833713],[6.7718643,45.8834045],[6.7720545,45.8834118],[6.772397,45.8833867],[6.7729369,45.8832568],[6.7732802,45.8833315],[6.7739414,45.8836659],[6.7744711,45.8842277],[6.7748222,45.8845886],[6.7751648,45.8853113]]}},{"type":"Feature","id":250800770,"properties":{"kind":"run","name":"Kandahar Inférieur Schuss Battendier","subtype":"advanced","pisteType":"downhill","featured":false},"geometry":{"type":"LineString","coordinates":[[6.7751648,45.8853113],[6.7759163,45.8860596],[6.7767124,45.8863804],[6.7786557,45.8868497],[6.7788182,45.8869208],[6.779753,45.8873296],[6.7806011,45.8877004],[6.7821482,45.888251],[6.7831507,45.889178],[6.7832827,45.8894815],[6.7836033,45.8899462],[6.7841032,45.890137],[6.7847016,45.8902413],[6.7856006,45.8903182],[6.7860715,45.8904303],[6.7868673,45.8907922],[6.7878294,45.8912079]]}},{"type":"Feature","id":250800771,"properties":{"kind":"run","name":"Jorland retour Téléphérique","subtype":"easy","pisteType":"downhill","featured":false},"geometry":{"type":"LineString","coordinates":[[6.7809475,45.8911965],[6.7816666,45.8914553],[6.7819531,45.8915144],[6.7821759,45.8914405],[6.782229,45.8912632],[6.7819733,45.8909166],[6.781949,45.8907825],[6.7819976,45.8907215],[6.782113,45.89067],[6.7823043,45.8906777],[6.782584,45.890694],[6.7829673,45.8907219],[6.7834396,45.8907316],[6.7838455,45.8907175],[6.784047,45.8906584],[6.7847016,45.8902413],[6.7856515,45.8899003],[6.7862336,45.8896416],[6.786751,45.8893182],[6.7871186,45.8891819],[6.7872364,45.8891797],[6.7873031,45.8893641],[6.7873985,45.8895206],[6.7874452,45.8895881],[6.7875673,45.8896292],[6.7880166,45.8897571],[6.7881788,45.8897207],[6.7884792,45.8895937],[6.7886697,45.8895778],[6.7888652,45.8895997]]}},{"type":"Feature","id":250805968,"properties":{"kind":"run","name":"Stade FIS","subtype":"intermediate","pisteType":"downhill","featured":false},"geometry":{"type":"LineString","coordinates":[[6.7509434,45.8837362],[6.7511817,45.8837262],[6.7518407,45.8836984],[6.7524851,45.8838261],[6.7530062,45.8838895],[6.753866,45.8838261],[6.7543871,45.8837263],[6.7551556,45.8836719]]}},{"type":"Feature","id":250805970,"properties":{"kind":"run","name":"Les Aillouds Supérieur Col de Voza","subtype":"easy","pisteType":"downhill","featured":false},"geometry":{"type":"LineString","coordinates":[[6.7500487,45.8816536],[6.7505502,45.8816173],[6.7512619,45.8819035],[6.7516948,45.8820141],[6.7517364,45.8820247],[6.7524553,45.8821099]]}},{"type":"Feature","id":250805972,"properties":{"kind":"run","name":"Stade FIS","subtype":"intermediate","pisteType":"downhill","featured":false},"geometry":{"type":"LineString","coordinates":[[6.7524553,45.8821099],[6.7529623,45.8822559],[6.7533656,45.8824321],[6.7541858,45.8829767],[6.7549078,45.8834175],[6.7551556,45.8836719],[6.7557418,45.8838261],[6.7564323,45.8838533],[6.7570055,45.8837263],[6.7575135,45.8836266],[6.7579173,45.8837354],[6.75823,45.8839167],[6.7589204,45.8843157],[6.7592326,45.8846071],[6.759514,45.8849202],[6.7596546,45.8850207],[6.7598413,45.8851237],[6.7600494,45.885223],[6.7602939,45.8853126],[6.7603947,45.8853284],[6.7605098,45.8852954],[6.7607562,45.8852103],[6.7610141,45.8851258],[6.7612202,45.8850644],[6.761541,45.8849387],[6.7618518,45.8847496],[6.7620077,45.8845133],[6.7620856,45.8843339],[6.7622004,45.8840965]]}},{"type":"Feature","id":250805974,"properties":{"kind":"run","name":"Col de Voza","subtype":"intermediate","pisteType":"downhill","featured":false},"geometry":{"type":"LineString","coordinates":[[6.7504839,45.8805723],[6.7503859,45.8805907],[6.7503562,45.880585],[6.7503179,45.88053],[6.7502645,45.8804119],[6.7502165,45.8802507],[6.7503738,45.8801564],[6.7507495,45.8800956],[6.7513744,45.879983],[6.7528556,45.8798401],[6.7538799,45.8796786],[6.7552933,45.8793485],[6.7568536,45.8790488],[6.7584499,45.8787575],[6.7597135,45.8785216],[6.7598548,45.8784952],[6.7600193,45.8784786],[6.7605765,45.8784225],[6.7609327,45.8784075],[6.7613694,45.878389],[6.7621733,45.8784041],[6.762767,45.8784924]]}},{"type":"Feature","id":250805977,"properties":{"kind":"run","name":"Friaz","subtype":"easy","pisteType":"downhill","featured":false},"geometry":{"type":"LineString","coordinates":[[6.7500615,45.8808112],[6.7501576,45.8808075],[6.7501639,45.8808526],[6.7502059,45.8811487],[6.7502733,45.8812075],[6.7503651,45.8812301]]}},{"type":"Feature","id":250805979,"properties":{"kind":"run","name":"Chamois","subtype":"easy","pisteType":"downhill","featured":false},"geometry":{"type":"LineString","coordinates":[[6.7509434,45.8837362],[6.7503678,45.8840988],[6.7503743,45.8846671],[6.7502632,45.8854592],[6.7499991,45.8858066],[6.7498077,45.8861853],[6.7491045,45.8866194]]}},{"type":"Feature","id":250805980,"properties":{"kind":"run","name":"École","subtype":"novice","pisteType":"downhill","featured":false},"geometry":{"type":"LineString","coordinates":[[6.7509434,45.8837362],[6.7507165,45.884004],[6.7507543,45.8842759],[6.7511197,45.8845829],[6.7512793,45.88507],[6.7512697,45.8852739],[6.7512601,45.8855279],[6.7511017,45.886086],[6.7510248,45.8862832],[6.7509373,45.8864359],[6.7508736,45.8865471],[6.7508767,45.8865384],[6.7507442,45.8865524],[6.7507337,45.8864403]]}},{"type":"Feature","id":250805984,"properties":{"kind":"run","name":"Table d'Orientation","subtype":"intermediate","pisteType":"downhill","featured":false},"geometry":{"type":"LineString","coordinates":[[6.7531066,45.8862349],[6.7529325,45.8861324],[6.7532676,45.8860029],[6.7537756,45.8857013],[6.756201,45.8856185],[6.7569549,45.8853469],[6.7575554,45.885211],[6.758356,45.8852178],[6.7593129,45.8853367],[6.7601884,45.8853431],[6.7603947,45.8853284],[6.7614361,45.8852543],[6.762766,45.8849708],[6.7629352,45.8849159],[6.7630599,45.8848281],[6.7632249,45.8845229],[6.7633558,45.8843659]]}},{"type":"Feature","id":250805985,"properties":{"kind":"run","name":"Maison Neuve","subtype":"intermediate","pisteType":"downhill","featured":false},"geometry":{"type":"LineString","coordinates":[[6.7633558,45.8843659],[6.7637071,45.8842185],[6.7638363,45.8841971],[6.7641394,45.884214],[6.7645524,45.884311],[6.765468,45.8845301],[6.7683144,45.8853498],[6.7691786,45.8852198]]}},{"type":"Feature","id":250805992,"properties":{"kind":"run","name":"Schuss des Dames","subtype":"advanced","pisteType":"downhill","featured":false},"geometry":{"type":"LineString","coordinates":[[6.7684324,45.8767776],[6.7672453,45.8772669],[6.7666952,45.8778181],[6.7658613,45.8786674],[6.765729,45.8786947],[6.7655608,45.8786524]]}},{"type":"Feature","id":250805994,"properties":{"kind":"run","name":"Praz Dru","subtype":"intermediate","pisteType":"downhill","featured":false},"geometry":{"type":"LineString","coordinates":[[6.7709801,45.875442],[6.7711903,45.8756656],[6.7713003,45.8757826],[6.7714505,45.8760717],[6.7715389,45.8763855],[6.7716096,45.8770007],[6.7715124,45.8773886],[6.7714909,45.877538],[6.7715553,45.8776725],[6.7718665,45.8777472],[6.7722312,45.8779339],[6.7723063,45.8780982],[6.7722634,45.87827],[6.7722849,45.8784343],[6.7724887,45.8784866],[6.7729179,45.8784269],[6.773229,45.8783895],[6.7736045,45.8783596],[6.7740444,45.8784044],[6.7744306,45.8784717],[6.7748383,45.8785837],[6.7752997,45.8786435],[6.7756323,45.878509],[6.7756854,45.878248]]}},{"type":"Feature","id":250805997,"properties":{"kind":"run","name":"Aillouds","subtype":"easy","pisteType":"downhill","featured":false},"geometry":{"type":"LineString","coordinates":[[6.7638029,45.8780164],[6.7639219,45.8780861],[6.7644723,45.8784214],[6.7648009,45.8786424]]}},{"type":"Feature","id":251808666,"properties":{"kind":"run","name":"Planards","subtype":"easy","pisteType":"downhill","featured":false},"geometry":{"type":"LineString","coordinates":[[6.8880508,45.9264216],[6.8884528,45.9266126],[6.8886567,45.9267693],[6.8886728,45.9268992],[6.8886012,45.9270791],[6.8883241,45.9273144],[6.8880914,45.9274962],[6.8878196,45.9276853],[6.8874845,45.9278313],[6.8871771,45.9279211],[6.8867028,45.9279036],[6.8864319,45.9278334],[6.8858296,45.9276693],[6.8855955,45.9275765],[6.8854619,45.9275236],[6.8853306,45.9274222],[6.8851782,45.9272784],[6.8849862,45.927056],[6.8846776,45.9267601],[6.8845556,45.9266456],[6.8844199,45.9264939],[6.884322,45.9262042],[6.8839905,45.9259143],[6.8833024,45.9256612],[6.8826223,45.9253531],[6.8823692,45.9253036],[6.8819975,45.9252761],[6.881523,45.9251936],[6.881088,45.9251276],[6.8807401,45.9250561],[6.8805344,45.9250121],[6.8803953,45.9250515]]}},{"type":"Feature","id":251808667,"properties":{"kind":"run","name":"Stade de slalom","subtype":"intermediate","pisteType":"downhill","featured":false},"geometry":{"type":"LineString","coordinates":[[6.8880508,45.9264216],[6.8880824,45.9263623],[6.8880757,45.9263285],[6.8879793,45.9262863],[6.8878119,45.926244],[6.8876462,45.9262335],[6.88613,45.9262245],[6.8855721,45.9261686],[6.8842149,45.9259409],[6.8839905,45.9259143]]}},{"type":"Feature","id":251808669,"properties":{"kind":"run","name":"Grépon","subtype":"novice","pisteType":"downhill","featured":false},"geometry":{"type":"LineString","coordinates":[[6.8828431,45.9251976],[6.8826789,45.925105],[6.8822478,45.9249744],[6.881517,45.9247276],[6.8809443,45.9245233],[6.880723,45.9244482],[6.8802879,45.9242513],[6.8798557,45.9240726],[6.8797515,45.9240295],[6.8793939,45.9239694],[6.8792181,45.9239673],[6.8791747,45.9240219]]}},{"type":"Feature","id":251808670,"properties":{"kind":"run","name":"Blatière","subtype":"novice","pisteType":"downhill","featured":false},"geometry":{"type":"LineString","coordinates":[[6.8802117,45.9229625],[6.8802952,45.9231028],[6.8803049,45.9232125],[6.8802845,45.9233131],[6.8802237,45.9233914],[6.8799759,45.9235516],[6.8798312,45.9236228],[6.8797212,45.9236616],[6.8795821,45.9236745],[6.8794258,45.9236791],[6.8793807,45.9236734],[6.8791199,45.9236317]]}},{"type":"Feature","id":252657423,"properties":{"kind":"run","name":"Les Posettes","subtype":"easy","pisteType":"downhill","featured":false},"geometry":{"type":"LineString","coordinates":[[6.9476204,46.0241559],[6.9479344,46.0239081],[6.9481278,46.0237869],[6.9486227,46.0236091],[6.9488635,46.0235601],[6.949347,46.023479],[6.9502493,46.0236835],[6.9506368,46.0239251],[6.950882,46.0244248],[6.951045,46.0246401],[6.9511753,46.0248121]]}},{"type":"Feature","id":252860368,"properties":{"kind":"lift","name":"Chosalets","subtype":"platter","status":"active"},"geometry":{"type":"LineString","coordinates":[[6.9239542,45.9749746],[6.9260349,45.9744118]]}},{"type":"Feature","id":252860370,"properties":{"kind":"lift","name":"Baby Chosalets","subtype":"platter","status":"active"},"geometry":{"type":"LineString","coordinates":[[6.9241367,45.9747611],[6.9249956,45.9744539]]}},{"type":"Feature","id":252860372,"properties":{"kind":"run","name":"Forêt aux Chosalets","subtype":"novice","pisteType":"downhill","featured":false},"geometry":{"type":"LineString","coordinates":[[6.9260349,45.9744118],[6.9258214,45.9743606],[6.9254227,45.9743934],[6.9252818,45.9744485],[6.9252043,45.9744744],[6.9250863,45.9744539],[6.9249956,45.9744539],[6.9248338,45.9744783]]}},{"type":"Feature","id":252860375,"properties":{"kind":"run","name":"Chosalets","subtype":"novice","pisteType":"downhill","featured":false},"geometry":{"type":"LineString","coordinates":[[6.9249956,45.9744539],[6.9249465,45.9745864],[6.9249133,45.974798]]}},{"type":"Feature","id":252860376,"properties":{"kind":"run","name":"Baby aux Chosalets","subtype":"novice","pisteType":"downhill","featured":false},"geometry":{"type":"LineString","coordinates":[[6.9248338,45.9744783],[6.9246783,45.9744727],[6.9243457,45.9745268],[6.9242357,45.9745976],[6.9241367,45.9747611]]}},{"type":"Feature","id":252862482,"properties":{"kind":"run","name":"Chosalets","subtype":"novice","pisteType":"downhill","featured":false},"geometry":{"type":"LineString","coordinates":[[6.9260349,45.9744118],[6.92599,45.9744795],[6.9257538,45.9745503],[6.9255381,45.9745891],[6.925028,45.9746881],[6.9249756,45.9747383],[6.9249133,45.974798],[6.92474,45.9748903],[6.9244476,45.9749704],[6.9242411,45.9749835],[6.9241418,45.9749872],[6.9239542,45.9749746]]}},{"type":"Feature","id":252864516,"properties":{"kind":"lift","name":"Poya 1","subtype":"platter","status":"active"},"geometry":{"type":"LineString","coordinates":[[6.9177429,46.0180909],[6.9175835,46.0179594],[6.9166475,46.017178],[6.9159355,46.0165838],[6.9157133,46.0164002],[6.9150683,46.0158598],[6.9149036,46.0157222],[6.9147336,46.0155798],[6.9146788,46.0155367]]}},{"type":"Feature","id":252864517,"properties":{"kind":"lift","name":"Poya 2","subtype":"platter","status":"active"},"geometry":{"type":"LineString","coordinates":[[6.917818,46.0180469],[6.9176676,46.0179217],[6.9167299,46.0171293],[6.9157975,46.0163637],[6.915028,46.0157234],[6.914478,46.0152764],[6.9141353,46.0149921],[6.9141176,46.0148295],[6.9145461,46.0147252]]}},{"type":"Feature","id":252864518,"properties":{"kind":"run","name":"Mapped ski run","subtype":"easy","pisteType":"downhill","featured":false},"geometry":{"type":"LineString","coordinates":[[6.9146788,46.0155367],[6.9145582,46.0156628],[6.9145285,46.0157009],[6.914512,46.0157819],[6.9144534,46.0160691],[6.9145329,46.0166981],[6.914714,46.0169466],[6.9149346,46.0171667],[6.9151382,46.01737],[6.9154957,46.0176708],[6.9156387,46.0177912],[6.9156595,46.0178087],[6.9158318,46.0179008],[6.9158234,46.0181742],[6.9159668,46.0183646],[6.9161909,46.0184936],[6.9164048,46.0185273],[6.9169993,46.0185251],[6.9171396,46.0183149],[6.9173384,46.0182352],[6.9175239,46.0181554],[6.9176582,46.0181088],[6.9177007,46.018094],[6.9177429,46.0180909]]}},{"type":"Feature","id":252864519,"properties":{"kind":"run","name":"Mapped ski run","subtype":"easy","pisteType":"downhill","featured":false},"geometry":{"type":"LineString","coordinates":[[6.9161431,46.0163737],[6.9160245,46.0164937],[6.9159355,46.0165838],[6.9158318,46.0167625],[6.9156683,46.016876],[6.9153061,46.016922],[6.9150717,46.0170393],[6.9150056,46.0170724],[6.9149346,46.0171667]]}},{"type":"Feature","id":252864524,"properties":{"kind":"run","name":"Mapped ski run","subtype":"intermediate","pisteType":"downhill","featured":false},"geometry":{"type":"LineString","coordinates":[[6.9145461,46.0147252],[6.9146919,46.0148878],[6.9145947,46.015032],[6.9142545,46.0152069],[6.9140425,46.0153542],[6.9138923,46.0154493],[6.913773,46.0155874],[6.9137468,46.0156258],[6.9135742,46.0158789],[6.913446,46.0160568],[6.9134814,46.0161703],[6.9140116,46.0166643],[6.9140425,46.0168054],[6.9139939,46.0170018],[6.9142501,46.017189],[6.9145506,46.0173117],[6.9146964,46.0173822],[6.9147936,46.0174958],[6.9147715,46.0176676],[6.9148422,46.017778],[6.9152398,46.0178486],[6.9156387,46.0177912]]}},{"type":"Feature","id":252864525,"properties":{"kind":"run","name":"Mapped ski run","subtype":"intermediate","pisteType":"downhill","featured":false},"geometry":{"type":"LineString","coordinates":[[6.9137468,46.0156258],[6.9138348,46.015661],[6.9140955,46.0156641],[6.9143208,46.0156549],[6.9145582,46.0156628],[6.9150763,46.0156733],[6.9155579,46.0156948]]}},{"type":"Feature","id":252864527,"properties":{"kind":"run","name":"Mapped ski run","subtype":"advanced","pisteType":"downhill","featured":false},"geometry":{"type":"LineString","coordinates":[[6.9145461,46.0147252],[6.9148801,46.0147162],[6.9150684,46.0147917],[6.9153501,46.015039],[6.9155639,46.0152126],[6.9156036,46.0154139],[6.9155579,46.0156948]]}},{"type":"Feature","id":252865341,"properties":{"kind":"lift","name":"Vormaine 1","subtype":"platter","status":"active"},"geometry":{"type":"LineString","coordinates":[[6.947933,46.002196],[6.9484108,46.0023914],[6.9493016,46.0027265],[6.9501987,46.0030691],[6.9505828,46.0032012]]}},{"type":"Feature","id":252865347,"properties":{"kind":"run","name":"La Moraine","subtype":"easy","pisteType":"downhill","featured":false},"geometry":{"type":"LineString","coordinates":[[6.9551559,46.0050411],[6.955573,46.0049767],[6.9556993,46.0049281],[6.955862,46.0048291],[6.9562536,46.0044341],[6.9563501,46.0042105],[6.9563179,46.0040466],[6.9562321,46.0037373],[6.9561087,46.003469],[6.9559049,46.0031821],[6.9552343,46.0026791],[6.9549178,46.0025859],[6.9546281,46.0023437],[6.9540971,46.0020642],[6.9537216,46.0019301],[6.9534533,46.0018369],[6.9532119,46.0017959],[6.9528364,46.0017661],[6.9523805,46.0016841],[6.9517904,46.0016841],[6.9514685,46.0017102],[6.9508033,46.0018816],[6.9498753,46.0018854],[6.94943,46.0018705],[6.9491296,46.0018891],[6.9485112,46.0020382]]}},{"type":"Feature","id":252865351,"properties":{"kind":"run","name":"Vormaine 3","subtype":"easy","pisteType":"downhill","featured":false},"geometry":{"type":"LineString","coordinates":[[6.9485132,46.0018699],[6.9491315,46.0020731],[6.9507604,46.0019636],[6.9511788,46.001863],[6.9513612,46.0017997],[6.9515616,46.0017734],[6.9517314,46.0017512],[6.951884,46.0017501],[6.9521139,46.0017663],[6.9522571,46.0017475],[6.9524112,46.001756],[6.9526594,46.0017698],[6.9529223,46.0018556],[6.9530727,46.0018624],[6.953169,46.0018667],[6.9533353,46.0018779],[6.9534855,46.0019114],[6.9538074,46.0020195],[6.954199,46.0021723],[6.9545048,46.002381],[6.9547193,46.0025561],[6.9549715,46.0026455],[6.9552129,46.0027238],[6.9554489,46.0029175],[6.9556635,46.0030703],[6.9558834,46.0032864],[6.9560712,46.0034877],[6.9561355,46.0037299],[6.9562267,46.0039534],[6.9562589,46.0042441],[6.9561999,46.0043521],[6.9561317,46.0044176],[6.9560175,46.0045273],[6.9558083,46.004639],[6.955469,46.0048845],[6.9553128,46.0051094],[6.9555508,46.0051085],[6.955927,46.0049545],[6.9560604,46.0048999],[6.9562643,46.0047993],[6.9563769,46.0046726],[6.9564896,46.0045012],[6.9565218,46.0043521],[6.956495,46.0041211],[6.9564199,46.0040019],[6.956334,46.0038081],[6.9563126,46.0037],[6.9562589,46.0034951],[6.9562053,46.003361],[6.9560819,46.0031896],[6.9558941,46.003007],[6.9558244,46.0029324],[6.9555294,46.0027014],[6.9554006,46.0026343],[6.9552397,46.0025598],[6.9551002,46.0025188],[6.9549446,46.0024816],[6.9548856,46.0024033],[6.9546925,46.0022654],[6.9544028,46.002068],[6.9542312,46.0019673],[6.9540917,46.0019114],[6.9538771,46.0018667],[6.9537269,46.0018108],[6.9536035,46.0017587],[6.953389,46.0016804],[6.9532173,46.0016469],[6.9530295,46.0016357],[6.9528632,46.0015947],[6.9527613,46.0015873],[6.9526648,46.0015947],[6.9524609,46.0016171],[6.9522732,46.0016171],[6.9519298,46.0015165],[6.9516187,46.0016171],[6.9513988,46.0016581],[6.9511574,46.0017028],[6.9510501,46.0017102],[6.9506048,46.0017997],[6.9498914,46.0017997],[6.9495534,46.0017661],[6.9485132,46.0018699]]}},{"type":"Feature","id":252865551,"properties":{"kind":"run","name":"Jorland retour Coupe du Monde","subtype":"easy","pisteType":"downhill","featured":false},"geometry":{"type":"LineString","coordinates":[[6.7872364,45.8891797],[6.7872602,45.8891148],[6.7873406,45.889085],[6.7875909,45.8890188],[6.7878098,45.8889973],[6.7880318,45.88898],[6.788167,45.8889689],[6.7881418,45.8888905]]}},{"type":"Feature","id":253799126,"properties":{"kind":"run","name":"Pylônes Bas","subtype":"advanced","pisteType":"downhill","featured":false},"geometry":{"type":"LineString","coordinates":[[6.9482796,45.9648285],[6.9476201,45.9651037],[6.9468645,45.9660091],[6.9463435,45.9667426],[6.9459917,45.96715],[6.9450277,45.9671953],[6.944515,45.9674144],[6.9442789,45.9677031]]}},{"type":"Feature","id":253809231,"properties":{"kind":"run","name":"Libellules","subtype":"novice","pisteType":"downhill","featured":false},"geometry":{"type":"LineString","coordinates":[[6.8860633,45.9611683],[6.8859885,45.961141],[6.8859338,45.9611104],[6.885933,45.9610652],[6.8859558,45.9610142],[6.886013,45.9609618],[6.8861315,45.9608813],[6.8864912,45.9607289],[6.8865814,45.9607073],[6.8866746,45.9606973],[6.8867875,45.9607047],[6.8868651,45.9608184],[6.8868876,45.9609863],[6.8869194,45.961022],[6.8869654,45.9610347],[6.8870222,45.9610341],[6.8870812,45.9610079],[6.8871769,45.9609314],[6.8872747,45.9608357],[6.8873681,45.960704],[6.887454,45.9605192],[6.8875001,45.9604594],[6.8875434,45.9604404],[6.88759,45.9604331],[6.8876456,45.960437],[6.8877212,45.9604579],[6.8878124,45.9605163],[6.8879491,45.9606656],[6.8882557,45.9609127],[6.8885497,45.961103],[6.8891099,45.9614616],[6.8895448,45.9617528],[6.8898827,45.9620679],[6.8902329,45.9624058],[6.8904384,45.9626254],[6.8904987,45.9628368],[6.890578,45.9631076],[6.8906239,45.9634242],[6.8906884,45.9635306],[6.8907548,45.9635852],[6.891055,45.9637097],[6.8915062,45.9638114],[6.8918447,45.9638627],[6.8923132,45.9638691],[6.8927161,45.9638871],[6.8929592,45.9639305],[6.8933466,45.9640865],[6.8939768,45.9645007]]}},{"type":"Feature","id":253809234,"properties":{"kind":"run","name":"Retour Flégère","subtype":"easy","pisteType":"downhill","featured":false},"geometry":{"type":"LineString","coordinates":[[6.8833905,45.9687151],[6.8832391,45.9685688],[6.8831805,45.9684556],[6.8831089,45.9683198],[6.8829591,45.9680255],[6.8829004,45.9678987],[6.8827246,45.9674143],[6.882678,45.9672441],[6.8826659,45.9671201],[6.8827115,45.966939],[6.8828633,45.9667235],[6.8829025,45.9666578],[6.8829131,45.9665996],[6.8828783,45.9665579],[6.8828015,45.9665312],[6.8826291,45.9664564],[6.8825704,45.9663961],[6.8824943,45.9662787],[6.882426,45.9661915],[6.882341,45.9660788],[6.8823034,45.9659952],[6.8823038,45.9659163],[6.8823522,45.9657924],[6.8824028,45.9656667],[6.8824422,45.9655401],[6.88245,45.9654101],[6.8824369,45.965325],[6.8823945,45.9652531],[6.8823298,45.9651584],[6.8822546,45.9650681],[6.8822002,45.9650245],[6.8820819,45.9649652],[6.8819951,45.9648835],[6.8818843,45.9646843],[6.8818299,45.9645302],[6.8818009,45.9642724],[6.8818047,45.9640895],[6.8818224,45.9639941],[6.8818573,45.9639695],[6.8819199,45.9639572],[6.8820219,45.9639642],[6.8820923,45.9640272],[6.8822112,45.9641095],[6.882326,45.9641427],[6.8824465,45.964133],[6.8825632,45.9640786],[6.8825985,45.9640021],[6.882673,45.9637827],[6.8827004,45.9636086],[6.8827045,45.9634072],[6.8827055,45.9632014],[6.8827597,45.96309],[6.8829542,45.9629233],[6.8831146,45.9627813],[6.8833026,45.9625844],[6.8834748,45.9624441],[6.8835961,45.9623296],[6.8836764,45.9621798],[6.8837074,45.9621062],[6.8838118,45.9618586],[6.8838703,45.9616126],[6.8839172,45.9615114],[6.8840084,45.9614085],[6.8841041,45.9613672],[6.8841811,45.9613243],[6.8842397,45.9612388],[6.8842029,45.9610727],[6.8841665,45.9609426],[6.8840181,45.9607483],[6.8837695,45.9605918],[6.8836666,45.960521],[6.8835435,45.960418],[6.8835153,45.9603725],[6.8835354,45.9603385],[6.8835742,45.9603247],[6.8837352,45.9603706],[6.8838961,45.9604166],[6.8843116,45.9604179],[6.8844539,45.9604688],[6.8847044,45.9605585],[6.8850202,45.9607633],[6.885169,45.9608292],[6.8853364,45.9608587],[6.8854633,45.9608579],[6.8858214,45.960858],[6.8861315,45.9608813],[6.8861805,45.9608319],[6.8861994,45.9607806],[6.8862009,45.9607146],[6.8861431,45.9606034],[6.8860625,45.9605109],[6.8860261,45.9604692],[6.8859605,45.9603485],[6.8859311,45.9602344],[6.8859564,45.9601693],[6.8860133,45.9601033],[6.886142,45.960007],[6.8862619,45.9598982],[6.8863061,45.9598313],[6.8863294,45.9597643],[6.886339,45.9594946]]}},{"type":"Feature","id":258685725,"properties":{"kind":"lift","name":"Col de Voza","subtype":"rope_tow","status":"active"},"geometry":{"type":"LineString","coordinates":[[6.7626226,45.8780182],[6.7608632,45.8781656]]}},{"type":"Feature","id":258685726,"properties":{"kind":"run","name":"Mapped ski run","subtype":"novice","pisteType":"downhill","featured":false},"geometry":{"type":"LineString","coordinates":[[6.7608632,45.8781656],[6.7609977,45.8782165],[6.7623894,45.8781143],[6.7626226,45.8780182]]}},{"type":"Feature","id":262470723,"properties":{"kind":"run","name":"Mapped ski run","subtype":"novice","pisteType":"nordic","featured":false},"geometry":{"type":"LineString","coordinates":[[6.88502,45.9326397],[6.8849623,45.9325828],[6.8849033,45.9325035],[6.8848295,45.9324084],[6.8847585,45.9323515],[6.8846606,45.9322974],[6.8845586,45.9322563],[6.8844259,45.9322339],[6.8843025,45.9322246],[6.8841776,45.9322245],[6.8840155,45.9322358],[6.8838958,45.9322417],[6.8837901,45.9322404],[6.8836413,45.9322162],[6.8835153,45.9321743],[6.8833986,45.932123],[6.8832873,45.9320623],[6.8831311,45.9319503],[6.8829393,45.9318267],[6.8828619,45.9317792],[6.8826536,45.9316581],[6.8825397,45.9316133],[6.8821777,45.9315397],[6.8817752,45.9314766],[6.8814355,45.9313873],[6.8810702,45.9312596],[6.8807087,45.9311131],[6.8801122,45.9308279],[6.8797774,45.9306574],[6.8795052,45.9305587],[6.8791529,45.9305063],[6.8791173,45.930501],[6.8789503,45.9304781],[6.8787081,45.9304063],[6.8785256,45.930347],[6.8784378,45.9303123],[6.8783201,45.9302761],[6.8782053,45.9302425],[6.8781474,45.9302096],[6.8780798,45.9301331],[6.877909,45.9298344],[6.8777893,45.9296988],[6.8775982,45.9295606],[6.877445,45.9294862]]}},{"type":"Feature","id":265394493,"properties":{"kind":"run","name":"Ski touring route","subtype":"unknown","pisteType":"skitour","featured":false},"geometry":{"type":"LineString","coordinates":[[6.9915942,46.0045701],[6.9919385,46.0037291],[6.9923452,46.0032938],[6.9936453,46.0029326],[6.994292,46.0024926],[6.9951254,46.0019508],[6.9955455,46.0015062],[6.9964655,46.0010245],[6.9975856,46.0009087],[6.998699,46.0013441],[6.9998391,46.0017285],[7.0013259,46.0022935],[7.0030194,46.0027751],[7.0037928,46.0030947],[7.0045595,46.003317],[7.0054329,46.0032243],[7.0057663,46.0029743],[7.0063263,46.0024926],[7.006913,46.0021314],[7.0074264,46.0018442],[7.0074864,46.0015062],[7.0072464,46.001043],[7.0073197,46.0007559],[7.0083198,46.000302],[7.0092866,46.0000797],[7.0103733,45.9999546],[7.0107867,45.9997509],[7.01112,45.9993387],[7.0117201,45.9990376],[7.0121868,45.9988848],[7.0123735,45.998542],[7.0123067,45.9976591],[7.0125071,45.9973938],[7.0129573,45.9965685],[7.0130516,45.9958217],[7.0129479,45.9952093],[7.0125519,45.9948261],[7.0121182,45.9939417],[7.0123344,45.9930957],[7.0132878,45.9922666],[7.0142812,45.9916181],[7.0139479,45.9909047],[7.0132678,45.98983],[7.0129078,45.988848],[7.0118907,45.9884694],[7.0125215,45.9884235],[7.0154506,45.9875005],[7.0168203,45.9871021],[7.0183254,45.9864798]]}},{"type":"Feature","id":275728494,"properties":{"kind":"run","name":"Mur des Épines Inférieur","subtype":"advanced","pisteType":"downhill","featured":false},"geometry":{"type":"LineString","coordinates":[[6.7759163,45.8860596],[6.7763996,45.8866527],[6.7767396,45.887082],[6.7768272,45.8872256],[6.776949,45.8873309],[6.7770354,45.8872445],[6.7772575,45.8871109],[6.7774033,45.8870094],[6.778027,45.8869262],[6.7788182,45.8869208]]}},{"type":"Feature","id":275728495,"properties":{"kind":"run","name":"Les Aillouds Intermédiaire La Carbotte","subtype":"easy","pisteType":"downhill","featured":false},"geometry":{"type":"LineString","coordinates":[[6.7771539,45.8873719],[6.776949,45.8873309],[6.7769196,45.8874116],[6.7767782,45.8877315],[6.7766522,45.8879074],[6.7765185,45.8880072],[6.7764764,45.8880342],[6.7764706,45.8880411],[6.7764626,45.8880453],[6.7764516,45.8880463],[6.7763441,45.8880162]]}},{"type":"Feature","id":275728496,"properties":{"kind":"run","name":"Les Aillouds Intermédiaire La Carbotte","subtype":"easy","pisteType":"downhill","featured":false},"geometry":{"type":"LineString","coordinates":[[6.7625593,45.8841225],[6.7628755,45.8841756],[6.7630105,45.8842074],[6.7633558,45.8843659]]}},{"type":"Feature","id":275728497,"properties":{"kind":"run","name":"Kandahar Intermédiaire","subtype":"advanced","pisteType":"downhill","featured":false},"geometry":{"type":"LineString","coordinates":[[6.7614343,45.8835692],[6.7616772,45.8834782],[6.7618527,45.8833556],[6.7620741,45.8831243],[6.7624854,45.8829261],[6.7632196,45.8827212],[6.7637824,45.8826509],[6.7641936,45.8826674],[6.7649291,45.8826344],[6.7662024,45.8826289],[6.7671436,45.8829041],[6.7680847,45.8829867],[6.7684722,45.8831133],[6.7690179,45.8834987],[6.7698957,45.8841043],[6.7701805,45.8842199],[6.7706154,45.8843245],[6.7709239,45.88433],[6.7714379,45.8842364],[6.7717701,45.8842144],[6.7722762,45.8842805],[6.7728536,45.8844676],[6.7736602,45.8847154],[6.7751648,45.8853113]]}},{"type":"Feature","id":278378254,"properties":{"kind":"run","name":"Ski touring route","subtype":"unknown","pisteType":"skitour","featured":false},"geometry":{"type":"LineString","coordinates":[[6.8891499,45.8975393],[6.8885669,45.8958542],[6.8885255,45.8952859],[6.886473,45.8947054],[6.8848259,45.8942858],[6.8837438,45.8934429],[6.883241,45.8929409],[6.8821482,45.890948],[6.8791504,45.8887697],[6.8761236,45.8877765],[6.8738654,45.8858832],[6.8725358,45.8846492],[6.8720115,45.8831216],[6.8714278,45.8822638],[6.8708657,45.8813795],[6.8700231,45.8805938],[6.8686013,45.8779172],[6.8677682,45.8768742],[6.8672849,45.8761736],[6.8664936,45.8758906],[6.8654289,45.8752848],[6.864737,45.8751832],[6.8637003,45.874728],[6.8629318,45.8739414],[6.8620782,45.8733114],[6.8615814,45.8729708],[6.8607712,45.8726674],[6.8596192,45.8710045],[6.8603011,45.8700232],[6.8604349,45.8698795],[6.8601941,45.8694883],[6.8602566,45.8689734],[6.8601566,45.8688549],[6.8598756,45.8687721],[6.8599999,45.8687307],[6.8601539,45.8686987],[6.8599918,45.8685989],[6.8594023,45.8684138],[6.8585156,45.867807],[6.8585462,45.8671257],[6.8584697,45.8660932],[6.8585844,45.8659495],[6.8586226,45.865183],[6.8590201,45.8648423],[6.8594864,45.8650127],[6.8597233,45.8650393],[6.8596851,45.8648743],[6.8594864,45.8644431],[6.8584086,45.8636287],[6.8575983,45.863155],[6.857499,45.8628303],[6.8575522,45.8621092],[6.8575774,45.8613206],[6.8575277,45.8611609],[6.857134,45.8606792],[6.8569552,45.8603293],[6.8568856,45.8601123],[6.8567714,45.8584887],[6.8559769,45.8578939],[6.8550905,45.8573519],[6.8542798,45.8574309],[6.8537339,45.8581461],[6.8535122,45.8582327],[6.853111,45.8580507],[6.8530042,45.8580595],[6.8529677,45.8581448],[6.853111,45.8583951],[6.853038,45.8584723],[6.8529056,45.8585005],[6.8527461,45.8584516],[6.8525041,45.8580713],[6.8518987,45.8575857],[6.85158,45.8569219],[6.851259,45.855953],[6.8507827,45.8547812],[6.8498314,45.8529065],[6.8491287,45.8524547],[6.8475085,45.8511715],[6.8480948,45.8494066],[6.8475445,45.8479904],[6.8483394,45.8449448],[6.8490427,45.8428788],[6.8495285,45.8423091]]}},{"type":"Feature","id":287196413,"properties":{"kind":"lift","name":"Skyway Monte Bianco","subtype":"cable_car","status":"active"},"geometry":{"type":"LineString","coordinates":[[6.9561562,45.8159157],[6.9543878,45.8196695],[6.9517117,45.8253497],[6.9502399,45.8284736],[6.9499843,45.8290159]]}},{"type":"Feature","id":287198497,"properties":{"kind":"run","name":"Vallée Blanche","subtype":"expert","pisteType":"downhill","featured":true},"geometry":{"type":"LineString","coordinates":[[6.9316539,45.8460038],[6.9314965,45.8461462],[6.9312077,45.8462832],[6.9306475,45.8465188],[6.9305128,45.846492],[6.9304291,45.8465351],[6.9302827,45.8466857],[6.9300047,45.8470188],[6.9296256,45.8474732],[6.9293038,45.8484746],[6.9282523,45.849192],[6.9270722,45.8495209],[6.9258062,45.8496255],[6.9237462,45.8498796],[6.9222442,45.8502682],[6.920549,45.8506717],[6.9189397,45.8508212],[6.9178239,45.8511948],[6.9165794,45.8518225],[6.916236,45.853063],[6.9166867,45.8549012],[6.9172231,45.8567992],[6.9168369,45.8580993],[6.9172875,45.8592351],[6.9172231,45.8609237],[6.9172016,45.862149],[6.9169441,45.86318]]}},{"type":"Feature","id":288171015,"properties":{"kind":"run","name":"Val Veny","subtype":"easy","pisteType":"downhill","featured":false},"geometry":{"type":"LineString","coordinates":[[6.9473116,45.805589],[6.9472397,45.8056053],[6.9468832,45.8055746],[6.9463191,45.8055959],[6.9454933,45.805557],[6.9450487,45.8055417],[6.9447181,45.8055828],[6.9445238,45.8055869],[6.9438232,45.8055072],[6.9430668,45.8053114],[6.9424766,45.8052337],[6.9420273,45.8051227],[6.9415859,45.8049483],[6.9412493,45.8048217],[6.9411428,45.804839],[6.9411096,45.804879],[6.9411277,45.8049316],[6.9412968,45.8051105],[6.9415777,45.8053063],[6.9416381,45.8053632],[6.941629,45.8054263],[6.9415777,45.8054621],[6.9413723,45.8054242],[6.9411186,45.80538],[6.9407864,45.8053337],[6.9403183,45.8053358],[6.9400465,45.8053758],[6.9395149,45.8054411],[6.9392069,45.8054411],[6.9389471,45.8053737],[6.938627,45.8052811],[6.9383651,45.8052481],[6.9381193,45.8053132],[6.9377381,45.8052052],[6.9376251,45.8051596],[6.9374069,45.8050284],[6.9369599,45.8048221],[6.9367175,45.8046668]]}},{"type":"Feature","id":290500953,"properties":{"kind":"run","name":"Tremplin","subtype":"unknown","pisteType":"downhill","featured":false},"geometry":{"type":"LineString","coordinates":[[6.8025453,45.8849606],[6.8025977,45.8856903],[6.8024399,45.8856958],[6.802414,45.8853354],[6.80251,45.8853321],[6.8024834,45.8849628],[6.8025453,45.8849606]]}},{"type":"Feature","id":294930886,"properties":{"kind":"run","name":"Mapped ski run","subtype":"expert","pisteType":"downhill","featured":false},"geometry":{"type":"LineString","coordinates":[[6.7556802,45.9593711],[6.7564769,45.9590713],[6.7569611,45.9587997],[6.7578445,45.958156],[6.7584136,45.9577249],[6.758558,45.9571049],[6.7585071,45.9568332],[6.7582551,45.9563466]]}},{"type":"Feature","id":294934320,"properties":{"kind":"run","name":"Mapped ski run","subtype":"intermediate","pisteType":"downhill","featured":false},"geometry":{"type":"LineString","coordinates":[[6.913775,46.0157403],[6.9140112,46.0157593],[6.9142158,46.0157667],[6.9143818,46.0157752],[6.914512,46.0157819],[6.9148614,46.0157999],[6.9152055,46.0157905],[6.9150763,46.0156733],[6.9150304,46.0156245],[6.9146492,46.015628],[6.9141964,46.0156228],[6.9138901,46.0156097],[6.9138348,46.015661],[6.913775,46.0157403]]}},{"type":"Feature","id":294934321,"properties":{"kind":"run","name":"Mapped ski run","subtype":"easy","pisteType":"downhill","featured":false},"geometry":{"type":"LineString","coordinates":[[6.9160547,46.0165183],[6.9160245,46.0164937],[6.9159698,46.0164483],[6.9157834,46.0166861],[6.9154885,46.0168153],[6.9153551,46.0168779],[6.9150097,46.0169639],[6.9150717,46.0170393],[6.9151428,46.0171136],[6.91531,46.0169992],[6.9155467,46.0169288],[6.9157778,46.0168727],[6.9159037,46.0167527],[6.9160547,46.0165183]]}},{"type":"Feature","id":294934322,"properties":{"kind":"run","name":"Mapped ski run","subtype":"intermediate","pisteType":"downhill","featured":false},"geometry":{"type":"LineString","coordinates":[[6.9155579,46.0156948],[6.9158009,46.0159678],[6.9159158,46.0161151],[6.9161431,46.0163737],[6.9164282,46.0166981],[6.9165829,46.0167809],[6.9170424,46.0171583],[6.9171926,46.017327],[6.917334,46.0174896],[6.9175372,46.0175817],[6.9176874,46.0176246],[6.9177581,46.0177811],[6.9177934,46.01791],[6.9178155,46.0180051],[6.917818,46.0180469]]}},{"type":"Feature","id":294934323,"properties":{"kind":"run","name":"Mapped ski run","subtype":"advanced","pisteType":"downhill","featured":false},"geometry":{"type":"LineString","coordinates":[[6.9155579,46.0156948],[6.9158164,46.015632],[6.9158765,46.015525],[6.9158089,46.0152693],[6.9154482,46.0148466],[6.915189,46.014677],[6.9148696,46.0146013],[6.9146066,46.0146535],[6.9145461,46.0147252],[6.9146919,46.0148878],[6.9145947,46.015032],[6.9145652,46.0152223],[6.9147268,46.0153997],[6.914971,46.0155615],[6.9150304,46.0156245],[6.9150763,46.0156733],[6.9155579,46.0156948]]}},{"type":"Feature","id":294934324,"properties":{"kind":"run","name":"Mapped ski run","subtype":"intermediate","pisteType":"downhill","featured":false},"geometry":{"type":"LineString","coordinates":[[6.9150763,46.0156733],[6.9152055,46.0157905],[6.9155083,46.0160651],[6.9159698,46.0164483],[6.9160245,46.0164937],[6.9160547,46.0165183],[6.9165191,46.0168975],[6.9168459,46.017161],[6.9173682,46.0176098],[6.9177934,46.01791],[6.9178492,46.0176855],[6.9178304,46.0175237],[6.9177753,46.0173833],[6.9175937,46.0172497],[6.9173269,46.0170045],[6.9168835,46.0166783],[6.9161997,46.0158094],[6.9158164,46.015632],[6.9155579,46.0156948],[6.9150763,46.0156733]]}},{"type":"Feature","id":294934325,"properties":{"kind":"run","name":"Mapped ski run","subtype":"easy","pisteType":"downhill","featured":false},"geometry":{"type":"LineString","coordinates":[[6.9177429,46.0180909],[6.917818,46.0180469]]}},{"type":"Feature","id":294934326,"properties":{"kind":"run","name":"Mapped ski run","subtype":"easy","pisteType":"downhill","featured":false},"geometry":{"type":"LineString","coordinates":[[6.9143818,46.0157752],[6.914265,46.0159107],[6.9141853,46.0162816],[6.9141632,46.0164513],[6.9141666,46.0164674],[6.9142158,46.0166966],[6.9144244,46.0168425],[6.9147698,46.0171764],[6.9152799,46.01761],[6.9154708,46.0177638],[6.9155459,46.0178681],[6.9155813,46.0181068],[6.91575,46.0183569],[6.916108,46.0185766],[6.9166665,46.0186189],[6.9169993,46.0185251],[6.9168258,46.0184595],[6.9165449,46.018417],[6.9162772,46.0183455],[6.9160006,46.0181871],[6.9159388,46.0178904],[6.9157185,46.0177184],[6.9151976,46.0171709],[6.9151428,46.0171136],[6.9150717,46.0170393],[6.9150097,46.0169639],[6.9148283,46.0167428],[6.9147246,46.0163222],[6.9147485,46.0160749],[6.9148654,46.0159181],[6.9148614,46.0157999],[6.914512,46.0157819],[6.9143818,46.0157752]]}},{"type":"Feature","id":294934327,"properties":{"kind":"run","name":"Mapped ski run","subtype":"intermediate","pisteType":"downhill","featured":false},"geometry":{"type":"LineString","coordinates":[[6.9145652,46.0152223],[6.9143022,46.0152875],[6.9140279,46.0154571],[6.9138901,46.0156097],[6.913775,46.0157403],[6.9136034,46.0159816],[6.9135771,46.0161043],[6.9136823,46.0161904],[6.9141632,46.0164513],[6.9141666,46.0164674],[6.9142158,46.0166966],[6.9141895,46.0168166],[6.914167,46.016994],[6.9144225,46.0171688],[6.9146441,46.0172497],[6.9148809,46.0174767],[6.9149034,46.0176072],[6.9149485,46.0176829],[6.915065,46.0177324],[6.9154708,46.0177638],[6.9155459,46.0178681],[6.9155158,46.0179855],[6.9153549,46.0181701],[6.9149624,46.0179595],[6.9147569,46.0178525],[6.914708,46.0177246],[6.9147155,46.0175394],[6.9146704,46.0174559],[6.9145502,46.0173906],[6.9142196,46.0172315],[6.9140805,46.0171506],[6.9139415,46.0170306],[6.9139115,46.0167879],[6.9138927,46.0166496],[6.9137123,46.0164826],[6.913562,46.0163208],[6.9134193,46.0161356],[6.9133892,46.0159816],[6.9135695,46.0156816],[6.9138927,46.015311],[6.914197,46.0151466],[6.9145051,46.0149849],[6.9145461,46.0147252],[6.9146919,46.0148878],[6.9145947,46.015032],[6.9145652,46.0152223]]}},{"type":"Feature","id":294934328,"properties":{"kind":"run","name":"Mapped ski run","subtype":"novice","pisteType":"downhill","featured":false},"geometry":{"type":"LineString","coordinates":[[6.9177429,46.0180909],[6.9178241,46.0181779],[6.9177873,46.0183288],[6.9178474,46.0184864],[6.917892,46.0185376],[6.9181637,46.0187034],[6.9185809,46.0188246],[6.919099,46.0189998],[6.9196315,46.0190407]]}},{"type":"Feature","id":294934329,"properties":{"kind":"lift","name":"Bambins","subtype":"rope_tow","status":"active"},"geometry":{"type":"LineString","coordinates":[[6.918458,46.0186266],[6.9180015,46.0182613]]}},{"type":"Feature","id":305162724,"properties":{"kind":"lift","name":"Plan Joran","subtype":"gondola","status":"active"},"geometry":{"type":"LineString","coordinates":[[6.9282173,45.9790112],[6.9284354,45.9787121],[6.9285855,45.9785063],[6.9290487,45.9778546],[6.9298084,45.9767856],[6.9311227,45.9749361],[6.9317647,45.9740327],[6.9336023,45.9714468],[6.9349459,45.969556],[6.9354993,45.9687772],[6.9357964,45.968359],[6.9369505,45.9667347],[6.9385513,45.9644819],[6.9386918,45.9642841],[6.940244,45.9620993],[6.9405228,45.9616911]]}},{"type":"Feature","id":306451953,"properties":{"kind":"run","name":"Ski touring route","subtype":"intermediate","pisteType":"skitour","featured":false},"geometry":{"type":"LineString","coordinates":[[6.7691414,45.8868035],[6.7691714,45.8868534],[6.7691942,45.8868744],[6.7692329,45.886887],[6.7693149,45.8868903],[6.7693692,45.8868824],[6.7694278,45.8868608],[6.7696279,45.8867662],[6.7697817,45.8866659],[6.7698451,45.8866375],[6.7698891,45.8866288],[6.769935,45.8866358],[6.7699786,45.886659],[6.7700036,45.8866891],[6.7700177,45.8867289],[6.7700323,45.8867973],[6.7700535,45.8868355],[6.7700836,45.8868537],[6.7701254,45.886859],[6.7701558,45.8868555],[6.7701908,45.8868382],[6.7702272,45.8868036],[6.7702752,45.886752],[6.7703127,45.8867339],[6.7703541,45.8867256],[6.7704127,45.8867284],[6.7705852,45.8867508],[6.7707152,45.8867688],[6.7708401,45.8868039],[6.7709154,45.8868137],[6.7709746,45.8868075],[6.7710022,45.8868004],[6.7710249,45.8867805],[6.771042,45.8867557],[6.7710436,45.8867274],[6.7710162,45.8866543],[6.7709886,45.8865743],[6.7709784,45.8864916],[6.7709951,45.8864088],[6.7710467,45.8862708],[6.771071,45.8861687],[6.7710847,45.8860887],[6.7710857,45.8858838],[6.7711083,45.8857856],[6.7711306,45.8857517],[6.7711587,45.885738],[6.771203,45.8857283],[6.7712401,45.8857288],[6.7712847,45.8857427],[6.7713363,45.8857773],[6.7714351,45.8858648],[6.7714842,45.8859028],[6.7715511,45.8859367],[6.7716247,45.8859655],[6.7717113,45.8859835],[6.7719106,45.886001],[6.7720052,45.8859967],[6.7721064,45.8859801],[6.7722216,45.8859517],[6.7723405,45.885942],[6.7723981,45.8859498],[6.7724526,45.8859728],[6.7725155,45.8860155],[6.7725787,45.8860958],[6.7726623,45.8861799],[6.7727151,45.8862204],[6.7727749,45.886244],[6.7728441,45.886257],[6.7729261,45.8862674],[6.772988,45.8862911],[6.7730391,45.8863227],[6.7731219,45.8864062],[6.7732866,45.8866271],[6.7733662,45.8867611],[6.773465,45.8869065],[6.7735085,45.8869519],[6.7735487,45.8869818],[6.7735879,45.8869887],[6.7736366,45.8869757],[6.7736748,45.8869519],[6.7737321,45.8869005],[6.7737847,45.8868134],[6.7738426,45.8866975],[6.7739135,45.8865955],[6.7739872,45.8865149],[6.7740326,45.8864875],[6.7740813,45.8864731],[6.7741311,45.8864745],[6.774194,45.8864979],[6.7742499,45.8865287],[6.774288,45.8865627],[6.77432,45.8866101],[6.774338,45.8866569],[6.7743352,45.8867014],[6.7743081,45.8867445],[6.7742737,45.8867889],[6.7742571,45.8868524],[6.7742469,45.8869339],[6.7742566,45.8869902],[6.7742623,45.8870319],[6.7742581,45.8870774],[6.7742369,45.8871454],[6.7742098,45.8872046],[6.7741868,45.8872636],[6.7741853,45.8873356],[6.774181,45.8875228],[6.7741789,45.8875998],[6.7741842,45.8876806],[6.7741861,45.8877564],[6.7741772,45.8878101],[6.774162,45.8878554],[6.7741365,45.8879148],[6.7741311,45.8879468],[6.7741436,45.8879726],[6.7741778,45.8879933],[6.7742195,45.8880081],[6.7743314,45.8880284],[6.7744227,45.8880339],[6.7745138,45.8880324],[6.7745929,45.8880134],[6.774701,45.8879713]]}},{"type":"Feature","id":306539937,"properties":{"kind":"run","name":"Mapped ski run","subtype":"intermediate","pisteType":"nordic","featured":false},"geometry":{"type":"LineString","coordinates":[[6.9027547,45.9418734],[6.9027277,45.941787]]}},{"type":"Feature","id":306539940,"properties":{"kind":"run","name":"Mapped ski run","subtype":"intermediate","pisteType":"nordic","featured":false},"geometry":{"type":"LineString","coordinates":[[6.9032168,45.9454214],[6.9031781,45.9455243],[6.903152,45.9456063],[6.9031288,45.945648],[6.9030853,45.9456796],[6.9030225,45.9457078],[6.9029471,45.945736],[6.9027885,45.9457697],[6.9026251,45.9457885],[6.9024898,45.9458006],[6.9024288,45.9458013],[6.9023708,45.9457979],[6.9023235,45.9457891]]}},{"type":"Feature","id":311743620,"properties":{"kind":"run","name":"Point de vue (sometimes groomed)","subtype":"advanced","pisteType":"downhill","featured":false},"geometry":{"type":"LineString","coordinates":[[6.9622713,45.9523954],[6.9623101,45.9526953],[6.962344,45.9530324],[6.9624701,45.9536862],[6.9624798,45.9542827],[6.9626397,45.9546434],[6.9626203,45.9548793],[6.962727,45.95525],[6.9627658,45.955405],[6.9628433,45.9556072],[6.9630033,45.9558061],[6.9632457,45.9560352],[6.9633717,45.9562408],[6.9637256,45.9564397],[6.9640601,45.9566183],[6.9642298,45.9567834]]}},{"type":"Feature","id":311743621,"properties":{"kind":"run","name":"Ski touring route","subtype":"unknown","pisteType":"skitour","featured":false},"geometry":{"type":"LineString","coordinates":[[6.9646401,45.9495594],[6.9664522,45.9482114],[6.9679597,45.9478645],[6.9684639,45.9478384],[6.969746,45.9482674],[6.9702824,45.9485583],[6.9707116,45.9489835],[6.9707652,45.9492745],[6.9711568,45.9495542],[6.9717201,45.9504493],[6.972946,45.9496359],[6.974524,45.9484905],[6.9751018,45.9490714],[6.9758936,45.949819],[6.9769236,45.9504158],[6.9773742,45.9508484],[6.9783196,45.9513838],[6.9794836,45.9519125]]}},{"type":"Feature","id":311743622,"properties":{"kind":"run","name":"Ski touring route","subtype":"unknown","pisteType":"skitour","featured":false},"geometry":{"type":"LineString","coordinates":[[7.0458355,45.956413],[7.0459978,45.956317],[7.0482404,45.9563215],[7.049886,45.9560694],[7.0521141,45.9557258]]}},{"type":"Feature","id":311743623,"properties":{"kind":"run","name":"Ski touring route","subtype":"unknown","pisteType":"skitour","featured":false},"geometry":{"type":"LineString","coordinates":[[7.0309902,45.9693007],[7.0343909,45.9692567],[7.0385983,45.9684212],[7.0405121,45.968652],[7.0410657,45.9682233],[7.0415403,45.9680584],[7.041999,45.9673438],[7.0431694,45.9665412],[7.0438179,45.9657936],[7.0453997,45.9652878],[7.046317,45.965068],[7.0469656,45.9655077],[7.0484366,45.9655737],[7.0495121,45.9656177],[7.0495279,45.9640565],[7.0494172,45.9633418],[7.049955,45.9631109],[7.0498126,45.9625502],[7.0507459,45.9622533],[7.0504295,45.9617475],[7.0508249,45.9616816],[7.0513627,45.9612967],[7.0506351,45.9599113],[7.0509989,45.9596474],[7.0508408,45.9591856],[7.051875,45.9588557],[7.0513795,45.9583809],[7.0508667,45.9582931],[7.050761,45.9582705],[7.0507203,45.9581829],[7.0509846,45.9580359],[7.0506959,45.9580246],[7.0507081,45.9576431],[7.0504967,45.957612],[7.0501349,45.9575526],[7.0504317,45.9572728],[7.0505536,45.956928],[7.0521141,45.9557258]]}},{"type":"Feature","id":313943704,"properties":{"kind":"run","name":"Mapped ski run","subtype":"intermediate","pisteType":"nordic","featured":false},"geometry":{"type":"LineString","coordinates":[[6.9009143,45.9438028],[6.9008983,45.9437333],[6.9008574,45.9436097],[6.9008464,45.943552],[6.9008324,45.9435054],[6.9007984,45.9434561],[6.9007455,45.943413],[6.9006795,45.9433776],[6.9005866,45.9433547],[6.9004507,45.9433408],[6.9003006,45.9433314]]}},{"type":"Feature","id":313943705,"properties":{"kind":"run","name":"Mapped ski run","subtype":"intermediate","pisteType":"nordic","featured":false},"geometry":{"type":"LineString","coordinates":[[6.9003006,45.9433314],[6.9002213,45.9433246],[6.9001711,45.9433072],[6.9001179,45.9432803],[6.9000696,45.9432588],[6.8998859,45.9431888],[6.8998356,45.9431499],[6.8998095,45.9431183],[6.8997902,45.9430813],[6.8997728,45.9430389],[6.8997428,45.9429973],[6.8996993,45.9429549],[6.89965,45.9429253]]}},{"type":"Feature","id":314229767,"properties":{"kind":"run","name":"Col du Passon Route","subtype":"unknown","pisteType":"skitour","featured":false},"geometry":{"type":"LineString","coordinates":[[6.9855945,45.9519468],[6.9838371,45.9526958],[6.9821549,45.9535103],[6.9797602,45.9546292],[6.9787087,45.956661],[6.9790391,45.9576953],[6.9797311,45.959631],[6.9795422,45.9609144],[6.9791594,45.9634182],[6.9761859,45.9653387],[6.9747993,45.966752],[6.9779823,45.9662514],[6.9777135,45.9673513],[6.9780757,45.968273],[6.9796636,45.9696898],[6.9802001,45.9705548],[6.9829252,45.9704504],[6.9844487,45.9701223],[6.9843113,45.9712512],[6.9849207,45.9723482],[6.9854143,45.9731609],[6.9856932,45.9737873],[6.9848671,45.9744658],[6.9848564,45.9747417],[6.9838693,45.9751816],[6.9838838,45.9755182],[6.9841789,45.9759655],[6.984313,45.9761594],[6.9841681,45.9761706],[6.9838999,45.9761817],[6.9837551,45.9761743],[6.9835228,45.9761985]]}},{"type":"Feature","id":314229929,"properties":{"kind":"run","name":"Ski touring route","subtype":"unknown","pisteType":"skitour","featured":false},"geometry":{"type":"LineString","coordinates":[[7.0172541,45.9689506],[7.019695,45.9707628],[7.0227206,45.9720304],[7.0257032,45.9740884],[7.0266259,45.9747446],[7.0268404,45.97552],[7.0271194,45.9784875],[7.0272052,45.9798594],[7.0270096,45.9804938]]}},{"type":"Feature","id":314237488,"properties":{"kind":"run","name":"Cabane Argentière Route","subtype":"unknown","pisteType":"skitour","featured":false},"geometry":{"type":"LineString","coordinates":[[6.9794836,45.9519125],[6.9826577,45.9509578],[6.9882582,45.9492719],[6.9912837,45.9480336],[6.9948457,45.9475561],[6.9964121,45.9474517],[6.9982574,45.9470787],[7.0002101,45.9467057],[7.0011328,45.9468549],[7.0019267,45.9470339],[7.0023559,45.947198],[7.0029781,45.9471682],[7.0038364,45.94684],[7.0044802,45.946452]]}},{"type":"Feature","id":314237717,"properties":{"kind":"run","name":"Cabane Argentière-Col de Chardonet Route","subtype":"unknown","pisteType":"skitour","featured":false},"geometry":{"type":"LineString","coordinates":[[6.9964121,45.9474517],[6.9937942,45.9488243],[6.9927428,45.9496747],[6.9921205,45.9510622],[6.99124,45.9519618],[6.990762,45.9526312]]}},{"type":"Feature","id":314238235,"properties":{"kind":"run","name":"Ski touring route","subtype":"unknown","pisteType":"skitour","featured":false},"geometry":{"type":"LineString","coordinates":[[6.9917336,45.9537222],[6.9919078,45.9542448],[6.9935838,45.9546047],[6.9957899,45.9559413],[6.9967881,45.9563183],[6.9988586,45.9571665],[6.9990558,45.9577748],[7.0002019,45.9577834],[6.9998076,45.9591113],[7.0003622,45.9594283],[7.0013851,45.9598481],[7.0021985,45.9606877],[7.0038129,45.9611675],[7.0056739,45.9616558],[7.007769,45.9632749],[7.0100983,45.965211],[7.0108131,45.9658792],[7.0116443,45.9662003],[7.0123906,45.9662904],[7.0129328,45.9663246],[7.0131547,45.9662818],[7.0126494,45.9673012],[7.013204,45.9676181],[7.0144117,45.9675667],[7.0153361,45.9682092],[7.0167657,45.9688688],[7.0172541,45.9689506]]}},{"type":"Feature","id":314238236,"properties":{"kind":"run","name":"Ski touring route","subtype":"unknown","pisteType":"skitour","featured":false},"geometry":{"type":"LineString","coordinates":[[7.0172541,45.9689506],[7.0205492,45.9695026],[7.025818,45.9692237],[7.0309902,45.9693007]]}},{"type":"Feature","id":314238272,"properties":{"kind":"run","name":"Ski touring route","subtype":"unknown","pisteType":"skitour","featured":false},"geometry":{"type":"LineString","coordinates":[[6.9794836,45.9519125],[6.9816668,45.9518662],[6.9834549,45.9519235],[6.9855945,45.9519468]]}},{"type":"Feature","id":314238777,"properties":{"kind":"run","name":"Ski touring route","subtype":"unknown","pisteType":"skitour","featured":false},"geometry":{"type":"LineString","coordinates":[[6.9855945,45.9519468],[6.990207,45.9523683],[6.990762,45.9526312]]}},{"type":"Feature","id":314238814,"properties":{"kind":"run","name":"Ski touring route","subtype":"unknown","pisteType":"skitour","featured":false},"geometry":{"type":"LineString","coordinates":[[6.9835228,45.9761985],[6.9834423,45.9764707],[6.9835359,45.976942],[6.9838417,45.9775361],[6.9838512,45.9778944],[6.9838682,45.9782472],[6.9839194,45.9787794],[6.9841185,45.979133]]}},{"type":"Feature","id":314605350,"properties":{"kind":"run","name":"Ski touring route","subtype":"unknown","pisteType":"skitour","featured":false},"geometry":{"type":"LineString","coordinates":[[6.9867319,45.9967628],[6.9878033,45.9960564],[6.9888118,45.9952291],[6.989338,45.9948914],[6.9899383,45.9945061],[6.9920733,45.992993],[6.9926098,45.992583],[6.9942191,45.9918078],[6.9948306,45.9904065],[6.9966224,45.9894747],[6.9980493,45.9889902],[6.9993797,45.9885354],[7.0021799,45.9873874],[7.0030275,45.987052],[7.0061153,45.9854985],[7.0080271,45.9849498],[7.0109024,45.984823],[7.0133486,45.9851287],[7.0159789,45.985284]]}},{"type":"Feature","id":314605643,"properties":{"kind":"run","name":"Ski touring route","subtype":"unknown","pisteType":"skitour","featured":false},"geometry":{"type":"LineString","coordinates":[[7.0159789,45.985284],[7.0163852,45.9855663],[7.0165193,45.9856595],[7.0168841,45.9858086],[7.0183254,45.9864798],[7.0200325,45.9857938],[7.0207309,45.9853907],[7.0257676,45.9864944],[7.0284712,45.9868075],[7.0311534,45.986733]]}},{"type":"Feature","id":314606275,"properties":{"kind":"run","name":"Ski touring route","subtype":"unknown","pisteType":"skitour","featured":false},"geometry":{"type":"LineString","coordinates":[[7.0669713,45.9489309],[7.0656731,45.9499155],[7.0649114,45.9510046],[7.0645895,45.9516238],[7.0635918,45.9523026],[7.0630875,45.9529739],[7.0626262,45.9545179],[7.0631556,45.9550511],[7.0632484,45.9551445],[7.0642891,45.9559351],[7.0647129,45.9562801],[7.0651152,45.9566791],[7.0657322,45.9574586],[7.0659467,45.9576711],[7.0667729,45.958197],[7.067143,45.9583648],[7.0677867,45.9586557],[7.0682212,45.9585997],[7.0688811,45.9584617],[7.0695302,45.9588906],[7.0698949,45.9591367],[7.0707211,45.959946],[7.0710805,45.962588],[7.0706299,45.963729],[7.0694926,45.9644151],[7.0676258,45.9651236],[7.0662847,45.9656307],[7.0653298,45.9658694],[7.0654049,45.9665629],[7.0654586,45.9668276],[7.0669821,45.9685577],[7.0673468,45.9697956],[7.0670894,45.9705114],[7.0671966,45.9714659],[7.0677116,45.9724055],[7.0681837,45.9740011],[7.0689991,45.9751643],[7.0697206,45.9753116],[7.0701793,45.9764281]]}},{"type":"Feature","id":314821108,"properties":{"kind":"run","name":"Ski touring route","subtype":"unknown","pisteType":"skitour","featured":false},"geometry":{"type":"LineString","coordinates":[[7.0701793,45.9764281],[7.0669626,45.975054],[7.0659279,45.974199],[7.0641731,45.9735478],[7.0614694,45.9727127],[7.0562337,45.9730855],[7.0529078,45.9740549]]}},{"type":"Feature","id":314821545,"properties":{"kind":"run","name":"Ski touring route","subtype":"unknown","pisteType":"skitour","featured":false},"geometry":{"type":"LineString","coordinates":[[7.0385111,45.9928472],[7.0388675,45.9941536],[7.0392752,45.9960915],[7.0407987,45.9985064],[7.0416141,45.9998926],[7.0423574,46.0000823],[7.0426655,46.0001609],[7.0432663,46.0001311],[7.0436069,45.9998414],[7.043682,45.9996988]]}},{"type":"Feature","id":314822013,"properties":{"kind":"run","name":"Ski touring route","subtype":"unknown","pisteType":"skitour","featured":false},"geometry":{"type":"LineString","coordinates":[[7.0529078,45.9740549],[7.0480584,45.9735031],[7.0461701,45.9737566],[7.0436166,45.9745619],[7.0386384,45.9741742],[7.0359133,45.9743382],[7.0340036,45.9748303],[7.0319222,45.9763961],[7.0298408,45.9788715],[7.0270096,45.9804938]]}},{"type":"Feature","id":314822117,"properties":{"kind":"run","name":"Ski touring route","subtype":"unknown","pisteType":"skitour","featured":false},"geometry":{"type":"LineString","coordinates":[[7.046317,45.965068],[7.044711,45.9668814],[7.0443676,45.9684772],[7.0452903,45.9699537],[7.0471357,45.9713407],[7.049775,45.9725636],[7.0529078,45.9740549]]}},{"type":"Feature","id":314822898,"properties":{"kind":"run","name":"Ski touring route","subtype":"unknown","pisteType":"skitour","featured":false},"geometry":{"type":"LineString","coordinates":[[7.0529078,45.9740549],[7.0490025,45.9758294],[7.047758,45.9767242],[7.0458697,45.9790206],[7.045977,45.980124],[7.0468138,45.9806608],[7.0476077,45.9811827],[7.048745,45.982793],[7.0486592,45.9842691],[7.047758,45.9857154],[7.0466636,45.9871616],[7.045698,45.9879667],[7.0447968,45.9878325],[7.0441531,45.9876983],[7.0431231,45.9880412],[7.0395182,45.9918429],[7.0385111,45.9928472]]}},{"type":"Feature","id":314822899,"properties":{"kind":"run","name":"Ski touring route","subtype":"unknown","pisteType":"skitour","featured":false},"geometry":{"type":"LineString","coordinates":[[7.0270096,45.9804938],[7.0269477,45.9806944],[7.0260465,45.9820065],[7.0257461,45.9825433],[7.0255744,45.9829161],[7.0255423,45.983177],[7.0255744,45.9833969],[7.026009,45.9842352],[7.0264066,45.9849807],[7.0267868,45.9856334],[7.0275056,45.9861403],[7.0286751,45.9863863],[7.0304775,45.9865802],[7.0311534,45.986733]]}},{"type":"Feature","id":314822900,"properties":{"kind":"run","name":"Ski touring route","subtype":"unknown","pisteType":"skitour","featured":false},"geometry":{"type":"LineString","coordinates":[[7.0256211,45.9830177],[7.0228754,45.9844377],[7.0207309,45.9853907]]}},{"type":"Feature","id":314823662,"properties":{"kind":"run","name":"Ski touring route","subtype":"unknown","pisteType":"skitour","featured":false},"geometry":{"type":"LineString","coordinates":[[7.0645895,45.9516238],[7.0620899,45.952333]]}},{"type":"Feature","id":314825387,"properties":{"kind":"run","name":"Ski touring route","subtype":"unknown","pisteType":"skitour","featured":false},"geometry":{"type":"LineString","coordinates":[[6.9841185,45.979133],[6.9861262,45.9818052],[6.9864051,45.984161],[6.9859974,45.9878437],[6.9860106,45.9887381],[6.9860189,45.9893048],[6.9866626,45.9898862],[6.9876818,45.9909],[6.9890551,45.9935983],[6.989338,45.9948914]]}},{"type":"Feature","id":314826253,"properties":{"kind":"run","name":"Ski touring route","subtype":"unknown","pisteType":"skitour","featured":false},"geometry":{"type":"LineString","coordinates":[[6.9841185,45.979133],[6.9850021,45.9795085],[6.9864124,45.979721],[6.9876087,45.9798962],[6.9889092,45.9805038]]}},{"type":"Feature","id":314829489,"properties":{"kind":"run","name":"Ski touring route","subtype":"unknown","pisteType":"skitour","featured":false},"geometry":{"type":"LineString","coordinates":[[6.9860106,45.9887381],[6.9846348,45.9892749],[6.9804935,45.9900204],[6.9775967,45.9900055],[6.9746141,45.9905571],[6.9702153,45.991064],[6.9686703,45.990736],[6.9672541,45.991213],[6.9661169,45.9923013],[6.965044,45.9931063],[6.9635205,45.9938368],[6.960216,45.9938368],[6.9581346,45.9936132],[6.9563322,45.9943138],[6.9539504,45.9944033],[6.9521479,45.994925],[6.9506888,45.99573],[6.9500665,45.9967139],[6.9488864,45.99813],[6.9448301,45.9977931],[6.940711,45.9980405],[6.9386296,45.9973996],[6.9380717,45.9971163],[6.9378398,45.9977196],[6.9370895,45.997761]]}},{"type":"Feature","id":314829490,"properties":{"kind":"run","name":"Ski touring route","subtype":"unknown","pisteType":"skitour","featured":false},"geometry":{"type":"LineString","coordinates":[[6.9889092,45.9805038],[6.9932443,45.9805949],[6.9978717,45.9807934],[6.9995129,45.9813942],[7.0004837,45.981948],[7.0025604,45.9837336],[7.0036594,45.9844126],[7.0046541,45.9847531],[7.0061153,45.9854985],[7.0073466,45.9864098],[7.0080079,45.987291],[7.0083931,45.9873811],[7.010217,45.9878134],[7.0111182,45.988216],[7.0116792,45.9884],[7.0118907,45.9884694],[7.0154955,45.9887676],[7.0180061,45.9891105],[7.0205166,45.9886483],[7.0252373,45.9891552],[7.0313957,45.9891403],[7.0369846,45.990494]]}},{"type":"Feature","id":314830759,"properties":{"kind":"run","name":"Ski touring route","subtype":"unknown","pisteType":"skitour","featured":false},"geometry":{"type":"LineString","coordinates":[[6.9889092,45.9805038],[6.9894719,45.9804856],[6.9907755,45.9802955],[6.9923472,45.9801949],[6.9939405,45.9798258],[6.9956195,45.9794344],[6.9975132,45.9789386],[6.9990045,45.9783123],[7.0004261,45.9781632],[7.0011234,45.9780327],[7.0026416,45.9775667],[7.0032853,45.9774698],[7.004621,45.9775518],[7.0061177,45.9775443],[7.0069653,45.9777009],[7.0084029,45.97807],[7.010259,45.9792182],[7.0115948,45.9802247],[7.0124424,45.9808845],[7.013188,45.9812945],[7.0136976,45.9819133],[7.0144111,45.9827781],[7.0150387,45.9843176],[7.0158756,45.9852122],[7.0159789,45.985284]]}},{"type":"Feature","id":314833978,"properties":{"kind":"run","name":"Ski touring route","subtype":"unknown","pisteType":"skitour","featured":false},"geometry":{"type":"LineString","coordinates":[[6.990762,45.9526312],[6.9913285,45.9528996],[6.9917336,45.9537222]]}},{"type":"Feature","id":314990897,"properties":{"kind":"run","name":"Ski touring route","subtype":"advanced","pisteType":"skitour","featured":false},"geometry":{"type":"LineString","coordinates":[[6.8495285,45.8423091],[6.850306,45.8413972],[6.8506307,45.8405755],[6.8513544,45.8395842]]}},{"type":"Feature","id":314992675,"properties":{"kind":"run","name":"Mont Blanc, Face Nord","subtype":"expert","pisteType":"skitour","featured":false},"geometry":{"type":"LineString","coordinates":[[6.8567612,45.8451942],[6.8557062,45.8431677],[6.8552234,45.8419271],[6.8548279,45.8411308],[6.855159,45.8401781],[6.8559979,45.839376],[6.857435,45.8383878],[6.8587407,45.8378857],[6.8600002,45.8376777],[6.8610062,45.8372705],[6.8621957,45.8373361],[6.863624,45.8370238],[6.8645038,45.8359698],[6.8622494,45.8344358],[6.8637407,45.8342938],[6.8634846,45.8330022],[6.8649115,45.8334283],[6.8651706,45.8327057]]}},{"type":"Feature","id":315155626,"properties":{"kind":"run","name":"Ski touring route","subtype":"unknown","pisteType":"skitour","featured":false},"geometry":{"type":"LineString","coordinates":[[7.0311534,45.986733],[7.0322692,45.9870051],[7.0344472,45.9879071],[7.036078,45.9892041],[7.0369846,45.990494],[7.0378804,45.9917684],[7.0384812,45.9927374],[7.0385111,45.9928472]]}},{"type":"Feature","id":319297894,"properties":{"kind":"lift","name":"Jardin d'enfants","subtype":"magic_carpet","status":"active"},"geometry":{"type":"LineString","coordinates":[[6.8793098,45.924151],[6.8796833,45.9243557]]}},{"type":"Feature","id":319927883,"properties":{"kind":"run","name":"Marmottons","subtype":"easy","pisteType":"downhill","featured":false},"geometry":{"type":"LineString","coordinates":[[6.9393324,45.9605549],[6.9393374,45.9607157],[6.9393774,45.9608486],[6.9394862,45.9609755],[6.9397701,45.9612221],[6.9401016,45.9614352],[6.9403479,45.9616047],[6.9405228,45.9616911],[6.9407227,45.9617475],[6.9407948,45.9617926],[6.9408353,45.9618647],[6.9408463,45.9619494],[6.9408073,45.9620168],[6.9407208,45.9620781],[6.9405498,45.9621],[6.9402661,45.9621665],[6.9400095,45.9622445],[6.9398464,45.9623955],[6.9397396,45.962596],[6.9397432,45.9628596]]}},{"type":"Feature","id":319927884,"properties":{"kind":"run","name":"Arolles","subtype":"easy","pisteType":"downhill","featured":false},"geometry":{"type":"LineString","coordinates":[[6.9374624,45.9606951],[6.9370218,45.960702],[6.9367529,45.9607285],[6.9365796,45.9607689],[6.9363643,45.9608446],[6.9361393,45.960939],[6.9359661,45.9609363],[6.9354567,45.9609038],[6.9351593,45.9608452]]}},{"type":"Feature","id":319928657,"properties":{"kind":"lift","name":"Jardin d'Enfants","subtype":"platter","status":"active"},"geometry":{"type":"LineString","coordinates":[[6.9284628,45.979424],[6.9296146,45.9794187]]}},{"type":"Feature","id":320042767,"properties":{"kind":"run","name":"Retour Planpraz","subtype":"novice","pisteType":"downhill","featured":false},"geometry":{"type":"LineString","coordinates":[[6.853335,45.9362351],[6.8534004,45.9361878],[6.8534484,45.936153],[6.8535556,45.9360874],[6.8536165,45.9360488],[6.8536591,45.9360155],[6.8536652,45.9359832],[6.8536614,45.9359611],[6.8536238,45.9359245],[6.853584,45.9359036],[6.8535757,45.935888],[6.8536325,45.9355513],[6.8538115,45.9355164]]}},{"type":"Feature","id":320042774,"properties":{"kind":"run","name":"Sources","subtype":"easy","pisteType":"downhill","featured":false},"geometry":{"type":"LineString","coordinates":[[6.8633082,45.9476571],[6.8634221,45.9477514],[6.8635328,45.9478221],[6.8635707,45.9478463],[6.8636542,45.9479896],[6.8636943,45.948125],[6.8637324,45.9481731],[6.8637706,45.9481792],[6.8638043,45.9481708],[6.8638392,45.9481277],[6.863879,45.948042],[6.8639246,45.9480132],[6.8639665,45.9480067],[6.8639969,45.948002],[6.8641795,45.9480103],[6.8643374,45.948025],[6.8644341,45.9480369],[6.8644948,45.9480442],[6.864557,45.9480345],[6.8646377,45.9479623],[6.8646779,45.9478876],[6.8647042,45.9478388],[6.8647967,45.9475823],[6.8647905,45.947513],[6.8647881,45.9474861],[6.8647557,45.9473899],[6.8646894,45.947294],[6.8646429,45.9472412],[6.8645293,45.9471122],[6.8643104,45.9469568],[6.8641713,45.9469013],[6.864118,45.94688],[6.8638303,45.9467939],[6.8636593,45.9467258],[6.8631559,45.9464889],[6.8630814,45.9464806],[6.8629306,45.9464639],[6.8624435,45.9465063]]}},{"type":"Feature","id":320042783,"properties":{"kind":"run","name":"Mapped ski run","subtype":"novice","pisteType":"downhill","featured":false},"geometry":{"type":"LineString","coordinates":[[6.8660198,45.9260849],[6.8659809,45.9260685],[6.8659809,45.9260475],[6.8660191,45.9260309],[6.8665654,45.9260146]]}},{"type":"Feature","id":320042784,"properties":{"kind":"run","name":"Savoy","subtype":"novice","pisteType":"downhill","featured":false},"geometry":{"type":"LineString","coordinates":[[6.8672592,45.926352],[6.867472,45.9263186]]}},{"type":"Feature","id":320180805,"properties":{"kind":"run","name":"Marmottons","subtype":"easy","pisteType":"downhill","featured":false},"geometry":{"type":"LineString","coordinates":[[6.9436229,45.967758],[6.9435651,45.9678781],[6.9435516,45.9681462]]}},{"type":"Feature","id":320180806,"properties":{"kind":"run","name":"Bochard","subtype":"intermediate","pisteType":"downhill","featured":false},"geometry":{"type":"LineString","coordinates":[[6.9435516,45.9681462],[6.9433656,45.9681833],[6.9432837,45.9681845],[6.94322,45.9681681],[6.9431236,45.9681365],[6.9430774,45.9681132],[6.9430255,45.9680829],[6.9429843,45.9680547],[6.9429322,45.968025],[6.9429426,45.967907]]}},{"type":"Feature","id":320180810,"properties":{"kind":"run","name":"Mapped ski run","subtype":"easy","pisteType":"downhill","featured":false},"geometry":{"type":"LineString","coordinates":[[6.9435516,45.9681462],[6.9437486,45.9681927],[6.9439178,45.9681939],[6.9440845,45.9681652],[6.9442462,45.9681267],[6.9443942,45.968092],[6.9445075,45.96804]]}},{"type":"Feature","id":320253381,"properties":{"kind":"run","name":"Retour Flégère","subtype":"easy","pisteType":"downhill","featured":false},"geometry":{"type":"LineString","coordinates":[[6.8831067,45.9610539],[6.883111,45.9611097],[6.8830707,45.9612023],[6.8830483,45.96126],[6.8830735,45.9613313],[6.8831523,45.9613914],[6.8838297,45.9614111],[6.8840084,45.9614085]]}},{"type":"Feature","id":320385825,"properties":{"kind":"run","name":"Samaran","subtype":"novice","pisteType":"downhill","featured":false},"geometry":{"type":"LineString","coordinates":[[6.8660198,45.9260849],[6.8661561,45.9262024],[6.8666859,45.9263727],[6.8671815,45.9264998],[6.8675068,45.926558],[6.8676189,45.9265243]]}},{"type":"Feature","id":322782738,"properties":{"kind":"lift","name":"Skyway Monte Bianco","subtype":"cable_car","status":"active"},"geometry":{"type":"LineString","coordinates":[[6.9497855,45.8292632],[6.9402051,45.8381508],[6.9336818,45.8441167],[6.9319122,45.84579]]}},{"type":"Feature","id":322900596,"properties":{"kind":"run","name":"Vormaine 3","subtype":"easy","pisteType":"downhill","featured":false},"geometry":{"type":"LineString","coordinates":[[6.9556441,46.005388],[6.9556599,46.0052652],[6.955573,46.0049767],[6.955366,46.0048046]]}},{"type":"Feature","id":322900597,"properties":{"kind":"run","name":"Vormaine 3","subtype":"easy","pisteType":"downhill","featured":false},"geometry":{"type":"LineString","coordinates":[[6.9557596,46.0055405],[6.9556739,46.0055294],[6.9554352,46.0054397],[6.9554122,46.0053119],[6.9553128,46.0051094],[6.9555508,46.0051085],[6.955927,46.0049545],[6.9559624,46.0052202],[6.9558661,46.0055095],[6.9558292,46.0055334],[6.9557596,46.0055405]]}},{"type":"Feature","id":323978919,"properties":{"kind":"run","name":"Federica Brignone (ex Aretù)","subtype":"intermediate","pisteType":"downhill","featured":false},"geometry":{"type":"LineString","coordinates":[[6.9217415,45.7823562],[6.9219063,45.7826412],[6.9220154,45.7830478],[6.9221041,45.7831943],[6.9221903,45.783338],[6.9222336,45.7834098],[6.92259,45.7836357],[6.9233158,45.7839483],[6.9236435,45.7841064],[6.9245013,45.7845201],[6.9264126,45.7857346],[6.9273818,45.7864593],[6.9275971,45.7865863],[6.9277115,45.7866355],[6.9280725,45.7869431],[6.9293561,45.7876248],[6.9303595,45.7882178],[6.9307035,45.7884744],[6.9311192,45.7888042],[6.9315397,45.7890042],[6.9317786,45.7892007],[6.9318359,45.7894406],[6.9318025,45.7896458],[6.9314852,45.7901416],[6.9313705,45.7903682],[6.9313629,45.7905521],[6.9314393,45.7906214],[6.9315999,45.790632],[6.9319787,45.7905047],[6.9324174,45.7902295],[6.9328562,45.7899867],[6.9330121,45.7898287],[6.9331288,45.789709],[6.9331851,45.7896203],[6.9332665,45.789492],[6.9332576,45.7893678],[6.9332998,45.7893587],[6.9333499,45.7891966],[6.9334796,45.7890485],[6.9336979,45.7889128],[6.9340297,45.7887867],[6.934503,45.788623],[6.9349065,45.7886257],[6.9355065,45.7887047],[6.9356044,45.7888392],[6.9357889,45.789198],[6.9358332,45.7894434],[6.9359925,45.7895915],[6.9360491,45.7896798],[6.9360433,45.7897566],[6.9360066,45.7897903],[6.9359679,45.7897862],[6.9359602,45.789731],[6.9359274,45.7896366],[6.9357843,45.7895706],[6.9357642,45.7894854]]}},{"type":"Feature","id":323978921,"properties":{"kind":"run","name":"Mapped ski run","subtype":"intermediate","pisteType":"downhill","featured":false},"geometry":{"type":"LineString","coordinates":[[6.92116,45.7821455],[6.9212662,45.7821064]]}},{"type":"Feature","id":323978922,"properties":{"kind":"run","name":"Pra Neyron","subtype":"easy","pisteType":"downhill","featured":false},"geometry":{"type":"LineString","coordinates":[[6.9407725,45.7902376],[6.9409668,45.79036],[6.9412184,45.7904222],[6.9415817,45.7906405],[6.9421073,45.7908373],[6.9423702,45.7908992],[6.9428339,45.7911148],[6.9429731,45.7912496],[6.9431431,45.7914113],[6.9432155,45.7914877],[6.943263,45.7915379],[6.9435064,45.7916727],[6.9437508,45.7916871],[6.9441266,45.7916326],[6.9442717,45.791621],[6.9448828,45.7915723],[6.9456338,45.7915976],[6.9462775,45.7916378],[6.9464143,45.791664],[6.9465495,45.7916838],[6.946602,45.791679]]}},{"type":"Feature","id":323978923,"properties":{"kind":"run","name":"Pra Neyron","subtype":"easy","pisteType":"downhill","featured":false},"geometry":{"type":"LineString","coordinates":[[6.946602,45.791679],[6.9466758,45.7916331],[6.9467428,45.7915724],[6.9467683,45.7915578],[6.9468112,45.7915331],[6.9469507,45.7914657],[6.9471546,45.7914283],[6.9472554,45.7913924],[6.9473369,45.7913517],[6.9473919,45.7913049]]}},{"type":"Feature","id":325230927,"properties":{"kind":"run","name":"Mapped ski run","subtype":"advanced","pisteType":"downhill","featured":false},"geometry":{"type":"LineString","coordinates":[[6.9280619,45.7893066],[6.9281095,45.7893819],[6.9281694,45.7894765],[6.9282944,45.7895595]]}},{"type":"Feature","id":325447237,"properties":{"kind":"run","name":"Grépon","subtype":"novice","pisteType":"downhill","featured":false},"geometry":{"type":"LineString","coordinates":[[6.8798557,45.9240726],[6.8797215,45.9239709],[6.8796388,45.9238411],[6.8793807,45.9236734]]}},{"type":"Feature","id":325447238,"properties":{"kind":"run","name":"Blatière","subtype":"novice","pisteType":"downhill","featured":false},"geometry":{"type":"LineString","coordinates":[[6.8797212,45.9236616],[6.8794547,45.9237761],[6.8793027,45.9238893],[6.8792181,45.9239673]]}},{"type":"Feature","id":325447239,"properties":{"kind":"run","name":"Planards","subtype":"easy","pisteType":"downhill","featured":false},"geometry":{"type":"LineString","coordinates":[[6.8826223,45.9253531],[6.8824795,45.9252211],[6.8823658,45.9250004]]}},{"type":"Feature","id":325447240,"properties":{"kind":"run","name":"Liaison","subtype":"novice","pisteType":"downhill","featured":false},"geometry":{"type":"LineString","coordinates":[[6.8805344,45.9250121],[6.880494,45.9249305],[6.8805097,45.9247915],[6.8806601,45.9245555],[6.880723,45.9244482]]}},{"type":"Feature","id":325489432,"properties":{"kind":"run","name":"Liaison","subtype":"easy","pisteType":"downhill","featured":false},"geometry":{"type":"LineString","coordinates":[[6.9705779,46.0205589],[6.9706771,46.0206034],[6.970753,46.0206395]]}},{"type":"Feature","id":325489434,"properties":{"kind":"run","name":"Mapped ski run","subtype":"intermediate","pisteType":"downhill","featured":false},"geometry":{"type":"LineString","coordinates":[[6.9578134,46.0154887],[6.9576017,46.0154476],[6.9574161,46.0154412],[6.9572801,46.0155164]]}},{"type":"Feature","id":325489435,"properties":{"kind":"run","name":"Mapped ski run","subtype":"easy","pisteType":"downhill","featured":false},"geometry":{"type":"LineString","coordinates":[[6.9570229,46.0158683],[6.9570632,46.0157331],[6.9571221,46.0158506],[6.95723,46.0158161],[6.9571451,46.0155827],[6.9572801,46.0155164]]}},{"type":"Feature","id":325489439,"properties":{"kind":"run","name":"Le Col","subtype":"easy","pisteType":"downhill","featured":false},"geometry":{"type":"LineString","coordinates":[[6.9591973,46.0194893],[6.959032,46.0194642],[6.9589338,46.0194817],[6.958815,46.0195822]]}},{"type":"Feature","id":325489440,"properties":{"kind":"run","name":"Alpages","subtype":"easy","pisteType":"downhill","featured":false},"geometry":{"type":"LineString","coordinates":[[6.9526868,46.0219468],[6.9525565,46.0218582],[6.9525565,46.0216309],[6.9525795,46.0215673]]}},{"type":"Feature","id":325709725,"properties":{"kind":"run","name":"La Pierre à Ric","subtype":"intermediate","pisteType":"downhill","featured":false},"geometry":{"type":"LineString","coordinates":[[6.9279048,45.9786712],[6.9276402,45.978715],[6.9274738,45.9787458],[6.9272512,45.9787167],[6.9267607,45.9783804]]}},{"type":"Feature","id":327837546,"properties":{"kind":"run","name":"Evettes","subtype":"easy","pisteType":"downhill","featured":false},"geometry":{"type":"LineString","coordinates":[[6.8810135,45.9559367],[6.8811293,45.9560341]]}},{"type":"Feature","id":357474295,"properties":{"kind":"run","name":"Mapped ski run","subtype":"intermediate","pisteType":"nordic","featured":false},"geometry":{"type":"LineString","coordinates":[[6.9033287,45.9469275],[6.9035339,45.946989],[6.903668,45.9470217],[6.9037767,45.9470804],[6.9038504,45.9471429],[6.9039403,45.9471923],[6.9040368,45.9472259],[6.9041361,45.9472529],[6.9042407,45.9473061],[6.9043869,45.9473835],[6.9044888,45.9474348],[6.9045652,45.9474478],[6.9046658,45.9474404],[6.904761,45.9474142],[6.9048361,45.9473853],[6.9048777,45.9473606]]}},{"type":"Feature","id":357794099,"properties":{"kind":"run","name":"Lachenal","subtype":"intermediate","pisteType":"downhill","featured":false},"geometry":{"type":"LineString","coordinates":[[6.8726379,45.9686512],[6.8724709,45.9686975],[6.8723212,45.9686894],[6.8721666,45.9686247],[6.8721262,45.9682973],[6.8722312,45.9673933],[6.8722814,45.967237],[6.8723563,45.9670039],[6.8726157,45.9665849],[6.8727966,45.9663282],[6.8728815,45.9662078],[6.8730365,45.9658253],[6.8729981,45.9654135],[6.8728465,45.9650117],[6.8725305,45.9646014],[6.8724513,45.9642711],[6.872535,45.9639826],[6.8727014,45.9634088],[6.8730766,45.9626717],[6.8735702,45.9620857],[6.8740274,45.9618371],[6.8743791,45.9616458],[6.8745188,45.9615704],[6.8747319,45.9614555],[6.8747375,45.9614526],[6.875037,45.9613079],[6.8752762,45.9610144],[6.8753321,45.9609459],[6.8756676,45.9604116],[6.8757777,45.9598344],[6.8759075,45.9593993],[6.875999,45.9590929],[6.8761755,45.9584367],[6.8762185,45.9582768],[6.8763838,45.9579045],[6.8765549,45.9575192],[6.8766415,45.9573482],[6.8768238,45.9569881],[6.8770948,45.9567603],[6.87775,45.9565865],[6.8781247,45.956514],[6.8782627,45.9564873],[6.8786304,45.9565482],[6.879003,45.9566995],[6.8794782,45.9568212],[6.8798589,45.9568049],[6.8798834,45.9568038],[6.8799187,45.9567927],[6.8802115,45.956701]]}},{"type":"Feature","id":357794100,"properties":{"kind":"run","name":"Pylônes","subtype":"intermediate","pisteType":"downhill","featured":false},"geometry":{"type":"LineString","coordinates":[[6.8727022,45.9686073],[6.8726777,45.968658],[6.8727063,45.968688],[6.8727932,45.9687017],[6.8729141,45.9687125],[6.8732345,45.9687351],[6.8735566,45.9687232],[6.8737915,45.9687304],[6.8741365,45.9687971],[6.8742051,45.9687667],[6.874372,45.9686024],[6.8744721,45.9684303],[6.8745918,45.9681982],[6.8748477,45.9679797],[6.8751364,45.9676947],[6.875343,45.9676225],[6.8755377,45.9674904],[6.875638,45.9673528],[6.8757132,45.9672243],[6.8758359,45.9669839],[6.8758682,45.9667934],[6.8758905,45.9664504],[6.8760211,45.966358],[6.8762959,45.9659622],[6.8765668,45.9657065],[6.8767662,45.9655992],[6.8769318,45.9655745],[6.8774191,45.9656141],[6.8777337,45.9656133],[6.8780022,45.9656236],[6.8782149,45.9656573],[6.8784161,45.9657223],[6.8787392,45.9658793],[6.8791495,45.9660714],[6.8793262,45.966105],[6.879501,45.9660843],[6.8796226,45.9660302],[6.8797317,45.965936],[6.8797985,45.9658262],[6.8798022,45.9656521],[6.8797983,45.9655077],[6.8797481,45.9653501],[6.8793954,45.9647665],[6.8793072,45.9645901],[6.8792482,45.9644711],[6.8792415,45.9644189],[6.8792559,45.9643935],[6.8792918,45.9643864],[6.8793802,45.9644038],[6.8795595,45.9644701],[6.880095,45.9647099],[6.8802564,45.9646586],[6.8806774,45.9643975],[6.8812085,45.9641062],[6.8814401,45.9639911],[6.8816566,45.9638396],[6.8818209,45.9636523],[6.8819338,45.9634564],[6.8820768,45.9633161],[6.8822728,45.9631914],[6.8829639,45.9627339],[6.8837074,45.9621062],[6.8844153,45.9615924],[6.8846891,45.9613589],[6.8848997,45.961224],[6.8851791,45.9610429],[6.8852959,45.960981],[6.8854633,45.9608579],[6.8858241,45.9605676],[6.8858888,45.9604937],[6.8859605,45.9603485],[6.8855957,45.9600514]]}},{"type":"Feature","id":363905492,"properties":{"kind":"run","name":"Fontaines","subtype":"intermediate","pisteType":"downhill","featured":false},"geometry":{"type":"LineString","coordinates":[[6.7446228,45.8814262],[6.7441084,45.8813716],[6.7438285,45.881327],[6.7433826,45.8812255],[6.7430794,45.8811728],[6.7427034,45.8810774],[6.7421642,45.8808765],[6.7412493,45.8808906],[6.7409822,45.8809086],[6.7407842,45.8809679],[6.7406474,45.8810457],[6.7403922,45.881139],[6.7401782,45.8811337],[6.7400728,45.8810736],[6.7396183,45.880683],[6.739123,45.8803608],[6.7389268,45.8800566],[6.7387873,45.8797522],[6.7384894,45.878998],[6.7384386,45.8780842],[6.7382991,45.8780007],[6.7381409,45.8779652],[6.7378856,45.8780128],[6.7358831,45.8789239],[6.7349502,45.8797371],[6.7347935,45.880008],[6.7346862,45.8802657],[6.7345065,45.8808231],[6.734257,45.8809659],[6.7339077,45.8810169],[6.7329363,45.8811642]]}},{"type":"Feature","id":364907824,"properties":{"kind":"run","name":"Mapped ski run","subtype":"easy","pisteType":"nordic","featured":false},"geometry":{"type":"LineString","coordinates":[[6.9245463,46.0238733],[6.9245659,46.023915],[6.9245852,46.0239829]]}},{"type":"Feature","id":368441883,"properties":{"kind":"run","name":"Pra Neyron","subtype":"easy","pisteType":"downhill","featured":false},"geometry":{"type":"LineString","coordinates":[[6.9474924,45.7915117],[6.947434,45.7913924],[6.9473919,45.7913049],[6.9472994,45.7912049],[6.9470298,45.7910449],[6.9464677,45.7908633],[6.9462505,45.7907665],[6.9462042,45.7907884],[6.9461276,45.7908181]]}},{"type":"Feature","id":368441884,"properties":{"kind":"run","name":"Pra Neyron","subtype":"easy","pisteType":"downhill","featured":false},"geometry":{"type":"LineString","coordinates":[[6.9450765,45.7910657],[6.9451297,45.7910474],[6.9451511,45.7910207],[6.9451656,45.7910027],[6.9451785,45.7909616],[6.9452138,45.790911],[6.945266,45.7908986],[6.9452977,45.790891],[6.9454196,45.7908976],[6.9455871,45.7909003],[6.9457942,45.790899],[6.9459754,45.7908349],[6.9461276,45.7908181],[6.9461692,45.7908441],[6.9462081,45.7909264]]}},{"type":"Feature","id":368441888,"properties":{"kind":"run","name":"Chiecco","subtype":"easy","pisteType":"downhill","featured":false},"geometry":{"type":"LineString","coordinates":[[6.9418246,45.7883902],[6.9418916,45.7884735],[6.9419818,45.7885856],[6.9424811,45.7888731],[6.9430977,45.7891527],[6.9437181,45.7893822],[6.9441834,45.7895457],[6.9444179,45.7894798],[6.944747,45.7893373],[6.9448868,45.7893108],[6.944712,45.78969],[6.944624,45.7898159],[6.9443636,45.7900363],[6.9442916,45.7900115],[6.9442258,45.7899631],[6.9440387,45.7899221],[6.9437955,45.7899099],[6.9433822,45.7899228],[6.9432625,45.7899688],[6.943257,45.7900264],[6.9432925,45.790089],[6.9430048,45.7901255],[6.9429036,45.7900199],[6.9427498,45.7900316],[6.942501,45.7899532],[6.9422732,45.7899157],[6.941925,45.7898135],[6.9410659,45.7896498],[6.9413804,45.7890561],[6.9416548,45.7885382],[6.9418246,45.7883902]]}},{"type":"Feature","id":368441889,"properties":{"kind":"run","name":"Pra Neyron","subtype":"easy","pisteType":"downhill","featured":false},"geometry":{"type":"LineString","coordinates":[[6.9389982,45.7955363],[6.938696,45.7955298],[6.9385683,45.795424],[6.9383072,45.7953097],[6.9380593,45.7951135],[6.9377345,45.7948676],[6.9376092,45.7944985],[6.9378032,45.7941237],[6.9379486,45.7939462],[6.937937,45.7938436],[6.9379695,45.7938314],[6.9379295,45.7937769],[6.9379128,45.7936277],[6.9379001,45.7935151],[6.9377761,45.7933928],[6.9377256,45.793343],[6.9374602,45.7932555],[6.937436,45.7929505],[6.9375505,45.7926862],[6.9375726,45.7926486],[6.9378407,45.7921924],[6.9381759,45.791884],[6.9387407,45.7917259],[6.9392458,45.7917428],[6.9395472,45.7916863],[6.9396167,45.7914545],[6.9396565,45.7911798],[6.9396566,45.7909401],[6.9399962,45.7908251],[6.9404727,45.7908087],[6.9403366,45.7912983],[6.9402659,45.7917252],[6.9400413,45.7919625],[6.9397546,45.7920205],[6.9392583,45.7922198],[6.9392428,45.7922784],[6.9388285,45.7923124],[6.9383141,45.7925854],[6.9382337,45.7928024],[6.9382038,45.7928929],[6.938298,45.7931194],[6.9383466,45.7932361],[6.9384556,45.7934256],[6.93855,45.7934852],[6.9386347,45.7935467],[6.9388675,45.7936927],[6.9387683,45.7939245],[6.9385302,45.7940318],[6.9384372,45.7941182],[6.9385599,45.7942635],[6.9385818,45.7944377],[6.9385947,45.7945403],[6.9385689,45.7948231],[6.9385443,45.7949615],[6.9386592,45.7951837],[6.9388229,45.7953324],[6.9389982,45.7955363]]}},{"type":"Feature","id":368485197,"properties":{"kind":"run","name":"Table d'orientation","subtype":"intermediate","pisteType":"downhill","featured":false},"geometry":{"type":"LineString","coordinates":[[6.7519299,45.8852434],[6.752114,45.8853869],[6.7527104,45.8855653],[6.7530329,45.8856083],[6.7533819,45.8856668],[6.7537756,45.8857013]]}},{"type":"Feature","id":368488115,"properties":{"kind":"run","name":"Grands Bois","subtype":"intermediate","pisteType":"downhill","featured":false},"geometry":{"type":"LineString","coordinates":[[6.7788949,45.8737929],[6.7787978,45.8737832],[6.7786853,45.8737918],[6.7782133,45.8738819],[6.7777051,45.8740375]]}},{"type":"Feature","id":368488116,"properties":{"kind":"run","name":"Stade","subtype":"intermediate","pisteType":"downhill","featured":false},"geometry":{"type":"LineString","coordinates":[[6.7761164,45.8737044],[6.7756687,45.8738599],[6.7753612,45.8740472],[6.7752459,45.8742345],[6.7751818,45.8743706],[6.775115,45.8748124]]}},{"type":"Feature","id":368488117,"properties":{"kind":"run","name":"Schuss des Dames","subtype":"advanced","pisteType":"downhill","featured":false},"geometry":{"type":"LineString","coordinates":[[6.7658613,45.8786674],[6.7657504,45.8788516],[6.7656324,45.8791316],[6.7655072,45.879433]]}},{"type":"Feature","id":368583560,"properties":{"kind":"run","name":"Les Aillouds Supérieur Col de Voza","subtype":"easy","pisteType":"downhill","featured":false},"geometry":{"type":"LineString","coordinates":[[6.7532962,45.8803101],[6.7534411,45.8799789],[6.7536927,45.879447],[6.7543449,45.8790254],[6.7556399,45.8786233],[6.7571958,45.8782536],[6.7583976,45.8779942],[6.7590777,45.8779293],[6.7598044,45.8779747],[6.7600285,45.8780426],[6.7603821,45.8781498],[6.7609327,45.8784075]]}},{"type":"Feature","id":368583561,"properties":{"kind":"run","name":"Les Aillouds Intermédiaire La Carbotte","subtype":"easy","pisteType":"downhill","featured":false},"geometry":{"type":"LineString","coordinates":[[6.7630105,45.8842074],[6.7630435,45.8841423],[6.7631546,45.8839862],[6.7633667,45.8838409],[6.7636933,45.8838409],[6.76388,45.8839392],[6.7640172,45.8841091],[6.7641394,45.884214],[6.76459,45.8850387]]}},{"type":"Feature","id":368583562,"properties":{"kind":"run","name":"Les Aillouds Supérieur Col de Voza","subtype":"easy","pisteType":"downhill","featured":false},"geometry":{"type":"LineString","coordinates":[[6.7616442,45.8840682],[6.7618093,45.8840998],[6.7621094,45.8840899],[6.7622004,45.8840965],[6.7625593,45.8841225]]}},{"type":"Feature","id":368583563,"properties":{"kind":"run","name":"Mapped ski run","subtype":"easy","pisteType":"downhill","featured":false},"geometry":{"type":"LineString","coordinates":[[6.7626828,45.8839775],[6.7626236,45.8839817],[6.7625807,45.8839945],[6.7625593,45.8841225]]}},{"type":"Feature","id":368583564,"properties":{"kind":"run","name":"Fontaines","subtype":"intermediate","pisteType":"downhill","featured":false},"geometry":{"type":"LineString","coordinates":[[6.7427034,45.8810774],[6.7425971,45.8808399]]}},{"type":"Feature","id":368583565,"properties":{"kind":"run","name":"Mapped ski run","subtype":"novice","pisteType":"downhill","featured":false},"geometry":{"type":"LineString","coordinates":[[6.749594,45.8866718],[6.7495946,45.8866852],[6.7496103,45.8866982],[6.7496365,45.8867043],[6.7496932,45.8867022],[6.7497589,45.8866835],[6.7498306,45.8866392],[6.7500257,45.8864394],[6.7500713,45.8863657],[6.7500901,45.8863069],[6.7500807,45.8862611],[6.7500606,45.8862219],[6.7500209,45.8861971]]}},{"type":"Feature","id":368583566,"properties":{"kind":"run","name":"École","subtype":"novice","pisteType":"downhill","featured":false},"geometry":{"type":"LineString","coordinates":[[6.7525119,45.8859102],[6.7521317,45.8859569],[6.7516794,45.8861077],[6.7510869,45.886356],[6.7509373,45.8864359]]}},{"type":"Feature","id":368583567,"properties":{"kind":"run","name":"Les Aillouds Supérieur Col de Voza","subtype":"easy","pisteType":"downhill","featured":false},"geometry":{"type":"LineString","coordinates":[[6.7503651,45.8812301],[6.7502733,45.8812075],[6.74997,45.8812518],[6.750005,45.8814629],[6.7500487,45.8816536],[6.749914,45.8818942],[6.7496068,45.8821315],[6.7496957,45.8824508],[6.749698,45.8824591],[6.7499188,45.8828234],[6.7504793,45.8832829],[6.7505076,45.88357],[6.7505521,45.8837304],[6.7507219,45.8839302],[6.7509847,45.8840822],[6.7511383,45.884268],[6.7516154,45.8846001],[6.751754,45.8848126]]}},{"type":"Feature","id":368583568,"properties":{"kind":"run","name":"Abbaye","subtype":"easy","pisteType":"downhill","featured":false},"geometry":{"type":"LineString","coordinates":[[6.7500615,45.8808112],[6.7501576,45.8808075],[6.7501639,45.8808526],[6.7500137,45.8810611],[6.74997,45.8812518],[6.7498388,45.8813228],[6.7496668,45.8813573],[6.7493025,45.8814527],[6.7488708,45.8814688],[6.7485526,45.8814209],[6.7479328,45.881275],[6.7467393,45.8811792],[6.745128,45.8812388],[6.7446228,45.8814262],[6.7443087,45.8815427],[6.7434566,45.8819325],[6.7434206,45.8824439],[6.7428189,45.8830406],[6.7407463,45.8837635],[6.7399972,45.8838098],[6.7390966,45.8840808],[6.738822,45.8843603],[6.7387685,45.8845126],[6.7387557,45.8846617],[6.7387999,45.8848985],[6.7389318,45.8853886],[6.7389184,45.8856698],[6.7388472,45.8861693],[6.7385481,45.8868883],[6.7379821,45.8875038],[6.7374355,45.8880852],[6.7371833,45.8881113],[6.7369555,45.8880354],[6.7366829,45.887738],[6.7363971,45.8874203],[6.736138,45.887219],[6.735583,45.8862656],[6.7353553,45.8857818],[6.7353246,45.8853202]]}},{"type":"Feature","id":368583569,"properties":{"kind":"run","name":"Les Aillouds Supérieur Col de Voza","subtype":"easy","pisteType":"downhill","featured":false},"geometry":{"type":"LineString","coordinates":[[6.7499188,45.8828234],[6.7501157,45.8831376],[6.7502549,45.8833983],[6.7503174,45.8836623],[6.7503363,45.8838262],[6.7503678,45.8840988]]}},{"type":"Feature","id":368583570,"properties":{"kind":"run","name":"Les Aillouds Supérieur Col de Voza","subtype":"easy","pisteType":"downhill","featured":false},"geometry":{"type":"LineString","coordinates":[[6.7517422,45.8845508],[6.7517186,45.8840245],[6.7518407,45.8836984],[6.751911,45.8834671],[6.7519841,45.8833937],[6.7520683,45.8831207],[6.7523153,45.8824311],[6.7524553,45.8821099],[6.7524747,45.8820291],[6.7529306,45.8815304],[6.7529135,45.8813008],[6.7530349,45.8809228],[6.7531497,45.8806537],[6.7532962,45.8803101],[6.7540482,45.8799758],[6.7547623,45.8797998],[6.7553943,45.879659],[6.7565507,45.8794787],[6.7574481,45.8793863],[6.7585792,45.8792235],[6.7596346,45.8790959],[6.7600855,45.8790388],[6.7602602,45.8790167],[6.7608226,45.8789815],[6.7612081,45.8790827],[6.7614015,45.8794893],[6.7613024,45.8796313],[6.7612427,45.8797914],[6.761155,45.8800927],[6.761047,45.8802844],[6.7608767,45.8805283],[6.7608429,45.8806033],[6.7606776,45.8810505],[6.7605896,45.88112],[6.7604461,45.8811812],[6.7601311,45.881359],[6.760025,45.8814916],[6.7599955,45.8815457],[6.7600409,45.8816473],[6.7602628,45.8818959],[6.7605505,45.8821477],[6.760864,45.8825647],[6.7609421,45.8830813],[6.7610569,45.8834247],[6.7611197,45.88352],[6.7612363,45.8836969],[6.7614084,45.8838162],[6.761814,45.8840141],[6.7618093,45.8840998],[6.7616442,45.8840682]]}},{"type":"Feature","id":368584677,"properties":{"kind":"run","name":"Les Aillouds Intermédiaire La Carbotte","subtype":"easy","pisteType":"downhill","featured":false},"geometry":{"type":"LineString","coordinates":[[6.7633558,45.8843659],[6.7636233,45.8845652],[6.7640468,45.8848059],[6.7643168,45.8849054],[6.76459,45.8850387],[6.764673,45.8852594],[6.7652572,45.885982],[6.7664224,45.8863453],[6.7680768,45.8862236],[6.7686872,45.8858867],[6.7689388,45.885547],[6.7691786,45.8852198],[6.7704961,45.8849353],[6.7708256,45.884907],[6.7711747,45.8849487],[6.7723822,45.885293],[6.7733564,45.8852964],[6.7739003,45.8855269],[6.7745114,45.8861235],[6.7750274,45.8867916],[6.7750398,45.8868076],[6.7750392,45.8868313],[6.7750796,45.8870939],[6.775213,45.8871638],[6.7753887,45.8872152],[6.7755322,45.8872451],[6.7756569,45.8872525],[6.7757589,45.88726],[6.7758648,45.8873067],[6.7759547,45.8873841],[6.776171,45.887524],[6.7762564,45.8875391],[6.7763655,45.8875235],[6.7765783,45.8874177],[6.776695,45.8873888],[6.7767821,45.8873925],[6.7769196,45.8874116]]}},{"type":"Feature","id":368611366,"properties":{"kind":"run","name":"Retour Planpraz Verte","subtype":"novice","pisteType":"downhill","featured":false},"geometry":{"type":"LineString","coordinates":[[6.8529952,45.9368311],[6.8528781,45.9367961],[6.8527754,45.9367822],[6.8525991,45.9367824],[6.8523443,45.9368615],[6.8518687,45.9370148],[6.8516401,45.9370837],[6.8515274,45.9370871],[6.8514602,45.9370604],[6.8514062,45.9370355],[6.8513468,45.9369871]]}},{"type":"Feature","id":368611368,"properties":{"kind":"run","name":"Verte 2000","subtype":"novice","pisteType":"downhill","featured":false},"geometry":{"type":"LineString","coordinates":[[6.8518687,45.9370148],[6.8516467,45.937193],[6.8515823,45.9372944],[6.8515536,45.9374569],[6.8515884,45.9376424],[6.8516485,45.9377736],[6.8517257,45.9379013],[6.8517689,45.9381057],[6.8517084,45.9384302],[6.8517109,45.9384724],[6.8517066,45.9385089],[6.8516944,45.9385998],[6.8517279,45.9387105],[6.8517618,45.9388714],[6.85177,45.9389342]]}},{"type":"Feature","id":369220785,"properties":{"kind":"run","name":"Les Praz","subtype":"advanced","pisteType":"downhill","featured":false},"geometry":{"type":"LineString","coordinates":[[6.881361,45.955819],[6.8814668,45.9557804],[6.8815471,45.9557598],[6.8816124,45.9557545],[6.8816965,45.9557518],[6.8817689,45.9557316],[6.8818348,45.9557082],[6.8820725,45.9555742],[6.8820986,45.9555617],[6.8822656,45.9554403],[6.8822989,45.9553907],[6.8822945,45.9553425],[6.8822391,45.9552995],[6.8820126,45.9552057],[6.8819263,45.9551601],[6.8818433,45.9551107],[6.8817278,45.9550201],[6.8816072,45.9549283],[6.8815555,45.9548543],[6.8815376,45.9547524],[6.8815242,45.9546255],[6.8815346,45.9545449],[6.8815722,45.9545038],[6.8816186,45.9544779],[6.8816781,45.9544681],[6.8817511,45.9544725],[6.8818329,45.9545078],[6.8819109,45.9545377],[6.8820076,45.9545618],[6.8821942,45.9545846],[6.8827197,45.954699],[6.8829072,45.954747],[6.8830355,45.9547893],[6.8831125,45.9547975],[6.8831655,45.9547872],[6.883188,45.954763],[6.8831682,45.9547295],[6.8828201,45.9544093],[6.8826596,45.954278],[6.8825567,45.9541938],[6.8825273,45.9541546],[6.8825309,45.9541174],[6.8825683,45.9540978],[6.8826329,45.9540969],[6.8827129,45.9541147],[6.8828218,45.9541495],[6.8831379,45.9542418],[6.8837499,45.9543962],[6.8839411,45.954442],[6.8840279,45.9544534],[6.8841001,45.954448],[6.8841635,45.9544337],[6.88421,45.9544057],[6.884219,45.9543745],[6.884195,45.9543372],[6.8841259,45.9542906],[6.8839814,45.9541578],[6.8838233,45.9540568],[6.8837903,45.9539975],[6.8838181,45.9539756],[6.8838563,45.9539638],[6.8840252,45.9539851],[6.8842755,45.9540233]]}},{"type":"Feature","id":369220789,"properties":{"kind":"run","name":"Évettes","subtype":"easy","pisteType":"downhill","featured":false},"geometry":{"type":"LineString","coordinates":[[6.8806459,45.9568367],[6.8803781,45.9567978],[6.8802627,45.9567757],[6.880209,45.9567451],[6.8802115,45.956701],[6.8803238,45.9566603],[6.8804531,45.956623],[6.8807119,45.9565415],[6.8808583,45.9564516],[6.8809974,45.9563073],[6.8810463,45.9561495],[6.8811293,45.9560341],[6.881361,45.955819],[6.8815923,45.955797],[6.8818171,45.9557619],[6.8820813,45.9556606],[6.8821953,45.9556157],[6.88241,45.9555292],[6.8826249,45.9554228]]}},{"type":"Feature","id":369220791,"properties":{"kind":"run","name":"Remuaz Bas","subtype":"intermediate","pisteType":"downhill","featured":false},"geometry":{"type":"LineString","coordinates":[[6.8866556,45.9641609],[6.886809,45.9641322],[6.8869233,45.9641129],[6.8869545,45.9641077],[6.887331,45.9640832],[6.8876609,45.9641129],[6.88778,45.9640914],[6.8878098,45.9640665],[6.8878065,45.9640275],[6.8877532,45.963994],[6.8875833,45.9638551],[6.8874802,45.963719],[6.887428,45.9635941],[6.8874205,45.9635762],[6.8873701,45.9633375]]}},{"type":"Feature","id":369220792,"properties":{"kind":"run","name":"Lachenal","subtype":"intermediate","pisteType":"downhill","featured":false},"geometry":{"type":"LineString","coordinates":[[6.8744792,45.966232],[6.8743362,45.9662106],[6.874195,45.9662106],[6.8740756,45.9662734],[6.8739671,45.9663665],[6.8737825,45.9664646],[6.8735183,45.9665375],[6.8732867,45.9665552],[6.8730551,45.9665391],[6.8728525,45.966452],[6.8727966,45.9663282]]}},{"type":"Feature","id":369220793,"properties":{"kind":"run","name":"Pylones","subtype":"intermediate","pisteType":"downhill","featured":false},"geometry":{"type":"LineString","coordinates":[[6.8744792,45.966232],[6.8745791,45.9662476],[6.8747374,45.9664507],[6.8750399,45.9665775],[6.8753473,45.966641],[6.8755441,45.9666076],[6.8758905,45.9664504]]}},{"type":"Feature","id":369385510,"properties":{"kind":"run","name":"Arve","subtype":"easy","pisteType":"downhill","featured":false},"geometry":{"type":"LineString","coordinates":[[6.966864,46.020344],[6.9666591,46.0203548],[6.9663161,46.0203584],[6.9660144,46.0203654]]}},{"type":"Feature","id":369706743,"properties":{"kind":"run","name":"Mapped ski run","subtype":"novice","pisteType":"sled","featured":false},"geometry":{"type":"LineString","coordinates":[[6.7512086,45.8865008],[6.7514529,45.8865381],[6.7516079,45.8867829],[6.7518105,45.8870982],[6.7518582,45.88726],[6.7517688,45.8873513],[6.7516615,45.887455],[6.7512741,45.887538],[6.7511414,45.8875215],[6.7511072,45.8875172],[6.7509642,45.8874135],[6.7509582,45.8872309],[6.7509344,45.8870567],[6.7508927,45.8868202],[6.7508688,45.886704],[6.7509582,45.8866211],[6.750994,45.8865837],[6.7510506,45.8865618],[6.7512086,45.8865008]]}},{"type":"Feature","id":369706745,"properties":{"kind":"run","name":"Les Aillouds Supérieur Col de Voza","subtype":"easy","pisteType":"downhill","featured":false},"geometry":{"type":"LineString","coordinates":[[6.7526013,45.8859535],[6.7525119,45.8859102],[6.7523835,45.8858378],[6.7520057,45.8855748],[6.7519299,45.8852434],[6.751754,45.8848126],[6.7517422,45.8845508]]}},{"type":"Feature","id":369706751,"properties":{"kind":"run","name":"Mapped ski run","subtype":"novice","pisteType":"sled","featured":false},"geometry":{"type":"LineString","coordinates":[[6.7828139,45.8942777],[6.7826697,45.8943304],[6.7825136,45.8943901],[6.78232,45.894139],[6.7825962,45.893894],[6.7827386,45.8941595],[6.7828139,45.8942777]]}},{"type":"Feature","id":369711904,"properties":{"kind":"run","name":"Le Bois du Bouchet","subtype":"novice","pisteType":"nordic","featured":false},"geometry":{"type":"LineString","coordinates":[[6.8751493,45.927575],[6.8752774,45.9277293],[6.8754375,45.9278902],[6.8759161,45.9283172],[6.8763217,45.9286698],[6.8770138,45.9292564],[6.8772292,45.9294106],[6.877445,45.9294862]]}},{"type":"Feature","id":370041960,"properties":{"kind":"run","name":"Mapped ski run","subtype":"novice","pisteType":"sled","featured":false},"geometry":{"type":"LineString","coordinates":[[6.7511414,45.8875215],[6.7511533,45.8873359],[6.7510984,45.8869768],[6.7510506,45.8865618]]}},{"type":"Feature","id":370041961,"properties":{"kind":"run","name":"Mapped ski run","subtype":"novice","pisteType":"sled","featured":false},"geometry":{"type":"LineString","coordinates":[[6.7824513,45.8939919],[6.7826697,45.8943304]]}},{"type":"Feature","id":370224128,"properties":{"kind":"run","name":"Mapped ski run","subtype":"easy","pisteType":"nordic","featured":false},"geometry":{"type":"LineString","coordinates":[[6.8992928,45.9420577],[6.8993299,45.942015],[6.89931,45.9419258],[6.8993417,45.9418356],[6.8995075,45.941702],[6.8994068,45.9415956],[6.8990506,45.9413005]]}},{"type":"Feature","id":371180212,"properties":{"kind":"run","name":"Maison Vieille","subtype":"easy","pisteType":"downhill","featured":false},"geometry":{"type":"LineString","coordinates":[[6.9319857,45.7916852],[6.9318425,45.7915266],[6.9315756,45.7913113],[6.9314231,45.7911545],[6.9312879,45.7909092],[6.9312828,45.7909]]}},{"type":"Feature","id":371180214,"properties":{"kind":"run","name":"Maison Vieille","subtype":"easy","pisteType":"downhill","featured":false},"geometry":{"type":"LineString","coordinates":[[6.9321421,45.7914731],[6.9323404,45.7913719],[6.9326775,45.791334],[6.9331632,45.7913101],[6.9334267,45.7912784],[6.9336992,45.7912742],[6.9339415,45.7912741],[6.9341434,45.7912549],[6.9346346,45.7913659],[6.9352717,45.7915213],[6.9353945,45.7916368],[6.9355259,45.791836],[6.9356345,45.7919715],[6.9358401,45.792134],[6.9358916,45.7922424],[6.9360802,45.7924994],[6.9364773,45.7929316],[6.936781,45.793355],[6.937309,45.7936413],[6.9374112,45.7936736],[6.9376524,45.7937446],[6.937817,45.7937925],[6.9379629,45.7938061],[6.9382201,45.7937424],[6.9383358,45.7936906]]}},{"type":"Feature","id":375526589,"properties":{"kind":"run","name":"Mapped ski run","subtype":"intermediate","pisteType":"nordic","featured":false},"geometry":{"type":"LineString","coordinates":[[6.9317216,45.9825473],[6.9315698,45.9824463],[6.9313771,45.9823963],[6.9312311,45.9823536],[6.9310184,45.9822541],[6.9308378,45.9822054],[6.9307256,45.9822574],[6.9305801,45.9823569],[6.9304899,45.9823934]]}},{"type":"Feature","id":375553933,"properties":{"kind":"lift","name":"Mélèzes","subtype":"chair_lift","status":"active"},"geometry":{"type":"LineString","coordinates":[[6.7368399,45.8908888],[6.7370391,45.890777],[6.7370925,45.890747],[6.7376605,45.8904283],[6.739011,45.8896785],[6.7406914,45.8887183],[6.7425508,45.8876668],[6.7442729,45.8866891],[6.7455594,45.8859741],[6.7471696,45.8850601],[6.748285,45.8844281],[6.7486428,45.8842291]]}},{"type":"Feature","id":377286622,"properties":{"kind":"run","name":"Stade Chamois","subtype":"intermediate","pisteType":"downhill","featured":false},"geometry":{"type":"LineString","coordinates":[[6.7491401,45.884733],[6.7490021,45.8849792],[6.7487121,45.8854069],[6.7466204,45.8864835],[6.7455022,45.8869966],[6.7450302,45.8873894]]}},{"type":"Feature","id":377286625,"properties":{"kind":"run","name":"Les Aillouds Supérieur Col de Voza","subtype":"easy","pisteType":"downhill","featured":false},"geometry":{"type":"LineString","coordinates":[[6.7492063,45.8840733],[6.7493602,45.8840469],[6.7495311,45.8840859],[6.7496273,45.8840555],[6.7497643,45.8840413],[6.7499013,45.8840108],[6.750015,45.8839723],[6.7501694,45.8839053],[6.7503363,45.8838262]]}},{"type":"Feature","id":377286626,"properties":{"kind":"run","name":"Mélèzes","subtype":"easy","pisteType":"downhill","featured":false},"geometry":{"type":"LineString","coordinates":[[6.7486428,45.8842291],[6.7487699,45.8841651],[6.7492063,45.8840733],[6.7493618,45.8842846],[6.7497386,45.88441],[6.7497702,45.8849114],[6.7495626,45.8853637],[6.7490049,45.88598],[6.7481743,45.8863099],[6.7478195,45.8866271],[6.7469576,45.8868715],[6.7459215,45.8872562],[6.7450302,45.8873894],[6.7444356,45.8873891],[6.7426848,45.8887909],[6.7423828,45.8889356],[6.7420435,45.8890448],[6.7412616,45.8891068],[6.7390713,45.8890138],[6.7385735,45.8891783]]}},{"type":"Feature","id":377286627,"properties":{"kind":"run","name":"La Cha","subtype":"easy","pisteType":"downhill","featured":false},"geometry":{"type":"LineString","coordinates":[[6.7486428,45.8842291],[6.7487699,45.8841651],[6.7488348,45.8841183],[6.7488163,45.884095],[6.7486819,45.8841005],[6.7486069,45.8841168],[6.7484526,45.8842085],[6.7483062,45.8842123],[6.7482107,45.8842309],[6.7480562,45.8842106],[6.7477501,45.8841538],[6.7475723,45.8841031],[6.7473828,45.8840848],[6.747205,45.8840767],[6.7469165,45.8840402],[6.7467532,45.884024],[6.7466162,45.8839692],[6.7461674,45.8838413],[6.7459604,45.8838028],[6.7457972,45.883681],[6.7457389,45.8835897],[6.7456893,45.8835106],[6.7456281,45.8834599],[6.7454969,45.8834599],[6.7453745,45.8834639],[6.7451967,45.8834599],[6.7450247,45.88349],[6.7446886,45.8837406],[6.7439583,45.8842833],[6.7423539,45.8850197],[6.7419907,45.8858414],[6.7404833,45.8870483],[6.7391301,45.8883157],[6.7387668,45.8887298],[6.7385735,45.8891783],[6.7383267,45.8892695],[6.7379147,45.8894371],[6.7373763,45.8894739],[6.7371726,45.8894089],[6.7370206,45.8893034],[6.7368969,45.8890881],[6.7368704,45.8889313],[6.7369146,45.8887314],[6.73694,45.8882995],[6.7369555,45.8880354]]}},{"type":"Feature","id":377312003,"properties":{"kind":"run","name":"Combe des Amethystes","subtype":"expert","pisteType":"downhill","featured":false},"geometry":{"type":"LineString","coordinates":[[6.9559496,45.960999],[6.9558045,45.9614575],[6.9557938,45.9618453],[6.9556329,45.9622704],[6.9557402,45.9627029],[6.9559869,45.9628297],[6.9562766,45.9628596],[6.9565985,45.9627999],[6.9570001,45.9629343]]}},{"type":"Feature","id":377312004,"properties":{"kind":"run","name":"Combe des Amethystes","subtype":"expert","pisteType":"downhill","featured":false},"geometry":{"type":"LineString","coordinates":[[6.9545389,45.9581199],[6.9550578,45.9583462],[6.9554454,45.9586645],[6.9557833,45.9589554],[6.9558531,45.9595334],[6.9556975,45.9597907],[6.9558303,45.9603227],[6.955837,45.9605142],[6.9559496,45.960999],[6.9563131,45.9613557],[6.9563359,45.9615136],[6.9564633,45.9616875],[6.9566028,45.9620642],[6.9568831,45.9626733],[6.9570001,45.9629343],[6.9570748,45.9631008],[6.9572958,45.9637992],[6.9572637,45.9644182],[6.9573602,45.9650596],[6.9575533,45.9656413],[6.9575533,45.9664318],[6.9575641,45.9669612],[6.957489,45.9675131],[6.9573709,45.9679144]]}},{"type":"Feature","id":377312006,"properties":{"kind":"run","name":"La Face","subtype":"expert","pisteType":"downhill","featured":false},"geometry":{"type":"LineString","coordinates":[[6.9606098,45.9474552],[6.9600467,45.9474259],[6.9593869,45.9474819],[6.9591616,45.9476124],[6.9588665,45.9478512],[6.9586305,45.9480227],[6.9585447,45.948157],[6.9584749,45.9483174],[6.9583247,45.9484181],[6.9579224,45.9486009],[6.9577186,45.9486829],[6.957445,45.9488247],[6.9570695,45.9490895],[6.9570587,45.9495184],[6.9569085,45.9498802],[6.9567905,45.9500406],[6.9568334,45.9502942],[6.9569675,45.9504509],[6.9570373,45.9508649],[6.95671,45.9517264],[6.956474,45.9521516],[6.956356,45.9529498],[6.9560019,45.9541432],[6.9558083,45.954695]]}},{"type":"Feature","id":379123898,"properties":{"kind":"run","name":"La Pierre à Ric","subtype":"intermediate","pisteType":"downhill","featured":false},"geometry":{"type":"LineString","coordinates":[[6.9274738,45.9787458],[6.9272166,45.9787958],[6.9270023,45.9788973],[6.9268272,45.9789505],[6.9266544,45.9789845],[6.9262326,45.9790035]]}},{"type":"Feature","id":383326394,"properties":{"kind":"lift","name":"Magic Carpet","subtype":"magic_carpet","status":"active"},"geometry":{"type":"LineString","coordinates":[[6.9614827,45.7888813],[6.9604218,45.7888223]]}},{"type":"Feature","id":383326395,"properties":{"kind":"lift","name":"Magic Carpet","subtype":"magic_carpet","status":"active"},"geometry":{"type":"LineString","coordinates":[[6.962392,45.788993],[6.9615497,45.7887837]]}},{"type":"Feature","id":386527577,"properties":{"kind":"run","name":"Mapped ski run","subtype":"novice","pisteType":"nordic","featured":false},"geometry":{"type":"LineString","coordinates":[[6.8881494,45.9340456],[6.8880415,45.9339493],[6.8879624,45.9338998],[6.8877263,45.9338028],[6.8872797,45.933634],[6.8871255,45.9335696],[6.8869793,45.9335006],[6.8868104,45.9334167],[6.8863557,45.9332236],[6.8861988,45.9331714],[6.8859588,45.9330949],[6.8857804,45.9330352],[6.8856208,45.9329643],[6.8854412,45.9328708],[6.8853063,45.9328011],[6.8851782,45.9327432],[6.885083,45.9326854],[6.88502,45.9326397]]}},{"type":"Feature","id":386527578,"properties":{"kind":"run","name":"Mapped ski run","subtype":"novice","pisteType":"nordic","featured":false},"geometry":{"type":"LineString","coordinates":[[6.8797937,45.9314094],[6.8799554,45.9314433],[6.8801892,45.9314522],[6.8803876,45.9314221],[6.8805944,45.931413],[6.8807574,45.9314351],[6.8808486,45.9314762],[6.8808834,45.9315331],[6.8808995,45.9316068],[6.8809357,45.9316721],[6.8810202,45.9317355],[6.881145,45.9317952],[6.8813636,45.9318754],[6.8815433,45.931895],[6.8817538,45.9319183],[6.8818598,45.9319528],[6.8819577,45.9320069],[6.8820577,45.9320782],[6.8822027,45.9322161]]}},{"type":"Feature","id":396572596,"properties":{"kind":"run","name":"Mapped ski run","subtype":"intermediate","pisteType":"nordic","featured":false},"geometry":{"type":"LineString","coordinates":[[6.9313274,45.9788878],[6.9313765,45.978888],[6.9314782,45.9788921],[6.9317112,45.978927],[6.9318453,45.9789526],[6.9319618,45.978969],[6.9321063,45.9789792],[6.9322375,45.9789762],[6.932351,45.978969],[6.9324646,45.9789516],[6.9325914,45.9789383]]}},{"type":"Feature","id":431076153,"properties":{"kind":"run","name":"Mapped ski run","subtype":"easy","pisteType":"nordic","featured":false},"geometry":{"type":"LineString","coordinates":[[7.0199865,45.8498336],[7.0197416,45.8498719]]}},{"type":"Feature","id":434880889,"properties":{"kind":"run","name":"Les Praz","subtype":"advanced","pisteType":"downhill","featured":false},"geometry":{"type":"LineString","coordinates":[[6.8842755,45.9540233],[6.8843802,45.9540411],[6.8845072,45.9540481],[6.88461,45.95406],[6.8847961,45.9540542],[6.8850276,45.9540521],[6.8853025,45.9540866],[6.885434,45.9541034],[6.8855584,45.9541053],[6.8856403,45.9540939],[6.8857011,45.9540703],[6.8857174,45.9540439],[6.88572,45.9540168],[6.8856201,45.9539101]]}},{"type":"Feature","id":434880923,"properties":{"kind":"run","name":"Les Praz","subtype":"advanced","pisteType":"downhill","featured":false},"geometry":{"type":"LineString","coordinates":[[6.8859762,45.9516299],[6.8859217,45.9515743],[6.8857048,45.9513621],[6.8854819,45.951132],[6.88539,45.9510601],[6.8852776,45.9510079],[6.8848851,45.9509196],[6.8847563,45.9508741],[6.8844917,45.9507522],[6.8843361,45.9507122],[6.8840095,45.9506196],[6.883837,45.9505887],[6.8835908,45.9505916],[6.8832205,45.9506197],[6.8830361,45.9506067],[6.8828715,45.9505584],[6.8825357,45.9504528],[6.8824586,45.9504128],[6.8824129,45.9503526],[6.8823981,45.9501538],[6.8823809,45.9500055]]}},{"type":"Feature","id":434880930,"properties":{"kind":"run","name":"Les Praz","subtype":"advanced","pisteType":"downhill","featured":false},"geometry":{"type":"LineString","coordinates":[[6.8856201,45.9539101],[6.8855902,45.9538705],[6.8854903,45.9538005],[6.8853139,45.9536804],[6.8848002,45.9533597],[6.8847551,45.9533015],[6.8847371,45.9532552],[6.8847462,45.9532012],[6.8848067,45.9531478],[6.8848867,45.9531327],[6.8849776,45.9531417],[6.8851072,45.9531841],[6.8853166,45.9532593],[6.8856664,45.9533388],[6.8861129,45.953446],[6.8862101,45.9534901],[6.8863535,45.9535618],[6.8864168,45.9535801],[6.8864684,45.9535808],[6.8865013,45.9535733],[6.8865235,45.9535531],[6.8865294,45.953518],[6.8865144,45.9534855],[6.8863497,45.9533476],[6.8861657,45.9532099],[6.8859135,45.9530032],[6.885836,45.9529477],[6.8857747,45.9529127],[6.8857408,45.9528846],[6.8857343,45.9528612],[6.8857421,45.9528326],[6.8857804,45.9528135],[6.8858387,45.9528112],[6.8859613,45.952826],[6.8860447,45.952839],[6.8862702,45.9528561],[6.88652,45.9528546],[6.8866633,45.952858],[6.8867417,45.9528564],[6.8868054,45.9528663],[6.8869364,45.9529026],[6.8870133,45.952921],[6.887052,45.9529221],[6.887202,45.9529306],[6.887239,45.9529287],[6.8872604,45.9529129],[6.887273,45.9528963],[6.8872699,45.9528766],[6.8872082,45.9527845],[6.8870678,45.9526153],[6.8869637,45.9525107],[6.886859,45.95234],[6.8867037,45.9521362],[6.8866756,45.952063],[6.8866454,45.9519749],[6.8866105,45.9519064],[6.8865804,45.9518686],[6.8865408,45.9518364],[6.8864912,45.9518126],[6.8864288,45.9517949],[6.8863504,45.9517739],[6.8862525,45.9517534],[6.886168,45.9517299],[6.8860919,45.9516984],[6.8860422,45.9516716],[6.8860121,45.9516534],[6.8859762,45.9516299]]}},{"type":"Feature","id":435032514,"properties":{"kind":"lift","name":"Parsa","subtype":"chair_lift","status":"active"},"geometry":{"type":"LineString","coordinates":[[6.8614691,45.9441106],[6.8612608,45.9440161],[6.8606554,45.9437412],[6.8600241,45.9434547],[6.8596937,45.9433105],[6.8593585,45.9431622],[6.8573597,45.942262],[6.8557979,45.941556],[6.8539541,45.9407278],[6.8524443,45.9400498],[6.8518299,45.9397693],[6.8496898,45.9388078],[6.8493079,45.938645]]}},{"type":"Feature","id":441750428,"properties":{"kind":"run","name":"Combe Vioz","subtype":"easy","pisteType":"downhill","featured":false},"geometry":{"type":"LineString","coordinates":[[6.8611091,45.9446688],[6.8613228,45.9445533],[6.8616064,45.9443086],[6.8616136,45.9441995],[6.8616021,45.9441784],[6.8615693,45.944155],[6.8614691,45.9441106]]}},{"type":"Feature","id":441750429,"properties":{"kind":"run","name":"Combe Vioz","subtype":"easy","pisteType":"downhill","featured":false},"geometry":{"type":"LineString","coordinates":[[6.8573034,45.9415761],[6.8574357,45.9419075],[6.8573795,45.9421502],[6.8570065,45.9425485],[6.8566203,45.9429653],[6.8564227,45.943318],[6.8563905,45.9435689],[6.8565792,45.9437387],[6.8573253,45.9440053]]}},{"type":"Feature","id":441792850,"properties":{"kind":"run","name":"Sauce Myrtille","subtype":"intermediate","pisteType":"skitour","featured":false},"geometry":{"type":"LineString","coordinates":[[6.7609556,45.8861305],[6.7608198,45.8861778],[6.7605427,45.8862966],[6.760236,45.8863085],[6.7600304,45.8862733],[6.7598113,45.8862511],[6.7597707,45.8861959],[6.7596966,45.8861558],[6.7596674,45.886114],[6.759624,45.8860249],[6.7595616,45.8859988],[6.7594497,45.8860128],[6.7594082,45.8860009],[6.759326,45.8859045],[6.7592384,45.8857944],[6.7591922,45.8857626],[6.7591587,45.885758],[6.7591265,45.8857664],[6.7590635,45.8857981],[6.7589943,45.8857991],[6.7588774,45.8857701],[6.7588368,45.8857496],[6.7587773,45.8857409],[6.7586987,45.8857486],[6.7586394,45.885727],[6.7586056,45.8856627],[6.7585257,45.8856599],[6.7585082,45.885631],[6.7584828,45.8856114],[6.7584318,45.8855955],[6.7583607,45.8856627],[6.7583166,45.8856673],[6.7582749,45.885631],[6.7582202,45.8855371],[6.7577288,45.8855392],[6.7576848,45.885476],[6.7576411,45.8854388],[6.7575869,45.8854322],[6.757552,45.8854518],[6.7575037,45.8854984],[6.7573777,45.8855367],[6.7571899,45.885561],[6.7571309,45.8856086],[6.7568117,45.8856963],[6.7565067,45.885805],[6.7562672,45.8860231],[6.7561204,45.8860776],[6.7559121,45.8860843],[6.755822,45.8861444],[6.755763,45.8861594],[6.7557186,45.8861458],[6.7556798,45.8861174],[6.7556279,45.8860998],[6.755499,45.8861015],[6.7553142,45.8860351],[6.7552507,45.88601],[6.75518,45.8860103],[6.7549771,45.8860128],[6.7547918,45.8860482],[6.7547277,45.8860796],[6.7546572,45.8860927],[6.7546096,45.8860903],[6.7545808,45.8860777],[6.7545594,45.8860562],[6.7544729,45.886038],[6.7544292,45.88604],[6.7543776,45.8860512],[6.7543019,45.886095],[6.7542423,45.8861405],[6.7541287,45.8862624],[6.7539029,45.8862798],[6.7538558,45.8862915],[6.7538231,45.8863204],[6.753805,45.8863531],[6.7537943,45.8863799]]}},{"type":"Feature","id":441792855,"properties":{"kind":"run","name":"La Trapette","subtype":"advanced","pisteType":"skitour","featured":false},"geometry":{"type":"LineString","coordinates":[[6.9353988,45.9670355],[6.9358423,45.9670431],[6.936225,45.9670853],[6.9364991,45.9671266],[6.9370097,45.9670804],[6.937382,45.9670002],[6.937667,45.9668747],[6.9378505,45.966849],[6.9384906,45.9669514],[6.9390083,45.9670254],[6.9392481,45.9670407],[6.9394601,45.9670095],[6.9395848,45.9669579],[6.9397213,45.9669654],[6.9398225,45.9670118],[6.9401325,45.9672791],[6.9403523,45.9674123],[6.9407264,45.9674383],[6.9415213,45.9674318],[6.9419048,45.9675164],[6.9421573,45.9676626],[6.9422976,45.9679291],[6.9423862,45.9680853],[6.9426768,45.9682847]]}},{"type":"Feature","id":441792856,"properties":{"kind":"run","name":"Retour Charamillon","subtype":"easy","pisteType":"downhill","featured":false},"geometry":{"type":"LineString","coordinates":[[6.9508323,46.0211512],[6.9510088,46.0213528],[6.951042,46.0214632],[6.9511706,46.0217356],[6.9514575,46.0218868],[6.9516586,46.0218433],[6.9523453,46.021632]]}},{"type":"Feature","id":441792857,"properties":{"kind":"run","name":"Retour Charamillon","subtype":"easy","pisteType":"downhill","featured":false},"geometry":{"type":"LineString","coordinates":[[6.9523453,46.021632],[6.9523921,46.0216154],[6.9524737,46.0215864],[6.9525597,46.0215745],[6.9525795,46.0215673],[6.9527094,46.0215204],[6.9530269,46.0214642],[6.9531786,46.0214059],[6.9533617,46.0213139],[6.9535244,46.0212476],[6.953572,46.0212282],[6.9536793,46.0212086],[6.9537339,46.0212114],[6.9539007,46.0212486],[6.9539978,46.0212949],[6.954191,46.0213659],[6.9544701,46.0214115],[6.9548362,46.0214501],[6.9551103,46.0214895],[6.9553692,46.021566],[6.9554865,46.0216313],[6.9556898,46.0217381],[6.9559518,46.0219066],[6.956066,46.0219621],[6.9561257,46.0219677],[6.956245,46.0219143],[6.9563836,46.0217922],[6.9565353,46.0216601],[6.9565929,46.0216482],[6.9568448,46.0216194],[6.9569409,46.0216011],[6.9570187,46.021573],[6.9571108,46.0215211],[6.957133,46.0214993],[6.9571886,46.0214052],[6.9571371,46.0213223],[6.9571229,46.0212865],[6.9570157,46.0210836],[6.9570299,46.0209951],[6.9570582,46.0208497],[6.9571947,46.0207809],[6.9574088,46.0206909],[6.9576363,46.0206486],[6.957815,46.0206154],[6.9579953,46.0205757],[6.9582012,46.0203989],[6.9581326,46.0203056],[6.9579792,46.0202123],[6.9576394,46.0200333],[6.9575069,46.0198844],[6.9574351,46.0197186],[6.9574159,46.0193141],[6.9573592,46.0187319],[6.9572333,46.0180256],[6.9571703,46.0176819],[6.9572083,46.0173826]]}},{"type":"Feature","id":442998820,"properties":{"kind":"run","name":"Ghiacciaio Toula","subtype":"expert","pisteType":"downhill","featured":false},"geometry":{"type":"LineString","coordinates":[[6.9300047,45.8470188],[6.9296315,45.8470311],[6.9290557,45.8467464],[6.9282013,45.8463582],[6.9275512,45.8458148],[6.9271797,45.8453619],[6.9267153,45.8443268],[6.9269382,45.8431622],[6.9278112,45.84192],[6.9291672,45.8402766],[6.9305603,45.8384778],[6.9322692,45.8366919],[6.9332165,45.8351907],[6.9345353,45.833793],[6.9359842,45.8327318],[6.9378417,45.831787],[6.9386775,45.8315411],[6.9392899,45.8314407],[6.9404813,45.8313514],[6.9413396,45.8312443],[6.9423388,45.8310925],[6.9436326,45.831155],[6.9450546,45.8309497],[6.9466431,45.8304499],[6.947258,45.8301285],[6.9480651,45.8297982],[6.9489503,45.8295052],[6.9497855,45.8292632]]}},{"type":"Feature","id":463223838,"properties":{"kind":"lift","name":"Altitude 2000","subtype":"platter","status":"active"},"geometry":{"type":"LineString","coordinates":[[6.85177,45.9389342],[6.851486,45.9388365],[6.8501576,45.9383795],[6.8498358,45.9382688]]}},{"type":"Feature","id":463223839,"properties":{"kind":"run","name":"Verte 2000","subtype":"novice","pisteType":"downhill","featured":false},"geometry":{"type":"LineString","coordinates":[[6.8498358,45.9382688],[6.8498703,45.9384944],[6.8501067,45.9386413],[6.85046,45.9387801],[6.8509788,45.9389263],[6.8513588,45.938963],[6.85177,45.9389342]]}},{"type":"Feature","id":463223840,"properties":{"kind":"run","name":"Verte 2000","subtype":"novice","pisteType":"downhill","featured":false},"geometry":{"type":"LineString","coordinates":[[6.8498358,45.9382688],[6.8500471,45.9382571],[6.8502121,45.9382699],[6.8504928,45.9383176],[6.8506258,45.9383598],[6.8511258,45.9385184],[6.8514843,45.9386984],[6.8517618,45.9388714]]}},{"type":"Feature","id":463223841,"properties":{"kind":"run","name":"Verte 2000","subtype":"novice","pisteType":"downhill","featured":false},"geometry":{"type":"LineString","coordinates":[[6.8506258,45.9383598],[6.8513301,45.9384438],[6.8517109,45.9384724],[6.8528109,45.9385208]]}},{"type":"Feature","id":463223842,"properties":{"kind":"run","name":"Retour Planpraz","subtype":"novice","pisteType":"downhill","featured":false},"geometry":{"type":"LineString","coordinates":[[6.8498358,45.9382688],[6.8496414,45.9380968],[6.8496023,45.9380349],[6.849607,45.9379279],[6.8496335,45.9377544]]}},{"type":"Feature","id":463223843,"properties":{"kind":"run","name":"Combe Vioz","subtype":"easy","pisteType":"downhill","featured":false},"geometry":{"type":"LineString","coordinates":[[6.8517618,45.9388714],[6.8520792,45.9388266],[6.8523321,45.9388186],[6.8527792,45.938796],[6.8534756,45.9388154]]}},{"type":"Feature","id":496452286,"properties":{"kind":"lift","name":"Téléphérique d'Alpage","subtype":"goods","status":"active"},"geometry":{"type":"LineString","coordinates":[[6.8901905,45.9190336],[6.8818122,45.9239504]]}},{"type":"Feature","id":500405390,"properties":{"kind":"run","name":"Chamois","subtype":"advanced","pisteType":"downhill","featured":false},"geometry":{"type":"LineString","coordinates":[[6.934825,45.9566916],[6.9345278,45.9570508],[6.9342761,45.9572294],[6.9340717,45.957346],[6.9338829,45.9574043],[6.9336575,45.9574298],[6.9334688,45.9574481],[6.9332695,45.9574007],[6.9330808,45.9573387],[6.9326928,45.9573023],[6.9323521,45.9574007],[6.9319484,45.9576303],[6.93166,45.9578162],[6.9312092,45.9579437],[6.9309995,45.9579765],[6.9307845,45.9579588]]}},{"type":"Feature","id":510812180,"properties":{"kind":"run","name":"Diagonale Peindent","subtype":"easy","pisteType":"downhill","featured":false},"geometry":{"type":"LineString","coordinates":[[6.9345931,45.7962641],[6.9343863,45.7961602],[6.9340352,45.7961155],[6.9337094,45.7960216],[6.9332489,45.7958672],[6.9330273,45.7957339],[6.9328405,45.7956672],[6.9327753,45.7956763],[6.9327725,45.7957219],[6.9328662,45.7957929],[6.9335505,45.796253],[6.9337461,45.7964004],[6.9340923,45.797017],[6.9341534,45.7971874],[6.9341835,45.7972615],[6.9341442,45.7973496],[6.9340516,45.797379],[6.9339534,45.7973581],[6.9336084,45.7972026],[6.9328988,45.7969541],[6.9328013,45.7969179],[6.9324343,45.7967291],[6.9314876,45.7963657],[6.9312263,45.7961646],[6.9309108,45.7960282],[6.9304438,45.7959358],[6.9301219,45.7958346],[6.929901,45.795729],[6.9295637,45.7955182],[6.9289803,45.7950124],[6.9283142,45.7943609],[6.9279234,45.793971],[6.9277368,45.7937914],[6.9275812,45.7935825],[6.9273729,45.7933921],[6.927282,45.7932649],[6.9268335,45.7928815],[6.9266287,45.7927509],[6.9264046,45.7925172],[6.9261192,45.792588]]}},{"type":"Feature","id":510812185,"properties":{"kind":"run","name":"Diretta","subtype":"advanced","pisteType":"downhill","featured":false},"geometry":{"type":"LineString","coordinates":[[6.9345931,45.7962641],[6.9341563,45.7962259],[6.9339485,45.79621],[6.9338375,45.7962358],[6.9337664,45.7962894],[6.9337461,45.7964004]]}},{"type":"Feature","id":510812188,"properties":{"kind":"run","name":"Diretta","subtype":"advanced","pisteType":"downhill","featured":false},"geometry":{"type":"LineString","coordinates":[[6.9328013,45.7969179],[6.9321662,45.7970313],[6.9316301,45.7972173],[6.9311377,45.7973967],[6.9305301,45.7975286],[6.9301623,45.7977338],[6.9300546,45.7979165],[6.9299226,45.7980434],[6.9296768,45.7981513],[6.929376,45.7982912]]}},{"type":"Feature","id":510812191,"properties":{"kind":"run","name":"Diretta","subtype":"easy","pisteType":"downhill","featured":false},"geometry":{"type":"LineString","coordinates":[[6.939825,45.8002307],[6.9396517,45.8000958],[6.9394498,45.8000204],[6.9391325,45.8000002],[6.9387575,45.799955],[6.9385411,45.7998896],[6.9383897,45.7997841],[6.9382022,45.7996483],[6.9380363,45.7995276],[6.9378561,45.7995075],[6.9377984,45.7995578],[6.9378849,45.7997187],[6.9379642,45.7998846],[6.9380291,45.7999801],[6.9381806,45.8001008],[6.9382094,45.8001611],[6.9381012,45.8001762],[6.9378993,45.8000857],[6.9374378,45.7998746],[6.9369979,45.7996533],[6.9366373,45.799417],[6.9364642,45.7992712],[6.9360893,45.7990601],[6.9352599,45.7987132],[6.9345532,45.7982456],[6.9340051,45.7976976],[6.9338826,45.7975467],[6.9336662,45.797421],[6.9328988,45.7969541]]}},{"type":"Feature","id":516698137,"properties":{"kind":"lift","name":"Poya - Buet","subtype":"rope_tow","status":"active"},"geometry":{"type":"LineString","coordinates":[[6.9169021,46.0183996],[6.9161269,46.0182244]]}},{"type":"Feature","id":531493702,"properties":{"kind":"run","name":"Nants","subtype":"advanced","pisteType":"downhill","featured":false},"geometry":{"type":"LineString","coordinates":[[6.8616064,45.9443086],[6.8616803,45.9442441],[6.8617464,45.9441591],[6.8617599,45.9440828],[6.8617663,45.9439762],[6.8617929,45.9439322],[6.8618771,45.9438836],[6.8619449,45.9438598],[6.8620148,45.9438496],[6.8620637,45.9438949],[6.8623861,45.9441886],[6.8626098,45.9443316],[6.8627657,45.944377],[6.8629025,45.9443845],[6.8630511,45.944363],[6.8631615,45.9442988],[6.863423,45.9440953],[6.8635485,45.9440451],[6.8638378,45.9440036],[6.8641122,45.9439602],[6.8642504,45.9439134],[6.8643792,45.9438314],[6.864485,45.9437895],[6.8645708,45.943797],[6.8647961,45.943879],[6.8650196,45.9439462],[6.865229,45.9439501],[6.8655959,45.9438914],[6.8658435,45.9438095],[6.8660109,45.9437287],[6.8661615,45.9436419],[6.8662646,45.9436021],[6.8664135,45.943617],[6.8666834,45.9436921],[6.8669003,45.9437242],[6.8670331,45.9437084],[6.8671806,45.9436487],[6.86719,45.943607],[6.8671672,45.943577],[6.8670693,45.9435508],[6.86684,45.9435051],[6.8667041,45.9434278],[6.8665401,45.9432698],[6.8663243,45.9430659],[6.8662097,45.9430071],[6.8660589,45.9429923],[6.8659166,45.9430239],[6.8657455,45.9430497],[6.8656169,45.9430327],[6.8654911,45.9429576],[6.8654147,45.9428835],[6.8652896,45.9427252],[6.865171,45.9425396],[6.865038,45.9423756],[6.8649147,45.9423098],[6.8647472,45.9422899],[6.8645224,45.9423308],[6.8643133,45.9423627],[6.8641631,45.9423534],[6.8640411,45.9422834],[6.8639941,45.9421991],[6.8640062,45.9421156],[6.8641269,45.9420577],[6.8643167,45.9420217],[6.8646896,45.9419566],[6.8649567,45.9419113],[6.8651484,45.9419172],[6.8654908,45.9419939],[6.8657225,45.9420335],[6.8659436,45.9420202],[6.8661083,45.9419912],[6.8663689,45.9420033],[6.8665016,45.9419955],[6.8667166,45.9419953],[6.8668923,45.9420381],[6.8671042,45.9420969],[6.8673025,45.9420971],[6.8675358,45.9420476],[6.8677238,45.9419915],[6.8677439,45.9419589],[6.8676876,45.9419234],[6.8675833,45.9419259],[6.8674459,45.9419332],[6.8672935,45.9419086],[6.8671278,45.9418507],[6.8669364,45.9417533],[6.8667192,45.9416705],[6.866509,45.9416023],[6.8663549,45.9415324],[6.8663082,45.9414821],[6.8661962,45.9413863],[6.8660934,45.9412808],[6.8659183,45.9412386],[6.8657782,45.9412434],[6.8656778,45.9412402],[6.8656288,45.9412061],[6.8656334,45.9411509],[6.8657268,45.9411038],[6.8659074,45.9410579],[6.8661808,45.9410525],[6.8664288,45.9411098],[6.8666177,45.9411616],[6.8667474,45.9411745],[6.8669239,45.941183],[6.8670908,45.9412165],[6.8672423,45.9412492],[6.8672913,45.9412515],[6.8673241,45.9412156],[6.8673208,45.9411956],[6.8672773,45.9411606],[6.8671403,45.941119],[6.8667024,45.9409337],[6.8664904,45.9408277],[6.8663853,45.9407222],[6.8662942,45.9406134],[6.8662553,45.9405674],[6.8661815,45.9405525],[6.8659965,45.940532],[6.8656801,45.9404754],[6.8655307,45.9404104],[6.8654002,45.9403296],[6.8653502,45.9402363],[6.8653368,45.9401521],[6.8653685,45.94004],[6.8654139,45.9400305],[6.8654957,45.9400402],[6.8655669,45.940072],[6.8657846,45.9401428],[6.865969,45.9401276],[6.8661583,45.9401017],[6.8662035,45.9400744],[6.8661968,45.9400329],[6.8661386,45.9400057],[6.8660341,45.9399702],[6.8659818,45.9399525],[6.865961,45.9399194],[6.8659486,45.9398648],[6.8659767,45.9398064],[6.8660467,45.9397739],[6.8661401,45.9397723],[6.8667396,45.939954],[6.8668444,45.9399702],[6.8668779,45.9399636],[6.8668986,45.9399336],[6.8668339,45.9398503],[6.8666398,45.9396895],[6.8666141,45.9396375],[6.8666211,45.9396067],[6.8667324,45.9395854],[6.8668727,45.939627],[6.8670457,45.9396852],[6.867231,45.9397007],[6.8673965,45.9396904],[6.8675168,45.9396739],[6.8675726,45.9396294],[6.8675395,45.9395838],[6.8674596,45.9395353],[6.867377,45.9394852],[6.867259,45.9393459],[6.8672304,45.9392524],[6.8672533,45.9391854],[6.8673229,45.9390785],[6.867347,45.9389144],[6.8673784,45.9385245],[6.8672949,45.9382366],[6.8673362,45.938096],[6.8674349,45.9379488],[6.867481,45.9378565],[6.8675595,45.9378166],[6.8676319,45.9378297],[6.8676936,45.9378996],[6.8677922,45.938006],[6.8679216,45.9380955],[6.8680302,45.9381501],[6.8681422,45.9381678],[6.8681958,45.9381361],[6.8682096,45.938017],[6.8682282,45.9378254],[6.8683487,45.937459],[6.8684748,45.9372948],[6.8688677,45.9369469],[6.8692084,45.9367128],[6.8694136,45.9366219],[6.8694933,45.936572],[6.8695242,45.936509],[6.8695047,45.936427],[6.8694779,45.9363803],[6.8694283,45.9362372],[6.8693733,45.9360287],[6.8693063,45.9359308],[6.8691353,45.9357811],[6.8690206,45.9356552],[6.8688865,45.9354924],[6.8688489,45.9354341],[6.8687598,45.9352751],[6.8685921,45.9350872],[6.8684198,45.9349043],[6.8680014,45.9345695],[6.8678525,45.9344287],[6.8675454,45.9342407],[6.8673389,45.9341936],[6.8672101,45.9341768],[6.8670961,45.934153],[6.8668746,45.9340689],[6.8667853,45.9339847],[6.8667683,45.9338366],[6.8667246,45.933537],[6.8667461,45.9334139],[6.8668292,45.9332236],[6.8668936,45.9329923],[6.8668641,45.9328701],[6.8667273,45.9326406],[6.8666522,45.9324177],[6.8666576,45.932331],[6.86662,45.9322419],[6.8665503,45.9321411],[6.8664674,45.9318338],[6.8663401,45.9316052],[6.8662136,45.9313695],[6.8660323,45.931124],[6.8657368,45.9308002],[6.8655096,45.9304962],[6.8653943,45.9303903],[6.8653299,45.9302378],[6.8653312,45.9301161],[6.8653301,45.9299691],[6.8652849,45.9299017],[6.8651746,45.9297947],[6.865035,45.9297013],[6.864554,45.9293794],[6.8644468,45.929239],[6.8644252,45.9291264],[6.8643791,45.9290583],[6.8640267,45.9287812],[6.8637459,45.9286013],[6.8636128,45.9285197],[6.8635371,45.9283726],[6.8633778,45.9282685],[6.863294,45.9281998],[6.863201,45.9280361],[6.8631191,45.9279479],[6.8629629,45.9278737],[6.862808,45.9277867],[6.862657,45.9274906],[6.8626204,45.9273462],[6.8622523,45.9268793],[6.8618887,45.926531],[6.8615074,45.9260407],[6.8613506,45.9254407],[6.861395,45.9253209],[6.8614574,45.9252668],[6.861561,45.9252333],[6.8629918,45.9252231]]}},{"type":"Feature","id":580977561,"properties":{"kind":"run","name":"Diretta","subtype":"advanced","pisteType":"downhill","featured":false},"geometry":{"type":"LineString","coordinates":[[6.9304815,45.7992438],[6.928255,45.7996641]]}},{"type":"Feature","id":585141023,"properties":{"kind":"run","name":"Les Praz","subtype":"advanced","pisteType":"downhill","featured":false},"geometry":{"type":"LineString","coordinates":[[6.8823809,45.9500055],[6.8825682,45.9498817],[6.8827052,45.9497822],[6.8828646,45.9496665],[6.8830487,45.9495329],[6.883141,45.9494658],[6.8832966,45.9493529],[6.883364,45.9493015],[6.8834843,45.9491814],[6.8836065,45.9490696],[6.8837681,45.9489225],[6.8838619,45.9488456],[6.8840034,45.9486992],[6.8841411,45.9485812],[6.8843096,45.9484271],[6.8843302,45.9484083],[6.8843869,45.9483565],[6.8844438,45.9483045],[6.8845278,45.9482277],[6.8845985,45.9481631],[6.8846543,45.9481022],[6.8850307,45.9479394],[6.8854559,45.9475778],[6.8856159,45.9473883],[6.8856308,45.9472199],[6.8856532,45.9467926],[6.8857448,45.946328],[6.8857461,45.945913],[6.885682,45.9453948],[6.8856475,45.9448377],[6.8856777,45.9443793],[6.8856759,45.944253],[6.885633,45.9438102],[6.8855365,45.9432446],[6.885532,45.9430158],[6.8854654,45.9426623],[6.8853114,45.9424636],[6.8851652,45.9423402],[6.8851269,45.9422692],[6.8851289,45.9421833],[6.8853782,45.9419655],[6.8855697,45.941784],[6.8855875,45.9417002],[6.8855627,45.9415861],[6.8853951,45.9415939],[6.8852832,45.9417715]]}},{"type":"Feature","id":624174241,"properties":{"kind":"lift","name":"Tabé","subtype":"chair_lift","status":"active"},"geometry":{"type":"LineString","coordinates":[[6.9367182,45.9685184],[6.9370434,45.9680101],[6.9376672,45.9670348],[6.9397684,45.9637499],[6.9406756,45.9623316],[6.9414457,45.9611276],[6.9416815,45.9607589]]}},{"type":"Feature","id":629993050,"properties":{"kind":"run","name":"Liaison Plan Joran","subtype":"easy","pisteType":"downhill","featured":false},"geometry":{"type":"LineString","coordinates":[[6.9386575,45.9669298],[6.938451,45.9670359],[6.9382007,45.9672352],[6.9380841,45.9673967],[6.9380069,45.967551],[6.9378267,45.9677244],[6.9376914,45.9678681],[6.9375246,45.9679585],[6.9373396,45.9680036],[6.9371949,45.968025],[6.9368716,45.9680833],[6.9366374,45.9681819],[6.936529,45.9682957],[6.9365156,45.9684051]]}},{"type":"Feature","id":639307227,"properties":{"kind":"run","name":"Arp nera","subtype":"advanced","pisteType":"downhill","featured":false},"geometry":{"type":"LineString","coordinates":[[6.9156433,45.7706665],[6.915281,45.7707472],[6.9149791,45.7708084],[6.9147046,45.7708431],[6.9145477,45.7708645],[6.9142772,45.7709549],[6.9140555,45.7710416],[6.9138368,45.7711321],[6.9136465,45.7712326],[6.9135308,45.7712469],[6.9133559,45.7712594],[6.9131749,45.7712751],[6.9129448,45.7713423],[6.9127124,45.7714277],[6.9124483,45.7716185],[6.9126924,45.7717846],[6.9131523,45.7722041],[6.9133869,45.772635],[6.9143173,45.7740874]]}},{"type":"Feature","id":740929569,"properties":{"kind":"lift","name":"Posettes","subtype":"platter","status":"active"},"geometry":{"type":"LineString","coordinates":[[6.9493966,46.0293006],[6.9476204,46.0241559]]}},{"type":"Feature","id":741299332,"properties":{"kind":"run","name":"Crochues","subtype":"intermediate","pisteType":"downhill","featured":false},"geometry":{"type":"LineString","coordinates":[[6.8861529,45.9688217],[6.8862281,45.9687299],[6.8865117,45.9684797],[6.8870202,45.9680719],[6.8872616,45.9675732],[6.8873167,45.9674584],[6.8875674,45.9668375],[6.8879275,45.9665161],[6.8883729,45.9662302],[6.8887537,45.9660277],[6.8893362,45.9658069],[6.8901941,45.9655124],[6.8909934,45.9652117],[6.8921379,45.9647972],[6.8928564,45.9645293]]}},{"type":"Feature","id":741299333,"properties":{"kind":"run","name":"Remuaz Bas","subtype":"intermediate","pisteType":"downhill","featured":false},"geometry":{"type":"LineString","coordinates":[[6.8861941,45.9667353],[6.8864234,45.9665538],[6.8866985,45.9664268],[6.8869415,45.9662511],[6.8871061,45.966092],[6.8871783,45.9659287],[6.8872396,45.9657485],[6.8872353,45.9656734],[6.8872097,45.9656235],[6.8871296,45.9655621],[6.8867562,45.9653821],[6.8865602,45.9652495],[6.8864117,45.9651152],[6.8862875,45.964916]]}},{"type":"Feature","id":741299334,"properties":{"kind":"run","name":"Accès Flégère","subtype":"easy","pisteType":"downhill","featured":false},"geometry":{"type":"LineString","coordinates":[[6.8639951,45.9482793],[6.8637324,45.9481731],[6.8637774,45.9484234],[6.8637114,45.9486916],[6.8636276,45.948933],[6.8634735,45.9491924],[6.8634382,45.9492678],[6.8633797,45.9495009],[6.8634838,45.9494736],[6.8636251,45.9494279],[6.863786,45.9493916],[6.8639444,45.9493641],[6.8642267,45.949283],[6.8645458,45.9492011],[6.8647485,45.9491523],[6.8649925,45.9491261],[6.8651491,45.9491226],[6.8652865,45.9491605],[6.8653525,45.9492126],[6.8653193,45.9493062],[6.8651542,45.9496473],[6.8649908,45.9502962],[6.8649715,45.9504173],[6.8650139,45.9505223],[6.8651241,45.9505752],[6.865429,45.9506868],[6.8665828,45.9507471],[6.8668261,45.9507612],[6.8671334,45.9508747],[6.8679688,45.9511017],[6.8685594,45.9511585],[6.8690011,45.9511618],[6.8693081,45.9510808],[6.8706453,45.950729],[6.8709381,45.950683],[6.8714574,45.9507227],[6.8719898,45.950803],[6.8721935,45.9508327]]}},{"type":"Feature","id":769047777,"properties":{"kind":"run","name":"Mapped ski run","subtype":"easy","pisteType":"nordic","featured":false},"geometry":{"type":"LineString","coordinates":[[6.9000249,45.9425794],[6.8998888,45.942649],[6.8998085,45.9427369],[6.8997674,45.9428095],[6.8997602,45.9428222],[6.89965,45.9429253]]}},{"type":"Feature","id":769047779,"properties":{"kind":"run","name":"Mapped ski run","subtype":"intermediate","pisteType":"nordic","featured":false},"geometry":{"type":"LineString","coordinates":[[6.9040759,45.9418107],[6.90414,45.9418861],[6.9042237,45.9419774],[6.9042919,45.9420377],[6.9044974,45.9421692],[6.9046152,45.9422338],[6.9046524,45.9422712],[6.9046741,45.9423172],[6.9046741,45.942356],[6.9046596,45.9423962],[6.9046183,45.942435],[6.904576,45.9424781],[6.9045636,45.9425197],[6.9045749,45.9425736],[6.9046638,45.9427396],[6.9046958,45.9428308],[6.9047206,45.9429285],[6.9047392,45.9431139],[6.9047536,45.9431577],[6.904796,45.9431879],[6.904858,45.9432001],[6.9049303,45.9432008],[6.9050109,45.9431828],[6.9050729,45.9431476],[6.9051442,45.9430779],[6.905201,45.9430262],[6.9052671,45.9429845],[6.9053404,45.9429608],[6.9054262,45.9429486],[6.9054955,45.9429459],[6.9056045,45.9429522],[6.9057148,45.9429775],[6.9058459,45.9430262],[6.9059758,45.9430858],[6.9060564,45.943139],[6.9061297,45.9431943],[6.9062223,45.943269],[6.9062859,45.9433087],[6.906356,45.9433295],[6.9064911,45.9433257]]}},{"type":"Feature","id":769047780,"properties":{"kind":"run","name":"Mapped ski run","subtype":"easy","pisteType":"nordic","featured":false},"geometry":{"type":"LineString","coordinates":[[6.8969016,45.9392453],[6.8968995,45.9391853],[6.8965376,45.9389156],[6.8962195,45.938675],[6.895955,45.9384803],[6.8956807,45.9383706],[6.8955282,45.9383683],[6.8955057,45.938359],[6.8954766,45.9383469],[6.8954236,45.9382979],[6.8952164,45.9380834],[6.8951581,45.938033],[6.8950548,45.9379766],[6.894888,45.9378917],[6.8941495,45.937481],[6.8937596,45.9372084],[6.8930043,45.9369457],[6.8926014,45.9367725],[6.8923259,45.9366121],[6.8918545,45.9362908],[6.8915667,45.93614],[6.8903891,45.9357501],[6.8903527,45.9357208],[6.8903555,45.9356175],[6.8904704,45.9353678],[6.8905097,45.9352177],[6.8905097,45.9350305],[6.8904536,45.9348862],[6.8904462,45.9348182]]}},{"type":"Feature","id":860901464,"properties":{"kind":"run","name":"Point de vue","subtype":"expert","pisteType":"downhill","featured":false},"geometry":{"type":"LineString","coordinates":[[6.9642298,45.9567834],[6.9645303,45.9570463],[6.9645109,45.9572114],[6.9642928,45.9574709],[6.964094,45.9577506],[6.9642152,45.9579427],[6.9643316,45.9580809],[6.9648018,45.95831],[6.9649424,45.9584886],[6.9650732,45.9585055],[6.965272,45.9586032],[6.9654126,45.9587852],[6.9655629,45.9588796],[6.9655677,45.958984],[6.9656647,45.9590144],[6.965558,45.9591458],[6.9654659,45.9592233],[6.9656453,45.9593177],[6.9656889,45.9593851],[6.9655289,45.9595064],[6.9654998,45.9596445],[6.9654368,45.9598872],[6.9652332,45.9601601],[6.9650199,45.9602612],[6.96486,45.9602814],[6.9645497,45.9602107],[6.9644188,45.9602713],[6.9642491,45.960396],[6.9640795,45.9605274],[6.9641716,45.9606825],[6.9643606,45.9607566],[6.9646467,45.9609049],[6.9647533,45.9609622],[6.9646467,45.9611037],[6.9642831,45.9613598],[6.9638613,45.9614676],[6.9635365,45.9616496],[6.9632554,45.9620978],[6.9632554,45.9621955],[6.9633378,45.9622427],[6.9634347,45.962209],[6.9635511,45.9621685],[6.9636914,45.9621618],[6.9636376,45.9623202],[6.963671,45.9625519],[6.9636518,45.9628154],[6.9637585,45.9631191],[6.9638605,45.9632609],[6.9639868,45.9633823],[6.9641613,45.9634497],[6.9642635,45.9635373],[6.9644281,45.9637092],[6.9644962,45.96379],[6.9646153,45.963968],[6.9646935,45.9641422],[6.9648091,45.9643282],[6.9646913,45.9644279],[6.9645054,45.9645594],[6.964414,45.9646587],[6.9642092,45.9648996],[6.9638853,45.9652871],[6.9634832,45.9657161],[6.9632614,45.9658911],[6.9630755,45.9659781],[6.9626356,45.9660018],[6.9624419,45.9660219],[6.9623513,45.9660598],[6.9621966,45.9661572],[6.9620201,45.9663806],[6.9619253,45.9665436],[6.9617773,45.9668246],[6.9616709,45.9669414],[6.9613775,45.9671283],[6.9606132,45.9677259],[6.9598461,45.9677471],[6.9586273,45.9679306],[6.957824,45.9678917],[6.9576262,45.9678863],[6.9573709,45.9679144],[6.9569777,45.9679577],[6.9565902,45.9680676],[6.9561869,45.9680786],[6.9556649,45.9680731],[6.9551664,45.9681275]]}},{"type":"Feature","id":865998774,"properties":{"kind":"run","name":"Mapped ski run","subtype":"intermediate","pisteType":"nordic","featured":false},"geometry":{"type":"LineString","coordinates":[[6.9329262,45.9795945],[6.9330055,45.9795811],[6.9330619,45.9795663],[6.9331448,45.979535],[6.933229,45.9794968],[6.9332876,45.979463],[6.9334247,45.9793707],[6.9334969,45.9793221],[6.9335433,45.9792844],[6.9335804,45.9792461],[6.9336083,45.979203],[6.933629,45.9791503],[6.9336504,45.9791062],[6.9336933,45.9790555],[6.9337376,45.9790238],[6.9337961,45.978991],[6.9338818,45.9789603],[6.9339947,45.9789265],[6.9341561,45.9788779],[6.9342989,45.9788362],[6.9346289,45.9787545],[6.9347217,45.9787548],[6.9348046,45.9787637],[6.9348646,45.9787746],[6.934925,45.9787963],[6.9350574,45.9788511],[6.9351803,45.9789037],[6.9352602,45.9789513],[6.9353245,45.9790049],[6.9353974,45.9790814],[6.9354818,45.9791856],[6.9355493,45.9793394],[6.9355959,45.9795262]]}},{"type":"Feature","id":866982533,"properties":{"kind":"run","name":"Mapped ski run","subtype":"intermediate","pisteType":"nordic","featured":false},"geometry":{"type":"LineString","coordinates":[[6.9326705,45.9793087],[6.9327205,45.9791836],[6.9327369,45.9791345],[6.9327448,45.9790908],[6.9327419,45.9790417],[6.9327191,45.9790034],[6.9326912,45.9789761],[6.9326629,45.9789546],[6.9326246,45.9789434],[6.9325914,45.9789383]]}},{"type":"Feature","id":866983909,"properties":{"kind":"run","name":"Mapped ski run","subtype":"intermediate","pisteType":"nordic","featured":false},"geometry":{"type":"LineString","coordinates":[[6.9334355,45.9820824],[6.9333993,45.9819911],[6.933351,45.9818411],[6.9333081,45.9816641],[6.93328,45.981529],[6.9332692,45.9814703],[6.9332639,45.9814289],[6.9332646,45.9814019],[6.9332706,45.981372],[6.9332887,45.9813269],[6.9333148,45.9812882],[6.933339,45.9812356],[6.9333449,45.9812148],[6.9333752,45.9811089],[6.9333953,45.9810474],[6.9334234,45.9809859],[6.933477,45.9808965],[6.9335387,45.9808201],[6.9336071,45.9807353],[6.9336513,45.9806682],[6.9336848,45.9806096],[6.9337103,45.9805313],[6.9337264,45.9804167],[6.9337478,45.9803636],[6.9337787,45.9803273],[6.933831,45.9803049],[6.9338899,45.9802938],[6.9339905,45.9802807],[6.9342023,45.9802677],[6.9344168,45.980263],[6.9345039,45.9802611],[6.9345817,45.9802509],[6.9346447,45.9802285],[6.9347171,45.9801876],[6.9348538,45.9801251],[6.935138,45.9800115],[6.935252,45.9799593],[6.9353257,45.9799183],[6.9354531,45.9798382],[6.9355456,45.979773],[6.9355824,45.9797418],[6.9356123,45.9796969],[6.9356199,45.9796666],[6.9356171,45.9796349],[6.9356124,45.9796072]]}},{"type":"Feature","id":866983910,"properties":{"kind":"run","name":"Mapped ski run","subtype":"intermediate","pisteType":"nordic","featured":false},"geometry":{"type":"LineString","coordinates":[[6.9356124,45.9796072],[6.9355959,45.9795262]]}},{"type":"Feature","id":866983914,"properties":{"kind":"run","name":"Mapped ski run","subtype":"intermediate","pisteType":"nordic","featured":false},"geometry":{"type":"LineString","coordinates":[[6.9341019,45.982622],[6.9339789,45.9827027],[6.9339079,45.9827331],[6.9338587,45.9827425],[6.9337781,45.9827416],[6.9337152,45.9827331],[6.9336415,45.9827416],[6.9335882,45.9827672],[6.9335472,45.9828062],[6.933513,45.9828622],[6.9334843,45.9829277],[6.9334495,45.9829828],[6.9334099,45.9830222],[6.933373,45.9830468],[6.9333012,45.9830834],[6.9332466,45.9831052],[6.9331926,45.9831323],[6.9331701,45.9831465],[6.9331496,45.9831518],[6.9331093,45.9831642]]}},{"type":"Feature","id":871957403,"properties":{"kind":"run","name":"Mapped ski run","subtype":"intermediate","pisteType":"nordic","featured":false},"geometry":{"type":"LineString","coordinates":[[6.9285899,45.9758733],[6.9288561,45.9759517],[6.9289206,45.975991],[6.9289923,45.9760583],[6.9291958,45.9762651],[6.9292684,45.9763554],[6.9293311,45.9764395],[6.929367,45.9764968],[6.929367,45.9765529],[6.9293571,45.9766071],[6.9293347,45.9766625],[6.9293078,45.9767136],[6.9292648,45.9767678],[6.92922,45.9768176],[6.9291752,45.9768656],[6.9291393,45.9768911],[6.9290927,45.9769328],[6.9290612,45.976973],[6.9290478,45.9770046],[6.9290518,45.9770382],[6.9290645,45.9770685],[6.929092,45.9770946],[6.9291571,45.9771328],[6.9292979,45.9772018],[6.9293489,45.977233],[6.9293985,45.9772721],[6.9294427,45.9773215],[6.9294783,45.9773714],[6.9295002,45.9774258],[6.9295125,45.9774767],[6.9295131,45.9775242],[6.9295058,45.9775769]]}},{"type":"Feature","id":871957409,"properties":{"kind":"run","name":"Mapped ski run","subtype":"intermediate","pisteType":"nordic","featured":false},"geometry":{"type":"LineString","coordinates":[[6.929085,45.9807334],[6.9292347,45.9807392],[6.9293435,45.9807346],[6.9295159,45.9807189],[6.9296456,45.9807061],[6.929756,45.9806863],[6.929833,45.9806636],[6.9298773,45.9806439],[6.92991,45.9806171],[6.9299284,45.9805834],[6.9299342,45.9805468],[6.9299317,45.9805026],[6.9299225,45.9804543],[6.9298757,45.9802735],[6.9298614,45.9801776],[6.929864,45.9800962],[6.9298757,45.9800212],[6.9299033,45.9799334],[6.9299476,45.9798642],[6.930039,45.9797556],[6.930123,45.9796535],[6.9301575,45.9796077],[6.9301937,45.9795662],[6.9302361,45.9795269],[6.9302675,45.9795024],[6.9303256,45.9794718],[6.9303892,45.9794325],[6.9304316,45.9794014],[6.9304952,45.9793403],[6.9305408,45.9792884],[6.9305997,45.9792333],[6.9306437,45.9792006],[6.9306939,45.9791738],[6.9307371,45.9791613],[6.9308047,45.9791509],[6.9308628,45.9791515],[6.9309264,45.9791591],[6.9309945,45.9791808],[6.9311259,45.9792295],[6.9312554,45.9792688],[6.9314156,45.979319],[6.9315594,45.9793605],[6.9316764,45.9793916],[6.931791,45.9794118],[6.9319949,45.9794553]]}},{"type":"Feature","id":873090038,"properties":{"kind":"run","name":"Mapped ski run","subtype":"intermediate","pisteType":"nordic","featured":false},"geometry":{"type":"LineString","coordinates":[[6.929085,45.9807334],[6.9290507,45.9806317],[6.9290214,45.9805695],[6.928959,45.9805088]]}},{"type":"Feature","id":874072444,"properties":{"kind":"run","name":"Mapped ski run","subtype":"intermediate","pisteType":"nordic","featured":false},"geometry":{"type":"LineString","coordinates":[[6.9301435,45.9813394],[6.9302201,45.9814727],[6.9306129,45.9819386]]}},{"type":"Feature","id":874072445,"properties":{"kind":"run","name":"Mapped ski run","subtype":"intermediate","pisteType":"nordic","featured":false},"geometry":{"type":"LineString","coordinates":[[6.9301435,45.9813394],[6.9300047,45.981369],[6.9299591,45.9814026],[6.9299,45.9815629],[6.9298035,45.9816337],[6.9297695,45.9816925],[6.9298732,45.9818331],[6.9300705,45.9820048],[6.9302027,45.982293],[6.9304899,45.9823934]]}},{"type":"Feature","id":875809024,"properties":{"kind":"run","name":"Liaison Plan Joran","subtype":"easy","pisteType":"downhill","featured":false},"geometry":{"type":"LineString","coordinates":[[6.9425701,45.968101],[6.9425802,45.9679785],[6.9425721,45.9679337],[6.9425547,45.967896],[6.9425325,45.967858],[6.9425037,45.9678256],[6.9424575,45.9677808],[6.9423891,45.9677207],[6.9423026,45.9676583],[6.9421886,45.9675804],[6.9421128,45.9675464],[6.9420598,45.9675217],[6.9419083,45.9674392],[6.9418305,45.9674001],[6.9417514,45.9673707],[6.9416602,45.9673469],[6.9415603,45.9673259],[6.9414168,45.9673022],[6.9413028,45.9672877],[6.9411995,45.9672789],[6.9410681,45.9672737],[6.9409675,45.9672765],[6.9408696,45.9672835],[6.9407798,45.9672947],[6.9406919,45.9673101],[6.940598,45.9673292],[6.9405303,45.9673381],[6.94047,45.9673381],[6.9404143,45.9673301],[6.9403721,45.9673152],[6.9403392,45.9672924],[6.9403104,45.9672649],[6.9402882,45.9672285],[6.9402634,45.9671791],[6.9401964,45.9670668],[6.9401555,45.9670076],[6.9401112,45.9669568],[6.9400616,45.9669153],[6.939959,45.9668468],[6.9398048,45.9667461],[6.9396448,45.9666479],[6.9395674,45.9666021],[6.9394943,45.9665714],[6.9394501,45.9665644],[6.9393951,45.9665714],[6.9393481,45.96659],[6.9392918,45.9666292],[6.9392509,45.9666706],[6.9391885,45.9667555],[6.9391329,45.9668324],[6.939092,45.9668664],[6.9390464,45.9668897],[6.9389927,45.9669083],[6.9389203,45.9669223],[6.9388452,45.9669321],[6.9387547,45.9669344],[6.9386575,45.9669298],[6.9385703,45.9669214],[6.9384342,45.9669018],[6.9382478,45.9668622],[6.9380218,45.9668226],[6.9378997,45.9668095],[6.9377918,45.9668091],[6.9376697,45.9668221],[6.9375859,45.9668417],[6.937488,45.9668748],[6.9373834,45.9669223],[6.9372433,45.9669866],[6.9371594,45.9670146],[6.9370723,45.967037],[6.9369945,45.9670458],[6.9369113,45.9670486],[6.9368087,45.9670463],[6.9366666,45.9670449],[6.9365687,45.9670538],[6.9364587,45.9670724],[6.9363856,45.9670775],[6.9363172,45.9670729],[6.9362629,45.9670631],[6.9362153,45.9670449],[6.9361798,45.9670216],[6.9361389,45.9669852],[6.9360892,45.9669279],[6.9360222,45.9668566],[6.9359223,45.9667639],[6.9358592,45.9667154],[6.9357922,45.966673],[6.9357245,45.9666366],[6.9356659,45.9666132]]}},{"type":"Feature","id":875809026,"properties":{"kind":"run","name":"Mapped ski run","subtype":"intermediate","pisteType":"nordic","featured":false},"geometry":{"type":"LineString","coordinates":[[6.9331093,45.9831642],[6.9329257,45.9832165],[6.9327641,45.9832216]]}},{"type":"Feature","id":881059762,"properties":{"kind":"run","name":"Blanchots","subtype":"advanced","pisteType":"downhill","featured":false},"geometry":{"type":"LineString","coordinates":[[6.952766,45.9578753],[6.95288,45.957762],[6.953175,45.9576935],[6.9537975,45.9577126],[6.9545023,45.9578908],[6.9545389,45.9581199],[6.9543192,45.9582153],[6.9538615,45.9582281],[6.9532482,45.9583999],[6.9527645,45.9586637]]}},{"type":"Feature","id":922034424,"properties":{"kind":"run","name":"Mapped ski run","subtype":"intermediate","pisteType":"nordic","featured":false},"geometry":{"type":"LineString","coordinates":[[7.0930405,45.9354568],[7.093155,45.9353871],[7.0933227,45.9353299],[7.093544,45.9353382],[7.0935051,45.9354346],[7.0930698,45.9357296],[7.092819,45.9360293],[7.0927167,45.936336],[7.0926374,45.9366888],[7.0927882,45.93678],[7.0930592,45.9367352],[7.0932621,45.9364038],[7.0935568,45.9359433],[7.093705,45.9355113],[7.0939099,45.9353972],[7.0941997,45.9355162],[7.0943072,45.9357586],[7.0943019,45.9360773],[7.0943228,45.9363194],[7.0945529,45.9365935],[7.0947413,45.9368627],[7.0949953,45.9371968],[7.0950454,45.9374014],[7.0949372,45.9376248],[7.0944087,45.9380206],[7.0938395,45.9385879],[7.0936454,45.9387584],[7.0932934,45.9391081],[7.0932595,45.9391418],[7.093244,45.939208],[7.0932594,45.9392438],[7.0933212,45.9393227],[7.093391,45.9393936],[7.0935009,45.939457],[7.0936163,45.9394981],[7.093717,45.9395167],[7.0938282,45.9395055],[7.0940168,45.9395152],[7.0942486,45.9394562],[7.09465,45.9394081],[7.0950008,45.9396214],[7.095253,45.9399417],[7.0953911,45.9402954],[7.0955244,45.9405391],[7.0957094,45.9407565],[7.0957534,45.9409679],[7.0956838,45.9410296],[7.0956074,45.9411066],[7.0954007,45.9411364],[7.0951095,45.9411639],[7.0949513,45.9412427],[7.0949197,45.9412998],[7.0949404,45.9413631],[7.0949863,45.9414151],[7.0951227,45.9415073],[7.0952844,45.9416115],[7.0954321,45.9417672],[7.0956237,45.9419661],[7.0957979,45.9420155],[7.0959602,45.9420227],[7.096033,45.9420225]]}},{"type":"Feature","id":922034426,"properties":{"kind":"run","name":"Mapped ski run","subtype":"intermediate","pisteType":"nordic","featured":false},"geometry":{"type":"LineString","coordinates":[[7.0943811,45.9354837],[7.0941634,45.9354341],[7.0939757,45.9352959],[7.0939253,45.9351225],[7.0939549,45.9349051],[7.094039,45.9346914],[7.0944678,45.9343092],[7.0948601,45.934087],[7.0950248,45.9340256],[7.0952779,45.9337483],[7.095297,45.9336507]]}},{"type":"Feature","id":922034428,"properties":{"kind":"run","name":"Mapped ski run","subtype":"advanced","pisteType":"nordic","featured":false},"geometry":{"type":"LineString","coordinates":[[7.0919415,45.934696],[7.0918162,45.9348993],[7.0917703,45.9350964],[7.0917516,45.9352703],[7.0916987,45.9354028],[7.0916395,45.9357412],[7.0918262,45.9359932],[7.0918803,45.9362743],[7.0920523,45.9363381],[7.0922366,45.9362181],[7.0923789,45.9359052],[7.0930405,45.9354568]]}},{"type":"Feature","id":946362118,"properties":{"kind":"run","name":"Croix de Lognan","subtype":"easy","pisteType":"downhill","featured":false},"geometry":{"type":"LineString","coordinates":[[6.9421007,45.9656347],[6.9422975,45.9657652],[6.942437,45.9658956],[6.942484,45.9659945],[6.9425066,45.9661297],[6.9424646,45.9663864],[6.9423862,45.9666519],[6.9423161,45.9669467],[6.9422349,45.9672073],[6.9421514,45.9673754],[6.9420517,45.9674333],[6.9419083,45.9674392]]}},{"type":"Feature","id":946362119,"properties":{"kind":"run","name":"Petit Marmotton","subtype":"novice","pisteType":"downhill","featured":false},"geometry":{"type":"LineString","coordinates":[[6.9432345,45.9667043],[6.9430101,45.966741],[6.9428416,45.9668444],[6.9427242,45.9669509],[6.9425635,45.9670849],[6.9424675,45.9671879],[6.9424013,45.9672851],[6.9423616,45.9674308],[6.9423866,45.9675142]]}},{"type":"Feature","id":946362120,"properties":{"kind":"run","name":"Petit Marmotton","subtype":"novice","pisteType":"sled","featured":false},"geometry":{"type":"LineString","coordinates":[[6.9432345,45.9667043],[6.9432332,45.9667897],[6.9432242,45.9668662],[6.9431688,45.9669482],[6.9428256,45.9672658]]}},{"type":"Feature","id":968322757,"properties":{"kind":"run","name":"Mapped ski run","subtype":"easy","pisteType":"nordic","featured":false},"geometry":{"type":"LineString","coordinates":[[7.02128,45.8502279],[7.0209759,45.850126],[7.0204863,45.8499614],[7.0202234,45.8498512],[7.0201,45.8498269],[7.0200308,45.8498276],[7.0199865,45.8498336]]}},{"type":"Feature","id":968322758,"properties":{"kind":"run","name":"Mapped ski run","subtype":"easy","pisteType":"nordic","featured":false},"geometry":{"type":"LineString","coordinates":[[7.021347,45.8502503],[7.0214367,45.8502804],[7.0215801,45.8503394]]}},{"type":"Feature","id":977832618,"properties":{"kind":"run","name":"Evettes","subtype":"easy","pisteType":"downhill","featured":false},"geometry":{"type":"LineString","coordinates":[[6.8808265,45.956878],[6.8807516,45.9568706],[6.8806459,45.9568367]]}},{"type":"Feature","id":977832619,"properties":{"kind":"run","name":"Evettes","subtype":"easy","pisteType":"downhill","featured":false},"geometry":{"type":"LineString","coordinates":[[6.8876574,45.9602757],[6.8876962,45.9602206],[6.887741,45.9601116],[6.887757,45.960037],[6.8877168,45.9599288],[6.8876418,45.9598244],[6.8875264,45.9597162],[6.8874346,45.9596202],[6.8873359,45.9595522],[6.8872152,45.9595149],[6.8870731,45.9595186],[6.8868585,45.9595391],[6.8866466,45.9595485],[6.8865232,45.9595466],[6.8864079,45.9595279],[6.886339,45.9594946]]}},{"type":"Feature","id":982229571,"properties":{"kind":"run","name":"Mapped ski run","subtype":"intermediate","pisteType":"nordic","featured":false},"geometry":{"type":"LineString","coordinates":[[7.0922415,45.9336762],[7.0922625,45.9337494],[7.0923614,45.933966],[7.092366,45.9340735],[7.0923439,45.9341752],[7.0922733,45.9342563],[7.0921386,45.9343518],[7.0920932,45.9343981],[7.0919906,45.9346128],[7.0919415,45.934696],[7.0918348,45.9348525],[7.0918162,45.9348993],[7.0917222,45.9351357],[7.0917007,45.9353187],[7.0916643,45.9354183],[7.0916147,45.9355038],[7.0915888,45.9355684],[7.0915734,45.9357214],[7.0916211,45.9358118],[7.091728,45.9359003],[7.0917785,45.9359547],[7.0918234,45.9360567],[7.0918285,45.936196],[7.091812,45.9362701],[7.0918288,45.9363091],[7.0919633,45.9363712],[7.0920279,45.9363918],[7.0921097,45.9363712],[7.0921597,45.9363396],[7.0922072,45.9362837],[7.0923053,45.936182],[7.0923619,45.9361026],[7.0923892,45.9360141],[7.0924074,45.9359398],[7.092448,45.9358759],[7.0925102,45.9358088],[7.0925324,45.9357849],[7.092668,45.9356739],[7.0927732,45.9355889],[7.0928862,45.9355201],[7.0930405,45.9354568],[7.0933051,45.9353622],[7.0933909,45.935329],[7.0934724,45.9353227],[7.0936064,45.9353324],[7.0937124,45.9353618],[7.0938004,45.9353906],[7.0938373,45.9353965]]}},{"type":"Feature","id":1027263465,"properties":{"kind":"run","name":"Mapped ski run","subtype":"easy","pisteType":"nordic","featured":false},"geometry":{"type":"LineString","coordinates":[[7.092273,45.9290844],[7.092277,45.9290681],[7.0924768,45.9287705],[7.0927329,45.9283806],[7.0928489,45.9282853]]}},{"type":"Feature","id":1093900574,"properties":{"kind":"run","name":"Mapped ski run","subtype":"easy","pisteType":"nordic","featured":false},"geometry":{"type":"LineString","coordinates":[[7.0110216,45.842043],[7.0108725,45.8421617]]}},{"type":"Feature","id":1093900577,"properties":{"kind":"run","name":"Mapped ski run","subtype":"easy","pisteType":"nordic","featured":false},"geometry":{"type":"LineString","coordinates":[[7.0120069,45.842099],[7.0119614,45.8421227]]}},{"type":"Feature","id":1095217676,"properties":{"kind":"run","name":"Chetif","subtype":"easy","pisteType":"downhill","featured":false},"geometry":{"type":"LineString","coordinates":[[6.9482432,45.806278],[6.9480684,45.8060315],[6.947698,45.8056988],[6.9472397,45.8056053]]}},{"type":"Feature","id":1107427110,"properties":{"kind":"run","name":"Alpage Respect","subtype":"intermediate","pisteType":"skitour","featured":false},"geometry":{"type":"LineString","coordinates":[[6.7609556,45.8861305],[6.760992,45.886136],[6.7610148,45.8861323],[6.7610423,45.8861188],[6.7610711,45.8860814],[6.7611013,45.8860469],[6.7611361,45.8860133],[6.7611884,45.8859946],[6.761228,45.8859881],[6.7612508,45.8859895],[6.7612736,45.8859941],[6.761289,45.8860035],[6.7612944,45.8860198],[6.7612904,45.8860399],[6.7612736,45.8860749],[6.761285,45.8861062],[6.7613132,45.8861116],[6.7613517,45.8861057],[6.7613889,45.8860884],[6.761426,45.88604],[6.761491,45.885964],[6.7614962,45.885883],[6.7615016,45.8858373],[6.7615212,45.8857975],[6.7616471,45.8856287],[6.7616947,45.8855684],[6.7617329,45.8855348],[6.7617644,45.8855096],[6.761796,45.8854751],[6.7618348,45.8854359],[6.7618851,45.8854055],[6.7619475,45.8853869],[6.7620179,45.8853785],[6.7620883,45.8853738],[6.7621594,45.8853719],[6.7621929,45.8853845],[6.762211,45.8854074],[6.7622184,45.8854373],[6.7622171,45.8854737],[6.7622258,45.8855022],[6.7622492,45.8855278],[6.7622881,45.8855493],[6.7623398,45.8855638],[6.762535,45.885576],[6.762726,45.885559],[6.7630365,45.8856077],[6.763224,45.885705],[6.763488,45.885751],[6.763603,45.885814],[6.763815,45.886013],[6.763909,45.886064],[6.764341,45.886254],[6.764619,45.886404],[6.764884,45.886486],[6.765196,45.886639],[6.7653303,45.8867301],[6.7653754,45.8867298],[6.7654029,45.8867013],[6.7654096,45.8866439],[6.765391,45.886549],[6.765294,45.886357],[6.7652231,45.8862728],[6.7651957,45.8862208],[6.7651886,45.8861986],[6.76519,45.8861827],[6.765203,45.8861701],[6.7652205,45.8861638],[6.7652413,45.8861636],[6.7652687,45.886164],[6.7652919,45.8861671],[6.7653187,45.8861776],[6.7653794,45.8862081],[6.7654122,45.8862264],[6.7655544,45.8863015],[6.7656681,45.8863711],[6.7657054,45.8863939]]}},{"type":"Feature","id":1110838534,"properties":{"kind":"lift","name":"Floria","subtype":"platter","status":"active"},"geometry":{"type":"LineString","coordinates":[[6.8750602,45.973972],[6.8762896,45.9706425]]}},{"type":"Feature","id":1148337338,"properties":{"kind":"run","name":"Mapped ski run","subtype":"easy","pisteType":"nordic","featured":false},"geometry":{"type":"LineString","coordinates":[[6.9824694,45.8284851],[6.982743,45.8284589],[6.9829737,45.828429],[6.9831775,45.8284739],[6.9834297,45.8285673],[6.9837784,45.8286608],[6.9841485,45.828758],[6.9843524,45.8288738],[6.9845288,45.8289586]]}},{"type":"Feature","id":1148337339,"properties":{"kind":"run","name":"Mapped ski run","subtype":"easy","pisteType":"nordic","featured":false},"geometry":{"type":"LineString","coordinates":[[6.9859329,45.8300675],[6.9861763,45.830227],[6.9865464,45.8304325],[6.9867012,45.8305492],[6.9868257,45.8306431],[6.9869145,45.8307205],[6.9870884,45.8308083]]}},{"type":"Feature","id":1148337342,"properties":{"kind":"run","name":"Mapped ski run","subtype":"easy","pisteType":"nordic","featured":false},"geometry":{"type":"LineString","coordinates":[[6.9898437,45.8316706],[6.9902104,45.831771],[6.990779,45.8320326],[6.9914818,45.8323728],[6.9920304,45.8326445]]}},{"type":"Feature","id":1148337343,"properties":{"kind":"run","name":"Mapped ski run","subtype":"easy","pisteType":"nordic","featured":false},"geometry":{"type":"LineString","coordinates":[[6.9870884,45.8308083],[6.9875727,45.8309561],[6.988104,45.8311322],[6.9898437,45.8316706]]}},{"type":"Feature","id":1148337345,"properties":{"kind":"run","name":"Mapped ski run","subtype":"easy","pisteType":"nordic","featured":false},"geometry":{"type":"LineString","coordinates":[[6.9944874,45.8340164],[6.9946521,45.8340659],[6.9948951,45.8341162],[6.9952637,45.8341257],[6.9956231,45.834122],[6.9959422,45.8341632],[6.9963057,45.8342276],[6.9966878,45.8342724],[6.9970154,45.8344012],[6.9972177,45.8346097],[6.9972467,45.834728],[6.9974259,45.8348314],[6.9978913,45.8348988],[6.9983762,45.834974],[6.9988199,45.8351335],[6.9990232,45.8353396],[6.9990338,45.8353654],[6.9990711,45.8354563]]}},{"type":"Feature","id":1148337346,"properties":{"kind":"run","name":"Mapped ski run","subtype":"easy","pisteType":"nordic","featured":false},"geometry":{"type":"LineString","coordinates":[[6.9920304,45.8326445],[6.9924191,45.8328003],[6.9929553,45.8330441],[6.9933197,45.8332739]]}},{"type":"Feature","id":1148337347,"properties":{"kind":"run","name":"Mapped ski run","subtype":"easy","pisteType":"nordic","featured":false},"geometry":{"type":"LineString","coordinates":[[6.9990711,45.8354563],[6.9992245,45.8354563]]}},{"type":"Feature","id":1148337349,"properties":{"kind":"run","name":"Mapped ski run","subtype":"easy","pisteType":"nordic","featured":false},"geometry":{"type":"LineString","coordinates":[[7.0005113,45.8355988],[7.000727,45.8355751],[7.0009351,45.8355585],[7.0011147,45.8356058],[7.0015575,45.8357885],[7.0023693,45.8361769],[7.0027382,45.8363486],[7.0027943,45.8364079],[7.0028344,45.8364897],[7.0028244,45.8366084],[7.0028753,45.8366981],[7.0029998,45.8368179],[7.0032753,45.8370521],[7.0038731,45.8375141],[7.0040328,45.8376029],[7.004228,45.8376768],[7.0053161,45.8379534],[7.0060166,45.8380965],[7.0062636,45.8381872],[7.0065396,45.8383145],[7.0068805,45.8385683],[7.0070767,45.8389066],[7.0072168,45.8393719],[7.0072891,45.8394703],[7.0073662,45.8395378],[7.0074887,45.8396013],[7.0076289,45.8396599],[7.0077869,45.8397641],[7.0079238,45.8398832],[7.0085976,45.8402761],[7.0086633,45.8404254],[7.0087974,45.8406385],[7.0091354,45.8408515],[7.0096235,45.8411019],[7.0099132,45.8412813],[7.0100527,45.8413448],[7.0102029,45.841356],[7.0103263,45.8413336],[7.0104979,45.8412775],[7.0106911,45.8412476],[7.0108895,45.8412177],[7.0110719,45.8411056],[7.0112221,45.8409262],[7.0114635,45.8407767],[7.0118466,45.8406855],[7.0121234,45.8406871],[7.012456,45.8406945],[7.0128701,45.8406937],[7.0132509,45.840708],[7.0134505,45.8407596],[7.0135986,45.840859],[7.013679,45.84093],[7.0136522,45.8410122],[7.0135503,45.8410421],[7.0133733,45.8410084],[7.0130836,45.8409599],[7.0128636,45.8409113],[7.0126115,45.8409001],[7.0122789,45.84093],[7.0119517,45.8410682],[7.0115247,45.8412177],[7.011309,45.8413874],[7.01127,45.8415075],[7.011308,45.8416176],[7.0113831,45.8417035],[7.0114635,45.8417409],[7.0115655,45.8417633],[7.0117049,45.8417596],[7.0119517,45.841711],[7.0120829,45.8416624]]}},{"type":"Feature","id":1148337351,"properties":{"kind":"run","name":"Mapped ski run","subtype":"easy","pisteType":"nordic","featured":false},"geometry":{"type":"LineString","coordinates":[[7.0215801,45.8503394],[7.0225822,45.8507515],[7.0229982,45.8509985],[7.0236213,45.8514262],[7.0240497,45.851728],[7.0242773,45.8518619],[7.0246056,45.8521114],[7.0248042,45.8522377],[7.0248637,45.8523125],[7.0248937,45.8523735],[7.0249153,45.8524709],[7.0249174,45.8525285],[7.0249091,45.8526281],[7.0248824,45.852951],[7.0248925,45.8530481]]}},{"type":"Feature","id":1148337352,"properties":{"kind":"run","name":"Mapped ski run","subtype":"easy","pisteType":"nordic","featured":false},"geometry":{"type":"LineString","coordinates":[[7.022772,45.85326],[7.0226391,45.853238],[7.0223512,45.8532152]]}},{"type":"Feature","id":1148337355,"properties":{"kind":"run","name":"Mapped ski run","subtype":"easy","pisteType":"nordic","featured":false},"geometry":{"type":"LineString","coordinates":[[7.0177424,45.848894],[7.0174435,45.8488631],[7.0170084,45.8488093],[7.0165003,45.8486592],[7.0160165,45.8484836],[7.0157319,45.8483816],[7.0155731,45.8482795],[7.0154148,45.8481778],[7.0150855,45.8479172],[7.0149066,45.8477473],[7.0148619,45.8475576],[7.0148863,45.8473933],[7.0150611,45.8471724],[7.0153294,45.8468043],[7.0155124,45.8465098],[7.0155774,45.8463257],[7.01549,45.8461791],[7.015354,45.8460831],[7.0152034,45.846],[7.0147115,45.8458499],[7.0143984,45.8456828],[7.0141992,45.8454874],[7.0140673,45.8452867],[7.0139324,45.8451046],[7.0137637,45.8447511],[7.0137204,45.844552],[7.0136651,45.8444134],[7.0135169,45.8442925],[7.0130995,45.8440778],[7.0129552,45.843995],[7.0128032,45.8439324],[7.012616,45.8438622],[7.0121748,45.8436654],[7.0117153,45.843393],[7.0114873,45.8431398],[7.0112516,45.8428608],[7.0109224,45.8426233],[7.0107849,45.8425345],[7.0105076,45.842337],[7.0104257,45.8422749]]}},{"type":"Feature","id":1148337356,"properties":{"kind":"run","name":"Mapped ski run","subtype":"easy","pisteType":"nordic","featured":false},"geometry":{"type":"LineString","coordinates":[[7.0194663,45.8498393],[7.0186919,45.8495307],[7.018535,45.8494186],[7.0182097,45.8491073],[7.0179678,45.8489723],[7.0177424,45.848894]]}},{"type":"Feature","id":1148337357,"properties":{"kind":"run","name":"Mapped ski run","subtype":"easy","pisteType":"nordic","featured":false},"geometry":{"type":"LineString","coordinates":[[7.009048,45.8417133],[7.008836,45.8416392],[7.0085932,45.8414793],[7.0084105,45.8413413]]}},{"type":"Feature","id":1148337359,"properties":{"kind":"run","name":"Mapped ski run","subtype":"easy","pisteType":"nordic","featured":false},"geometry":{"type":"LineString","coordinates":[[7.0084105,45.8413413],[7.0081371,45.8411213],[7.0075601,45.8407864],[7.0070208,45.840553],[7.0063947,45.8402924],[7.0058947,45.8400941],[7.0053743,45.8399072],[7.0050877,45.8398764],[7.0048011,45.8398874],[7.0043434,45.8399737],[7.0041472,45.8400853],[7.0039324,45.8401364],[7.0037546,45.8401463],[7.0034335,45.8400811],[7.0033394,45.8399994],[7.0030881,45.8395953],[7.0029361,45.8393705],[7.0029334,45.8392314],[7.0028724,45.8390615],[7.0026854,45.8389199],[7.0022464,45.8386225],[7.0020593,45.8384752],[7.0020126,45.838401],[7.0020268,45.8382033],[7.0021732,45.8379059],[7.0023399,45.8375632],[7.0023683,45.8373564],[7.0022829,45.8370958],[7.0021854,45.8369401],[7.0020024,45.8367673],[7.0015349,45.8365775],[7.0009576,45.8364189],[7.0003966,45.8362744],[6.9999616,45.8360903],[6.999555,45.8358581],[6.9992286,45.8356302],[6.9990543,45.8355337],[6.998841,45.8355038]]}},{"type":"Feature","id":1148337362,"properties":{"kind":"run","name":"Mapped ski run","subtype":"easy","pisteType":"nordic","featured":false},"geometry":{"type":"LineString","coordinates":[[6.9954358,45.8345722],[6.995063,45.8343956]]}},{"type":"Feature","id":1148337364,"properties":{"kind":"run","name":"Mapped ski run","subtype":"easy","pisteType":"nordic","featured":false},"geometry":{"type":"LineString","coordinates":[[6.9888177,45.8331705],[6.9884947,45.8331433],[6.9883694,45.8330756],[6.988239,45.8328793],[6.9881103,45.8327476],[6.9878696,45.8324486]]}},{"type":"Feature","id":1148337365,"properties":{"kind":"run","name":"Mapped ski run","subtype":"easy","pisteType":"nordic","featured":false},"geometry":{"type":"LineString","coordinates":[[6.9878696,45.8324486],[6.9878499,45.8323798]]}},{"type":"Feature","id":1148936923,"properties":{"kind":"run","name":"Mapped ski run","subtype":"easy","pisteType":"nordic","featured":false},"geometry":{"type":"LineString","coordinates":[[6.9869387,45.8308669],[6.986927,45.8307962],[6.9869145,45.8307205]]}},{"type":"Feature","id":1148936924,"properties":{"kind":"run","name":"Mapped ski run","subtype":"easy","pisteType":"nordic","featured":false},"geometry":{"type":"LineString","coordinates":[[6.9990711,45.8354563],[6.998841,45.8355038]]}},{"type":"Feature","id":1148936925,"properties":{"kind":"run","name":"Mapped ski run","subtype":"easy","pisteType":"nordic","featured":false},"geometry":{"type":"LineString","coordinates":[[6.998841,45.8355038],[6.9985183,45.8354898],[6.9984167,45.8354417],[6.9983354,45.8353199],[6.9982365,45.8351844],[6.9981235,45.8351367],[6.9979361,45.835078],[6.9975564,45.8350063],[6.9970019,45.8349517],[6.9965954,45.8349092],[6.9962783,45.8347789],[6.9958432,45.8346316],[6.9954358,45.8345722]]}},{"type":"Feature","id":1148936926,"properties":{"kind":"run","name":"Mapped ski run","subtype":"easy","pisteType":"nordic","featured":false},"geometry":{"type":"LineString","coordinates":[[7.0120829,45.8416624],[7.0122068,45.8417759],[7.0122493,45.8418967],[7.0121595,45.8420031]]}},{"type":"Feature","id":1148936927,"properties":{"kind":"run","name":"Mapped ski run","subtype":"easy","pisteType":"nordic","featured":false},"geometry":{"type":"LineString","coordinates":[[7.0108725,45.8421617],[7.0107522,45.8422246],[7.0105692,45.8422703],[7.0104257,45.8422749]]}},{"type":"Feature","id":1148936928,"properties":{"kind":"run","name":"Mapped ski run","subtype":"easy","pisteType":"nordic","featured":false},"geometry":{"type":"LineString","coordinates":[[7.0111793,45.8420002],[7.0110926,45.8420218],[7.0110216,45.842043]]}},{"type":"Feature","id":1148936929,"properties":{"kind":"run","name":"Mapped ski run","subtype":"easy","pisteType":"nordic","featured":false},"geometry":{"type":"LineString","coordinates":[[7.0104257,45.8422749],[7.0102303,45.8421267],[7.0100701,45.8420838],[7.0098051,45.8420666],[7.009497,45.8419636],[7.0092838,45.841888]]}},{"type":"Feature","id":1148936930,"properties":{"kind":"run","name":"Mapped ski run","subtype":"easy","pisteType":"nordic","featured":false},"geometry":{"type":"LineString","coordinates":[[7.0120829,45.8416624],[7.0123648,45.8415578],[7.0129763,45.8413523],[7.0132606,45.84127],[7.0134269,45.8412626],[7.0135342,45.8412887],[7.0135717,45.8413485],[7.0135396,45.8414083],[7.0132982,45.8415316],[7.0130997,45.8416325],[7.0130085,45.8417708],[7.013046,45.841939],[7.0131587,45.8421296],[7.0133132,45.8423064],[7.013384,45.8423874],[7.0135771,45.842593],[7.0136904,45.842822],[7.013738,45.8429181],[7.0140814,45.8434674],[7.0143228,45.8437925],[7.0148109,45.8443531],[7.0152464,45.8447772],[7.0157721,45.8451882],[7.0160868,45.8453902],[7.0161735,45.8454667],[7.0162178,45.8455333],[7.016232,45.8456147],[7.0162638,45.8457133],[7.0164019,45.8459475],[7.0167925,45.8464344],[7.0169696,45.8465882],[7.0173344,45.8467676],[7.0176777,45.8468722],[7.017829,45.8469066],[7.0179835,45.847074],[7.0180317,45.8473131],[7.0181498,45.8474888],[7.0182463,45.8475635],[7.0185092,45.8476644],[7.0187511,45.8477576],[7.0190909,45.8479548],[7.0194094,45.8482704],[7.0196383,45.8486018],[7.0198023,45.8488562],[7.0199075,45.8490319],[7.0200111,45.8492466],[7.0201314,45.8494142],[7.0203721,45.8495276],[7.0207048,45.8496706],[7.0209667,45.8498333],[7.0212073,45.85007],[7.021347,45.8502503]]}},{"type":"Feature","id":1148964295,"properties":{"kind":"run","name":"Mapped ski run","subtype":"easy","pisteType":"nordic","featured":false},"geometry":{"type":"LineString","coordinates":[[6.98682,45.8304396],[6.9868058,45.8302991],[6.9866572,45.8302078],[6.9865227,45.8301511],[6.9863953,45.8300993],[6.986367,45.8300352],[6.9864201,45.8299637],[6.986505,45.8299242],[6.9865899,45.8299316],[6.9867209,45.8300278],[6.9868448,45.8301659],[6.9869934,45.8302571],[6.9871739,45.8303237],[6.9872128,45.8304002],[6.9871951,45.8304717],[6.9870819,45.8304889],[6.9869156,45.8304569],[6.98682,45.8304396]]}},{"type":"Feature","id":1148964296,"properties":{"kind":"run","name":"Mapped ski run","subtype":"easy","pisteType":"nordic","featured":false},"geometry":{"type":"LineString","coordinates":[[6.9867012,45.8305492],[6.98682,45.8304396]]}},{"type":"Feature","id":1148964297,"properties":{"kind":"run","name":"Mapped ski run","subtype":"easy","pisteType":"nordic","featured":false},"geometry":{"type":"LineString","coordinates":[[6.9934123,45.8333323],[6.9940988,45.8337652],[6.9943319,45.833916],[6.9944874,45.8340164]]}},{"type":"Feature","id":1148964298,"properties":{"kind":"run","name":"Mapped ski run","subtype":"easy","pisteType":"nordic","featured":false},"geometry":{"type":"LineString","coordinates":[[6.9933197,45.8332739],[6.9934123,45.8333323]]}},{"type":"Feature","id":1148964299,"properties":{"kind":"run","name":"Variante Campo di Golf","subtype":"easy","pisteType":"nordic","featured":false},"geometry":{"type":"LineString","coordinates":[[7.0085976,45.8402761],[7.0088438,45.8403908],[7.0089739,45.8404578],[7.0090796,45.8404907],[7.0092098,45.84048],[7.0092955,45.8404236],[7.0093019,45.8403231],[7.0091519,45.8401313],[7.0086468,45.8397305],[7.0085541,45.8395537],[7.0085946,45.8394495],[7.0088032,45.8393103],[7.0090348,45.839265],[7.0092663,45.8392858],[7.0093927,45.8393515],[7.0094623,45.8394276],[7.0095428,45.8394949],[7.0096987,45.8395581],[7.0099344,45.8395752],[7.0101501,45.8396653],[7.010489,45.8400474],[7.010717,45.8402491],[7.010862,45.8403488],[7.0111336,45.8404473],[7.0118466,45.8406855]]}},{"type":"Feature","id":1148964300,"properties":{"kind":"run","name":"Variante Pra Sec","subtype":"easy","pisteType":"nordic","featured":false},"geometry":{"type":"LineString","coordinates":[[7.0133132,45.8423064],[7.0134864,45.8423974],[7.0136286,45.8424403],[7.0138351,45.8424609],[7.0141972,45.8424702],[7.0144013,45.8425052],[7.0145003,45.8425711],[7.0148007,45.842786],[7.0152009,45.843124],[7.0156819,45.8435404],[7.0160509,45.8438332],[7.0161214,45.8439913],[7.0162025,45.8441327],[7.0163206,45.8441658],[7.0164648,45.8441877],[7.0166131,45.8442376],[7.0167565,45.8443006],[7.0169133,45.8443472],[7.0170753,45.8443636],[7.0172214,45.8443221],[7.017446,45.8443051],[7.0176448,45.84433],[7.0178803,45.8445678],[7.0179142,45.8447181],[7.0180216,45.8448677],[7.0185622,45.8454414],[7.0187968,45.8456062],[7.0191191,45.8457103],[7.0192473,45.8458894],[7.0192218,45.8461202],[7.0190817,45.8462405],[7.0188529,45.8463056],[7.0186169,45.8462965],[7.0183457,45.8462514],[7.0181078,45.8461394],[7.0179626,45.8461016],[7.0178064,45.846045],[7.0176865,45.8459787],[7.0176453,45.8458938],[7.0176438,45.8456789],[7.0175893,45.845519],[7.0173088,45.8452305],[7.0172697,45.845154],[7.0172464,45.8449914],[7.017181,45.8448677],[7.0170456,45.8447799],[7.016686,45.8446693],[7.0161994,45.8445089],[7.0158155,45.8442415],[7.0154606,45.843982],[7.0150328,45.8436771],[7.0146639,45.8433583],[7.0143767,45.8431162],[7.0141874,45.84287],[7.0141228,45.8427369],[7.0140254,45.8426657],[7.0138703,45.8426619],[7.0137883,45.8427142],[7.0136904,45.842822]]}},{"type":"Feature","id":1148964301,"properties":{"kind":"run","name":"Variante Lavachey","subtype":"easy","pisteType":"nordic","featured":false},"geometry":{"type":"LineString","coordinates":[[7.0167925,45.8464344],[7.0167079,45.8466225],[7.016722,45.8468148],[7.0168353,45.847017],[7.0168565,45.8471501],[7.0167291,45.8473819],[7.0166371,45.847584],[7.0166654,45.8478158],[7.0167716,45.8479834],[7.0169202,45.8480771],[7.0171177,45.8480655],[7.0172629,45.8480609],[7.0175148,45.8481708],[7.017713,45.8482546],[7.0179624,45.8484714],[7.0182714,45.8486177],[7.0186926,45.8487803],[7.0190283,45.8489085],[7.0192171,45.8489386],[7.0193999,45.8489289],[7.0194491,45.84884],[7.0193571,45.8487417],[7.0190442,45.8484727],[7.0186068,45.8480958],[7.0182368,45.8478401],[7.0179624,45.8476812],[7.0176776,45.8474164],[7.0175148,45.8472044],[7.0174228,45.8470466],[7.0174582,45.8469529],[7.0175219,45.8469036],[7.0176777,45.8468722]]}},{"type":"Feature","id":1148964302,"properties":{"kind":"run","name":"Variante Lavachey","subtype":"intermediate","pisteType":"nordic","featured":false},"geometry":{"type":"LineString","coordinates":[[7.017829,45.8469066],[7.0183705,45.8470437],[7.018648,45.8471664],[7.0188031,45.8472339],[7.0190013,45.8472044],[7.019157,45.8471057],[7.0192705,45.84696],[7.0195191,45.8468915],[7.0197428,45.846876],[7.0198706,45.8468891],[7.0199919,45.8469564]]}},{"type":"Feature","id":1148964304,"properties":{"kind":"run","name":"Variante Lavachey","subtype":"intermediate","pisteType":"nordic","featured":false},"geometry":{"type":"LineString","coordinates":[[7.0208605,45.8479542],[7.0211541,45.848122],[7.0215917,45.8483796],[7.0218628,45.8485126],[7.0220723,45.8485684],[7.0223126,45.8485813],[7.022476,45.8486229],[7.022677,45.8488418],[7.0230486,45.8493024],[7.0234896,45.849693],[7.0236683,45.8498819],[7.0236991,45.8500278],[7.0236498,45.8502467],[7.023545,45.8504398],[7.0235758,45.8505815],[7.0236498,45.8506544],[7.023773,45.8506544],[7.0238963,45.8506158],[7.0240842,45.8506215],[7.0242629,45.8506101],[7.0244889,45.8506373],[7.0246491,45.850757],[7.0246789,45.8509506],[7.0248884,45.8512253],[7.0251533,45.8514699],[7.0252325,45.8516631],[7.0252457,45.8518181],[7.025184,45.8519954],[7.0250856,45.8522897],[7.0249174,45.8525285]]}},{"type":"Feature","id":1148964305,"properties":{"kind":"run","name":"Variante Lavachey","subtype":"intermediate","pisteType":"nordic","featured":false},"geometry":{"type":"LineString","coordinates":[[7.0199919,45.8469564],[7.0200605,45.8471192],[7.0203002,45.8475209],[7.0204962,45.8476416],[7.0206954,45.8477443],[7.0208605,45.8479542]]}},{"type":"Feature","id":1148964306,"properties":{"kind":"run","name":"Variante Pra Sec","subtype":"easy","pisteType":"nordic","featured":false},"geometry":{"type":"LineString","coordinates":[[7.0155731,45.8482795],[7.0152262,45.8482208],[7.0147372,45.8480656],[7.0145188,45.8480546],[7.0143384,45.8480599],[7.0141351,45.8480262],[7.0139251,45.8479652],[7.0136274,45.8479712],[7.0132625,45.8480272],[7.0128803,45.8479775],[7.0126332,45.8478853],[7.0125149,45.8477572],[7.0125149,45.8476671],[7.0126086,45.8475556],[7.0128162,45.8474576],[7.0131621,45.8474288],[7.0134947,45.8475082],[7.0136734,45.8475875],[7.0139014,45.8476113],[7.0140184,45.8475555],[7.014154,45.847358],[7.0141602,45.8471906],[7.0142156,45.8468086],[7.0141355,45.8464824],[7.0140123,45.8461948],[7.0138644,45.8459544],[7.0136795,45.8458428],[7.0135686,45.8457398],[7.0134577,45.8455166],[7.0133527,45.845174]]}},{"type":"Feature","id":1148964307,"properties":{"kind":"run","name":"Variante Pra Sec","subtype":"easy","pisteType":"nordic","featured":false},"geometry":{"type":"LineString","coordinates":[[7.0133527,45.845174],[7.0133652,45.8449414],[7.0133436,45.8446944],[7.0132935,45.8443918],[7.0130995,45.8440778]]}},{"type":"Feature","id":1148964309,"properties":{"kind":"run","name":"Variante Tronchey","subtype":"easy","pisteType":"nordic","featured":false},"geometry":{"type":"LineString","coordinates":[[7.0041472,45.8400853],[7.0039149,45.8403001],[7.0035571,45.8405767],[7.0033737,45.8407586],[7.0032028,45.8408148],[7.0029809,45.8408062],[7.0025927,45.8409006],[7.0023462,45.8409803],[7.0022592,45.8409743],[7.0022209,45.8409148],[7.0022767,45.8408551],[7.0023794,45.8408036],[7.0026534,45.8406735],[7.0030364,45.8404799],[7.0032397,45.8403683],[7.003326,45.8402438],[7.0033416,45.8401321],[7.0033394,45.8399994]]}},{"type":"Feature","id":1148964310,"properties":{"kind":"run","name":"Variante Tronchey","subtype":"easy","pisteType":"nordic","featured":false},"geometry":{"type":"LineString","coordinates":[[7.0029361,45.8393705],[7.0027961,45.8392221],[7.0026728,45.8391749],[7.0024941,45.8391491],[7.0023154,45.8391663],[7.0020874,45.8392135],[7.001933,45.8392355]]}},{"type":"Feature","id":1148964311,"properties":{"kind":"run","name":"Variante Tronchey","subtype":"easy","pisteType":"nordic","featured":false},"geometry":{"type":"LineString","coordinates":[[7.0009003,45.8395643],[7.0008157,45.8394734],[7.0008232,45.8393291],[7.0008725,45.8391423],[7.0009334,45.8390049],[7.0009959,45.8389035],[7.0010702,45.838832],[7.0011976,45.8387679],[7.0013321,45.8387753],[7.0015444,45.8388714],[7.0016873,45.8389631],[7.0018449,45.8389227],[7.0019256,45.8388295],[7.0019621,45.8385805],[7.0020126,45.838401]]}},{"type":"Feature","id":1148964312,"properties":{"kind":"run","name":"Variante Planpincieux","subtype":"intermediate","pisteType":"nordic","featured":false},"geometry":{"type":"LineString","coordinates":[[6.9881103,45.8327476],[6.9880048,45.8328016],[6.9879802,45.8328667],[6.9880081,45.8329676],[6.9880874,45.8331276],[6.9882923,45.8334901],[6.9883835,45.8337555],[6.9883782,45.8338938],[6.9882655,45.833976],[6.9880885,45.8340283],[6.9879276,45.8340582],[6.9877613,45.8340657],[6.9876003,45.8340358],[6.9875145,45.8339498],[6.9873911,45.8337517],[6.9872302,45.8335088],[6.9870853,45.8333817],[6.9870317,45.833221],[6.9870693,45.8330603],[6.9871336,45.8328958],[6.9872731,45.8327986],[6.9875735,45.8327127],[6.9877237,45.8325856],[6.9878696,45.8324486]]}},{"type":"Feature","id":1150889370,"properties":{"kind":"lift","name":"Marmotton","subtype":"platter","status":"active"},"geometry":{"type":"LineString","coordinates":[[6.9420517,45.9674333],[6.9422975,45.9657652]]}},{"type":"Feature","id":1172957584,"properties":{"kind":"run","name":"Mapped ski run","subtype":"intermediate","pisteType":"nordic","featured":false},"geometry":{"type":"LineString","coordinates":[[6.89965,45.9429253],[6.8995814,45.942887],[6.8995272,45.9428433],[6.8994818,45.9427969]]}},{"type":"Feature","id":1183440386,"properties":{"kind":"lift","name":"TC Mer de Glace","subtype":"gondola","status":"active"},"geometry":{"type":"LineString","coordinates":[[6.9179368,45.9310443],[6.9193017,45.9295243],[6.9203576,45.9283484],[6.9211429,45.9274739],[6.9216343,45.9269267]]}},{"type":"Feature","id":1188780875,"properties":{"kind":"run","name":"Nants","subtype":"advanced","pisteType":"downhill","featured":false},"geometry":{"type":"LineString","coordinates":[[6.8668514,45.9340563],[6.8668222,45.9340327],[6.8668018,45.9340089],[6.8667853,45.9339847],[6.8667736,45.9339539],[6.8667696,45.9339259],[6.8667682,45.933894]]}},{"type":"Feature","id":1204036002,"properties":{"kind":"run","name":"Ski touring route","subtype":"intermediate","pisteType":"skitour","featured":false},"geometry":{"type":"LineString","coordinates":[[6.7820395,45.8944281],[6.7827556,45.8937874],[6.78292,45.8936006],[6.7830709,45.8932452],[6.7834511,45.8928447],[6.7838395,45.8924601],[6.7839489,45.8920636],[6.7838269,45.8919479],[6.7836411,45.8918668],[6.7831332,45.8917716],[6.7829536,45.8917277],[6.7826585,45.8916384],[6.7823083,45.891539],[6.7818359,45.8914399],[6.7815642,45.891377],[6.7813182,45.8912493],[6.7808832,45.8910833],[6.7806431,45.8910011],[6.7802148,45.8908985],[6.7800205,45.8908395],[6.7796427,45.8907531],[6.7791895,45.8906176],[6.7785899,45.8905328],[6.7778534,45.8904503],[6.7773075,45.8903287],[6.7767293,45.8901196],[6.776199,45.8897641],[6.775909,45.8894317],[6.775842,45.8888608],[6.775783,45.8887256],[6.7757017,45.8886637],[6.7753336,45.8885324],[6.7747927,45.8880916],[6.774701,45.8879713]]}},{"type":"Feature","id":1204037135,"properties":{"kind":"run","name":"Ski touring route","subtype":"intermediate","pisteType":"skitour","featured":false},"geometry":{"type":"LineString","coordinates":[[6.7537943,45.8863799],[6.7537597,45.8863953]]}},{"type":"Feature","id":1204037136,"properties":{"kind":"run","name":"Ski touring route","subtype":"intermediate","pisteType":"skitour","featured":false},"geometry":{"type":"LineString","coordinates":[[6.7534935,45.8862093],[6.7532437,45.886129],[6.7529325,45.8861324]]}},{"type":"Feature","id":1204037137,"properties":{"kind":"run","name":"Ski touring route","subtype":"intermediate","pisteType":"skitour","featured":false},"geometry":{"type":"LineString","coordinates":[[6.7537597,45.8863953],[6.7537165,45.886375],[6.7536789,45.8863512],[6.7536125,45.886298],[6.7535223,45.8862182],[6.7534935,45.8862093]]}},{"type":"Feature","id":1204040704,"properties":{"kind":"run","name":"Mont Blanc","subtype":"novice","pisteType":"downhill","featured":false},"geometry":{"type":"LineString","coordinates":[[6.7788949,45.8737929],[6.7789413,45.8737384],[6.7789614,45.8737113]]}},{"type":"Feature","id":1204091428,"properties":{"kind":"run","name":"Mapped ski run","subtype":"easy","pisteType":"nordic","featured":false},"geometry":{"type":"LineString","coordinates":[[6.7812637,45.8967615],[6.7810951,45.8968061]]}},{"type":"Feature","id":1204103995,"properties":{"kind":"run","name":"Allée des Diligences","subtype":"easy","pisteType":"nordic","featured":false},"geometry":{"type":"LineString","coordinates":[[6.7787288,45.8986816],[6.7785993,45.8988207],[6.7784183,45.8990433],[6.7783519,45.8991282],[6.77826,45.8992337],[6.7780575,45.8994866],[6.7778577,45.8997321],[6.7777705,45.8998357],[6.7776109,45.9000027],[6.7774044,45.9002137],[6.7772005,45.9003975],[6.7770047,45.9005599],[6.7768598,45.9006724]]}},{"type":"Feature","id":1204298049,"properties":{"kind":"run","name":"Ski touring route","subtype":"intermediate","pisteType":"skitour","featured":false},"geometry":{"type":"LineString","coordinates":[[6.7657054,45.8863939],[6.7657104,45.886393],[6.7658348,45.8864674],[6.7660197,45.8865779],[6.7660536,45.8865906],[6.7661611,45.8866311],[6.7662591,45.8866607],[6.7663228,45.8866659],[6.7664134,45.8866733]]}},{"type":"Feature","id":1205221065,"properties":{"kind":"run","name":"Variante","subtype":"intermediate","pisteType":"downhill","featured":false},"geometry":{"type":"LineString","coordinates":[[6.7656148,45.8796607],[6.7659795,45.8797634],[6.7663094,45.8798792],[6.7669907,45.8799483],[6.7676559,45.880107],[6.7681065,45.8802545],[6.7690775,45.8807587],[6.7693377,45.8809566],[6.7699009,45.8816195],[6.7700243,45.8816941],[6.7701343,45.8817016],[6.7705446,45.8815018],[6.770837,45.8814832],[6.7709322,45.8815163],[6.7713895,45.8825736],[6.7715317,45.8828033],[6.771639,45.8828798],[6.7720252,45.8830889],[6.7722398,45.8832066],[6.772397,45.8833867]]}},{"type":"Feature","id":1210549932,"properties":{"kind":"run","name":"Charles Bozon","subtype":"advanced","pisteType":"downhill","featured":false},"geometry":{"type":"LineString","coordinates":[[6.8396438,45.9354996],[6.8396716,45.9357021],[6.8398715,45.9359301],[6.8402964,45.9360524],[6.8405978,45.9361648],[6.8408538,45.936464],[6.8419825,45.9369525]]}},{"type":"Feature","id":1218367250,"properties":{"kind":"run","name":"Chemin des Écureuils","subtype":"easy","pisteType":"nordic","featured":false},"geometry":{"type":"LineString","coordinates":[[6.9244737,46.0237511],[6.9244973,46.0237792]]}},{"type":"Feature","id":1234537986,"properties":{"kind":"run","name":"Mapped ski run","subtype":"easy","pisteType":"downhill","featured":false},"geometry":{"type":"LineString","coordinates":[[6.9411428,45.804839],[6.9405623,45.804683],[6.9396116,45.8043257]]}},{"type":"Feature","id":1234537988,"properties":{"kind":"run","name":"Mapped ski run","subtype":"easy","pisteType":"downhill","featured":false},"geometry":{"type":"LineString","coordinates":[[6.9396116,45.8043257],[6.939284,45.804171],[6.9388181,45.803949],[6.9384915,45.803792],[6.9382363,45.8036982],[6.9379759,45.8035916],[6.9377249,45.8034749],[6.9374041,45.8033252],[6.937181,45.8031988],[6.9370638,45.8031502],[6.9369997,45.803193],[6.9370053,45.8032513],[6.9371029,45.8033932],[6.9372284,45.8036343],[6.9372981,45.803856],[6.9373595,45.804206],[6.9373706,45.8044684],[6.937432,45.8045948],[6.9375213,45.8048359],[6.9375854,45.8050129],[6.9376027,45.8050675],[6.9376251,45.8051596]]}},{"type":"Feature","id":1234537989,"properties":{"kind":"run","name":"Diretta","subtype":"advanced","pisteType":"downhill","featured":false},"geometry":{"type":"LineString","coordinates":[[6.9265913,45.799697],[6.9261774,45.8001113],[6.9256356,45.8003014],[6.9253155,45.8003395]]}},{"type":"Feature","id":1234537990,"properties":{"kind":"run","name":"Mapped ski run","subtype":"intermediate","pisteType":"downhill","featured":false},"geometry":{"type":"LineString","coordinates":[[6.9227466,45.7828893],[6.9239783,45.7829073],[6.9241004,45.7827721],[6.9242701,45.782584],[6.9262528,45.7833083],[6.9270939,45.7836285],[6.927257,45.7840445],[6.9281496,45.7843767],[6.9302654,45.7853164],[6.9307718,45.7855289],[6.9329304,45.7856696],[6.9334459,45.7856952],[6.9334626,45.7862561],[6.9331805,45.7863441],[6.9321665,45.7866601],[6.9318661,45.7860885],[6.9315915,45.7859688],[6.9310936,45.7860257],[6.9303383,45.7862591],[6.9301042,45.7865927],[6.930183,45.7869777],[6.9303802,45.7871186],[6.9297936,45.7877168],[6.9290048,45.7872767],[6.9281224,45.7868402],[6.9276985,45.7869949],[6.9275259,45.7871152],[6.927171,45.7869364],[6.9271316,45.7867474],[6.9262689,45.7861251],[6.9259583,45.7858879],[6.9254703,45.7854067],[6.9251745,45.7851763],[6.9244794,45.7849185],[6.9241688,45.7850113],[6.9235132,45.7847226],[6.9234392,45.7844441],[6.9227096,45.7839663],[6.922261,45.7838528],[6.9221033,45.7836706],[6.9221181,45.7834643],[6.9224878,45.7835159],[6.9227491,45.783509],[6.9227481,45.7832498],[6.9227466,45.7828893]]}},{"type":"Feature","id":1234537991,"properties":{"kind":"run","name":"Mapped ski run","subtype":"intermediate","pisteType":"downhill","featured":false},"geometry":{"type":"LineString","coordinates":[[6.9297936,45.7877168],[6.930417,45.7880206],[6.9308919,45.7882882],[6.9320497,45.7888144],[6.9331945,45.7889958],[6.9337865,45.7890139],[6.9342418,45.7889414],[6.9346971,45.7887418],[6.935159,45.7885286],[6.9348597,45.788202],[6.9344369,45.788134],[6.9339575,45.7882945],[6.9337865,45.7883517],[6.9331685,45.7882474],[6.9319586,45.7877893],[6.9312626,45.7873629],[6.9303802,45.7871186],[6.9297936,45.7877168]]}},{"type":"Feature","id":1234537992,"properties":{"kind":"run","name":"Mapped ski run","subtype":"intermediate","pisteType":"downhill","featured":false},"geometry":{"type":"LineString","coordinates":[[6.9334626,45.7862561],[6.9336943,45.7864157],[6.9340754,45.7865729],[6.9346796,45.7868974],[6.9355205,45.7871995],[6.9359084,45.787318],[6.9360528,45.7874147],[6.9360811,45.7876734],[6.9356863,45.7875217],[6.9354696,45.7874384],[6.9349486,45.7871877],[6.9344729,45.7869527],[6.9336547,45.7865598],[6.9333541,45.786423],[6.9331805,45.7863441],[6.9334626,45.7862561]]}},{"type":"Feature","id":1234537993,"properties":{"kind":"run","name":"Mapped ski run","subtype":"intermediate","pisteType":"downhill","featured":false},"geometry":{"type":"LineString","coordinates":[[6.9331805,45.7863441],[6.9333541,45.786423],[6.9332668,45.7865499],[6.9333375,45.7869448],[6.9339435,45.7872805],[6.9343767,45.7874463],[6.9347844,45.7875352],[6.9356863,45.7875217],[6.9360811,45.7876734],[6.9358744,45.7884098],[6.935159,45.7885286],[6.9348597,45.788202],[6.9344369,45.788134],[6.9339575,45.7882945],[6.9331915,45.7875909],[6.932489,45.7870761],[6.9321665,45.7866601],[6.9331805,45.7863441]]}},{"type":"Feature","id":1234537994,"properties":{"kind":"run","name":"Mapped ski run","subtype":"intermediate","pisteType":"downhill","featured":false},"geometry":{"type":"LineString","coordinates":[[6.9358744,45.7884098],[6.935159,45.7885286],[6.9346971,45.7887418],[6.9348663,45.788943],[6.9352755,45.7892008],[6.9357191,45.7893692],[6.9359085,45.7894757],[6.9359492,45.7895788],[6.9359036,45.7896114],[6.9358161,45.7895753],[6.9357692,45.7896312],[6.9359122,45.7897146],[6.9360872,45.7896914],[6.936028,45.7895272],[6.9359949,45.7893833],[6.9360572,45.7892293],[6.9362242,45.7890575],[6.9364564,45.7890338],[6.936581,45.7889529],[6.93638,45.7886429],[6.9360855,45.788554],[6.9358744,45.7884098]]}},{"type":"Feature","id":1234537995,"properties":{"kind":"run","name":"Mapped ski run","subtype":"intermediate","pisteType":"downhill","featured":false},"geometry":{"type":"LineString","coordinates":[[6.936581,45.7889529],[6.93638,45.7886429],[6.9369038,45.7885995],[6.9371586,45.7884889],[6.9379599,45.7881434],[6.9386677,45.7884178],[6.9391462,45.7884672],[6.939956,45.7885146],[6.9403094,45.7884588],[6.9405068,45.7884277],[6.940644,45.788406],[6.9416548,45.7885382],[6.9413804,45.7890561],[6.9410659,45.7896498],[6.9406497,45.7894622],[6.9405506,45.7896735],[6.9406002,45.7899683],[6.9403148,45.7900259],[6.9402108,45.7896577],[6.940174,45.7893378],[6.9401966,45.7892569],[6.9395199,45.7890062],[6.9387243,45.7888087],[6.9382855,45.7887456],[6.9376937,45.7886666],[6.9373426,45.7886607],[6.9368585,45.7888838],[6.936581,45.7889529]]}},{"type":"Feature","id":1234546204,"properties":{"kind":"run","name":"Mapped ski run","subtype":"intermediate","pisteType":"downhill","featured":false},"geometry":{"type":"LineString","coordinates":[[6.9359122,45.7897146],[6.9360872,45.7896914],[6.936068,45.7897829],[6.935949,45.7899408],[6.9358046,45.7902587],[6.9356263,45.7904245],[6.9344597,45.7904087],[6.9342247,45.790083],[6.9350883,45.7901402],[6.9355017,45.7900672],[6.9356999,45.7899171],[6.9359122,45.7897146]]}},{"type":"Feature","id":1234546205,"properties":{"kind":"run","name":"Mapped ski run","subtype":"intermediate","pisteType":"downhill","featured":false},"geometry":{"type":"LineString","coordinates":[[6.9344597,45.7904087],[6.9341681,45.7904265],[6.9341964,45.7908055],[6.9342162,45.7909615],[6.9340718,45.791157],[6.9338858,45.7912143],[6.934246,45.7912373],[6.9343182,45.7911589],[6.934355,45.791003],[6.9344541,45.79077],[6.9344456,45.7905805],[6.9344597,45.7904087]]}},{"type":"Feature","id":1234546206,"properties":{"kind":"run","name":"Mapped ski run","subtype":"intermediate","pisteType":"downhill","featured":false},"geometry":{"type":"LineString","coordinates":[[6.9341681,45.7904265],[6.9344597,45.7904087],[6.9342247,45.790083],[6.9339737,45.7901094],[6.9338878,45.7901185],[6.9333867,45.7902409],[6.9328657,45.7903613],[6.9326392,45.7904225],[6.9325203,45.7905055],[6.9323787,45.7908253],[6.9323682,45.7909548],[6.932395,45.7910268],[6.932769,45.7910659],[6.9327707,45.7909911],[6.932778,45.7908856],[6.9327983,45.7908386],[6.9329512,45.7908731],[6.9329552,45.7909735],[6.9329645,45.7909723],[6.9330609,45.7909593],[6.9330569,45.7908476],[6.933026,45.7907909],[6.9334743,45.7905876],[6.9341681,45.7904265]]}},{"type":"Feature","id":1234546207,"properties":{"kind":"run","name":"Mapped ski run","subtype":"easy","pisteType":"downhill","featured":false},"geometry":{"type":"LineString","coordinates":[[6.9332389,45.7908816],[6.9331874,45.7908899],[6.9331821,45.7909422],[6.9330609,45.7909593],[6.9329645,45.7909723],[6.9329053,45.7909916],[6.9327707,45.7909911],[6.932769,45.7910659],[6.9329707,45.7911128],[6.9331627,45.7910395],[6.9333087,45.7909841],[6.93324,45.790937],[6.9332389,45.7908816]]}},{"type":"Feature","id":1234546208,"properties":{"kind":"run","name":"Mapped ski run","subtype":"easy","pisteType":"downhill","featured":false},"geometry":{"type":"LineString","coordinates":[[6.9329707,45.7911128],[6.9329482,45.7911809],[6.933211,45.7912998],[6.9334031,45.7913417],[6.933903,45.7913447],[6.9343612,45.7913731],[6.9349008,45.7914831],[6.9352023,45.7915392],[6.9353192,45.7915878],[6.9354351,45.7917472],[6.9355814,45.7920107],[6.93586,45.7923305],[6.9359929,45.7922852],[6.9361026,45.7922478],[6.9360159,45.7921672],[6.9357223,45.7918941],[6.9356429,45.7917564],[6.9353983,45.7915096],[6.9350893,45.7914333],[6.9348619,45.7913674],[6.9343705,45.7912582],[6.934246,45.7912373],[6.9338858,45.7912143],[6.9336366,45.7911984],[6.9333641,45.7911729],[6.9329707,45.7911128]]}},{"type":"Feature","id":1234546209,"properties":{"kind":"run","name":"Mapped ski run","subtype":"intermediate","pisteType":"downhill","featured":false},"geometry":{"type":"LineString","coordinates":[[6.93313,45.7930446],[6.9330462,45.7926046],[6.9334234,45.7925032],[6.9339213,45.7922248],[6.9345794,45.792089],[6.935378,45.7920512],[6.9355456,45.7920306],[6.9355814,45.7920107],[6.93586,45.7923305],[6.9353583,45.7923365],[6.9348332,45.7923502],[6.9341776,45.7924516],[6.9338325,45.7926252],[6.9335244,45.792749],[6.9332903,45.7929586],[6.93313,45.7930446]]}},{"type":"Feature","id":1234546210,"properties":{"kind":"run","name":"Mapped ski run","subtype":"intermediate","pisteType":"downhill","featured":false},"geometry":{"type":"LineString","coordinates":[[6.9357223,45.7918941],[6.9360159,45.7921672],[6.9361123,45.7920445],[6.9362749,45.7919425],[6.936382,45.7913605],[6.9367444,45.7910861],[6.937356,45.7909045],[6.9381148,45.7907327],[6.9388566,45.7905254],[6.9393451,45.7904061],[6.9395192,45.7903635],[6.9403148,45.7900259],[6.9398759,45.7898364],[6.9392615,45.7899944],[6.9387915,45.790174],[6.9381714,45.7903655],[6.9373079,45.7906143],[6.9365915,45.7909045],[6.9361555,45.7910427],[6.935929,45.7914948],[6.9358469,45.7917495],[6.9357223,45.7918941]]}},{"type":"Feature","id":1234546211,"properties":{"kind":"run","name":"Mapped ski run","subtype":"easy","pisteType":"downhill","featured":false},"geometry":{"type":"LineString","coordinates":[[6.9396566,45.7909401],[6.9394427,45.7907211],[6.9393451,45.7904061],[6.9395192,45.7903635],[6.9403148,45.7900259],[6.9406002,45.7899683],[6.9407241,45.7899432],[6.9413193,45.7900158],[6.9416007,45.7899999],[6.941925,45.7898135],[6.9422732,45.7899157],[6.942501,45.7899532],[6.9427498,45.7900316],[6.9424107,45.7902459],[6.9419338,45.7904696],[6.9417409,45.790654],[6.9414917,45.7906962],[6.9410494,45.7905782],[6.940503,45.7905873],[6.9402558,45.7906258],[6.9404727,45.7908087],[6.9396566,45.7909401]]}},{"type":"Feature","id":1238223959,"properties":{"kind":"run","name":"Lassy","subtype":"intermediate","pisteType":"downhill","featured":false},"geometry":{"type":"LineString","coordinates":[[6.9279479,45.800872],[6.9265773,45.8007235],[6.9258049,45.8007235]]}},{"type":"Feature","id":1238223960,"properties":{"kind":"run","name":"Variante Verde","subtype":"easy","pisteType":"downhill","featured":false},"geometry":{"type":"LineString","coordinates":[[6.9344024,45.8033148],[6.9339757,45.802935],[6.9337134,45.8024869],[6.9333455,45.8021054],[6.9331035,45.8019662],[6.9328037,45.801606],[6.9321928,45.8012232],[6.9318552,45.8011504],[6.9316807,45.8010765],[6.9315305,45.8009374],[6.9311709,45.8005454],[6.9310614,45.8005134],[6.9311074,45.8007197]]}},{"type":"Feature","id":1239822793,"properties":{"kind":"run","name":"Mapped ski run","subtype":"easy","pisteType":"downhill","featured":false},"geometry":{"type":"LineString","coordinates":[[6.946896,45.8028144],[6.946869,45.8028559],[6.946806,45.8028871],[6.9466312,45.8028984]]}},{"type":"Feature","id":1239822794,"properties":{"kind":"run","name":"Mapped ski run","subtype":"easy","pisteType":"downhill","featured":false},"geometry":{"type":"LineString","coordinates":[[6.9466312,45.8028984],[6.9464361,45.8030401],[6.9467064,45.8031506],[6.9475297,45.8033448],[6.9484533,45.8033525]]}},{"type":"Feature","id":1239822795,"properties":{"kind":"run","name":"Mapped ski run","subtype":"intermediate","pisteType":"downhill","featured":false},"geometry":{"type":"LineString","coordinates":[[6.9466312,45.8028984],[6.9464163,45.8028856],[6.9461419,45.802826],[6.9459086,45.8027036]]}},{"type":"Feature","id":1239822796,"properties":{"kind":"run","name":"Mapped ski run","subtype":"easy","pisteType":"downhill","featured":false},"geometry":{"type":"LineString","coordinates":[[6.9468048,45.8028628],[6.9468142,45.802831],[6.9468933,45.8028375],[6.9468531,45.8028899],[6.9467954,45.8029151],[6.946672,45.8029208],[6.9466023,45.8029394],[6.9466385,45.8030105],[6.9471374,45.8031236],[6.9476296,45.8032377],[6.9480118,45.8032788],[6.9477825,45.8035509],[6.9471709,45.8034144],[6.94666,45.8033144],[6.9463998,45.8032788],[6.946204,45.8031872],[6.9461611,45.8030395],[6.9462321,45.8029226],[6.9465768,45.8028534],[6.9468048,45.8028628]]}},{"type":"Feature","id":1239822797,"properties":{"kind":"run","name":"Mapped ski run","subtype":"easy","pisteType":"downhill","featured":false},"geometry":{"type":"LineString","coordinates":[[6.9468142,45.802831],[6.9468279,45.8027746],[6.9468151,45.802738],[6.9467357,45.802716],[6.9466364,45.8027046],[6.946633,45.8026358],[6.9466376,45.80255],[6.9468209,45.8026289],[6.946905,45.8026875],[6.9469271,45.8027901],[6.9468933,45.8028375],[6.9468142,45.802831]]}},{"type":"Feature","id":1239822798,"properties":{"kind":"run","name":"Mapped ski run","subtype":"easy","pisteType":"downhill","featured":false},"geometry":{"type":"LineString","coordinates":[[6.9468933,45.8028375],[6.9469271,45.8027901],[6.946905,45.8026875],[6.9468209,45.8026289],[6.9469563,45.8025988],[6.9473229,45.8027201],[6.9477561,45.8029024],[6.9483649,45.8031753],[6.9480118,45.8032788],[6.9476439,45.8030808],[6.9474591,45.802924],[6.9472341,45.8028274],[6.9470339,45.802836],[6.9468933,45.8028375]]}},{"type":"Feature","id":1239822799,"properties":{"kind":"run","name":"Mapped ski run","subtype":"easy","pisteType":"downhill","featured":false},"geometry":{"type":"LineString","coordinates":[[6.9477825,45.8035509],[6.9480118,45.8032788],[6.9483649,45.8031753],[6.9486021,45.8032376],[6.9494648,45.8035684],[6.9496158,45.8037144],[6.9496504,45.8037851],[6.9496828,45.8039634],[6.9496867,45.8041599],[6.9494474,45.8044444],[6.9490846,45.8049308],[6.9489006,45.8052663],[6.948644,45.8054723],[6.9485406,45.8057631],[6.9485218,45.8060547],[6.9484574,45.8061819],[6.9483046,45.8060697],[6.9481919,45.8060809],[6.9480256,45.8061912],[6.9477171,45.8060061],[6.947752,45.8058491],[6.9478432,45.8057163],[6.9479907,45.8057818],[6.9481222,45.8057556],[6.9482911,45.8055443],[6.9486184,45.8050787],[6.9489027,45.804817],[6.9490985,45.804471],[6.9492433,45.8042448],[6.9493292,45.8040204],[6.949136,45.8038671],[6.9486747,45.8036782],[6.9482897,45.8035812],[6.9477825,45.8035509]]}},{"type":"Feature","id":1239822800,"properties":{"kind":"run","name":"Mapped ski run","subtype":"intermediate","pisteType":"downhill","featured":false},"geometry":{"type":"LineString","coordinates":[[6.946633,45.8026358],[6.9466364,45.8027046],[6.9463237,45.8027434],[6.9461956,45.8027817],[6.9465768,45.8028534],[6.9462321,45.8029226],[6.9460045,45.8028624],[6.9458236,45.8028228],[6.9459598,45.8026144],[6.9461875,45.8026003],[6.9463765,45.8026074],[6.946633,45.8026358]]}},{"type":"Feature","id":1239822801,"properties":{"kind":"run","name":"Mapped ski run","subtype":"easy","pisteType":"downhill","featured":false},"geometry":{"type":"LineString","coordinates":[[6.9466376,45.80255],[6.946633,45.8026358],[6.9463765,45.8026074],[6.9462342,45.8024656],[6.9459964,45.8023395],[6.9460371,45.8022786],[6.9462281,45.8023608],[6.9465453,45.8025181],[6.9466376,45.80255]]}},{"type":"Feature","id":1239822802,"properties":{"kind":"run","name":"Mapped ski run","subtype":"intermediate","pisteType":"downhill","featured":false},"geometry":{"type":"LineString","coordinates":[[6.9459598,45.8026144],[6.9458236,45.8028228],[6.9452881,45.8027933],[6.9450279,45.8028008],[6.9446625,45.8029625],[6.9443064,45.8031767],[6.9440301,45.8033767],[6.9437029,45.8028681],[6.9440087,45.8027709],[6.9446202,45.8025353],[6.9447624,45.8024792],[6.9456341,45.802539],[6.9459598,45.8026144]]}},{"type":"Feature","id":1239822803,"properties":{"kind":"run","name":"Mapped ski run","subtype":"easy","pisteType":"downhill","featured":false},"geometry":{"type":"LineString","coordinates":[[6.9437029,45.8028681],[6.9435989,45.8028519],[6.9434485,45.802645],[6.9432452,45.8027386],[6.9434241,45.8030163],[6.9438225,45.8035123],[6.9439933,45.803705],[6.9441397,45.8036653],[6.9440301,45.8033767],[6.9437029,45.8028681]]}},{"type":"Feature","id":1239822804,"properties":{"kind":"run","name":"Mapped ski run","subtype":"intermediate","pisteType":"downhill","featured":false},"geometry":{"type":"LineString","coordinates":[[6.9434241,45.8030163],[6.9438225,45.8035123],[6.943294,45.8034811],[6.9417532,45.8036455],[6.9414768,45.8035661],[6.9407084,45.8036937],[6.9403832,45.8038552],[6.9400132,45.8043455],[6.9399197,45.8043937],[6.9393953,45.8041698],[6.9397124,45.8039402],[6.9398668,45.8036795],[6.9406637,45.8034924],[6.9415906,45.8033479],[6.9425419,45.8031835],[6.9428631,45.8032005],[6.9430751,45.8032482],[6.9433218,45.803136],[6.9434241,45.8030163]]}},{"type":"Feature","id":1239822805,"properties":{"kind":"run","name":"Mapped ski run","subtype":"easy","pisteType":"downhill","featured":false},"geometry":{"type":"LineString","coordinates":[[6.9393953,45.8041698],[6.9393103,45.8042282],[6.9398447,45.8045083],[6.9399863,45.8044441],[6.9399197,45.8043937],[6.9393953,45.8041698]]}},{"type":"Feature","id":1239822806,"properties":{"kind":"run","name":"Mapped ski run","subtype":"intermediate","pisteType":"downhill","featured":false},"geometry":{"type":"LineString","coordinates":[[6.9393103,45.8042282],[6.9398447,45.8045083],[6.9397191,45.8044786],[6.9391846,45.8047944],[6.9390391,45.8048562],[6.9389822,45.8050177],[6.9389781,45.805338],[6.9382341,45.8051736],[6.9382863,45.805109],[6.9384699,45.8048817],[6.9388805,45.8045218],[6.9393103,45.8042282]]}},{"type":"Feature","id":1239822807,"properties":{"kind":"run","name":"Mapped ski run","subtype":"intermediate","pisteType":"downhill","featured":false},"geometry":{"type":"LineString","coordinates":[[6.9113332,45.773072],[6.9111964,45.7729785],[6.9110543,45.7730496],[6.9109792,45.7729841],[6.9109953,45.7729317],[6.9112098,45.7729523],[6.9112761,45.7729306],[6.9115336,45.7729876],[6.9123131,45.7731978],[6.913528,45.7736338],[6.9152749,45.7741908],[6.9172724,45.7748536],[6.9186334,45.7751747],[6.9198403,45.7757209],[6.9209008,45.7765333],[6.9211935,45.7771344],[6.9212829,45.7776221],[6.9207056,45.7779737],[6.9202096,45.7776731],[6.9205593,45.7773782],[6.9205755,45.7769359],[6.9199657,45.7765163],[6.9189493,45.7756996],[6.9173719,45.7753083],[6.9160466,45.7749227],[6.9136398,45.7741854],[6.9123552,45.7736353],[6.9116396,45.7733234],[6.9113332,45.773072]]}},{"type":"Feature","id":1239822808,"properties":{"kind":"run","name":"Mapped ski run","subtype":"intermediate","pisteType":"downhill","featured":false},"geometry":{"type":"LineString","coordinates":[[6.9202096,45.7776731],[6.9207056,45.7779737],[6.9201609,45.778382],[6.9195754,45.778813],[6.9191526,45.7785918],[6.9196811,45.7781098],[6.9199657,45.7778886],[6.9202096,45.7776731]]}},{"type":"Feature","id":1239822809,"properties":{"kind":"run","name":"Mapped ski run","subtype":"intermediate","pisteType":"downhill","featured":false},"geometry":{"type":"LineString","coordinates":[[6.9182683,45.7786313],[6.9183407,45.7784521],[6.9186442,45.7784945],[6.9191526,45.7785918],[6.9195754,45.778813],[6.9199028,45.7790189],[6.9196973,45.7792306],[6.9193526,45.779195],[6.9190015,45.7788414],[6.9185984,45.7787189],[6.9182683,45.7786313]]}},{"type":"Feature","id":1239822810,"properties":{"kind":"run","name":"Mapped ski run","subtype":"intermediate","pisteType":"downhill","featured":false},"geometry":{"type":"LineString","coordinates":[[6.9185984,45.7787189],[6.9190015,45.7788414],[6.9193526,45.779195],[6.9189899,45.7793727],[6.9183635,45.7801187],[6.9180308,45.7807555],[6.9179291,45.7811127],[6.9178255,45.7814762],[6.9168912,45.7815799],[6.9172115,45.7809144],[6.9175874,45.780259],[6.918169,45.7792832],[6.9185332,45.7789966],[6.918594,45.7789021],[6.918636,45.7788142],[6.918636,45.7787523],[6.9185984,45.7787189]]}},{"type":"Feature","id":1239822811,"properties":{"kind":"run","name":"Mapped ski run","subtype":"intermediate","pisteType":"downhill","featured":false},"geometry":{"type":"LineString","coordinates":[[6.9178255,45.7814762],[6.9168912,45.7815799],[6.9167785,45.782286],[6.9169093,45.7826703],[6.9172277,45.7832077],[6.9173024,45.7834064],[6.9172557,45.7838004],[6.9174285,45.7841066],[6.918059,45.7840805],[6.9179002,45.7836376],[6.9178955,45.7831165],[6.9177134,45.7824521],[6.9177087,45.7820939],[6.9177507,45.7817356],[6.9178255,45.7814762]]}},{"type":"Feature","id":1239822812,"properties":{"kind":"run","name":"Mapped ski run","subtype":"intermediate","pisteType":"downhill","featured":false},"geometry":{"type":"LineString","coordinates":[[6.9183407,45.7784521],[6.9182683,45.7786313],[6.9173563,45.778963],[6.9164122,45.7792473],[6.9152856,45.7794606],[6.9145331,45.7798916],[6.9137444,45.780504],[6.9128419,45.7813603],[6.9122483,45.7816892],[6.9115361,45.7823139],[6.9113376,45.7826768],[6.9112705,45.7830004],[6.9113408,45.7832443],[6.9115071,45.7835578],[6.911677,45.7838194],[6.9119637,45.7839946],[6.9124486,45.7841723],[6.9130432,45.7845327],[6.9135386,45.7848708],[6.9138324,45.7851398],[6.9141722,45.7855693],[6.9143314,45.7857889],[6.9144801,45.7858852],[6.9144449,45.7859825],[6.9144133,45.7860419],[6.9145225,45.7860716],[6.9144466,45.7862344],[6.9143351,45.7861661],[6.9140421,45.7858945],[6.9138172,45.7855464],[6.9135954,45.785237],[6.9134506,45.7850307],[6.9132688,45.7848288],[6.9128713,45.7846311],[6.9126002,45.7844635],[6.9123769,45.784324],[6.9121025,45.7841936],[6.9116898,45.7840334],[6.9114662,45.7838463],[6.9112284,45.7835684],[6.9111471,45.7834182],[6.9110617,45.7831843],[6.911021,45.7826484],[6.9110048,45.7823068],[6.9110434,45.7821239],[6.9115902,45.7816873],[6.912261,45.7812322],[6.9128444,45.7806595],[6.9134522,45.7800712],[6.9138587,45.7795722],[6.91431,45.7791468],[6.9152024,45.7785188],[6.9160766,45.7781044],[6.9172782,45.7777907],[6.9180423,45.7780614],[6.9183407,45.7784521]]}},{"type":"Feature","id":1247098153,"properties":{"kind":"run","name":"Mapped ski run","subtype":"intermediate","pisteType":"downhill","featured":false},"geometry":{"type":"LineString","coordinates":[[6.9144466,45.7862344],[6.9146899,45.7862626],[6.9151336,45.7862414],[6.915743,45.7862561],[6.9167261,45.7862414],[6.9172935,45.7862382],[6.9176837,45.7862086],[6.9185931,45.7860613],[6.9192434,45.7859517],[6.9195124,45.7860183],[6.918578,45.7854062],[6.9184046,45.785695],[6.9180365,45.7858727],[6.9172544,45.7859838],[6.9164014,45.785969],[6.9152229,45.7859023],[6.9146672,45.7859295],[6.9145225,45.7860716],[6.9144466,45.7862344]]}},{"type":"Feature","id":1247098154,"properties":{"kind":"run","name":"Mapped ski run","subtype":"intermediate","pisteType":"downhill","featured":false},"geometry":{"type":"LineString","coordinates":[[6.9174285,45.7841066],[6.9175272,45.7843614],[6.9177901,45.7845635],[6.9183748,45.7848927],[6.9185089,45.7849899],[6.918578,45.7854062],[6.9195124,45.7860183],[6.9198447,45.7857306],[6.9197535,45.7853715],[6.9195228,45.7847804],[6.918059,45.7840805],[6.9174285,45.7841066]]}},{"type":"Feature","id":1247098155,"properties":{"kind":"run","name":"Mapped ski run","subtype":"intermediate","pisteType":"downhill","featured":false},"geometry":{"type":"LineString","coordinates":[[6.9195228,45.7847804],[6.9196676,45.7843614],[6.9202309,45.7838676],[6.9204026,45.7836694],[6.9209712,45.7833626],[6.921395,45.7829249],[6.921513,45.7827154],[6.9216471,45.7825321],[6.9219761,45.7833096],[6.9214347,45.7835185],[6.9208286,45.783829],[6.9204209,45.784306],[6.920136,45.7847346],[6.9202641,45.7854367],[6.9203147,45.7857143],[6.9201194,45.7857211],[6.9198447,45.7857306],[6.9195228,45.7847804]]}},{"type":"Feature","id":1247098156,"properties":{"kind":"run","name":"Mapped ski run","subtype":"advanced","pisteType":"downhill","featured":false},"geometry":{"type":"LineString","coordinates":[[6.9202641,45.7854367],[6.9203147,45.7857143],[6.9206864,45.7857454],[6.9211297,45.7858475],[6.92132,45.7859049],[6.9210822,45.7856852],[6.9210252,45.7857149],[6.9206451,45.7855945],[6.9202641,45.7854367]]}},{"type":"Feature","id":1247098157,"properties":{"kind":"run","name":"Mapped ski run","subtype":"intermediate","pisteType":"downhill","featured":false},"geometry":{"type":"LineString","coordinates":[[6.9201194,45.7857211],[6.9198447,45.7857306],[6.9195124,45.7860183],[6.9197184,45.7861444],[6.9199002,45.7863721],[6.9205164,45.7866815],[6.9209847,45.7869866],[6.9217519,45.7875387],[6.9224882,45.7881231],[6.9230521,45.7888192],[6.9234341,45.7892597],[6.9238501,45.7894723],[6.9241767,45.7897237],[6.9243954,45.7900352],[6.9249448,45.7908846],[6.9254102,45.7914609],[6.9255783,45.7917693],[6.9261936,45.7932721],[6.9265251,45.7940835],[6.9265221,45.7941699],[6.9264753,45.7942344],[6.9265363,45.7942784],[6.9266867,45.7942734],[6.9268188,45.7942153],[6.9269245,45.7942025],[6.9269642,45.7941515],[6.9267203,45.7939999],[6.9266126,45.7936806],[6.9265425,45.7933697],[6.9265211,45.7932801],[6.9263705,45.7926491],[6.9262903,45.792313],[6.9260288,45.7917188],[6.9257016,45.7913447],[6.9255431,45.7911636],[6.9252933,45.7908738],[6.9248436,45.7902192],[6.924838,45.7902111],[6.9247446,45.7899148],[6.9245135,45.7896872],[6.9244504,45.789625],[6.9240207,45.7892749],[6.923556,45.7889167],[6.923444,45.7887816],[6.9234346,45.7885341],[6.9232362,45.7881954],[6.9227388,45.7876499],[6.9218562,45.7871142],[6.9210973,45.7865753],[6.9206163,45.7864011],[6.9201143,45.7861666],[6.9199531,45.7860314],[6.9199026,45.7859179],[6.9198879,45.7858113],[6.9199563,45.7857692],[6.9201194,45.7857211]]}},{"type":"Feature","id":1247098158,"properties":{"kind":"run","name":"Mapped ski run","subtype":"advanced","pisteType":"downhill","featured":false},"geometry":{"type":"LineString","coordinates":[[6.9260288,45.7917188],[6.9257016,45.7913447],[6.9259781,45.790766],[6.9261602,45.7905511],[6.9263843,45.7902092],[6.9265758,45.7899878],[6.9269821,45.7899519],[6.9277275,45.7898549],[6.9279021,45.7898021],[6.9279068,45.7895579],[6.927804,45.7894407],[6.927776,45.7892388],[6.9280842,45.7887666],[6.9281823,45.7884149],[6.9280702,45.7882163],[6.9275285,45.787819],[6.9272249,45.7876269],[6.9270895,45.7873338],[6.927171,45.7869364],[6.9275259,45.7871152],[6.927373,45.7873515],[6.92735,45.7874317],[6.9276792,45.7877229],[6.9279269,45.7879154],[6.9283782,45.7881807],[6.9287533,45.788388],[6.9288896,45.7886151],[6.9287887,45.7887496],[6.9286047,45.788889],[6.9283693,45.7890581],[6.9281003,45.7891642],[6.9280872,45.7892723],[6.9282075,45.7894181],[6.9283732,45.7895125],[6.9282752,45.7895736],[6.9282086,45.789519],[6.9281841,45.7895475],[6.9281666,45.7897111],[6.9281549,45.7899855],[6.9279109,45.7900034],[6.9274299,45.7900482],[6.9269314,45.7901516],[6.92665,45.7902834],[6.9264667,45.790434],[6.9263173,45.7907353],[6.9262005,45.7911472],[6.9261048,45.7914305],[6.9260288,45.7917188]]}},{"type":"Feature","id":1247098159,"properties":{"kind":"run","name":"Mapped ski run","subtype":"easy","pisteType":"downhill","featured":false},"geometry":{"type":"LineString","coordinates":[[6.9285646,45.7897967],[6.9287469,45.789768]]}},{"type":"Feature","id":1247098160,"properties":{"kind":"run","name":"Mapped ski run","subtype":"easy","pisteType":"downhill","featured":false},"geometry":{"type":"LineString","coordinates":[[6.9285579,45.7897805],[6.9286808,45.7897674],[6.9288242,45.7897522],[6.9291423,45.7897961],[6.9293873,45.7898967],[6.9299539,45.7902523],[6.9307289,45.7907436],[6.9309764,45.7909292],[6.9312379,45.7908527],[6.9314831,45.7909716],[6.9311048,45.7912532],[6.9301335,45.7912239],[6.9301778,45.7911393],[6.9285579,45.7897805]]}},{"type":"Feature","id":1247098161,"properties":{"kind":"run","name":"Mapped ski run","subtype":"advanced","pisteType":"downhill","featured":false},"geometry":{"type":"LineString","coordinates":[[6.9282752,45.7895736],[6.9283732,45.7895125],[6.9285196,45.7895848],[6.9288242,45.7897522],[6.9286808,45.7897674],[6.9284418,45.7896709],[6.9282752,45.7895736]]}},{"type":"Feature","id":1247098162,"properties":{"kind":"run","name":"Mapped ski run","subtype":"easy","pisteType":"downhill","featured":false},"geometry":{"type":"LineString","coordinates":[[6.9326392,45.7904225],[6.9319992,45.7905363],[6.9312379,45.7908527],[6.9314831,45.7909716],[6.9311048,45.7912532],[6.931326,45.7913291],[6.9316449,45.7916427],[6.9318806,45.7918017],[6.9320778,45.7916857],[6.9321163,45.7915847],[6.9322642,45.7914633],[6.9334031,45.7913417],[6.933211,45.7912998],[6.9329482,45.7911809],[6.9329707,45.7911128],[6.932769,45.7910659],[6.932395,45.7910268],[6.9323682,45.7909548],[6.9323787,45.7908253],[6.9325203,45.7905055],[6.9326392,45.7904225]]}},{"type":"Feature","id":1247098163,"properties":{"kind":"run","name":"Mapped ski run","subtype":"easy","pisteType":"downhill","featured":false},"geometry":{"type":"LineString","coordinates":[[6.9320778,45.7916857],[6.9318806,45.7918017],[6.9321465,45.7918731],[6.9323316,45.7919479],[6.9325113,45.7920358],[6.9325113,45.7921854],[6.9323557,45.7923032],[6.9321599,45.7923275],[6.9319346,45.7924472],[6.9317978,45.7925688],[6.9316959,45.7927539],[6.9317924,45.7929297],[6.9319427,45.7930831],[6.9322672,45.7931878],[6.9327098,45.7932664],[6.9328224,45.7932907],[6.9328546,45.793156],[6.9327312,45.7931542],[6.9324576,45.7931149],[6.9321277,45.7930513],[6.9320043,45.7929802],[6.9319024,45.7928213],[6.9319373,45.7927128],[6.9320955,45.7926043],[6.932286,45.792522],[6.9324589,45.7924134],[6.9325486,45.7924354],[6.9326502,45.7924196],[6.9328243,45.7923007],[6.932835,45.7921324],[6.932717,45.7919622],[6.9324595,45.7918313],[6.9321216,45.7917416],[6.9320778,45.7916857]]}},{"type":"Feature","id":1247098164,"properties":{"kind":"run","name":"Mapped ski run","subtype":"intermediate","pisteType":"downhill","featured":false},"geometry":{"type":"LineString","coordinates":[[6.9327312,45.7931542],[6.9328546,45.793156],[6.9330872,45.7931552],[6.93313,45.7930446],[6.9330462,45.7926046],[6.9328243,45.7923007],[6.9326502,45.7924196],[6.9327854,45.7926026],[6.9328391,45.792784],[6.932827,45.7929588],[6.9327312,45.7931542]]}},{"type":"Feature","id":1247098165,"properties":{"kind":"run","name":"Mapped ski run","subtype":"easy","pisteType":"downhill","featured":false},"geometry":{"type":"LineString","coordinates":[[6.9328224,45.7932907],[6.9329987,45.7933188],[6.9330858,45.7933759],[6.9331958,45.7932683],[6.9330872,45.7931552],[6.9328546,45.793156],[6.9328224,45.7932907]]}},{"type":"Feature","id":1247098166,"properties":{"kind":"run","name":"Mapped ski run","subtype":"easy","pisteType":"downhill","featured":false},"geometry":{"type":"LineString","coordinates":[[6.9331958,45.7932683],[6.9330858,45.7933759],[6.9331623,45.7934245],[6.933236,45.7934862],[6.9333031,45.7936237],[6.9333554,45.7937527],[6.9332025,45.793893],[6.9330671,45.7940136],[6.9329008,45.794051],[6.9326299,45.7940922],[6.9327532,45.7941875],[6.9328941,45.7942651],[6.9330952,45.7943147],[6.9336813,45.7940968],[6.9335512,45.7938107],[6.9333742,45.7935966],[6.9333018,45.7934086],[6.9331958,45.7932683]]}},{"type":"Feature","id":1247098167,"properties":{"kind":"run","name":"Mapped ski run","subtype":"easy","pisteType":"downhill","featured":false},"geometry":{"type":"LineString","coordinates":[[6.9330952,45.7943147],[6.9336813,45.7940968],[6.9341186,45.7944425],[6.934211,45.7947067],[6.9346085,45.7950891],[6.9349874,45.7953597],[6.9352832,45.7956433],[6.9356992,45.7960257],[6.9358902,45.7961674],[6.9351908,45.796146],[6.9352093,45.7959311],[6.9350213,45.7957077],[6.9345222,45.7953211],[6.933946,45.7950289],[6.9338259,45.7948957],[6.933527,45.7945606],[6.9330952,45.7943147]]}},{"type":"Feature","id":1247098168,"properties":{"kind":"run","name":"Mapped ski run","subtype":"easy","pisteType":"downhill","featured":false},"geometry":{"type":"LineString","coordinates":[[6.9351908,45.796146],[6.9350582,45.796398],[6.9352387,45.7965461],[6.9357767,45.7966226],[6.9358935,45.7965486],[6.9361412,45.7964573],[6.9361412,45.7962056],[6.9358902,45.7961674],[6.9351908,45.796146]]}},{"type":"Feature","id":1247098169,"properties":{"kind":"run","name":"Mapped ski run","subtype":"easy","pisteType":"downhill","featured":false},"geometry":{"type":"LineString","coordinates":[[6.938696,45.7955298],[6.9389982,45.7955363],[6.9390291,45.7956269],[6.9389641,45.7958013],[6.9386327,45.7959572],[6.9381327,45.7960833],[6.9375615,45.7961825],[6.9370472,45.7962605],[6.9364536,45.7964036],[6.936289,45.7964504],[6.9361412,45.7964573],[6.9361412,45.7962056],[6.9366488,45.7961088],[6.9368968,45.7961017],[6.9374314,45.7959954],[6.9376834,45.7959742],[6.9379538,45.7959784],[6.9384579,45.7958381],[6.938651,45.795712],[6.938696,45.7955298]]}},{"type":"Feature","id":1247109702,"properties":{"kind":"run","name":"Mapped ski run","subtype":"easy","pisteType":"downhill","featured":false},"geometry":{"type":"LineString","coordinates":[[6.9357767,45.7966226],[6.9352387,45.7965461],[6.9353952,45.7967488],[6.9354321,45.797057],[6.9355785,45.7972052],[6.9359035,45.7973234],[6.9362887,45.7975296],[6.9366892,45.797753],[6.9371612,45.7980287],[6.9375563,45.7982289],[6.9380449,45.7981472],[6.9382332,45.7981794],[6.9383221,45.7982031],[6.9383662,45.7982379],[6.9383873,45.7982769],[6.9383484,45.7983555],[6.9382621,45.7984221],[6.9384701,45.7984962],[6.9388013,45.798348],[6.9387473,45.7982997],[6.9387335,45.7981848],[6.9387135,45.7980355],[6.9385625,45.7979753],[6.9383114,45.7980118],[6.9380587,45.7980559],[6.9378508,45.7980215],[6.9375658,45.7979528],[6.9373378,45.7977584],[6.9369958,45.7976102],[6.9366507,45.7974834],[6.9364627,45.7973245],[6.9360853,45.7972085],[6.9357895,45.7970398],[6.9357418,45.7968411],[6.9357187,45.7967423],[6.9357767,45.7966226]]}},{"type":"Feature","id":1247109703,"properties":{"kind":"run","name":"Mapped ski run","subtype":"easy","pisteType":"downhill","featured":false},"geometry":{"type":"LineString","coordinates":[[6.9388013,45.798348],[6.9384701,45.7984962],[6.9387944,45.7986091],[6.9390688,45.7986955],[6.9392599,45.7987395],[6.9395729,45.7987055],[6.9396827,45.7986984],[6.9396888,45.7987522],[6.939802,45.798749],[6.9398228,45.7986798],[6.9399125,45.798518],[6.9398116,45.7985099],[6.9396082,45.7985056],[6.9391368,45.7985137],[6.9389294,45.7984093],[6.9388013,45.798348]]}},{"type":"Feature","id":1247109704,"properties":{"kind":"run","name":"Mapped ski run","subtype":"easy","pisteType":"downhill","featured":false},"geometry":{"type":"LineString","coordinates":[[6.9478432,45.8057163],[6.947752,45.8058491],[6.9475981,45.8057794],[6.9471793,45.8057072],[6.9468038,45.8056937],[6.9462754,45.8057181],[6.9458255,45.8056633],[6.945419,45.8056179],[6.9447055,45.8056236],[6.94399,45.8056066],[6.9438233,45.8056023],[6.9430488,45.8053798],[6.942565,45.8053118],[6.9423557,45.8052736],[6.9412905,45.8048981],[6.9412173,45.8049831],[6.9417052,45.8053473],[6.9417641,45.8054507],[6.9417255,45.8055541],[6.9415568,45.8055938],[6.9411665,45.8055301],[6.9407376,45.8054677],[6.9404652,45.8054266],[6.9395525,45.8055428],[6.9392761,45.8055839],[6.939085,45.8055839],[6.9385646,45.8054819],[6.938028,45.8053699],[6.9382341,45.8051736],[6.9389781,45.805338],[6.9391256,45.8054039],[6.9392171,45.8054252],[6.9397863,45.8053458],[6.940512,45.8053147],[6.9415751,45.8054819],[6.9416605,45.8054238],[6.9412681,45.8051333],[6.9409815,45.8049462],[6.9409104,45.8048754],[6.9410771,45.8047521],[6.9415222,45.8048839],[6.9420711,45.8051049],[6.9425264,45.8052226],[6.9431118,45.8052906],[6.943807,45.805479],[6.9442603,45.8055173],[6.9445957,45.8055329],[6.9451344,45.8055074],[6.9459841,45.8055471],[6.9469008,45.8055456],[6.9470071,45.805559],[6.9473734,45.8056051],[6.9474639,45.8056165],[6.9478432,45.8057163]]}},{"type":"Feature","id":1247109705,"properties":{"kind":"run","name":"Mapped ski run","subtype":"easy","pisteType":"downhill","featured":false},"geometry":{"type":"LineString","coordinates":[[6.9439933,45.803705],[6.9441397,45.8036653],[6.9442274,45.8039365],[6.9444185,45.8042203],[6.9446273,45.804425],[6.9448237,45.8045431],[6.9452944,45.8047535],[6.9457048,45.8049601],[6.9459516,45.8051153],[6.9464922,45.8052901],[6.9469333,45.8054219],[6.9473135,45.805489],[6.9473734,45.8056051],[6.9470071,45.805559],[6.9469449,45.8054865],[6.9465399,45.8053678],[6.9458345,45.8051144],[6.9453128,45.8048386],[6.9448166,45.8046096],[6.94448,45.8044432],[6.9442828,45.8042085],[6.9440978,45.8039037],[6.9439933,45.803705]]}},{"type":"Feature","id":1248030559,"properties":{"kind":"run","name":"Diretta","subtype":"easy","pisteType":"downhill","featured":false},"geometry":{"type":"LineString","coordinates":[[6.9354506,45.7963118],[6.9349901,45.7963092],[6.9345931,45.7962641]]}},{"type":"Feature","id":1248030560,"properties":{"kind":"run","name":"Mapped ski run","subtype":"easy","pisteType":"downhill","featured":false},"geometry":{"type":"LineString","coordinates":[[6.9351908,45.796146],[6.9350582,45.796398],[6.9347621,45.7963619],[6.934525,45.7963175],[6.934325,45.7961743],[6.9344312,45.7961028],[6.9346878,45.7961386],[6.9350346,45.7961706],[6.9351908,45.796146]]}},{"type":"Feature","id":1248030561,"properties":{"kind":"run","name":"Mapped ski run","subtype":"easy","pisteType":"downhill","featured":false},"geometry":{"type":"LineString","coordinates":[[6.934325,45.7961743],[6.9344312,45.7961028],[6.9340808,45.7960485],[6.9337693,45.7959757],[6.9333818,45.7958326],[6.9329766,45.795645],[6.9327695,45.7955685],[6.9326757,45.7955759],[6.9326651,45.79565],[6.9328421,45.7957906],[6.9333287,45.7961225],[6.9335764,45.7963113],[6.9336755,45.7964162],[6.933787,45.7963841],[6.9337532,45.7962984],[6.9337393,45.7962632],[6.93358,45.7961509],[6.9333464,45.7960115],[6.9330473,45.7958301],[6.9328279,45.7956895],[6.9328845,45.7957006],[6.9330031,45.795745],[6.9331712,45.7958486],[6.9333853,45.7959337],[6.9337393,45.7960398],[6.933964,45.7961114],[6.934325,45.7961743]]}},{"type":"Feature","id":1248030562,"properties":{"kind":"run","name":"Mapped ski run","subtype":"easy","pisteType":"downhill","featured":false},"geometry":{"type":"LineString","coordinates":[[6.9336755,45.7964162],[6.933787,45.7963841],[6.9339905,45.7966407],[6.9340861,45.7969405],[6.9341763,45.7971712],[6.9342064,45.7973156],[6.9340967,45.7974204],[6.9339286,45.7974069],[6.9336879,45.7972786],[6.9337393,45.797207],[6.9339587,45.7973168],[6.934033,45.797339],[6.9339941,45.7971206],[6.9339268,45.7969331],[6.9338224,45.7966715],[6.9336755,45.7964162]]}},{"type":"Feature","id":1248030563,"properties":{"kind":"run","name":"Mapped ski run","subtype":"easy","pisteType":"downhill","featured":false},"geometry":{"type":"LineString","coordinates":[[6.9336879,45.7972786],[6.9337393,45.797207],[6.9333234,45.7970454],[6.932996,45.7969171],[6.9330863,45.7970491],[6.9332838,45.7971146],[6.9333393,45.797133],[6.9335251,45.7972206],[6.9336879,45.7972786]]}},{"type":"Feature","id":1248030564,"properties":{"kind":"run","name":"Mapped ski run","subtype":"easy","pisteType":"downhill","featured":false},"geometry":{"type":"LineString","coordinates":[[6.932996,45.7969171],[6.9330863,45.7970491],[6.9330438,45.7971034],[6.9328456,45.7970515],[6.9327323,45.7970417],[6.9325837,45.7968912],[6.932635,45.796848],[6.9327372,45.7968025],[6.9328881,45.7968751],[6.932996,45.7969171]]}},{"type":"Feature","id":1248030565,"properties":{"kind":"run","name":"Mapped ski run","subtype":"advanced","pisteType":"downhill","featured":false},"geometry":{"type":"LineString","coordinates":[[6.934525,45.7963175],[6.934325,45.7961743],[6.9341649,45.7961972],[6.9339731,45.7961869],[6.93358,45.7961509],[6.9337393,45.7962632],[6.9337532,45.7962984],[6.933945,45.7962982],[6.9342159,45.7963057],[6.934525,45.7963175]]}},{"type":"Feature","id":1248030566,"properties":{"kind":"run","name":"Mapped ski run","subtype":"advanced","pisteType":"downhill","featured":false},"geometry":{"type":"LineString","coordinates":[[6.9327323,45.7970417],[6.9325837,45.7968912],[6.9322337,45.7968866],[6.9316249,45.7970194],[6.9312976,45.7972476],[6.9307317,45.7973691],[6.9301899,45.7974495],[6.9299807,45.7976964],[6.9299136,45.7978927],[6.9297071,45.7979993],[6.9294684,45.7980648],[6.929624,45.7982069],[6.929986,45.798033],[6.9302167,45.7978815],[6.9304715,45.7976851],[6.9308014,45.7975692],[6.9313191,45.7974907],[6.9318716,45.7972008],[6.9322418,45.7971223],[6.9327323,45.7970417]]}},{"type":"Feature","id":1248030567,"properties":{"kind":"run","name":"Mapped ski run","subtype":"easy","pisteType":"downhill","featured":false},"geometry":{"type":"LineString","coordinates":[[6.9327372,45.7968025],[6.932635,45.796848],[6.9321745,45.7966591],[6.9316582,45.7964544],[6.9311942,45.7962627],[6.9307101,45.7960747],[6.9300585,45.7958903],[6.9295355,45.795625],[6.929267,45.7953514],[6.9287066,45.794933],[6.9282606,45.794443],[6.9278085,45.794097],[6.9270239,45.793283],[6.9266439,45.7929143],[6.9263705,45.7926491],[6.9262903,45.792313],[6.9269119,45.7926871],[6.9279066,45.7938365],[6.9285604,45.7944942],[6.9295364,45.7954027],[6.9301108,45.7957576],[6.9311476,45.7960832],[6.9321376,45.7965032],[6.9325999,45.7966986],[6.9327372,45.7968025]]}},{"type":"Feature","id":1248030568,"properties":{"kind":"run","name":"Mapped ski run","subtype":"easy","pisteType":"downhill","featured":false},"geometry":{"type":"LineString","coordinates":[[6.9266439,45.7929143],[6.9265249,45.7930078],[6.9265816,45.7932101],[6.9266966,45.7933718],[6.9265816,45.793394],[6.9265211,45.7932801],[6.9263705,45.7926491],[6.9266439,45.7929143]]}},{"type":"Feature","id":1248030569,"properties":{"kind":"run","name":"Mapped ski run","subtype":"easy","pisteType":"downhill","featured":false},"geometry":{"type":"LineString","coordinates":[[6.9265816,45.793394],[6.9266966,45.7933718],[6.9270613,45.7938527],[6.927302,45.7941722],[6.9275419,45.7946243],[6.927499,45.795045],[6.9275097,45.7953443],[6.9276599,45.7957594],[6.9277833,45.7961447],[6.9278128,45.7963223],[6.9282017,45.7968235],[6.9288615,45.7975042],[6.9289403,45.7975769],[6.9291896,45.7979289],[6.9293585,45.7980714],[6.9294684,45.7980648],[6.929624,45.7982069],[6.9295168,45.7982559],[6.9293651,45.7983255],[6.9290965,45.7980683],[6.9288537,45.7976092],[6.9284474,45.7972038],[6.927852,45.7966747],[6.9276535,45.796214],[6.9274924,45.7958705],[6.9273803,45.7953788],[6.9272869,45.795006],[6.927343,45.7946658],[6.9272541,45.7943617],[6.9272426,45.7943222],[6.927198,45.7942745],[6.9270161,45.7940797],[6.9267709,45.7936922],[6.9265816,45.793394]]}},{"type":"Feature","id":1248030570,"properties":{"kind":"run","name":"Mapped ski run","subtype":"easy","pisteType":"downhill","featured":false},"geometry":{"type":"LineString","coordinates":[[6.9269245,45.7942025],[6.9269642,45.7941515],[6.927198,45.7942745],[6.9272426,45.7943222],[6.9272541,45.7943617],[6.9270924,45.7942806],[6.9269245,45.7942025]]}},{"type":"Feature","id":1248030571,"properties":{"kind":"run","name":"Mapped ski run","subtype":"easy","pisteType":"downhill","featured":false},"geometry":{"type":"LineString","coordinates":[[6.9273419,45.7943457],[6.9272195,45.7943097],[6.9268526,45.7941445],[6.9266706,45.7941127]]}},{"type":"Feature","id":1248030572,"properties":{"kind":"run","name":"Mapped ski run","subtype":"easy","pisteType":"downhill","featured":false},"geometry":{"type":"LineString","coordinates":[[6.9293651,45.7983255],[6.9295168,45.7982559],[6.9297033,45.7984131],[6.9299353,45.7985627],[6.9301794,45.7987909],[6.9305053,45.7991807],[6.9306167,45.7993212],[6.9308779,45.7996585],[6.9311677,45.8000001],[6.9315287,45.8004366],[6.9316826,45.8006389],[6.931814,45.8008597],[6.9318881,45.8010495],[6.9317646,45.8010509],[6.9316939,45.8009106],[6.9315953,45.8007017],[6.9312148,45.8001835],[6.9309122,45.7998504],[6.930622,45.7995025],[6.9303263,45.7991385],[6.9300239,45.7988277],[6.9297018,45.7985612],[6.9293651,45.7983255]]}},{"type":"Feature","id":1248031151,"properties":{"kind":"run","name":"Mapped ski run","subtype":"easy","pisteType":"downhill","featured":false},"geometry":{"type":"LineString","coordinates":[[6.9304815,45.7992438],[6.9308024,45.7996095],[6.9312881,45.8001884],[6.9315493,45.8005712],[6.9316939,45.8007646],[6.9318552,45.8011504],[6.9318359,45.8013169],[6.9317956,45.8014887]]}},{"type":"Feature","id":1248031152,"properties":{"kind":"run","name":"Mapped ski run","subtype":"easy","pisteType":"downhill","featured":false},"geometry":{"type":"LineString","coordinates":[[6.9316641,45.8014979],[6.931651,45.8015872],[6.9318006,45.8016027]]}},{"type":"Feature","id":1248033944,"properties":{"kind":"run","name":"Mapped ski run","subtype":"intermediate","pisteType":"downhill","featured":false},"geometry":{"type":"LineString","coordinates":[[6.9358401,45.792134],[6.9360121,45.7922462],[6.9361959,45.7924649],[6.9366029,45.7926796],[6.9371408,45.7927857],[6.9378112,45.792795]]}},{"type":"Feature","id":1248033945,"properties":{"kind":"run","name":"Mapped ski run","subtype":"easy","pisteType":"downhill","featured":false},"geometry":{"type":"LineString","coordinates":[[6.9374112,45.7936736],[6.9376341,45.7935723],[6.9376156,45.793379],[6.9376433,45.7930202],[6.9378112,45.792795]]}},{"type":"Feature","id":1248300466,"properties":{"kind":"run","name":"Mapped ski run","subtype":"easy","pisteType":"downhill","featured":false},"geometry":{"type":"LineString","coordinates":[[6.9359929,45.7922852],[6.93586,45.7923305],[6.9360229,45.7924981],[6.9362107,45.7927412],[6.9363783,45.7929563],[6.9365553,45.7931863],[6.9367565,45.7934117],[6.9369965,45.7935557],[6.9371897,45.7936557],[6.9374257,45.7937184],[6.937647,45.7937838],[6.937937,45.7938436],[6.9379295,45.7937769],[6.9377865,45.7937801],[6.9376604,45.7937305],[6.9375585,45.7936884],[6.9373251,45.7936108],[6.9370395,45.7934678],[6.9368289,45.7933327],[6.9367334,45.7932258],[6.9365586,45.793012],[6.9363121,45.7926962],[6.9361519,45.7924846],[6.9359929,45.7922852]]}},{"type":"Feature","id":1248300467,"properties":{"kind":"run","name":"Mapped ski run","subtype":"intermediate","pisteType":"downhill","featured":false},"geometry":{"type":"LineString","coordinates":[[6.9361026,45.7922478],[6.9359929,45.7922852],[6.9361519,45.7924846],[6.9363321,45.7926608],[6.9366279,45.7927661],[6.9372179,45.7929068],[6.937436,45.7929505],[6.9375505,45.7926862],[6.9375726,45.7926486],[6.9371286,45.792708],[6.9369052,45.7926565],[6.9364831,45.7925297],[6.9362643,45.7924041],[6.9361026,45.7922478]]}},{"type":"Feature","id":1248300468,"properties":{"kind":"run","name":"Mapped ski run","subtype":"easy","pisteType":"downhill","featured":false},"geometry":{"type":"LineString","coordinates":[[6.9373251,45.7936108],[6.9375585,45.7936884],[6.9377103,45.7935707],[6.9377733,45.7934811],[6.9377761,45.7933928],[6.9377256,45.793343],[6.9374602,45.7932555],[6.9375643,45.7933621],[6.9375775,45.7934613],[6.9375663,45.7935265],[6.9375297,45.7935584],[6.9374748,45.7935719],[6.9373251,45.7936108]]}},{"type":"Feature","id":1248316372,"properties":{"kind":"run","name":"Mapped ski run","subtype":"easy","pisteType":"downhill","featured":false},"geometry":{"type":"LineString","coordinates":[[6.938028,45.8053699],[6.9382341,45.8051736],[6.9382863,45.805109],[6.9379733,45.8050623],[6.9374997,45.8049631],[6.9369326,45.8047421],[6.9366947,45.8045437],[6.936524,45.8042759],[6.9364285,45.804103],[6.9360849,45.8037147],[6.9358125,45.80342],[6.9355747,45.8032428],[6.935408,45.8035092],[6.9357333,45.8036566],[6.9359914,45.8038918],[6.936217,45.8040874],[6.9363675,45.8043042],[6.9365463,45.8045919],[6.9366805,45.8047449],[6.9369,45.8049107],[6.9372436,45.8050793],[6.9374387,45.8051629],[6.9377924,45.8053103],[6.938028,45.8053699]]}},{"type":"Feature","id":1248316373,"properties":{"kind":"run","name":"Mapped ski run","subtype":"easy","pisteType":"downhill","featured":false},"geometry":{"type":"LineString","coordinates":[[6.9355747,45.8032428],[6.935408,45.8035092],[6.9350726,45.8034143],[6.9345604,45.8034596],[6.9338916,45.8033803],[6.9334749,45.8031351],[6.9329728,45.802676],[6.9327838,45.8025357],[6.9319869,45.8024039],[6.9316312,45.8021573],[6.9317918,45.8020922],[6.9319409,45.8022165],[6.9320398,45.8022991],[6.9321516,45.8023005],[6.9323284,45.8021999],[6.9330297,45.8023586],[6.9333489,45.8025357],[6.9335542,45.8028092],[6.9338957,45.8030359],[6.9341498,45.8031564],[6.934312,45.8031954],[6.9345502,45.8032527],[6.9350076,45.8032159],[6.9355747,45.8032428]]}},{"type":"Feature","id":1248316374,"properties":{"kind":"run","name":"Mapped ski run","subtype":"easy","pisteType":"downhill","featured":false},"geometry":{"type":"LineString","coordinates":[[6.9321516,45.8023005],[6.9323284,45.8021999],[6.9322418,45.802044],[6.9321309,45.8019946],[6.9318906,45.8020043],[6.9317918,45.8020922],[6.9319409,45.8022165],[6.9320246,45.8021697],[6.9320986,45.8022309],[6.9321516,45.8023005]]}},{"type":"Feature","id":1248316375,"properties":{"kind":"run","name":"Mapped ski run","subtype":"easy","pisteType":"downhill","featured":false},"geometry":{"type":"LineString","coordinates":[[6.9322418,45.802044],[6.9321309,45.8019946],[6.9321756,45.8016917],[6.9321448,45.8015897],[6.9319075,45.8015317],[6.9316949,45.8015178],[6.9316754,45.8015497],[6.9316667,45.8015991],[6.931628,45.8015937],[6.9316332,45.8015278],[6.9315673,45.8015107],[6.9315106,45.801446],[6.9316145,45.8014077],[6.9316998,45.8014651],[6.9318696,45.8014732],[6.9320961,45.8014781],[6.9321869,45.8014962],[6.9322966,45.8015946],[6.9322838,45.8017656],[6.9322464,45.8019357],[6.9322418,45.802044]]}},{"type":"Feature","id":1248316376,"properties":{"kind":"run","name":"Mapped ski run","subtype":"easy","pisteType":"downhill","featured":false},"geometry":{"type":"LineString","coordinates":[[6.934312,45.8031954],[6.9341498,45.8031564],[6.9339732,45.8029857],[6.9338736,45.8028341],[6.9337437,45.8025977],[6.9335896,45.8024055],[6.9333339,45.8021402],[6.9330674,45.801977],[6.9328841,45.801774],[6.9327701,45.8016408],[6.9324173,45.8014475],[6.9322355,45.8013079],[6.9319259,45.8012026],[6.9318881,45.8010495],[6.9321508,45.8011447],[6.9326407,45.8014421],[6.9327947,45.8015603],[6.9329919,45.80176],[6.9331075,45.8019265],[6.9333909,45.8021048],[6.9334972,45.8021896],[6.933699,45.8024162],[6.9338685,45.8025859],[6.9339347,45.8028007],[6.9340302,45.80295],[6.934312,45.8031954]]}},{"type":"Feature","id":1248316377,"properties":{"kind":"run","name":"Mapped ski run","subtype":"easy","pisteType":"downhill","featured":false},"geometry":{"type":"LineString","coordinates":[[6.9317646,45.8010509],[6.9318881,45.8010495],[6.9319259,45.8012026],[6.9319109,45.8013315],[6.9318696,45.8014732],[6.9316998,45.8014651],[6.9317646,45.8013637],[6.9317938,45.8012423],[6.9317831,45.8011564],[6.9317646,45.8010509]]}},{"type":"Feature","id":1248316378,"properties":{"kind":"run","name":"Mapped ski run","subtype":"easy","pisteType":"downhill","featured":false},"geometry":{"type":"LineString","coordinates":[[6.9317831,45.8011564],[6.9317646,45.8010509],[6.9317137,45.8010641],[6.931572,45.8009395],[6.9314149,45.8007612],[6.9312793,45.8006012],[6.9311699,45.8005024],[6.9310652,45.8004723],[6.9310421,45.8005045],[6.9310297,45.8006237],[6.9311037,45.8007924],[6.9310451,45.8009953],[6.9309296,45.8012135],[6.9304953,45.8013616],[6.9308899,45.8016253],[6.9311374,45.8013925],[6.9313405,45.8011956],[6.9313079,45.8010274],[6.9312985,45.8009791],[6.9311561,45.8007153],[6.9310941,45.80057],[6.9310951,45.8005466],[6.9311266,45.8005388],[6.9311591,45.8005707],[6.9312303,45.8006777],[6.9313644,45.8008045],[6.9314843,45.8009356],[6.9315728,45.8010299],[6.9316968,45.8011099],[6.9317831,45.8011564]]}},{"type":"Feature","id":1248316379,"properties":{"kind":"run","name":"Mapped ski run","subtype":"easy","pisteType":"downhill","featured":false},"geometry":{"type":"LineString","coordinates":[[6.9315106,45.801446],[6.9316145,45.8014077],[6.9315156,45.8013184],[6.9314509,45.8011895],[6.9313846,45.8011036],[6.9313079,45.8010274],[6.9313405,45.8011956],[6.9314422,45.801331],[6.9315106,45.801446]]}},{"type":"Feature","id":1248316380,"properties":{"kind":"run","name":"Mapped ski run","subtype":"easy","pisteType":"downhill","featured":false},"geometry":{"type":"LineString","coordinates":[[6.9316312,45.8021573],[6.9317918,45.8020922],[6.9318906,45.8020043],[6.9315396,45.8019123],[6.9312715,45.8018135],[6.9308899,45.8016253],[6.9307108,45.8017577],[6.9310127,45.8018758],[6.9312376,45.8019832],[6.9314071,45.8020627],[6.9316312,45.8021573]]}},{"type":"Feature","id":1248316381,"properties":{"kind":"run","name":"Mapped ski run","subtype":"easy","pisteType":"downhill","featured":false},"geometry":{"type":"LineString","coordinates":[[6.9307108,45.8017577],[6.9308899,45.8016253],[6.9304953,45.8013616],[6.9301531,45.8012679],[6.9298296,45.8011025],[6.929731,45.8008942],[6.9296878,45.8006171],[6.9294753,45.8006257],[6.9292411,45.8010102],[6.9293951,45.8011004],[6.9296478,45.8012164],[6.9298234,45.801341],[6.9301839,45.8014741],[6.9307108,45.8017577]]}},{"type":"Feature","id":1248316382,"properties":{"kind":"run","name":"Mapped ski run","subtype":"easy","pisteType":"downhill","featured":false},"geometry":{"type":"LineString","coordinates":[[6.9294753,45.8006257],[6.9292411,45.8010102],[6.9285817,45.8009071],[6.928175,45.8008169],[6.9280857,45.8010811],[6.9281165,45.8013753],[6.9281843,45.801908],[6.9281134,45.8023054],[6.927907,45.80246],[6.9277892,45.8024182],[6.9275458,45.8022163],[6.9273732,45.8020713],[6.9270359,45.8017769],[6.9260802,45.8010133],[6.9255476,45.8006363],[6.925261,45.8004237],[6.9250781,45.800299],[6.9251736,45.8002324],[6.9255923,45.8004507],[6.9261168,45.8008758],[6.9264339,45.8011351],[6.9269339,45.8015957],[6.9272429,45.8018409],[6.9275519,45.8020974],[6.9277043,45.8021994],[6.9277653,45.8022036],[6.9278324,45.8021767],[6.9278609,45.8021115],[6.9277857,45.8018536],[6.9277897,45.8016722],[6.9277877,45.8010161],[6.927867,45.8007001],[6.9279422,45.8005499],[6.9280682,45.8004535],[6.9282308,45.8004308],[6.9284117,45.8004903],[6.9285683,45.8005796],[6.9287614,45.8006221],[6.929052,45.8006349],[6.9292838,45.8006434],[6.9294753,45.8006257]]}},{"type":"Feature","id":1248316383,"properties":{"kind":"run","name":"Mapped ski run","subtype":"advanced","pisteType":"downhill","featured":false},"geometry":{"type":"LineString","coordinates":[[6.9296878,45.8006171],[6.9294753,45.8006257],[6.929428,45.8005475],[6.9292213,45.8004651],[6.9289479,45.8003872],[6.9287334,45.8002958],[6.928585,45.8001697],[6.9284926,45.8000549],[6.9283288,45.7998875],[6.928486,45.799851],[6.9286708,45.8001174],[6.9288341,45.8002806],[6.92917,45.8003859],[6.9294318,45.8004825],[6.9296075,45.8005577],[6.9296878,45.8006171]]}},{"type":"Feature","id":1248316384,"properties":{"kind":"run","name":"Mapped ski run","subtype":"advanced","pisteType":"downhill","featured":false},"geometry":{"type":"LineString","coordinates":[[6.928486,45.799851],[6.9283288,45.7998875],[6.9281384,45.7996545],[6.9280275,45.7995535],[6.9281122,45.7994869],[6.9283618,45.799734],[6.928486,45.799851]]}},{"type":"Feature","id":1248316385,"properties":{"kind":"run","name":"Mapped ski run","subtype":"advanced","pisteType":"downhill","featured":false},"geometry":{"type":"LineString","coordinates":[[6.9281122,45.7994869],[6.9280275,45.7995535],[6.9278041,45.7995245],[6.9275207,45.7996362],[6.9267211,45.7998016],[6.9258662,45.7999992],[6.9251421,45.799981],[6.924663,45.8000433],[6.9245213,45.7999241],[6.924891,45.7998704],[6.9254194,45.799749],[6.9260988,45.7996362],[6.9266749,45.7994698],[6.9270293,45.7993323],[6.9278257,45.7993495],[6.9280059,45.7993817],[6.9281122,45.7994869]]}},{"type":"Feature","id":1248316386,"properties":{"kind":"run","name":"Mapped ski run","subtype":"easy","pisteType":"downhill","featured":false},"geometry":{"type":"LineString","coordinates":[[6.9251736,45.8002324],[6.9250558,45.8001492],[6.9248281,45.8000684],[6.924663,45.8000433],[6.9245213,45.7999241],[6.9242874,45.8000429],[6.924187,45.8001264],[6.9241236,45.8002531],[6.9240519,45.8002951],[6.9239714,45.8003426],[6.9239059,45.8004184],[6.923913,45.8004647],[6.9239758,45.8004659],[6.9240758,45.8004357],[6.9241607,45.8004406],[6.9241811,45.8004641],[6.9243032,45.8005011],[6.9243778,45.8004973],[6.9243544,45.8003821],[6.9242368,45.800379],[6.924251,45.8003358],[6.9246129,45.8002975],[6.9248712,45.8002655],[6.9250225,45.8002729],[6.9250781,45.800299],[6.9251736,45.8002324]]}},{"type":"Feature","id":1248316387,"properties":{"kind":"run","name":"Mapped ski run","subtype":"easy","pisteType":"downhill","featured":false},"geometry":{"type":"LineString","coordinates":[[6.9330863,45.7970491],[6.9330438,45.7971034],[6.9333035,45.7972233],[6.9335332,45.797365],[6.9338605,45.7975819],[6.9342182,45.7979659],[6.9345008,45.7982564],[6.934765,45.7984449],[6.9351811,45.7987091],[6.9357357,45.7989819],[6.9364074,45.7993127],[6.9369157,45.799695],[6.9379263,45.8001611],[6.9382159,45.8002492],[6.9382806,45.8001225],[6.9380927,45.7999635],[6.9379263,45.7996199],[6.9381389,45.7997122],[6.9383176,45.7998841],[6.9391279,45.8000258],[6.9394391,45.8000688],[6.9395254,45.7999721],[6.9392851,45.7999077],[6.9388321,45.7998819],[6.938447,45.7997401],[6.9381636,45.7995425],[6.9377661,45.7994459],[6.9377106,45.7994781],[6.9377753,45.7996843],[6.9378924,45.7999077],[6.9381173,45.8001117],[6.9379263,45.7999872],[6.937458,45.7998432],[6.9369465,45.7995769],[6.9364012,45.7992031],[6.935594,45.7987821],[6.935101,45.7985329],[6.934682,45.7982451],[6.9343523,45.7979551],[6.9339826,45.7975534],[6.9336529,45.7973279],[6.9332838,45.7971146],[6.9330863,45.7970491]]}},{"type":"Feature","id":1248316388,"properties":{"kind":"run","name":"Mapped ski run","subtype":"easy","pisteType":"downhill","featured":false},"geometry":{"type":"LineString","coordinates":[[6.9459964,45.8023395],[6.9460371,45.8022786],[6.9456713,45.8020825],[6.9452709,45.8019507],[6.9449375,45.8018274],[6.9446387,45.8016687],[6.9442525,45.8015071],[6.943724,45.8014037],[6.943356,45.8013059],[6.9429861,45.8012733],[6.9426283,45.8012421],[6.9423803,45.8012308],[6.9418498,45.8010112],[6.9416038,45.8008921],[6.9411404,45.8007079],[6.9406505,45.8004755],[6.9407236,45.8006158],[6.9411729,45.8008042],[6.9415123,45.8009445],[6.9419555,45.8011911],[6.9424088,45.8013201],[6.9426771,45.8013654],[6.9431589,45.8014037],[6.9435491,45.8014873],[6.9440187,45.8015539],[6.9444537,45.8016985],[6.9450168,45.8019677],[6.9455676,45.8021576],[6.9458217,45.8022568],[6.9459964,45.8023395]]}},{"type":"Feature","id":1248316389,"properties":{"kind":"run","name":"Mapped ski run","subtype":"easy","pisteType":"downhill","featured":false},"geometry":{"type":"LineString","coordinates":[[6.9406505,45.8004755],[6.9405768,45.8003829],[6.9404752,45.8002653],[6.9403227,45.800271],[6.9404488,45.8004425],[6.9403959,45.800458],[6.9402536,45.80039],[6.940154,45.8004651],[6.940339,45.8005856],[6.9405992,45.8007089],[6.9407476,45.8007882],[6.9409122,45.8007741],[6.9407781,45.800655],[6.9407236,45.8006158],[6.9406505,45.8004755]]}},{"type":"Feature","id":1248316390,"properties":{"kind":"run","name":"Mapped ski run","subtype":"easy","pisteType":"downhill","featured":false},"geometry":{"type":"LineString","coordinates":[[6.9407476,45.8007882],[6.9409122,45.8007741],[6.9412137,45.8009224],[6.9414712,45.8010889],[6.9416455,45.8012141],[6.9419218,45.8014273],[6.9422356,45.8016854],[6.9424582,45.801906],[6.9425682,45.80205],[6.9427157,45.802136],[6.9429759,45.8022669],[6.9432253,45.8024277],[6.9434485,45.802645],[6.9432452,45.8027386],[6.9431502,45.8025941],[6.9430295,45.8024576],[6.9426916,45.8022501],[6.9423885,45.8020313],[6.9420398,45.8017265],[6.9417447,45.8014554],[6.9413826,45.8011936],[6.9410822,45.8009916],[6.9407476,45.8007882]]}},{"type":"Feature","id":1248316391,"properties":{"kind":"run","name":"Mapped ski run","subtype":"easy","pisteType":"downhill","featured":false},"geometry":{"type":"LineString","coordinates":[[6.940154,45.8004651],[6.9399021,45.8003297],[6.9396178,45.8001446],[6.9394391,45.8000688],[6.9395254,45.7999721],[6.9397385,45.8000529],[6.9399799,45.800167],[6.9402536,45.80039],[6.940154,45.8004651]]}},{"type":"Feature","id":1248316392,"properties":{"kind":"run","name":"Mapped ski run","subtype":"easy","pisteType":"downhill","featured":false},"geometry":{"type":"LineString","coordinates":[[6.9404752,45.8002653],[6.9403227,45.800271],[6.9399423,45.7998622],[6.9397063,45.7996677],[6.9392288,45.7993311],[6.9388721,45.7990581],[6.9385502,45.7987944],[6.9384403,45.7986766],[6.9382767,45.7986037],[6.9382364,45.7984906],[6.9382621,45.7984221],[6.9384701,45.7984962],[6.9384603,45.7985532],[6.9384483,45.7985897],[6.9386119,45.7987075],[6.9389123,45.7989384],[6.9391778,45.7991423],[6.9393897,45.7993208],[6.9396794,45.7995331],[6.9400482,45.799778],[6.9403003,45.8000548],[6.9404752,45.8002653]]}},{"type":"Feature","id":1248320390,"properties":{"kind":"run","name":"Mapped ski run","subtype":"advanced","pisteType":"downhill","featured":false},"geometry":{"type":"LineString","coordinates":[[6.9219761,45.7833096],[6.9221181,45.7834643],[6.9221033,45.7836706],[6.9219492,45.7839155],[6.921937,45.7841367],[6.9220914,45.7844259],[6.9221646,45.7847887],[6.9220345,45.7849957],[6.9217418,45.7853784],[6.9216158,45.7855542],[6.9215763,45.7856766],[6.9215944,45.7858711],[6.9215074,45.7859868],[6.9214277,45.7859399],[6.92132,45.7859049],[6.9210822,45.7856852],[6.9212083,45.7855314],[6.9213127,45.7853068],[6.921518,45.7850316],[6.921725,45.7847503],[6.921741,45.7844307],[6.921695,45.7842085],[6.9215994,45.7838075],[6.9216843,45.783668],[6.9218507,45.7834706],[6.9219761,45.7833096]]}},{"type":"Feature","id":1248320391,"properties":{"kind":"run","name":"Mapped ski run","subtype":"intermediate","pisteType":"downhill","featured":false},"geometry":{"type":"LineString","coordinates":[[6.9224878,45.7835159],[6.9221181,45.7834643],[6.9219761,45.7833096],[6.9216471,45.7825321],[6.9217293,45.7824529],[6.9218614,45.7823258],[6.9220894,45.7824679],[6.9223201,45.7825802],[6.9225051,45.7825989],[6.9225802,45.7826737],[6.9225802,45.7827186],[6.9225615,45.7827747],[6.922489,45.7827485],[6.9225051,45.7828177],[6.9226124,45.7829393],[6.9227466,45.7828893],[6.9227481,45.7832498],[6.922422,45.7832648],[6.9224329,45.7834894],[6.9224878,45.7835159]]}},{"type":"Feature","id":1248320392,"properties":{"kind":"run","name":"Mapped ski run","subtype":"intermediate","pisteType":"downhill","featured":false},"geometry":{"type":"LineString","coordinates":[[6.9225802,45.7826737],[6.9225051,45.7825989],[6.9227536,45.7825562],[6.9230067,45.7825101],[6.9232933,45.7824386],[6.9235179,45.7824279],[6.9237019,45.7824386],[6.9242701,45.782584],[6.9241004,45.7827721],[6.9238909,45.7826512],[6.9234163,45.7824945],[6.9233685,45.7825335],[6.9233177,45.7825201],[6.9231317,45.7825413],[6.9230982,45.7825683],[6.9229098,45.7825799],[6.922873,45.7825904],[6.9227804,45.7826369],[6.9227454,45.7826128],[6.9226437,45.78264],[6.9225802,45.7826737]]}},{"type":"Feature","id":1248320393,"properties":{"kind":"run","name":"Mapped ski run","subtype":"intermediate","pisteType":"downhill","featured":false},"geometry":{"type":"LineString","coordinates":[[6.9178255,45.7814762],[6.9179291,45.7811127],[6.9184515,45.7811108],[6.9188644,45.7811151],[6.9191694,45.7810334],[6.9197517,45.7811473],[6.9200814,45.7812784],[6.9205374,45.7815298],[6.9208948,45.7817274],[6.9210735,45.7818843],[6.9211813,45.7819745],[6.9210242,45.7820218],[6.9207592,45.7818456],[6.920408,45.7816136],[6.9201769,45.7815255],[6.919952,45.7813751],[6.919761,45.7813063],[6.9194806,45.7812032],[6.9192495,45.7811774],[6.9189414,45.7812246],[6.9186919,45.7812547],[6.9183067,45.7812547],[6.9180387,45.7813321],[6.9178255,45.7814762]]}},{"type":"Feature","id":1248320394,"properties":{"kind":"run","name":"Mapped ski run","subtype":"intermediate","pisteType":"downhill","featured":false},"geometry":{"type":"LineString","coordinates":[[6.9210242,45.7820218],[6.9210909,45.7820922],[6.9211224,45.7821389],[6.9212322,45.7821262],[6.921286,45.7822283],[6.9213562,45.7823062],[6.921406,45.782314],[6.9214761,45.7822552],[6.9216845,45.7823771],[6.9216997,45.7824026],[6.9217293,45.7824529],[6.9218614,45.7823258],[6.9217221,45.7822474],[6.9215544,45.7821056],[6.9214405,45.7819667],[6.9213999,45.7819072],[6.9212494,45.7819536],[6.9211813,45.7819745],[6.9210242,45.7820218]]}},{"type":"Feature","id":1248320395,"properties":{"kind":"run","name":"Mapped ski run","subtype":"intermediate","pisteType":"downhill","featured":false},"geometry":{"type":"LineString","coordinates":[[6.9213999,45.7819072],[6.9212494,45.7819536],[6.9211771,45.7818671],[6.9210805,45.7817352],[6.9209276,45.7816005],[6.9207359,45.781449],[6.9205763,45.7813115],[6.9203883,45.7811333],[6.9202892,45.7809346],[6.9202839,45.7807754],[6.9202472,45.780352],[6.9202262,45.7800996],[6.9202402,45.7798635],[6.92022,45.7795817],[6.9200134,45.7794461],[6.9195492,45.7792994],[6.9193526,45.779195],[6.9196973,45.7792306],[6.9199028,45.7790189],[6.920098,45.7791506],[6.9202871,45.7793731],[6.9203806,45.7795759],[6.9204192,45.7799189],[6.9204334,45.7803726],[6.92047,45.7805455],[6.9204822,45.7808574],[6.9205676,45.7811438],[6.9209172,45.781467],[6.921216,45.7817108],[6.9212934,45.7817935],[6.9213999,45.7819072]]}},{"type":"Feature","id":1248320396,"properties":{"kind":"run","name":"Mapped ski run","subtype":"intermediate","pisteType":"downhill","featured":false},"geometry":{"type":"LineString","coordinates":[[6.9212934,45.7817935],[6.9213999,45.7819072],[6.9215125,45.7818977],[6.9218265,45.781958],[6.9220799,45.7819742],[6.9223017,45.7819816],[6.9225177,45.7819531],[6.9225235,45.781901],[6.9223496,45.7818399],[6.9220553,45.7818651],[6.9218861,45.7818668],[6.9214214,45.7818252],[6.9212934,45.7817935]]}},{"type":"Feature","id":1248320397,"properties":{"kind":"run","name":"Mapped ski run","subtype":"easy","pisteType":"downhill","featured":false},"geometry":{"type":"LineString","coordinates":[[6.9418246,45.7883902],[6.9418916,45.7884735],[6.9420229,45.7883178],[6.9419863,45.788091],[6.9419258,45.7880102],[6.9418503,45.7879763],[6.9418133,45.788087],[6.9418357,45.788203],[6.9418681,45.788331],[6.9418246,45.7883902]]}},{"type":"Feature","id":1248320398,"properties":{"kind":"run","name":"Mapped ski run","subtype":"easy","pisteType":"downhill","featured":false},"geometry":{"type":"LineString","coordinates":[[6.9417409,45.790654],[6.9414917,45.7906962],[6.9418021,45.7908676],[6.942178,45.7908977],[6.9425076,45.7910567],[6.9427264,45.7911168],[6.9428205,45.7911625],[6.9429443,45.7912797],[6.9431579,45.7914539],[6.9433249,45.7916078],[6.9435607,45.7917136],[6.9436802,45.791739],[6.943968,45.7916883],[6.9441576,45.7916549],[6.9447021,45.7916306],[6.9452519,45.7916287],[6.945952,45.7916436],[6.9462336,45.7916717],[6.9463121,45.7916815],[6.9464773,45.7917021],[6.9466226,45.7917203],[6.9467379,45.7916941],[6.9468201,45.7916414],[6.9469663,45.7915385],[6.9470643,45.7915368],[6.9470897,45.7914132],[6.9468483,45.7915067],[6.9466431,45.7916096],[6.9465761,45.7916526],[6.9463816,45.791604],[6.9460316,45.7915796],[6.9457955,45.7915357],[6.9455018,45.7915422],[6.9448581,45.7915441],[6.9442211,45.7915796],[6.9439073,45.791617],[6.9437115,45.7916507],[6.9435371,45.7916227],[6.9433856,45.7915291],[6.943277,45.7914534],[6.9431388,45.7912682],[6.9428558,45.7910672],[6.9425595,45.7909138],[6.9421451,45.7907857],[6.9417409,45.790654]]}},{"type":"Feature","id":1248326427,"properties":{"kind":"run","name":"Mapped ski run","subtype":"intermediate","pisteType":"downhill","featured":false},"geometry":{"type":"LineString","coordinates":[[6.9340778,45.7902365],[6.9342965,45.7904455],[6.9343212,45.7907184],[6.9342442,45.7910664],[6.9341434,45.7912549]]}},{"type":"Feature","id":1248326428,"properties":{"kind":"run","name":"Stadio Slalom","subtype":"intermediate","pisteType":"downhill","featured":false},"geometry":{"type":"LineString","coordinates":[[6.9332343,45.7909066],[6.9330071,45.7909922],[6.9329513,45.7910309],[6.9328674,45.7910892],[6.9329035,45.7911295],[6.9328888,45.7911637],[6.9329632,45.7911687],[6.9330624,45.7911767],[6.9331753,45.7912271],[6.9333471,45.7912601],[6.9334267,45.7912784]]}},{"type":"Feature","id":1248326429,"properties":{"kind":"run","name":"Mapped ski run","subtype":"intermediate","pisteType":"downhill","featured":false},"geometry":{"type":"LineString","coordinates":[[6.9431388,45.7912682],[6.943277,45.7914534],[6.9433856,45.7915291],[6.9435951,45.7914604],[6.9439437,45.7913099],[6.9442587,45.7911544],[6.9443684,45.7910619],[6.9446516,45.7910594],[6.9450143,45.7910532],[6.9448692,45.7909533],[6.944395,45.7909952],[6.9438269,45.7911334],[6.9435296,45.7912223],[6.9433739,45.7912642],[6.9431388,45.7912682]]}},{"type":"Feature","id":1248326430,"properties":{"kind":"run","name":"Mapped ski run","subtype":"easy","pisteType":"downhill","featured":false},"geometry":{"type":"LineString","coordinates":[[6.9432925,45.790089],[6.9430048,45.7901255],[6.9430924,45.7902111],[6.9432372,45.7902691],[6.9432942,45.7902895],[6.9433389,45.7902713],[6.9434251,45.7902906],[6.9437022,45.7904065],[6.9436487,45.7904739],[6.9436613,45.7905048],[6.9437118,45.7905511],[6.9438728,45.7906177],[6.9440422,45.7906163],[6.9440543,45.7906374],[6.9441021,45.7906982],[6.9442415,45.7907721],[6.9444549,45.7908453],[6.9448692,45.7909533],[6.9449201,45.790869],[6.9447522,45.7907809],[6.9442685,45.790652],[6.9440189,45.7905102],[6.9439903,45.7904894],[6.9438017,45.7903523],[6.9435367,45.7902191],[6.9432995,45.7901278],[6.9432925,45.790089]]}},{"type":"Feature","id":1248326431,"properties":{"kind":"run","name":"Mapped ski run","subtype":"easy","pisteType":"downhill","featured":false},"geometry":{"type":"LineString","coordinates":[[6.9438017,45.7903523],[6.9439065,45.7903985],[6.9439974,45.7903738],[6.9441098,45.7903083],[6.944213,45.7902105],[6.9442824,45.7901127],[6.9442916,45.7900115],[6.9443636,45.7900363],[6.9445797,45.790174],[6.9444826,45.7901568],[6.9442762,45.7902943],[6.9441252,45.7903985],[6.9439903,45.7904894],[6.9438017,45.7903523]]}},{"type":"Feature","id":1248326432,"properties":{"kind":"run","name":"Mapped ski run","subtype":"easy","pisteType":"downhill","featured":false},"geometry":{"type":"LineString","coordinates":[[6.944624,45.7898159],[6.9443636,45.7900363],[6.9445797,45.790174],[6.9448138,45.7902524],[6.945142,45.7904124],[6.9454655,45.7906133],[6.9458106,45.790739],[6.9458799,45.7907637],[6.9459045,45.7906982],[6.9455718,45.7905575],[6.9453392,45.7904243],[6.9450804,45.7902814],[6.944726,45.7901246],[6.9447414,45.7900784],[6.9449525,45.7900182],[6.9449371,45.7899387],[6.9447106,45.7899774],[6.944624,45.7898159]]}},{"type":"Feature","id":1248326433,"properties":{"kind":"run","name":"Mapped ski run","subtype":"easy","pisteType":"downhill","featured":false},"geometry":{"type":"LineString","coordinates":[[6.9449201,45.790869],[6.9448692,45.7909533],[6.9450143,45.7910532],[6.9451435,45.7911225],[6.9452267,45.7911654],[6.9454239,45.7912331],[6.9455425,45.7911783],[6.9453684,45.7910935],[6.9454439,45.7910462],[6.9457767,45.7909313],[6.9459769,45.7908862],[6.9462173,45.7908335],[6.9463821,45.7908013],[6.9462558,45.7907025],[6.9461187,45.790666],[6.9459045,45.7906982],[6.9458799,45.7907637],[6.9457751,45.7908228],[6.9455579,45.7908593],[6.9452452,45.7908765],[6.9451497,45.7909485],[6.9451404,45.7909742],[6.9450418,45.790942],[6.9449201,45.790869]]}},{"type":"Feature","id":1248326434,"properties":{"kind":"run","name":"Mapped ski run","subtype":"easy","pisteType":"downhill","featured":false},"geometry":{"type":"LineString","coordinates":[[6.9470897,45.7914132],[6.9470643,45.7915368],[6.9473388,45.7914222],[6.9474451,45.7913309],[6.9472032,45.7910698],[6.9467225,45.7909141],[6.9465038,45.7907863],[6.9462558,45.7907025],[6.9463821,45.7908013],[6.946399,45.7908163],[6.9464406,45.7909667],[6.9468535,45.7911096],[6.9471031,45.7911805],[6.9471015,45.7913062],[6.9470984,45.7913674],[6.9470897,45.7914132]]}},{"type":"Feature","id":1248326435,"properties":{"kind":"run","name":"Mapped ski run","subtype":"easy","pisteType":"downhill","featured":false},"geometry":{"type":"LineString","coordinates":[[6.9470643,45.7915368],[6.9473388,45.7914222],[6.9474451,45.7913309],[6.9477054,45.7913771],[6.9477501,45.7914641],[6.9477747,45.7915296],[6.9474635,45.7915618],[6.9473234,45.7915962],[6.9471493,45.7915887],[6.94712,45.7915457],[6.9470643,45.7915368]]}},{"type":"Feature","id":1248328368,"properties":{"kind":"run","name":"Mapped ski run","subtype":"intermediate","pisteType":"downhill","featured":false},"geometry":{"type":"LineString","coordinates":[[6.935975,45.7878297],[6.93573,45.7884112],[6.9355065,45.7887047]]}},{"type":"Feature","id":1248761255,"properties":{"kind":"run","name":"Mapped ski run","subtype":"advanced","pisteType":"downhill","featured":false},"geometry":{"type":"LineString","coordinates":[[6.9215074,45.7859868],[6.9215944,45.7858711],[6.921713,45.7859594],[6.9219128,45.7861066],[6.9222791,45.7862927],[6.9225025,45.786428],[6.92296,45.7866236],[6.923225,45.7867938],[6.9233767,45.7869995],[6.9235223,45.7872225],[6.9236124,45.7874212],[6.9237896,45.7876259],[6.9241489,45.7878764],[6.9241825,45.788138],[6.9242833,45.7883391],[6.9244692,45.7885847],[6.9247948,45.7889055],[6.9249045,45.7891757],[6.9249806,45.7896644],[6.9249328,45.7899568],[6.9248436,45.7902192],[6.9247446,45.7899148],[6.9245135,45.7896872],[6.9246788,45.7895908],[6.9246904,45.7895396],[6.924599,45.7893573],[6.9244953,45.7889802],[6.9243957,45.7888626],[6.9241579,45.788684],[6.9238895,45.7881907],[6.9237289,45.7878193],[6.9232878,45.7875926],[6.9232695,45.7873402],[6.9232553,45.7871602],[6.9231598,45.7869802],[6.9229707,45.7867775],[6.9225052,45.7865635],[6.9219706,45.7862757],[6.9216982,45.7861198],[6.9215074,45.7859868]]}},{"type":"Feature","id":1248761728,"properties":{"kind":"run","name":"Mapped ski run","subtype":"intermediate","pisteType":"downhill","featured":false},"geometry":{"type":"LineString","coordinates":[[6.9212829,45.7776221],[6.9207056,45.7779737],[6.9209153,45.7784869],[6.9208941,45.7790077],[6.9207171,45.7794841],[6.9205685,45.779768],[6.9204192,45.7799189],[6.9204334,45.7803726],[6.9207879,45.7798124],[6.9210887,45.7794323],[6.9211772,45.7789732],[6.921248,45.7785437],[6.9212692,45.7781315],[6.9212829,45.7776221]]}},{"type":"Feature","id":1288246989,"properties":{"kind":"run","name":"Ski touring route","subtype":"intermediate","pisteType":"skitour","featured":false},"geometry":{"type":"LineString","coordinates":[[6.7691176,45.8867418],[6.7691414,45.8868035]]}},{"type":"Feature","id":1288246990,"properties":{"kind":"run","name":"Ski touring route","subtype":"intermediate","pisteType":"skitour","featured":false},"geometry":{"type":"LineString","coordinates":[[6.7665442,45.8866612],[6.7665934,45.8866566],[6.7667101,45.8866648],[6.7669103,45.8867016],[6.7669733,45.8867139],[6.767035,45.8867078],[6.7670596,45.886683],[6.7670682,45.8866688],[6.7670754,45.8865766],[6.7671265,45.8865032],[6.7671698,45.8864777],[6.7672395,45.8864604],[6.7673092,45.8864558],[6.767381,45.886467],[6.7674655,45.8864973],[6.7675929,45.8865622],[6.7676566,45.8865907],[6.7677189,45.8866056],[6.7677927,45.8866149],[6.7678557,45.8866168],[6.7679288,45.8866117],[6.7679932,45.8866033],[6.7680851,45.8865939],[6.7681992,45.8865898],[6.7684981,45.8865938],[6.7687098,45.8865964],[6.7688976,45.8866001],[6.7689959,45.8866204],[6.7690469,45.8866416],[6.7690884,45.8866723],[6.7691059,45.8867072],[6.7691176,45.8867418]]}},{"type":"Feature","id":1328603458,"properties":{"kind":"run","name":"Floria","subtype":"advanced","pisteType":"downhill","featured":false},"geometry":{"type":"LineString","coordinates":[[6.8873543,45.9706388],[6.887506,45.9700871],[6.8876558,45.9699205],[6.8877981,45.9696572],[6.8880353,45.9690807],[6.8883356,45.9688191],[6.8887043,45.9686643],[6.8893833,45.9684352],[6.8901675,45.9680788],[6.8908313,45.9675538],[6.89177,45.9665404],[6.892479,45.9658741],[6.8929982,45.9651938],[6.8933377,45.964826],[6.8939768,45.9645007]]}},{"type":"Feature","id":1347559515,"properties":{"kind":"run","name":"Mapped ski run","subtype":"intermediate","pisteType":"nordic","featured":false},"geometry":{"type":"LineString","coordinates":[[6.9010495,45.9444949],[6.9010873,45.9444678],[6.9011317,45.9444407],[6.901214,45.9444287],[6.9013103,45.9444249],[6.9014348,45.9444166],[6.9016393,45.9443971],[6.9017779,45.9443722],[6.9018915,45.9443399],[6.9019933,45.944321],[6.9021524,45.9443105],[6.9022736,45.944309],[6.9023396,45.9442947],[6.9023807,45.9442684],[6.9024132,45.9442315],[6.9024385,45.9441729],[6.9024352,45.9441456]]}},{"type":"Feature","id":1347559516,"properties":{"kind":"run","name":"Mapped ski run","subtype":"intermediate","pisteType":"nordic","featured":false},"geometry":{"type":"LineString","coordinates":[[6.9024352,45.9441456],[6.9024117,45.9441207],[6.9023681,45.9441044],[6.9023144,45.9440888],[6.902236,45.9440818],[6.9021432,45.9440593],[6.9020581,45.9440188],[6.9019407,45.9439465],[6.9018568,45.9439122],[6.9017728,45.9438889],[6.9016654,45.9438695],[6.9014543,45.9438459],[6.9009143,45.9438028]]}},{"type":"Feature","id":1347559518,"properties":{"kind":"run","name":"Mapped ski run","subtype":"intermediate","pisteType":"nordic","featured":false},"geometry":{"type":"LineString","coordinates":[[6.9032168,45.9454214],[6.9033671,45.9455951],[6.9036162,45.9458448],[6.9038141,45.9459823],[6.9040485,45.9460537],[6.9042024,45.9460741],[6.9043417,45.9461861],[6.9045404,45.9465077],[6.9047066,45.9466225],[6.9048615,45.946731],[6.904982,45.9468398],[6.9050538,45.946931]]}},{"type":"Feature","id":1347559519,"properties":{"kind":"run","name":"Mapped ski run","subtype":"intermediate","pisteType":"nordic","featured":false},"geometry":{"type":"LineString","coordinates":[[6.8956381,45.9398723],[6.895659,45.93984],[6.8956777,45.9398186],[6.8957072,45.9397999],[6.8957575,45.9397957],[6.8957931,45.939806],[6.8958326,45.9398442],[6.8958568,45.939875],[6.8958937,45.9399076],[6.8959473,45.9399463],[6.8960278,45.9399971],[6.896133,45.9400396],[6.8962491,45.940068],[6.8964086,45.9400965],[6.8965414,45.9401179],[6.8966125,45.9401459],[6.8966702,45.9401897],[6.8967037,45.9402541],[6.8967352,45.9403142],[6.8967788,45.9403786],[6.8968365,45.9404546],[6.8969129,45.9405465],[6.8969907,45.9406285],[6.8970564,45.940684],[6.8971362,45.9407358],[6.8972294,45.9407773],[6.8973836,45.940836],[6.8975405,45.9408845],[6.897727,45.9409358],[6.8978423,45.9409526],[6.8979858,45.9409657],[6.8981038,45.9409741],[6.8982366,45.9409899],[6.8983412,45.9410104],[6.8984283,45.9410384],[6.8984954,45.9410785],[6.8985665,45.9411419],[6.8986174,45.9412091],[6.8986724,45.9412622],[6.8987341,45.9413163],[6.8987824,45.941376],[6.8988387,45.9414609],[6.898936,45.9416099],[6.8989599,45.9416325],[6.8989924,45.941649],[6.8990306,45.9416581],[6.8990709,45.9416588],[6.8991096,45.9416511],[6.8991415,45.9416368],[6.8991663,45.9416169],[6.8991821,45.9415929],[6.8991875,45.9415668],[6.8991821,45.9415407],[6.8990506,45.9413005]]}},{"type":"Feature","id":1347559520,"properties":{"kind":"run","name":"Mapped ski run","subtype":"intermediate","pisteType":"nordic","featured":false},"geometry":{"type":"LineString","coordinates":[[6.9023235,45.9457891],[6.9024208,45.945926],[6.9025201,45.9460546],[6.9026381,45.9462178],[6.9027252,45.9463409],[6.9027977,45.946451],[6.9028822,45.946561],[6.9030002,45.9467195],[6.9030833,45.9468025],[6.9032,45.9468697],[6.9033287,45.9469275]]}},{"type":"Feature","id":1356410864,"properties":{"kind":"run","name":"Mapped ski run","subtype":"intermediate","pisteType":"downhill","featured":false},"geometry":{"type":"LineString","coordinates":[[6.9114605,45.7730407],[6.9114404,45.7731413],[6.911436,45.7732201],[6.9114351,45.7734707],[6.9114563,45.7735964],[6.9114979,45.7737551],[6.9115612,45.7738565],[6.9117358,45.7739817],[6.9118874,45.7740427],[6.9120316,45.7740774],[6.9121382,45.7740922],[6.9122002,45.7740938],[6.9122765,45.7740955],[6.9123288,45.7740912],[6.9123798,45.7741007],[6.9124169,45.7741252],[6.9124518,45.7741596],[6.9124806,45.7741992],[6.9125114,45.7742648],[6.9125835,45.7743508],[6.9126835,45.7744149],[6.9128519,45.7744798],[6.9132123,45.774536],[6.9133341,45.7745492],[6.9134794,45.7745538],[6.9135314,45.7745249],[6.9135445,45.7744721],[6.913518,45.7744045],[6.9134496,45.77424],[6.9134229,45.7740865],[6.9134478,45.773998],[6.9135204,45.7738383]]}},{"type":"Feature","id":1357858443,"properties":{"kind":"run","name":"Mapped ski run","subtype":"easy","pisteType":"nordic","featured":false},"geometry":{"type":"LineString","coordinates":[[6.9841114,45.8290646],[6.9843206,45.8289965],[6.9845288,45.8289586]]}},{"type":"Feature","id":1357858444,"properties":{"kind":"run","name":"Mapped ski run","subtype":"easy","pisteType":"nordic","featured":false},"geometry":{"type":"LineString","coordinates":[[7.0240547,45.8531333],[7.0237638,45.8529759],[7.0235127,45.8529588],[7.0233229,45.8530261],[7.0231501,45.8531089],[7.0229366,45.8532009],[7.022772,45.85326]]}},{"type":"Feature","id":1365539612,"properties":{"kind":"run","name":"James Bond Track","subtype":"expert","pisteType":"downhill","featured":false},"geometry":{"type":"LineString","coordinates":[[6.9174202,45.939889],[6.9171131,45.9398543],[6.9170067,45.9398989],[6.9168648,45.9398783],[6.9168086,45.9397802],[6.9165911,45.9397614],[6.9164854,45.939738],[6.9165098,45.939646],[6.916351,45.9396112],[6.9162646,45.9394776],[6.9161398,45.9394275],[6.9157364,45.9393207],[6.9154196,45.9389935],[6.9153571,45.9388232],[6.9151363,45.9388031],[6.9149154,45.9387965],[6.9145265,45.93893],[6.9142673,45.9388866],[6.9140368,45.9387998],[6.9136959,45.938693],[6.9136287,45.9384359],[6.913499,45.9383257],[6.913371,45.9382462],[6.9131772,45.9382403],[6.9129805,45.9382489],[6.9127933,45.9381955],[6.9126444,45.9381086],[6.9124841,45.938072],[6.9122123,45.9379918],[6.912001,45.9379083],[6.9114382,45.937768],[6.9107079,45.9377827],[6.9105511,45.9377046],[6.910061,45.9375665],[6.9092419,45.9374097],[6.9089522,45.9373273],[6.9086531,45.9372842],[6.9080112,45.937167],[6.9076367,45.9370502],[6.9074254,45.9369834],[6.907243,45.9368999],[6.9065228,45.9364759],[6.9063835,45.9363957],[6.9057834,45.9362855],[6.90526,45.9361787],[6.9050104,45.9361253],[6.9047367,45.9360485],[6.9045542,45.9359783],[6.904223,45.9358748],[6.9038821,45.9357413],[6.903642,45.9356311],[6.9035124,45.9355609],[6.9033683,45.9354641],[6.9031715,45.935404],[6.902965,45.9352905],[6.902797,45.9352304],[6.9023745,45.9351135],[6.9021008,45.9349899],[6.901515,45.9347295],[6.9012558,45.9345792],[6.9010205,45.9344123],[6.9002619,45.9337945],[6.899801,45.9338312],[6.8996857,45.9338212],[6.8994409,45.9335407],[6.8992884,45.9334371],[6.8988743,45.933327],[6.8988529,45.9333734],[6.8995369,45.9339147],[6.8995033,45.9339681],[6.8988455,45.9336743],[6.8987072,45.9335573],[6.8983476,45.9332669],[6.898116,45.9332715],[6.8981208,45.9334752],[6.8977452,45.9331332],[6.89765,45.932933],[6.8975972,45.9328395],[6.8972755,45.9326358],[6.897256,45.9323032],[6.8972264,45.9321624],[6.8971459,45.9322217],[6.8969703,45.9325129],[6.8968434,45.9327226],[6.8966993,45.9326892],[6.8966513,45.9326592],[6.8966609,45.9321449],[6.8966705,45.9320013],[6.8966081,45.9319312],[6.8966005,45.9318138],[6.8965033,45.9317496],[6.8961568,45.9316907],[6.8954462,45.9317408],[6.8951821,45.9317909],[6.894678,45.9313334],[6.8942315,45.9309928],[6.8941787,45.9309394],[6.8939674,45.9309594],[6.8945532,45.9317175],[6.8945676,45.9318043],[6.8944859,45.9318677],[6.8943611,45.9318711],[6.8942603,45.931851],[6.8941643,45.931831],[6.894097,45.9318009],[6.8935977,45.9315305],[6.8933096,45.9311765],[6.8931512,45.9310596],[6.8926711,45.9308759],[6.8925462,45.9306756],[6.892455,45.930532],[6.8923952,45.9304717],[6.8922196,45.9304296],[6.8919845,45.9303483],[6.8916895,45.9302005],[6.8909378,45.9299008],[6.8906689,45.9299375],[6.8904289,45.9300077],[6.8900953,45.9300355],[6.8899652,45.9299308],[6.8897757,45.929774],[6.889665,45.9296797],[6.8894146,45.9294771],[6.8885539,45.9289479],[6.888089,45.928803],[6.8871971,45.928677],[6.8862026,45.9280961],[6.8855955,45.9275765]]}},{"type":"Feature","id":1365539613,"properties":{"kind":"run","name":"Pas du Chevre","subtype":"expert","pisteType":"downhill","featured":false},"geometry":{"type":"LineString","coordinates":[[6.9606098,45.9474552],[6.9597937,45.9469758],[6.9596435,45.9466028],[6.9595148,45.9462447],[6.9582488,45.9461104],[6.9568326,45.946185],[6.9553305,45.9456628],[6.9529273,45.9453495],[6.9510819,45.9454092],[6.9494297,45.9452898],[6.9460823,45.9449765],[6.9425847,45.9439917],[6.9404494,45.9435295]]}},{"type":"Feature","id":1365542198,"properties":{"kind":"run","name":"Arête Équipée de l'Aiguille du Midi","subtype":"expert","pisteType":"downhill","featured":false},"geometry":{"type":"LineString","coordinates":[[6.8879131,45.8789106],[6.8879937,45.8789501],[6.8880346,45.8789655],[6.8881185,45.8789759],[6.8883212,45.8789636],[6.888421,45.8790003],[6.8884825,45.8790233],[6.8885207,45.8790387],[6.8885412,45.8790729],[6.8885346,45.8791225],[6.8885695,45.8792176],[6.888606,45.8792696],[6.8886706,45.879339],[6.8888122,45.8794368],[6.8888875,45.8794662],[6.8890036,45.8794917],[6.8891563,45.8795661],[6.8893615,45.8796754],[6.8894971,45.8797142],[6.8896138,45.8797563],[6.8896579,45.8797845],[6.8896756,45.8798197],[6.889689,45.87989],[6.88974,45.880174],[6.8897986,45.8802793],[6.8898326,45.8802819],[6.8899764,45.8801798]]}},{"type":"Feature","id":1415966444,"properties":{"kind":"run","name":"Sources","subtype":"easy","pisteType":"downhill","featured":false},"geometry":{"type":"LineString","coordinates":[[6.8582444,45.9447602],[6.8583785,45.9446978],[6.8586577,45.9445199],[6.8588212,45.9444227],[6.8589446,45.9443493],[6.8589807,45.9443001],[6.8589863,45.9442401],[6.8589282,45.944164],[6.8588602,45.9440431],[6.8588349,45.9438771],[6.8588451,45.9437762],[6.858987,45.9434654],[6.8591279,45.9433031]]}},{"type":"Feature","id":1415966445,"properties":{"kind":"run","name":"Sources","subtype":"easy","pisteType":"downhill","featured":false},"geometry":{"type":"LineString","coordinates":[[6.8624435,45.9465063],[6.8619379,45.9464715],[6.8614589,45.9464813],[6.860838,45.946408],[6.8605614,45.9463753],[6.8601497,45.946375],[6.8598893,45.9463513],[6.8597805,45.9463096],[6.8595663,45.9462274],[6.8592383,45.9459294],[6.8588223,45.9455006],[6.8586144,45.9452874],[6.8584537,45.9451649],[6.858241,45.9449835],[6.8582064,45.9449057],[6.858204,45.9448595],[6.8582444,45.9447602]]}},{"type":"Feature","id":1416688874,"properties":{"kind":"run","name":"Ski touring route","subtype":"unknown","pisteType":"skitour","featured":false},"geometry":{"type":"LineString","coordinates":[[6.9609073,45.9577373],[6.9606815,45.9578212],[6.9607867,45.957905],[6.9606815,45.9579373],[6.9604463,45.9580427],[6.9606629,45.9581846],[6.9606351,45.9582341],[6.9600967,45.958432],[6.959874,45.9586256],[6.9599142,45.9586793],[6.9602267,45.9586578],[6.9603814,45.9587223],[6.9601803,45.9589138],[6.9606598,45.9590041],[6.9604835,45.9591611],[6.9609104,45.9592428],[6.9607217,45.9593547],[6.9610837,45.9595461],[6.9613095,45.9595267],[6.9612786,45.9596149],[6.961523,45.9596644],[6.9614302,45.9598042],[6.9619623,45.9599698],[6.9619716,45.9600408],[6.9624481,45.9601956],[6.9622934,45.9602795],[6.9624697,45.9603634],[6.9626894,45.9604473],[6.9625687,45.960557],[6.9627142,45.9606279],[6.9624419,45.9607183],[6.9627049,45.9608753],[6.9626399,45.9609419],[6.9624976,45.961],[6.9623955,45.9610602],[6.9623924,45.9613248],[6.9624635,45.9614172],[6.9624666,45.9614839],[6.9624264,45.961542],[6.9625192,45.9615936],[6.9625007,45.9616452],[6.9625718,45.961656],[6.9626275,45.9616624],[6.9625935,45.961742],[6.9626925,45.9617377],[6.962677,45.9617936],[6.9627358,45.9618044],[6.9628967,45.961785],[6.9629617,45.9618065],[6.9628181,45.9619858],[6.963035,45.9619891],[6.9634924,45.962012],[6.9636339,45.9620252],[6.9638225,45.9620153],[6.9639993,45.9620895],[6.9640724,45.9621563],[6.9642657,45.9621858],[6.9644496,45.962212],[6.9646288,45.9622907],[6.9644968,45.962353],[6.964327,45.9624841],[6.9643176,45.9625463],[6.9644261,45.9625988],[6.9646241,45.9626185],[6.9648175,45.9626119],[6.964874,45.9626611],[6.9648646,45.9627299],[6.9649825,45.9627791],[6.9650532,45.962861],[6.9649825,45.9629528],[6.9649023,45.9630184],[6.9647797,45.9630839],[6.9646383,45.9631593],[6.9643789,45.9633035],[6.9642799,45.9634117],[6.9642988,45.963474],[6.9644685,45.96351],[6.9647341,45.9635822]]}},{"type":"Feature","id":1422096215,"properties":{"kind":"run","name":"Mapped ski run","subtype":"easy","pisteType":"nordic","featured":false},"geometry":{"type":"LineString","coordinates":[[6.8990506,45.9413005],[6.8989433,45.9411438],[6.8988629,45.9410524],[6.8987596,45.9409563],[6.8985262,45.940754],[6.8982553,45.9404956],[6.8980971,45.9403623],[6.8979818,45.9402811],[6.8978852,45.9402205],[6.8977471,45.9401524],[6.8976183,45.9400806],[6.8975084,45.9399967],[6.8972361,45.9397393],[6.8970631,45.9395938],[6.8969947,45.9395145],[6.8969558,45.9394231],[6.8969357,45.9393476],[6.8969016,45.9392453]]}},{"type":"Feature","id":1422096218,"properties":{"kind":"run","name":"Mapped ski run","subtype":"easy","pisteType":"nordic","featured":false},"geometry":{"type":"LineString","coordinates":[[6.8908981,45.9354761],[6.890654,45.9354215],[6.8905254,45.9353949]]}},{"type":"Feature","id":1422096222,"properties":{"kind":"run","name":"Mapped ski run","subtype":"easy","pisteType":"nordic","featured":false},"geometry":{"type":"LineString","coordinates":[[6.8913567,45.9351748],[6.8913862,45.9352448],[6.8913795,45.9353138],[6.8913554,45.9353642],[6.8913111,45.9354099],[6.891236,45.935449],[6.8911287,45.9354705],[6.8910187,45.9354854],[6.8908981,45.9354761]]}},{"type":"Feature","id":1422096227,"properties":{"kind":"run","name":"Mapped ski run","subtype":"novice","pisteType":"nordic","featured":false},"geometry":{"type":"LineString","coordinates":[[6.8766166,45.930499],[6.8765979,45.930555],[6.8765952,45.9306081],[6.8765979,45.9306576],[6.8766233,45.9307033]]}},{"type":"Feature","id":1422096228,"properties":{"kind":"run","name":"Mapped ski run","subtype":"novice","pisteType":"nordic","featured":false},"geometry":{"type":"LineString","coordinates":[[6.8766367,45.9304477],[6.8766166,45.930499]]}},{"type":"Feature","id":1422096229,"properties":{"kind":"run","name":"Mapped ski run","subtype":"novice","pisteType":"nordic","featured":false},"geometry":{"type":"LineString","coordinates":[[6.877445,45.9294862],[6.8773646,45.9296583],[6.8772354,45.9298015],[6.877037,45.9300186],[6.8766367,45.9304477]]}},{"type":"Feature","id":1422097063,"properties":{"kind":"run","name":"Mapped ski run","subtype":"easy","pisteType":"nordic","featured":false},"geometry":{"type":"LineString","coordinates":[[6.9024539,45.9419595],[6.9023574,45.9419871]]}},{"type":"Feature","id":1422097064,"properties":{"kind":"run","name":"Mapped ski run","subtype":"easy","pisteType":"nordic","featured":false},"geometry":{"type":"LineString","coordinates":[[6.9027547,45.9418734],[6.9026712,45.9418973]]}},{"type":"Feature","id":1425988849,"properties":{"kind":"run","name":"Mapped ski run","subtype":"intermediate","pisteType":"nordic","featured":false},"geometry":{"type":"LineString","coordinates":[[6.9302138,45.9782828],[6.9302445,45.9783158],[6.9303049,45.9783757],[6.9303363,45.9784124],[6.9304055,45.9785305]]}},{"type":"Feature","id":1426107582,"properties":{"kind":"run","name":"Mapped ski run","subtype":"intermediate","pisteType":"nordic","featured":false},"geometry":{"type":"LineString","coordinates":[[6.8994818,45.9427969],[6.8994408,45.9427235],[6.8994299,45.9426791],[6.8994299,45.9426256],[6.8994438,45.9425512],[6.8994528,45.9424171],[6.8994458,45.9423344],[6.8994199,45.9422531],[6.8993609,45.9421621],[6.8992928,45.9420577],[6.8990211,45.941878],[6.8979348,45.9413943]]}},{"type":"Feature","id":1426111468,"properties":{"kind":"run","name":"Mapped ski run","subtype":"intermediate","pisteType":"nordic","featured":false},"geometry":{"type":"LineString","coordinates":[[6.9031895,45.9417857],[6.9030832,45.9417723],[6.9029977,45.941778],[6.9027547,45.9418734]]}},{"type":"Feature","id":1426111469,"properties":{"kind":"run","name":"Mapped ski run","subtype":"intermediate","pisteType":"nordic","featured":false},"geometry":{"type":"LineString","coordinates":[[6.9031781,45.9452115],[6.9032168,45.9454214]]}},{"type":"Feature","id":1426111472,"properties":{"kind":"run","name":"Mapped ski run","subtype":"intermediate","pisteType":"nordic","featured":false},"geometry":{"type":"LineString","coordinates":[[6.9018285,45.9450705],[6.9018816,45.9451444],[6.9019483,45.9452735],[6.9019918,45.9453676],[6.9020209,45.9454651],[6.902047,45.9455122],[6.9020924,45.9455565],[6.9021794,45.9456251],[6.9022616,45.9457038],[6.9023235,45.9457891]]}},{"type":"Feature","id":1426111475,"properties":{"kind":"run","name":"Mapped ski run","subtype":"easy","pisteType":"nordic","featured":false},"geometry":{"type":"LineString","coordinates":[[6.901023,45.9422702],[6.9009182,45.9423683],[6.9008135,45.9424437],[6.900728,45.9424856],[6.9006239,45.9425096],[6.9002964,45.9425331],[6.9000249,45.9425794]]}},{"type":"Feature","id":1426111476,"properties":{"kind":"run","name":"Mapped ski run","subtype":"intermediate","pisteType":"nordic","featured":false},"geometry":{"type":"LineString","coordinates":[[6.9016744,45.9428742],[6.9017547,45.9429925],[6.9019998,45.9434245],[6.9024007,45.9436306],[6.9024464,45.9437247],[6.9024553,45.9438033],[6.9024676,45.9438531],[6.9025057,45.9439107],[6.9025504,45.9439589],[6.9026209,45.9439978],[6.9026735,45.9440227],[6.9027507,45.9440445],[6.9028357,45.9440585],[6.9029264,45.9440608],[6.9030125,45.9440445],[6.9030863,45.9440274],[6.9031546,45.9440282],[6.9032184,45.9440406],[6.9032821,45.9440694],[6.9033213,45.9441044],[6.9033523,45.9441539],[6.9033772,45.9442016],[6.903403,45.9442678],[6.9034265,45.9444809],[6.9034578,45.9446474],[6.9034634,45.9447291],[6.9034533,45.944803],[6.9034086,45.9448909],[6.9033168,45.9449742],[6.9032721,45.9450271],[6.9032228,45.9450979],[6.9031915,45.945164],[6.9031781,45.9452115]]}},{"type":"Feature","id":1426111478,"properties":{"kind":"run","name":"Mapped ski run","subtype":"intermediate","pisteType":"nordic","featured":false},"geometry":{"type":"LineString","coordinates":[[6.903911,45.9415703],[6.9039509,45.9416419],[6.9039995,45.9417087],[6.9040759,45.9418107]]}},{"type":"Feature","id":1426111479,"properties":{"kind":"run","name":"Mapped ski run","subtype":"intermediate","pisteType":"nordic","featured":false},"geometry":{"type":"LineString","coordinates":[[6.9039353,45.9414918],[6.903911,45.9415703]]}},{"type":"Feature","id":1426111481,"properties":{"kind":"run","name":"Mapped ski run","subtype":"intermediate","pisteType":"nordic","featured":false},"geometry":{"type":"LineString","coordinates":[[6.9028964,45.9409575],[6.903093,45.9410492],[6.9033713,45.941207],[6.9035309,45.9413046],[6.9036724,45.9413799],[6.9039353,45.9414918]]}},{"type":"Feature","id":1426111482,"properties":{"kind":"run","name":"Mapped ski run","subtype":"intermediate","pisteType":"nordic","featured":false},"geometry":{"type":"LineString","coordinates":[[6.9075809,45.9458343],[6.90752,45.9458531],[6.9074417,45.9458619],[6.9073721,45.9458632],[6.9072841,45.9458531],[6.9071932,45.9458477],[6.9070936,45.9458498],[6.9069902,45.9458605],[6.9069206,45.9458827],[6.9068664,45.945921],[6.9068516,45.9459548],[6.906842,45.9459986],[6.9068366,45.9460424]]}},{"type":"Feature","id":1426111485,"properties":{"kind":"run","name":"Mapped ski run","subtype":"intermediate","pisteType":"nordic","featured":false},"geometry":{"type":"LineString","coordinates":[[6.9075809,45.9458343],[6.9076873,45.9456756],[6.9077211,45.9455909],[6.9077366,45.9455466],[6.9077395,45.9454834],[6.9077279,45.9454087],[6.9077027,45.9453395],[6.9075974,45.9451425],[6.9075132,45.9450155],[6.9074746,45.9449536],[6.9074311,45.9449012],[6.9073615,45.944846],[6.9072377,45.9447499],[6.9071323,45.9446598],[6.9070801,45.9446087],[6.9070424,45.9445496],[6.9070279,45.9444783],[6.9070269,45.9443956],[6.9070434,45.944323],[6.9070849,45.944208],[6.9071265,45.9441059],[6.9071584,45.9440292],[6.9071662,45.9439701],[6.9071546,45.9439203],[6.9071284,45.9438665],[6.9070801,45.943804],[6.9070134,45.9437455],[6.906937,45.9436864],[6.9067688,45.9435445],[6.9066354,45.9434282],[6.9064911,45.9433257]]}},{"type":"Feature","id":1426111486,"properties":{"kind":"run","name":"Mapped ski run","subtype":"intermediate","pisteType":"nordic","featured":false},"geometry":{"type":"LineString","coordinates":[[6.905425,45.9438646],[6.9054528,45.9438178],[6.9054944,45.9437785],[6.9055435,45.943754],[6.9055969,45.9437451],[6.9056557,45.943754],[6.9057026,45.9437844],[6.9057486,45.9438364],[6.9057934,45.9439359],[6.905818,45.9440087],[6.9058329,45.944048],[6.905858,45.9440887],[6.9058973,45.9441304],[6.9059396,45.9441519],[6.9059985,45.944162],[6.9060533,45.9441598],[6.906169,45.9441404],[6.9062341,45.9441325],[6.9062857,45.9441126],[6.9063157,45.9440901],[6.9063395,45.944048],[6.9063579,45.9439795],[6.9063705,45.943919],[6.9063666,45.9438665],[6.9063318,45.9438242],[6.9062796,45.943798],[6.9062061,45.9437751],[6.9060253,45.9437327],[6.9059509,45.9437085],[6.9058909,45.9436816],[6.9058416,45.9436527],[6.9057759,45.9436252],[6.9056328,45.9435674],[6.9055148,45.9435277],[6.9054404,45.9435129],[6.9053737,45.9435149],[6.9053031,45.9435183],[6.9051977,45.9435398],[6.9050952,45.9435579],[6.9050333,45.9435687],[6.9049425,45.9435734],[6.9048516,45.9435707]]}},{"type":"Feature","id":1426116281,"properties":{"kind":"run","name":"Mapped ski run","subtype":"intermediate","pisteType":"nordic","featured":false},"geometry":{"type":"LineString","coordinates":[[6.9334355,45.9820824],[6.9336807,45.9822633],[6.9340253,45.9825265],[6.9341019,45.982622]]}},{"type":"Feature","id":1426116282,"properties":{"kind":"run","name":"Mapped ski run","subtype":"intermediate","pisteType":"nordic","featured":false},"geometry":{"type":"LineString","coordinates":[[6.9324891,45.97963],[6.9325432,45.9796632],[6.9325667,45.9796912]]}},{"type":"Feature","id":1426116283,"properties":{"kind":"run","name":"Mapped ski run","subtype":"intermediate","pisteType":"nordic","featured":false},"geometry":{"type":"LineString","coordinates":[[6.9283642,45.9761664],[6.9284545,45.976267],[6.928528,45.9763616],[6.9285755,45.9764407],[6.9286181,45.9765283]]}},{"type":"Feature","id":1426116284,"properties":{"kind":"run","name":"Chemin de la Rosière","subtype":"intermediate","pisteType":"nordic","featured":false},"geometry":{"type":"LineString","coordinates":[[6.9285899,45.9758733],[6.9285155,45.975834],[6.9284402,45.9757948],[6.9283819,45.9757506],[6.9283398,45.9756951]]}},{"type":"Feature","id":1426116286,"properties":{"kind":"run","name":"Mapped ski run","subtype":"intermediate","pisteType":"nordic","featured":false},"geometry":{"type":"LineString","coordinates":[[6.9048777,45.9473606],[6.904922,45.9473089],[6.9049904,45.9472026],[6.9050387,45.9471037],[6.9050547,45.9470496],[6.9050615,45.946989],[6.9050538,45.946931]]}},{"type":"Feature","id":1426116287,"properties":{"kind":"run","name":"Mapped ski run","subtype":"intermediate","pisteType":"nordic","featured":false},"geometry":{"type":"LineString","coordinates":[[6.9048516,45.9435707],[6.904782,45.9435626],[6.9047211,45.9435479],[6.9046428,45.943523],[6.904577,45.9434941],[6.9045074,45.9434558],[6.904432,45.9433939],[6.9043778,45.9433374],[6.9043392,45.9432924],[6.9042589,45.94317],[6.9042386,45.9431203],[6.904227,45.9430772],[6.9042077,45.9430389],[6.9041642,45.9429885],[6.9041013,45.9429267],[6.9040337,45.942852],[6.9040076,45.9428043],[6.9039853,45.9427478],[6.9039679,45.9426806],[6.9039553,45.9426275],[6.9039263,45.942575],[6.9038751,45.94253],[6.9038258,45.9425018],[6.9037001,45.9424339],[6.903644,45.9423895],[6.9036121,45.9423498],[6.903586,45.9422853],[6.9035715,45.9422207],[6.9035483,45.942173],[6.9035067,45.9421347],[6.9034391,45.9420816],[6.903354,45.9419888],[6.9033018,45.9419189],[6.9032525,45.9418409],[6.9031895,45.9417857]]}},{"type":"Feature","id":1427260582,"properties":{"kind":"run","name":"Mapped ski run","subtype":"easy","pisteType":"nordic","featured":false},"geometry":{"type":"LineString","coordinates":[[6.7812637,45.8967615],[6.7812268,45.8967272],[6.7811997,45.8966887],[6.7811846,45.8966519],[6.7811784,45.8966138],[6.7811815,45.8965755],[6.7811936,45.8965381]]}},{"type":"Feature","id":1427278735,"properties":{"kind":"run","name":"Ski touring route","subtype":"intermediate","pisteType":"skitour","featured":false},"geometry":{"type":"LineString","coordinates":[[6.7664134,45.8866733],[6.7665442,45.8866612]]}},{"type":"Feature","id":1434833522,"properties":{"kind":"run","name":"Point de vue (sometimes groomed)","subtype":"advanced","pisteType":"downhill","featured":false},"geometry":{"type":"LineString","coordinates":[[6.9633665,45.9489609],[6.9641481,45.9492348],[6.9646401,45.9495594]]}},{"type":"Feature","id":1434833523,"properties":{"kind":"run","name":"Point de vue (sometimes groomed)","subtype":"advanced","pisteType":"downhill","featured":false},"geometry":{"type":"LineString","coordinates":[[6.9646401,45.9495594],[6.9651879,45.9498069],[6.9651803,45.9501554],[6.9648021,45.9505887],[6.9635075,45.9513876],[6.9626058,45.9521156],[6.9622713,45.9523954]]}},{"type":"Feature","id":1436288035,"properties":{"kind":"run","name":"Pont du Montet","subtype":"intermediate","pisteType":"nordic","featured":false},"geometry":{"type":"LineString","coordinates":[[6.9232003,46.0247646],[6.9232435,46.0246336]]}},{"type":"Feature","id":1436615453,"properties":{"kind":"run","name":"Mapped ski run","subtype":"intermediate","pisteType":"nordic","featured":false},"geometry":{"type":"LineString","coordinates":[[7.0940975,45.9318951],[7.0939067,45.9317773],[7.0937483,45.931654],[7.093587,45.9316916],[7.0935026,45.9317999],[7.0934174,45.931874],[7.0931744,45.9319621],[7.0930559,45.9319789],[7.0928796,45.9320026],[7.092672,45.9320283],[7.0926202,45.9320532],[7.0924839,45.9321331],[7.0923443,45.9322146],[7.092203,45.932292],[7.0921303,45.9324322],[7.0921363,45.9325524],[7.0921498,45.9326536],[7.092142,45.9327043],[7.092177,45.9327994],[7.092204,45.9328903],[7.0922183,45.9329963],[7.0922194,45.9332151],[7.0922405,45.9332998],[7.0922455,45.9333395],[7.0922463,45.933439],[7.0922439,45.9335885],[7.0922415,45.9336762]]}},{"type":"Feature","id":1436615454,"properties":{"kind":"run","name":"Mapped ski run","subtype":"easy","pisteType":"nordic","featured":false},"geometry":{"type":"LineString","coordinates":[[7.0955031,45.931146],[7.0951586,45.9310418],[7.0948353,45.9310137],[7.0946256,45.9311694],[7.0943778,45.9314371],[7.0941678,45.9315636],[7.0939683,45.9315981],[7.0937907,45.9315543],[7.0936546,45.9313786],[7.093726,45.9311202],[7.0938546,45.9309768],[7.0940519,45.930793],[7.094123,45.9306165],[7.0940318,45.9304522],[7.0939862,45.9302985],[7.09414,45.9301362],[7.0941534,45.9299831],[7.0940755,45.929873],[7.093878,45.9298529],[7.0937898,45.9299497],[7.0936768,45.9301399],[7.0935177,45.9303352],[7.0931692,45.9306279],[7.0930118,45.9307063],[7.0926782,45.930812],[7.0924599,45.9309532],[7.092399,45.9309689],[7.0922636,45.9309397],[7.0920887,45.9306598],[7.0919135,45.9304375],[7.091724,45.9303694],[7.0912492,45.930457],[7.0909769,45.9305081],[7.0907649,45.9305426],[7.090603,45.9306391],[7.0905055,45.9307137],[7.0904581,45.9307846],[7.0903469,45.9309071],[7.0901875,45.9309544],[7.0899217,45.9308803],[7.08974,45.9308111],[7.0895916,45.9307508],[7.0895051,45.9306845],[7.0895139,45.9305725],[7.0897685,45.9301924],[7.0898558,45.9300399],[7.089873,45.9299637],[7.0898322,45.9297885],[7.0898956,45.9296878],[7.0899869,45.9296264],[7.0901344,45.9295883],[7.0902729,45.929641],[7.0903042,45.9297257],[7.0902287,45.9298181],[7.0901452,45.9299192],[7.0901444,45.9300688],[7.0901775,45.9301296],[7.0902844,45.9301706],[7.0903757,45.9301797],[7.0904488,45.9301369],[7.0904394,45.9300739],[7.0903499,45.9299722],[7.0903184,45.9298887],[7.0903408,45.9298252],[7.0903896,45.9297798],[7.0904872,45.9297508],[7.0906141,45.9297588],[7.0907006,45.929799],[7.0908375,45.9299684],[7.0909179,45.930301],[7.0910039,45.9303824],[7.0911466,45.9304222],[7.091277,45.9303972],[7.0915373,45.9302993],[7.0917192,45.9302454],[7.0918219,45.9300567],[7.0919823,45.9296571],[7.0921958,45.9294017],[7.092273,45.9290844]]}},{"type":"Feature","id":1436615455,"properties":{"kind":"run","name":"Mapped ski run","subtype":"intermediate","pisteType":"nordic","featured":false},"geometry":{"type":"LineString","coordinates":[[7.0955031,45.931146],[7.0952551,45.9312589],[7.0949704,45.9314709],[7.0946361,45.9317868],[7.0944894,45.9319079],[7.0942807,45.9319401],[7.0940975,45.9318951]]}},{"type":"Feature","id":1436615456,"properties":{"kind":"run","name":"Mapped ski run","subtype":"nordic","pisteType":"nordic","featured":false},"geometry":{"type":"LineString","coordinates":[[7.0919135,45.9304375],[7.0918219,45.9300567]]}},{"type":"Feature","id":1436615457,"properties":{"kind":"run","name":"Mapped ski run","subtype":"nordic","pisteType":"nordic","featured":false},"geometry":{"type":"LineString","coordinates":[[7.092273,45.9290844],[7.0927329,45.9283806],[7.0928489,45.9282853]]}},{"type":"Feature","id":1436617331,"properties":{"kind":"run","name":"Mapped ski run","subtype":"nordic","pisteType":"nordic","featured":false},"geometry":{"type":"LineString","coordinates":[[7.0922415,45.9336762],[7.092346,45.9338947],[7.0923887,45.9340681],[7.0923432,45.9342234],[7.0921473,45.9343675],[7.0921025,45.9344332],[7.0919415,45.934696]]}},{"type":"Feature","id":1436617332,"properties":{"kind":"run","name":"Mapped ski run","subtype":"nordic","pisteType":"nordic","featured":false},"geometry":{"type":"LineString","coordinates":[[7.0919906,45.9346128],[7.0916807,45.9346322],[7.0914125,45.9345949],[7.0911899,45.9346247],[7.0910877,45.9346444],[7.0909189,45.9346769],[7.0908814,45.9347516],[7.0910048,45.9349176],[7.0910289,45.9351041],[7.0911738,45.9351601],[7.0915117,45.9354529],[7.0916395,45.9357412]]}},{"type":"Feature","id":1442625766,"properties":{"kind":"run","name":"Liaison Plan Joran","subtype":"easy","pisteType":"downhill","featured":false},"geometry":{"type":"LineString","coordinates":[[6.9435516,45.9681462],[6.943419,45.96824],[6.9432796,45.9683086],[6.9431086,45.9683448],[6.9430067,45.9683541],[6.9429409,45.9683546],[6.9428739,45.9683504],[6.9427894,45.9683331],[6.9427277,45.9683117],[6.9426768,45.9682847],[6.9426466,45.9682595],[6.942605,45.9682152],[6.9425815,45.9681593],[6.9425701,45.968101]]}},{"type":"Feature","id":1442625767,"properties":{"kind":"run","name":"Petit Marmotton","subtype":"novice","pisteType":"sled","featured":false},"geometry":{"type":"LineString","coordinates":[[6.9428256,45.9672658],[6.9425665,45.9674792]]}},{"type":"Feature","id":1442625768,"properties":{"kind":"run","name":"Petit Marmotton","subtype":"novice","pisteType":"sled","featured":false},"geometry":{"type":"LineString","coordinates":[[6.9425665,45.9674792],[6.9424678,45.9675124],[6.9423866,45.9675142]]}},{"type":"Feature","id":1442625769,"properties":{"kind":"run","name":"Petit Marmotton","subtype":"novice","pisteType":"downhill","featured":false},"geometry":{"type":"LineString","coordinates":[[6.9425665,45.9674792],[6.9425225,45.9675231],[6.9424622,45.9675716],[6.9424099,45.9675963],[6.9423556,45.9676047],[6.9422959,45.9676028],[6.9422483,45.9675977],[6.9421886,45.9675804]]}},{"type":"Feature","id":1447077066,"properties":{"kind":"lift","name":"Télécabine de Lognan","subtype":"gondola","status":"active"},"geometry":{"type":"LineString","coordinates":[[6.9432808,45.968817],[6.9428605,45.9690624],[6.942163,45.9694696],[6.9400382,45.9707103],[6.9380637,45.9718631],[6.9330674,45.9747714],[6.9312206,45.9758524],[6.9288266,45.9772558],[6.9270405,45.9782984],[6.9267634,45.9784602],[6.9265841,45.9785649]]}},{"type":"Feature","id":1447084429,"properties":{"kind":"lift","name":"Construction","subtype":"construction","status":"active"},"geometry":{"type":"LineString","coordinates":[[6.9436408,45.9686915],[6.9597167,45.9480299]]}},{"type":"Feature","id":1447084826,"properties":{"kind":"run","name":"La Trapette","subtype":"advanced","pisteType":"skitour","featured":false},"geometry":{"type":"LineString","coordinates":[[6.9272533,45.973733],[6.9272044,45.9736111],[6.9271937,45.9735715],[6.9271548,45.9735384],[6.9271347,45.9735063],[6.927126,45.9734737],[6.9271307,45.9734238],[6.9271293,45.9733879],[6.9271106,45.9733558],[6.9270878,45.9733306],[6.9270596,45.9733124],[6.9270241,45.9732947],[6.9269959,45.9732723],[6.9269691,45.9732351],[6.9268804,45.9731229],[6.9270448,45.9731423],[6.9272109,45.973188],[6.9271535,45.9731134],[6.9271044,45.9730218],[6.9268669,45.972927],[6.9269603,45.9729074],[6.9270529,45.9729121],[6.9272138,45.9729261],[6.9272923,45.9729596],[6.9273077,45.9729769],[6.9273238,45.9729983],[6.927352,45.9730253],[6.9273801,45.9730514],[6.9273908,45.9730738],[6.9273982,45.9731195],[6.9274143,45.9731521],[6.9274304,45.9731652],[6.9274418,45.9731684],[6.9274499,45.9731656],[6.9274727,45.9731614],[6.9275136,45.9731502],[6.9275712,45.9731246],[6.9276121,45.9731288],[6.9276617,45.9731363],[6.9276973,45.9731475],[6.9277214,45.9731568],[6.9277335,45.9731731],[6.9277382,45.9731941],[6.9277348,45.9732747],[6.9277476,45.9733129],[6.9277952,45.9733786],[6.9279184,45.9734761]]}},{"type":"Feature","id":1465657579,"properties":{"kind":"run","name":"Ascension","subtype":"unknown","pisteType":"skitour","featured":false},"geometry":{"type":"LineString","coordinates":[[6.9643152,46.015712],[6.9651438,46.0156102],[6.9653963,46.0156235],[6.9658667,46.0157217],[6.9666393,46.015751],[6.9669606,46.0159289],[6.9673776,46.0161361],[6.9682458,46.0165399],[6.9686359,46.0168028],[6.9696113,46.017103],[6.9700721,46.0173413],[6.9701659,46.0173898],[6.9704681,46.0176289],[6.9707473,46.0179211],[6.9707425,46.0180288],[6.9707052,46.0188693],[6.9706402,46.0193129],[6.9707282,46.0195678],[6.9708085,46.0199291],[6.9707325,46.0203423]]}},{"type":"Feature","id":1465657580,"properties":{"kind":"run","name":"Ascension","subtype":"unknown","pisteType":"skitour","featured":false},"geometry":{"type":"LineString","coordinates":[[6.9653963,46.0156235],[6.9659101,46.0159508],[6.9665229,46.0163709],[6.9669495,46.0167318],[6.9674382,46.0171304],[6.9682991,46.0172435],[6.9690652,46.0171979],[6.9698484,46.0173543],[6.9700469,46.0175145],[6.970578,46.0179318],[6.9707425,46.0180288]]}},{"type":"Feature","id":1465657581,"properties":{"kind":"run","name":"Ascension","subtype":"unknown","pisteType":"skitour","featured":false},"geometry":{"type":"LineString","coordinates":[[6.9792889,46.0092697],[6.9787766,46.0090401],[6.9787114,46.0091662],[6.9782224,46.0088234],[6.9781712,46.0091371],[6.9764806,46.008584],[6.9767554,46.0092665],[6.9748507,46.0089107],[6.9749718,46.0091824],[6.9746085,46.0091436],[6.9747529,46.0094088],[6.9742778,46.0094153],[6.9745619,46.0098616],[6.9739658,46.0099328],[6.9735513,46.0100816],[6.9732905,46.0101139],[6.9729785,46.0104083],[6.97289,46.0106929],[6.9727596,46.0110778],[6.9724942,46.0115824],[6.9723685,46.0120093],[6.972443,46.0122409],[6.9725687,46.0124136],[6.9724942,46.0129376],[6.9724796,46.013244],[6.9724666,46.0135153],[6.9724009,46.0132581],[6.9721999,46.0134451],[6.9717985,46.0128242],[6.9716303,46.0131688],[6.9713928,46.0136572],[6.9712298,46.0134534],[6.9709597,46.0138933],[6.9708401,46.0140484],[6.9707501,46.014165],[6.970019,46.0145175],[6.969665,46.0149703],[6.9692925,46.0151385],[6.9690084,46.0154748],[6.9689804,46.01585],[6.9690084,46.0162931],[6.9692599,46.0165097],[6.9697302,46.016804],[6.9700003,46.0170466],[6.9700721,46.0173413]]}},{"type":"Feature","id":1465657582,"properties":{"kind":"run","name":"Ascension","subtype":"unknown","pisteType":"skitour","featured":false},"geometry":{"type":"LineString","coordinates":[[6.9792889,46.0092697],[6.978666,46.0086651],[6.9772282,46.0082202],[6.9773278,46.0086948],[6.9755555,46.0079779],[6.975463,46.0085959],[6.9748865,46.0083883],[6.9747583,46.0087047],[6.9739398,46.0085168],[6.9737263,46.008586],[6.9736124,46.008759],[6.9734771,46.0090754],[6.9734131,46.009377],[6.9735483,46.0095896],[6.9737619,46.0096835],[6.9738046,46.009817],[6.9735483,46.0098862],[6.9732905,46.0101139]]}},{"type":"Feature","id":1465657583,"properties":{"kind":"run","name":"Mapped ski run","subtype":"unknown","pisteType":"downhill","featured":false},"geometry":{"type":"LineString","coordinates":[[6.9727596,46.0110778],[6.9752156,46.0103281],[6.9761913,46.0100092],[6.9772817,46.0094113],[6.9776835,46.0091949],[6.9792889,46.0092697]]}},{"type":"Feature","id":1465657584,"properties":{"kind":"run","name":"Mapped ski run","subtype":"unknown","pisteType":"downhill","featured":false},"geometry":{"type":"LineString","coordinates":[[6.9724796,46.013244],[6.9739397,46.0138457],[6.9748707,46.0142016],[6.9757223,46.0142316],[6.9762564,46.0140863],[6.9779019,46.0136101],[6.9805217,46.0128683]]}},{"type":"Feature","id":1465657585,"properties":{"kind":"run","name":"Ascension","subtype":"unknown","pisteType":"skitour","featured":false},"geometry":{"type":"LineString","coordinates":[[6.9808039,46.012497],[6.9806113,46.0123745],[6.9805785,46.0124913],[6.9804186,46.0124229],[6.9803776,46.0125169],[6.9802628,46.0124599],[6.9802259,46.0125482],[6.9800456,46.012514],[6.9798406,46.0128414],[6.9794593,46.0127019],[6.9794675,46.0131062],[6.9789469,46.0129639],[6.9789387,46.0131689],[6.9785739,46.0131034],[6.9785616,46.0132685],[6.9782213,46.013092],[6.978086,46.013277],[6.9778811,46.0131973],[6.9778442,46.0133084],[6.9770325,46.0136756],[6.9765733,46.0138521],[6.9763438,46.0141454],[6.9757002,46.0143048],[6.9747942,46.0143304],[6.9746917,46.0142109],[6.9744375,46.0142963],[6.9740973,46.014003],[6.9724666,46.0135153]]}},{"type":"Feature","id":1465657586,"properties":{"kind":"run","name":"Ascension","subtype":"unknown","pisteType":"skitour","featured":false},"geometry":{"type":"LineString","coordinates":[[6.9724666,46.0135153],[6.9723783,46.0139067],[6.9720193,46.0144809],[6.9716494,46.0146584],[6.9716113,46.0144657],[6.971285,46.014666],[6.970877,46.0148397],[6.9708498,46.0143524],[6.9708401,46.0140484]]}},{"type":"Feature","id":1465657587,"properties":{"kind":"run","name":"Mapped ski run","subtype":"unknown","pisteType":"downhill","featured":false},"geometry":{"type":"LineString","coordinates":[[6.9585526,46.0131038],[6.9583577,46.0135445],[6.9578588,46.0139749],[6.9575706,46.014001],[6.9573826,46.0138008],[6.957038,46.0134658],[6.9566308,46.0132961],[6.9561421,46.0132874],[6.9559131,46.0133775],[6.9558095,46.0135981]]}},{"type":"Feature","id":1465668296,"properties":{"kind":"run","name":"La Trapette","subtype":"advanced","pisteType":"skitour","featured":false},"geometry":{"type":"LineString","coordinates":[[6.9279184,45.9734761],[6.9278616,45.973383],[6.9278682,45.9732915],[6.9278522,45.973201],[6.9278909,45.9731458],[6.9279259,45.9730883],[6.9279206,45.9730482],[6.9278771,45.9730277],[6.927698,45.972983],[6.9276527,45.9729511],[6.927647,45.9728608],[6.9276749,45.9727702],[6.9276255,45.9727248],[6.9275598,45.9726588],[6.9274863,45.9726141],[6.9274478,45.9725768],[6.927531,45.9723336],[6.9275694,45.9723893],[6.9275924,45.9724436],[6.9275786,45.9725042],[6.9276796,45.972568],[6.9278404,45.9726415],[6.9279031,45.9726847],[6.9279107,45.9727657],[6.9280312,45.9727676],[6.9281124,45.972722],[6.9282651,45.9726989],[6.9283518,45.9727074],[6.9284768,45.9728412],[6.9285813,45.9728997],[6.9286166,45.9729279],[6.9286126,45.972968],[6.9285844,45.973023],[6.9286028,45.9730437],[6.9286901,45.9729703],[6.9287035,45.9728976],[6.9285027,45.9727043],[6.9287091,45.97279],[6.9288902,45.9728636],[6.9289694,45.9728772],[6.9288352,45.9727993],[6.9287869,45.9727229],[6.9287065,45.9726493],[6.9286662,45.9725644],[6.9286673,45.9725449],[6.9287038,45.9725467],[6.9288366,45.9725943],[6.9290513,45.9726432],[6.9289005,45.9724264],[6.9291296,45.9724826],[6.929204,45.9724759],[6.9292644,45.9724302],[6.9293704,45.9723992],[6.929424,45.9724321],[6.9294374,45.9724927],[6.9294801,45.9725266],[6.92982,45.9725389],[6.9300966,45.9725114],[6.9301673,45.9725614],[6.9302621,45.9725766],[6.930333,45.9726353],[6.9303305,45.9725756],[6.9302739,45.972518],[6.9301865,45.9724344],[6.9299669,45.9723254],[6.9298264,45.9722272],[6.9300234,45.9722522],[6.9301535,45.9722615],[6.930408,45.9723247],[6.9306417,45.9723724],[6.9307895,45.9724187],[6.9307247,45.9723478],[6.9305597,45.9722025],[6.9303941,45.9720797],[6.9302425,45.9719967],[6.9301183,45.971907],[6.9305273,45.9719679],[6.9308072,45.9720324],[6.930977,45.9720565],[6.9311104,45.972104],[6.9311372,45.9721004],[6.9311084,45.9720634],[6.9309916,45.9719747],[6.9308365,45.971882],[6.9306467,45.9717892],[6.9303862,45.9716651],[6.9306375,45.9716934],[6.9309441,45.9717336],[6.9311443,45.9718065],[6.931448,45.9718953],[6.931445,45.9718756],[6.9313218,45.9718083],[6.9310574,45.9716035],[6.9309465,45.9715857],[6.930867,45.9715587],[6.9306375,45.9714285],[6.9305736,45.9713787],[6.9305425,45.9712716],[6.9304861,45.9712521],[6.9304171,45.9712712],[6.9302917,45.9712493],[6.9302836,45.9711953],[6.9302724,45.9711221],[6.9302621,45.9710889],[6.9302031,45.9710563],[6.9301482,45.9710489],[6.9298875,45.9710488],[6.9295835,45.9709296],[6.9293918,45.9708326],[6.929335,45.9707821],[6.9294454,45.9708149],[6.92966,45.9708634],[6.9298048,45.9708718],[6.930006,45.9708764],[6.9301669,45.9708561],[6.9298652,45.9707776],[6.9294569,45.9706191],[6.9294984,45.9706136],[6.9297391,45.9706583],[6.9298692,45.9706592],[6.9302034,45.9706725],[6.9299014,45.9705828],[6.9297163,45.9705157],[6.9296063,45.970443],[6.9295521,45.970388],[6.9296627,45.9704393],[6.9298196,45.9704719],[6.930253,45.9705136],[6.9301616,45.9704719],[6.9300637,45.9704477],[6.9299269,45.9703759],[6.9297318,45.9702324],[6.9299537,45.9702948],[6.9303488,45.9703719],[6.9300985,45.9702333],[6.9299081,45.9700869],[6.9298748,45.9700319],[6.9298464,45.9699378],[6.9298209,45.9699136],[6.9297606,45.969921],[6.9297005,45.9698898],[6.929538,45.9698082],[6.9294434,45.969744],[6.9293663,45.9697094],[6.9291861,45.9695642],[6.9291329,45.9694913],[6.9291142,45.9694261],[6.929078,45.9693878],[6.9290963,45.9693706],[6.929141,45.9693739],[6.9292617,45.9694391],[6.9293784,45.9694736],[6.9294158,45.9695131],[6.9298108,45.9696209],[6.9295406,45.9693757],[6.9294615,45.9692974],[6.9294272,45.9692462],[6.9295755,45.9693026],[6.9296345,45.9693394],[6.9296888,45.9693487],[6.9298203,45.969406],[6.92989,45.9694223],[6.9299343,45.9694459],[6.9299383,45.9694275],[6.9299041,45.9693897],[6.929837,45.969331],[6.9296747,45.9690691],[6.92966,45.9689917],[6.9296718,45.968966],[6.9297391,45.9690001],[6.9297793,45.9690439],[6.9300127,45.9691483],[6.930387,45.9692303],[6.9301669,45.9690448],[6.9301414,45.9689898],[6.9300878,45.9689386],[6.9300073,45.9687904],[6.9299479,45.9686381],[6.9301146,45.96874],[6.9301911,45.9687549],[6.9302608,45.9687904],[6.9303191,45.9688006],[6.9304164,45.9688346],[6.9307799,45.9689545],[6.9308133,45.9689544],[6.9308013,45.9689078],[6.930753,45.9688659],[6.9305686,45.9685778],[6.9304887,45.9684562],[6.9302246,45.9681872],[6.9300238,45.9680405],[6.9299539,45.967968],[6.9301942,45.9680207],[6.9305273,45.9681117],[6.9309837,45.9682385],[6.931048,45.9682506],[6.9310762,45.9682889],[6.9311848,45.968314],[6.9312916,45.9683628],[6.9311754,45.9682134],[6.9311647,45.9681509],[6.9311124,45.9681276],[6.9310789,45.9680698],[6.9309689,45.9679272],[6.93091,45.967794],[6.9313259,45.9680093],[6.9314048,45.9680213],[6.9315094,45.9680801],[6.931673,45.9681341],[6.9318165,45.9681183],[6.9318617,45.9681819],[6.9319452,45.968191],[6.9320713,45.9682441],[6.9323796,45.9683023],[6.9325742,45.9682991],[6.9326587,45.9682935],[6.9327137,45.9683084],[6.9328119,45.9683089],[6.932534,45.9680549],[6.9324669,45.967971],[6.93242,45.9678526],[6.9323824,45.9678079],[6.9323637,45.9677603],[6.9323154,45.967723],[6.9322201,45.9676243],[6.9323905,45.9676886],[6.9325407,45.9676895],[6.9327566,45.9677305],[6.9329712,45.9678191],[6.9330892,45.9678069],[6.9332662,45.9678293],[6.9333534,45.9678815],[6.9334821,45.9679251],[6.9335053,45.9679265],[6.9335109,45.9679125],[6.9334915,45.9678899],[6.9334339,45.9677352],[6.9332633,45.9674416],[6.9333105,45.9674434],[6.9333735,45.9674639],[6.9334982,45.9675049],[6.9335948,45.9674993],[6.9337329,45.9675562],[6.9338013,45.9676289],[6.9339207,45.9676951],[6.9340213,45.9677156],[6.9340863,45.9677169],[6.9339918,45.9676056],[6.9339636,45.9674891],[6.9339891,45.9673837],[6.9339743,45.9673101],[6.9339209,45.967244],[6.9341004,45.9672915],[6.9341902,45.967339],[6.9342291,45.9674052],[6.9343978,45.9674879],[6.9344115,45.9674676],[6.9343927,45.9674313],[6.9344008,45.9673567],[6.9344249,45.9673241],[6.9344021,45.967229],[6.9343632,45.9671796],[6.9343787,45.9671719],[6.9344014,45.9671763],[6.934486,45.967249],[6.9345329,45.9672691],[6.9345671,45.9673297],[6.9346717,45.9673716],[6.9347388,45.9674574],[6.9347991,45.9674732],[6.9348325,45.9674943],[6.9349553,45.9674991],[6.9349135,45.9674668],[6.9348357,45.9672304],[6.9348782,45.9672243],[6.9349815,45.9672476],[6.9351022,45.9673017],[6.9352534,45.9673104],[6.9354004,45.9671955],[6.9353858,45.967023]]}},{"type":"Feature","id":1465668297,"properties":{"kind":"run","name":"Chamois","subtype":"advanced","pisteType":"downhill","featured":false},"geometry":{"type":"LineString","coordinates":[[6.9328903,45.9624253],[6.9333164,45.9627834],[6.9336468,45.9629303],[6.9340404,45.962891]]}},{"type":"Feature","id":1465668298,"properties":{"kind":"run","name":"Chamois","subtype":"advanced","pisteType":"downhill","featured":false},"geometry":{"type":"LineString","coordinates":[[6.9337259,45.9622667],[6.9339227,45.9625191],[6.9340139,45.9626547]]}},{"type":"Feature","id":1465668299,"properties":{"kind":"run","name":"Coqs","subtype":"easy","pisteType":"downhill","featured":false},"geometry":{"type":"LineString","coordinates":[[6.9344652,45.965497],[6.9346605,45.9655851],[6.934934,45.96578],[6.9351071,45.966011],[6.935294,45.9662443],[6.9353632,45.9663791],[6.935362,45.9664514]]}},{"type":"Feature","id":1468690979,"properties":{"kind":"run","name":"Mapped ski run","subtype":"easy","pisteType":"nordic","featured":false},"geometry":{"type":"LineString","coordinates":[[6.9234871,46.0246598],[6.923872,46.0247312]]}},{"type":"Feature","id":1468690980,"properties":{"kind":"run","name":"Mapped ski run","subtype":"easy","pisteType":"nordic","featured":false},"geometry":{"type":"LineString","coordinates":[[6.9216925,46.0232804],[6.9221055,46.0236566]]}},{"type":"Feature","id":1468690981,"properties":{"kind":"run","name":"Mapped ski run","subtype":"easy","pisteType":"nordic","featured":false},"geometry":{"type":"LineString","coordinates":[[6.9212244,46.0227756],[6.9216925,46.0232804]]}},{"type":"Feature","id":1468690982,"properties":{"kind":"run","name":"Mapped ski run","subtype":"easy","pisteType":"nordic","featured":false},"geometry":{"type":"LineString","coordinates":[[6.9229172,46.021597],[6.9225454,46.0211851],[6.9224992,46.0211641],[6.922467,46.0211553],[6.9224169,46.0211501]]}},{"type":"Feature","id":1468690983,"properties":{"kind":"run","name":"Mapped ski run","subtype":"intermediate","pisteType":"nordic","featured":false},"geometry":{"type":"LineString","coordinates":[[6.9229172,46.021597],[6.92287,46.0211292],[6.9228432,46.0210305],[6.9224435,46.0203022],[6.9224173,46.0202797],[6.9223828,46.0202634],[6.9223429,46.0202548],[6.9223011,46.0202547],[6.9222611,46.0202631],[6.9222255,46.0202799],[6.9221989,46.0203032],[6.9221835,46.0203311],[6.9221809,46.0203609],[6.9221914,46.0203898],[6.9225481,46.021023],[6.9225518,46.0210465],[6.9225477,46.0210698],[6.922536,46.021092],[6.9225247,46.0211052],[6.9225106,46.0211171],[6.9224169,46.0211501]]}},{"type":"Feature","id":1468690985,"properties":{"kind":"run","name":"Mapped ski run","subtype":"easy","pisteType":"nordic","featured":false},"geometry":{"type":"LineString","coordinates":[[6.9245377,46.0237047],[6.9246067,46.0236733],[6.9246516,46.0236701],[6.9246798,46.0236738],[6.9247194,46.0236868],[6.9249997,46.0239834],[6.9253269,46.0242735],[6.9259518,46.0248131],[6.9260833,46.0248895],[6.9262817,46.0249509],[6.9265714,46.0250124],[6.9266734,46.0250571],[6.9269147,46.0252191],[6.9269738,46.0252396],[6.9272795,46.0252582],[6.927358,46.0252959],[6.9274217,46.0253458],[6.9277436,46.0258505],[6.9277731,46.0259548],[6.9277757,46.0261969],[6.9278106,46.0263011],[6.9282344,46.026925],[6.9283552,46.027265]]}},{"type":"Feature","id":1468690987,"properties":{"kind":"run","name":"Mapped ski run","subtype":"intermediate","pisteType":"nordic","featured":false},"geometry":{"type":"LineString","coordinates":[[6.9265209,46.0263342],[6.9263676,46.0262118],[6.9262227,46.0261093],[6.9260672,46.0260292],[6.9259116,46.0259771],[6.9253832,46.0258523],[6.9250908,46.0257667],[6.9247261,46.0256102],[6.9245544,46.0254519],[6.924305,46.0250254],[6.9241735,46.0249137],[6.9240797,46.0248522],[6.923872,46.0247312]]}},{"type":"Feature","id":1468690989,"properties":{"kind":"run","name":"Mapped ski run","subtype":"intermediate","pisteType":"nordic","featured":false},"geometry":{"type":"LineString","coordinates":[[6.9233595,46.0251064],[6.9236062,46.0253495],[6.923794,46.025478],[6.9240904,46.0256195],[6.9245839,46.0258523],[6.9248494,46.0259361],[6.9254154,46.0260721],[6.925697,46.0261577],[6.9260484,46.0263347],[6.9262772,46.0264684],[6.9265151,46.0266215],[6.9269523,46.0269902],[6.9271883,46.0272621],[6.9272768,46.0274893],[6.9274009,46.0279069],[6.9274335,46.0279813]]}},{"type":"Feature","id":1468690990,"properties":{"kind":"run","name":"Route du Mollaret","subtype":"intermediate","pisteType":"nordic","featured":false},"geometry":{"type":"LineString","coordinates":[[6.9233595,46.0251064],[6.923271,46.0249471],[6.923219,46.0248685],[6.9232006,46.024834],[6.923194,46.0248091]]}},{"type":"Feature","id":1468690991,"properties":{"kind":"run","name":"Mapped ski run","subtype":"intermediate","pisteType":"nordic","featured":false},"geometry":{"type":"LineString","coordinates":[[6.9232435,46.0246336],[6.9232638,46.0245902]]}},{"type":"Feature","id":1468690992,"properties":{"kind":"run","name":"Mapped ski run","subtype":"intermediate","pisteType":"nordic","featured":false},"geometry":{"type":"LineString","coordinates":[[6.9216925,46.0232804],[6.9216977,46.0233088],[6.9216934,46.0233372],[6.9216798,46.0233642],[6.9216576,46.0233884],[6.9216278,46.0234085],[6.9215921,46.0234233],[6.9215524,46.023432],[6.9215109,46.023434],[6.9214699,46.0234294],[6.9213974,46.0233996],[6.9210461,46.0231183],[6.9210113,46.0231048],[6.9209722,46.0230991],[6.9209325,46.0231019],[6.9208959,46.0231127],[6.9208685,46.0231285],[6.9208483,46.0231487],[6.9208365,46.023172],[6.9208342,46.0231966],[6.920837,46.0232492],[6.9208505,46.0233011],[6.9208744,46.0233511],[6.9209056,46.0233943],[6.9209452,46.023434],[6.9209923,46.0234695],[6.9210461,46.0235001],[6.921258,46.0235914],[6.9213187,46.0236058],[6.9213814,46.0236156],[6.9214295,46.0236198],[6.9214779,46.0236212],[6.921832,46.0236007],[6.9218982,46.0236018],[6.9219634,46.02361],[6.9220134,46.0236214],[6.922061,46.023637],[6.9221055,46.0236566]]}},{"type":"Feature","id":1468690993,"properties":{"kind":"run","name":"Mapped ski run","subtype":"novice","pisteType":"nordic","featured":false},"geometry":{"type":"LineString","coordinates":[[6.9212244,46.0227756],[6.9214109,46.0228874],[6.9216013,46.0229544],[6.9218171,46.0229931],[6.9218937,46.0230027],[6.9219714,46.0230044],[6.9220487,46.0229981],[6.9221238,46.0229841],[6.9221951,46.0229625],[6.9222611,46.0229339],[6.9223203,46.022899],[6.9223715,46.0228583],[6.9224136,46.0228129],[6.9224456,46.0227637],[6.9224669,46.0227118],[6.922477,46.0226583],[6.9224757,46.0226043],[6.9224624,46.0225191],[6.9224356,46.0224356],[6.9223956,46.0223545],[6.9223429,46.0222771],[6.9222781,46.0222042],[6.9222021,46.0221368],[6.9218534,46.0219077]]}},{"type":"Feature","id":1468690994,"properties":{"kind":"run","name":"Mapped ski run","subtype":"easy","pisteType":"nordic","featured":false},"geometry":{"type":"LineString","coordinates":[[6.92211,46.0213352],[6.9220667,46.0213909],[6.922072,46.0214319],[6.9221404,46.0217736],[6.9221386,46.0218088],[6.922124,46.0218424],[6.9220975,46.0218723],[6.9220655,46.0218942],[6.9220272,46.0219105],[6.9219846,46.0219203],[6.9219398,46.0219231],[6.9218954,46.0219189],[6.9218534,46.0219077]]}},{"type":"Feature","id":1468690995,"properties":{"kind":"run","name":"Mapped ski run","subtype":"easy","pisteType":"nordic","featured":false},"geometry":{"type":"LineString","coordinates":[[6.9289988,46.0271746],[6.9290427,46.0271288],[6.9290777,46.0270795],[6.9291034,46.0270275],[6.929118,46.0269797],[6.9291248,46.026931],[6.9291234,46.0268822],[6.9291142,46.0268338],[6.9289023,46.0264371],[6.9288508,46.0263832],[6.9287897,46.0263345],[6.9287199,46.0262918],[6.9286601,46.0262631],[6.9285964,46.0262388],[6.9285294,46.0262192],[6.928229,46.0261708],[6.9281794,46.0261535],[6.9281341,46.0261313],[6.928094,46.0261046],[6.9280601,46.0260741],[6.9280332,46.0260404],[6.9280136,46.0260035],[6.9280022,46.025965],[6.9279995,46.0259257],[6.9280054,46.0258866],[6.9280198,46.0258486],[6.9280413,46.0257611],[6.9280411,46.0257125],[6.9280332,46.0256642],[6.928022,46.0256275],[6.9280064,46.0255916],[6.927529,46.0249789],[6.9274454,46.0249169],[6.9273525,46.0248618],[6.9272514,46.0248141],[6.927176,46.0247853],[6.9270976,46.0247608],[6.9263032,46.0245319],[6.9261323,46.0244687],[6.9259679,46.0243978],[6.9258461,46.0243381],[6.9257289,46.0242741],[6.9256166,46.024206],[6.9251204,46.0238577],[6.9249755,46.0237124],[6.9249306,46.0236395],[6.9248977,46.0235635],[6.9248791,46.0234953],[6.9248701,46.0234261],[6.9248709,46.0233567],[6.9248494,46.0229339],[6.9248334,46.0228734],[6.9248065,46.0228148],[6.9247687,46.0227579],[6.9247207,46.0227049],[6.9243176,46.0224451],[6.9242403,46.0224145],[6.9241574,46.022392],[6.9240805,46.0223792],[6.9240019,46.0223733],[6.923739,46.0223752],[6.9235995,46.0223361],[6.9235271,46.0222728],[6.9229172,46.021597]]}},{"type":"Feature","id":1468690996,"properties":{"kind":"run","name":"Mapped ski run","subtype":"easy","pisteType":"nordic","featured":false},"geometry":{"type":"LineString","coordinates":[[6.923872,46.0247312],[6.9242808,46.024828],[6.9244954,46.0249174],[6.9248253,46.0250701],[6.9248699,46.0250922],[6.92492,46.0251078],[6.9249735,46.0251162],[6.9250283,46.025117],[6.9250823,46.0251104],[6.9251333,46.0250964],[6.9251794,46.0250757],[6.9252202,46.0250478],[6.9252518,46.0250146],[6.9252729,46.0249776],[6.9252825,46.0249384],[6.9252803,46.0248986],[6.9252663,46.02486],[6.9252411,46.0248243],[6.9249219,46.0244369],[6.9247448,46.0242302],[6.9245852,46.0239829]]}},{"type":"Feature","id":1468690997,"properties":{"kind":"run","name":"Mapped ski run","subtype":"easy","pisteType":"nordic","featured":false},"geometry":{"type":"LineString","coordinates":[[6.9232638,46.0245902],[6.9233696,46.0246358],[6.9234871,46.0246598]]}},{"type":"Feature","id":1468690998,"properties":{"kind":"run","name":"Mapped ski run","subtype":"easy","pisteType":"nordic","featured":false},"geometry":{"type":"LineString","coordinates":[[6.9221055,46.0236566],[6.9229585,46.024355],[6.9232638,46.0245902]]}},{"type":"Feature","id":1468691000,"properties":{"kind":"run","name":"Mapped ski run","subtype":"novice","pisteType":"nordic","featured":false},"geometry":{"type":"LineString","coordinates":[[6.9218534,46.0219077],[6.9213223,46.0215594],[6.9212311,46.0214738],[6.9207779,46.0210119],[6.9206169,46.0209132],[6.9204935,46.0208554],[6.920236,46.020766],[6.9200107,46.0207548],[6.9197683,46.0207617],[6.9196272,46.0207344],[6.9194823,46.0207101],[6.9194304,46.0207041],[6.9193777,46.0207027],[6.919308,46.0207082],[6.9192406,46.0207219],[6.9191776,46.0207434],[6.9191208,46.020772],[6.919072,46.020807],[6.9190371,46.0208871],[6.9190478,46.0209634],[6.9191068,46.0210566],[6.9191793,46.0211124],[6.9193831,46.0212652],[6.9194958,46.021321],[6.9195896,46.0213378],[6.919772,46.0213248],[6.9201449,46.0212633],[6.920236,46.0212614],[6.9203192,46.021295],[6.9203809,46.0213546],[6.9207886,46.0220176],[6.9210233,46.0225051],[6.9212244,46.0227756]]}},{"type":"Feature","id":1468694449,"properties":{"kind":"run","name":"Mapped ski run","subtype":"intermediate","pisteType":"nordic","featured":false},"geometry":{"type":"LineString","coordinates":[[6.9283642,45.9761664],[6.9282883,45.9761018],[6.9282076,45.97604],[6.9281192,45.9759793],[6.9280261,45.9759221],[6.9279286,45.9758685],[6.9278429,45.9758289],[6.9277532,45.9757938],[6.92766,45.9757635],[6.9275638,45.975738],[6.9271776,45.9756616],[6.9270617,45.9756466],[6.9269443,45.9756393],[6.9268463,45.9756389],[6.9267487,45.9756439],[6.9266519,45.9756542]]}},{"type":"Feature","id":1468694450,"properties":{"kind":"run","name":"Mapped ski run","subtype":"intermediate","pisteType":"nordic","featured":false},"geometry":{"type":"LineString","coordinates":[[6.9295058,45.9775769],[6.929804,45.977726],[6.929884,45.9777745],[6.9299939,45.9778546],[6.9300623,45.977931],[6.9301146,45.9780056],[6.9301602,45.9781249]]}},{"type":"Feature","id":1468694451,"properties":{"kind":"run","name":"Mapped ski run","subtype":"easy","pisteType":"nordic","featured":false},"geometry":{"type":"LineString","coordinates":[[6.9230443,45.9733968],[6.9232857,45.9735571],[6.9233555,45.973572],[6.9234171,45.9735645],[6.9235137,45.9735235],[6.9236129,45.9734471],[6.9237605,45.9732793],[6.9237873,45.9732085],[6.9237927,45.9731246],[6.9237632,45.9730687],[6.9237015,45.9730314],[6.9226876,45.9728338],[6.9225079,45.972776],[6.9223577,45.9726977],[6.9216201,45.9721049],[6.9202548,45.9709137],[6.91989,45.9705782],[6.9196701,45.9703284],[6.919021,45.9694559]]}},{"type":"Feature","id":1468694452,"properties":{"kind":"run","name":"Mapped ski run","subtype":"novice","pisteType":"nordic","featured":false},"geometry":{"type":"LineString","coordinates":[[6.918282,45.9695949],[6.9183272,45.9696297],[6.9183779,45.9696606],[6.9184336,45.9696871],[6.9184957,45.9697095],[6.9185614,45.9697265],[6.9186295,45.9697377],[6.9186991,45.969743],[6.9187587,45.9697417],[6.9188168,45.9697329],[6.9188718,45.969717],[6.9189218,45.9696945],[6.9189611,45.9696691],[6.918994,45.9696396],[6.9190196,45.9696068],[6.9190371,45.9695715],[6.9190425,45.969523],[6.919021,45.9694559]]}},{"type":"Feature","id":1468694453,"properties":{"kind":"run","name":"Mapped ski run","subtype":"intermediate","pisteType":"nordic","featured":false},"geometry":{"type":"LineString","coordinates":[[6.9235218,45.9740529],[6.923423,45.9738484],[6.923275,45.9736298],[6.9230443,45.9733968]]}},{"type":"Feature","id":1468694454,"properties":{"kind":"run","name":"Mapped ski run","subtype":"easy","pisteType":"nordic","featured":false},"geometry":{"type":"LineString","coordinates":[[6.918282,45.9695949],[6.9183263,45.9700935],[6.9183321,45.9701306],[6.9183494,45.9701659],[6.9183773,45.9701979],[6.918415,45.9702251],[6.9184605,45.970246],[6.9185114,45.9702594],[6.9192034,45.9703134],[6.9192603,45.9703327],[6.9193141,45.9703557],[6.9193643,45.9703824],[6.9194158,45.9704164],[6.9194615,45.9704541],[6.9195009,45.9704951],[6.9195333,45.970539],[6.9199464,45.9712083],[6.9200056,45.9712824],[6.9200737,45.9713528],[6.9201502,45.9714189],[6.9202321,45.9714786],[6.9203208,45.9715334],[6.9204158,45.971583],[6.9211775,45.9719539],[6.9215101,45.9721702],[6.9215798,45.972228],[6.9216368,45.9723379],[6.9217059,45.9726381],[6.9217944,45.972899],[6.9218143,45.9729296],[6.9218404,45.9729577],[6.9218722,45.9729829],[6.9219091,45.9730047],[6.9219501,45.9730224],[6.9219945,45.9730358],[6.9220412,45.9730445],[6.922524,45.9730687],[6.9226205,45.9730911],[6.9227385,45.97316],[6.9230443,45.9733968]]}},{"type":"Feature","id":1468694455,"properties":{"kind":"run","name":"Mapped ski run","subtype":"novice","pisteType":"nordic","featured":false},"geometry":{"type":"LineString","coordinates":[[6.919021,45.9694559],[6.9185677,45.9687288],[6.9183236,45.9684827],[6.9182405,45.9684343],[6.9181627,45.9684063],[6.9172481,45.9683094],[6.917172,45.9682931],[6.9170992,45.9682706],[6.9170308,45.9682423],[6.9169645,45.9682065],[6.9169051,45.9681652],[6.9168536,45.9681191],[6.9168109,45.9680689],[6.9166306,45.9677322],[6.9163495,45.9671311],[6.9159043,45.9665364],[6.9157138,45.9663518],[6.9156414,45.9662829],[6.9155618,45.9662179],[6.9154755,45.9661572],[6.9153829,45.966101],[6.9152847,45.9660498],[6.9151599,45.9659952],[6.9150287,45.9659485],[6.914892,45.96591],[6.9147509,45.9658802],[6.9143271,45.9657981],[6.9142577,45.9657771],[6.914192,45.965751],[6.9141309,45.9657199],[6.914075,45.9656844],[6.9140129,45.9656336],[6.9139616,45.9655773],[6.9139221,45.9655166],[6.9138806,45.965393],[6.9138202,45.9651959],[6.91378,45.9651325],[6.9137263,45.9650673],[6.9128895,45.9642674],[6.9127902,45.9641817],[6.9127639,45.9641685],[6.9127332,45.9641613],[6.9127008,45.9641607],[6.9126695,45.9641668],[6.9126437,45.9641781],[6.9126234,45.9641939],[6.9126102,45.964213],[6.9126052,45.9642339],[6.9126213,45.9643066],[6.912986,45.9648436],[6.9131362,45.9650897],[6.9133531,45.9656524],[6.9134152,45.9658046],[6.9134541,45.9658559],[6.9135252,45.9658997],[6.9135976,45.9659212],[6.9144183,45.9661262],[6.9146115,45.9662232],[6.9150782,45.9666035],[6.9161189,45.9676662],[6.9162436,45.9678619],[6.9162598,45.9679415],[6.9163279,45.9684888],[6.916346,45.9685553],[6.9163766,45.9686195],[6.9164193,45.9686804],[6.916466,45.9687301],[6.9165208,45.9687756],[6.9165829,45.9688165],[6.9166929,45.9688556],[6.9168994,45.9688966],[6.9175029,45.9689544],[6.9175604,45.9689637],[6.9176161,45.9689774],[6.9176692,45.9689954],[6.9177233,45.9690197],[6.9177727,45.9690484],[6.9178167,45.9690812],[6.9182432,45.9695566],[6.918282,45.9695949]]}},{"type":"Feature","id":1468694458,"properties":{"kind":"run","name":"Mapped ski run","subtype":"intermediate","pisteType":"nordic","featured":false},"geometry":{"type":"LineString","coordinates":[[6.9319949,45.9794553],[6.9321035,45.9795028],[6.9322242,45.979541],[6.9323543,45.9795769],[6.9324253,45.9796021],[6.9324891,45.97963]]}},{"type":"Feature","id":1468694459,"properties":{"kind":"run","name":"Mapped ski run","subtype":"intermediate","pisteType":"nordic","featured":false},"geometry":{"type":"LineString","coordinates":[[6.9306129,45.9819386],[6.9306833,45.9819543],[6.9307664,45.9819449],[6.9312733,45.9817306],[6.9313592,45.9817138],[6.9314155,45.981712],[6.9317081,45.9818881],[6.9318768,45.9819543],[6.9320526,45.9819834],[6.9322268,45.9819761],[6.9323757,45.9819338],[6.9324691,45.9818909]]}},{"type":"Feature","id":1468694463,"properties":{"kind":"run","name":"Mapped ski run","subtype":"intermediate","pisteType":"nordic","featured":false},"geometry":{"type":"LineString","coordinates":[[6.9235218,45.9740529],[6.9236371,45.9739318],[6.9237819,45.9738497],[6.9244478,45.9735655],[6.9247958,45.973408],[6.9248332,45.9733774],[6.924864,45.9733434],[6.9248874,45.9733068],[6.9249031,45.9732681],[6.9249111,45.9732226],[6.9249083,45.9731768],[6.9248948,45.9731319],[6.9248709,45.9730892],[6.9247824,45.9729671],[6.9247247,45.9729326],[6.9235432,45.9727611],[6.9229317,45.9727145],[6.9228546,45.9727105],[6.922779,45.9726992],[6.9227064,45.9726809],[6.9226519,45.9726618],[6.9226008,45.9726387],[6.9225535,45.972612],[6.9213706,45.9716929],[6.9203997,45.9708019],[6.9203466,45.9707371],[6.9203012,45.9706695],[6.9202638,45.9705996],[6.9202347,45.9705278],[6.9202159,45.9704625],[6.9202039,45.9703964],[6.9202094,45.9703727],[6.920224,45.9703509],[6.9202463,45.9703325],[6.9202749,45.970319],[6.9203126,45.9703108],[6.920352,45.9703108],[6.9203896,45.9703193],[6.9204217,45.9703352],[6.9204453,45.9703572],[6.9205026,45.9704772],[6.9205686,45.9705949],[6.9206496,45.9707195],[6.9207403,45.9708408],[6.9208403,45.9709585],[6.9209495,45.9710722],[6.9212392,45.9712996],[6.9224516,45.9721702],[6.9225065,45.9721956],[6.9225658,45.9722156],[6.9226286,45.9722298],[6.9226879,45.9722375],[6.9227481,45.97224],[6.9228083,45.9722373],[6.9231623,45.9721795],[6.9232103,45.9721643],[6.9232535,45.9721432],[6.9232904,45.972117],[6.9233199,45.9720866],[6.9233409,45.972053],[6.9233528,45.9720173],[6.923355,45.9719792],[6.9233468,45.9719414],[6.9233284,45.9719055],[6.9233006,45.9718726],[6.9232643,45.9718439],[6.9232045,45.9718013],[6.923136,45.9717656],[6.9230604,45.9717377],[6.9229817,45.9717186],[6.9228997,45.9717079],[6.9228163,45.971706],[6.9224703,45.971734],[6.9223739,45.9717218],[6.9222799,45.9717023],[6.9222021,45.9716799],[6.9221276,45.9716524],[6.9220573,45.9716202],[6.9211051,45.9709193],[6.9209844,45.9707814],[6.9209719,45.9707641],[6.9209677,45.970745],[6.9209719,45.9707259],[6.9209844,45.9707087],[6.9210085,45.9706925],[6.9210394,45.9706837],[6.9210729,45.9706832],[6.9211043,45.9706913],[6.9211292,45.9707068],[6.9221351,45.9713704],[6.9221763,45.9713861],[6.9222204,45.9713974],[6.9222665,45.971404],[6.9223186,45.9714058],[6.9223704,45.9714016],[6.9224205,45.9713916],[6.9224676,45.971376],[6.9225964,45.9713108],[6.9226197,45.9712864],[6.922636,45.9712593],[6.9226447,45.9712306],[6.9226447,45.9711963],[6.9226338,45.9711628],[6.9226125,45.9711318],[6.9222799,45.9708932],[6.922102,45.9707725],[6.9219149,45.9706587],[6.9217193,45.9705521],[6.921561,45.970474],[6.921398,45.9704007],[6.9212308,45.9703322],[6.9210595,45.9702687],[6.9205445,45.9701233],[6.9198203,45.9699406],[6.9196594,45.9698828],[6.9194555,45.9697784],[6.919021,45.9694559]]}},{"type":"Feature","id":1468694464,"properties":{"kind":"run","name":"Mapped ski run","subtype":"intermediate","pisteType":"nordic","featured":false},"geometry":{"type":"LineString","coordinates":[[6.9266519,45.9756542],[6.925984,45.9758816],[6.9259255,45.9758988],[6.925864,45.9759099],[6.9258008,45.9759148],[6.9257373,45.9759133],[6.9256751,45.9759054],[6.9256151,45.9758915],[6.9255587,45.9758717],[6.925507,45.9758465],[6.925461,45.9758163],[6.9252303,45.9756952],[6.9251772,45.9756706],[6.9251206,45.9756501],[6.9250613,45.9756337],[6.9249763,45.9756182],[6.924889,45.9756113],[6.9248012,45.9756132],[6.9242218,45.9756225],[6.9241357,45.9756135],[6.924052,45.9755967],[6.9239724,45.9755721],[6.9239,45.9755413],[6.923834,45.9755042],[6.9237755,45.9754614],[6.9237256,45.9754137],[6.9236371,45.9753056],[6.9234869,45.9750614],[6.9234467,45.9749496],[6.9234357,45.9747638],[6.9234547,45.9747361],[6.9235566,45.9745917],[6.9235741,45.9745273],[6.9235218,45.9740529]]}},{"type":"Feature","id":1468694465,"properties":{"kind":"run","name":"Mapped ski run","subtype":"intermediate","pisteType":"nordic","featured":false},"geometry":{"type":"LineString","coordinates":[[6.9283398,45.9756951],[6.9283381,45.9756528],[6.9283497,45.9756113],[6.9283666,45.9755822],[6.92839,45.9755554],[6.9285777,45.975382],[6.9285895,45.9753566],[6.9285944,45.9753302],[6.9285923,45.9753035],[6.9285831,45.9752776],[6.9285633,45.9752487],[6.9285348,45.9752236],[6.9284007,45.9751565],[6.9282798,45.9751222],[6.9281548,45.975096],[6.9280268,45.9750782],[6.9278969,45.975069],[6.9277663,45.9750683],[6.9276363,45.9750763],[6.9275079,45.9750928],[6.9273823,45.9751178],[6.9272608,45.9751509],[6.9270891,45.9752497],[6.9266519,45.9756542]]}},{"type":"Feature","id":1468694467,"properties":{"kind":"run","name":"Mapped ski run","subtype":"intermediate","pisteType":"nordic","featured":false},"geometry":{"type":"LineString","coordinates":[[6.9301267,45.9787391],[6.9301052,45.9786431],[6.9301079,45.9786011],[6.9301307,45.9785154],[6.9302138,45.9782828]]}},{"type":"Feature","id":1468694469,"properties":{"kind":"run","name":"Mapped ski run","subtype":"intermediate","pisteType":"nordic","featured":false},"geometry":{"type":"LineString","coordinates":[[6.9304055,45.9785305],[6.930447,45.9785934],[6.9304703,45.9786153],[6.9304982,45.9786286],[6.9305332,45.9786432],[6.9305879,45.978655],[6.9307704,45.9786856],[6.9308697,45.9787075],[6.9309654,45.9787315],[6.9310597,45.9787613],[6.9311377,45.9787949],[6.9311922,45.9788239],[6.9312646,45.9788714]]}},{"type":"Feature","id":1468694470,"properties":{"kind":"run","name":"Mapped ski run","subtype":"intermediate","pisteType":"nordic","featured":false},"geometry":{"type":"LineString","coordinates":[[6.9313274,45.9788878],[6.9312646,45.9788714]]}},{"type":"Feature","id":1468694472,"properties":{"kind":"run","name":"Mapped ski run","subtype":"intermediate","pisteType":"nordic","featured":false},"geometry":{"type":"LineString","coordinates":[[6.9326705,45.9793087],[6.9326614,45.9794231],[6.9326734,45.9794589],[6.9326946,45.9794925],[6.9327244,45.9795228],[6.9327658,45.9795512],[6.9328147,45.9795731],[6.9328689,45.9795878],[6.9329262,45.9795945]]}},{"type":"Feature","id":1468694474,"properties":{"kind":"run","name":"Mapped ski run","subtype":"intermediate","pisteType":"nordic","featured":false},"geometry":{"type":"LineString","coordinates":[[6.9317216,45.9825473],[6.9316698,45.9826833],[6.9317049,45.9827865]]}},{"type":"Feature","id":1468699324,"properties":{"kind":"run","name":"Mapped ski run","subtype":"easy","pisteType":"nordic","featured":false},"geometry":{"type":"LineString","coordinates":[[6.7683667,45.9338485],[6.7681843,45.9338131],[6.7681146,45.9337664],[6.7679027,45.9334848],[6.7678463,45.9334456],[6.767444,45.9333504],[6.7673367,45.9332889],[6.7670551,45.9330538]]}},{"type":"Feature","id":1468699326,"properties":{"kind":"run","name":"Chemin de Sous le Roc","subtype":"easy","pisteType":"nordic","featured":false},"geometry":{"type":"LineString","coordinates":[[6.7683699,45.932701],[6.7683801,45.9329662],[6.7684016,45.9330669],[6.7684659,45.9333169],[6.7684901,45.9335239],[6.7684498,45.9337291],[6.7683667,45.9338485]]}},{"type":"Feature","id":1468699327,"properties":{"kind":"run","name":"Mapped ski run","subtype":"easy","pisteType":"nordic","featured":false},"geometry":{"type":"LineString","coordinates":[[6.7650462,45.9352021],[6.7656067,45.9352718],[6.765722,45.9352644],[6.7657703,45.9352327],[6.7657945,45.9351879],[6.7657864,45.9350778],[6.7658052,45.9350405],[6.7658535,45.9350275],[6.7663282,45.9349939],[6.7663872,45.934964],[6.7664194,45.9349211],[6.7664865,45.934785],[6.766465,45.9347103],[6.766406,45.9346451],[6.7660224,45.9344361],[6.7659527,45.934369],[6.7659044,45.9342794],[6.7659366,45.9337235],[6.7659768,45.9336732],[6.7660224,45.9336508],[6.7660975,45.9336452],[6.7666796,45.9335612],[6.7667466,45.9335239],[6.7667922,45.9334549],[6.766803,45.9333019],[6.7668341,45.9332541],[6.7670551,45.9330538],[6.7671221,45.9329419],[6.7671677,45.9327908],[6.7671329,45.9327498],[6.7665079,45.9325632],[6.7664685,45.9325479],[6.7664349,45.9325269],[6.7664086,45.9325014],[6.766391,45.9324725],[6.7663828,45.9324416],[6.7663845,45.9324102],[6.7663963,45.9323793],[6.7664177,45.932351],[6.7664477,45.9323266],[6.7664846,45.9323075],[6.7665267,45.9322946],[6.7673287,45.9323132],[6.7675513,45.9323449],[6.7678437,45.9324252],[6.7683699,45.932701]]}},{"type":"Feature","id":1468699328,"properties":{"kind":"run","name":"Chemin de Blanchet","subtype":"easy","pisteType":"nordic","featured":false},"geometry":{"type":"LineString","coordinates":[[6.7650462,45.9352021],[6.7644942,45.9350237]]}},{"type":"Feature","id":1468699329,"properties":{"kind":"run","name":"Mapped ski run","subtype":"easy","pisteType":"nordic","featured":false},"geometry":{"type":"LineString","coordinates":[[6.7683667,45.9338485],[6.7683077,45.9341134],[6.7682487,45.9342272],[6.768136,45.9343261],[6.7677712,45.9345798],[6.7676854,45.9345966],[6.7672321,45.934507],[6.7670524,45.9345052],[6.7668942,45.9345537],[6.7668685,45.934572],[6.7668491,45.9345937],[6.7668369,45.9346178],[6.7668325,45.9346432],[6.7668386,45.9346764],[6.7668579,45.9347071],[6.7668888,45.9347327],[6.7671731,45.9349211],[6.7672007,45.9349517],[6.7672171,45.9349859],[6.7672214,45.9350219],[6.7672137,45.9350567],[6.7671948,45.9350893],[6.7671655,45.935118],[6.7671275,45.9351413],[6.7668727,45.9352364],[6.7667842,45.9352756],[6.7664703,45.9355087],[6.7664571,45.9355306],[6.7664517,45.9355541],[6.7664543,45.9355778],[6.7664631,45.9355977],[6.7664776,45.935616],[6.7664972,45.9356319],[6.7670739,45.9358781],[6.7670996,45.935896],[6.7671178,45.9359179],[6.7671273,45.9359423],[6.7671275,45.9359676],[6.7671187,45.9359915],[6.7671015,45.9360131],[6.7670771,45.936031],[6.767047,45.9360441],[6.766948,45.9360522],[6.7668486,45.9360572],[6.766709,45.9360589],[6.7665696,45.9360544],[6.7664309,45.9360439],[6.7663616,45.9360374],[6.7662933,45.9360273],[6.766191,45.9360048],[6.7660931,45.9359742],[6.766001,45.9359359],[6.7659205,45.9358762],[6.7654672,45.9354136],[6.7653412,45.9353222],[6.7650462,45.9352021]]}},{"type":"Feature","id":1468699330,"properties":{"kind":"run","name":"Mapped ski run","subtype":"easy","pisteType":"nordic","featured":false},"geometry":{"type":"LineString","coordinates":[[6.7644942,45.9350237],[6.7640483,45.935214],[6.7639196,45.9352401],[6.7638177,45.9352327],[6.7637211,45.9351991],[6.7635655,45.9350461],[6.7634529,45.934673],[6.7633724,45.934535],[6.7627716,45.9338634],[6.7627501,45.9337739],[6.7627287,45.9335948],[6.7626429,45.9335389],[6.7616129,45.933218],[6.7614761,45.9332049],[6.760709,45.933177],[6.7605668,45.9331285],[6.7605132,45.9330688],[6.7605132,45.9330053],[6.7605615,45.9329438],[6.7605588,45.9328673],[6.7605722,45.9327199],[6.7606419,45.9326639],[6.7607573,45.9326378],[6.761232,45.9326397],[6.7613205,45.9326677],[6.7613742,45.9327013],[6.7614707,45.932871],[6.7615378,45.9329344],[6.761637,45.9329643],[6.761755,45.932968],[6.7624363,45.9329736],[6.7625892,45.9329941],[6.762726,45.9330464],[6.7629164,45.9331452],[6.763131,45.9333094],[6.7632169,45.933412],[6.7632866,45.9335594],[6.7634287,45.9339511],[6.7636782,45.9343578],[6.7639115,45.9346171],[6.7642495,45.9348614],[6.7644942,45.9350237]]}},{"type":"Feature","id":1468701030,"properties":{"kind":"run","name":"Mapped ski run","subtype":"easy","pisteType":"nordic","featured":false},"geometry":{"type":"LineString","coordinates":[[6.7748067,45.899678],[6.776416,45.8990993],[6.776703,45.899019],[6.7771563,45.8989351],[6.7787288,45.8986816]]}},{"type":"Feature","id":1468701031,"properties":{"kind":"run","name":"Mapped ski run","subtype":"easy","pisteType":"nordic","featured":false},"geometry":{"type":"LineString","coordinates":[[6.7787288,45.8986816],[6.778551,45.8986252],[6.7784464,45.8985841],[6.7782855,45.8984889],[6.7782292,45.8984031],[6.7782319,45.8983247],[6.7782479,45.8981585],[6.7782211,45.8980969],[6.7781755,45.8980596],[6.778087,45.8980391],[6.7779207,45.8980335],[6.7752117,45.8984721],[6.77515,45.8984684],[6.7751124,45.8984385],[6.774863,45.8980577],[6.774871,45.897998],[6.774922,45.8979457],[6.7754155,45.8977927],[6.7754439,45.8977679],[6.7754639,45.8977395],[6.7754745,45.8977087],[6.7754758,45.8976805],[6.7754692,45.8976527],[6.7754048,45.8975836],[6.7751688,45.8974623],[6.7750534,45.8974268],[6.7748925,45.8974324],[6.773825,45.8977012],[6.7737874,45.897746],[6.773774,45.8978356],[6.7739591,45.8982836],[6.7744473,45.8990956],[6.7748067,45.899678],[6.7750105,45.8999542],[6.7752573,45.9001427],[6.7756588,45.9003764],[6.776239,45.9006728],[6.7764026,45.9007195],[6.7767955,45.9007354]]}},{"type":"Feature","id":1469449067,"properties":{"kind":"run","name":"Vers la Brèche Puiseux","subtype":"unknown","pisteType":"skitour","featured":false},"geometry":{"type":"LineString","coordinates":[[6.9385272,45.8817828],[6.9396093,45.8815153],[6.9401131,45.8807301],[6.9406395,45.8802747],[6.9422411,45.8796884],[6.9432111,45.8791754],[6.9484707,45.8767914],[6.9497838,45.8768573],[6.9516441,45.8759634],[6.9531027,45.8750878],[6.9547708,45.8742426],[6.9559849,45.8732635],[6.9570591,45.8725703],[6.9582716,45.8727756]]}},{"type":"Feature","id":1469449068,"properties":{"kind":"run","name":"Mapped ski run","subtype":"expert","pisteType":"downhill","featured":false},"geometry":{"type":"LineString","coordinates":[[6.9606411,45.8751586],[6.9614054,45.8760912],[6.9622575,45.8762537],[6.9630488,45.8761548],[6.9666171,45.8809833],[6.9697189,45.8829658],[6.9725522,45.8831697],[6.9738121,45.8832523],[6.9749077,45.8830122],[6.9777076,45.8834783],[6.9819784,45.883669],[6.983287,45.8846788],[6.9824547,45.8875856],[6.9810568,45.889333],[6.9771525,45.8924127],[6.9672805,45.8976991],[6.9395246,45.9055361]]}},{"type":"Feature","id":1469449069,"properties":{"kind":"run","name":"Brèche Puiseux","subtype":"unknown","pisteType":"skitour","featured":false},"geometry":{"type":"LineString","coordinates":[[6.9582716,45.8727756],[6.9586636,45.8730415],[6.9589974,45.8734904],[6.9592464,45.8737559],[6.9597532,45.8740394],[6.9600611,45.8745648]]}},{"type":"Feature","id":1476149260,"properties":{"kind":"run","name":"Mapped ski run","subtype":"intermediate","pisteType":"downhill","featured":false},"geometry":{"type":"LineString","coordinates":[[6.9320497,45.7888144],[6.932431,45.7889154],[6.9326909,45.7889758],[6.9328815,45.7890604],[6.932982,45.7891836],[6.9330513,45.7893262],[6.9331851,45.7896203],[6.9332281,45.7897515],[6.9333598,45.7898941],[6.9334464,45.7899617],[6.9335608,45.7900077],[6.9336509,45.7900125],[6.9337929,45.7900342],[6.9339737,45.7901094]]}},{"type":"Feature","id":1481134095,"properties":{"kind":"run","name":"Les Lycopodes","subtype":"intermediate","pisteType":"downhill","featured":false},"geometry":{"type":"LineString","coordinates":[[6.8644295,45.9505908],[6.865429,45.9506868]]}},{"type":"Feature","id":1481136983,"properties":{"kind":"run","name":"Variante Vioz","subtype":"intermediate","pisteType":"downhill","featured":false},"geometry":{"type":"LineString","coordinates":[[6.8580215,45.9420431],[6.8584203,45.9424752],[6.8588025,45.9427532],[6.8589884,45.9428027],[6.8593651,45.9428158],[6.8598129,45.9426725],[6.8600386,45.9425161]]}},{"type":"Feature","id":1482468877,"properties":{"kind":"run","name":"Evettes","subtype":"easy","pisteType":"downhill","featured":false},"geometry":{"type":"LineString","coordinates":[[6.88759,45.9604331],[6.8876574,45.9602757]]}},{"type":"Feature","id":1483322423,"properties":{"kind":"run","name":"Bochard Haut","subtype":"intermediate","pisteType":"downhill","featured":false},"geometry":{"type":"LineString","coordinates":[[6.9450535,45.9480472],[6.9450614,45.9479364],[6.9447067,45.9479057],[6.9444838,45.9478909],[6.9442424,45.9479062],[6.94407,45.9479927],[6.9439385,45.9482008],[6.9439574,45.9483972],[6.9441212,45.9485342],[6.9444549,45.9486701],[6.9446469,45.9487662],[6.9448244,45.9488724],[6.9449627,45.9489868],[6.9451006,45.9491452],[6.9452358,45.9493314],[6.9456429,45.9499932],[6.9459388,45.9503841],[6.9459154,45.9505333],[6.9457474,45.9506556],[6.9453093,45.9508177],[6.9450118,45.9510236],[6.9448457,45.9514331],[6.9447764,45.9517715],[6.9446659,45.9526136],[6.9448188,45.9533274],[6.9452352,45.9539077],[6.9456734,45.9541952],[6.9453281,45.954669],[6.9446398,45.9553441],[6.9445398,45.9554325],[6.9443835,45.9555707]]}},{"type":"Feature","id":1483322424,"properties":{"kind":"lift","name":"TK Petit Marmottons","subtype":"drag_lift","status":"active"},"geometry":{"type":"LineString","coordinates":[[6.9425693,45.9677143],[6.943178,45.96675]]}},{"type":"Feature","id":1483341120,"properties":{"kind":"run","name":"Chamois","subtype":"intermediate","pisteType":"downhill","featured":false},"geometry":{"type":"LineString","coordinates":[[6.7443793,45.8888447],[6.7435695,45.8887449],[6.7426848,45.8887909]]}},{"type":"Feature","id":1483341122,"properties":{"kind":"run","name":"Bellevue","subtype":"intermediate","pisteType":"downhill","featured":false},"geometry":{"type":"LineString","coordinates":[[6.7741453,45.8740908],[6.7732427,45.8743164],[6.7725024,45.8745106],[6.772021,45.8747924],[6.7717517,45.8752156],[6.7715368,45.8757715]]}},{"type":"Feature","id":1483341123,"properties":{"kind":"run","name":"Praz Dru","subtype":"intermediate","pisteType":"downhill","featured":false},"geometry":{"type":"LineString","coordinates":[[6.7688657,45.8751013],[6.7694265,45.8750884],[6.7698763,45.8751185],[6.7704494,45.8752129],[6.7708561,45.8753673],[6.7709801,45.875442]]}},{"type":"Feature","id":1483341125,"properties":{"kind":"run","name":"Mur des Épines Supérieur","subtype":"intermediate","pisteType":"downhill","featured":false},"geometry":{"type":"LineString","coordinates":[[6.7694631,45.8751671],[6.7693074,45.8757862],[6.769268,45.8761271],[6.7692054,45.8763415]]}},{"type":"Feature","id":1483341126,"properties":{"kind":"run","name":"Variante Hôtel","subtype":"intermediate","pisteType":"downhill","featured":false},"geometry":{"type":"LineString","coordinates":[[6.7501418,45.8812712],[6.7505632,45.8814544],[6.751301,45.881708],[6.7519268,45.8818706],[6.7532344,45.8821957],[6.753664,45.8823842],[6.754542,45.8828003],[6.7551398,45.8832295],[6.7553365,45.8834549],[6.7551556,45.8836719]]}},{"type":"Feature","id":1483341127,"properties":{"kind":"run","name":"Piste à Léon","subtype":"easy","pisteType":"downhill","featured":false},"geometry":{"type":"LineString","coordinates":[[6.7747909,45.873652],[6.7739431,45.8738995],[6.7724637,45.8741312],[6.7718408,45.8743086],[6.7712108,45.874555],[6.7696536,45.8747669],[6.7691298,45.8748753],[6.7685706,45.8751168],[6.7673177,45.8761369],[6.7666736,45.8768071],[6.7657746,45.8771817],[6.7650597,45.8776695],[6.7644722,45.8779406],[6.7644085,45.8780096],[6.7644651,45.878256],[6.7647533,45.878559]]}},{"type":"Feature","id":1484029629,"properties":{"kind":"run","name":"Floria","subtype":"advanced","pisteType":"downhill","featured":false},"geometry":{"type":"LineString","coordinates":[[6.8747918,45.9743384],[6.8749205,45.9743429],[6.8753649,45.9744921],[6.8762008,45.9747728],[6.8770675,45.974964],[6.8777705,45.9751768],[6.8781961,45.9752764],[6.8786103,45.9753804],[6.8788777,45.975503],[6.8797261,45.9758103],[6.8807452,45.9760608],[6.8809672,45.976053],[6.8811444,45.9759836],[6.8813655,45.9758869]]}},{"type":"Feature","id":1484029630,"properties":{"kind":"run","name":"Remuaz Bas","subtype":"intermediate","pisteType":"downhill","featured":false},"geometry":{"type":"LineString","coordinates":[[6.8885651,45.9634984],[6.8882041,45.9634796],[6.8879868,45.9634904],[6.8876732,45.9635184],[6.887428,45.9635941],[6.8872453,45.9637237],[6.8870306,45.9639852],[6.8869233,45.9641129],[6.8867937,45.9644425],[6.8865609,45.9649586],[6.8865985,45.9651637],[6.8867562,45.9653821],[6.8863924,45.9653059],[6.8860762,45.9660518],[6.885799,45.9660322],[6.8856019,45.9659246],[6.8857549,45.9654944],[6.8860647,45.9647504],[6.8865749,45.9639813],[6.8869477,45.9635276],[6.8873522,45.9632033],[6.8879587,45.9628706],[6.8880896,45.9632332],[6.8882467,45.9633537],[6.8885651,45.9634984]]}},{"type":"Feature","id":1487592750,"properties":{"kind":"run","name":"Sources","subtype":"easy","pisteType":"downhill","featured":false},"geometry":{"type":"LineString","coordinates":[[6.8639665,45.9480067],[6.8640418,45.9479462],[6.8641967,45.9478595],[6.8644803,45.9476823],[6.8646406,45.9475984],[6.8647905,45.947513]]}},{"type":"Feature","id":1490942037,"properties":{"kind":"run","name":"La Vallée Noire","subtype":"expert","pisteType":"downhill","featured":false},"geometry":{"type":"LineString","coordinates":[[6.9385272,45.8817828],[6.9385743,45.8819574],[6.9386065,45.8824429],[6.9387996,45.8831599],[6.9388854,45.8838246],[6.9386709,45.8840935],[6.938526,45.8843997],[6.9383115,45.8847619],[6.9378823,45.8852473],[6.93748,45.8854788],[6.936788,45.8857738],[6.9365956,45.8858608]]}},{"type":"Feature","id":1491157576,"properties":{"kind":"run","name":"Vers la Brèche Puiseux","subtype":"unknown","pisteType":"skitour","featured":false},"geometry":{"type":"LineString","coordinates":[[6.9340278,45.881753],[6.9351739,45.8816227],[6.9363699,45.8814105],[6.9366592,45.881515],[6.9372245,45.8814701],[6.9376917,45.8816574],[6.9385272,45.8817828]]}},{"type":"Feature","id":1501346555,"properties":{"kind":"run","name":"Mapped ski run","subtype":"expert","pisteType":"downhill","featured":false},"geometry":{"type":"LineString","coordinates":[[6.9156433,45.7706665],[6.9155628,45.770655],[6.9153856,45.7706465],[6.9148282,45.7704688],[6.9139271,45.7702731],[6.9127471,45.7701],[6.9123435,45.7698944],[6.9101555,45.7684216],[6.9097222,45.768246],[6.9095372,45.7682587],[6.9091704,45.7681698],[6.9085946,45.7677628],[6.9081963,45.7676862],[6.9077097,45.7674328],[6.9073274,45.767084],[6.9071991,45.7670447],[6.9069817,45.7669947],[6.9065804,45.7669189],[6.9048932,45.7663234],[6.9040226,45.7661742],[6.9025898,45.7661653],[6.9018246,45.7662211],[6.9005425,45.7665647],[6.8988175,45.7671361],[6.8977627,45.7675618],[6.8976029,45.7676905],[6.8971222,45.7679343],[6.8952485,45.769084],[6.8946726,45.7693566],[6.8932231,45.7703263],[6.8925733,45.7709457],[6.8922164,45.7716117],[6.8920982,45.7723772],[6.8921334,45.7724252],[6.8919769,45.7730756],[6.8921385,45.7734235],[6.8922035,45.7737143],[6.8921056,45.7737823],[6.8915642,45.7736885],[6.8913639,45.7738211],[6.8911397,45.7739607],[6.8910433,45.7739713],[6.8908069,45.774067],[6.8907436,45.7741171],[6.8906779,45.7741936],[6.8906011,45.7745449],[6.8905419,45.7747931],[6.8904365,45.7750833],[6.8903942,45.7753651],[6.8902471,45.7756185],[6.890201,45.7757849],[6.8900045,45.7758803],[6.8897806,45.7760381],[6.8897028,45.7761837],[6.88963,45.7763578],[6.8895727,45.7764614],[6.8894436,45.776675],[6.8893958,45.7769985],[6.889361,45.7771633],[6.8893534,45.7772982],[6.8891708,45.7773914],[6.88894,45.7775433],[6.8888083,45.7776635],[6.8887501,45.7777095],[6.8886268,45.7778831],[6.8884833,45.7782502],[6.8884995,45.7784363],[6.8885348,45.7788215],[6.8887824,45.7791802],[6.8888166,45.7794007],[6.8889437,45.7795804],[6.889008,45.7796692]]}},{"type":"Feature","id":1503330892,"properties":{"kind":"lift","name":"Maison Vieille","subtype":"gondola","status":"active"},"geometry":{"type":"LineString","coordinates":[[6.9431477,45.7905361],[6.9333137,45.7909197]]}},{"type":"Feature","id":1525842703,"properties":{"kind":"lift","name":"Floria","subtype":"platter","status":"active"},"geometry":{"type":"LineString","coordinates":[[6.8762896,45.9706425],[6.8762179,45.9713241],[6.8761493,45.9719756],[6.8761226,45.9722299],[6.8760032,45.9733645],[6.8758207,45.9734814],[6.8752569,45.9738426],[6.8750602,45.973972]]}},{"type":"Feature","id":1537478203,"properties":{"kind":"run","name":"Mapped ski run","subtype":"easy","pisteType":"nordic","featured":false},"geometry":{"type":"LineString","coordinates":[[7.0092838,45.841888],[7.0091927,45.8417901]]}},{"type":"Feature","id":1537478204,"properties":{"kind":"run","name":"Mapped ski run","subtype":"easy","pisteType":"nordic","featured":false},"geometry":{"type":"LineString","coordinates":[[7.0091927,45.8417901],[7.009048,45.8417133]]}},{"type":"Feature","id":1544612931,"properties":{"kind":"run","name":"Mapped ski run","subtype":"novice","pisteType":"downhill","featured":false},"geometry":{"type":"LineString","coordinates":[[6.9477927,46.0040085],[6.9481315,46.0035459]]}},{"type":"Feature","id":1544612932,"properties":{"kind":"run","name":"Mapped ski run","subtype":"novice","pisteType":"downhill","featured":false},"geometry":{"type":"LineString","coordinates":[[6.9484205,46.0039517],[6.9478688,46.0040677]]}}]}