{"type":"FeatureCollection","features":[{"type":"Feature","id":"building-194602092","properties":{"kind":"building","name":"Alpine building","height":7.2},"geometry":{"type":"Polygon","coordinates":[[[140.6705034,42.8550394],[140.6706041,42.8550902],[140.6707107,42.8549766],[140.67061,42.8549258],[140.6705034,42.8550394]]]}},{"type":"Feature","id":"building-194602116","properties":{"kind":"building","name":"Alpine building","height":7.2},"geometry":{"type":"Polygon","coordinates":[[[140.6676853,42.8620637],[140.6678814,42.8621029],[140.6679683,42.8618691],[140.6677723,42.8618299],[140.6676853,42.8620637]]]}},{"type":"Feature","id":"building-194602111","properties":{"kind":"building","name":"The Lookout Cafe","height":7.2},"geometry":{"type":"Polygon","coordinates":[[[140.666155,42.8619725],[140.6662228,42.8620146],[140.6664822,42.8617902],[140.6664145,42.8617481],[140.666155,42.8619725]]]}},{"type":"Feature","id":"building-194602168","properties":{"kind":"building","name":"Alpine building","height":7.2},"geometry":{"type":"Polygon","coordinates":[[[140.6656174,42.8626078],[140.6657664,42.8626277],[140.665807,42.862464],[140.665658,42.8624441],[140.6656174,42.8626078]]]}},{"type":"Feature","id":"building-194602162","properties":{"kind":"building","name":"Alpine building","height":7.2},"geometry":{"type":"Polygon","coordinates":[[[140.6656653,42.8629714],[140.6658019,42.8630101],[140.6658856,42.8628512],[140.665749,42.8628126],[140.6656653,42.8629714]]]}},{"type":"Feature","id":"building-194602281","properties":{"kind":"building","name":"Alpine building","height":7.2},"geometry":{"type":"Polygon","coordinates":[[[140.6593618,42.8595923],[140.6594691,42.8595597],[140.6593892,42.8594184],[140.6592818,42.859451],[140.6593618,42.8595923]]]}},{"type":"Feature","id":"building-194602112","properties":{"kind":"building","name":"Alpine building","height":7.2},"geometry":{"type":"Polygon","coordinates":[[[140.6591571,42.8605325],[140.6592608,42.8604724],[140.6591296,42.8603507],[140.6590258,42.8604108],[140.6591571,42.8605325]]]}},{"type":"Feature","id":"building-194602275","properties":{"kind":"building","name":"Alpine building","height":7.2},"geometry":{"type":"Polygon","coordinates":[[[140.6621126,42.8638363],[140.6622014,42.8638424],[140.6622175,42.8637177],[140.6621287,42.8637115],[140.6621126,42.8638363]]]}},{"type":"Feature","id":"building-194602175","properties":{"kind":"building","name":"Alpine building","height":7.2},"geometry":{"type":"Polygon","coordinates":[[[140.6670404,42.8657997],[140.6671763,42.8658635],[140.6674276,42.8655761],[140.6672916,42.8655123],[140.6670404,42.8657997]]]}},{"type":"Feature","id":"building-194602134","properties":{"kind":"building","name":"Alpine building","height":7.2},"geometry":{"type":"Polygon","coordinates":[[[140.6771531,42.8498642],[140.6772895,42.8497998],[140.6772402,42.8497437],[140.6771038,42.849808],[140.6771531,42.8498642]]]}},{"type":"Feature","id":"building-194602288","properties":{"kind":"building","name":"Alpine building","height":7.2},"geometry":{"type":"Polygon","coordinates":[[[140.6615763,42.8641558],[140.6616799,42.8641271],[140.6616219,42.8640145],[140.6615183,42.8640431],[140.6615763,42.8641558]]]}},{"type":"Feature","id":"building-1106776595","properties":{"kind":"building","name":"Alpine building","height":7.2},"geometry":{"type":"Polygon","coordinates":[[[140.6763412,42.8487968],[140.6764823,42.8489319],[140.6767497,42.8487818],[140.6766166,42.8486543],[140.6765587,42.8486868],[140.6765436,42.8486724],[140.6766278,42.8486252],[140.6765649,42.848565],[140.6763304,42.8486965],[140.6764003,42.8487636],[140.6763412,42.8487968]]]}},{"type":"Feature","id":"building-194602280","properties":{"kind":"building","name":"Alpine building","height":7.2},"geometry":{"type":"Polygon","coordinates":[[[140.6611189,42.8646056],[140.6613792,42.8644898],[140.6611574,42.864222],[140.6608971,42.8643378],[140.6611189,42.8646056]]]}},{"type":"Feature","id":"building-194602174","properties":{"kind":"building","name":"Alpine building","height":7.2},"geometry":{"type":"Polygon","coordinates":[[[140.6688391,42.8670642],[140.6689871,42.866986],[140.6689237,42.8669216],[140.6687758,42.8669998],[140.6688391,42.8670642]]]}},{"type":"Feature","id":"building-194602181","properties":{"kind":"building","name":"Alpine building","height":7.2},"geometry":{"type":"Polygon","coordinates":[[[140.6687887,42.8676877],[140.6689565,42.8676971],[140.6689655,42.867611],[140.6687976,42.8676016],[140.6687887,42.8676877]]]}},{"type":"Feature","id":"building-331232932","properties":{"kind":"building","name":"1000mヒュッテ","height":7.2},"geometry":{"type":"Polygon","coordinates":[[[140.669127,42.8681533],[140.6692647,42.868156],[140.6692694,42.8680281],[140.6691317,42.8680254],[140.669127,42.8681533]]]}},{"type":"Feature","id":"building-194602251","properties":{"kind":"building","name":"Alpine building","height":7.2},"geometry":{"type":"Polygon","coordinates":[[[140.677223,42.8473193],[140.6773393,42.8473753],[140.6774644,42.8472356],[140.6773481,42.8471796],[140.677223,42.8473193]]]}},{"type":"Feature","id":"building-194714251","properties":{"kind":"building","name":"Alpine building","height":7.2},"geometry":{"type":"Polygon","coordinates":[[[140.6752362,42.8463641],[140.6755469,42.846509],[140.6755983,42.8464497],[140.6756433,42.8464707],[140.6756626,42.8464484],[140.6756178,42.8464275],[140.6752755,42.8462679],[140.6752377,42.8463115],[140.6752692,42.8463261],[140.6752362,42.8463641]]]}},{"type":"Feature","id":"building-194602234","properties":{"kind":"building","name":"Alpine building","height":7.2},"geometry":{"type":"Polygon","coordinates":[[[140.668289,42.8456878],[140.6687068,42.8457207],[140.6687168,42.8456523],[140.6682991,42.8456194],[140.668289,42.8456878]]]}},{"type":"Feature","id":"building-194714244","properties":{"kind":"building","name":"The Green Leaf Niseko Village, Tapestry Collection by Hilton","height":7.2},"geometry":{"type":"Polygon","coordinates":[[[140.6760001,42.8466137],[140.6770276,42.8470747],[140.6771491,42.8469291],[140.6761656,42.8464879],[140.6762611,42.8463734],[140.6763694,42.846422],[140.676446,42.8463301],[140.6763377,42.8462816],[140.6764189,42.8461843],[140.6762842,42.8461239],[140.6760309,42.8464275],[140.675775,42.8463127],[140.6756626,42.8464484],[140.6756433,42.8464707],[140.6756173,42.8465017],[140.6759639,42.8466571],[140.6760001,42.8466137]]]}},{"type":"Feature","id":"building-194602227","properties":{"kind":"building","name":"Alpine building","height":7.2},"geometry":{"type":"Polygon","coordinates":[[[140.6665283,42.8454753],[140.667001,42.8455242],[140.6670203,42.8454239],[140.6665476,42.845375],[140.6665283,42.8454753]]]}},{"type":"Feature","id":"building-1108042065","properties":{"kind":"building","name":"Alpine building","height":7.2},"geometry":{"type":"Polygon","coordinates":[[[140.667227,42.8452101],[140.6673034,42.8452161],[140.667318,42.8451162],[140.6672416,42.8451102],[140.667227,42.8452101]]]}},{"type":"Feature","id":"building-194602286","properties":{"kind":"building","name":"Alpine building","height":7.2},"geometry":{"type":"Polygon","coordinates":[[[140.6735479,42.8454165],[140.6737747,42.8454581],[140.6738738,42.8451672],[140.673647,42.8451257],[140.6735479,42.8454165]]]}},{"type":"Feature","id":"building-662795458","properties":{"kind":"building","name":"Kasara Townhouses","height":7.2},"geometry":{"type":"Polygon","coordinates":[[[140.6766189,42.8460314],[140.6768688,42.8461436],[140.6770642,42.8459095],[140.6768143,42.8457974],[140.6766189,42.8460314]]]}},{"type":"Feature","id":"building-194602072","properties":{"kind":"building","name":"Mandala Club Niseko","height":7.2},"geometry":{"type":"Polygon","coordinates":[[[140.6739698,42.8452914],[140.6743009,42.8453518],[140.6743362,42.8452476],[140.6740052,42.8451872],[140.6739698,42.8452914]]]}},{"type":"Feature","id":"building-194602163","properties":{"kind":"building","name":"Alpine building","height":7.2},"geometry":{"type":"Polygon","coordinates":[[[140.6536001,42.8554424],[140.6536948,42.8553961],[140.6535759,42.8552654],[140.6534812,42.8553116],[140.6536001,42.8554424]]]}},{"type":"Feature","id":"building-194602105","properties":{"kind":"building","name":"Alpine building","height":7.2},"geometry":{"type":"Polygon","coordinates":[[[140.6533422,42.8570768],[140.6534726,42.8570249],[140.6533276,42.8568293],[140.6531972,42.8568812],[140.6533422,42.8570768]]]}},{"type":"Feature","id":"building-662795457","properties":{"kind":"building","name":"Kasara Townhouses","height":7.2},"geometry":{"type":"Polygon","coordinates":[[[140.6768335,42.8457837],[140.6770876,42.8458976],[140.677268,42.8456814],[140.677014,42.8455674],[140.6768335,42.8457837]]]}},{"type":"Feature","id":"building-194602155","properties":{"kind":"building","name":"Alpine building","height":7.2},"geometry":{"type":"Polygon","coordinates":[[[140.6531394,42.8559391],[140.653229,42.8559026],[140.653159,42.8558101],[140.6530694,42.8558466],[140.6531394,42.8559391]]]}},{"type":"Feature","id":"building-194602171","properties":{"kind":"building","name":"Alpine building","height":7.2},"geometry":{"type":"Polygon","coordinates":[[[140.6665374,42.8447714],[140.6667569,42.8447886],[140.6667873,42.8445807],[140.6665678,42.8445635],[140.6665374,42.8447714]]]}},{"type":"Feature","id":"building-690319493","properties":{"kind":"building","name":"ぱらだいすヒュッテ","height":7.2},"geometry":{"type":"Polygon","coordinates":[[[140.6524141,42.8563215],[140.6523392,42.8563008],[140.6523262,42.8562429],[140.6523881,42.8562057],[140.652463,42.8562264],[140.652476,42.8562843],[140.6524141,42.8563215]]]}},{"type":"Feature","id":"building-194602125","properties":{"kind":"building","name":"Alpine building","height":7.2},"geometry":{"type":"Polygon","coordinates":[[[140.6793512,42.8681053],[140.679502,42.8681053],[140.679502,42.8680469],[140.6793512,42.8680469],[140.6793512,42.8681053]]]}},{"type":"Feature","id":"building-1490095916","properties":{"kind":"building","name":"Alpine building","height":7.2},"geometry":{"type":"Polygon","coordinates":[[[140.6799388,42.8680209],[140.680359,42.8678912],[140.6802129,42.8676368],[140.6797927,42.8677664],[140.6799388,42.8680209]]]}},{"type":"Feature","id":"building-1106776580","properties":{"kind":"building","name":"Hinode Hills Niseko Village","height":7.2},"geometry":{"type":"Polygon","coordinates":[[[140.6757396,42.8442758],[140.6754636,42.8443239],[140.6756097,42.8447745],[140.6758857,42.8447264],[140.6757396,42.8442758]]]}},{"type":"Feature","id":"building-194602216","properties":{"kind":"building","name":"Alpine building","height":7.2},"geometry":{"type":"Polygon","coordinates":[[[140.6614708,42.8688792],[140.6616305,42.8688898],[140.6616452,42.8687709],[140.6614856,42.8687602],[140.6614708,42.8688792]]]}},{"type":"Feature","id":"building-194602224","properties":{"kind":"building","name":"Alpine building","height":7.2},"geometry":{"type":"Polygon","coordinates":[[[140.6621897,42.8692678],[140.6622958,42.869297],[140.6623628,42.8691661],[140.6622568,42.869137],[140.6621897,42.8692678]]]}},{"type":"Feature","id":"building-1108042036","properties":{"kind":"building","name":"Alpine building","height":7.2},"geometry":{"type":"Polygon","coordinates":[[[140.675683,42.8441589],[140.6757238,42.8441524],[140.6757097,42.8441052],[140.6756689,42.8441117],[140.675683,42.8441589]]]}},{"type":"Feature","id":"building-194602133","properties":{"kind":"building","name":"Rest House Ace Hill","height":7.2},"geometry":{"type":"Polygon","coordinates":[[[140.6799139,42.8684529],[140.6803283,42.8684817],[140.6803535,42.8682874],[140.6802104,42.8682775],[140.6802149,42.8682426],[140.6800641,42.8682321],[140.6800595,42.868267],[140.6799391,42.8682586],[140.6799139,42.8684529]]]}},{"type":"Feature","id":"building-194714411","properties":{"kind":"building","name":"Alpine building","height":7.2},"geometry":{"type":"Polygon","coordinates":[[[140.6745572,42.8437422],[140.6747797,42.8437867],[140.6748971,42.8434719],[140.6746745,42.8434273],[140.6745572,42.8437422]]]}},{"type":"Feature","id":"building-1108042037","properties":{"kind":"building","name":"Alpine building","height":7.2},"geometry":{"type":"Polygon","coordinates":[[[140.6719218,42.8428692],[140.6720737,42.8429216],[140.672127,42.8428387],[140.6719741,42.8427859],[140.6719218,42.8428692]]]}},{"type":"Feature","id":"building-1108042038","properties":{"kind":"building","name":"Alpine building","height":7.2},"geometry":{"type":"Polygon","coordinates":[[[140.6719741,42.8427859],[140.6718228,42.8427337],[140.671763,42.842827],[140.6719152,42.8428795],[140.6719218,42.8428692],[140.6719741,42.8427859]]]}},{"type":"Feature","id":"building-1108042058","properties":{"kind":"building","name":"Alpine building","height":7.2},"geometry":{"type":"Polygon","coordinates":[[[140.6715636,42.8427425],[140.6716541,42.8427742],[140.6717239,42.8426674],[140.6716333,42.8426356],[140.6715636,42.8427425]]]}},{"type":"Feature","id":"building-194714394","properties":{"kind":"building","name":"Alpine building","height":7.2},"geometry":{"type":"Polygon","coordinates":[[[140.6713719,42.8426705],[140.6714881,42.8427114],[140.6715472,42.8426208],[140.671431,42.8425801],[140.6713719,42.8426705]]]}},{"type":"Feature","id":"building-1108042057","properties":{"kind":"building","name":"Alpine building","height":7.2},"geometry":{"type":"Polygon","coordinates":[[[140.6717115,42.8426444],[140.6717753,42.8425468],[140.6716632,42.8425074],[140.6715994,42.8426051],[140.6717115,42.8426444]]]}},{"type":"Feature","id":"building-1108042059","properties":{"kind":"building","name":"Alpine building","height":7.2},"geometry":{"type":"Polygon","coordinates":[[[140.6709959,42.842357],[140.6709463,42.8424366],[140.6713043,42.8425565],[140.6713539,42.8424769],[140.6709959,42.842357]]]}},{"type":"Feature","id":"building-194602206","properties":{"kind":"building","name":"Alpine building","height":7.2},"geometry":{"type":"Polygon","coordinates":[[[140.6657485,42.8713389],[140.6661665,42.8713083],[140.6661504,42.8711898],[140.6657323,42.8712205],[140.6657485,42.8713389]]]}},{"type":"Feature","id":"building-194602182","properties":{"kind":"building","name":"Alpine building","height":7.2},"geometry":{"type":"Polygon","coordinates":[[[140.6841108,42.8470014],[140.6843946,42.8471364],[140.6846392,42.8467982],[140.6843846,42.8466771],[140.6842586,42.8468263],[140.6841108,42.8470014]]]}},{"type":"Feature","id":"building-194714315","properties":{"kind":"building","name":"Alpine building","height":7.2},"geometry":{"type":"Polygon","coordinates":[[[140.6718028,42.8424675],[140.6718835,42.8424957],[140.6719042,42.8424639],[140.6718235,42.8424357],[140.6718028,42.8424675]]]}},{"type":"Feature","id":"building-1108042028","properties":{"kind":"building","name":"Alpine building","height":7.2},"geometry":{"type":"Polygon","coordinates":[[[140.6819205,42.8456304],[140.6822838,42.8454342],[140.682319,42.8454693],[140.6823526,42.8454511],[140.6822815,42.8453803],[140.6824012,42.8453156],[140.6823752,42.8452897],[140.6822591,42.8453524],[140.6822107,42.8453042],[140.6820018,42.8454171],[140.6820501,42.8454652],[140.6818585,42.8455687],[140.6819205,42.8456304]]]}},{"type":"Feature","id":"building-1108042056","properties":{"kind":"building","name":"Alpine building","height":7.2},"geometry":{"type":"Polygon","coordinates":[[[140.6717495,42.8424122],[140.6717919,42.8423471],[140.671702,42.8423155],[140.6716596,42.8423806],[140.6717495,42.8424122]]]}},{"type":"Feature","id":"building-1106776589","properties":{"kind":"building","name":"Alpine building","height":7.2},"geometry":{"type":"Polygon","coordinates":[[[140.6832294,42.8459262],[140.6833427,42.8458798],[140.683488,42.8460706],[140.683408,42.8461034],[140.6834216,42.8461213],[140.6833116,42.8461663],[140.683193,42.8460107],[140.6832698,42.8459792],[140.6832294,42.8459262]]]}},{"type":"Feature","id":"building-1106776588","properties":{"kind":"building","name":"Alpine building","height":7.2},"geometry":{"type":"Polygon","coordinates":[[[140.6831361,42.8457611],[140.6832771,42.8458369],[140.6831527,42.8459612],[140.6830631,42.8459131],[140.6830841,42.845892],[140.6830327,42.8458644],[140.6831361,42.8457611]]]}},{"type":"Feature","id":"building-194714293","properties":{"kind":"building","name":"Alpine building","height":7.2},"geometry":{"type":"Polygon","coordinates":[[[140.6701344,42.8422674],[140.6702912,42.8423211],[140.6703608,42.8422118],[140.670204,42.8421581],[140.6701344,42.8422674]]]}},{"type":"Feature","id":"building-1106776593","properties":{"kind":"building","name":"Alpine building","height":7.2},"geometry":{"type":"Polygon","coordinates":[[[140.6830429,42.8456052],[140.6831209,42.8456456],[140.6830085,42.8457623],[140.6829379,42.8457257],[140.6828821,42.8457836],[140.6828,42.8457411],[140.6829213,42.8456151],[140.6829961,42.8456538],[140.6830429,42.8456052]]]}},{"type":"Feature","id":"building-1108042055","properties":{"kind":"building","name":"Alpine building","height":7.2},"geometry":{"type":"Polygon","coordinates":[[[140.6714887,42.8423277],[140.6715808,42.8421722],[140.6714976,42.8421457],[140.6714055,42.8423011],[140.6714887,42.8423277]]]}},{"type":"Feature","id":"building-1108042054","properties":{"kind":"building","name":"Alpine building","height":7.2},"geometry":{"type":"Polygon","coordinates":[[[140.6713312,42.8422764],[140.6714288,42.8421227],[140.6713465,42.8420946],[140.6712489,42.8422483],[140.6713312,42.8422764]]]}},{"type":"Feature","id":"building-1106776590","properties":{"kind":"building","name":"Alpine building","height":7.2},"geometry":{"type":"Polygon","coordinates":[[[140.6834062,42.8458363],[140.6835669,42.8460569],[140.6836678,42.8460175],[140.6835071,42.8457968],[140.6834062,42.8458363]]]}},{"type":"Feature","id":"building-1108042053","properties":{"kind":"building","name":"Alpine building","height":7.2},"geometry":{"type":"Polygon","coordinates":[[[140.6711719,42.8422256],[140.6712694,42.842072],[140.6711872,42.8420439],[140.6710896,42.8421975],[140.6711719,42.8422256]]]}},{"type":"Feature","id":"building-194602236","properties":{"kind":"building","name":"Alpine building","height":7.2},"geometry":{"type":"Polygon","coordinates":[[[140.6623068,42.8708311],[140.6623552,42.8708809],[140.6624875,42.8708116],[140.6624391,42.8707619],[140.6623068,42.8708311]]]}},{"type":"Feature","id":"building-193442749","properties":{"kind":"building","name":"Alpine building","height":7.2},"geometry":{"type":"Polygon","coordinates":[[[140.6808752,42.8696101],[140.6811962,42.869547],[140.6811679,42.8694697],[140.6808469,42.8695329],[140.6808752,42.8696101]]]}},{"type":"Feature","id":"building-1108042052","properties":{"kind":"building","name":"Alpine building","height":7.2},"geometry":{"type":"Polygon","coordinates":[[[140.6710164,42.8421686],[140.6711139,42.8420149],[140.6710316,42.8419869],[140.6709341,42.8421405],[140.6710164,42.8421686]]]}},{"type":"Feature","id":"building-1106776591","properties":{"kind":"building","name":"Alpine building","height":7.2},"geometry":{"type":"Polygon","coordinates":[[[140.6831969,42.8457117],[140.683388,42.8458235],[140.6834681,42.8457499],[140.6833918,42.8457052],[140.6834349,42.8456656],[140.6833662,42.8456253],[140.6833208,42.845667],[140.6832749,42.8456401],[140.6831969,42.8457117]]]}},{"type":"Feature","id":"building-1108042051","properties":{"kind":"building","name":"Alpine building","height":7.2},"geometry":{"type":"Polygon","coordinates":[[[140.6708553,42.8421131],[140.6709445,42.8419568],[140.6708608,42.8419311],[140.6707716,42.8420874],[140.6708553,42.8421131]]]}},{"type":"Feature","id":"building-1106776592","properties":{"kind":"building","name":"Alpine building","height":7.2},"geometry":{"type":"Polygon","coordinates":[[[140.683107,42.8455309],[140.6832064,42.8455852],[140.6832419,42.8455502],[140.6833138,42.8455895],[140.6833928,42.8455119],[140.6832215,42.8454183],[140.683107,42.8455309]]]}},{"type":"Feature","id":"building-194602195","properties":{"kind":"building","name":"Alpine building","height":7.2},"geometry":{"type":"Polygon","coordinates":[[[140.6797658,42.8702677],[140.6800756,42.8702147],[140.6800492,42.8701318],[140.6797394,42.8701849],[140.6797658,42.8702677]]]}},{"type":"Feature","id":"building-1106776587","properties":{"kind":"building","name":"Alpine building","height":7.2},"geometry":{"type":"Polygon","coordinates":[[[140.6835166,42.8455952],[140.6835385,42.8457353],[140.6836757,42.8457237],[140.6836538,42.8455837],[140.6835166,42.8455952]]]}},{"type":"Feature","id":"building-616199591","properties":{"kind":"building","name":"Hilton Niseko Village","height":7.2},"geometry":{"type":"Polygon","coordinates":[[[140.6849554,42.846891],[140.6848441,42.8468742],[140.6847301,42.8468212],[140.6846912,42.8467523],[140.6846859,42.8467248],[140.6846081,42.8466609],[140.6845544,42.8465852],[140.6844498,42.8465734],[140.6843707,42.8465439],[140.6843157,42.8464888],[140.6842178,42.8464072],[140.6845611,42.8462273],[140.6848468,42.8461378],[140.6849983,42.8461417],[140.6850922,42.846183],[140.6851767,42.8462332],[140.6852438,42.8463187],[140.6852666,42.8463767],[140.685288,42.8464564],[140.6852733,42.8465714],[140.6851821,42.8466835],[140.6851204,42.8467789],[140.6850426,42.8468536],[140.6849554,42.846891]]]}},{"type":"Feature","id":"building-1108042045","properties":{"kind":"building","name":"Alpine building","height":7.2},"geometry":{"type":"Polygon","coordinates":[[[140.671427,42.8419519],[140.6715952,42.8420081],[140.671648,42.8419234],[140.6714798,42.8418671],[140.671427,42.8419519]]]}},{"type":"Feature","id":"building-1108042050","properties":{"kind":"building","name":"Alpine building","height":7.2},"geometry":{"type":"Polygon","coordinates":[[[140.6710093,42.8418599],[140.6711661,42.841908],[140.6712138,42.8418245],[140.671057,42.8417764],[140.6710093,42.8418599]]]}},{"type":"Feature","id":"building-194602217","properties":{"kind":"building","name":"Alpine building","height":7.2},"geometry":{"type":"Polygon","coordinates":[[[140.650482,42.8518633],[140.6506116,42.8518228],[140.6505275,42.8516782],[140.6503979,42.8517187],[140.650482,42.8518633]]]}},{"type":"Feature","id":"building-1108042044","properties":{"kind":"building","name":"Alpine building","height":7.2},"geometry":{"type":"Polygon","coordinates":[[[140.6715095,42.8418413],[140.6716722,42.8418957],[140.6717229,42.8418142],[140.6715603,42.8417598],[140.6715095,42.8418413]]]}},{"type":"Feature","id":"building-1014246117","properties":{"kind":"building","name":"Alpine building","height":7.2},"geometry":{"type":"Polygon","coordinates":[[[140.6642,42.8424184],[140.6641266,42.8423826],[140.6641931,42.8423094],[140.6642901,42.8423568],[140.6642,42.8424184]]]}},{"type":"Feature","id":"building-194714328","properties":{"kind":"building","name":"Alpine building","height":7.2},"geometry":{"type":"Polygon","coordinates":[[[140.6705141,42.8417933],[140.6706602,42.8418403],[140.6707198,42.8417407],[140.6705736,42.8416937],[140.6705141,42.8417933]]]}},{"type":"Feature","id":"building-1106776594","properties":{"kind":"building","name":"Alpine building","height":7.2},"geometry":{"type":"Polygon","coordinates":[[[140.6819273,42.8445028],[140.6819745,42.8445685],[140.6820559,42.8445371],[140.6820087,42.8444714],[140.6819273,42.8445028]]]}},{"type":"Feature","id":"building-1108042049","properties":{"kind":"building","name":"Alpine building","height":7.2},"geometry":{"type":"Polygon","coordinates":[[[140.6710723,42.8417453],[140.6712347,42.8417952],[140.6712822,42.8417119],[140.6711198,42.8416621],[140.6710723,42.8417453]]]}},{"type":"Feature","id":"building-194602232","properties":{"kind":"building","name":"Alpine building","height":7.2},"geometry":{"type":"Polygon","coordinates":[[[140.6683008,42.8722809],[140.6685594,42.8723074],[140.6685679,42.8722632],[140.6683092,42.8722367],[140.6683008,42.8722809]]]}},{"type":"Feature","id":"building-1108042043","properties":{"kind":"building","name":"Alpine building","height":7.2},"geometry":{"type":"Polygon","coordinates":[[[140.6715721,42.8417342],[140.6717463,42.8417925],[140.6717969,42.8417113],[140.6716227,42.841653],[140.6715721,42.8417342]]]}},{"type":"Feature","id":"building-1108042066","properties":{"kind":"building","name":"Alpine building","height":7.2},"geometry":{"type":"Polygon","coordinates":[[[140.6722941,42.8416659],[140.6722634,42.8417106],[140.6723098,42.8417278],[140.6723008,42.8417408],[140.6723602,42.8417627],[140.6723656,42.8417548],[140.6724059,42.8417697],[140.6724402,42.8417198],[140.6722941,42.8416659]]]}},{"type":"Feature","id":"building-1108042048","properties":{"kind":"building","name":"Alpine building","height":7.2},"geometry":{"type":"Polygon","coordinates":[[[140.6711213,42.8416445],[140.6712655,42.8416888],[140.6712849,42.8416549],[140.6711406,42.8416106],[140.6711213,42.8416445]]]}},{"type":"Feature","id":"building-1114791646","properties":{"kind":"building","name":"Alpine building","height":7.2},"geometry":{"type":"Polygon","coordinates":[[[140.6816747,42.869761],[140.6816536,42.8696267],[140.6821304,42.8695865],[140.6821515,42.8697208],[140.6816747,42.869761]]]}},{"type":"Feature","id":"building-194714416","properties":{"kind":"building","name":"ブラックダイヤモンドロッジ","height":7.2},"geometry":{"type":"Polygon","coordinates":[[[140.6725075,42.8417388],[140.6727843,42.8418292],[140.6728337,42.8417481],[140.6725568,42.8416576],[140.6724849,42.8416838],[140.6725075,42.8417388]]]}},{"type":"Feature","id":"building-194714309","properties":{"kind":"building","name":"Alpine building","height":7.2},"geometry":{"type":"Polygon","coordinates":[[[140.6700344,42.8416255],[140.6701312,42.8416556],[140.6701887,42.841556],[140.6700918,42.8415259],[140.6700344,42.8416255]]]}},{"type":"Feature","id":"building-194602248","properties":{"kind":"building","name":"Alpine building","height":7.2},"geometry":{"type":"Polygon","coordinates":[[[140.6687194,42.8724337],[140.6689365,42.8723896],[140.6689169,42.8723379],[140.6686999,42.872382],[140.6687194,42.8724337]]]}},{"type":"Feature","id":"building-1108042047","properties":{"kind":"building","name":"Alpine building","height":7.2},"geometry":{"type":"Polygon","coordinates":[[[140.6711548,42.8416023],[140.6713293,42.8416558],[140.6713613,42.8415998],[140.6711868,42.8415462],[140.6711548,42.8416023]]]}},{"type":"Feature","id":"building-1108042042","properties":{"kind":"building","name":"Alpine building","height":7.2},"geometry":{"type":"Polygon","coordinates":[[[140.6716651,42.8416265],[140.6718187,42.8416779],[140.671868,42.8415986],[140.6717144,42.8415472],[140.6716651,42.8416265]]]}},{"type":"Feature","id":"building-1014239619","properties":{"kind":"building","name":"Alpine building","height":7.2},"geometry":{"type":"Polygon","coordinates":[[[140.6733162,42.8417483],[140.6733004,42.8416856],[140.6734221,42.8416691],[140.6734379,42.8417319],[140.6733162,42.8417483]]]}},{"type":"Feature","id":"building-193442726","properties":{"kind":"building","name":"Alpine building","height":7.2},"geometry":{"type":"Polygon","coordinates":[[[140.6818394,42.8698233],[140.682109,42.8698045],[140.6821015,42.8697468],[140.6818319,42.8697655],[140.6818394,42.8698233]]]}},{"type":"Feature","id":"building-1014239620","properties":{"kind":"building","name":"Alpine building","height":7.2},"geometry":{"type":"Polygon","coordinates":[[[140.6734759,42.8417398],[140.6734605,42.8416805],[140.673513,42.8416732],[140.6735284,42.8417325],[140.6734759,42.8417398]]]}},{"type":"Feature","id":"building-1108042041","properties":{"kind":"building","name":"Alpine building","height":7.2},"geometry":{"type":"Polygon","coordinates":[[[140.6718073,42.8415507],[140.6719764,42.8416072],[140.6720302,42.8415208],[140.6718611,42.8414642],[140.6718073,42.8415507]]]}},{"type":"Feature","id":"building-1108042046","properties":{"kind":"building","name":"Alpine building","height":7.2},"geometry":{"type":"Polygon","coordinates":[[[140.6712013,42.8415019],[140.6713697,42.8415583],[140.6714161,42.8414838],[140.6712476,42.8414274],[140.6712013,42.8415019]]]}},{"type":"Feature","id":"building-1014246116","properties":{"kind":"building","name":"Alpine building","height":7.2},"geometry":{"type":"Polygon","coordinates":[[[140.6635871,42.8421134],[140.6636295,42.8420574],[140.6637151,42.8420923],[140.6636727,42.8421483],[140.6635871,42.8421134]]]}},{"type":"Feature","id":"building-194714382","properties":{"kind":"building","name":"Alpine building","height":7.2},"geometry":{"type":"Polygon","coordinates":[[[140.6724167,42.8415316],[140.67255,42.8415742],[140.6726057,42.8414615],[140.6724831,42.8414189],[140.6724167,42.8415316]]]}},{"type":"Feature","id":"building-1108042040","properties":{"kind":"building","name":"Alpine building","height":7.2},"geometry":{"type":"Polygon","coordinates":[[[140.6717874,42.8414436],[140.6718287,42.8413772],[140.6717362,42.8413462],[140.6716949,42.8414126],[140.6717874,42.8414436]]]}},{"type":"Feature","id":"building-194714413","properties":{"kind":"building","name":"Alpine building","height":7.2},"geometry":{"type":"Polygon","coordinates":[[[140.6707485,42.8413603],[140.670922,42.8414155],[140.6709727,42.8413299],[140.6707992,42.8412747],[140.6707485,42.8413603]]]}},{"type":"Feature","id":"building-194602266","properties":{"kind":"building","name":"Alpine building","height":7.2},"geometry":{"type":"Polygon","coordinates":[[[140.6623335,42.87169],[140.6625768,42.8717004],[140.6625841,42.8716325],[140.6623409,42.8716221],[140.6623335,42.87169]]]}},{"type":"Feature","id":"building-1014246115","properties":{"kind":"building","name":"Alpine building","height":7.2},"geometry":{"type":"Polygon","coordinates":[[[140.6633096,42.842116],[140.6633131,42.8420546],[140.6634421,42.8420586],[140.6634385,42.84212],[140.6633096,42.842116]]]}},{"type":"Feature","id":"building-1108042039","properties":{"kind":"building","name":"Alpine building","height":7.2},"geometry":{"type":"Polygon","coordinates":[[[140.6713787,42.8413873],[140.6714236,42.8413151],[140.671263,42.8412614],[140.6712181,42.8413335],[140.6713787,42.8413873]]]}},{"type":"Feature","id":"building-193442784","properties":{"kind":"building","name":"Alpine building","height":7.2},"geometry":{"type":"Polygon","coordinates":[[[140.6806019,42.8708711],[140.6809131,42.870796],[140.6807725,42.870483],[140.6804612,42.8705581],[140.6806019,42.8708711]]]}},{"type":"Feature","id":"building-1014246114","properties":{"kind":"building","name":"Alpine building","height":7.2},"geometry":{"type":"Polygon","coordinates":[[[140.6630448,42.8420284],[140.6630525,42.8419337],[140.6632236,42.8419413],[140.6632158,42.8420359],[140.6630448,42.8420284]]]}},{"type":"Feature","id":"building-1108050807","properties":{"kind":"building","name":"Alpine building","height":7.2},"geometry":{"type":"Polygon","coordinates":[[[140.6844588,42.8452095],[140.6844755,42.8452],[140.6843827,42.8451117],[140.6844529,42.8450717],[140.6846383,42.845248],[140.6845681,42.845288],[140.6845143,42.8452369],[140.6844976,42.8452464],[140.6844588,42.8452095]]]}},{"type":"Feature","id":"building-194714392","properties":{"kind":"building","name":"Alpine building","height":7.2},"geometry":{"type":"Polygon","coordinates":[[[140.6700397,42.8411117],[140.6702236,42.8411745],[140.6702827,42.8410816],[140.6700987,42.8410188],[140.6700397,42.8411117]]]}},{"type":"Feature","id":"building-1108050808","properties":{"kind":"building","name":"Alpine building","height":7.2},"geometry":{"type":"Polygon","coordinates":[[[140.6842835,42.8449716],[140.684268,42.8449856],[140.6842623,42.8450032],[140.6842676,42.8450209],[140.6842828,42.8450351],[140.684305,42.8450431],[140.6843296,42.8450432],[140.6843519,42.8450355],[140.6843674,42.8450215],[140.6843731,42.8450039],[140.6843678,42.8449862],[140.6843526,42.844972],[140.6843305,42.844964],[140.6843058,42.8449639],[140.6842835,42.8449716]]]}},{"type":"Feature","id":"building-1108050806","properties":{"kind":"building","name":"Alpine building","height":7.2},"geometry":{"type":"Polygon","coordinates":[[[140.6844465,42.8450658],[140.6843962,42.8450195],[140.6843581,42.8450418],[140.6844084,42.845088],[140.6844465,42.8450658]]]}},{"type":"Feature","id":"building-194714363","properties":{"kind":"building","name":"Alpine building","height":7.2},"geometry":{"type":"Polygon","coordinates":[[[140.6797238,42.8713723],[140.6798566,42.8713512],[140.6798431,42.8713054],[140.6797102,42.8713265],[140.6797238,42.8713723]]]}},{"type":"Feature","id":"building-194714440","properties":{"kind":"building","name":"Alpine building","height":7.2},"geometry":{"type":"Polygon","coordinates":[[[140.6719998,42.8409839],[140.6721649,42.8410528],[140.6723049,42.8410346],[140.6724105,42.8409051],[140.6723291,42.8408696],[140.6722548,42.8409518],[140.6721743,42.8409656],[140.6720594,42.8409202],[140.6719998,42.8409839]]]}},{"type":"Feature","id":"building-194602238","properties":{"kind":"building","name":"Alpine building","height":7.2},"geometry":{"type":"Polygon","coordinates":[[[140.6675032,42.8730595],[140.6678549,42.8732915],[140.6679634,42.8732032],[140.6676117,42.8729711],[140.6675032,42.8730595]]]}},{"type":"Feature","id":"building-194714431","properties":{"kind":"building","name":"ペンションブルック","height":7.2},"geometry":{"type":"Polygon","coordinates":[[[140.6701527,42.8407963],[140.6703722,42.8408699],[140.6704425,42.8407572],[140.670223,42.8406836],[140.6701527,42.8407963]]]}},{"type":"Feature","id":"building-676966419","properties":{"kind":"building","name":"Alpine building","height":7.2},"geometry":{"type":"Polygon","coordinates":[[[140.672966,42.8406967],[140.6731307,42.8407571],[140.6730747,42.8408392],[140.67291,42.8407788],[140.672966,42.8406967]]]}},{"type":"Feature","id":"building-1106776584","properties":{"kind":"building","name":"Higashiyama Niseko Village, a Ritz-Carlton Reserve","height":7.2},"geometry":{"type":"Polygon","coordinates":[[[140.6824339,42.8432596],[140.6829743,42.8439732],[140.6832546,42.8438591],[140.6827867,42.8432409],[140.6826748,42.8432865],[140.6826025,42.8431909],[140.6824339,42.8432596]]]}},{"type":"Feature","id":"building-194714430","properties":{"kind":"building","name":"Alpine building","height":7.2},"geometry":{"type":"Polygon","coordinates":[[[140.6709015,42.840453],[140.6710334,42.8404972],[140.6711233,42.8403531],[140.6709914,42.8403089],[140.6709015,42.840453]]]}},{"type":"Feature","id":"building-194714283","properties":{"kind":"building","name":"リバティーハウス","height":7.2},"geometry":{"type":"Polygon","coordinates":[[[140.6724991,42.8405375],[140.6726436,42.8405869],[140.6727265,42.8404566],[140.672582,42.8404071],[140.6724991,42.8405375]]]}},{"type":"Feature","id":"building-194714317","properties":{"kind":"building","name":"Freeride Pension","height":7.2},"geometry":{"type":"Polygon","coordinates":[[[140.6727578,42.8404482],[140.6729087,42.8404857],[140.6729777,42.8403363],[140.6728268,42.8402988],[140.6727578,42.8404482]]]}},{"type":"Feature","id":"building-1455757609","properties":{"kind":"building","name":"Alpine building","height":7.2},"geometry":{"type":"Polygon","coordinates":[[[140.6629118,42.8409649],[140.663095,42.8409615],[140.6630929,42.8409008],[140.6629096,42.8409043],[140.6629118,42.8409649]]]}},{"type":"Feature","id":"building-193442710","properties":{"kind":"building","name":"Alpine building","height":7.2},"geometry":{"type":"Polygon","coordinates":[[[140.6815629,42.8717264],[140.6820739,42.8715306],[140.6819417,42.8713453],[140.6814307,42.8715411],[140.6815629,42.8717264]]]}},{"type":"Feature","id":"building-1455757610","properties":{"kind":"building","name":"Alpine building","height":7.2},"geometry":{"type":"Polygon","coordinates":[[[140.6627532,42.8409105],[140.6629097,42.8409084],[140.6629085,42.8408612],[140.6627521,42.8408633],[140.6627532,42.8409105]]]}},{"type":"Feature","id":"building-1455757608","properties":{"kind":"building","name":"Alpine building","height":7.2},"geometry":{"type":"Polygon","coordinates":[[[140.664556,42.840507],[140.6646252,42.8405623],[140.6646864,42.8405211],[140.6646172,42.8404658],[140.664556,42.840507]]]}},{"type":"Feature","id":"building-194714294","properties":{"kind":"building","name":"Alpine building","height":7.2},"geometry":{"type":"Polygon","coordinates":[[[140.6736527,42.8402888],[140.6738071,42.8403137],[140.6738468,42.8401811],[140.6736924,42.8401563],[140.6736527,42.8402888]]]}},{"type":"Feature","id":"building-1455757614","properties":{"kind":"building","name":"Alpine building","height":7.2},"geometry":{"type":"Polygon","coordinates":[[[140.6608358,42.8413044],[140.6610371,42.8413523],[140.6610745,42.8412678],[140.6608732,42.8412199],[140.6608358,42.8413044]]]}},{"type":"Feature","id":"building-194714306","properties":{"kind":"building","name":"Alpine building","height":7.2},"geometry":{"type":"Polygon","coordinates":[[[140.672853,42.840015],[140.6730266,42.8400675],[140.6731677,42.8398169],[140.672994,42.8397644],[140.672853,42.840015]]]}},{"type":"Feature","id":"building-1455757607","properties":{"kind":"building","name":"Alpine building","height":7.2},"geometry":{"type":"Polygon","coordinates":[[[140.6636966,42.8402693],[140.6638778,42.8403608],[140.6639509,42.8402831],[140.6637698,42.8401915],[140.6636966,42.8402693]]]}},{"type":"Feature","id":"building-1455757611","properties":{"kind":"building","name":"Alpine building","height":7.2},"geometry":{"type":"Polygon","coordinates":[[[140.6628098,42.8402092],[140.6630741,42.8402934],[140.6631097,42.8402333],[140.6628454,42.840149],[140.6628098,42.8402092]]]}},{"type":"Feature","id":"building-1455757612","properties":{"kind":"building","name":"Alpine building","height":7.2},"geometry":{"type":"Polygon","coordinates":[[[140.6582626,42.8414872],[140.6585268,42.8414361],[140.6588753,42.8414349],[140.658877,42.8413256],[140.6585204,42.8413386],[140.658509,42.8413113],[140.6582205,42.8413874],[140.6582626,42.8414872]]]}},{"type":"Feature","id":"building-1014239615","properties":{"kind":"building","name":"Alpine building","height":7.2},"geometry":{"type":"Polygon","coordinates":[[[140.6754387,42.8398237],[140.6753438,42.8396082],[140.6755142,42.8395678],[140.6756091,42.8397834],[140.6754387,42.8398237]]]}},{"type":"Feature","id":"building-1014246121","properties":{"kind":"building","name":"Alpine building","height":7.2},"geometry":{"type":"Polygon","coordinates":[[[140.6592892,42.8409871],[140.6592922,42.8409024],[140.6593979,42.8409044],[140.659395,42.8409891],[140.6592892,42.8409871]]]}},{"type":"Feature","id":"building-1014239616","properties":{"kind":"building","name":"Alpine building","height":7.2},"geometry":{"type":"Polygon","coordinates":[[[140.6751885,42.8395373],[140.6752294,42.8394784],[140.6753432,42.839521],[140.6753023,42.8395798],[140.6751885,42.8395373]]]}},{"type":"Feature","id":"building-1014239617","properties":{"kind":"building","name":"Alpine building","height":7.2},"geometry":{"type":"Polygon","coordinates":[[[140.6765499,42.839724],[140.6764515,42.8396706],[140.6765224,42.8396004],[140.6766208,42.8396538],[140.6765499,42.839724]]]}},{"type":"Feature","id":"building-662613352","properties":{"kind":"building","name":"Niseko East Mountain Chalets","height":7.2},"geometry":{"type":"Polygon","coordinates":[[[140.6741689,42.8393164],[140.674244,42.8393396],[140.6743003,42.8392418],[140.6742253,42.8392185],[140.6741689,42.8393164]]]}},{"type":"Feature","id":"building-1108042061","properties":{"kind":"building","name":"Alpine building","height":7.2},"geometry":{"type":"Polygon","coordinates":[[[140.6752743,42.8394375],[140.6753786,42.8394667],[140.6754031,42.8394197],[140.6752988,42.8393905],[140.6752743,42.8394375]]]}},{"type":"Feature","id":"building-662613354","properties":{"kind":"building","name":"Niseko East Mountain Chalets","height":7.2},"geometry":{"type":"Polygon","coordinates":[[[140.6740536,42.8392869],[140.6741286,42.8393101],[140.674185,42.8392123],[140.6741099,42.839189],[140.6740536,42.8392869]]]}},{"type":"Feature","id":"building-194714345","properties":{"kind":"building","name":"Niseko East Mountain Chalets","height":7.2},"geometry":{"type":"Polygon","coordinates":[[[140.6739228,42.8392423],[140.6739978,42.8392655],[140.6740541,42.8391677],[140.6739791,42.8391445],[140.6739228,42.8392423]]]}},{"type":"Feature","id":"building-194714310","properties":{"kind":"building","name":"Hooting Owl Lodge","height":7.2},"geometry":{"type":"Polygon","coordinates":[[[140.6733312,42.8391824],[140.673456,42.839225],[140.6735373,42.8390969],[140.6734126,42.8390543],[140.6733312,42.8391824]]]}},{"type":"Feature","id":"building-1108042060","properties":{"kind":"building","name":"Alpine building","height":7.2},"geometry":{"type":"Polygon","coordinates":[[[140.6753222,42.8393756],[140.675407,42.8394074],[140.675436,42.8393657],[140.6753512,42.839334],[140.6753222,42.8393756]]]}},{"type":"Feature","id":"building-1455757598","properties":{"kind":"building","name":"Alpine building","height":7.2},"geometry":{"type":"Polygon","coordinates":[[[140.6647196,42.8393298],[140.6648024,42.8393576],[140.6648384,42.8392996],[140.6647557,42.8392719],[140.6647196,42.8393298]]]}},{"type":"Feature","id":"building-194714336","properties":{"kind":"building","name":"Alpine building","height":7.2},"geometry":{"type":"Polygon","coordinates":[[[140.6649316,42.8391763],[140.6650975,42.8392794],[140.6651796,42.8392084],[140.6650137,42.8391052],[140.6649316,42.8391763]]]}},{"type":"Feature","id":"building-194714350","properties":{"kind":"building","name":"Alpine building","height":7.2},"geometry":{"type":"Polygon","coordinates":[[[140.6632602,42.8394918],[140.6633984,42.8395302],[140.6634301,42.8394689],[140.6632919,42.8394304],[140.6632602,42.8394918]]]}},{"type":"Feature","id":"building-1014246122","properties":{"kind":"building","name":"Alpine building","height":7.2},"geometry":{"type":"Polygon","coordinates":[[[140.6562505,42.8418567],[140.6562222,42.8417917],[140.6564,42.84175],[140.6564284,42.8418151],[140.6562505,42.8418567]]]}},{"type":"Feature","id":"building-194602209","properties":{"kind":"building","name":"Alpine building","height":7.2},"geometry":{"type":"Polygon","coordinates":[[[140.6484666,42.8479064],[140.648581,42.8478686],[140.6486225,42.8478548],[140.6485499,42.8477371],[140.6484619,42.8477662],[140.648394,42.8477887],[140.6484666,42.8479064]]]}},{"type":"Feature","id":"building-1455757597","properties":{"kind":"building","name":"Alpine building","height":7.2},"geometry":{"type":"Polygon","coordinates":[[[140.6639167,42.8392841],[140.6640357,42.8393224],[140.6640772,42.839253],[140.6639582,42.8392147],[140.6639167,42.8392841]]]}},{"type":"Feature","id":"building-194714330","properties":{"kind":"building","name":"Alpine building","height":7.2},"geometry":{"type":"Polygon","coordinates":[[[140.6734578,42.8389327],[140.6735896,42.8389717],[140.6736709,42.8388237],[140.6735391,42.8387847],[140.6734578,42.8389327]]]}},{"type":"Feature","id":"building-1014246123","properties":{"kind":"building","name":"Alpine building","height":7.2},"geometry":{"type":"Polygon","coordinates":[[[140.6553028,42.8422447],[140.655237,42.8421272],[140.6554498,42.8420631],[140.6555156,42.8421806],[140.6553028,42.8422447]]]}},{"type":"Feature","id":"building-1014246124","properties":{"kind":"building","name":"Alpine building","height":7.2},"geometry":{"type":"Polygon","coordinates":[[[140.6552074,42.8422723],[140.6551651,42.8422059],[140.6552244,42.8421856],[140.6552666,42.842252],[140.6552074,42.8422723]]]}},{"type":"Feature","id":"building-1455757613","properties":{"kind":"building","name":"Alpine building","height":7.2},"geometry":{"type":"Polygon","coordinates":[[[140.6592746,42.8404236],[140.6592737,42.8404074],[140.6592278,42.8404078],[140.6592359,42.8403387],[140.6593213,42.8403387],[140.6593199,42.840363],[140.6593943,42.8403703],[140.6593806,42.8404355],[140.6592746,42.8404236]]]}},{"type":"Feature","id":"building-194602101","properties":{"kind":"building","name":"Alpine building","height":7.2},"geometry":{"type":"Polygon","coordinates":[[[140.6479759,42.848288],[140.648258,42.8481949],[140.6481194,42.8479692],[140.6478373,42.8480623],[140.6479759,42.848288]]]}},{"type":"Feature","id":"building-1455757600","properties":{"kind":"building","name":"Alpine building","height":7.2},"geometry":{"type":"Polygon","coordinates":[[[140.6655699,42.8387941],[140.6656311,42.8388627],[140.6657018,42.8388289],[140.6656406,42.8387602],[140.6655699,42.8387941]]]}},{"type":"Feature","id":"building-194714372","properties":{"kind":"building","name":"Alpine building","height":7.2},"geometry":{"type":"Polygon","coordinates":[[[140.6639222,42.8390849],[140.6640427,42.8391255],[140.6640993,42.8390353],[140.6639787,42.8389947],[140.6639222,42.8390849]]]}},{"type":"Feature","id":"building-194743368","properties":{"kind":"building","name":"Alpine building","height":7.2},"geometry":{"type":"Polygon","coordinates":[[[140.6541895,42.842711],[140.6543458,42.8426731],[140.6542854,42.8425391],[140.6542134,42.8425565],[140.654203,42.8425336],[140.6541187,42.8425541],[140.6541895,42.842711]]]}},{"type":"Feature","id":"building-1108042068","properties":{"kind":"building","name":"Alpine building","height":7.2},"geometry":{"type":"Polygon","coordinates":[[[140.6753786,42.8389349],[140.6756186,42.8389378],[140.6756207,42.8388468],[140.6753807,42.8388438],[140.6753786,42.8389349]]]}},{"type":"Feature","id":"building-1455757599","properties":{"kind":"building","name":"Alpine building","height":7.2},"geometry":{"type":"Polygon","coordinates":[[[140.6653529,42.8387217],[140.6654211,42.838807],[140.6654935,42.8387758],[140.6654252,42.8386906],[140.6653529,42.8387217]]]}},{"type":"Feature","id":"building-1455757591","properties":{"kind":"building","name":"Alpine building","height":7.2},"geometry":{"type":"Polygon","coordinates":[[[140.6637482,42.8389934],[140.6638646,42.8390353],[140.6638966,42.8389877],[140.6637802,42.8389457],[140.6637482,42.8389934]]]}},{"type":"Feature","id":"building-1455757601","properties":{"kind":"building","name":"Alpine building","height":7.2},"geometry":{"type":"Polygon","coordinates":[[[140.665566,42.8385911],[140.6654938,42.8386537],[140.6655584,42.8386937],[140.6656306,42.8386311],[140.665566,42.8385911]]]}},{"type":"Feature","id":"building-1014239618","properties":{"kind":"building","name":"Alpine building","height":7.2},"geometry":{"type":"Polygon","coordinates":[[[140.6763996,42.8389654],[140.6762597,42.8389135],[140.6763461,42.8387883],[140.676486,42.8388402],[140.6763996,42.8389654]]]}},{"type":"Feature","id":"building-194714324","properties":{"kind":"building","name":"Alpine building","height":7.2},"geometry":{"type":"Polygon","coordinates":[[[140.6743723,42.8385874],[140.6745273,42.8386246],[140.6745815,42.8385031],[140.6744266,42.8384659],[140.6743723,42.8385874]]]}},{"type":"Feature","id":"building-1455757602","properties":{"kind":"building","name":"Alpine building","height":7.2},"geometry":{"type":"Polygon","coordinates":[[[140.6653765,42.8385575],[140.6654763,42.8385946],[140.6655086,42.8385478],[140.6654089,42.8385107],[140.6653765,42.8385575]]]}},{"type":"Feature","id":"building-194602268","properties":{"kind":"building","name":"Alpine building","height":7.2},"geometry":{"type":"Polygon","coordinates":[[[140.6478741,42.8476837],[140.6480423,42.847615],[140.6480254,42.8475927],[140.6481269,42.8475512],[140.6479177,42.847276],[140.6476481,42.8473862],[140.6478741,42.8476837]]]}},{"type":"Feature","id":"building-1108042063","properties":{"kind":"building","name":"Alpine building","height":7.2},"geometry":{"type":"Polygon","coordinates":[[[140.6758513,42.8387303],[140.6759091,42.8387497],[140.6759426,42.8386962],[140.6758849,42.8386767],[140.6758513,42.8387303]]]}},{"type":"Feature","id":"building-1455757606","properties":{"kind":"building","name":"Alpine building","height":7.2},"geometry":{"type":"Polygon","coordinates":[[[140.6628229,42.8389299],[140.6629419,42.8389682],[140.6629834,42.8388988],[140.6628644,42.8388606],[140.6628229,42.8389299]]]}},{"type":"Feature","id":"building-1108042062","properties":{"kind":"building","name":"Alpine building","height":7.2},"geometry":{"type":"Polygon","coordinates":[[[140.675736,42.8386718],[140.6757625,42.8386159],[140.6757029,42.8386007],[140.6756763,42.8386566],[140.675736,42.8386718]]]}},{"type":"Feature","id":"building-1108042064","properties":{"kind":"building","name":"Alpine building","height":7.2},"geometry":{"type":"Polygon","coordinates":[[[140.6757903,42.8387028],[140.6758687,42.8386979],[140.6758573,42.8385996],[140.6757789,42.8386045],[140.6757903,42.8387028]]]}},{"type":"Feature","id":"building-194714408","properties":{"kind":"building","name":"Alpine building","height":7.2},"geometry":{"type":"Polygon","coordinates":[[[140.6752747,42.8385848],[140.6753928,42.8386173],[140.675456,42.8384936],[140.675338,42.8384611],[140.6752747,42.8385848]]]}},{"type":"Feature","id":"building-194714360","properties":{"kind":"building","name":"Alpine building","height":7.2},"geometry":{"type":"Polygon","coordinates":[[[140.6646623,42.8385251],[140.6647216,42.8385533],[140.664767,42.8385021],[140.6647077,42.8384738],[140.6646623,42.8385251]]]}},{"type":"Feature","id":"building-1108042067","properties":{"kind":"building","name":"Alpine building","height":7.2},"geometry":{"type":"Polygon","coordinates":[[[140.6755663,42.8385774],[140.6756421,42.8385971],[140.6756632,42.8385534],[140.6755874,42.8385338],[140.6755663,42.8385774]]]}},{"type":"Feature","id":"building-1455757603","properties":{"kind":"building","name":"Alpine building","height":7.2},"geometry":{"type":"Polygon","coordinates":[[[140.6637669,42.8386776],[140.663898,42.8386912],[140.6639077,42.8386412],[140.6639589,42.8386465],[140.6639689,42.8385947],[140.6637866,42.8385758],[140.6637669,42.8386776]]]}},{"type":"Feature","id":"building-194714247","properties":{"kind":"building","name":"Alpine building","height":7.2},"geometry":{"type":"Polygon","coordinates":[[[140.6654466,42.838275],[140.6653889,42.8384345],[140.6654883,42.8384538],[140.6655461,42.8382943],[140.6654466,42.838275]]]}},{"type":"Feature","id":"building-194714255","properties":{"kind":"building","name":"Alpine building","height":7.2},"geometry":{"type":"Polygon","coordinates":[[[140.6749514,42.8384204],[140.6751055,42.8384686],[140.6751495,42.8383929],[140.6749954,42.8383447],[140.6749514,42.8384204]]]}},{"type":"Feature","id":"building-194714434","properties":{"kind":"building","name":"Alpine building","height":7.2},"geometry":{"type":"Polygon","coordinates":[[[140.6743211,42.8382957],[140.674523,42.838351],[140.6745711,42.8382565],[140.6743692,42.8382012],[140.6743211,42.8382957]]]}},{"type":"Feature","id":"building-1455757590","properties":{"kind":"building","name":"Alpine building","height":7.2},"geometry":{"type":"Polygon","coordinates":[[[140.6655874,42.8380398],[140.6656734,42.8380789],[140.6655938,42.8381731],[140.6655077,42.838134],[140.6655874,42.8380398]]]}},{"type":"Feature","id":"building-194743431","properties":{"kind":"building","name":"Alpine building","height":7.2},"geometry":{"type":"Polygon","coordinates":[[[140.6476804,42.846865],[140.6481697,42.8466939],[140.6481082,42.8465994],[140.6476189,42.8467704],[140.6476804,42.846865]]]}},{"type":"Feature","id":"building-676963369","properties":{"kind":"building","name":"ニセコ高橋牧場 マンドリアーノ","height":7.2},"geometry":{"type":"Polygon","coordinates":[[[140.6754802,42.8380191],[140.675792,42.8381296],[140.6760056,42.8381228],[140.6760125,42.8382385],[140.6758048,42.8382451],[140.6757122,42.8382124],[140.6757045,42.8382241],[140.6754781,42.838144],[140.6754703,42.838156],[140.6754052,42.8381329],[140.6754802,42.8380191]]]}},{"type":"Feature","id":"building-1455757593","properties":{"kind":"building","name":"Alpine building","height":7.2},"geometry":{"type":"Polygon","coordinates":[[[140.6626414,42.8384336],[140.6627401,42.8384623],[140.662813,42.8383278],[140.6627143,42.838299],[140.6626414,42.8384336]]]}},{"type":"Feature","id":"building-194602276","properties":{"kind":"building","name":"Alpine building","height":7.2},"geometry":{"type":"Polygon","coordinates":[[[140.6459146,42.848646],[140.6463728,42.8485026],[140.6462993,42.8483762],[140.645841,42.8485196],[140.6459146,42.848646]]]}},{"type":"Feature","id":"building-1455757592","properties":{"kind":"building","name":"Alpine building","height":7.2},"geometry":{"type":"Polygon","coordinates":[[[140.6640435,42.8380746],[140.6639709,42.8380336],[140.6640694,42.8379399],[140.664142,42.8379809],[140.6640435,42.8380746]]]}},{"type":"Feature","id":"building-194714337","properties":{"kind":"building","name":"Alpine building","height":7.2},"geometry":{"type":"Polygon","coordinates":[[[140.6906603,42.8449293],[140.6910882,42.845095],[140.6911849,42.8449609],[140.690757,42.8447952],[140.6906603,42.8449293]]]}},{"type":"Feature","id":"building-194714426","properties":{"kind":"building","name":"Alpine building","height":7.2},"geometry":{"type":"Polygon","coordinates":[[[140.6632861,42.8380895],[140.6633902,42.8381178],[140.6634378,42.8380239],[140.6633337,42.8379956],[140.6632861,42.8380895]]]}},{"type":"Feature","id":"building-194602189","properties":{"kind":"building","name":"Alpine building","height":7.2},"geometry":{"type":"Polygon","coordinates":[[[140.6931473,42.8667755],[140.6932303,42.8667323],[140.6932064,42.8667076],[140.6931234,42.8667508],[140.6931473,42.8667755]]]}},{"type":"Feature","id":"building-1455757594","properties":{"kind":"building","name":"Alpine building","height":7.2},"geometry":{"type":"Polygon","coordinates":[[[140.6627911,42.8381712],[140.6628977,42.838201],[140.662958,42.8380849],[140.662813,42.8380444],[140.6627759,42.8381158],[140.6628143,42.8381265],[140.6627911,42.8381712]]]}},{"type":"Feature","id":"building-194602243","properties":{"kind":"building","name":"Alpine building","height":7.2},"geometry":{"type":"Polygon","coordinates":[[[140.693194,42.8668275],[140.6932742,42.8667869],[140.6932494,42.8667605],[140.6931691,42.8668011],[140.693194,42.8668275]]]}},{"type":"Feature","id":"building-194743545","properties":{"kind":"building","name":"Alpine building","height":7.2},"geometry":{"type":"Polygon","coordinates":[[[140.645152,42.849221],[140.6452474,42.8492299],[140.6452415,42.8492643],[140.6452357,42.8492982],[140.6453687,42.8493106],[140.6453799,42.8492457],[140.6455755,42.8492638],[140.6456069,42.8490822],[140.6451827,42.8490429],[140.645152,42.849221]]]}},{"type":"Feature","id":"building-194743625","properties":{"kind":"building","name":"Alpine building","height":7.2},"geometry":{"type":"Polygon","coordinates":[[[140.6448042,42.8500811],[140.644251,42.8502721],[140.6443991,42.8505036],[140.6449233,42.8503355],[140.6448694,42.8502447],[140.6451039,42.8501767],[140.6449489,42.8498959],[140.6447307,42.8499621],[140.6448042,42.8500811]]]}},{"type":"Feature","id":"building-676966418","properties":{"kind":"building","name":"Alpine building","height":7.2},"geometry":{"type":"Polygon","coordinates":[[[140.6743276,42.8376025],[140.6743836,42.8375161],[140.6739189,42.8373544],[140.6738615,42.837443],[140.6740221,42.8374989],[140.6740435,42.8374659],[140.6741043,42.837487],[140.6740843,42.8375179],[140.6743276,42.8376025]]]}},{"type":"Feature","id":"building-194714260","properties":{"kind":"building","name":"Alpine building","height":7.2},"geometry":{"type":"Polygon","coordinates":[[[140.6633075,42.8378434],[140.6633799,42.8378651],[140.6634161,42.8378001],[140.6633436,42.8377784],[140.6633075,42.8378434]]]}},{"type":"Feature","id":"building-194714417","properties":{"kind":"building","name":"Alpine building","height":7.2},"geometry":{"type":"Polygon","coordinates":[[[140.6909556,42.8447239],[140.6915643,42.8449713],[140.6916277,42.8448876],[140.691019,42.8446401],[140.6909556,42.8447239]]]}},{"type":"Feature","id":"building-1014246113","properties":{"kind":"building","name":"Alpine building","height":7.2},"geometry":{"type":"Polygon","coordinates":[[[140.6640473,42.8376546],[140.6640568,42.8375878],[140.6642173,42.8376001],[140.6642078,42.8376669],[140.6640473,42.8376546]]]}},{"type":"Feature","id":"building-1014246112","properties":{"kind":"building","name":"Alpine building","height":7.2},"geometry":{"type":"Polygon","coordinates":[[[140.6649343,42.8374572],[140.6650173,42.8374004],[140.6651703,42.8375204],[140.6650873,42.8375773],[140.6649343,42.8374572]]]}},{"type":"Feature","id":"building-629303644","properties":{"kind":"building","name":"Alpine building","height":7.2},"geometry":{"type":"Polygon","coordinates":[[[140.6760189,42.8377541],[140.6762716,42.8377319],[140.6762419,42.837551],[140.6760874,42.8375647],[140.6760823,42.8375334],[140.6760275,42.8375382],[140.6760327,42.8375701],[140.6759894,42.8375739],[140.6760189,42.8377541]]]}},{"type":"Feature","id":"pylon-niseko-united-0","properties":{"kind":"pylon","name":"Lift tower","height":13},"geometry":{"type":"Polygon","coordinates":[[[140.65407845894683,42.8554573],[140.65407056285412,42.855471274442316],[140.6540515,42.85547706284585],[140.6540324371459,42.855471274442316],[140.6540245410532,42.8554573],[140.6540324371459,42.85544332555768],[140.6540515,42.855437537154145],[140.65407056285412,42.85544332555768],[140.65407845894683,42.8554573]]]}},{"type":"Feature","id":"pylon-niseko-united-1","properties":{"kind":"pylon","name":"Lift tower","height":13},"geometry":{"type":"Polygon","coordinates":[[[140.64525425695751,42.8509],[140.64524636144745,42.85091397444232],[140.6452273,42.850919762845855],[140.64520823855253,42.85091397444232],[140.64520034304246,42.8509],[140.64520823855253,42.850886025557685],[140.6452273,42.85088023715415],[140.64524636144745,42.850886025557685],[140.64525425695751,42.8509]]]}},{"type":"Feature","id":"pylon-niseko-united-2","properties":{"kind":"pylon","name":"Lift tower","height":13},"geometry":{"type":"Polygon","coordinates":[[[140.64561485673596,42.8503923],[140.64560696129078,42.85040627444232],[140.6455879,42.850412062845855],[140.64556883870924,42.85040627444232],[140.64556094326406,42.8503923],[140.64556883870924,42.850378325557685],[140.6455879,42.85037253715415],[140.64560696129078,42.850378325557685],[140.64561485673596,42.8503923]]]}},{"type":"Feature","id":"pylon-niseko-united-3","properties":{"kind":"pylon","name":"Lift tower","height":13},"geometry":{"type":"Polygon","coordinates":[[[140.64593505653912,42.8499413],[140.6459271611516,42.849955274442316],[140.6459081,42.84996106284585],[140.64588903884842,42.849955274442316],[140.6458811434609,42.8499413],[140.64588903884842,42.84992732555768],[140.6459081,42.849921537154145],[140.6459271611516,42.84992732555768],[140.64593505653912,42.8499413]]]}},{"type":"Feature","id":"pylon-niseko-united-4","properties":{"kind":"pylon","name":"Lift tower","height":13},"geometry":{"type":"Polygon","coordinates":[[[140.64642055624074,42.8492576],[140.64641266094063,42.84927157444232],[140.6463936,42.849277362845854],[140.6463745390594,42.84927157444232],[140.64636664375928,42.8492576],[140.6463745390594,42.84924362555768],[140.6463936,42.84923783715415],[140.64641266094063,42.84924362555768],[140.64642055624074,42.8492576]]]}},{"type":"Feature","id":"pylon-niseko-united-5","properties":{"kind":"pylon","name":"Lift tower","height":13},"geometry":{"type":"Polygon","coordinates":[[[140.646608856125,42.8489924],[140.64660096085876,42.84900637444232],[140.6465819,42.84901216284585],[140.64656283914124,42.84900637444232],[140.646554943875,42.8489924],[140.64656283914124,42.84897842555768],[140.6465819,42.84897263715415],[140.64660096085876,42.84897842555768],[140.646608856125,42.8489924]]]}},{"type":"Feature","id":"pylon-niseko-united-6","properties":{"kind":"pylon","name":"Lift tower","height":13},"geometry":{"type":"Polygon","coordinates":[[[140.64715555578897,42.8482224],[140.64714766062116,42.848236374442315],[140.6471286,42.84824216284585],[140.64710953937885,42.848236374442315],[140.64710164421103,42.8482224],[140.64710953937885,42.84820842555768],[140.6471286,42.848202637154145],[140.64714766062116,42.84820842555768],[140.64715555578897,42.8482224]]]}},{"type":"Feature","id":"pylon-niseko-united-7","properties":{"kind":"pylon","name":"Lift tower","height":13},"geometry":{"type":"Polygon","coordinates":[[[140.66026586238803,42.8633384],[140.6602579652874,42.86335237444232],[140.6602389,42.863358162845856],[140.6602198347126,42.86335237444232],[140.66021193761196,42.8633384],[140.6602198347126,42.863324425557686],[140.6602389,42.86331863715415],[140.6602579652874,42.863324425557686],[140.66026586238803,42.8633384]]]}},{"type":"Feature","id":"pylon-niseko-united-8","properties":{"kind":"pylon","name":"Lift tower","height":13},"geometry":{"type":"Polygon","coordinates":[[[140.65940036190847,42.8622403],[140.6593924649483,42.86225427444232],[140.6593734,42.862260062845856],[140.6593543350517,42.86225427444232],[140.65934643809152,42.8622403],[140.6593543350517,42.862226325557685],[140.6593734,42.86222053715415],[140.6593924649483,42.862226325557685],[140.65940036190847,42.8622403]]]}},{"type":"Feature","id":"pylon-niseko-united-9","properties":{"kind":"pylon","name":"Lift tower","height":13},"geometry":{"type":"Polygon","coordinates":[[[140.65863476148417,42.8612687],[140.65862686464828,42.861282674442315],[140.6586078,42.86128846284585],[140.6585887353517,42.861282674442315],[140.65858083851583,42.8612687],[140.6585887353517,42.86125472555768],[140.6586078,42.861248937154144],[140.65862686464828,42.86125472555768],[140.65863476148417,42.8612687]]]}},{"type":"Feature","id":"pylon-niseko-united-10","properties":{"kind":"pylon","name":"Lift tower","height":13},"geometry":{"type":"Polygon","coordinates":[[[140.65770276096777,42.8600861],[140.65769486428314,42.860100074442315],[140.6576758,42.86010586284585],[140.65765673571684,42.860100074442315],[140.65764883903222,42.8600861],[140.65765673571684,42.86007212555768],[140.6576758,42.860066337154144],[140.65769486428314,42.86007212555768],[140.65770276096777,42.8600861]]]}},{"type":"Feature","id":"pylon-niseko-united-11","properties":{"kind":"pylon","name":"Lift tower","height":13},"geometry":{"type":"Polygon","coordinates":[[[140.65687806050838,42.859034],[140.6568701639583,42.85904797444232],[140.6568511,42.85905376284585],[140.65683203604172,42.85904797444232],[140.65682413949165,42.859034],[140.65683203604172,42.85902002555768],[140.6568511,42.85901423715415],[140.6568701639583,42.85902002555768],[140.65687806050838,42.859034]]]}},{"type":"Feature","id":"pylon-niseko-united-12","properties":{"kind":"pylon","name":"Lift tower","height":13},"geometry":{"type":"Polygon","coordinates":[[[140.65621166013665,42.8581826],[140.65620376369546,42.85819657444232],[140.6561847,42.85820236284585],[140.65616563630456,42.85819657444232],[140.65615773986337,42.8581826],[140.65616563630456,42.85816862555768],[140.6561847,42.85816283715415],[140.65620376369546,42.85816862555768],[140.65621166013665,42.8581826]]]}},{"type":"Feature","id":"pylon-niseko-united-13","properties":{"kind":"pylon","name":"Lift tower","height":13},"geometry":{"type":"Polygon","coordinates":[[[140.65587795995052,42.8577563],[140.65587006356384,42.857770274442316],[140.655851,42.85777606284585],[140.6558319364362,42.857770274442316],[140.6558240400495,42.8577563],[140.6558319364362,42.85774232555768],[140.655851,42.857736537154146],[140.65587006356384,42.85774232555768],[140.65587795995052,42.8577563]]]}},{"type":"Feature","id":"pylon-niseko-united-14","properties":{"kind":"pylon","name":"Lift tower","height":13},"geometry":{"type":"Polygon","coordinates":[[[140.65532245964064,42.8570466],[140.65531456334472,42.857060574442315],[140.6552955,42.85706636284585],[140.65527643665527,42.857060574442315],[140.65526854035934,42.8570466],[140.65527643665527,42.85703262555768],[140.6552955,42.857026837154145],[140.65531456334472,42.85703262555768],[140.65532245964064,42.8570466]]]}},{"type":"Feature","id":"pylon-niseko-united-15","properties":{"kind":"pylon","name":"Lift tower","height":13},"geometry":{"type":"Polygon","coordinates":[[[140.6547339593425,42.8563637],[140.6547260631339,42.85637767444232],[140.654707,42.856383462845855],[140.6546879368661,42.85637767444232],[140.6546800406575,42.8563637],[140.6546879368661,42.856349725557685],[140.654707,42.85634393715415],[140.6547260631339,42.856349725557685],[140.6547339593425,42.8563637]]]}},{"type":"Feature","id":"pylon-niseko-united-16","properties":{"kind":"pylon","name":"Lift tower","height":13},"geometry":{"type":"Polygon","coordinates":[[[140.65453225919993,42.8560371],[140.6545243630331,42.85605107444232],[140.6545053,42.856056862845854],[140.65448623696693,42.85605107444232],[140.6544783408001,42.8560371],[140.65448623696693,42.856023125557684],[140.6545053,42.85601733715415],[140.6545243630331,42.856023125557684],[140.65453225919993,42.8560371]]]}},{"type":"Feature","id":"pylon-niseko-united-17","properties":{"kind":"pylon","name":"Lift tower","height":13},"geometry":{"type":"Polygon","coordinates":[[[140.6537015587386,42.8549804],[140.65369366270687,42.85499437444232],[140.6536746,42.855000162845855],[140.6536555372931,42.85499437444232],[140.6536476412614,42.8549804],[140.6536555372931,42.854966425557684],[140.6536746,42.85496063715415],[140.65369366270687,42.854966425557684],[140.6537015587386,42.8549804]]]}},{"type":"Feature","id":"pylon-niseko-united-18","properties":{"kind":"pylon","name":"Lift tower","height":13},"geometry":{"type":"Polygon","coordinates":[[[140.65289765829456,42.8539632],[140.6528897623929,42.85397717444232],[140.6528707,42.853982962845855],[140.65285163760709,42.85397717444232],[140.65284374170542,42.8539632],[140.65285163760709,42.853949225557685],[140.6528707,42.85394343715415],[140.6528897623929,42.853949225557685],[140.65289765829456,42.8539632]]]}},{"type":"Feature","id":"pylon-niseko-united-19","properties":{"kind":"pylon","name":"Lift tower","height":13},"geometry":{"type":"Polygon","coordinates":[[[140.65201545780724,42.8528468],[140.6520075620483,42.85286077444232],[140.6519885,42.852866562845854],[140.65196943795166,42.85286077444232],[140.65196154219274,42.8528468],[140.65196943795166,42.852832825557684],[140.6519885,42.85282703715415],[140.6520075620483,42.852832825557684],[140.65201545780724,42.8528468]]]}},{"type":"Feature","id":"pylon-niseko-united-20","properties":{"kind":"pylon","name":"Lift tower","height":13},"geometry":{"type":"Polygon","coordinates":[[[140.65118115734646,42.8517911],[140.65117326172248,42.85180507444232],[140.6511542,42.85181086284585],[140.65113513827754,42.85180507444232],[140.65112724265356,42.8517911],[140.65113513827754,42.85177712555768],[140.6511542,42.85177133715415],[140.65117326172248,42.85177712555768],[140.65118115734646,42.8517911]]]}},{"type":"Feature","id":"pylon-niseko-united-21","properties":{"kind":"pylon","name":"Lift tower","height":13},"geometry":{"type":"Polygon","coordinates":[[[140.650579157013,42.8510271],[140.65057126148668,42.85104107444232],[140.6505522,42.851046862845855],[140.6505331385133,42.85104107444232],[140.650525242987,42.8510271],[140.6505331385133,42.851013125557685],[140.6505522,42.85100733715415],[140.65057126148668,42.851013125557685],[140.650579157013,42.8510271]]]}},{"type":"Feature","id":"pylon-niseko-united-22","properties":{"kind":"pylon","name":"Lift tower","height":13},"geometry":{"type":"Polygon","coordinates":[[[140.65034475687744,42.8507165],[140.65033686139085,42.850730474442315],[140.6503178,42.85073626284585],[140.65029873860917,42.850730474442315],[140.65029084312258,42.8507165],[140.65029873860917,42.85070252555768],[140.6503178,42.850696737154145],[140.65033686139085,42.85070252555768],[140.65034475687744,42.8507165]]]}},{"type":"Feature","id":"pylon-niseko-united-23","properties":{"kind":"pylon","name":"Lift tower","height":13},"geometry":{"type":"Polygon","coordinates":[[[140.64964935647544,42.8497954],[140.64964146110657,42.849809374442316],[140.6496224,42.84981516284585],[140.64960333889343,42.849809374442316],[140.64959544352456,42.8497954],[140.64960333889343,42.84978142555768],[140.6496224,42.849775637154146],[140.64964146110657,42.84978142555768],[140.64964935647544,42.8497954]]]}},{"type":"Feature","id":"pylon-niseko-united-24","properties":{"kind":"pylon","name":"Lift tower","height":13},"geometry":{"type":"Polygon","coordinates":[[[140.64935715630654,42.8494084],[140.64934926098715,42.84942237444232],[140.6493302,42.849428162845854],[140.64931113901287,42.84942237444232],[140.64930324369348,42.8494084],[140.64931113901287,42.84939442555768],[140.6493302,42.84938863715415],[140.64934926098715,42.84939442555768],[140.64935715630654,42.8494084]]]}},{"type":"Feature","id":"pylon-niseko-united-25","properties":{"kind":"pylon","name":"Lift tower","height":13},"geometry":{"type":"Polygon","coordinates":[[[140.64860245587016,42.8484085],[140.6485945606786,42.848422474442316],[140.6485755,42.84842826284585],[140.6485564393214,42.848422474442316],[140.64854854412982,42.8484085],[140.6485564393214,42.84839452555768],[140.6485755,42.848388737154146],[140.6485945606786,42.84839452555768],[140.64860245587016,42.8484085]]]}},{"type":"Feature","id":"pylon-niseko-united-26","properties":{"kind":"pylon","name":"Lift tower","height":13},"geometry":{"type":"Polygon","coordinates":[[[140.64817285562182,42.8478394],[140.64816496050298,42.847853374442316],[140.6481459,42.84785916284585],[140.64812683949702,42.847853374442316],[140.64811894437818,42.8478394],[140.64812683949702,42.84782542555768],[140.6481459,42.847819637154146],[140.64816496050298,42.84782542555768],[140.64817285562182,42.8478394]]]}},{"type":"Feature","id":"pylon-niseko-united-27","properties":{"kind":"pylon","name":"Lift tower","height":13},"geometry":{"type":"Polygon","coordinates":[[[140.64831485601843,42.8487482],[140.64830696078343,42.84876217444232],[140.6482879,42.848767962845855],[140.6482688392166,42.84876217444232],[140.6482609439816,42.8487482],[140.6482688392166,42.848734225557685],[140.6482879,42.84872843715415],[140.64830696078343,42.848734225557685],[140.64831485601843,42.8487482]]]}},{"type":"Feature","id":"pylon-niseko-united-28","properties":{"kind":"pylon","name":"Lift tower","height":13},"geometry":{"type":"Polygon","coordinates":[[[140.648649156257,42.8492949],[140.64864126095213,42.849308874442315],[140.6486222,42.84931466284585],[140.64860313904788,42.849308874442315],[140.64859524374302,42.8492949],[140.64860313904788,42.84928092555768],[140.6486222,42.849275137154144],[140.64864126095213,42.84928092555768],[140.648649156257,42.8492949]]]}},{"type":"Feature","id":"pylon-niseko-united-29","properties":{"kind":"pylon","name":"Lift tower","height":13},"geometry":{"type":"Polygon","coordinates":[[[140.64876665634074,42.8494868],[140.64875876101132,42.84950077444232],[140.6487397,42.84950656284585],[140.64872063898866,42.84950077444232],[140.64871274365925,42.8494868],[140.64872063898866,42.84947282555768],[140.6487397,42.84946703715415],[140.64875876101132,42.84947282555768],[140.64876665634074,42.8494868]]]}},{"type":"Feature","id":"pylon-niseko-united-30","properties":{"kind":"pylon","name":"Lift tower","height":13},"geometry":{"type":"Polygon","coordinates":[[[140.6490354565326,42.8499264],[140.64902756114702,42.84994037444232],[140.6490085,42.84994616284585],[140.648989438853,42.84994037444232],[140.64898154346741,42.8499264],[140.648989438853,42.84991242555768],[140.6490085,42.84990663715415],[140.64902756114702,42.84991242555768],[140.6490354565326,42.8499264]]]}},{"type":"Feature","id":"pylon-niseko-united-31","properties":{"kind":"pylon","name":"Lift tower","height":13},"geometry":{"type":"Polygon","coordinates":[[[140.64911185658707,42.8500512],[140.64910396118552,42.85006517444232],[140.6490849,42.850070962845855],[140.64906583881447,42.85006517444232],[140.6490579434129,42.8500512],[140.64906583881447,42.850037225557685],[140.6490849,42.85003143715415],[140.64910396118552,42.850037225557685],[140.64911185658707,42.8500512]]]}},{"type":"Feature","id":"pylon-niseko-united-32","properties":{"kind":"pylon","name":"Lift tower","height":13},"geometry":{"type":"Polygon","coordinates":[[[140.64940955679947,42.8505379],[140.6494016613357,42.85055187444232],[140.6493826,42.85055766284585],[140.6493635386643,42.85055187444232],[140.64935564320052,42.8505379],[140.6493635386643,42.85052392555768],[140.6493826,42.85051813715415],[140.6494016613357,42.85052392555768],[140.64940955679947,42.8505379]]]}},{"type":"Feature","id":"pylon-niseko-united-33","properties":{"kind":"pylon","name":"Lift tower","height":13},"geometry":{"type":"Polygon","coordinates":[[[140.64966245697994,42.8509514],[140.6496545614633,42.85096537444232],[140.6496355,42.85097116284585],[140.64961643853667,42.85096537444232],[140.64960854302004,42.8509514],[140.64961643853667,42.85093742555768],[140.6496355,42.85093163715415],[140.6496545614633,42.85093742555768],[140.64966245697994,42.8509514]]]}},{"type":"Feature","id":"pylon-niseko-united-34","properties":{"kind":"pylon","name":"Lift tower","height":13},"geometry":{"type":"Polygon","coordinates":[[[140.64988765714068,42.8513196],[140.64987976157695,42.851333574442315],[140.6498607,42.85133936284585],[140.64984163842306,42.851333574442315],[140.64983374285933,42.8513196],[140.64984163842306,42.85130562555768],[140.6498607,42.851299837154144],[140.64987976157695,42.85130562555768],[140.64988765714068,42.8513196]]]}},{"type":"Feature","id":"pylon-niseko-united-35","properties":{"kind":"pylon","name":"Lift tower","height":13},"geometry":{"type":"Polygon","coordinates":[[[140.65028485742408,42.8519689],[140.65027696177737,42.85198287444232],[140.6502579,42.851988662845855],[140.65023883822266,42.85198287444232],[140.65023094257594,42.8519689],[140.65023883822266,42.851954925557685],[140.6502579,42.85194913715415],[140.65027696177737,42.851954925557685],[140.65028485742408,42.8519689]]]}},{"type":"Feature","id":"pylon-niseko-united-36","properties":{"kind":"pylon","name":"Lift tower","height":13},"geometry":{"type":"Polygon","coordinates":[[[140.65065545768854,42.8525748],[140.65064756196438,42.85258877444232],[140.6506285,42.85259456284585],[140.65060943803564,42.85258877444232],[140.65060154231148,42.8525748],[140.65060943803564,42.85256082555768],[140.6506285,42.85255503715415],[140.65064756196438,42.85256082555768],[140.65065545768854,42.8525748]]]}},{"type":"Feature","id":"pylon-niseko-united-37","properties":{"kind":"pylon","name":"Lift tower","height":13},"geometry":{"type":"Polygon","coordinates":[[[140.6508529578294,42.8528975],[140.65084506206395,42.852911474442315],[140.650826,42.85291726284585],[140.65080693793604,42.852911474442315],[140.6507990421706,42.8528975],[140.65080693793604,42.85288352555768],[140.650826,42.852877737154145],[140.65084506206395,42.85288352555768],[140.6508529578294,42.8528975]]]}},{"type":"Feature","id":"pylon-niseko-united-38","properties":{"kind":"pylon","name":"Lift tower","height":13},"geometry":{"type":"Polygon","coordinates":[[[140.6509703579132,42.8530895],[140.6509624621232,42.85310347444232],[140.6509434,42.853109262845855],[140.65092433787677,42.85310347444232],[140.65091644208678,42.8530895],[140.65092433787677,42.853075525557685],[140.6509434,42.85306973715415],[140.6509624621232,42.853075525557685],[140.6509703579132,42.8530895]]]}},{"type":"Feature","id":"pylon-niseko-united-39","properties":{"kind":"pylon","name":"Lift tower","height":13},"geometry":{"type":"Polygon","coordinates":[[[140.65134915818348,42.8537087],[140.65134126231436,42.85372267444232],[140.6513222,42.85372846284585],[140.65130313768566,42.85372267444232],[140.65129524181654,42.8537087],[140.65130313768566,42.85369472555768],[140.6513222,42.853688937154146],[140.65134126231436,42.85369472555768],[140.65134915818348,42.8537087]]]}},{"type":"Feature","id":"pylon-niseko-united-40","properties":{"kind":"pylon","name":"Lift tower","height":13},"geometry":{"type":"Polygon","coordinates":[[[140.65171215844256,42.8543022],[140.65170426249753,42.85431617444232],[140.6516852,42.85432196284585],[140.65166613750247,42.85431617444232],[140.65165824155744,42.8543022],[140.65166613750247,42.85428822555768],[140.6516852,42.85428243715415],[140.65170426249753,42.85428822555768],[140.65171215844256,42.8543022]]]}},{"type":"Feature","id":"pylon-niseko-united-41","properties":{"kind":"pylon","name":"Lift tower","height":13},"geometry":{"type":"Polygon","coordinates":[[[140.65215495875847,42.8550259],[140.65214706272093,42.85503987444232],[140.652128,42.85504566284585],[140.65210893727908,42.85503987444232],[140.65210104124154,42.8550259],[140.65210893727908,42.85501192555768],[140.652128,42.85500613715415],[140.65214706272093,42.85501192555768],[140.65215495875847,42.8550259]]]}},{"type":"Feature","id":"pylon-niseko-united-42","properties":{"kind":"pylon","name":"Lift tower","height":13},"geometry":{"type":"Polygon","coordinates":[[[140.65258445906503,42.8557281],[140.6525765629377,42.85574207444232],[140.6525575,42.85574786284585],[140.6525384370623,42.85574207444232],[140.65253054093498,42.8557281],[140.6525384370623,42.85571412555768],[140.6525575,42.85570833715415],[140.6525765629377,42.85571412555768],[140.65258445906503,42.8557281]]]}},{"type":"Feature","id":"pylon-niseko-united-43","properties":{"kind":"pylon","name":"Lift tower","height":13},"geometry":{"type":"Polygon","coordinates":[[[140.652866159266,42.8561885],[140.65285826307982,42.85620247444232],[140.6528392,42.856208262845854],[140.65282013692016,42.85620247444232],[140.65281224073397,42.8561885],[140.65282013692016,42.856174525557684],[140.6528392,42.85616873715415],[140.65285826307982,42.856174525557684],[140.652866159266,42.8561885]]]}},{"type":"Feature","id":"pylon-niseko-united-44","properties":{"kind":"pylon","name":"Lift tower","height":13},"geometry":{"type":"Polygon","coordinates":[[[140.65296395933584,42.8563484],[140.65295606312918,42.85636237444232],[140.652937,42.856368162845854],[140.65291793687084,42.85636237444232],[140.65291004066418,42.8563484],[140.65291793687084,42.856334425557684],[140.652937,42.85632863715415],[140.65295606312918,42.856334425557684],[140.65296395933584,42.8563484]]]}},{"type":"Feature","id":"pylon-niseko-united-45","properties":{"kind":"pylon","name":"Lift tower","height":13},"geometry":{"type":"Polygon","coordinates":[[[140.65321805951717,42.8567638],[140.6532101632574,42.85677777444232],[140.6531911,42.856783562845855],[140.65317203674257,42.85677777444232],[140.6531641404828,42.8567638],[140.65317203674257,42.856749825557685],[140.6531911,42.85674403715415],[140.6532101632574,42.856749825557685],[140.65321805951717,42.8567638]]]}},{"type":"Feature","id":"pylon-niseko-united-46","properties":{"kind":"pylon","name":"Lift tower","height":13},"geometry":{"type":"Polygon","coordinates":[[[140.65390915901287,42.8556086],[140.6539012629008,42.855622574442314],[140.6538822,42.85562836284585],[140.6538631370992,42.855622574442314],[140.65385524098713,42.8556086],[140.6538631370992,42.85559462555768],[140.6538822,42.855588837154144],[140.6539012629008,42.85559462555768],[140.65390915901287,42.8556086]]]}},{"type":"Feature","id":"pylon-niseko-united-47","properties":{"kind":"pylon","name":"Lift tower","height":13},"geometry":{"type":"Polygon","coordinates":[[[140.6544766592397,42.8561282],[140.6544687630612,42.85614217444232],[140.6544497,42.85614796284585],[140.65443063693877,42.85614217444232],[140.65442274076028,42.8561282],[140.65443063693877,42.85611422555768],[140.6544497,42.85610843715415],[140.6544687630612,42.85611422555768],[140.6544766592397,42.8561282]]]}},{"type":"Feature","id":"pylon-niseko-united-48","properties":{"kind":"pylon","name":"Lift tower","height":13},"geometry":{"type":"Polygon","coordinates":[[[140.65507655947948,42.8566774],[140.65506866323076,42.85669137444232],[140.6550496,42.856697162845855],[140.65503053676926,42.85669137444232],[140.65502264052054,42.8566774],[140.65503053676926,42.856663425557684],[140.6550496,42.85665763715415],[140.65506866323076,42.856663425557684],[140.65507655947948,42.8566774]]]}},{"type":"Feature","id":"pylon-niseko-united-49","properties":{"kind":"pylon","name":"Lift tower","height":13},"geometry":{"type":"Polygon","coordinates":[[[140.6554375596238,42.857008],[140.65542966333282,42.85702197444232],[140.6554106,42.85702776284585],[140.6553915366672,42.85702197444232],[140.65538364037621,42.857008],[140.6553915366672,42.85699402555768],[140.6554106,42.85698823715415],[140.65542966333282,42.85699402555768],[140.6554375596238,42.857008]]]}},{"type":"Feature","id":"pylon-niseko-united-50","properties":{"kind":"pylon","name":"Lift tower","height":13},"geometry":{"type":"Polygon","coordinates":[[[140.65591265981368,42.8574429],[140.65590476346708,42.85745687444232],[140.6558857,42.857462662845855],[140.65586663653292,42.85745687444232],[140.65585874018632,42.8574429],[140.65586663653292,42.857428925557684],[140.6558857,42.85742313715415],[140.65590476346708,42.857428925557684],[140.65591265981368,42.8574429]]]}},{"type":"Feature","id":"pylon-niseko-united-51","properties":{"kind":"pylon","name":"Lift tower","height":13},"geometry":{"type":"Polygon","coordinates":[[[140.6565108600528,42.8579906],[140.65650296363617,42.85800457444232],[140.6564839,42.85801036284585],[140.65646483636385,42.85800457444232],[140.65645693994722,42.8579906],[140.65646483636385,42.85797662555768],[140.6564839,42.85797083715415],[140.65650296363617,42.85797662555768],[140.6565108600528,42.8579906]]]}},{"type":"Feature","id":"pylon-niseko-united-52","properties":{"kind":"pylon","name":"Lift tower","height":13},"geometry":{"type":"Polygon","coordinates":[[[140.65704276026545,42.8584776],[140.65703486378652,42.85849157444232],[140.6570158,42.85849736284585],[140.6569967362135,42.85849157444232],[140.65698883973457,42.8584776],[140.6569967362135,42.85846362555768],[140.6570158,42.85845783715415],[140.65703486378652,42.85846362555768],[140.65704276026545,42.8584776]]]}},{"type":"Feature","id":"pylon-niseko-united-53","properties":{"kind":"pylon","name":"Lift tower","height":13},"geometry":{"type":"Polygon","coordinates":[[[140.65756886047578,42.8589593],[140.65756096393525,42.85897327444232],[140.6575419,42.858979062845854],[140.65752283606477,42.85897327444232],[140.65751493952425,42.8589593],[140.65752283606477,42.858945325557684],[140.6575419,42.85893953715415],[140.65756096393525,42.858945325557684],[140.65756886047578,42.8589593]]]}},{"type":"Feature","id":"pylon-niseko-united-54","properties":{"kind":"pylon","name":"Lift tower","height":13},"geometry":{"type":"Polygon","coordinates":[[[140.65803926066377,42.8593899],[140.65803136406817,42.859403874442314],[140.6580123,42.85940966284585],[140.65799323593183,42.859403874442314],[140.65798533933622,42.8593899],[140.65799323593183,42.85937592555768],[140.6580123,42.859370137154144],[140.65803136406817,42.85937592555768],[140.65803926066377,42.8593899]]]}},{"type":"Feature","id":"pylon-niseko-united-55","properties":{"kind":"pylon","name":"Lift tower","height":13},"geometry":{"type":"Polygon","coordinates":[[[140.6586669609147,42.8599646],[140.65865906424563,42.859978574442316],[140.65864,42.85998436284585],[140.65862093575436,42.859978574442316],[140.65861303908528,42.8599646],[140.65862093575436,42.85995062555768],[140.65864,42.859944837154146],[140.65865906424563,42.85995062555768],[140.6586669609147,42.8599646]]]}},{"type":"Feature","id":"pylon-niseko-united-56","properties":{"kind":"pylon","name":"Lift tower","height":13},"geometry":{"type":"Polygon","coordinates":[[[140.65963906092188,42.859981],[140.6596311642507,42.859994974442316],[140.6596121,42.86000076284585],[140.6595930357493,42.859994974442316],[140.65958513907813,42.859981],[140.6595930357493,42.85996702555768],[140.6596121,42.859961237154145],[140.6596311642507,42.85996702555768],[140.65963906092188,42.859981]]]}},{"type":"Feature","id":"pylon-niseko-united-57","properties":{"kind":"pylon","name":"Lift tower","height":13},"geometry":{"type":"Polygon","coordinates":[[[140.65994296119567,42.860608],[140.65993506444428,42.86062197444232],[140.659916,42.86062776284585],[140.65989693555574,42.86062197444232],[140.65988903880435,42.860608],[140.65989693555574,42.86059402555768],[140.659916,42.86058823715415],[140.65993506444428,42.86059402555768],[140.65994296119567,42.860608]]]}},{"type":"Feature","id":"pylon-niseko-united-58","properties":{"kind":"pylon","name":"Lift tower","height":13},"geometry":{"type":"Polygon","coordinates":[[[140.66004886129107,42.8608265],[140.66004096451175,42.86084047444232],[140.6600219,42.860846262845854],[140.66000283548826,42.86084047444232],[140.65999493870893,42.8608265],[140.66000283548826,42.860812525557684],[140.6600219,42.86080673715415],[140.66004096451175,42.860812525557684],[140.66004886129107,42.8608265]]]}},{"type":"Feature","id":"pylon-niseko-united-59","properties":{"kind":"pylon","name":"Lift tower","height":13},"geometry":{"type":"Polygon","coordinates":[[[140.66014516137784,42.8610252],[140.6601372645731,42.86103917444232],[140.6601182,42.86104496284585],[140.6600991354269,42.86103917444232],[140.66009123862216,42.8610252],[140.6600991354269,42.86101122555768],[140.6601182,42.86100543715415],[140.6601372645731,42.86101122555768],[140.66014516137784,42.8610252]]]}},{"type":"Feature","id":"pylon-niseko-united-60","properties":{"kind":"pylon","name":"Lift tower","height":13},"geometry":{"type":"Polygon","coordinates":[[[140.66048176168113,42.8617197],[140.66047386478755,42.86173367444232],[140.6604548,42.861739462845854],[140.66043573521245,42.86173367444232],[140.66042783831887,42.8617197],[140.66043573521245,42.861705725557684],[140.6604548,42.86169993715415],[140.66047386478755,42.861705725557684],[140.66048176168113,42.8617197]]]}},{"type":"Feature","id":"pylon-niseko-united-61","properties":{"kind":"pylon","name":"Lift tower","height":13},"geometry":{"type":"Polygon","coordinates":[[[140.66075546192775,42.8622844],[140.66074756496195,42.86229837444232],[140.6607285,42.86230416284585],[140.66070943503806,42.86229837444232],[140.66070153807226,42.8622844],[140.66070943503806,42.86227042555768],[140.6607285,42.86226463715415],[140.66074756496195,42.86227042555768],[140.66075546192775,42.8622844]]]}},{"type":"Feature","id":"pylon-niseko-united-62","properties":{"kind":"pylon","name":"Lift tower","height":13},"geometry":{"type":"Polygon","coordinates":[[[140.66106576220741,42.8629248],[140.6610578651597,42.86293877444232],[140.6610388,42.862944562845854],[140.6610197348403,42.86293877444232],[140.66101183779259,42.8629248],[140.6610197348403,42.862910825557684],[140.6610388,42.86290503715415],[140.6610578651597,42.862910825557684],[140.66106576220741,42.8629248]]]}},{"type":"Feature","id":"pylon-niseko-united-63","properties":{"kind":"pylon","name":"Lift tower","height":13},"geometry":{"type":"Polygon","coordinates":[[[140.66138506249504,42.8635834],[140.6613771653631,42.86359737444232],[140.6613581,42.863603162845855],[140.6613390346369,42.86359737444232],[140.66133113750496,42.8635834],[140.6613390346369,42.863569425557685],[140.6613581,42.86356363715415],[140.6613771653631,42.863569425557685],[140.66138506249504,42.8635834]]]}},{"type":"Feature","id":"pylon-niseko-united-64","properties":{"kind":"pylon","name":"Lift tower","height":13},"geometry":{"type":"Polygon","coordinates":[[[140.66090186274053,42.8641455],[140.66089396553667,42.86415947444232],[140.6608749,42.86416526284585],[140.66085583446335,42.86415947444232],[140.6608479372595,42.8641455],[140.66085583446335,42.86413152555768],[140.6608749,42.86412573715415],[140.66089396553667,42.86413152555768],[140.66090186274053,42.8641455]]]}},{"type":"Feature","id":"pylon-niseko-united-65","properties":{"kind":"pylon","name":"Lift tower","height":13},"geometry":{"type":"Polygon","coordinates":[[[140.6621475627439,42.8641532],[140.66213966553906,42.864167174442315],[140.6621206,42.86417296284585],[140.66210153446096,42.864167174442315],[140.6620936372561,42.8641532],[140.66210153446096,42.86413922555768],[140.6621206,42.864133437154145],[140.66213966553906,42.86413922555768],[140.6621475627439,42.8641532]]]}},{"type":"Feature","id":"pylon-niseko-united-66","properties":{"kind":"pylon","name":"Lift tower","height":13},"geometry":{"type":"Polygon","coordinates":[[[140.66207166302058,42.8647867],[140.6620637657347,42.86480067444232],[140.6620447,42.864806462845856],[140.6620256342653,42.86480067444232],[140.6620177369794,42.8647867],[140.6620256342653,42.864772725557685],[140.6620447,42.86476693715415],[140.6620637657347,42.864772725557685],[140.66207166302058,42.8647867]]]}},{"type":"Feature","id":"pylon-niseko-united-67","properties":{"kind":"pylon","name":"Lift tower","height":13},"geometry":{"type":"Polygon","coordinates":[[[140.66201286323516,42.865278],[140.6620049658864,42.86529197444232],[140.6619859,42.865297762845856],[140.66196683411357,42.86529197444232],[140.66195893676482,42.865278],[140.66196683411357,42.865264025557686],[140.6619859,42.86525823715415],[140.6620049658864,42.865264025557686],[140.66201286323516,42.865278]]]}},{"type":"Feature","id":"pylon-niseko-united-68","properties":{"kind":"pylon","name":"Lift tower","height":13},"geometry":{"type":"Polygon","coordinates":[[[140.66194206349329,42.865869],[140.66193416606893,42.86588297444232],[140.6619151,42.865888762845856],[140.66189603393104,42.86588297444232],[140.6618881365067,42.865869],[140.66189603393104,42.865855025557686],[140.6619151,42.86584923715415],[140.66193416606893,42.865855025557686],[140.66194206349329,42.865869]]]}},{"type":"Feature","id":"pylon-niseko-united-69","properties":{"kind":"pylon","name":"Lift tower","height":13},"geometry":{"type":"Polygon","coordinates":[[[140.66185946379457,42.8665587],[140.66185156628197,42.86657267444232],[140.6618325,42.86657846284585],[140.66181343371804,42.86657267444232],[140.66180553620543,42.8665587],[140.66181343371804,42.86654472555768],[140.6618325,42.86653893715415],[140.66185156628197,42.86654472555768],[140.66185946379457,42.8665587]]]}},{"type":"Feature","id":"pylon-niseko-united-70","properties":{"kind":"pylon","name":"Lift tower","height":13},"geometry":{"type":"Polygon","coordinates":[[[140.66178536406477,42.8671773],[140.66177746647304,42.86719127444232],[140.6617584,42.867197062845854],[140.66173933352695,42.86719127444232],[140.66173143593522,42.8671773],[140.66173933352695,42.867163325557684],[140.6617584,42.86715753715415],[140.66177746647304,42.867163325557684],[140.66178536406477,42.8671773]]]}},{"type":"Feature","id":"pylon-niseko-united-71","properties":{"kind":"pylon","name":"Lift tower","height":13},"geometry":{"type":"Polygon","coordinates":[[[140.6617196643043,42.8677256],[140.6617117666424,42.86773957444232],[140.6616927,42.86774536284585],[140.6616736333576,42.86773957444232],[140.66166573569572,42.8677256],[140.6616736333576,42.86771162555768],[140.6616927,42.86770583715415],[140.6617117666424,42.86771162555768],[140.6617196643043,42.8677256]]]}},{"type":"Feature","id":"pylon-niseko-united-72","properties":{"kind":"pylon","name":"Lift tower","height":13},"geometry":{"type":"Polygon","coordinates":[[[140.66164706456917,42.868332],[140.6616391668297,42.86834597444232],[140.6616201,42.868351762845855],[140.66160103317029,42.86834597444232],[140.66159313543082,42.868332],[140.66160103317029,42.868318025557684],[140.6616201,42.86831223715415],[140.6616391668297,42.868318025557684],[140.66164706456917,42.868332]]]}},{"type":"Feature","id":"pylon-niseko-united-73","properties":{"kind":"pylon","name":"Lift tower","height":13},"geometry":{"type":"Polygon","coordinates":[[[140.66559986233278,42.8632119],[140.66559196524835,42.86322587444232],[140.6655729,42.863231662845855],[140.66555383475165,42.86322587444232],[140.66554593766722,42.8632119],[140.66555383475165,42.863197925557685],[140.6655729,42.86319213715415],[140.66559196524835,42.863197925557685],[140.66559986233278,42.8632119]]]}},{"type":"Feature","id":"pylon-niseko-united-74","properties":{"kind":"pylon","name":"Lift tower","height":13},"geometry":{"type":"Polygon","coordinates":[[[140.66565736234017,42.8632288],[140.66564946525358,42.86324277444232],[140.6656304,42.863248562845854],[140.66561133474642,42.86324277444232],[140.66560343765983,42.8632288],[140.66561133474642,42.863214825557684],[140.6656304,42.86320903715415],[140.66564946525358,42.863214825557684],[140.66565736234017,42.8632288]]]}},{"type":"Feature","id":"pylon-niseko-united-75","properties":{"kind":"pylon","name":"Lift tower","height":13},"geometry":{"type":"Polygon","coordinates":[[[140.66530246256715,42.8637485],[140.66529456541406,42.86376247444232],[140.6652755,42.86376826284585],[140.66525643458596,42.86376247444232],[140.66524853743286,42.8637485],[140.66525643458596,42.86373452555768],[140.6652755,42.86372873715415],[140.66529456541406,42.86373452555768],[140.66530246256715,42.8637485]]]}},{"type":"Feature","id":"pylon-niseko-united-76","properties":{"kind":"pylon","name":"Lift tower","height":13},"geometry":{"type":"Polygon","coordinates":[[[140.6653586625753,42.8637672],[140.66535076541984,42.863781174442316],[140.6653317,42.86378696284585],[140.66531263458015,42.863781174442316],[140.6653047374247,42.8637672],[140.66531263458015,42.86375322555768],[140.6653317,42.863747437154146],[140.66535076541984,42.86375322555768],[140.6653586625753,42.8637672]]]}},{"type":"Feature","id":"pylon-niseko-united-77","properties":{"kind":"pylon","name":"Lift tower","height":13},"geometry":{"type":"Polygon","coordinates":[[[140.66510846272,42.8640985],[140.66510056552215,42.864112474442315],[140.6650815,42.86411826284585],[140.66506243447787,42.864112474442315],[140.66505453728,42.8640985],[140.66506243447787,42.86408452555768],[140.6650815,42.864078737154145],[140.66510056552215,42.86408452555768],[140.66510846272,42.8640985]]]}},{"type":"Feature","id":"pylon-niseko-united-78","properties":{"kind":"pylon","name":"Lift tower","height":13},"geometry":{"type":"Polygon","coordinates":[[[140.665163462729,42.8641191],[140.6651555655285,42.86413307444232],[140.6651365,42.864138862845856],[140.66511743447148,42.86413307444232],[140.66510953727098,42.8641191],[140.66511743447148,42.864105125557685],[140.6651365,42.86409933715415],[140.6651555655285,42.864105125557685],[140.665163462729,42.8641191]]]}},{"type":"Feature","id":"pylon-niseko-united-79","properties":{"kind":"pylon","name":"Lift tower","height":13},"geometry":{"type":"Polygon","coordinates":[[[140.66492506286446,42.8644293],[140.6649171656243,42.864443274442316],[140.6648981,42.86444906284585],[140.66487903437567,42.864443274442316],[140.66487113713552,42.8644293],[140.66487903437567,42.86441532555768],[140.6648981,42.864409537154145],[140.6649171656243,42.86441532555768],[140.66492506286446,42.8644293]]]}},{"type":"Feature","id":"pylon-niseko-united-80","properties":{"kind":"pylon","name":"Lift tower","height":13},"geometry":{"type":"Polygon","coordinates":[[[140.66497466287763,42.8644594],[140.6649667656336,42.86447337444232],[140.6649477,42.86447916284585],[140.6649286343664,42.86447337444232],[140.66492073712237,42.8644594],[140.6649286343664,42.86444542555768],[140.6649477,42.86443963715415],[140.6649667656336,42.86444542555768],[140.66497466287763,42.8644594]]]}},{"type":"Feature","id":"pylon-niseko-united-81","properties":{"kind":"pylon","name":"Lift tower","height":13},"geometry":{"type":"Polygon","coordinates":[[[140.6646920630481,42.8648497],[140.66468416575415,42.86486367444232],[140.6646651,42.86486946284585],[140.66464603424586,42.86486367444232],[140.6646381369519,42.8648497],[140.66464603424586,42.86483572555768],[140.6646651,42.86482993715415],[140.66468416575415,42.86483572555768],[140.6646920630481,42.8648497]]]}},{"type":"Feature","id":"pylon-niseko-united-82","properties":{"kind":"pylon","name":"Lift tower","height":13},"geometry":{"type":"Polygon","coordinates":[[[140.66474796305607,42.864868],[140.6647400657598,42.86488197444232],[140.664721,42.864887762845854],[140.66470193424018,42.86488197444232],[140.6646940369439,42.864868],[140.66470193424018,42.86485402555768],[140.664721,42.86484823715415],[140.6647400657598,42.86485402555768],[140.66474796305607,42.864868]]]}},{"type":"Feature","id":"pylon-niseko-united-83","properties":{"kind":"pylon","name":"Lift tower","height":13},"geometry":{"type":"Polygon","coordinates":[[[140.66444136324563,42.865302],[140.66443346589384,42.86531597444232],[140.6644144,42.86532176284585],[140.66439533410616,42.86531597444232],[140.66438743675437,42.865302],[140.66439533410616,42.86528802555768],[140.6644144,42.86528223715415],[140.66443346589384,42.86528802555768],[140.66444136324563,42.865302]]]}},{"type":"Feature","id":"pylon-niseko-united-84","properties":{"kind":"pylon","name":"Lift tower","height":13},"geometry":{"type":"Polygon","coordinates":[[[140.66449206325763,42.8653294],[140.6644841659023,42.86534337444232],[140.6644651,42.86534916284585],[140.6644460340977,42.86534337444232],[140.66443813674238,42.8653294],[140.6644460340977,42.86531542555768],[140.6644651,42.86530963715415],[140.6644841659023,42.86531542555768],[140.66449206325763,42.8653294]]]}},{"type":"Feature","id":"pylon-niseko-united-85","properties":{"kind":"pylon","name":"Lift tower","height":13},"geometry":{"type":"Polygon","coordinates":[[[140.66420426343245,42.8657297],[140.66419636602595,42.86574367444232],[140.6641773,42.865749462845855],[140.66415823397406,42.86574367444232],[140.66415033656756,42.8657297],[140.66415823397406,42.865715725557685],[140.6641773,42.86570993715415],[140.66419636602595,42.865715725557685],[140.66420426343245,42.8657297]]]}},{"type":"Feature","id":"pylon-niseko-united-86","properties":{"kind":"pylon","name":"Lift tower","height":13},"geometry":{"type":"Polygon","coordinates":[[[140.66425736344243,42.8657525],[140.66424946603297,42.86576647444232],[140.6642304,42.86577226284585],[140.66421133396705,42.86576647444232],[140.66420343655759,42.8657525],[140.66421133396705,42.86573852555768],[140.6642304,42.86573273715415],[140.66424946603297,42.86573852555768],[140.66425736344243,42.8657525]]]}},{"type":"Feature","id":"pylon-niseko-united-87","properties":{"kind":"pylon","name":"Lift tower","height":13},"geometry":{"type":"Polygon","coordinates":[[[140.66396986361713,42.8661525],[140.6639619661565,42.866166474442316],[140.6639429,42.86617226284585],[140.66392383384348,42.866166474442316],[140.66391593638286,42.8661525],[140.66392383384348,42.86613852555768],[140.6639429,42.866132737154146],[140.6639619661565,42.86613852555768],[140.66396986361713,42.8661525]]]}},{"type":"Feature","id":"pylon-niseko-united-88","properties":{"kind":"pylon","name":"Lift tower","height":13},"geometry":{"type":"Polygon","coordinates":[[[140.66402226362754,42.8661763],[140.66401436616388,42.86619027444232],[140.6639953,42.86619606284585],[140.66397623383614,42.86619027444232],[140.66396833637248,42.8661763],[140.66397623383614,42.86616232555768],[140.6639953,42.86615653715415],[140.66401436616388,42.86616232555768],[140.66402226362754,42.8661763]]]}},{"type":"Feature","id":"pylon-niseko-united-89","properties":{"kind":"pylon","name":"Lift tower","height":13},"geometry":{"type":"Polygon","coordinates":[[[140.66350126398643,42.866998],[140.66349336641767,42.86701197444232],[140.6634743,42.867017762845855],[140.6634552335823,42.86701197444232],[140.66344733601355,42.866998],[140.6634552335823,42.866984025557684],[140.6634743,42.86697823715415],[140.66349336641767,42.866984025557684],[140.66350126398643,42.866998]]]}},{"type":"Feature","id":"pylon-niseko-united-90","properties":{"kind":"pylon","name":"Lift tower","height":13},"geometry":{"type":"Polygon","coordinates":[[[140.66355446399584,42.8670195],[140.6635465664243,42.867033474442316],[140.6635275,42.86703926284585],[140.66350843357569,42.867033474442316],[140.66350053600414,42.8670195],[140.66350843357569,42.86700552555768],[140.6635275,42.866999737154146],[140.6635465664243,42.86700552555768],[140.66355446399584,42.8670195]]]}},{"type":"Feature","id":"pylon-niseko-united-91","properties":{"kind":"pylon","name":"Lift tower","height":13},"geometry":{"type":"Polygon","coordinates":[[[140.66317416424417,42.867588],[140.6631662665999,42.867601974442316],[140.6631472,42.86760776284585],[140.6631281334001,42.867601974442316],[140.66312023575583,42.867588],[140.6631281334001,42.86757402555768],[140.6631472,42.867568237154146],[140.6631662665999,42.86757402555768],[140.66317416424417,42.867588]]]}},{"type":"Feature","id":"pylon-niseko-united-92","properties":{"kind":"pylon","name":"Lift tower","height":13},"geometry":{"type":"Polygon","coordinates":[[[140.66322796425288,42.867608],[140.66322006660607,42.867621974442315],[140.663201,42.86762776284585],[140.6631819333939,42.867621974442315],[140.6631740357471,42.867608],[140.6631819333939,42.86759402555768],[140.663201,42.867588237154145],[140.66322006660607,42.86759402555768],[140.66322796425288,42.867608]]]}},{"type":"Feature","id":"pylon-niseko-united-93","properties":{"kind":"pylon","name":"Lift tower","height":13},"geometry":{"type":"Polygon","coordinates":[[[140.66292756443855,42.868033],[140.66291966673737,42.868046974442315],[140.6629006,42.86805276284585],[140.66288153326263,42.868046974442315],[140.66287363556145,42.868033],[140.66288153326263,42.86801902555768],[140.6629006,42.868013237154145],[140.66291966673737,42.86801902555768],[140.66292756443855,42.868033]]]}},{"type":"Feature","id":"pylon-niseko-united-94","properties":{"kind":"pylon","name":"Lift tower","height":13},"geometry":{"type":"Polygon","coordinates":[[[140.66298086444752,42.8680535],[140.66297296674367,42.86806747444232],[140.6629539,42.868073262845854],[140.66293483325632,42.86806747444232],[140.66292693555246,42.8680535],[140.66293483325632,42.868039525557684],[140.6629539,42.86803373715415],[140.66297296674367,42.868039525557684],[140.66298086444752,42.8680535]]]}},{"type":"Feature","id":"pylon-niseko-united-95","properties":{"kind":"pylon","name":"Lift tower","height":13},"geometry":{"type":"Polygon","coordinates":[[[140.66266496464544,42.8685066],[140.66265706688364,42.86852057444232],[140.662638,42.868526362845856],[140.66261893311633,42.86852057444232],[140.66261103535453,42.8685066],[140.66261893311633,42.868492625557685],[140.662638,42.86848683715415],[140.66265706688364,42.868492625557685],[140.66266496464544,42.8685066]]]}},{"type":"Feature","id":"pylon-niseko-united-96","properties":{"kind":"pylon","name":"Lift tower","height":13},"geometry":{"type":"Polygon","coordinates":[[[140.6627179646545,42.8685273],[140.66271006689004,42.868541274442315],[140.662691,42.86854706284585],[140.66267193310995,42.868541274442315],[140.6626640353455,42.8685273],[140.66267193310995,42.86851332555768],[140.662691,42.868507537154144],[140.66271006689004,42.86851332555768],[140.6627179646545,42.8685273]]]}},{"type":"Feature","id":"pylon-niseko-united-97","properties":{"kind":"pylon","name":"Lift tower","height":13},"geometry":{"type":"Polygon","coordinates":[[[140.6632032654558,42.8703615],[140.66319536745667,42.87037547444232],[140.6631763,42.870381262845854],[140.66315723254334,42.87037547444232],[140.66314933454422,42.8703615],[140.66315723254334,42.87034752555768],[140.6631763,42.87034173715415],[140.66319536745667,42.87034752555768],[140.6632032654558,42.8703615]]]}},{"type":"Feature","id":"pylon-niseko-united-98","properties":{"kind":"pylon","name":"Lift tower","height":13},"geometry":{"type":"Polygon","coordinates":[[[140.6639423652654,42.8699257],[140.66393446732204,42.86993967444232],[140.6639154,42.869945462845855],[140.66389633267798,42.86993967444232],[140.66388843473462,42.8699257],[140.66389633267798,42.869911725557685],[140.6639154,42.86990593715415],[140.66393446732204,42.869911725557685],[140.6639423652654,42.8699257]]]}},{"type":"Feature","id":"pylon-niseko-united-99","properties":{"kind":"pylon","name":"Lift tower","height":13},"geometry":{"type":"Polygon","coordinates":[[[140.66476066505462,42.8694432],[140.66475276717296,42.86945717444232],[140.6647337,42.86946296284585],[140.66471463282704,42.86945717444232],[140.66470673494538,42.8694432],[140.66471463282704,42.86942922555768],[140.6647337,42.86942343715415],[140.66475276717296,42.86942922555768],[140.66476066505462,42.8694432]]]}},{"type":"Feature","id":"pylon-niseko-united-100","properties":{"kind":"pylon","name":"Lift tower","height":13},"geometry":{"type":"Polygon","coordinates":[[[140.66525936492613,42.8691491],[140.66525146708213,42.86916307444232],[140.6652324,42.869168862845854],[140.6652133329179,42.86916307444232],[140.6652054350739,42.8691491],[140.6652133329179,42.86913512555768],[140.6652324,42.86912933715415],[140.66525146708213,42.86913512555768],[140.66525936492613,42.8691491]]]}},{"type":"Feature","id":"pylon-niseko-united-101","properties":{"kind":"pylon","name":"Lift tower","height":13},"geometry":{"type":"Polygon","coordinates":[[[140.66571056480987,42.868883],[140.66570266699992,42.868896974442315],[140.6656836,42.86890276284585],[140.66566453300007,42.868896974442315],[140.66565663519012,42.868883],[140.66566453300007,42.86886902555768],[140.6656836,42.868863237154144],[140.66570266699992,42.86886902555768],[140.66571056480987,42.868883]]]}},{"type":"Feature","id":"pylon-niseko-united-102","properties":{"kind":"pylon","name":"Lift tower","height":13},"geometry":{"type":"Polygon","coordinates":[[[140.66616606469256,42.8686144],[140.66615816691697,42.868628374442316],[140.6661391,42.86863416284585],[140.66612003308305,42.868628374442316],[140.66611213530746,42.8686144],[140.66612003308305,42.86860042555768],[140.6661391,42.868594637154146],[140.66615816691697,42.86860042555768],[140.66616606469256,42.8686144]]]}},{"type":"Feature","id":"pylon-niseko-united-103","properties":{"kind":"pylon","name":"Lift tower","height":13},"geometry":{"type":"Polygon","coordinates":[[[140.6666436645695,42.8683328],[140.66663576682996,42.868346774442315],[140.6666167,42.86835256284585],[140.66659763317003,42.868346774442315],[140.66658973543048,42.8683328],[140.66659763317003,42.86831882555768],[140.6666167,42.868313037154145],[140.66663576682996,42.86831882555768],[140.6666436645695,42.8683328]]]}},{"type":"Feature","id":"pylon-niseko-united-104","properties":{"kind":"pylon","name":"Lift tower","height":13},"geometry":{"type":"Polygon","coordinates":[[[140.66763666431373,42.8677472],[140.6676287666491,42.867761174442315],[140.6676097,42.86776696284585],[140.66759063335093,42.867761174442315],[140.6675827356863,42.8677472],[140.66759063335093,42.86773322555768],[140.6676097,42.867727437154144],[140.6676287666491,42.86773322555768],[140.66763666431373,42.8677472]]]}},{"type":"Feature","id":"pylon-niseko-united-105","properties":{"kind":"pylon","name":"Lift tower","height":13},"geometry":{"type":"Polygon","coordinates":[[[140.66833446413395,42.8673357],[140.66832656652198,42.867349674442316],[140.6683075,42.86735546284585],[140.668288433478,42.867349674442316],[140.66828053586605,42.8673357],[140.668288433478,42.86732172555768],[140.6683075,42.867315937154146],[140.66832656652198,42.86732172555768],[140.66833446413395,42.8673357]]]}},{"type":"Feature","id":"pylon-niseko-united-106","properties":{"kind":"pylon","name":"Lift tower","height":13},"geometry":{"type":"Polygon","coordinates":[[[140.6695234642815,42.8676734],[140.6695155666263,42.86768737444232],[140.6694965,42.86769316284585],[140.66947743337371,42.86768737444232],[140.66946953571852,42.8676734],[140.66947743337371,42.86765942555768],[140.6694965,42.86765363715415],[140.6695155666263,42.86765942555768],[140.6695234642815,42.8676734]]]}},{"type":"Feature","id":"pylon-niseko-united-107","properties":{"kind":"pylon","name":"Lift tower","height":13},"geometry":{"type":"Polygon","coordinates":[[[140.6700222642903,42.8676936],[140.67001436663253,42.86770757444232],[140.6699953,42.867713362845855],[140.6699762333675,42.86770757444232],[140.6699683357097,42.8676936],[140.6699762333675,42.867679625557685],[140.6699953,42.86767383715415],[140.67001436663253,42.867679625557685],[140.6700222642903,42.8676936]]]}},{"type":"Feature","id":"pylon-niseko-united-108","properties":{"kind":"pylon","name":"Lift tower","height":13},"geometry":{"type":"Polygon","coordinates":[[[140.6711185643097,42.867738],[140.67111066664626,42.86775197444232],[140.6710916,42.867757762845855],[140.67107253335377,42.86775197444232],[140.67106463569033,42.867738],[140.67107253335377,42.867724025557685],[140.6710916,42.86771823715415],[140.67111066664626,42.867724025557685],[140.6711185643097,42.867738]]]}},{"type":"Feature","id":"pylon-niseko-united-109","properties":{"kind":"pylon","name":"Lift tower","height":13},"geometry":{"type":"Polygon","coordinates":[[[140.6704736642983,42.8677119],[140.6704657666382,42.86772587444232],[140.6704467,42.867731662845856],[140.67042763336184,42.86772587444232],[140.67041973570173,42.8677119],[140.67042763336184,42.867697925557685],[140.6704467,42.86769213715415],[140.6704657666382,42.867697925557685],[140.6704736642983,42.8677119]]]}},{"type":"Feature","id":"pylon-niseko-united-110","properties":{"kind":"pylon","name":"Lift tower","height":13},"geometry":{"type":"Polygon","coordinates":[[[140.67222896432935,42.867783],[140.67222106666014,42.86779697444232],[140.672202,42.867802762845855],[140.67218293333985,42.86779697444232],[140.67217503567065,42.867783],[140.67218293333985,42.867769025557685],[140.672202,42.86776323715415],[140.67222106666014,42.867769025557685],[140.67222896432935,42.867783]]]}},{"type":"Feature","id":"pylon-niseko-united-111","properties":{"kind":"pylon","name":"Lift tower","height":13},"geometry":{"type":"Polygon","coordinates":[[[140.67307046434422,42.867817],[140.67306256667064,42.86783097444232],[140.6730435,42.867836762845855],[140.67302443332937,42.86783097444232],[140.6730165356558,42.867817],[140.67302443332937,42.867803025557684],[140.6730435,42.86779723715415],[140.67306256667064,42.867803025557684],[140.67307046434422,42.867817]]]}},{"type":"Feature","id":"pylon-niseko-united-112","properties":{"kind":"pylon","name":"Lift tower","height":13},"geometry":{"type":"Polygon","coordinates":[[[140.6740926643623,42.8678584],[140.67408476668342,42.86787237444232],[140.6740657,42.867878162845855],[140.67404663331658,42.86787237444232],[140.6740387356377,42.8678584],[140.67404663331658,42.867844425557685],[140.6740657,42.86783863715415],[140.67408476668342,42.867844425557685],[140.6740926643623,42.8678584]]]}},{"type":"Feature","id":"pylon-niseko-united-113","properties":{"kind":"pylon","name":"Lift tower","height":13},"geometry":{"type":"Polygon","coordinates":[[[140.67452436436994,42.8678759],[140.67451646668883,42.86788987444232],[140.6744974,42.867895662845854],[140.67447833331119,42.86788987444232],[140.67447043563007,42.8678759],[140.67447833331119,42.86786192555768],[140.6744974,42.86785613715415],[140.67451646668883,42.86786192555768],[140.67452436436994,42.8678759]]]}},{"type":"Feature","id":"pylon-niseko-united-114","properties":{"kind":"pylon","name":"Lift tower","height":13},"geometry":{"type":"Polygon","coordinates":[[[140.67515096438103,42.8679013],[140.67514306669668,42.86791527444232],[140.675124,42.86792106284585],[140.67510493330334,42.86791527444232],[140.675097035619,42.8679013],[140.67510493330334,42.86788732555768],[140.675124,42.86788153715415],[140.67514306669668,42.86788732555768],[140.67515096438103,42.8679013]]]}},{"type":"Feature","id":"pylon-niseko-united-115","properties":{"kind":"pylon","name":"Lift tower","height":13},"geometry":{"type":"Polygon","coordinates":[[[140.67635746440234,42.8679501],[140.67634956671176,42.86796407444232],[140.6763305,42.867969862845854],[140.67631143328825,42.86796407444232],[140.67630353559767,42.8679501],[140.67631143328825,42.867936125557684],[140.6763305,42.86793033715415],[140.67634956671176,42.867936125557684],[140.67635746440234,42.8679501]]]}},{"type":"Feature","id":"pylon-niseko-united-116","properties":{"kind":"pylon","name":"Lift tower","height":13},"geometry":{"type":"Polygon","coordinates":[[[140.67689216441184,42.8679718],[140.67688426671847,42.86798577444232],[140.6768652,42.86799156284585],[140.67684613328154,42.86798577444232],[140.67683823558818,42.8679718],[140.67684613328154,42.86795782555768],[140.6768652,42.86795203715415],[140.67688426671847,42.86795782555768],[140.67689216441184,42.8679718]]]}},{"type":"Feature","id":"pylon-niseko-united-117","properties":{"kind":"pylon","name":"Lift tower","height":13},"geometry":{"type":"Polygon","coordinates":[[[140.67774746442694,42.8680064],[140.67773956672914,42.86802037444232],[140.6777205,42.86802616284585],[140.67770143327084,42.86802037444232],[140.67769353557304,42.8680064],[140.67770143327084,42.86799242555768],[140.6777205,42.86798663715415],[140.67773956672914,42.86799242555768],[140.67774746442694,42.8680064]]]}},{"type":"Feature","id":"pylon-niseko-united-118","properties":{"kind":"pylon","name":"Lift tower","height":13},"geometry":{"type":"Polygon","coordinates":[[[140.67866326444314,42.8680435],[140.6786553667406,42.86805747444232],[140.6786363,42.86806326284585],[140.6786172332594,42.86805747444232],[140.67860933555684,42.8680435],[140.6786172332594,42.86802952555768],[140.6786363,42.86802373715415],[140.6786553667406,42.86802952555768],[140.67866326444314,42.8680435]]]}},{"type":"Feature","id":"pylon-niseko-united-119","properties":{"kind":"pylon","name":"Lift tower","height":13},"geometry":{"type":"Polygon","coordinates":[[[140.69381246220854,42.8629274],[140.6938045651605,42.862941374442315],[140.6937855,42.86294716284585],[140.6937664348395,42.862941374442315],[140.69375853779144,42.8629274],[140.6937664348395,42.86291342555768],[140.6937855,42.862907637154144],[140.6938045651605,42.86291342555768],[140.69381246220854,42.8629274]]]}},{"type":"Feature","id":"pylon-niseko-united-120","properties":{"kind":"pylon","name":"Lift tower","height":13},"geometry":{"type":"Polygon","coordinates":[[[140.6983955627161,42.8640895],[140.6983876655194,42.86410347444232],[140.6983686,42.86410926284585],[140.69834953448063,42.86410347444232],[140.69834163728393,42.8640895],[140.69834953448063,42.86407552555768],[140.6983686,42.864069737154146],[140.6983876655194,42.86407552555768],[140.6983955627161,42.8640895]]]}},{"type":"Feature","id":"pylon-niseko-united-121","properties":{"kind":"pylon","name":"Lift tower","height":13},"geometry":{"type":"Polygon","coordinates":[[[140.69844056273732,42.8641381],[140.6984326655344,42.864152074442316],[140.6984136,42.86415786284585],[140.69839453446562,42.864152074442316],[140.6983866372627,42.8641381],[140.69839453446562,42.86412412555768],[140.6984136,42.864118337154146],[140.6984326655344,42.86412412555768],[140.69844056273732,42.8641381]]]}},{"type":"Feature","id":"pylon-niseko-united-122","properties":{"kind":"pylon","name":"Lift tower","height":13},"geometry":{"type":"Polygon","coordinates":[[[140.69798916280675,42.8642971],[140.69798126558348,42.86431107444232],[140.6979622,42.864316862845854],[140.69794313441653,42.86431107444232],[140.69793523719326,42.8642971],[140.69794313441653,42.864283125557684],[140.6979622,42.86427733715415],[140.69798126558348,42.864283125557684],[140.69798916280675,42.8642971]]]}},{"type":"Feature","id":"pylon-niseko-united-123","properties":{"kind":"pylon","name":"Lift tower","height":13},"geometry":{"type":"Polygon","coordinates":[[[140.69801826283168,42.8643542],[140.69801036560114,42.86436817444232],[140.6979913,42.86437396284585],[140.6979722343989,42.86436817444232],[140.69796433716834,42.8643542],[140.6979722343989,42.86434022555768],[140.6979913,42.86433443715415],[140.69801036560114,42.86434022555768],[140.69801826283168,42.8643542]]]}},{"type":"Feature","id":"pylon-niseko-united-124","properties":{"kind":"pylon","name":"Lift tower","height":13},"geometry":{"type":"Polygon","coordinates":[[[140.69773646286313,42.8644262],[140.69772856562335,42.864440174442315],[140.6977095,42.86444596284585],[140.69769043437665,42.864440174442315],[140.69768253713687,42.8644262],[140.69769043437665,42.86441222555768],[140.6977095,42.864406437154145],[140.69772856562335,42.86441222555768],[140.69773646286313,42.8644262]]]}},{"type":"Feature","id":"pylon-niseko-united-125","properties":{"kind":"pylon","name":"Lift tower","height":13},"geometry":{"type":"Polygon","coordinates":[[[140.6977862628835,42.8644729],[140.6977783656378,42.86448687444232],[140.6977593,42.864492662845855],[140.69774023436221,42.86448687444232],[140.6977323371165,42.8644729],[140.69774023436221,42.864458925557685],[140.6977593,42.86445313715415],[140.6977783656378,42.864458925557685],[140.6977862628835,42.8644729]]]}},{"type":"Feature","id":"pylon-niseko-united-126","properties":{"kind":"pylon","name":"Lift tower","height":13},"geometry":{"type":"Polygon","coordinates":[[[140.69723306297544,42.8646834],[140.69722516570278,42.864697374442315],[140.6972061,42.86470316284585],[140.6971870342972,42.864697374442315],[140.69717913702453,42.8646834],[140.6971870342972,42.86466942555768],[140.6972061,42.864663637154145],[140.69722516570278,42.86466942555768],[140.69723306297544,42.8646834]]]}},{"type":"Feature","id":"pylon-niseko-united-127","properties":{"kind":"pylon","name":"Lift tower","height":13},"geometry":{"type":"Polygon","coordinates":[[[140.6972759629976,42.8647341],[140.69726806571845,42.86474807444232],[140.697249,42.86475386284585],[140.69722993428155,42.86474807444232],[140.6972220370024,42.8647341],[140.69722993428155,42.86472012555768],[140.697249,42.86471433715415],[140.69726806571845,42.86472012555768],[140.6972759629976,42.8647341]]]}},{"type":"Feature","id":"pylon-niseko-united-128","properties":{"kind":"pylon","name":"Lift tower","height":13},"geometry":{"type":"Polygon","coordinates":[[[140.69663696310846,42.8649879],[140.69662906579683,42.86500187444232],[140.69661,42.865007662845855],[140.69659093420316,42.86500187444232],[140.69658303689152,42.8649879],[140.69659093420316,42.864973925557685],[140.69661,42.86496813715415],[140.69662906579683,42.864973925557685],[140.69663696310846,42.8649879]]]}},{"type":"Feature","id":"pylon-niseko-united-129","properties":{"kind":"pylon","name":"Lift tower","height":13},"geometry":{"type":"Polygon","coordinates":[[[140.69666286313466,42.8650479],[140.69665496581536,42.86506187444232],[140.6966359,42.86506766284585],[140.69661683418462,42.86506187444232],[140.69660893686532,42.8650479],[140.69661683418462,42.86503392555768],[140.6966359,42.86502813715415],[140.69665496581536,42.86503392555768],[140.69666286313466,42.8650479]]]}},{"type":"Feature","id":"pylon-niseko-united-130","properties":{"kind":"pylon","name":"Lift tower","height":13},"geometry":{"type":"Polygon","coordinates":[[[140.6952505634178,42.8656962],[140.6952426660156,42.86571017444232],[140.6952236,42.865715962845854],[140.6952045339844,42.86571017444232],[140.69519663658218,42.8656962],[140.6952045339844,42.865682225557684],[140.6952236,42.86567643715415],[140.6952426660156,42.865682225557684],[140.6952505634178,42.8656962]]]}},{"type":"Feature","id":"pylon-niseko-united-131","properties":{"kind":"pylon","name":"Lift tower","height":13},"geometry":{"type":"Polygon","coordinates":[[[140.69529186344113,42.8657495],[140.69528396603206,42.86576347444232],[140.6952649,42.86576926284585],[140.69524583396796,42.86576347444232],[140.6952379365589,42.8657495],[140.69524583396796,42.86573552555768],[140.6952649,42.86572973715415],[140.69528396603206,42.86573552555768],[140.69529186344113,42.8657495]]]}},{"type":"Feature","id":"pylon-niseko-united-132","properties":{"kind":"pylon","name":"Lift tower","height":13},"geometry":{"type":"Polygon","coordinates":[[[140.69436386361568,42.8661492],[140.69435596615548,42.86616317444232],[140.6943369,42.866168962845855],[140.6943178338445,42.86616317444232],[140.69430993638431,42.8661492],[140.6943178338445,42.866135225557684],[140.6943369,42.86612943715415],[140.69435596615548,42.866135225557684],[140.69436386361568,42.8661492]]]}},{"type":"Feature","id":"pylon-niseko-united-133","properties":{"kind":"pylon","name":"Lift tower","height":13},"geometry":{"type":"Polygon","coordinates":[[[140.69439086364252,42.8662106],[140.6943829661745,42.86622457444232],[140.6943639,42.866230362845855],[140.69434483382554,42.86622457444232],[140.6943369363575,42.8662106],[140.69434483382554,42.866196625557684],[140.6943639,42.86619083715415],[140.6943829661745,42.866196625557684],[140.69439086364252,42.8662106]]]}},{"type":"Feature","id":"pylon-niseko-united-134","properties":{"kind":"pylon","name":"Lift tower","height":13},"geometry":{"type":"Polygon","coordinates":[[[140.6937201637593,42.866478],[140.69371226625705,42.86649197444232],[140.6936932,42.86649776284585],[140.69367413374297,42.86649197444232],[140.69366623624072,42.866478],[140.69367413374297,42.86646402555768],[140.6936932,42.86645823715415],[140.69371226625705,42.86646402555768],[140.6937201637593,42.866478]]]}},{"type":"Feature","id":"pylon-niseko-united-135","properties":{"kind":"pylon","name":"Lift tower","height":13},"geometry":{"type":"Polygon","coordinates":[[[140.69376346378277,42.8665317],[140.69375556627364,42.86654567444232],[140.6937365,42.866551462845855],[140.69371743372636,42.86654567444232],[140.69370953621723,42.8665317],[140.69371743372636,42.866517725557685],[140.6937365,42.86651193715415],[140.69375556627364,42.866517725557685],[140.69376346378277,42.8665317]]]}},{"type":"Feature","id":"pylon-niseko-united-136","properties":{"kind":"pylon","name":"Lift tower","height":13},"geometry":{"type":"Polygon","coordinates":[[[140.69305746410072,42.8672596],[140.69304956649844,42.867273574442315],[140.6930305,42.86727936284585],[140.69301143350154,42.867273574442315],[140.69300353589927,42.8672596],[140.69301143350154,42.86724562555768],[140.6930305,42.867239837154145],[140.69304956649844,42.86724562555768],[140.69305746410072,42.8672596]]]}},{"type":"Feature","id":"pylon-niseko-united-137","properties":{"kind":"pylon","name":"Lift tower","height":13},"geometry":{"type":"Polygon","coordinates":[[[140.69227986416524,42.8674073],[140.6922719665441,42.86742127444232],[140.6922529,42.867427062845856],[140.6922338334559,42.86742127444232],[140.69222593583476,42.8674073],[140.6922338334559,42.867393325557686],[140.6922529,42.86738753715415],[140.6922719665441,42.867393325557686],[140.69227986416524,42.8674073]]]}},{"type":"Feature","id":"pylon-niseko-united-138","properties":{"kind":"pylon","name":"Lift tower","height":13},"geometry":{"type":"Polygon","coordinates":[[[140.6917919642057,42.8674999],[140.6917840665727,42.86751387444232],[140.691765,42.86751966284585],[140.6917459334273,42.86751387444232],[140.69173803579432,42.8674999],[140.6917459334273,42.86748592555768],[140.691765,42.867480137154146],[140.6917840665727,42.86748592555768],[140.6917919642057,42.8674999]]]}},{"type":"Feature","id":"pylon-niseko-united-139","properties":{"kind":"pylon","name":"Lift tower","height":13},"geometry":{"type":"Polygon","coordinates":[[[140.69108286426453,42.8676346],[140.6910749666143,42.86764857444232],[140.6910559,42.867654362845855],[140.6910368333857,42.86764857444232],[140.6910289357355,42.8676346],[140.6910368333857,42.867620625557684],[140.6910559,42.86761483715415],[140.6910749666143,42.867620625557684],[140.69108286426453,42.8676346]]]}},{"type":"Feature","id":"pylon-niseko-united-140","properties":{"kind":"pylon","name":"Lift tower","height":13},"geometry":{"type":"Polygon","coordinates":[[[140.69006776434878,42.8678275],[140.69005986667386,42.867841474442315],[140.6900408,42.86784726284585],[140.69002173332612,42.867841474442315],[140.6900138356512,42.8678275],[140.69002173332612,42.86781352555768],[140.6900408,42.867807737154145],[140.69005986667386,42.86781352555768],[140.69006776434878,42.8678275]]]}},{"type":"Feature","id":"pylon-niseko-united-141","properties":{"kind":"pylon","name":"Lift tower","height":13},"geometry":{"type":"Polygon","coordinates":[[[140.68874086445888,42.8680795],[140.68873296675173,42.86809347444232],[140.6887139,42.86809926284585],[140.6886948332483,42.86809347444232],[140.68868693554114,42.8680795],[140.6886948332483,42.86806552555768],[140.6887139,42.86805973715415],[140.68873296675173,42.86806552555768],[140.68874086445888,42.8680795]]]}},{"type":"Feature","id":"pylon-niseko-united-142","properties":{"kind":"pylon","name":"Lift tower","height":13},"geometry":{"type":"Polygon","coordinates":[[[140.68775566454062,42.8682666],[140.68774776680954,42.868280574442316],[140.6877287,42.86828636284585],[140.68770963319048,42.868280574442316],[140.6877017354594,42.8682666],[140.68770963319048,42.86825262555768],[140.6877287,42.868246837154146],[140.68774776680954,42.86825262555768],[140.68775566454062,42.8682666]]]}},{"type":"Feature","id":"pylon-niseko-united-143","properties":{"kind":"pylon","name":"Lift tower","height":13},"geometry":{"type":"Polygon","coordinates":[[[140.68721846458521,42.8683687],[140.68721056684106,42.868382674442316],[140.6871915,42.86838846284585],[140.68717243315896,42.868382674442316],[140.6871645354148,42.8683687],[140.68717243315896,42.86835472555768],[140.6871915,42.868348937154146],[140.68721056684106,42.86835472555768],[140.68721846458521,42.8683687]]]}},{"type":"Feature","id":"pylon-niseko-united-144","properties":{"kind":"pylon","name":"Lift tower","height":13},"geometry":{"type":"Polygon","coordinates":[[[140.6863517646571,42.8685333],[140.6863438668919,42.86854727444232],[140.6863248,42.868553062845855],[140.6863057331081,42.86854727444232],[140.68629783534288,42.8685333],[140.6863057331081,42.868519325557685],[140.6863248,42.86851353715415],[140.6863438668919,42.868519325557685],[140.6863517646571,42.8685333]]]}},{"type":"Feature","id":"pylon-niseko-united-145","properties":{"kind":"pylon","name":"Lift tower","height":13},"geometry":{"type":"Polygon","coordinates":[[[140.68553346472504,42.8686888],[140.68552556693993,42.86870277444232],[140.6855065,42.86870856284585],[140.68548743306008,42.86870277444232],[140.68547953527496,42.8686888],[140.68548743306008,42.86867482555768],[140.6855065,42.86866903715415],[140.68552556693993,42.86867482555768],[140.68553346472504,42.8686888]]]}},{"type":"Feature","id":"pylon-niseko-united-146","properties":{"kind":"pylon","name":"Lift tower","height":13},"geometry":{"type":"Polygon","coordinates":[[[140.68470496479375,42.8688461],[140.68469706698852,42.86886007444232],[140.684678,42.86886586284585],[140.68465893301146,42.86886007444232],[140.68465103520623,42.8688461],[140.68465893301146,42.86883212555768],[140.684678,42.86882633715415],[140.68469706698852,42.86883212555768],[140.68470496479375,42.8688461]]]}},{"type":"Feature","id":"pylon-niseko-united-147","properties":{"kind":"pylon","name":"Lift tower","height":13},"geometry":{"type":"Polygon","coordinates":[[[140.6838286648665,42.8690126],[140.68382076703995,42.869026574442316],[140.6838017,42.86903236284585],[140.68378263296006,42.869026574442316],[140.6837747351335,42.8690126],[140.68378263296006,42.86899862555768],[140.6838017,42.868992837154146],[140.68382076703995,42.86899862555768],[140.6838286648665,42.8690126]]]}},{"type":"Feature","id":"pylon-niseko-united-148","properties":{"kind":"pylon","name":"Lift tower","height":13},"geometry":{"type":"Polygon","coordinates":[[[140.6818859650277,42.8693816],[140.68187806715395,42.869395574442315],[140.681859,42.86940136284585],[140.68183993284606,42.869395574442315],[140.6818320349723,42.8693816],[140.68183993284606,42.86936762555768],[140.681859,42.869361837154145],[140.68187806715395,42.86936762555768],[140.6818859650277,42.8693816]]]}},{"type":"Feature","id":"pylon-niseko-united-149","properties":{"kind":"pylon","name":"Lift tower","height":13},"geometry":{"type":"Polygon","coordinates":[[[140.68132256507445,42.8694886],[140.681314667187,42.869502574442315],[140.6812956,42.86950836284585],[140.681276532813,42.869502574442315],[140.68126863492554,42.8694886],[140.681276532813,42.86947462555768],[140.6812956,42.869468837154145],[140.681314667187,42.86947462555768],[140.68132256507445,42.8694886]]]}},{"type":"Feature","id":"pylon-niseko-united-150","properties":{"kind":"pylon","name":"Lift tower","height":13},"geometry":{"type":"Polygon","coordinates":[[[140.682759665821,42.8711974],[140.6827517677149,42.87121137444232],[140.6827327,42.87121716284585],[140.6827136322851,42.87121137444232],[140.682705734179,42.8711974],[140.6827136322851,42.87118342555768],[140.6827327,42.87117763715415],[140.6827517677149,42.87118342555768],[140.682759665821,42.8711974]]]}},{"type":"Feature","id":"pylon-niseko-united-151","properties":{"kind":"pylon","name":"Lift tower","height":13},"geometry":{"type":"Polygon","coordinates":[[[140.68394896563674,42.8707757],[140.6839410675846,42.87078967444232],[140.683922,42.870795462845855],[140.68390293241538,42.87078967444232],[140.68389503436325,42.8707757],[140.68390293241538,42.870761725557685],[140.683922,42.87075593715415],[140.6839410675846,42.870761725557685],[140.68394896563674,42.8707757]]]}},{"type":"Feature","id":"pylon-niseko-united-152","properties":{"kind":"pylon","name":"Lift tower","height":13},"geometry":{"type":"Polygon","coordinates":[[[140.68493096548463,42.8704275],[140.68492306747703,42.870441474442316],[140.684904,42.87044726284585],[140.68488493252295,42.870441474442316],[140.68487703451535,42.8704275],[140.68488493252295,42.87041352555768],[140.684904,42.870407737154146],[140.68492306747703,42.87041352555768],[140.68493096548463,42.8704275]]]}},{"type":"Feature","id":"pylon-niseko-united-153","properties":{"kind":"pylon","name":"Lift tower","height":13},"geometry":{"type":"Polygon","coordinates":[[[140.6875772650747,42.8694892],[140.68756936718717,42.869503174442315],[140.6875503,42.86950896284585],[140.68753123281283,42.869503174442315],[140.6875233349253,42.8694892],[140.68753123281283,42.86947522555768],[140.6875503,42.869469437154144],[140.68756936718717,42.86947522555768],[140.6875772650747,42.8694892]]]}},{"type":"Feature","id":"pylon-niseko-united-154","properties":{"kind":"pylon","name":"Lift tower","height":13},"geometry":{"type":"Polygon","coordinates":[[[140.68870186490048,42.8690904],[140.68869396706398,42.869104374442315],[140.6886749,42.86911016284585],[140.688655832936,42.869104374442315],[140.6886479350995,42.8690904],[140.688655832936,42.86907642555768],[140.6886749,42.869070637154145],[140.68869396706398,42.86907642555768],[140.68870186490048,42.8690904]]]}},{"type":"Feature","id":"pylon-niseko-united-155","properties":{"kind":"pylon","name":"Lift tower","height":13},"geometry":{"type":"Polygon","coordinates":[[[140.6890660648441,42.8689613],[140.68905816702411,42.86897527444232],[140.6890391,42.868981062845855],[140.6890200329759,42.86897527444232],[140.6890121351559,42.8689613],[140.6890200329759,42.868947325557684],[140.6890391,42.86894153715415],[140.68905816702411,42.868947325557684],[140.6890660648441,42.8689613]]]}},{"type":"Feature","id":"pylon-niseko-united-156","properties":{"kind":"pylon","name":"Lift tower","height":13},"geometry":{"type":"Polygon","coordinates":[[[140.69015246467575,42.868576],[140.69014456690508,42.868589974442315],[140.6901255,42.86859576284585],[140.6901064330949,42.868589974442315],[140.69009853532424,42.868576],[140.6901064330949,42.86856202555768],[140.6901255,42.868556237154145],[140.69014456690508,42.86856202555768],[140.69015246467575,42.868576]]]}},{"type":"Feature","id":"pylon-niseko-united-157","properties":{"kind":"pylon","name":"Lift tower","height":13},"geometry":{"type":"Polygon","coordinates":[[[140.6920781643775,42.8678932],[140.69207026669417,42.867907174442315],[140.6920512,42.86791296284585],[140.69203213330584,42.867907174442315],[140.6920242356225,42.8678932],[140.69203213330584,42.86787922555768],[140.6920512,42.867873437154145],[140.69207026669417,42.86787922555768],[140.6920781643775,42.8678932]]]}},{"type":"Feature","id":"pylon-niseko-united-158","properties":{"kind":"pylon","name":"Lift tower","height":13},"geometry":{"type":"Polygon","coordinates":[[[140.69272696427697,42.8676631],[140.6927190666231,42.86767707444232],[140.6927,42.867682862845854],[140.6926809333769,42.86767707444232],[140.69267303572303,42.8676631],[140.6926809333769,42.86764912555768],[140.6927,42.86764333715415],[140.6927190666231,42.86764912555768],[140.69272696427697,42.8676631]]]}},{"type":"Feature","id":"pylon-niseko-united-159","properties":{"kind":"pylon","name":"Lift tower","height":13},"geometry":{"type":"Polygon","coordinates":[[[140.69279586426632,42.8676387],[140.69278796661555,42.86765267444232],[140.6927689,42.86765846284585],[140.69274983338445,42.86765267444232],[140.6927419357337,42.8676387],[140.69274983338445,42.86762472555768],[140.6927689,42.86761893715415],[140.69278796661555,42.86762472555768],[140.69279586426632,42.8676387]]]}},{"type":"Feature","id":"pylon-niseko-united-160","properties":{"kind":"pylon","name":"Lift tower","height":13},"geometry":{"type":"Polygon","coordinates":[[[140.693720964123,42.8673106],[140.69371306651422,42.86732457444232],[140.693694,42.867330362845856],[140.69367493348577,42.86732457444232],[140.69366703587698,42.8673106],[140.69367493348577,42.867296625557685],[140.693694,42.86729083715415],[140.69371306651422,42.867296625557685],[140.693720964123,42.8673106]]]}},{"type":"Feature","id":"pylon-niseko-united-161","properties":{"kind":"pylon","name":"Lift tower","height":13},"geometry":{"type":"Polygon","coordinates":[[[140.69615556374592,42.8664473],[140.69614766624758,42.866461274442315],[140.6961286,42.86646706284585],[140.69610953375243,42.866461274442315],[140.6961016362541,42.8664473],[140.69610953375243,42.86643332555768],[140.6961286,42.866427537154145],[140.69614766624758,42.86643332555768],[140.69615556374592,42.8664473]]]}},{"type":"Feature","id":"pylon-niseko-united-162","properties":{"kind":"pylon","name":"Lift tower","height":13},"geometry":{"type":"Polygon","coordinates":[[[140.69710816359836,42.8661095],[140.69710026614325,42.86612347444232],[140.6970812,42.86612926284585],[140.69706213385678,42.86612347444232],[140.69705423640167,42.8661095],[140.69706213385678,42.86609552555768],[140.6970812,42.86608973715415],[140.69710026614325,42.86609552555768],[140.69710816359836,42.8661095]]]}},{"type":"Feature","id":"pylon-niseko-united-163","properties":{"kind":"pylon","name":"Lift tower","height":13},"geometry":{"type":"Polygon","coordinates":[[[140.69884926332867,42.8654921],[140.69884136595255,42.865506074442315],[140.6988223,42.86551186284585],[140.69880323404743,42.865506074442315],[140.6987953366713,42.8654921],[140.69880323404743,42.86547812555768],[140.6988223,42.865472337154145],[140.69884136595255,42.86547812555768],[140.69884926332867,42.8654921]]]}},{"type":"Feature","id":"pylon-niseko-united-164","properties":{"kind":"pylon","name":"Lift tower","height":13},"geometry":{"type":"Polygon","coordinates":[[[140.70078056302958,42.8648073],[140.70077266574106,42.86482127444232],[140.7007536,42.864827062845855],[140.70073453425897,42.86482127444232],[140.70072663697044,42.8648073],[140.70073453425897,42.864793325557685],[140.7007536,42.86478753715415],[140.70077266574106,42.864793325557685],[140.70078056302958,42.8648073]]]}},{"type":"Feature","id":"pylon-niseko-united-165","properties":{"kind":"pylon","name":"Lift tower","height":13},"geometry":{"type":"Polygon","coordinates":[[[140.69972956293338,42.8645871],[140.69972166567305,42.86460107444232],[140.6997026,42.864606862845854],[140.69968353432694,42.86460107444232],[140.6996756370666,42.8645871],[140.69968353432694,42.86457312555768],[140.6997026,42.86456733715415],[140.69972166567305,42.86457312555768],[140.69972956293338,42.8645871]]]}},{"type":"Feature","id":"pylon-niseko-united-166","properties":{"kind":"pylon","name":"Lift tower","height":13},"geometry":{"type":"Polygon","coordinates":[[[140.70018796282295,42.8643342],[140.70018006559496,42.86434817444232],[140.700161,42.864353962845854],[140.70014193440505,42.86434817444232],[140.70013403717707,42.8643342],[140.70014193440505,42.864320225557684],[140.700161,42.86431443715415],[140.70018006559496,42.864320225557684],[140.70018796282295,42.8643342]]]}},{"type":"Feature","id":"pylon-niseko-united-167","properties":{"kind":"pylon","name":"Lift tower","height":13},"geometry":{"type":"Polygon","coordinates":[[[140.69926346304578,42.8648444],[140.69925556575254,42.86485837444232],[140.6992365,42.864864162845855],[140.6992174342475,42.86485837444232],[140.69920953695424,42.8648444],[140.6992174342475,42.864830425557685],[140.6992365,42.86482463715415],[140.69925556575254,42.864830425557685],[140.69926346304578,42.8648444]]]}},{"type":"Feature","id":"pylon-niseko-united-168","properties":{"kind":"pylon","name":"Lift tower","height":13},"geometry":{"type":"Polygon","coordinates":[[[140.69866556318988,42.8651743],[140.6986576658544,42.86518827444232],[140.6986386,42.86519406284585],[140.69861953414562,42.86518827444232],[140.69861163681014,42.8651743],[140.69861953414562,42.86516032555768],[140.6986386,42.86515453715415],[140.6986576658544,42.86516032555768],[140.69866556318988,42.8651743]]]}},{"type":"Feature","id":"pylon-niseko-united-169","properties":{"kind":"pylon","name":"Lift tower","height":13},"geometry":{"type":"Polygon","coordinates":[[[140.6982752632839,42.8653896],[140.69826736592088,42.86540357444232],[140.6982483,42.86540936284585],[140.6982292340791,42.86540357444232],[140.69822133671607,42.8653896],[140.6982292340791,42.86537562555768],[140.6982483,42.86536983715415],[140.69826736592088,42.86537562555768],[140.6982752632839,42.8653896]]]}},{"type":"Feature","id":"pylon-niseko-united-170","properties":{"kind":"pylon","name":"Lift tower","height":13},"geometry":{"type":"Polygon","coordinates":[[[140.6978978633749,42.8655979],[140.6978899659852,42.865611874442315],[140.6978709,42.86561766284585],[140.69785183401478,42.865611874442315],[140.6978439366251,42.8655979],[140.69785183401478,42.86558392555768],[140.6978709,42.865578137154145],[140.6978899659852,42.86558392555768],[140.6978978633749,42.8655979]]]}},{"type":"Feature","id":"pylon-niseko-united-171","properties":{"kind":"pylon","name":"Lift tower","height":13},"geometry":{"type":"Polygon","coordinates":[[[140.69728076352362,42.8659384],[140.6972728660904,42.865952374442315],[140.6972538,42.86595816284585],[140.6972347339096,42.865952374442315],[140.69722683647637,42.8659384],[140.6972347339096,42.86592442555768],[140.6972538,42.865918637154145],[140.6972728660904,42.86592442555768],[140.69728076352362,42.8659384]]]}},{"type":"Feature","id":"pylon-niseko-united-172","properties":{"kind":"pylon","name":"Lift tower","height":13},"geometry":{"type":"Polygon","coordinates":[[[140.69681696363543,42.8661944],[140.69680906616946,42.866208374442316],[140.69679,42.86621416284585],[140.69677093383052,42.866208374442316],[140.69676303636456,42.8661944],[140.69677093383052,42.86618042555768],[140.69679,42.866174637154145],[140.69680906616946,42.86618042555768],[140.69681696363543,42.8661944]]]}},{"type":"Feature","id":"pylon-niseko-united-173","properties":{"kind":"pylon","name":"Lift tower","height":13},"geometry":{"type":"Polygon","coordinates":[[[140.69637366374226,42.866439],[140.696365766245,42.86645297444232],[140.6963467,42.86645876284585],[140.69632763375498,42.86645297444232],[140.69631973625772,42.866439],[140.69632763375498,42.86642502555768],[140.6963467,42.86641923715415],[140.696365766245,42.86642502555768],[140.69637366374226,42.866439]]]}},{"type":"Feature","id":"pylon-niseko-united-174","properties":{"kind":"pylon","name":"Lift tower","height":13},"geometry":{"type":"Polygon","coordinates":[[[140.69606556381655,42.866609],[140.69605766629752,42.866622974442315],[140.6960386,42.86662876284585],[140.6960195337025,42.866622974442315],[140.69601163618347,42.866609],[140.6960195337025,42.86659502555768],[140.6960386,42.866589237154145],[140.69605766629752,42.86659502555768],[140.69606556381655,42.866609]]]}},{"type":"Feature","id":"pylon-niseko-united-175","properties":{"kind":"pylon","name":"Lift tower","height":13},"geometry":{"type":"Polygon","coordinates":[[[140.69531876399654,42.8670211],[140.69531086642482,42.86703507444232],[140.6952918,42.867040862845855],[140.6952727335752,42.86703507444232],[140.69526483600347,42.8670211],[140.6952727335752,42.867007125557684],[140.6952918,42.86700133715415],[140.69531086642482,42.867007125557684],[140.69531876399654,42.8670211]]]}},{"type":"Feature","id":"pylon-niseko-united-176","properties":{"kind":"pylon","name":"Lift tower","height":13},"geometry":{"type":"Polygon","coordinates":[[[140.69455966417948,42.8674399],[140.69455176655416,42.86745387444232],[140.6945327,42.86745966284585],[140.69451363344584,42.86745387444232],[140.6945057358205,42.8674399],[140.69451363344584,42.86742592555768],[140.6945327,42.86742013715415],[140.69455176655416,42.86742592555768],[140.69455966417948,42.8674399]]]}},{"type":"Feature","id":"pylon-niseko-united-177","properties":{"kind":"pylon","name":"Lift tower","height":13},"geometry":{"type":"Polygon","coordinates":[[[140.67946036542494,42.8702909],[140.67945246743483,42.87030487444232],[140.6794334,42.87031066284585],[140.67941433256516,42.87030487444232],[140.67940643457504,42.8702909],[140.67941433256516,42.87027692555768],[140.6794334,42.87027113715415],[140.67945246743483,42.87027692555768],[140.67946036542494,42.8702909]]]}},{"type":"Feature","id":"pylon-niseko-united-178","properties":{"kind":"pylon","name":"Lift tower","height":13},"geometry":{"type":"Polygon","coordinates":[[[140.67879586533437,42.8700836],[140.6787879673708,42.87009757444232],[140.6787689,42.87010336284585],[140.6787498326292,42.87009757444232],[140.67874193466562,42.8700836],[140.6787498326292,42.87006962555768],[140.6787689,42.87006383715415],[140.6787879673708,42.87006962555768],[140.67879586533437,42.8700836]]]}},{"type":"Feature","id":"pylon-niseko-united-179","properties":{"kind":"pylon","name":"Lift tower","height":13},"geometry":{"type":"Polygon","coordinates":[[[140.67877456548402,42.8704261],[140.67876666747662,42.87044007444232],[140.6787476,42.870445862845855],[140.6787285325234,42.87044007444232],[140.678720634516,42.8704261],[140.6787285325234,42.870412125557685],[140.6787476,42.87040633715415],[140.67876666747662,42.870412125557685],[140.67877456548402,42.8704261]]]}},{"type":"Feature","id":"pylon-niseko-united-180","properties":{"kind":"pylon","name":"Lift tower","height":13},"geometry":{"type":"Polygon","coordinates":[[[140.67813026553955,42.8705532],[140.67812236751587,42.87056717444232],[140.6781033,42.870572962845856],[140.67808423248414,42.87056717444232],[140.67807633446046,42.8705532],[140.67808423248414,42.870539225557685],[140.6781033,42.87053343715415],[140.67812236751587,42.870539225557685],[140.67813026553955,42.8705532]]]}},{"type":"Feature","id":"pylon-niseko-united-181","properties":{"kind":"pylon","name":"Lift tower","height":13},"geometry":{"type":"Polygon","coordinates":[[[140.67762366538207,42.8701927],[140.67761576740452,42.870206674442315],[140.6775967,42.87021246284585],[140.6775776325955,42.870206674442315],[140.67756973461795,42.8701927],[140.6775776325955,42.87017872555768],[140.6775967,42.870172937154145],[140.67761576740452,42.87017872555768],[140.67762366538207,42.8701927]]]}},{"type":"Feature","id":"pylon-niseko-united-182","properties":{"kind":"pylon","name":"Lift tower","height":13},"geometry":{"type":"Polygon","coordinates":[[[140.67676546541696,42.8702726],[140.67675756742918,42.87028657444232],[140.6767385,42.87029236284585],[140.67671943257082,42.87028657444232],[140.67671153458303,42.8702726],[140.67671943257082,42.87025862555768],[140.6767385,42.87025283715415],[140.67675756742918,42.87025862555768],[140.67676546541696,42.8702726]]]}},{"type":"Feature","id":"pylon-niseko-united-183","properties":{"kind":"pylon","name":"Lift tower","height":13},"geometry":{"type":"Polygon","coordinates":[[[140.67641636568715,42.870891],[140.67640846762023,42.87090497444232],[140.6763894,42.87091076284585],[140.67637033237978,42.87090497444232],[140.67636243431286,42.870891],[140.67637033237978,42.87087702555768],[140.6763894,42.87087123715415],[140.67640846762023,42.87087702555768],[140.67641636568715,42.870891]]]}},{"type":"Feature","id":"pylon-niseko-united-184","properties":{"kind":"pylon","name":"Lift tower","height":13},"geometry":{"type":"Polygon","coordinates":[[[140.67686486564853,42.8708026],[140.67685696759293,42.870816574442316],[140.6768379,42.87082236284585],[140.6768188324071,42.870816574442316],[140.6768109343515,42.8708026],[140.6768188324071,42.87078862555768],[140.6768379,42.870782837154145],[140.67685696759293,42.87078862555768],[140.67686486564853,42.8708026]]]}},{"type":"Feature","id":"pylon-niseko-united-185","properties":{"kind":"pylon","name":"Lift tower","height":13},"geometry":{"type":"Polygon","coordinates":[[[140.67577946545705,42.8703644],[140.67577156745753,42.87037837444232],[140.6757525,42.87038416284585],[140.67573343254244,42.87037837444232],[140.67572553454292,42.8703644],[140.67573343254244,42.87035042555768],[140.6757525,42.87034463715415],[140.67577156745753,42.87035042555768],[140.67577946545705,42.8703644]]]}},{"type":"Feature","id":"pylon-niseko-united-186","properties":{"kind":"pylon","name":"Lift tower","height":13},"geometry":{"type":"Polygon","coordinates":[[[140.67584656573624,42.8710034],[140.67583866765497,42.87101737444232],[140.6758196,42.87102316284585],[140.67580053234505,42.87101737444232],[140.6757926342638,42.8710034],[140.67580053234505,42.87098942555768],[140.6758196,42.87098363715415],[140.67583866765497,42.87098942555768],[140.67584656573624,42.8710034]]]}},{"type":"Feature","id":"pylon-niseko-united-187","properties":{"kind":"pylon","name":"Lift tower","height":13},"geometry":{"type":"Polygon","coordinates":[[[140.67532896578078,42.8711054],[140.67532106768644,42.871119374442316],[140.675302,42.87112516284585],[140.67528293231354,42.871119374442316],[140.6752750342192,42.8711054],[140.67528293231354,42.87109142555768],[140.675302,42.871085637154145],[140.67532106768644,42.87109142555768],[140.67532896578078,42.8711054]]]}},{"type":"Feature","id":"pylon-niseko-united-188","properties":{"kind":"pylon","name":"Lift tower","height":13},"geometry":{"type":"Polygon","coordinates":[[[140.67446886551036,42.8704864],[140.67446096749524,42.870500374442315],[140.6744419,42.87050616284585],[140.67442283250477,42.870500374442315],[140.67441493448965,42.8704864],[140.67442283250477,42.87047242555768],[140.6744419,42.870466637154145],[140.67446096749524,42.87047242555768],[140.67446886551036,42.8704864]]]}},{"type":"Feature","id":"pylon-niseko-united-189","properties":{"kind":"pylon","name":"Lift tower","height":13},"geometry":{"type":"Polygon","coordinates":[[[140.6748609658211,42.8711976],[140.67485306771496,42.87121157444232],[140.674834,42.871217362845854],[140.67481493228505,42.87121157444232],[140.6748070341789,42.8711976],[140.67481493228505,42.871183625557684],[140.674834,42.87117783715415],[140.67485306771496,42.871183625557684],[140.6748609658211,42.8711976]]]}},{"type":"Feature","id":"pylon-niseko-united-190","properties":{"kind":"pylon","name":"Lift tower","height":13},"geometry":{"type":"Polygon","coordinates":[[[140.6741831658795,42.8713313],[140.67417526775625,42.87134527444232],[140.6741562,42.871351062845854],[140.67413713224374,42.87134527444232],[140.6741292341205,42.8713313],[140.67413713224374,42.87131732555768],[140.6741562,42.87131153715415],[140.67417526775625,42.87131732555768],[140.6741831658795,42.8713313]]]}},{"type":"Feature","id":"pylon-niseko-united-191","properties":{"kind":"pylon","name":"Lift tower","height":13},"geometry":{"type":"Polygon","coordinates":[[[140.67338236594844,42.8714891],[140.673374467805,42.871503074442316],[140.6733554,42.87150886284585],[140.673336332195,42.871503074442316],[140.67332843405154,42.8714891],[140.673336332195,42.87147512555768],[140.6733554,42.871469337154146],[140.673374467805,42.87147512555768],[140.67338236594844,42.8714891]]]}},{"type":"Feature","id":"pylon-niseko-united-192","properties":{"kind":"pylon","name":"Lift tower","height":13},"geometry":{"type":"Polygon","coordinates":[[[140.67347546555078,42.8705789],[140.67346756752383,42.870592874442316],[140.6734485,42.87059866284585],[140.67342943247618,42.870592874442316],[140.67342153444923,42.8705789],[140.67342943247618,42.87056492555768],[140.6734485,42.870559137154146],[140.67346756752383,42.87056492555768],[140.67347546555078,42.8705789]]]}},{"type":"Feature","id":"pylon-niseko-united-193","properties":{"kind":"pylon","name":"Lift tower","height":13},"geometry":{"type":"Polygon","coordinates":[[[140.67239936603312,42.8716829],[140.67239146786488,42.87169687444232],[140.6723724,42.871702662845856],[140.67235333213512,42.87169687444232],[140.67234543396688,42.8716829],[140.67235333213512,42.871668925557685],[140.6723724,42.87166313715415],[140.67239146786488,42.871668925557685],[140.67239936603312,42.8716829]]]}},{"type":"Feature","id":"pylon-niseko-united-194","properties":{"kind":"pylon","name":"Lift tower","height":13},"geometry":{"type":"Polygon","coordinates":[[[140.67179136561927,42.8707357],[140.67178346757225,42.870749674442315],[140.6717644,42.87075546284585],[140.67174533242775,42.870749674442315],[140.67173743438073,42.8707357],[140.67174533242775,42.87072172555768],[140.6717644,42.870715937154145],[140.67178346757225,42.87072172555768],[140.67179136561927,42.8707357]]]}},{"type":"Feature","id":"pylon-niseko-united-195","properties":{"kind":"pylon","name":"Lift tower","height":13},"geometry":{"type":"Polygon","coordinates":[[[140.67171196609232,42.8718184],[140.67170406790675,42.87183237444232],[140.671685,42.871838162845854],[140.67166593209325,42.87183237444232],[140.67165803390768,42.8718184],[140.67166593209325,42.871804425557684],[140.671685,42.87179863715415],[140.67170406790675,42.871804425557684],[140.67171196609232,42.8718184]]]}},{"type":"Feature","id":"pylon-niseko-united-196","properties":{"kind":"pylon","name":"Lift tower","height":13},"geometry":{"type":"Polygon","coordinates":[[[140.67057776566864,42.8708487],[140.67056986760716,42.87086267444232],[140.6705508,42.870868462845856],[140.67053173239285,42.87086267444232],[140.67052383433136,42.8708487],[140.67053173239285,42.870834725557685],[140.6705508,42.87082893715415],[140.67056986760716,42.870834725557685],[140.67057776566864,42.8708487]]]}},{"type":"Feature","id":"pylon-niseko-united-197","properties":{"kind":"pylon","name":"Lift tower","height":13},"geometry":{"type":"Polygon","coordinates":[[[140.67084876616667,42.8719886],[140.67084086795933,42.87200257444232],[140.6708218,42.872008362845854],[140.67080273204067,42.87200257444232],[140.67079483383333,42.8719886],[140.67080273204067,42.871974625557684],[140.6708218,42.87196883715415],[140.67084086795933,42.871974625557684],[140.67084876616667,42.8719886]]]}},{"type":"Feature","id":"pylon-niseko-united-198","properties":{"kind":"pylon","name":"Lift tower","height":13},"geometry":{"type":"Polygon","coordinates":[[[140.6694021662913,42.8722738],[140.66939426804743,42.87228777444232],[140.6693752,42.872293562845854],[140.66935613195255,42.87228777444232],[140.6693482337087,42.8722738],[140.66935613195255,42.872259825557684],[140.6693752,42.87225403715415],[140.66939426804743,42.872259825557684],[140.6694021662913,42.8722738]]]}},{"type":"Feature","id":"pylon-niseko-united-199","properties":{"kind":"pylon","name":"Lift tower","height":13},"geometry":{"type":"Polygon","coordinates":[[[140.66901736573215,42.870994],[140.66900946765207,42.87100797444232],[140.6689904,42.871013762845855],[140.66897133234795,42.87100797444232],[140.66896343426788,42.870994],[140.66897133234795,42.870980025557685],[140.6689904,42.87097423715415],[140.66900946765207,42.870980025557685],[140.66901736573215,42.870994]]]}},{"type":"Feature","id":"pylon-niseko-united-200","properties":{"kind":"pylon","name":"Lift tower","height":13},"geometry":{"type":"Polygon","coordinates":[[[140.6680348657721,42.8710855],[140.6680269676803,42.87109947444232],[140.6680079,42.87110526284585],[140.66798883231968,42.87109947444232],[140.66798093422787,42.8710855],[140.66798883231968,42.87107152555768],[140.6680079,42.87106573715415],[140.6680269676803,42.87107152555768],[140.6680348657721,42.8710855]]]}},{"type":"Feature","id":"pylon-niseko-united-201","properties":{"kind":"pylon","name":"Lift tower","height":13},"geometry":{"type":"Polygon","coordinates":[[[140.6674940657941,42.8711358],[140.66748616769587,42.871149774442316],[140.6674671,42.87115556284585],[140.66744803230415,42.871149774442316],[140.66744013420592,42.8711358],[140.66744803230415,42.87112182555768],[140.6674671,42.871116037154145],[140.66748616769587,42.87112182555768],[140.6674940657941,42.8711358]]]}},{"type":"Feature","id":"pylon-niseko-united-202","properties":{"kind":"pylon","name":"Lift tower","height":13},"geometry":{"type":"Polygon","coordinates":[[[140.6664098658382,42.8712368],[140.66640196772707,42.871250774442316],[140.6663829,42.87125656284585],[140.66636383227294,42.871250774442316],[140.6663559341618,42.8712368],[140.66636383227294,42.87122282555768],[140.6663829,42.871217037154146],[140.66640196772707,42.87122282555768],[140.6664098658382,42.8712368]]]}},{"type":"Feature","id":"pylon-niseko-united-203","properties":{"kind":"pylon","name":"Lift tower","height":13},"geometry":{"type":"Polygon","coordinates":[[[140.66784026626397,42.8722112],[140.66783236802812,42.87222517444232],[140.6678133,42.872230962845855],[140.6677942319719,42.87222517444232],[140.66778633373605,42.8722112],[140.6677942319719,42.872197225557684],[140.6678133,42.87219143715415],[140.66783236802812,42.872197225557684],[140.66784026626397,42.8722112]]]}},{"type":"Feature","id":"pylon-niseko-united-204","properties":{"kind":"pylon","name":"Lift tower","height":13},"geometry":{"type":"Polygon","coordinates":[[[140.66692756622348,42.8721186],[140.66691966799948,42.87213257444232],[140.6669006,42.87213836284585],[140.6668815320005,42.87213257444232],[140.6668736337765,42.8721186],[140.6668815320005,42.87210462555768],[140.6669006,42.87209883715415],[140.66691966799948,42.87210462555768],[140.66692756622348,42.8721186]]]}},{"type":"Feature","id":"pylon-niseko-united-205","properties":{"kind":"pylon","name":"Lift tower","height":13},"geometry":{"type":"Polygon","coordinates":[[[140.66616486618972,42.8720413],[140.6661569679756,42.87205527444232],[140.6661379,42.87206106284585],[140.66611883202438,42.87205527444232],[140.66611093381027,42.8720413],[140.66611883202438,42.87202732555768],[140.6661379,42.87202153715415],[140.6661569679756,42.87202732555768],[140.66616486618972,42.8720413]]]}},{"type":"Feature","id":"pylon-niseko-united-206","properties":{"kind":"pylon","name":"Lift tower","height":13},"geometry":{"type":"Polygon","coordinates":[[[140.6653163661521,42.8719552],[140.66530846794902,42.87196917444232],[140.6652894,42.871974962845854],[140.665270332051,42.87196917444232],[140.66526243384791,42.8719552],[140.665270332051,42.871941225557684],[140.6652894,42.87193543715415],[140.66530846794902,42.871941225557684],[140.6653163661521,42.8719552]]]}},{"type":"Feature","id":"pylon-niseko-united-207","properties":{"kind":"pylon","name":"Lift tower","height":13},"geometry":{"type":"Polygon","coordinates":[[[140.66506856614112,42.8719301],[140.66506066794125,42.87194407444232],[140.6650416,42.87194986284585],[140.66502253205874,42.87194407444232],[140.66501463385887,42.8719301],[140.66502253205874,42.87191612555768],[140.6650416,42.87191033715415],[140.66506066794125,42.87191612555768],[140.66506856614112,42.8719301]]]}},{"type":"Feature","id":"pylon-niseko-united-208","properties":{"kind":"pylon","name":"Lift tower","height":13},"geometry":{"type":"Polygon","coordinates":[[[140.66429926610704,42.8718521],[140.66429136791714,42.871866074442316],[140.6642723,42.87187186284585],[140.66425323208284,42.871866074442316],[140.66424533389295,42.8718521],[140.66425323208284,42.87183812555768],[140.6642723,42.871832337154146],[140.66429136791714,42.87183812555768],[140.66429926610704,42.8718521]]]}},{"type":"Feature","id":"pylon-niseko-united-209","properties":{"kind":"pylon","name":"Lift tower","height":13},"geometry":{"type":"Polygon","coordinates":[[[140.66406436609665,42.8718283],[140.6640564679098,42.871842274442315],[140.6640374,42.87184806284585],[140.66401833209022,42.871842274442315],[140.66401043390337,42.8718283],[140.66401833209022,42.87181432555768],[140.6640374,42.871808537154145],[140.6640564679098,42.87181432555768],[140.66406436609665,42.8718283]]]}},{"type":"Feature","id":"pylon-niseko-united-210","properties":{"kind":"pylon","name":"Lift tower","height":13},"geometry":{"type":"Polygon","coordinates":[[[140.66333856606448,42.8717547],[140.66333066788704,42.871768674442315],[140.6633116,42.87177446284585],[140.66329253211293,42.871768674442315],[140.6632846339355,42.8717547],[140.66329253211293,42.87174072555768],[140.6633116,42.871734937154145],[140.66333066788704,42.87174072555768],[140.66333856606448,42.8717547]]]}},{"type":"Feature","id":"pylon-niseko-united-211","properties":{"kind":"pylon","name":"Lift tower","height":13},"geometry":{"type":"Polygon","coordinates":[[[140.66299866604942,42.8717202],[140.6629907678764,42.87173417444232],[140.6629717,42.87173996284585],[140.66295263212362,42.87173417444232],[140.6629447339506,42.8717202],[140.66295263212362,42.87170622555768],[140.6629717,42.871700437154146],[140.6629907678764,42.87170622555768],[140.66299866604942,42.8717202]]]}},{"type":"Feature","id":"pylon-niseko-united-212","properties":{"kind":"pylon","name":"Lift tower","height":13},"geometry":{"type":"Polygon","coordinates":[[[140.6676933632108,42.8652222],[140.6676854658692,42.865236174442316],[140.6676664,42.86524196284585],[140.6676473341308,42.865236174442316],[140.66763943678922,42.8652222],[140.6676473341308,42.86520822555768],[140.6676664,42.865202437154146],[140.6676854658692,42.86520822555768],[140.6676933632108,42.8652222]]]}},{"type":"Feature","id":"pylon-niseko-united-213","properties":{"kind":"pylon","name":"Lift tower","height":13},"geometry":{"type":"Polygon","coordinates":[[[140.66850026282148,42.8643309],[140.66849236559392,42.86434487444232],[140.6684733,42.86435066284585],[140.66845423440606,42.86434487444232],[140.6684463371785,42.8643309],[140.66845423440606,42.86431692555768],[140.6684733,42.86431113715415],[140.66849236559392,42.86431692555768],[140.66850026282148,42.8643309]]]}},{"type":"Feature","id":"pylon-niseko-united-214","properties":{"kind":"pylon","name":"Lift tower","height":13},"geometry":{"type":"Polygon","coordinates":[[[140.66842676285697,42.8644121],[140.668418865619,42.86442607444232],[140.6683998,42.864431862845855],[140.668380734381,42.86442607444232],[140.66837283714304,42.8644121],[140.668380734381,42.864398125557685],[140.6683998,42.86439233715415],[140.668418865619,42.864398125557685],[140.66842676285697,42.8644121]]]}},{"type":"Feature","id":"pylon-niseko-united-215","properties":{"kind":"pylon","name":"Lift tower","height":13},"geometry":{"type":"Polygon","coordinates":[[[140.66881336267045,42.8639851],[140.6688054654871,42.86399907444232],[140.6687864,42.86400486284585],[140.66876733451286,42.86399907444232],[140.66875943732953,42.8639851],[140.66876733451286,42.86397112555768],[140.6687864,42.86396533715415],[140.6688054654871,42.86397112555768],[140.66881336267045,42.8639851]]]}},{"type":"Feature","id":"pylon-niseko-united-216","properties":{"kind":"pylon","name":"Lift tower","height":13},"geometry":{"type":"Polygon","coordinates":[[[140.66995096212176,42.8627287],[140.66994306509915,42.862742674442316],[140.669924,42.86274846284585],[140.66990493490087,42.862742674442316],[140.66989703787826,42.8627287],[140.66990493490087,42.86271472555768],[140.669924,42.862708937154146],[140.66994306509915,42.86271472555768],[140.66995096212176,42.8627287]]]}},{"type":"Feature","id":"pylon-niseko-united-217","properties":{"kind":"pylon","name":"Lift tower","height":13},"geometry":{"type":"Polygon","coordinates":[[[140.67029996195342,42.8623432],[140.6702920649801,42.862357174442316],[140.670273,42.86236296284585],[140.67025393501993,42.862357174442316],[140.6702460380466,42.8623432],[140.67025393501993,42.86232922555768],[140.670273,42.862323437154146],[140.6702920649801,42.86232922555768],[140.67029996195342,42.8623432]]]}},{"type":"Feature","id":"pylon-niseko-united-218","properties":{"kind":"pylon","name":"Lift tower","height":13},"geometry":{"type":"Polygon","coordinates":[[[140.67060506180624,42.8620062],[140.67059716487603,42.86202017444232],[140.6705781,42.862025962845856],[140.67055903512397,42.86202017444232],[140.67055113819376,42.8620062],[140.67055903512397,42.861992225557685],[140.6705781,42.86198643715415],[140.67059716487603,42.861992225557685],[140.67060506180624,42.8620062]]]}},{"type":"Feature","id":"pylon-niseko-united-219","properties":{"kind":"pylon","name":"Lift tower","height":13},"geometry":{"type":"Polygon","coordinates":[[[140.67136666143895,42.8611651],[140.67135876461631,42.86117907444232],[140.6713397,42.86118486284585],[140.6713206353837,42.86117907444232],[140.67131273856106,42.8611651],[140.6713206353837,42.86115112555768],[140.6713397,42.86114533715415],[140.67135876461631,42.86115112555768],[140.67136666143895,42.8611651]]]}},{"type":"Feature","id":"pylon-niseko-united-220","properties":{"kind":"pylon","name":"Lift tower","height":13},"geometry":{"type":"Polygon","coordinates":[[[140.67145176139786,42.861071],[140.67144386458725,42.86108497444232],[140.6714248,42.861090762845855],[140.67140573541278,42.86108497444232],[140.67139783860216,42.861071],[140.67140573541278,42.861057025557685],[140.6714248,42.86105123715415],[140.67144386458725,42.861057025557685],[140.67145176139786,42.861071]]]}},{"type":"Feature","id":"pylon-niseko-united-221","properties":{"kind":"pylon","name":"Lift tower","height":13},"geometry":{"type":"Polygon","coordinates":[[[140.67157446133868,42.8609355],[140.6715665645454,42.860949474442315],[140.6715475,42.86095526284585],[140.6715284354546,42.860949474442315],[140.67152053866133,42.8609355],[140.6715284354546,42.86092152555768],[140.6715475,42.860915737154144],[140.6715665645454,42.86092152555768],[140.67157446133868,42.8609355]]]}},{"type":"Feature","id":"pylon-niseko-united-222","properties":{"kind":"pylon","name":"Lift tower","height":13},"geometry":{"type":"Polygon","coordinates":[[[140.67211446107825,42.8603391],[140.67210656436126,42.860353074442315],[140.6720875,42.86035886284585],[140.67206843563875,42.860353074442315],[140.67206053892176,42.8603391],[140.67206843563875,42.86032512555768],[140.6720875,42.860319337154145],[140.67210656436126,42.86032512555768],[140.67211446107825,42.8603391]]]}},{"type":"Feature","id":"pylon-niseko-united-223","properties":{"kind":"pylon","name":"Lift tower","height":13},"geometry":{"type":"Polygon","coordinates":[[[140.67245656091322,42.8599612],[140.67244866424457,42.85997517444232],[140.6724296,42.85998096284585],[140.6724105357554,42.85997517444232],[140.67240263908676,42.8599612],[140.6724105357554,42.85994722555768],[140.6724296,42.85994143715415],[140.67244866424457,42.85994722555768],[140.67245656091322,42.8599612]]]}},{"type":"Feature","id":"pylon-niseko-united-224","properties":{"kind":"pylon","name":"Lift tower","height":13},"geometry":{"type":"Polygon","coordinates":[[[140.67296006067042,42.8594051],[140.67295216407288,42.859419074442314],[140.6729331,42.85942486284585],[140.6729140359271,42.859419074442314],[140.67290613932957,42.8594051],[140.6729140359271,42.85939112555768],[140.6729331,42.859385337154144],[140.67295216407288,42.85939112555768],[140.67296006067042,42.8594051]]]}},{"type":"Feature","id":"pylon-niseko-united-225","properties":{"kind":"pylon","name":"Lift tower","height":13},"geometry":{"type":"Polygon","coordinates":[[[140.67355596038297,42.8587468],[140.67354806386962,42.85876077444232],[140.673529,42.85876656284585],[140.6735099361304,42.85876077444232],[140.67350203961703,42.8587468],[140.6735099361304,42.85873282555768],[140.673529,42.858727037154146],[140.67354806386962,42.85873282555768],[140.67355596038297,42.8587468]]]}},{"type":"Feature","id":"pylon-niseko-united-226","properties":{"kind":"pylon","name":"Lift tower","height":13},"geometry":{"type":"Polygon","coordinates":[[[140.67410596011774,42.8581393],[140.67409806368207,42.858153274442316],[140.674079,42.85815906284585],[140.67405993631795,42.858153274442316],[140.67405203988227,42.8581393],[140.67405993631795,42.85812532555768],[140.674079,42.858119537154145],[140.67409806368207,42.85812532555768],[140.67410596011774,42.8581393]]]}},{"type":"Feature","id":"pylon-niseko-united-227","properties":{"kind":"pylon","name":"Lift tower","height":13},"geometry":{"type":"Polygon","coordinates":[[[140.67497165970025,42.8571831],[140.67496376338687,42.85719707444232],[140.6749447,42.85720286284585],[140.67492563661312,42.85719707444232],[140.67491774029975,42.8571831],[140.67492563661312,42.85716912555768],[140.6749447,42.85716333715415],[140.67496376338687,42.85716912555768],[140.67497165970025,42.8571831]]]}},{"type":"Feature","id":"pylon-niseko-united-228","properties":{"kind":"pylon","name":"Lift tower","height":13},"geometry":{"type":"Polygon","coordinates":[[[140.67587125926642,42.8561894],[140.67586336308008,42.856203374442316],[140.6758443,42.85620916284585],[140.6758252369199,42.856203374442316],[140.67581734073357,42.8561894],[140.6758252369199,42.85617542555768],[140.6758443,42.856169637154146],[140.67586336308008,42.85617542555768],[140.67587125926642,42.8561894]]]}},{"type":"Feature","id":"pylon-niseko-united-229","properties":{"kind":"pylon","name":"Lift tower","height":13},"geometry":{"type":"Polygon","coordinates":[[[140.67624505908614,42.8557765],[140.67623716295265,42.855790474442315],[140.6762181,42.85579626284585],[140.67619903704735,42.855790474442315],[140.67619114091386,42.8557765],[140.67619903704735,42.85576252555768],[140.6762181,42.855756737154145],[140.67623716295265,42.85576252555768],[140.67624505908614,42.8557765]]]}},{"type":"Feature","id":"pylon-niseko-united-230","properties":{"kind":"pylon","name":"Lift tower","height":13},"geometry":{"type":"Polygon","coordinates":[[[140.67670665886354,42.8552666],[140.67669876279524,42.85528057444232],[140.6766797,42.85528636284585],[140.67666063720475,42.85528057444232],[140.67665274113645,42.8552666],[140.67666063720475,42.85525262555768],[140.6766797,42.85524683715415],[140.67669876279524,42.85525262555768],[140.67670665886354,42.8552666]]]}},{"type":"Feature","id":"pylon-niseko-united-231","properties":{"kind":"pylon","name":"Lift tower","height":13},"geometry":{"type":"Polygon","coordinates":[[[140.67797125825376,42.8538697],[140.67796336236404,42.853883674442315],[140.6779443,42.85388946284585],[140.67792523763598,42.853883674442315],[140.67791734174625,42.8538697],[140.67792523763598,42.85385572555768],[140.6779443,42.853849937154145],[140.67796336236404,42.85385572555768],[140.67797125825376,42.8538697]]]}},{"type":"Feature","id":"pylon-niseko-united-232","properties":{"kind":"pylon","name":"Lift tower","height":13},"geometry":{"type":"Polygon","coordinates":[[[140.67850155799803,42.8532839],[140.67849366218323,42.85329787444232],[140.6784746,42.85330366284585],[140.67845553781675,42.85329787444232],[140.67844764200194,42.8532839],[140.67845553781675,42.85326992555768],[140.6784746,42.85326413715415],[140.67849366218323,42.85326992555768],[140.67850155799803,42.8532839]]]}},{"type":"Feature","id":"pylon-niseko-united-233","properties":{"kind":"pylon","name":"Lift tower","height":13},"geometry":{"type":"Polygon","coordinates":[[[140.679324957601,42.8523743],[140.67931706190248,42.85238827444232],[140.679298,42.85239406284585],[140.6792789380975,42.85238827444232],[140.67927104239897,42.8523743],[140.6792789380975,42.85236032555768],[140.679298,42.85235453715415],[140.67931706190248,42.85236032555768],[140.679324957601,42.8523743]]]}},{"type":"Feature","id":"pylon-niseko-united-234","properties":{"kind":"pylon","name":"Lift tower","height":13},"geometry":{"type":"Polygon","coordinates":[[[140.6803168571227,42.8512785],[140.68030896156426,42.85129247444232],[140.6802899,42.85129826284585],[140.68027083843572,42.85129247444232],[140.68026294287728,42.8512785],[140.68027083843572,42.85126452555768],[140.6802899,42.85125873715415],[140.68030896156426,42.85126452555768],[140.6803168571227,42.8512785]]]}},{"type":"Feature","id":"pylon-niseko-united-235","properties":{"kind":"pylon","name":"Lift tower","height":13},"geometry":{"type":"Polygon","coordinates":[[[140.68070385693613,42.850851],[140.68069596143235,42.85086497444232],[140.6806769,42.85087076284585],[140.68065783856767,42.85086497444232],[140.68064994306388,42.850851],[140.68065783856767,42.85083702555768],[140.6806769,42.850831237154146],[140.68069596143235,42.85083702555768],[140.68070385693613,42.850851]]]}},{"type":"Feature","id":"pylon-niseko-united-236","properties":{"kind":"pylon","name":"Lift tower","height":13},"geometry":{"type":"Polygon","coordinates":[[[140.6818122564017,42.8496265],[140.68180436105445,42.84964047444232],[140.6817853,42.84964626284585],[140.68176623894556,42.84964047444232],[140.6817583435983,42.8496265],[140.68176623894556,42.84961252555768],[140.6817853,42.84960673715415],[140.68180436105445,42.84961252555768],[140.6818122564017,42.8496265]]]}},{"type":"Feature","id":"pylon-niseko-united-237","properties":{"kind":"pylon","name":"Lift tower","height":13},"geometry":{"type":"Polygon","coordinates":[[[140.68216405623218,42.849238],[140.68215616093457,42.84925197444232],[140.6821371,42.84925776284585],[140.68211803906544,42.84925197444232],[140.68211014376783,42.849238],[140.68211803906544,42.84922402555768],[140.6821371,42.84921823715415],[140.68215616093457,42.84922402555768],[140.68216405623218,42.849238]]]}},{"type":"Feature","id":"pylon-niseko-united-238","properties":{"kind":"pylon","name":"Lift tower","height":13},"geometry":{"type":"Polygon","coordinates":[[[140.6824635560877,42.848907],[140.6824556608324,42.848920974442315],[140.6824366,42.84892676284585],[140.68241753916757,42.848920974442315],[140.68240964391228,42.848907],[140.68241753916757,42.84889302555768],[140.6824366,42.848887237154145],[140.6824556608324,42.84889302555768],[140.6824635560877,42.848907]]]}},{"type":"Feature","id":"pylon-niseko-united-239","properties":{"kind":"pylon","name":"Lift tower","height":13},"geometry":{"type":"Polygon","coordinates":[[[140.6833793556462,42.8478953],[140.68337146052022,42.847909274442316],[140.6833524,42.84791506284585],[140.68333333947976,42.847909274442316],[140.68332544435378,42.8478953],[140.68333333947976,42.84788132555768],[140.6833524,42.847875537154145],[140.68337146052022,42.84788132555768],[140.6833793556462,42.8478953]]]}},{"type":"Feature","id":"pylon-niseko-united-240","properties":{"kind":"pylon","name":"Lift tower","height":13},"geometry":{"type":"Polygon","coordinates":[[[140.68367675550283,42.8475667],[140.68366886041883,42.84758067444232],[140.6836498,42.847586462845854],[140.6836307395812,42.84758067444232],[140.6836228444972,42.8475667],[140.6836307395812,42.847552725557684],[140.6836498,42.84754693715415],[140.68366886041883,42.847552725557684],[140.68367675550283,42.8475667]]]}},{"type":"Feature","id":"pylon-niseko-united-241","properties":{"kind":"pylon","name":"Lift tower","height":13},"geometry":{"type":"Polygon","coordinates":[[[140.68381945508074,42.8465994],[140.68381156012038,42.84661337444232],[140.6837925,42.846619162845855],[140.68377343987964,42.84661337444232],[140.68376554491928,42.8465994],[140.68377343987964,42.846585425557684],[140.6837925,42.84657963715415],[140.68381156012038,42.846585425557684],[140.68381945508074,42.8465994]]]}},{"type":"Feature","id":"pylon-niseko-united-242","properties":{"kind":"pylon","name":"Lift tower","height":13},"geometry":{"type":"Polygon","coordinates":[[[140.68320535521102,42.846898],[140.6831974602125,42.84691197444232],[140.6831784,42.846917762845855],[140.6831593397875,42.84691197444232],[140.683151444789,42.846898],[140.6831593397875,42.846884025557685],[140.6831784,42.84687823715415],[140.6831974602125,42.846884025557685],[140.68320535521102,42.846898]]]}},{"type":"Feature","id":"pylon-niseko-united-243","properties":{"kind":"pylon","name":"Lift tower","height":13},"geometry":{"type":"Polygon","coordinates":[[[140.68236485538935,42.8473067],[140.6823569603386,42.847320674442315],[140.6823379,42.84732646284585],[140.68231883966138,42.847320674442315],[140.68231094461063,42.8473067],[140.68231883966138,42.84729272555768],[140.6823379,42.847286937154145],[140.6823569603386,42.84729272555768],[140.68236485538935,42.8473067]]]}},{"type":"Feature","id":"pylon-niseko-united-244","properties":{"kind":"pylon","name":"Lift tower","height":13},"geometry":{"type":"Polygon","coordinates":[[[140.6815270555671,42.847714],[140.6815191604643,42.84772797444232],[140.6815001,42.847733762845856],[140.6814810395357,42.84772797444232],[140.68147314443289,42.847714],[140.6814810395357,42.847700025557685],[140.6815001,42.84769423715415],[140.6815191604643,42.847700025557685],[140.6815270555671,42.847714]]]}},{"type":"Feature","id":"pylon-niseko-united-245","properties":{"kind":"pylon","name":"Lift tower","height":13},"geometry":{"type":"Polygon","coordinates":[[[140.6780735562999,42.8493932],[140.67806566098244,42.84940717444232],[140.6780466,42.849412962845854],[140.67802753901753,42.84940717444232],[140.67801964370008,42.8493932],[140.67802753901753,42.84937922555768],[140.6780466,42.84937343715415],[140.67806566098244,42.84937922555768],[140.6780735562999,42.8493932]]]}},{"type":"Feature","id":"pylon-niseko-united-246","properties":{"kind":"pylon","name":"Lift tower","height":13},"geometry":{"type":"Polygon","coordinates":[[[140.6795478559871,42.8486764],[140.67953996076125,42.84869037444232],[140.6795209,42.848696162845854],[140.67950183923875,42.84869037444232],[140.6794939440129,42.8486764],[140.67950183923875,42.848662425557684],[140.6795209,42.84865663715415],[140.67953996076125,42.848662425557684],[140.6795478559871,42.8486764]]]}},{"type":"Feature","id":"pylon-niseko-united-247","properties":{"kind":"pylon","name":"Lift tower","height":13},"geometry":{"type":"Polygon","coordinates":[[[140.68030425582657,42.8483086],[140.68029636064776,42.84832257444232],[140.6802773,42.848328362845855],[140.68025823935224,42.84832257444232],[140.68025034417343,42.8483086],[140.68025823935224,42.848294625557685],[140.6802773,42.84828883715415],[140.68029636064776,42.848294625557685],[140.68030425582657,42.8483086]]]}},{"type":"Feature","id":"pylon-niseko-united-248","properties":{"kind":"pylon","name":"Lift tower","height":13},"geometry":{"type":"Polygon","coordinates":[[[140.68091565569682,42.8480113],[140.680907760556,42.84802527444232],[140.6808887,42.848031062845855],[140.68086963944398,42.84802527444232],[140.68086174430317,42.8480113],[140.68086963944398,42.847997325557685],[140.6808887,42.84799153715415],[140.680907760556,42.847997325557685],[140.68091565569682,42.8480113]]]}},{"type":"Feature","id":"pylon-niseko-united-249","properties":{"kind":"pylon","name":"Lift tower","height":13},"geometry":{"type":"Polygon","coordinates":[[[140.66854966689195,42.8736484],[140.66854176847215,42.87366237444232],[140.6685227,42.87366816284585],[140.66850363152787,42.87366237444232],[140.66849573310807,42.8736484],[140.66850363152787,42.87363442555768],[140.6685227,42.87362863715415],[140.66854176847215,42.87363442555768],[140.66854966689195,42.8736484]]]}},{"type":"Feature","id":"pylon-niseko-united-250","properties":{"kind":"pylon","name":"Lift tower","height":13},"geometry":{"type":"Polygon","coordinates":[[[140.66815216677773,42.8733871],[140.66814426839142,42.87340107444232],[140.6681252,42.873406862845854],[140.66810613160857,42.87340107444232],[140.66809823322225,42.8733871],[140.66810613160857,42.873373125557684],[140.6681252,42.87336733715415],[140.66814426839142,42.873373125557684],[140.66815216677773,42.8733871]]]}},{"type":"Feature","id":"pylon-niseko-united-251","properties":{"kind":"pylon","name":"Lift tower","height":13},"geometry":{"type":"Polygon","coordinates":[[[140.6680718667547,42.8733343],[140.66806396837512,42.87334827444232],[140.6680449,42.873354062845856],[140.6680258316249,42.87334827444232],[140.66801793324532,42.8733343],[140.6680258316249,42.873320325557685],[140.6680449,42.87331453715415],[140.66806396837512,42.873320325557685],[140.6680718667547,42.8733343]]]}},{"type":"Feature","id":"pylon-niseko-united-252","properties":{"kind":"pylon","name":"Lift tower","height":13},"geometry":{"type":"Polygon","coordinates":[[[140.6692704670989,42.8741221],[140.6692625686185,42.87413607444232],[140.6692435,42.87414186284585],[140.66922443138148,42.87413607444232],[140.6692165329011,42.8741221],[140.66922443138148,42.87410812555768],[140.6692435,42.87410233715415],[140.6692625686185,42.87410812555768],[140.6692704670989,42.8741221]]]}},{"type":"Feature","id":"pylon-niseko-united-253","properties":{"kind":"pylon","name":"Lift tower","height":13},"geometry":{"type":"Polygon","coordinates":[[[140.67028536739036,42.8747891],[140.6702774688246,42.87480307444232],[140.6702584,42.87480886284585],[140.6702393311754,42.87480307444232],[140.67023143260963,42.8747891],[140.6702393311754,42.87477512555768],[140.6702584,42.87476933715415],[140.6702774688246,42.87477512555768],[140.67028536739036,42.8747891]]]}},{"type":"Feature","id":"pylon-niseko-united-254","properties":{"kind":"pylon","name":"Lift tower","height":13},"geometry":{"type":"Polygon","coordinates":[[[140.6699756673014,42.8745855],[140.6699677687617,42.87459947444232],[140.6699487,42.874605262845854],[140.6699296312383,42.87459947444232],[140.66992173269858,42.8745855],[140.6699296312383,42.874571525557684],[140.6699487,42.87456573715415],[140.6699677687617,42.874571525557684],[140.6699756673014,42.8745855]]]}},{"type":"Feature","id":"pylon-niseko-united-255","properties":{"kind":"pylon","name":"Lift tower","height":13},"geometry":{"type":"Polygon","coordinates":[[[140.67158576776384,42.8756437],[140.6715778690887,42.875657674442316],[140.6715588,42.87566346284585],[140.67153973091132,42.875657674442316],[140.67153183223618,42.8756437],[140.67153973091132,42.87562972555768],[140.6715588,42.875623937154145],[140.6715778690887,42.87562972555768],[140.67158576776384,42.8756437]]]}},{"type":"Feature","id":"pylon-niseko-united-256","properties":{"kind":"pylon","name":"Lift tower","height":13},"geometry":{"type":"Polygon","coordinates":[[[140.6717655678155,42.8757619],[140.6717576691252,42.87577587444232],[140.6717386,42.87578166284585],[140.67171953087478,42.87577587444232],[140.6717116321845,42.8757619],[140.67171953087478,42.87574792555768],[140.6717386,42.87574213715415],[140.6717576691252,42.87574792555768],[140.6717655678155,42.8757619]]]}},{"type":"Feature","id":"pylon-niseko-united-257","properties":{"kind":"pylon","name":"Lift tower","height":13},"geometry":{"type":"Polygon","coordinates":[[[140.67286176813036,42.8764824],[140.67285386934785,42.87649637444232],[140.6728348,42.87650216284585],[140.67281573065216,42.87649637444232],[140.67280783186965,42.8764824],[140.67281573065216,42.87646842555768],[140.6728348,42.87646263715415],[140.67285386934785,42.87646842555768],[140.67286176813036,42.8764824]]]}},{"type":"Feature","id":"pylon-niseko-united-258","properties":{"kind":"pylon","name":"Lift tower","height":13},"geometry":{"type":"Polygon","coordinates":[[[140.67358356833765,42.8769567],[140.67357566949445,42.87697067444232],[140.6735566,42.87697646284585],[140.67353753050557,42.87697067444232],[140.67352963166238,42.8769567],[140.67353753050557,42.87694272555768],[140.6735566,42.87693693715415],[140.67357566949445,42.87694272555768],[140.67358356833765,42.8769567]]]}},{"type":"Feature","id":"pylon-niseko-united-259","properties":{"kind":"pylon","name":"Lift tower","height":13},"geometry":{"type":"Polygon","coordinates":[[[140.6738957684273,42.8771618],[140.67388786955783,42.87717577444232],[140.6738688,42.877181562845855],[140.67384973044219,42.87717577444232],[140.67384183157273,42.8771618],[140.67384973044219,42.877147825557685],[140.6738688,42.87714203715415],[140.67388786955783,42.877147825557685],[140.6738957684273,42.8771618]]]}},{"type":"Feature","id":"pylon-niseko-united-260","properties":{"kind":"pylon","name":"Lift tower","height":13},"geometry":{"type":"Polygon","coordinates":[[[140.67459756863428,42.8776354],[140.67458966970418,42.87764937444232],[140.6745706,42.877655162845855],[140.67455153029584,42.87764937444232],[140.67454363136574,42.8776354],[140.67455153029584,42.877621425557685],[140.6745706,42.87761563715415],[140.67458966970418,42.877621425557685],[140.67459756863428,42.8776354]]]}},{"type":"Feature","id":"pylon-niseko-united-261","properties":{"kind":"pylon","name":"Lift tower","height":13},"geometry":{"type":"Polygon","coordinates":[[[140.67528776884208,42.8781109],[140.67527986985112,42.87812487444232],[140.6752608,42.878130662845855],[140.67524173014885,42.87812487444232],[140.6752338311579,42.8781109],[140.67524173014885,42.878096925557685],[140.6752608,42.87809113715415],[140.67527986985112,42.878096925557685],[140.67528776884208,42.8781109]]]}},{"type":"Feature","id":"pylon-niseko-united-262","properties":{"kind":"pylon","name":"Lift tower","height":13},"geometry":{"type":"Polygon","coordinates":[[[140.6759631690455,42.8785763],[140.67595526999494,42.87859027444232],[140.6759362,42.87859606284585],[140.67591713000505,42.87859027444232],[140.6759092309545,42.8785763],[140.67591713000505,42.87856232555768],[140.6759362,42.87855653715415],[140.67595526999494,42.87856232555768],[140.6759631690455,42.8785763]]]}},{"type":"Feature","id":"pylon-niseko-united-263","properties":{"kind":"pylon","name":"Lift tower","height":13},"geometry":{"type":"Polygon","coordinates":[[[140.6765078692095,42.8789515],[140.6764999701109,42.87896547444232],[140.6764809,42.87897126284585],[140.6764618298891,42.87896547444232],[140.6764539307905,42.8789515],[140.6764618298891,42.87893752555768],[140.6764809,42.87893173715415],[140.6764999701109,42.87893752555768],[140.6765078692095,42.8789515]]]}},{"type":"Feature","id":"pylon-niseko-united-264","properties":{"kind":"pylon","name":"Lift tower","height":13},"geometry":{"type":"Polygon","coordinates":[[[140.67794136899806,42.8784678],[140.6779334699614,42.87848177444232],[140.6779144,42.878487562845855],[140.67789533003858,42.87848177444232],[140.67788743100192,42.8784678],[140.67789533003858,42.878453825557685],[140.6779144,42.87844803715415],[140.6779334699614,42.878453825557685],[140.67794136899806,42.8784678]]]}},{"type":"Feature","id":"pylon-niseko-united-265","properties":{"kind":"pylon","name":"Lift tower","height":13},"geometry":{"type":"Polygon","coordinates":[[[140.677473568853,42.8781359],[140.67746566985883,42.878149874442315],[140.6774466,42.87815566284585],[140.67742753014116,42.878149874442315],[140.677419631147,42.8781359],[140.67742753014116,42.87812192555768],[140.6774466,42.878116137154144],[140.67746566985883,42.87812192555768],[140.677473568853,42.8781359]]]}},{"type":"Feature","id":"pylon-niseko-united-266","properties":{"kind":"pylon","name":"Lift tower","height":13},"geometry":{"type":"Polygon","coordinates":[[[140.67868126922758,42.8789929],[140.6786733701237,42.87900687444232],[140.6786543,42.87901266284585],[140.6786352298763,42.87900687444232],[140.67862733077243,42.8789929],[140.6786352298763,42.87897892555768],[140.6786543,42.87897313715415],[140.6786733701237,42.87897892555768],[140.67868126922758,42.8789929]]]}},{"type":"Feature","id":"pylon-niseko-united-267","properties":{"kind":"pylon","name":"Lift tower","height":13},"geometry":{"type":"Polygon","coordinates":[[[140.67931796942506,42.8794447],[140.67931007026334,42.87945867444232],[140.679291,42.87946446284585],[140.67927192973667,42.87945867444232],[140.67926403057496,42.8794447],[140.67927192973667,42.87943072555768],[140.679291,42.87942493715415],[140.67931007026334,42.87943072555768],[140.67931796942506,42.8794447]]]}},{"type":"Feature","id":"pylon-niseko-united-268","properties":{"kind":"pylon","name":"Lift tower","height":13},"geometry":{"type":"Polygon","coordinates":[[[140.679917569611,42.8798701],[140.6799096703948,42.879884074442316],[140.6798906,42.87988986284585],[140.67987152960518,42.879884074442316],[140.67986363038898,42.8798701],[140.67987152960518,42.87985612555768],[140.6798906,42.879850337154146],[140.6799096703948,42.87985612555768],[140.679917569611,42.8798701]]]}},{"type":"Feature","id":"pylon-niseko-united-269","properties":{"kind":"pylon","name":"Lift tower","height":13},"geometry":{"type":"Polygon","coordinates":[[[140.68044986977608,42.8802478],[140.68044197051157,42.88026177444232],[140.6804229,42.88026756284585],[140.68040382948843,42.88026177444232],[140.6803959302239,42.8802478],[140.68040382948843,42.88023382555768],[140.6804229,42.88022803715415],[140.68044197051157,42.88023382555768],[140.68044986977608,42.8802478]]]}},{"type":"Feature","id":"pylon-niseko-united-270","properties":{"kind":"pylon","name":"Lift tower","height":13},"geometry":{"type":"Polygon","coordinates":[[[140.68114576999196,42.8807416],[140.6811378706642,42.88075557444232],[140.6811188,42.88076136284585],[140.6810997293358,42.88075557444232],[140.68109183000806,42.8807416],[140.6810997293358,42.88072762555768],[140.6811188,42.88072183715415],[140.6811378706642,42.88072762555768],[140.68114576999196,42.8807416]]]}},{"type":"Feature","id":"pylon-niseko-united-271","properties":{"kind":"pylon","name":"Lift tower","height":13},"geometry":{"type":"Polygon","coordinates":[[[140.68198657025275,42.8813382],[140.6819786708486,42.88135217444232],[140.6819596,42.881357962845854],[140.6819405291514,42.88135217444232],[140.68193262974725,42.8813382],[140.6819405291514,42.881324225557684],[140.6819596,42.88131843715415],[140.6819786708486,42.881324225557684],[140.68198657025275,42.8813382]]]}},{"type":"Feature","id":"pylon-niseko-united-272","properties":{"kind":"pylon","name":"Lift tower","height":13},"geometry":{"type":"Polygon","coordinates":[[[140.6825982704425,42.8817723],[140.68259037098278,42.88178627444232],[140.6825713,42.881792062845854],[140.68255222901723,42.88178627444232],[140.68254432955752,42.8817723],[140.68255222901723,42.88175832555768],[140.6825713,42.88175253715415],[140.68259037098278,42.88175832555768],[140.6825982704425,42.8817723]]]}},{"type":"Feature","id":"pylon-niseko-united-273","properties":{"kind":"pylon","name":"Lift tower","height":13},"geometry":{"type":"Polygon","coordinates":[[[140.68300367056824,42.8820599],[140.6829957710717,42.88207387444232],[140.6829767,42.882079662845854],[140.68295762892834,42.88207387444232],[140.68294972943178,42.8820599],[140.68295762892834,42.882045925557684],[140.6829767,42.88204013715415],[140.6829957710717,42.882045925557684],[140.68300367056824,42.8820599]]]}},{"type":"Feature","id":"pylon-niseko-united-274","properties":{"kind":"pylon","name":"Lift tower","height":13},"geometry":{"type":"Polygon","coordinates":[[[140.68518227104252,42.8831449],[140.68517437140707,42.883158874442316],[140.6851553,42.88316466284585],[140.6851362285929,42.883158874442316],[140.68512832895746,42.8831449],[140.6851362285929,42.88313092555768],[140.6851553,42.883125137154146],[140.68517437140707,42.88313092555768],[140.68518227104252,42.8831449]]]}},{"type":"Feature","id":"pylon-niseko-united-275","properties":{"kind":"pylon","name":"Lift tower","height":13},"geometry":{"type":"Polygon","coordinates":[[[140.6857485711885,42.8834788],[140.6857406715103,42.88349277444232],[140.6857216,42.88349856284585],[140.68570252848968,42.88349277444232],[140.6856946288115,42.8834788],[140.68570252848968,42.88346482555768],[140.6857216,42.88345903715415],[140.6857406715103,42.88346482555768],[140.6857485711885,42.8834788]]]}},{"type":"Feature","id":"pylon-niseko-united-276","properties":{"kind":"pylon","name":"Lift tower","height":13},"geometry":{"type":"Polygon","coordinates":[[[140.6865740714013,42.8839655],[140.68656617166076,42.88397947444232],[140.6865471,42.883985262845854],[140.68652802833927,42.88397947444232],[140.68652012859872,42.8839655],[140.68652802833927,42.883951525557684],[140.6865471,42.88394573715415],[140.68656617166076,42.883951525557684],[140.6865740714013,42.8839655]]]}},{"type":"Feature","id":"pylon-niseko-united-277","properties":{"kind":"pylon","name":"Lift tower","height":13},"geometry":{"type":"Polygon","coordinates":[[[140.68687227147814,42.8841413],[140.6868643717151,42.88415527444232],[140.6868453,42.884161062845855],[140.68682622828487,42.88415527444232],[140.68681832852184,42.8841413],[140.68682622828487,42.884127325557685],[140.6868453,42.88412153715415],[140.6868643717151,42.884127325557685],[140.68687227147814,42.8841413]]]}},{"type":"Feature","id":"pylon-niseko-united-278","properties":{"kind":"pylon","name":"Lift tower","height":13},"geometry":{"type":"Polygon","coordinates":[[[140.68765067167877,42.8846002],[140.68764277185696,42.88461417444232],[140.6876237,42.88461996284585],[140.68760462814302,42.88461417444232],[140.6875967283212,42.8846002],[140.68760462814302,42.88458622555768],[140.6876237,42.88458043715415],[140.68764277185696,42.88458622555768],[140.68765067167877,42.8846002]]]}},{"type":"Feature","id":"pylon-niseko-united-279","properties":{"kind":"pylon","name":"Lift tower","height":13},"geometry":{"type":"Polygon","coordinates":[[[140.68896107201655,42.8853727],[140.6889531720958,42.885386674442316],[140.6889341,42.88539246284585],[140.68891502790422,42.885386674442316],[140.68890712798347,42.8853727],[140.68891502790422,42.88535872555768],[140.6889341,42.885352937154146],[140.6889531720958,42.88535872555768],[140.68896107201655,42.8853727]]]}},{"type":"Feature","id":"pylon-niseko-united-280","properties":{"kind":"pylon","name":"Lift tower","height":13},"geometry":{"type":"Polygon","coordinates":[[[140.68940507213097,42.8856344],[140.6893971721767,42.88564837444232],[140.6893781,42.88565416284585],[140.6893590278233,42.88564837444232],[140.68935112786903,42.8856344],[140.6893590278233,42.88562042555768],[140.6893781,42.88561463715415],[140.6893971721767,42.88562042555768],[140.68940507213097,42.8856344]]]}},{"type":"Feature","id":"pylon-niseko-united-281","properties":{"kind":"pylon","name":"Lift tower","height":13},"geometry":{"type":"Polygon","coordinates":[[[140.6896673721986,42.8857891],[140.68965947222455,42.885803074442315],[140.6896404,42.88580886284585],[140.68962132777546,42.885803074442315],[140.6896134278014,42.8857891],[140.68962132777546,42.88577512555768],[140.6896404,42.885769337154144],[140.68965947222455,42.88577512555768],[140.6896673721986,42.8857891]]]}},{"type":"Feature","id":"pylon-niseko-united-282","properties":{"kind":"pylon","name":"Lift tower","height":13},"geometry":{"type":"Polygon","coordinates":[[[140.69042117239286,42.8862334],[140.6904132723619,42.88624737444232],[140.6903942,42.886253162845854],[140.69037512763808,42.88624737444232],[140.6903672276071,42.8862334],[140.69037512763808,42.886219425557684],[140.6903942,42.88621363715415],[140.6904132723619,42.886219425557684],[140.69042117239286,42.8862334]]]}},{"type":"Feature","id":"pylon-niseko-united-283","properties":{"kind":"pylon","name":"Lift tower","height":13},"geometry":{"type":"Polygon","coordinates":[[[140.6910181725468,42.8865854],[140.69101027247075,42.88659937444232],[140.6909912,42.886605162845854],[140.69097212752928,42.88659937444232],[140.69096422745324,42.8865854],[140.69097212752928,42.88657142555768],[140.6909912,42.88656563715415],[140.69101027247075,42.88657142555768],[140.6910181725468,42.8865854]]]}},{"type":"Feature","id":"pylon-niseko-united-284","properties":{"kind":"pylon","name":"Lift tower","height":13},"geometry":{"type":"Polygon","coordinates":[[[140.69169287272072,42.8869832],[140.69168497259372,42.88699717444232],[140.6916659,42.887002962845855],[140.6916468274063,42.88699717444232],[140.69163892727929,42.8869832],[140.6916468274063,42.886969225557685],[140.6916659,42.88696343715415],[140.69168497259372,42.886969225557685],[140.69169287272072,42.8869832]]]}},{"type":"Feature","id":"pylon-niseko-united-285","properties":{"kind":"pylon","name":"Lift tower","height":13},"geometry":{"type":"Polygon","coordinates":[[[140.69232237288298,42.8873543],[140.69231447270846,42.887368274442316],[140.6922954,42.88737406284585],[140.69227632729155,42.887368274442316],[140.69226842711703,42.8873543],[140.69227632729155,42.88734032555768],[140.6922954,42.887334537154146],[140.69231447270846,42.88734032555768],[140.69232237288298,42.8873543]]]}},{"type":"Feature","id":"pylon-niseko-united-286","properties":{"kind":"pylon","name":"Lift tower","height":13},"geometry":{"type":"Polygon","coordinates":[[[140.69315297309709,42.8878439],[140.69314507285986,42.88785787444232],[140.693126,42.88786366284585],[140.69310692714015,42.88785787444232],[140.69309902690293,42.8878439],[140.69310692714015,42.88782992555768],[140.693126,42.88782413715415],[140.69314507285986,42.88782992555768],[140.69315297309709,42.8878439]]]}},{"type":"Feature","id":"pylon-niseko-united-287","properties":{"kind":"pylon","name":"Lift tower","height":13},"geometry":{"type":"Polygon","coordinates":[[[140.69529647364962,42.8891075],[140.69528857325056,42.88912147444232],[140.6952695,42.889127262845854],[140.69525042674942,42.88912147444232],[140.69524252635037,42.8891075],[140.69525042674942,42.88909352555768],[140.6952695,42.88908773715415],[140.69528857325056,42.88909352555768],[140.69529647364962,42.8891075]]]}},{"type":"Feature","id":"pylon-niseko-united-288","properties":{"kind":"pylon","name":"Lift tower","height":13},"geometry":{"type":"Polygon","coordinates":[[[140.69586467379608,42.8894424],[140.69585677335414,42.88945637444232],[140.6958377,42.88946216284585],[140.69581862664586,42.88945637444232],[140.69581072620392,42.8894424],[140.69581862664586,42.88942842555768],[140.6958377,42.88942263715415],[140.69585677335414,42.88942842555768],[140.69586467379608,42.8894424]]]}},{"type":"Feature","id":"pylon-niseko-united-289","properties":{"kind":"pylon","name":"Lift tower","height":13},"geometry":{"type":"Polygon","coordinates":[[[140.69625547389685,42.8896728],[140.69624757342538,42.88968677444232],[140.6962285,42.88969256284585],[140.6962094265746,42.88968677444232],[140.69620152610312,42.8896728],[140.6962094265746,42.88965882555768],[140.6962285,42.88965303715415],[140.69624757342538,42.88965882555768],[140.69625547389685,42.8896728]]]}},{"type":"Feature","id":"pylon-niseko-united-290","properties":{"kind":"pylon","name":"Lift tower","height":13},"geometry":{"type":"Polygon","coordinates":[[[140.69689727406228,42.8900511],[140.69688937354238,42.89006507444232],[140.6968703,42.89007086284585],[140.69685122645762,42.89006507444232],[140.69684332593772,42.8900511],[140.69685122645762,42.89003712555768],[140.6968703,42.89003133715415],[140.69688937354238,42.89003712555768],[140.69689727406228,42.8900511]]]}},{"type":"Feature","id":"pylon-niseko-united-291","properties":{"kind":"pylon","name":"Lift tower","height":13},"geometry":{"type":"Polygon","coordinates":[[[140.697485674214,42.890398],[140.69747777364964,42.890411974442316],[140.6974587,42.89041776284585],[140.69743962635036,42.890411974442316],[140.697431725786,42.890398],[140.69743962635036,42.89038402555768],[140.6974587,42.890378237154145],[140.69747777364964,42.89038402555768],[140.697485674214,42.890398]]]}},{"type":"Feature","id":"pylon-niseko-united-292","properties":{"kind":"pylon","name":"Lift tower","height":13},"geometry":{"type":"Polygon","coordinates":[[[140.69792427432705,42.8906565],[140.69791637372958,42.89067047444232],[140.6978973,42.89067626284585],[140.6978782262704,42.89067047444232],[140.69787032567294,42.8906565],[140.6978782262704,42.89064252555768],[140.6978973,42.890636737154146],[140.69791637372958,42.89064252555768],[140.69792427432705,42.8906565]]]}},{"type":"Feature","id":"pylon-niseko-united-293","properties":{"kind":"pylon","name":"Lift tower","height":13},"geometry":{"type":"Polygon","coordinates":[[[140.6987145745308,42.8911224],[140.69870667387366,42.89113637444232],[140.6986876,42.89114216284585],[140.69866852612634,42.89113637444232],[140.6986606254692,42.8911224],[140.69866852612634,42.89110842555768],[140.6986876,42.89110263715415],[140.69870667387366,42.89110842555768],[140.6987145745308,42.8911224]]]}},{"type":"Feature","id":"pylon-niseko-united-294","properties":{"kind":"pylon","name":"Lift tower","height":13},"geometry":{"type":"Polygon","coordinates":[[[140.66799095837683,42.8541516],[140.66798306245107,42.85416557444232],[140.667964,42.854171362845854],[140.66794493754895,42.85416557444232],[140.6679370416232,42.8541516],[140.66794493754895,42.854137625557684],[140.667964,42.85413183715415],[140.66798306245107,42.854137625557684],[140.66799095837683,42.8541516]]]}},{"type":"Feature","id":"pylon-niseko-united-295","properties":{"kind":"pylon","name":"Lift tower","height":13},"geometry":{"type":"Polygon","coordinates":[[[140.66791505849974,42.8544332],[140.66790716253797,42.85444717444232],[140.6678881,42.854452962845855],[140.66786903746203,42.85444717444232],[140.66786114150025,42.8544332],[140.66786903746203,42.854419225557685],[140.6678881,42.85441343715415],[140.66790716253797,42.854419225557685],[140.66791505849974,42.8544332]]]}},{"type":"Feature","id":"pylon-niseko-united-296","properties":{"kind":"pylon","name":"Lift tower","height":13},"geometry":{"type":"Polygon","coordinates":[[[140.6678055586771,42.8548395],[140.6677976626634,42.854853474442315],[140.6677786,42.85485926284585],[140.6677595373366,42.854853474442315],[140.6677516413229,42.8548395],[140.6677595373366,42.85482552555768],[140.6677786,42.854819737154145],[140.6677976626634,42.85482552555768],[140.6678055586771,42.8548395]]]}},{"type":"Feature","id":"pylon-niseko-united-297","properties":{"kind":"pylon","name":"Lift tower","height":13},"geometry":{"type":"Polygon","coordinates":[[[140.66765745891678,42.8553885],[140.66764956283285,42.855402474442315],[140.6676305,42.85540826284585],[140.66761143716715,42.855402474442315],[140.66760354108322,42.8553885],[140.66761143716715,42.85537452555768],[140.6676305,42.855368737154144],[140.66764956283285,42.85537452555768],[140.66765745891678,42.8553885]]]}},{"type":"Feature","id":"pylon-niseko-united-298","properties":{"kind":"pylon","name":"Lift tower","height":13},"geometry":{"type":"Polygon","coordinates":[[[140.66748485919624,42.8560287],[140.66747696303048,42.85604267444232],[140.6674579,42.856048462845855],[140.6674388369695,42.85604267444232],[140.66743094080374,42.8560287],[140.6674388369695,42.856014725557685],[140.6674579,42.85600893715415],[140.66747696303048,42.856014725557685],[140.66748485919624,42.8560287]]]}},{"type":"Feature","id":"pylon-niseko-united-299","properties":{"kind":"pylon","name":"Lift tower","height":13},"geometry":{"type":"Polygon","coordinates":[[[140.6673175594672,42.8566493],[140.66730966322208,42.85666327444232],[140.6672906,42.85666906284585],[140.66727153677792,42.85666327444232],[140.6672636405328,42.8566493],[140.66727153677792,42.85663532555768],[140.6672906,42.85662953715415],[140.66730966322208,42.85663532555768],[140.6673175594672,42.8566493]]]}},{"type":"Feature","id":"pylon-niseko-united-300","properties":{"kind":"pylon","name":"Lift tower","height":13},"geometry":{"type":"Polygon","coordinates":[[[140.6670720598646,42.8575596],[140.66706416350308,42.85757357444232],[140.6670451,42.857579362845854],[140.6670260364969,42.85757357444232],[140.66701814013538,42.8575596],[140.6670260364969,42.857545625557684],[140.6670451,42.85753983715415],[140.66706416350308,42.857545625557684],[140.6670720598646,42.8575596]]]}},{"type":"Feature","id":"pylon-niseko-united-301","properties":{"kind":"pylon","name":"Lift tower","height":13},"geometry":{"type":"Polygon","coordinates":[[[140.66694136007615,42.8580441],[140.66693346365267,42.85805807444232],[140.6669144,42.85806386284585],[140.66689533634732,42.85805807444232],[140.66688743992384,42.8580441],[140.66689533634732,42.85803012555768],[140.6669144,42.85802433715415],[140.66693346365267,42.85803012555768],[140.66694136007615,42.8580441]]]}},{"type":"Feature","id":"pylon-niseko-united-302","properties":{"kind":"pylon","name":"Lift tower","height":13},"geometry":{"type":"Polygon","coordinates":[[[140.66679546031241,42.8585852],[140.66678756381972,42.85859917444232],[140.6667685,42.85860496284585],[140.66674943618025,42.85859917444232],[140.66674153968756,42.8585852],[140.66674943618025,42.85857122555768],[140.6667685,42.85856543715415],[140.66678756381972,42.85857122555768],[140.66679546031241,42.8585852]]]}},{"type":"Feature","id":"pylon-niseko-united-303","properties":{"kind":"pylon","name":"Lift tower","height":13},"geometry":{"type":"Polygon","coordinates":[[[140.66651076077355,42.8596413],[140.6665028641458,42.85965527444232],[140.6664838,42.85966106284585],[140.66646473585422,42.85965527444232],[140.66645683922647,42.8596413],[140.66646473585422,42.85962732555768],[140.6664838,42.85962153715415],[140.6665028641458,42.85962732555768],[140.66651076077355,42.8596413]]]}},{"type":"Feature","id":"pylon-niseko-united-304","properties":{"kind":"pylon","name":"Lift tower","height":13},"geometry":{"type":"Polygon","coordinates":[[[140.6662401612116,42.8606445],[140.66623226445554,42.86065847444232],[140.6662132,42.86066426284585],[140.66619413554443,42.86065847444232],[140.66618623878838,42.8606445],[140.66619413554443,42.86063052555768],[140.6662132,42.86062473715415],[140.66623226445554,42.86063052555768],[140.6662401612116,42.8606445]]]}},{"type":"Feature","id":"pylon-niseko-united-305","properties":{"kind":"pylon","name":"Lift tower","height":13},"geometry":{"type":"Polygon","coordinates":[[[140.6661310613884,42.8610493],[140.66612316458057,42.861063274442316],[140.6661041,42.86106906284585],[140.66608503541946,42.861063274442316],[140.66607713861163,42.8610493],[140.66608503541946,42.86103532555768],[140.6661041,42.861029537154145],[140.66612316458057,42.86103532555768],[140.6661310613884,42.8610493]]]}},{"type":"Feature","id":"pylon-niseko-united-306","properties":{"kind":"pylon","name":"Lift tower","height":13},"geometry":{"type":"Polygon","coordinates":[[[140.66603976153615,42.8613877],[140.66603186468504,42.86140167444232],[140.6660128,42.861407462845854],[140.66599373531497,42.86140167444232],[140.66598583846385,42.8613877],[140.66599373531497,42.861373725557684],[140.6660128,42.86136793715415],[140.66603186468504,42.861373725557684],[140.66603976153615,42.8613877]]]}},{"type":"Feature","id":"pylon-niseko-united-307","properties":{"kind":"pylon","name":"Lift tower","height":13},"geometry":{"type":"Polygon","coordinates":[[[140.66598756162068,42.8615813],[140.66597966474484,42.861595274442315],[140.6659606,42.86160106284585],[140.66594153525517,42.861595274442315],[140.66593363837933,42.8615813],[140.66594153525517,42.86156732555768],[140.6659606,42.861561537154145],[140.66597966474484,42.86156732555768],[140.66598756162068,42.8615813]]]}},{"type":"Feature","id":"pylon-niseko-united-308","properties":{"kind":"pylon","name":"Lift tower","height":13},"geometry":{"type":"Polygon","coordinates":[[[140.66592756171784,42.8618038],[140.66591966481352,42.861817774442315],[140.6659006,42.86182356284585],[140.66588153518646,42.861817774442315],[140.66587363828214,42.8618038],[140.66588153518646,42.86178982555768],[140.6659006,42.861784037154145],[140.66591966481352,42.86178982555768],[140.66592756171784,42.8618038]]]}},{"type":"Feature","id":"pylon-niseko-united-309","properties":{"kind":"pylon","name":"Lift tower","height":13},"geometry":{"type":"Polygon","coordinates":[[[140.62840965644716,42.8497306],[140.6284017610866,42.84974457444232],[140.6283827,42.84975036284585],[140.6283636389134,42.84974457444232],[140.62835574355285,42.8497306],[140.6283636389134,42.84971662555768],[140.6283827,42.84971083715415],[140.6284017610866,42.84971662555768],[140.62840965644716,42.8497306]]]}},{"type":"Feature","id":"pylon-niseko-united-310","properties":{"kind":"pylon","name":"Lift tower","height":13},"geometry":{"type":"Polygon","coordinates":[[[140.6283123567623,42.8504527],[140.62830446130943,42.850466674442316],[140.6282854,42.85047246284585],[140.6282663386906,42.850466674442316],[140.6282584432377,42.8504527],[140.6282663386906,42.85043872555768],[140.6282854,42.850432937154146],[140.62830446130943,42.85043872555768],[140.6283123567623,42.8504527]]]}},{"type":"Feature","id":"pylon-niseko-united-311","properties":{"kind":"pylon","name":"Lift tower","height":13},"geometry":{"type":"Polygon","coordinates":[[[140.62823465701365,42.8510286],[140.62822676148716,42.85104257444232],[140.6282077,42.85104836284585],[140.62818863851282,42.85104257444232],[140.62818074298633,42.8510286],[140.62818863851282,42.85101462555768],[140.6282077,42.85100883715415],[140.62822676148716,42.85101462555768],[140.62823465701365,42.8510286]]]}},{"type":"Feature","id":"pylon-niseko-united-312","properties":{"kind":"pylon","name":"Lift tower","height":13},"geometry":{"type":"Polygon","coordinates":[[[140.62814275731108,42.8517101],[140.62813486169748,42.851724074442316],[140.6281158,42.85172986284585],[140.6280967383025,42.851724074442316],[140.6280888426889,42.8517101],[140.6280967383025,42.85169612555768],[140.6281158,42.851690337154146],[140.62813486169748,42.85169612555768],[140.62814275731108,42.8517101]]]}},{"type":"Feature","id":"pylon-niseko-united-313","properties":{"kind":"pylon","name":"Lift tower","height":13},"geometry":{"type":"Polygon","coordinates":[[[140.62809835745495,42.8520396],[140.6280904617992,42.852053574442316],[140.6280714,42.85205936284585],[140.62805233820083,42.852053574442316],[140.62804444254508,42.8520396],[140.62805233820083,42.85202562555768],[140.6280714,42.852019837154145],[140.6280904617992,42.85202562555768],[140.62809835745495,42.8520396]]]}},{"type":"Feature","id":"pylon-niseko-united-314","properties":{"kind":"pylon","name":"Lift tower","height":13},"geometry":{"type":"Polygon","coordinates":[[[140.62914185659685,42.8500736],[140.62913396119242,42.85008757444232],[140.6291149,42.850093362845854],[140.62909583880756,42.85008757444232],[140.62908794340314,42.8500736],[140.62909583880756,42.850059625557684],[140.6291149,42.85005383715415],[140.62913396119242,42.850059625557684],[140.62914185659685,42.8500736]]]}},{"type":"Feature","id":"pylon-niseko-united-315","properties":{"kind":"pylon","name":"Lift tower","height":13},"geometry":{"type":"Polygon","coordinates":[[[140.62894575635818,42.8495267],[140.62893786102367,42.849540674442316],[140.6289188,42.84954646284585],[140.62889973897634,42.849540674442316],[140.62889184364184,42.8495267],[140.62889973897634,42.84951272555768],[140.6289188,42.849506937154146],[140.62893786102367,42.84951272555768],[140.62894575635818,42.8495267]]]}},{"type":"Feature","id":"pylon-niseko-united-316","properties":{"kind":"pylon","name":"Lift tower","height":13},"geometry":{"type":"Polygon","coordinates":[[[140.62928615677248,42.850476],[140.6292782613166,42.85048997444232],[140.6292592,42.85049576284585],[140.6292401386834,42.85048997444232],[140.62923224322753,42.850476],[140.6292401386834,42.85046202555768],[140.6292592,42.85045623715415],[140.6292782613166,42.85046202555768],[140.62928615677248,42.850476]]]}},{"type":"Feature","id":"pylon-niseko-united-317","properties":{"kind":"pylon","name":"Lift tower","height":13},"geometry":{"type":"Polygon","coordinates":[[[140.62935465685584,42.850667],[140.62934676137556,42.85068097444232],[140.6293277,42.850686762845854],[140.62930863862445,42.85068097444232],[140.62930074314417,42.850667],[140.62930863862445,42.85065302555768],[140.6293277,42.85064723715415],[140.62934676137556,42.85065302555768],[140.62935465685584,42.850667]]]}},{"type":"Feature","id":"pylon-niseko-united-318","properties":{"kind":"pylon","name":"Lift tower","height":13},"geometry":{"type":"Polygon","coordinates":[[[140.62949505702673,42.8510586],[140.6294871614964,42.85107257444232],[140.6294681,42.851078362845854],[140.6294490385036,42.85107257444232],[140.62944114297326,42.8510586],[140.6294490385036,42.851044625557684],[140.6294681,42.85103883715415],[140.6294871614964,42.851044625557684],[140.62949505702673,42.8510586]]]}},{"type":"Feature","id":"pylon-niseko-united-319","properties":{"kind":"pylon","name":"Lift tower","height":13},"geometry":{"type":"Polygon","coordinates":[[[140.62969735727305,42.8516229],[140.62968946167058,42.85163687444232],[140.6296704,42.851642662845855],[140.62965133832944,42.85163687444232],[140.62964344272697,42.8516229],[140.62965133832944,42.851608925557684],[140.6296704,42.85160313715415],[140.62968946167058,42.851608925557684],[140.62969735727305,42.8516229]]]}},{"type":"Feature","id":"pylon-niseko-united-320","properties":{"kind":"pylon","name":"Lift tower","height":13},"geometry":{"type":"Polygon","coordinates":[[[140.6298676574803,42.8520978],[140.62985976181713,42.85211177444232],[140.6298407,42.852117562845855],[140.62982163818285,42.85211177444232],[140.62981374251967,42.8520978],[140.62982163818285,42.852083825557685],[140.6298407,42.85207803715415],[140.62985976181713,42.852083825557685],[140.6298676574803,42.8520978]]]}},{"type":"Feature","id":"pylon-niseko-united-321","properties":{"kind":"pylon","name":"Lift tower","height":13},"geometry":{"type":"Polygon","coordinates":[[[140.6300448576961,42.8525921],[140.63003696196972,42.85260607444232],[140.6300179,42.852611862845855],[140.6299988380303,42.85260607444232],[140.62999094230392,42.8525921],[140.6299988380303,42.852578125557685],[140.6300179,42.85257233715415],[140.63003696196972,42.852578125557685],[140.6300448576961,42.8525921]]]}},{"type":"Feature","id":"pylon-niseko-united-322","properties":{"kind":"pylon","name":"Lift tower","height":13},"geometry":{"type":"Polygon","coordinates":[[[140.6301908578738,42.8529992],[140.63018296209538,42.85301317444232],[140.6301639,42.85301896284585],[140.63014483790465,42.85301317444232],[140.63013694212623,42.8529992],[140.63014483790465,42.85298522555768],[140.6301639,42.85297943715415],[140.63018296209538,42.85298522555768],[140.6301908578738,42.8529992]]]}},{"type":"Feature","id":"pylon-niseko-united-323","properties":{"kind":"pylon","name":"Lift tower","height":13},"geometry":{"type":"Polygon","coordinates":[[[140.63050635825783,42.853879],[140.63049846236692,42.85389297444232],[140.6304794,42.85389876284585],[140.6304603376331,42.85389297444232],[140.6304524417422,42.853879],[140.6304603376331,42.85386502555768],[140.6304794,42.85385923715415],[140.63049846236692,42.85386502555768],[140.63050635825783,42.853879]]]}},{"type":"Feature","id":"pylon-niseko-united-324","properties":{"kind":"pylon","name":"Lift tower","height":13},"geometry":{"type":"Polygon","coordinates":[[[140.63058555835428,42.8541],[140.63057766243512,42.85411397444232],[140.6305586,42.854119762845855],[140.63053953756489,42.85411397444232],[140.63053164164572,42.8541],[140.63053953756489,42.854086025557685],[140.6305586,42.85408023715415],[140.63057766243512,42.854086025557685],[140.63058555835428,42.8541]]]}},{"type":"Feature","id":"pylon-niseko-united-325","properties":{"kind":"pylon","name":"Lift tower","height":13},"geometry":{"type":"Polygon","coordinates":[[[140.63064945843206,42.8542782],[140.63064156249013,42.85429217444232],[140.6306225,42.854297962845855],[140.63060343750985,42.85429217444232],[140.6305955415679,42.8542782],[140.63060343750985,42.854264225557685],[140.6306225,42.85425843715415],[140.63064156249013,42.854264225557685],[140.63064945843206,42.8542782]]]}},{"type":"Feature","id":"pylon-niseko-united-326","properties":{"kind":"pylon","name":"Lift tower","height":13},"geometry":{"type":"Polygon","coordinates":[[[140.6308496586758,42.8548365],[140.63084176266247,42.854850474442316],[140.6308227,42.85485626284585],[140.63080363733755,42.854850474442316],[140.63079574132422,42.8548365],[140.63080363733755,42.85482252555768],[140.6308227,42.854816737154145],[140.63084176266247,42.85482252555768],[140.6308496586758,42.8548365]]]}},{"type":"Feature","id":"pylon-niseko-united-327","properties":{"kind":"pylon","name":"Lift tower","height":13},"geometry":{"type":"Polygon","coordinates":[[[140.6309941588517,42.8552395],[140.63098626278685,42.85525347444232],[140.6309672,42.855259262845856],[140.63094813721312,42.85525347444232],[140.63094024114827,42.8552395],[140.63094813721312,42.855225525557685],[140.6309672,42.85521973715415],[140.63098626278685,42.855225525557685],[140.6309941588517,42.8552395]]]}},{"type":"Feature","id":"pylon-niseko-united-328","properties":{"kind":"pylon","name":"Lift tower","height":13},"geometry":{"type":"Polygon","coordinates":[[[140.63124365915542,42.8559351],[140.6312357630016,42.85594907444232],[140.6312167,42.855954862845856],[140.63119763699842,42.85594907444232],[140.6311897408446,42.8559351],[140.63119763699842,42.855921125557686],[140.6312167,42.85591533715415],[140.6312357630016,42.855921125557686],[140.63124365915542,42.8559351]]]}},{"type":"Feature","id":"pylon-niseko-united-329","properties":{"kind":"pylon","name":"Lift tower","height":13},"geometry":{"type":"Polygon","coordinates":[[[140.63146375942344,42.8565491],[140.63145586319112,42.85656307444232],[140.6314368,42.856568862845855],[140.63141773680886,42.85656307444232],[140.63140984057654,42.8565491],[140.63141773680886,42.856535125557684],[140.6314368,42.85652933715415],[140.63145586319112,42.856535125557684],[140.63146375942344,42.8565491]]]}},{"type":"Feature","id":"pylon-niseko-united-330","properties":{"kind":"pylon","name":"Lift tower","height":13},"geometry":{"type":"Polygon","coordinates":[[[140.63099185634468,42.8494958],[140.63098396101412,42.84950977444232],[140.6309649,42.84951556284585],[140.6309458389859,42.84950977444232],[140.63093794365534,42.8494958],[140.6309458389859,42.84948182555768],[140.6309649,42.84947603715415],[140.63098396101412,42.84948182555768],[140.63099185634468,42.8494958]]]}},{"type":"Feature","id":"pylon-niseko-united-331","properties":{"kind":"pylon","name":"Lift tower","height":13},"geometry":{"type":"Polygon","coordinates":[[[140.6718877547545,42.8458518],[140.67187985988969,42.845865774442316],[140.6718608,42.84587156284585],[140.6718417401103,42.845865774442316],[140.6718338452455,42.8458518],[140.6718417401103,42.84583782555768],[140.6718608,42.845832037154146],[140.67187985988969,42.84583782555768],[140.6718877547545,42.8458518]]]}},{"type":"Feature","id":"pylon-niseko-united-332","properties":{"kind":"pylon","name":"Lift tower","height":13},"geometry":{"type":"Polygon","coordinates":[[[140.6714431550373,42.8464999],[140.67143526008968,42.846513874442316],[140.6714162,42.84651966284585],[140.67139713991034,42.846513874442316],[140.6713892449627,42.8464999],[140.67139713991034,42.84648592555768],[140.6714162,42.846480137154145],[140.67143526008968,42.84648592555768],[140.6714431550373,42.8464999]]]}},{"type":"Feature","id":"pylon-niseko-united-333","properties":{"kind":"pylon","name":"Lift tower","height":13},"geometry":{"type":"Polygon","coordinates":[[[140.67122175517812,42.8468226],[140.67121386018923,42.84683657444232],[140.6711948,42.846842362845855],[140.67117573981076,42.84683657444232],[140.67116784482187,42.8468226],[140.67117573981076,42.846808625557685],[140.6711948,42.84680283715415],[140.67121386018923,42.846808625557685],[140.67122175517812,42.8468226]]]}},{"type":"Feature","id":"pylon-niseko-united-334","properties":{"kind":"pylon","name":"Lift tower","height":13},"geometry":{"type":"Polygon","coordinates":[[[140.67036565572266,42.8480705],[140.6703577605743,42.84808447444232],[140.6703387,42.84809026284585],[140.6703196394257,42.84808447444232],[140.67031174427734,42.8480705],[140.6703196394257,42.84805652555768],[140.6703387,42.848050737154146],[140.6703577605743,42.84805652555768],[140.67036565572266,42.8480705]]]}},{"type":"Feature","id":"pylon-niseko-united-335","properties":{"kind":"pylon","name":"Lift tower","height":13},"geometry":{"type":"Polygon","coordinates":[[[140.67069085551583,42.8475965],[140.67068296042802,42.84761047444232],[140.6706639,42.847616262845854],[140.67064483957196,42.84761047444232],[140.67063694448416,42.8475965],[140.67064483957196,42.847582525557684],[140.6706639,42.84757673715415],[140.67068296042802,42.847582525557684],[140.67069085551583,42.8475965]]]}},{"type":"Feature","id":"pylon-niseko-united-336","properties":{"kind":"pylon","name":"Lift tower","height":13},"geometry":{"type":"Polygon","coordinates":[[[140.67702835553013,42.8476293],[140.67702046043814,42.84764327444232],[140.6770014,42.84764906284585],[140.67698233956185,42.84764327444232],[140.67697444446986,42.8476293],[140.67698233956185,42.84761532555768],[140.6770014,42.84760953715415],[140.67702046043814,42.84761532555768],[140.67702835553013,42.8476293]]]}},{"type":"Feature","id":"pylon-niseko-united-337","properties":{"kind":"pylon","name":"Lift tower","height":13},"geometry":{"type":"Polygon","coordinates":[[[140.67674785567138,42.847953],[140.67673996053801,42.847966974442315],[140.6767209,42.84797276284585],[140.67670183946197,42.847966974442315],[140.6766939443286,42.847953],[140.67670183946197,42.84793902555768],[140.6767209,42.847933237154145],[140.67673996053801,42.84793902555768],[140.67674785567138,42.847953]]]}},{"type":"Feature","id":"pylon-niseko-united-338","properties":{"kind":"pylon","name":"Lift tower","height":13},"geometry":{"type":"Polygon","coordinates":[[[140.67642215583544,42.8483289],[140.67641426065404,42.84834287444232],[140.6763952,42.84834866284585],[140.67637613934596,42.84834287444232],[140.67636824416456,42.8483289],[140.67637613934596,42.84831492555768],[140.6763952,42.848309137154146],[140.67641426065404,42.84831492555768],[140.67642215583544,42.8483289]]]}},{"type":"Feature","id":"pylon-niseko-united-339","properties":{"kind":"pylon","name":"Lift tower","height":13},"geometry":{"type":"Polygon","coordinates":[[[140.67614145597676,42.8486527],[140.67613356075395,42.84866667444232],[140.6761145,42.848672462845855],[140.67609543924607,42.84866667444232],[140.67608754402326,42.8486527],[140.67609543924607,42.848638725557684],[140.6761145,42.84863293715415],[140.67613356075395,42.848638725557684],[140.67614145597676,42.8486527]]]}},{"type":"Feature","id":"pylon-niseko-united-340","properties":{"kind":"pylon","name":"Lift tower","height":13},"geometry":{"type":"Polygon","coordinates":[[[140.6758319561326,42.8490099],[140.67582406086416,42.84902387444232],[140.675805,42.84902966284585],[140.67578593913584,42.84902387444232],[140.67577804386738,42.8490099],[140.67578593913584,42.84899592555768],[140.675805,42.848990137154146],[140.67582406086416,42.84899592555768],[140.6758319561326,42.8490099]]]}},{"type":"Feature","id":"pylon-niseko-united-341","properties":{"kind":"pylon","name":"Lift tower","height":13},"geometry":{"type":"Polygon","coordinates":[[[140.67552835628555,42.8493603],[140.6755204609723,42.84937427444232],[140.6755014,42.84938006284585],[140.6754823390277,42.84937427444232],[140.67547444371445,42.8493603],[140.6754823390277,42.84934632555768],[140.6755014,42.84934053715415],[140.6755204609723,42.84934632555768],[140.67552835628555,42.8493603]]]}},{"type":"Feature","id":"pylon-niseko-united-342","properties":{"kind":"pylon","name":"Lift tower","height":13},"geometry":{"type":"Polygon","coordinates":[[[140.67517535646334,42.8497677],[140.67516746109803,42.84978167444232],[140.6751484,42.84978746284585],[140.675129338902,42.84978167444232],[140.67512144353668,42.8497677],[140.675129338902,42.84975372555768],[140.6751484,42.84974793715415],[140.67516746109803,42.84975372555768],[140.67517535646334,42.8497677]]]}},{"type":"Feature","id":"pylon-niseko-united-343","properties":{"kind":"pylon","name":"Lift tower","height":13},"geometry":{"type":"Polygon","coordinates":[[[140.67473435668538,42.8502765],[140.67472646125503,42.85029047444232],[140.6747074,42.85029626284585],[140.67468833874494,42.85029047444232],[140.6746804433146,42.8502765],[140.67468833874494,42.85026252555768],[140.6747074,42.85025673715415],[140.67472646125503,42.85026252555768],[140.67473435668538,42.8502765]]]}},{"type":"Feature","id":"pylon-niseko-united-344","properties":{"kind":"pylon","name":"Lift tower","height":13},"geometry":{"type":"Polygon","coordinates":[[[140.6743398568841,42.8507318],[140.67433196139555,42.850745774442316],[140.6743129,42.85075156284585],[140.67429383860443,42.850745774442316],[140.67428594311588,42.8507318],[140.67429383860443,42.85071782555768],[140.6743129,42.850712037154146],[140.67433196139555,42.85071782555768],[140.6743398568841,42.8507318]]]}},{"type":"Feature","id":"pylon-niseko-united-345","properties":{"kind":"pylon","name":"Lift tower","height":13},"geometry":{"type":"Polygon","coordinates":[[[140.67366925722186,42.8515056],[140.67366136163437,42.85151957444232],[140.6736423,42.851525362845855],[140.67362323836565,42.85151957444232],[140.67361534277816,42.8515056],[140.67362323836565,42.851491625557685],[140.6736423,42.85148583715415],[140.67366136163437,42.851491625557685],[140.67366925722186,42.8515056]]]}},{"type":"Feature","id":"pylon-niseko-united-346","properties":{"kind":"pylon","name":"Lift tower","height":13},"geometry":{"type":"Polygon","coordinates":[[[140.673418857348,42.8517946],[140.67341096172356,42.851808574442316],[140.6733919,42.85181436284585],[140.67337283827646,42.851808574442316],[140.67336494265203,42.8517946],[140.67337283827646,42.85178062555768],[140.6733919,42.851774837154146],[140.67341096172356,42.85178062555768],[140.673418857348,42.8517946]]]}},{"type":"Feature","id":"pylon-niseko-united-347","properties":{"kind":"pylon","name":"Lift tower","height":13},"geometry":{"type":"Polygon","coordinates":[[[140.67299475756155,42.8522839],[140.6729868618746,42.85229787444232],[140.6729678,42.852303662845856],[140.67294873812543,42.85229787444232],[140.67294084243846,42.8522839],[140.67294873812543,42.852269925557685],[140.6729678,42.85226413715415],[140.6729868618746,42.852269925557685],[140.67299475756155,42.8522839]]]}},{"type":"Feature","id":"pylon-niseko-united-348","properties":{"kind":"pylon","name":"Lift tower","height":13},"geometry":{"type":"Polygon","coordinates":[[[140.67248165782004,42.8528761],[140.67247376205736,42.85289007444232],[140.6724547,42.852895862845855],[140.67243563794264,42.85289007444232],[140.67242774217996,42.8528761],[140.67243563794264,42.852862125557685],[140.6724547,42.85285633715415],[140.67247376205736,42.852862125557685],[140.67248165782004,42.8528761]]]}},{"type":"Feature","id":"pylon-niseko-united-349","properties":{"kind":"pylon","name":"Lift tower","height":13},"geometry":{"type":"Polygon","coordinates":[[[140.67210455800995,42.8533112],[140.67209666219165,42.85332517444232],[140.6720776,42.85333096284585],[140.67205853780834,42.85332517444232],[140.67205064199004,42.8533112],[140.67205853780834,42.85329722555768],[140.6720776,42.85329143715415],[140.67209666219165,42.85329722555768],[140.67210455800995,42.8533112]]]}},{"type":"Feature","id":"pylon-niseko-united-350","properties":{"kind":"pylon","name":"Lift tower","height":13},"geometry":{"type":"Polygon","coordinates":[[[140.67155345828755,42.8539471],[140.67154556238793,42.85396107444232],[140.6715265,42.85396686284585],[140.67150743761206,42.85396107444232],[140.67149954171245,42.8539471],[140.67150743761206,42.85393312555768],[140.6715265,42.85392733715415],[140.67154556238793,42.85393312555768],[140.67155345828755,42.8539471]]]}},{"type":"Feature","id":"pylon-niseko-united-351","properties":{"kind":"pylon","name":"Lift tower","height":13},"geometry":{"type":"Polygon","coordinates":[[[140.67118535847297,42.8543719],[140.67117746251904,42.854385874442315],[140.6711584,42.85439166284585],[140.67113933748095,42.854385874442315],[140.67113144152702,42.8543719],[140.67113933748095,42.85435792555768],[140.6711584,42.854352137154144],[140.67117746251904,42.85435792555768],[140.67118535847297,42.8543719]]]}},{"type":"Feature","id":"pylon-niseko-united-352","properties":{"kind":"pylon","name":"Lift tower","height":13},"geometry":{"type":"Polygon","coordinates":[[[140.6739706662592,42.8722004],[140.67396276802475,42.872214374442315],[140.6739437,42.87222016284585],[140.67392463197524,42.872214374442315],[140.67391673374078,42.8722004],[140.67392463197524,42.87218642555768],[140.6739437,42.872180637154145],[140.67396276802475,42.87218642555768],[140.6739706662592,42.8722004]]]}},{"type":"Feature","id":"pylon-niseko-united-353","properties":{"kind":"pylon","name":"Lift tower","height":13},"geometry":{"type":"Polygon","coordinates":[[[140.67916766592336,42.8714317],[140.67915976778727,42.87144567444232],[140.6791407,42.871451462845855],[140.67912163221274,42.87144567444232],[140.67911373407665,42.8714317],[140.67912163221274,42.871417725557684],[140.6791407,42.87141193715415],[140.67915976778727,42.871417725557684],[140.67916766592336,42.8714317]]]}},{"type":"Feature","id":"pylon-niseko-united-354","properties":{"kind":"pylon","name":"Lift tower","height":13},"geometry":{"type":"Polygon","coordinates":[[[140.6783235659779,42.8715565],[140.67831566782584,42.871570474442315],[140.6782966,42.87157626284585],[140.67827753217418,42.871570474442315],[140.67826963402212,42.8715565],[140.67827753217418,42.87154252555768],[140.6782966,42.871536737154145],[140.67831566782584,42.87154252555768],[140.6783235659779,42.8715565]]]}},{"type":"Feature","id":"pylon-niseko-united-355","properties":{"kind":"pylon","name":"Lift tower","height":13},"geometry":{"type":"Polygon","coordinates":[[[140.67747306603286,42.8716823],[140.67746516786468,42.87169627444232],[140.6774461,42.871702062845856],[140.6774270321353,42.87169627444232],[140.67741913396713,42.8716823],[140.6774270321353,42.871668325557685],[140.6774461,42.87166253715415],[140.67746516786468,42.871668325557685],[140.67747306603286,42.8716823]]]}},{"type":"Feature","id":"pylon-niseko-united-356","properties":{"kind":"pylon","name":"Lift tower","height":13},"geometry":{"type":"Polygon","coordinates":[[[140.6772280660487,42.8717186],[140.6772201678759,42.87173257444232],[140.6772011,42.87173836284585],[140.67718203212408,42.87173257444232],[140.67717413395127,42.8717186],[140.67718203212408,42.87170462555768],[140.6772011,42.87169883715415],[140.6772201678759,42.87170462555768],[140.6772280660487,42.8717186]]]}},{"type":"Feature","id":"pylon-niseko-united-357","properties":{"kind":"pylon","name":"Lift tower","height":13},"geometry":{"type":"Polygon","coordinates":[[[140.6770749660586,42.8717412],[140.67706706788292,42.87175517444232],[140.677048,42.871760962845855],[140.6770289321171,42.87175517444232],[140.67702103394143,42.8717412],[140.6770289321171,42.871727225557684],[140.677048,42.87172143715415],[140.67706706788292,42.871727225557684],[140.6770749660586,42.8717412]]]}},{"type":"Feature","id":"pylon-niseko-united-358","properties":{"kind":"pylon","name":"Lift tower","height":13},"geometry":{"type":"Polygon","coordinates":[[[140.67618976611578,42.8718721],[140.67618186792333,42.871886074442315],[140.6761628,42.87189186284585],[140.67614373207664,42.871886074442315],[140.6761358338842,42.8718721],[140.67614373207664,42.87185812555768],[140.6761628,42.871852337154145],[140.67618186792333,42.87185812555768],[140.67618976611578,42.8718721]]]}},{"type":"Feature","id":"pylon-niseko-united-359","properties":{"kind":"pylon","name":"Lift tower","height":13},"geometry":{"type":"Polygon","coordinates":[[[140.67536416616915,42.8719942],[140.67535626796106,42.87200817444232],[140.6753372,42.872013962845855],[140.67531813203894,42.87200817444232],[140.67531023383086,42.8719942],[140.67531813203894,42.871980225557685],[140.6753372,42.87197443715415],[140.67535626796106,42.871980225557685],[140.67536416616915,42.8719942]]]}},{"type":"Feature","id":"pylon-niseko-united-360","properties":{"kind":"pylon","name":"Lift tower","height":13},"geometry":{"type":"Polygon","coordinates":[[[140.67460236621838,42.8721069],[140.6745944679959,42.87212087444232],[140.6745754,42.87212666284585],[140.67455633200413,42.87212087444232],[140.67454843378164,42.8721069],[140.67455633200413,42.87209292555768],[140.6745754,42.872087137154146],[140.6745944679959,42.87209292555768],[140.67460236621838,42.8721069]]]}},{"type":"Feature","id":"pylon-niseko-united-361","properties":{"kind":"pylon","name":"Lift tower","height":13},"geometry":{"type":"Polygon","coordinates":[[[140.63114615683077,42.8506096],[140.63113826135785,42.85062357444232],[140.6311192,42.85062936284585],[140.63110013864215,42.85062357444232],[140.63109224316923,42.8506096],[140.63110013864215,42.85059562555768],[140.6311192,42.850589837154146],[140.63113826135785,42.85059562555768],[140.63114615683077,42.8506096]]]}},{"type":"Feature","id":"pylon-niseko-united-362","properties":{"kind":"pylon","name":"Lift tower","height":13},"geometry":{"type":"Polygon","coordinates":[[[140.63119715699142,42.8509776],[140.63118926147143,42.85099157444232],[140.6311702,42.85099736284585],[140.6311511385286,42.85099157444232],[140.6311432430086,42.8509776],[140.6311511385286,42.85096362555768],[140.6311702,42.85095783715415],[140.63118926147143,42.85096362555768],[140.63119715699142,42.8509776]]]}},{"type":"Feature","id":"pylon-niseko-united-363","properties":{"kind":"pylon","name":"Lift tower","height":13},"geometry":{"type":"Polygon","coordinates":[[[140.63127475723581,42.8515376],[140.63126686164426,42.85155157444232],[140.6312478,42.85155736284585],[140.63122873835576,42.85155157444232],[140.6312208427642,42.8515376],[140.63122873835576,42.85152362555768],[140.6312478,42.85151783715415],[140.63126686164426,42.85152362555768],[140.63127475723581,42.8515376]]]}},{"type":"Feature","id":"pylon-niseko-united-364","properties":{"kind":"pylon","name":"Lift tower","height":13},"geometry":{"type":"Polygon","coordinates":[[[140.63140945766034,42.8525102],[140.63140156194441,42.852524174442316],[140.6313825,42.85252996284585],[140.6313634380556,42.852524174442316],[140.63135554233966,42.8525102],[140.6313634380556,42.85249622555768],[140.6313825,42.852490437154145],[140.63140156194441,42.85249622555768],[140.63140945766034,42.8525102]]]}},{"type":"Feature","id":"pylon-niseko-united-365","properties":{"kind":"pylon","name":"Lift tower","height":13},"geometry":{"type":"Polygon","coordinates":[[[140.6315093579749,42.8532308],[140.63150146216685,42.85324477444232],[140.6314824,42.85325056284585],[140.63146333783317,42.85324477444232],[140.63145544202513,42.8532308],[140.63146333783317,42.85321682555768],[140.6314824,42.853211037154146],[140.63150146216685,42.85321682555768],[140.6315093579749,42.8532308]]]}},{"type":"Feature","id":"pylon-niseko-united-366","properties":{"kind":"pylon","name":"Lift tower","height":13},"geometry":{"type":"Polygon","coordinates":[[[140.6316661584688,42.8543623],[140.63165826251608,42.854376274442316],[140.6316392,42.85438206284585],[140.6316201374839,42.854376274442316],[140.6316122415312,42.8543623],[140.6316201374839,42.85434832555768],[140.6316392,42.854342537154146],[140.63165826251608,42.85434832555768],[140.6316661584688,42.8543623]]]}},{"type":"Feature","id":"pylon-niseko-united-367","properties":{"kind":"pylon","name":"Lift tower","height":13},"geometry":{"type":"Polygon","coordinates":[[[140.63173725869288,42.8548756],[140.63172936267455,42.85488957444232],[140.6317103,42.85489536284585],[140.63169123732547,42.85488957444232],[140.63168334130714,42.8548756],[140.63169123732547,42.85486162555768],[140.6317103,42.85485583715415],[140.63172936267455,42.85486162555768],[140.63173725869288,42.8548756]]]}},{"type":"Feature","id":"pylon-niseko-united-368","properties":{"kind":"pylon","name":"Lift tower","height":13},"geometry":{"type":"Polygon","coordinates":[[[140.63184475903145,42.8556512],[140.63183686291396,42.855665174442315],[140.6318178,42.85567096284585],[140.63179873708603,42.855665174442315],[140.63179084096853,42.8556512],[140.63179873708603,42.85563722555768],[140.6318178,42.855631437154145],[140.63183686291396,42.85563722555768],[140.63184475903145,42.8556512]]]}},{"type":"Feature","id":"pylon-niseko-united-369","properties":{"kind":"pylon","name":"Lift tower","height":13},"geometry":{"type":"Polygon","coordinates":[[[140.6319569593851,42.8564612],[140.631949063164,42.856475174442316],[140.63193,42.85648096284585],[140.63191093683602,42.856475174442316],[140.63190304061493,42.8564612],[140.63191093683602,42.85644722555768],[140.63193,42.856441437154146],[140.631949063164,42.85644722555768],[140.6319569593851,42.8564612]]]}},{"type":"Feature","id":"pylon-niseko-united-370","properties":{"kind":"pylon","name":"Lift tower","height":13},"geometry":{"type":"Polygon","coordinates":[[[140.63201935958185,42.8569119],[140.63201146330314,42.85692587444232],[140.6319924,42.85693166284585],[140.63197333669686,42.85692587444232],[140.63196544041816,42.8569119],[140.63197333669686,42.85689792555768],[140.6319924,42.85689213715415],[140.63201146330314,42.85689792555768],[140.63201935958185,42.8569119]]]}},{"type":"Feature","id":"pylon-niseko-united-371","properties":{"kind":"pylon","name":"Lift tower","height":13},"geometry":{"type":"Polygon","coordinates":[[[140.63216606004394,42.8579703],[140.63215816362987,42.857984274442316],[140.6321391,42.85799006284585],[140.6321200363701,42.857984274442316],[140.63211213995604,42.8579703],[140.6321200363701,42.85795632555768],[140.6321391,42.857950537154146],[140.63215816362987,42.85795632555768],[140.63216606004394,42.8579703]]]}},{"type":"Feature","id":"pylon-niseko-united-372","properties":{"kind":"pylon","name":"Lift tower","height":13},"geometry":{"type":"Polygon","coordinates":[[[140.63221826020845,42.8583471],[140.6322103637462,42.85836107444232],[140.6321913,42.858366862845855],[140.63217223625378,42.85836107444232],[140.63216433979153,42.8583471],[140.63217223625378,42.858333125557685],[140.6321913,42.85832733715415],[140.6322103637462,42.858333125557685],[140.63221826020845,42.8583471]]]}},{"type":"Feature","id":"pylon-niseko-united-373","properties":{"kind":"pylon","name":"Lift tower","height":13},"geometry":{"type":"Polygon","coordinates":[[[140.63229376044623,42.8588917],[140.63228586391435,42.85890567444232],[140.6322668,42.85891146284585],[140.63224773608565,42.85890567444232],[140.63223983955376,42.8588917],[140.63224773608565,42.85887772555768],[140.6322668,42.85887193715415],[140.63228586391435,42.85887772555768],[140.63229376044623,42.8588917]]]}},{"type":"Feature","id":"pylon-niseko-united-374","properties":{"kind":"pylon","name":"Lift tower","height":13},"geometry":{"type":"Polygon","coordinates":[[[140.6323865607386,42.8595613],[140.6323786641211,42.85957527444232],[140.6323596,42.859581062845855],[140.6323405358789,42.85957527444232],[140.6323326392614,42.8595613],[140.6323405358789,42.859547325557685],[140.6323596,42.85954153715415],[140.6323786641211,42.859547325557685],[140.6323865607386,42.8595613]]]}},{"type":"Feature","id":"pylon-niseko-united-375","properties":{"kind":"pylon","name":"Lift tower","height":13},"geometry":{"type":"Polygon","coordinates":[[[140.6324506609407,42.8600241],[140.632442764264,42.860038074442315],[140.6324237,42.86004386284585],[140.632404635736,42.860038074442315],[140.63239673905932,42.8600241],[140.632404635736,42.86001012555768],[140.6324237,42.860004337154145],[140.632442764264,42.86001012555768],[140.6324506609407,42.8600241]]]}},{"type":"Feature","id":"pylon-niseko-united-376","properties":{"kind":"pylon","name":"Lift tower","height":13},"geometry":{"type":"Polygon","coordinates":[[[140.6326031614213,42.8611247],[140.63259526460382,42.861138674442316],[140.6325762,42.86114446284585],[140.63255713539615,42.861138674442316],[140.6325492385787,42.8611247],[140.63255713539615,42.86111072555768],[140.6325762,42.861104937154145],[140.63259526460382,42.86111072555768],[140.6326031614213,42.8611247]]]}},{"type":"Feature","id":"pylon-niseko-united-377","properties":{"kind":"pylon","name":"Lift tower","height":13},"geometry":{"type":"Polygon","coordinates":[[[140.6326980617202,42.8618091],[140.6326901648152,42.86182307444232],[140.6326711,42.861828862845854],[140.63265203518483,42.86182307444232],[140.63264413827983,42.8618091],[140.63265203518483,42.861795125557684],[140.6326711,42.86178933715415],[140.6326901648152,42.861795125557684],[140.6326980617202,42.8618091]]]}},{"type":"Feature","id":"pylon-niseko-united-378","properties":{"kind":"pylon","name":"Lift tower","height":13},"geometry":{"type":"Polygon","coordinates":[[[140.63272356180073,42.8619936],[140.63271566487214,42.862007574442316],[140.6326966,42.86201336284585],[140.63267753512787,42.862007574442316],[140.63266963819927,42.8619936],[140.63267753512787,42.86197962555768],[140.6326966,42.861973837154146],[140.63271566487214,42.86197962555768],[140.63272356180073,42.8619936]]]}},{"type":"Feature","id":"pylon-niseko-united-379","properties":{"kind":"pylon","name":"Lift tower","height":13},"geometry":{"type":"Polygon","coordinates":[[[140.63273016182137,42.8620408],[140.63272226488672,42.86205477444232],[140.6327032,42.862060562845855],[140.6326841351133,42.86205477444232],[140.63267623817865,42.8620408],[140.6326841351133,42.862026825557685],[140.6327032,42.86202103715415],[140.63272226488672,42.862026825557685],[140.63273016182137,42.8620408]]]}},{"type":"Feature","id":"pylon-niseko-united-380","properties":{"kind":"pylon","name":"Lift tower","height":13},"geometry":{"type":"Polygon","coordinates":[[[140.70139276034473,42.8586592],[140.70138486384258,42.858673174442316],[140.7013658,42.85867896284585],[140.7013467361574,42.858673174442316],[140.70133883965525,42.8586592],[140.7013467361574,42.85864522555768],[140.7013658,42.858639437154146],[140.70138486384258,42.85864522555768],[140.70139276034473,42.8586592]]]}},{"type":"Feature","id":"pylon-niseko-united-381","properties":{"kind":"pylon","name":"Lift tower","height":13},"geometry":{"type":"Polygon","coordinates":[[[140.7003954605575,42.8591465],[140.70038756399302,42.85916047444232],[140.7003685,42.859166262845854],[140.70034943600697,42.85916047444232],[140.7003415394425,42.8591465],[140.70034943600697,42.85913252555768],[140.7003685,42.85912673715415],[140.70038756399302,42.85913252555768],[140.7003954605575,42.8591465]]]}},{"type":"Feature","id":"pylon-niseko-united-382","properties":{"kind":"pylon","name":"Lift tower","height":13},"geometry":{"type":"Polygon","coordinates":[[[140.6994266607642,42.8596199],[140.69941876413918,42.859633874442316],[140.6993997,42.85963966284585],[140.6993806358608,42.859633874442316],[140.69937273923577,42.8596199],[140.6993806358608,42.85960592555768],[140.6993997,42.859600137154146],[140.69941876413918,42.85960592555768],[140.6994266607642,42.8596199]]]}},{"type":"Feature","id":"pylon-niseko-united-383","properties":{"kind":"pylon","name":"Lift tower","height":13},"geometry":{"type":"Polygon","coordinates":[[[140.69832706099882,42.8601572],[140.6983191643051,42.86017117444232],[140.6983001,42.860176962845856],[140.69828103569492,42.86017117444232],[140.6982731390012,42.8601572],[140.69828103569492,42.860143225557685],[140.6983001,42.86013743715415],[140.6983191643051,42.860143225557685],[140.69832706099882,42.8601572]]]}},{"type":"Feature","id":"pylon-niseko-united-384","properties":{"kind":"pylon","name":"Lift tower","height":13},"geometry":{"type":"Polygon","coordinates":[[[140.69716916124585,42.8607229],[140.69716126447977,42.86073687444232],[140.6971422,42.86074266284585],[140.69712313552023,42.86073687444232],[140.69711523875415,42.8607229],[140.69712313552023,42.86070892555768],[140.6971422,42.86070313715415],[140.69716126447977,42.86070892555768],[140.69716916124585,42.8607229]]]}},{"type":"Feature","id":"pylon-niseko-united-385","properties":{"kind":"pylon","name":"Lift tower","height":13},"geometry":{"type":"Polygon","coordinates":[[[140.69615106146307,42.8612204],[140.69614316463338,42.86123437444232],[140.6961241,42.86124016284585],[140.6961050353666,42.86123437444232],[140.6960971385369,42.8612204],[140.6961050353666,42.86120642555768],[140.6961241,42.86120063715415],[140.69614316463338,42.86120642555768],[140.69615106146307,42.8612204]]]}},{"type":"Feature","id":"pylon-niseko-united-386","properties":{"kind":"pylon","name":"Lift tower","height":13},"geometry":{"type":"Polygon","coordinates":[[[140.69536856163003,42.8616027],[140.69536066475143,42.86161667444232],[140.6953416,42.86162246284585],[140.69532253524858,42.86161667444232],[140.69531463836998,42.8616027],[140.69532253524858,42.86158872555768],[140.6953416,42.86158293715415],[140.69536066475143,42.86158872555768],[140.69536856163003,42.8616027]]]}},{"type":"Feature","id":"pylon-niseko-united-387","properties":{"kind":"pylon","name":"Lift tower","height":13},"geometry":{"type":"Polygon","coordinates":[[[140.6945382618072,42.8620084],[140.6945303648767,42.86202237444232],[140.6945113,42.86202816284585],[140.69449223512328,42.86202237444232],[140.69448433819278,42.8620084],[140.69449223512328,42.86199442555768],[140.6945113,42.86198863715415],[140.6945303648767,42.86199442555768],[140.6945382618072,42.8620084]]]}},{"type":"Feature","id":"pylon-niseko-united-388","properties":{"kind":"pylon","name":"Lift tower","height":13},"geometry":{"type":"Polygon","coordinates":[[[140.69379236196633,42.8623728],[140.69378446498922,42.86238677444232],[140.6937654,42.862392562845855],[140.69374633501076,42.86238677444232],[140.69373843803365,42.8623728],[140.69374633501076,42.862358825557685],[140.6937654,42.86235303715415],[140.69378446498922,42.862358825557685],[140.69379236196633,42.8623728]]]}},{"type":"Feature","id":"pylon-niseko-united-389","properties":{"kind":"pylon","name":"Lift tower","height":13},"geometry":{"type":"Polygon","coordinates":[[[140.67504855503918,42.8465042],[140.67504066009099,42.846518174442316],[140.6750216,42.84652396284585],[140.67500253990903,42.846518174442316],[140.67499464496083,42.8465042],[140.67500253990903,42.84649022555768],[140.6750216,42.846484437154146],[140.67504066009099,42.84649022555768],[140.67504855503918,42.8465042]]]}},{"type":"Feature","id":"pylon-niseko-united-390","properties":{"kind":"pylon","name":"Lift tower","height":13},"geometry":{"type":"Polygon","coordinates":[[[140.67506695505415,42.8465385],[140.67505906010157,42.84655247444232],[140.67504,42.84655826284585],[140.67502093989842,42.84655247444232],[140.67501304494584,42.8465385],[140.67502093989842,42.84652452555768],[140.67504,42.84651873715415],[140.67505906010157,42.84652452555768],[140.67506695505415,42.8465385]]]}},{"type":"Feature","id":"pylon-niseko-united-391","properties":{"kind":"pylon","name":"Lift tower","height":13},"geometry":{"type":"Polygon","coordinates":[[[140.67522035517962,42.846826],[140.6752124601903,42.84683997444232],[140.6751934,42.84684576284585],[140.67517433980973,42.84683997444232],[140.6751664448204,42.846826],[140.67517433980973,42.84681202555768],[140.6751934,42.84680623715415],[140.6752124601903,42.84681202555768],[140.67522035517962,42.846826]]]}},{"type":"Feature","id":"pylon-niseko-united-392","properties":{"kind":"pylon","name":"Lift tower","height":13},"geometry":{"type":"Polygon","coordinates":[[[140.67564205552426,42.8476159],[140.67563416043402,42.84762987444232],[140.6756151,42.84763566284585],[140.67559603956596,42.84762987444232],[140.6755881444757,42.8476159],[140.67559603956596,42.84760192555768],[140.6756151,42.84759613715415],[140.67563416043402,42.84760192555768],[140.67564205552426,42.8476159]]]}},{"type":"Feature","id":"pylon-niseko-united-393","properties":{"kind":"pylon","name":"Lift tower","height":13},"geometry":{"type":"Polygon","coordinates":[[[140.6759647557881,42.8482204],[140.67595686062057,42.84823437444232],[140.6759378,42.848240162845855],[140.67591873937945,42.84823437444232],[140.67591084421193,42.8482204],[140.67591873937945,42.848206425557684],[140.6759378,42.84820063715415],[140.67595686062057,42.848206425557684],[140.6759647557881,42.8482204]]]}},{"type":"Feature","id":"pylon-niseko-united-394","properties":{"kind":"pylon","name":"Lift tower","height":13},"geometry":{"type":"Polygon","coordinates":[[[140.6801685652785,42.8699557],[140.6801606673313,42.869969674442316],[140.6801416,42.86997546284585],[140.68012253266872,42.869969674442316],[140.68011463472152,42.8699557],[140.68012253266872,42.86994172555768],[140.6801416,42.869935937154146],[140.6801606673313,42.86994172555768],[140.6801685652785,42.8699557]]]}},{"type":"Feature","id":"pylon-niseko-united-395","properties":{"kind":"pylon","name":"Lift tower","height":13},"geometry":{"type":"Polygon","coordinates":[[[140.6811352652392,42.8698657],[140.6811273673035,42.869879674442316],[140.6811083,42.86988546284585],[140.6810892326965,42.869879674442316],[140.68108133476082,42.8698657],[140.6810892326965,42.86985172555768],[140.6811083,42.869845937154146],[140.6811273673035,42.86985172555768],[140.6811352652392,42.8698657]]]}},{"type":"Feature","id":"pylon-niseko-united-396","properties":{"kind":"pylon","name":"Lift tower","height":13},"geometry":{"type":"Polygon","coordinates":[[[140.68180606521193,42.8698033],[140.6817981672842,42.86981727444232],[140.6817791,42.86982306284585],[140.6817600327158,42.86981727444232],[140.68175213478807,42.8698033],[140.6817600327158,42.86978932555768],[140.6817791,42.86978353715415],[140.6817981672842,42.86978932555768],[140.68180606521193,42.8698033]]]}},{"type":"Feature","id":"pylon-niseko-united-397","properties":{"kind":"pylon","name":"Lift tower","height":13},"geometry":{"type":"Polygon","coordinates":[[[140.69411127451528,42.8910869],[140.69410337386267,42.891100874442316],[140.6940843,42.89110666284585],[140.6940652261373,42.891100874442316],[140.6940573254847,42.8910869],[140.6940652261373,42.89107292555768],[140.6940843,42.891067137154145],[140.69410337386267,42.89107292555768],[140.69411127451528,42.8910869]]]}},{"type":"Feature","id":"pylon-niseko-united-398","properties":{"kind":"pylon","name":"Lift tower","height":13},"geometry":{"type":"Polygon","coordinates":[[[140.68498657388722,42.8896507],[140.68497867341856,42.889664674442315],[140.6849596,42.88967046284585],[140.68494052658147,42.889664674442315],[140.6849326261128,42.8896507],[140.68494052658147,42.88963672555768],[140.6849596,42.889630937154145],[140.68497867341856,42.88963672555768],[140.68498657388722,42.8896507]]]}},{"type":"Feature","id":"pylon-niseko-united-399","properties":{"kind":"pylon","name":"Lift tower","height":13},"geometry":{"type":"Polygon","coordinates":[[[140.69619907466006,42.8914179],[140.69619117396505,42.89143187444232],[140.6961721,42.89143766284585],[140.69615302603498,42.89143187444232],[140.69614512533997,42.8914179],[140.69615302603498,42.89140392555768],[140.6961721,42.89139813715415],[140.69619117396505,42.89140392555768],[140.69619907466006,42.8914179]]]}},{"type":"Feature","id":"pylon-niseko-united-400","properties":{"kind":"pylon","name":"Lift tower","height":13},"geometry":{"type":"Polygon","coordinates":[[[140.69802577478671,42.8917075],[140.6980178740546,42.89172147444232],[140.6979988,42.891727262845855],[140.69797972594537,42.89172147444232],[140.69797182521327,42.8917075],[140.69797972594537,42.891693525557685],[140.6979988,42.89168773715415],[140.6980178740546,42.891693525557685],[140.69802577478671,42.8917075]]]}},{"type":"Feature","id":"pylon-niseko-united-401","properties":{"kind":"pylon","name":"Lift tower","height":13},"geometry":{"type":"Polygon","coordinates":[[[140.69204047437177,42.8907587],[140.6920325737612,42.89077267444232],[140.6920135,42.89077846284585],[140.6919944262388,42.89077267444232],[140.69198652562824,42.8907587],[140.6919944262388,42.89074472555768],[140.6920135,42.89073893715415],[140.6920325737612,42.89074472555768],[140.69204047437177,42.8907587]]]}},{"type":"Feature","id":"pylon-niseko-united-402","properties":{"kind":"pylon","name":"Lift tower","height":13},"geometry":{"type":"Polygon","coordinates":[[[140.68857977413288,42.8902125],[140.68857187359228,42.890226474442315],[140.6885528,42.89023226284585],[140.6885337264077,42.890226474442315],[140.68852582586712,42.8902125],[140.6885337264077,42.89019852555768],[140.6885528,42.890192737154145],[140.68857187359228,42.89019852555768],[140.68857977413288,42.8902125]]]}},{"type":"Feature","id":"pylon-niseko-united-403","properties":{"kind":"pylon","name":"Lift tower","height":13},"geometry":{"type":"Polygon","coordinates":[[[140.68663757400006,42.8899088],[140.68662967349835,42.88992277444232],[140.6866106,42.88992856284585],[140.68659152650164,42.88992277444232],[140.68658362599993,42.8899088],[140.68659152650164,42.88989482555768],[140.6866106,42.88988903715415],[140.68662967349835,42.88989482555768],[140.68663757400006,42.8899088]]]}},{"type":"Feature","id":"marker-niseko-united-summit","properties":{"kind":"marker","markerType":"summit","name":"Upper mountain · 1170 m","height":26},"geometry":{"type":"Polygon","coordinates":[[[140.66608578616723,42.861],[140.66606940246717,42.861036960984244],[140.66602650938356,42.861059804128764],[140.66597349061644,42.861059804128764],[140.66593059753282,42.861036960984244],[140.66591421383276,42.861],[140.66593059753282,42.86096303901575],[140.66597349061644,42.86094019587123],[140.66602650938356,42.86094019587123],[140.66606940246717,42.86096303901575],[140.66608578616723,42.861]]]}},{"type":"Feature","id":"marker-niseko-united-base","properties":{"kind":"marker","markerType":"base","name":"Base · 280 m","height":18},"geometry":{"type":"Polygon","coordinates":[[[140.67008578061007,42.857],[140.6700693979713,42.857036960984246],[140.67002650766628,42.85705980412877],[140.6699734923337,42.85705980412877],[140.66993060202867,42.857036960984246],[140.6699142193899,42.857],[140.66993060202867,42.85696303901575],[140.6699734923337,42.85694019587123],[140.67002650766628,42.85694019587123],[140.6700693979713,42.85696303901575],[140.67008578061007,42.857]]]}},{"type":"Feature","id":"marker-niseko-united-peak","properties":{"kind":"marker","markerType":"peak","name":"Peak · 1308 m","height":22},"geometry":{"type":"Polygon","coordinates":[[[140.67408578894623,42.863],[140.67406940471542,42.863036960984246],[140.6740265102423,42.86305980412877],[140.67397348975766,42.86305980412877],[140.67393059528453,42.863036960984246],[140.67391421105373,42.863],[140.67393059528453,42.86296303901575],[140.67397348975766,42.86294019587123],[140.6740265102423,42.86294019587123],[140.67406940471542,42.86296303901575],[140.67408578894623,42.863]]]}}]}