{"type":"FeatureCollection","features":[{"type":"Feature","id":"building-228974428","properties":{"kind":"building","name":"Alpine building","height":7.2},"geometry":{"type":"Polygon","coordinates":[[[-106.8110787,39.1801551],[-106.8111112,39.1801776],[-106.8110688,39.1802144],[-106.8110781,39.1802209],[-106.8110691,39.1802287],[-106.8110894,39.1802427],[-106.8110397,39.1802858],[-106.8110192,39.1802716],[-106.811014,39.1802761],[-106.8110173,39.1802784],[-106.8109812,39.1803097],[-106.810978,39.1803075],[-106.810966,39.1803179],[-106.81096,39.1803138],[-106.810928,39.1803416],[-106.8108713,39.1803024],[-106.8109005,39.180277],[-106.8108928,39.1802717],[-106.8108992,39.1802662],[-106.8108574,39.1802372],[-106.8109065,39.1801947],[-106.8108802,39.1801765],[-106.8109147,39.1801465],[-106.8108991,39.1801357],[-106.8109291,39.1801097],[-106.8109774,39.1801432],[-106.8110213,39.1801051],[-106.8110853,39.1801494],[-106.8110787,39.1801551]]]}},{"type":"Feature","id":"building-228974425","properties":{"kind":"building","name":"Alpine building","height":7.2},"geometry":{"type":"Polygon","coordinates":[[[-106.8113634,39.1802931],[-106.8113813,39.180314],[-106.8114291,39.1802893],[-106.8115108,39.1803845],[-106.8114697,39.1804057],[-106.811484,39.1804224],[-106.8113886,39.1804716],[-106.8113738,39.1804543],[-106.8113279,39.180478],[-106.811276,39.1804175],[-106.811241,39.1804356],[-106.8111749,39.1803585],[-106.8112763,39.1803062],[-106.811267,39.1802955],[-106.8113073,39.1802747],[-106.8113164,39.1802853],[-106.8113634,39.1802931]]]}},{"type":"Feature","id":"building-228974444","properties":{"kind":"building","name":"Alpine building","height":7.2},"geometry":{"type":"Polygon","coordinates":[[[-106.8092254,39.1792234],[-106.8091804,39.1791885],[-106.8092344,39.1791462],[-106.8092804,39.1791811],[-106.8092254,39.1792234]]]}},{"type":"Feature","id":"building-228974438","properties":{"kind":"building","name":"Alpine building","height":7.2},"geometry":{"type":"Polygon","coordinates":[[[-106.8099221,39.1798318],[-106.8099061,39.1798526],[-106.8098671,39.1798341],[-106.8098841,39.1798132],[-106.8099221,39.1798318]]]}},{"type":"Feature","id":"building-228974446","properties":{"kind":"building","name":"Alpine building","height":7.2},"geometry":{"type":"Polygon","coordinates":[[[-106.8095315,39.179591],[-106.8094931,39.1795595],[-106.8095213,39.1795388],[-106.8095597,39.1795703],[-106.8095315,39.179591]]]}},{"type":"Feature","id":"building-228974440","properties":{"kind":"building","name":"Alpine building","height":7.2},"geometry":{"type":"Polygon","coordinates":[[[-106.8094403,39.1795179],[-106.8094043,39.1794908],[-106.8094343,39.1794676],[-106.8094693,39.1794946],[-106.8094403,39.1795179]]]}},{"type":"Feature","id":"building-228974421","properties":{"kind":"building","name":"Alpine building","height":7.2},"geometry":{"type":"Polygon","coordinates":[[[-106.8104399,39.1803192],[-106.8103166,39.1802894],[-106.8103566,39.1801901],[-106.8103758,39.1801948],[-106.8103845,39.1801732],[-106.8103951,39.1801758],[-106.8103967,39.1801717],[-106.8104924,39.1801948],[-106.8104867,39.1802091],[-106.810578,39.1802311],[-106.8105756,39.1802371],[-106.8105834,39.180239],[-106.8105748,39.1802603],[-106.8105981,39.1802659],[-106.8105585,39.1803644],[-106.8104339,39.1803342],[-106.8104399,39.1803192]]]}},{"type":"Feature","id":"building-228974418","properties":{"kind":"building","name":"Alpine building","height":7.2},"geometry":{"type":"Polygon","coordinates":[[[-106.8097861,39.1798765],[-106.8097791,39.1798942],[-106.8097651,39.1798906],[-106.8097601,39.1799015],[-106.8096751,39.1798796],[-106.8096921,39.1798409],[-106.8097531,39.1798567],[-106.8097881,39.179774],[-106.8098371,39.1797867],[-106.8097971,39.1798794],[-106.8097861,39.1798765]]]}},{"type":"Feature","id":"building-228974419","properties":{"kind":"building","name":"Alpine building","height":7.2},"geometry":{"type":"Polygon","coordinates":[[[-106.8107407,39.1803713],[-106.810746,39.1803725],[-106.810748,39.1803672],[-106.8107921,39.1803774],[-106.81079,39.1803828],[-106.8108014,39.1803855],[-106.8107928,39.1804077],[-106.8108112,39.180412],[-106.8107725,39.1805124],[-106.8105707,39.1804657],[-106.8106083,39.1803679],[-106.8106307,39.1803731],[-106.8106402,39.1803484],[-106.8106977,39.1803617],[-106.8106998,39.1803563],[-106.8107426,39.1803662],[-106.8107407,39.1803713]]]}},{"type":"Feature","id":"building-228974423","properties":{"kind":"building","name":"Alpine building","height":7.2},"geometry":{"type":"Polygon","coordinates":[[[-106.8112291,39.1806077],[-106.8112461,39.1806178],[-106.8112121,39.1806508],[-106.8111961,39.1806407],[-106.8111521,39.1806839],[-106.8111071,39.1806564],[-106.8110621,39.1807017],[-106.8108981,39.1806033],[-106.8110211,39.1804805],[-106.8111081,39.180533],[-106.8110841,39.1805568],[-106.8111401,39.1805905],[-106.8111881,39.1805429],[-106.8112541,39.1805826],[-106.8112291,39.1806077]]]}},{"type":"Feature","id":"building-228974442","properties":{"kind":"building","name":"Alpine building","height":7.2},"geometry":{"type":"Polygon","coordinates":[[[-106.810716,39.181062],[-106.8106147,39.1810095],[-106.81072,39.1808875],[-106.8108212,39.1809399],[-106.810716,39.181062]]]}},{"type":"Feature","id":"building-228974436","properties":{"kind":"building","name":"Alpine building","height":7.2},"geometry":{"type":"Polygon","coordinates":[[[-106.8087976,39.1799536],[-106.8086966,39.1799719],[-106.8086746,39.179899],[-106.8087756,39.1798806],[-106.8087976,39.1799536]]]}},{"type":"Feature","id":"building-228974439","properties":{"kind":"building","name":"Alpine building","height":7.2},"geometry":{"type":"Polygon","coordinates":[[[-106.8109413,39.181124],[-106.8109595,39.1810809],[-106.8110039,39.1810922],[-106.8109856,39.1811353],[-106.8109413,39.181124]]]}},{"type":"Feature","id":"building-228974443","properties":{"kind":"building","name":"Alpine building","height":7.2},"geometry":{"type":"Polygon","coordinates":[[[-106.8082896,39.1796446],[-106.8081736,39.1795531],[-106.8082896,39.1794655],[-106.8084046,39.179557],[-106.8082896,39.1796446]]]}},{"type":"Feature","id":"building-228974426","properties":{"kind":"building","name":"Alpine building","height":7.2},"geometry":{"type":"Polygon","coordinates":[[[-106.8103046,39.1811463],[-106.8101696,39.1811244],[-106.8101643,39.1811442],[-106.80996,39.1811111],[-106.8099465,39.181161],[-106.8095941,39.181104],[-106.8096549,39.1808783],[-106.809738,39.1808917],[-106.8097643,39.1807936],[-106.8096449,39.1807743],[-106.8097351,39.180439],[-106.8100826,39.1804952],[-106.8102914,39.180634],[-106.8102643,39.1807344],[-106.8104094,39.1807579],[-106.8103046,39.1811463]]]}},{"type":"Feature","id":"building-228974445","properties":{"kind":"building","name":"Alpine building","height":7.2},"geometry":{"type":"Polygon","coordinates":[[[-106.8085226,39.1799636],[-106.8084656,39.1799574],[-106.8084746,39.1799097],[-106.8085306,39.1799159],[-106.8085226,39.1799636]]]}},{"type":"Feature","id":"building-1067058340","properties":{"kind":"building","name":"Alpine building","height":7.2},"geometry":{"type":"Polygon","coordinates":[[[-106.8093038,39.1811287],[-106.8093622,39.1810568],[-106.8093359,39.181044],[-106.8093785,39.1809916],[-106.8093377,39.1809717],[-106.809385,39.1809133],[-106.8093682,39.1809051],[-106.8094129,39.18085],[-106.8095934,39.1809379],[-106.809553,39.1809876],[-106.8095667,39.1809943],[-106.809522,39.1810495],[-106.8095592,39.1810676],[-106.8095121,39.1811256],[-106.8095669,39.1811523],[-106.8095059,39.1812273],[-106.8093038,39.1811287]]]}},{"type":"Feature","id":"building-228974437","properties":{"kind":"building","name":"Alpine building","height":7.2},"geometry":{"type":"Polygon","coordinates":[[[-106.8111132,39.181614],[-106.8110507,39.181613],[-106.8110527,39.1815351],[-106.8111153,39.1815361],[-106.8111132,39.181614]]]}},{"type":"Feature","id":"building-228974441","properties":{"kind":"building","name":"Alpine building","height":7.2},"geometry":{"type":"Polygon","coordinates":[[[-106.8087035,39.1807094],[-106.8087285,39.1806265],[-106.8087725,39.1806345],[-106.8087475,39.1807174],[-106.8087035,39.1807094]]]}},{"type":"Feature","id":"building-228968610","properties":{"kind":"building","name":"Alpine building","height":7.2},"geometry":{"type":"Polygon","coordinates":[[[-106.8132054,39.181673],[-106.8131425,39.1817481],[-106.8128683,39.1816103],[-106.8128905,39.1815837],[-106.8129224,39.1815997],[-106.8129429,39.1815752],[-106.812994,39.1816009],[-106.8130141,39.1815769],[-106.8132054,39.181673]]]}},{"type":"Feature","id":"building-228974422","properties":{"kind":"building","name":"Alpine building","height":7.2},"geometry":{"type":"Polygon","coordinates":[[[-106.8089105,39.1808247],[-106.8088985,39.1808224],[-106.8089225,39.1807475],[-106.8089345,39.1807499],[-106.8089495,39.1807042],[-106.8092285,39.180759],[-106.8091135,39.181113],[-106.8088335,39.1810582],[-106.8088685,39.1809527],[-106.8088605,39.1809512],[-106.8088755,39.1809049],[-106.8088835,39.1809065],[-106.8089105,39.1808247]]]}},{"type":"Feature","id":"building-228974429","properties":{"kind":"building","name":"Alpine building","height":7.2},"geometry":{"type":"Polygon","coordinates":[[[-106.810903,39.1817854],[-106.8109025,39.1818019],[-106.8107673,39.1817997],[-106.8107676,39.1817881],[-106.8106425,39.1817861],[-106.8106427,39.1817773],[-106.8106176,39.1817769],[-106.8106196,39.1817021],[-106.8106447,39.1817025],[-106.8106474,39.1816007],[-106.8106268,39.1816003],[-106.8106277,39.1815668],[-106.8106483,39.1815672],[-106.8106497,39.1815151],[-106.8107895,39.1815174],[-106.810785,39.1816838],[-106.8108242,39.1816844],[-106.8108239,39.1816953],[-106.8108508,39.1816957],[-106.8108497,39.1817348],[-106.8109001,39.1817356],[-106.8109011,39.1816977],[-106.8110488,39.1817001],[-106.81105,39.1816552],[-106.8111113,39.1816562],[-106.8111093,39.181733],[-106.8110479,39.181732],[-106.8110464,39.1817877],[-106.810903,39.1817854]]]}},{"type":"Feature","id":"building-1067058338","properties":{"kind":"building","name":"Alpine building","height":7.2},"geometry":{"type":"Polygon","coordinates":[[[-106.8103708,39.1817677],[-106.810379,39.1815911],[-106.8102456,39.1815874],[-106.810245,39.1816009],[-106.8101119,39.1815972],[-106.8101129,39.1815754],[-106.8100312,39.1815731],[-106.8100324,39.1815456],[-106.8099126,39.1815423],[-106.8099048,39.1817143],[-106.8100158,39.1817173],[-106.8100147,39.1817397],[-106.8100935,39.1817419],[-106.8100932,39.1817497],[-106.8102091,39.1817529],[-106.8102086,39.1817632],[-106.8103708,39.1817677]]]}},{"type":"Feature","id":"building-1067058339","properties":{"kind":"building","name":"Alpine building","height":7.2},"geometry":{"type":"Polygon","coordinates":[[[-106.8096801,39.1815669],[-106.8097128,39.1814074],[-106.8096119,39.181395],[-106.8096136,39.1813866],[-106.8095246,39.1813756],[-106.8095285,39.1813566],[-106.8094472,39.1813466],[-106.8094581,39.1812935],[-106.8093333,39.1812781],[-106.809338,39.1812553],[-106.8093003,39.1812506],[-106.8092668,39.1814142],[-106.8093407,39.1814233],[-106.8093368,39.1814423],[-106.809368,39.1814462],[-106.8093656,39.1814576],[-106.8094208,39.1814644],[-106.8094148,39.1814939],[-106.8094812,39.1815021],[-106.8094762,39.1815262],[-106.809514,39.1815308],[-106.8095109,39.181546],[-106.8096801,39.1815669]]]}},{"type":"Feature","id":"building-228968596","properties":{"kind":"building","name":"Alpine building","height":7.2},"geometry":{"type":"Polygon","coordinates":[[[-106.814313,39.1816369],[-106.8142453,39.1817214],[-106.8141189,39.1816606],[-106.8141121,39.1816691],[-106.8139721,39.1816018],[-106.8140465,39.1815088],[-106.814313,39.1816369]]]}},{"type":"Feature","id":"building-228968554","properties":{"kind":"building","name":"Alpine building","height":7.2},"geometry":{"type":"Polygon","coordinates":[[[-106.8134731,39.1818199],[-106.8133527,39.1817555],[-106.8134267,39.1816725],[-106.8135807,39.1817549],[-106.8135791,39.1817723],[-106.813609,39.1817883],[-106.813607,39.1818089],[-106.8136659,39.1818404],[-106.8136622,39.181879],[-106.8136161,39.1818964],[-106.8135679,39.1818706],[-106.8135651,39.1819002],[-106.813515,39.1819192],[-106.813466,39.1818945],[-106.8134731,39.1818199]]]}},{"type":"Feature","id":"building-228974433","properties":{"kind":"building","name":"Alpine building","height":7.2},"geometry":{"type":"Polygon","coordinates":[[[-106.8082888,39.1808219],[-106.8082804,39.180862],[-106.8081853,39.18085],[-106.8081937,39.1808099],[-106.8082888,39.1808219]]]}},{"type":"Feature","id":"building-228968580","properties":{"kind":"building","name":"Alpine building","height":7.2},"geometry":{"type":"Polygon","coordinates":[[[-106.8145347,39.1818575],[-106.81447,39.1818442],[-106.8144656,39.1818409],[-106.814505,39.1818101],[-106.8145782,39.1818664],[-106.8147506,39.1819017],[-106.8147371,39.1819414],[-106.8147148,39.1819369],[-106.8147011,39.181977],[-106.8146655,39.1819697],[-106.814653,39.1820064],[-106.8146119,39.1820247],[-106.8145533,39.1820127],[-106.8145293,39.181981],[-106.814534,39.181967],[-106.8144748,39.1819549],[-106.8144862,39.1819215],[-106.8144974,39.1819238],[-106.8145103,39.1818859],[-106.8145241,39.1818887],[-106.8145347,39.1818575]]]}},{"type":"Feature","id":"building-228968547","properties":{"kind":"building","name":"Alpine building","height":7.2},"geometry":{"type":"Polygon","coordinates":[[[-106.814043,39.182228],[-106.8140187,39.1822289],[-106.8140096,39.1822378],[-106.8139745,39.1822369],[-106.8139518,39.182194],[-106.8140005,39.1821459],[-106.814048,39.1821748],[-106.8141169,39.1821067],[-106.8142037,39.1821128],[-106.8142413,39.1821925],[-106.8142244,39.1822092],[-106.8142047,39.1822079],[-106.8141438,39.182268],[-106.8140588,39.1822576],[-106.814043,39.182228]]]}},{"type":"Feature","id":"building-229340291","properties":{"kind":"building","name":"Alpine building","height":7.2},"geometry":{"type":"Polygon","coordinates":[[[-106.8103471,39.182433],[-106.8102426,39.1824376],[-106.8102412,39.1824186],[-106.8101381,39.1824231],[-106.810137,39.1824078],[-106.8100938,39.1824097],[-106.8100946,39.1824208],[-106.8100014,39.1824249],[-106.8099915,39.1822905],[-106.8100854,39.1822864],[-106.8100887,39.182331],[-106.8101537,39.1823281],[-106.8101553,39.1823502],[-106.8102254,39.1823471],[-106.8102272,39.1823714],[-106.8102388,39.1823709],[-106.8102377,39.1823564],[-106.8103413,39.1823519],[-106.8103471,39.182433]]]}},{"type":"Feature","id":"building-229340360","properties":{"kind":"building","name":"Alpine building","height":7.2},"geometry":{"type":"Polygon","coordinates":[[[-106.8082274,39.1816708],[-106.8082345,39.1816706],[-106.8082341,39.1816569],[-106.8082919,39.1816557],[-106.808319,39.1816363],[-106.8083615,39.1816354],[-106.8083622,39.1816555],[-106.8084249,39.1816542],[-106.8084481,39.1816739],[-106.8084415,39.1816786],[-106.8084989,39.1817272],[-106.8085171,39.1817143],[-106.8085653,39.1817551],[-106.8086191,39.181754],[-106.808648,39.1817785],[-106.8086393,39.1817846],[-106.8086493,39.181793],[-106.8086375,39.1818014],[-106.8086647,39.1818244],[-106.8087054,39.1818236],[-106.8087354,39.181849],[-106.8087265,39.1818552],[-106.8087363,39.1818635],[-106.8087128,39.1818801],[-106.8087409,39.1819039],[-106.8087443,39.1820046],[-106.8086708,39.1820061],[-106.8086683,39.1819324],[-106.8085621,39.1819346],[-106.8085595,39.18186],[-106.8084708,39.1818618],[-106.8084677,39.1817683],[-106.8084401,39.1817879],[-106.8083958,39.1817504],[-106.8083454,39.1817864],[-106.8083223,39.181767],[-106.8082845,39.181794],[-106.8082403,39.1817569],[-106.8082104,39.1817575],[-106.8082113,39.181785],[-106.8081445,39.1817863],[-106.8081422,39.1817178],[-106.8081169,39.1817359],[-106.8080604,39.1816885],[-106.8081055,39.1816562],[-106.8081453,39.1816554],[-106.8081797,39.1816308],[-106.8082274,39.1816708]]]}},{"type":"Feature","id":"building-229340303","properties":{"kind":"building","name":"Alpine building","height":7.2},"geometry":{"type":"Polygon","coordinates":[[[-106.8097099,39.1823709],[-106.8096329,39.1823786],[-106.8096349,39.1823875],[-106.8095409,39.182397],[-106.8095349,39.1823661],[-106.8094399,39.1823757],[-106.8094359,39.1823538],[-106.8093419,39.1823633],[-106.8093219,39.1822426],[-106.8094159,39.1822331],[-106.8094229,39.1822724],[-106.8095099,39.1822637],[-106.8094959,39.1821815],[-106.8095709,39.182174],[-106.8095919,39.1822983],[-106.8096189,39.1822955],[-106.8096219,39.1823112],[-106.8096979,39.1823035],[-106.8097099,39.1823709]]]}},{"type":"Feature","id":"building-229340329","properties":{"kind":"building","name":"Alpine building","height":7.2},"geometry":{"type":"Polygon","coordinates":[[[-106.8089246,39.1820173],[-106.8089496,39.1820386],[-106.8089959,39.1820376],[-106.8090259,39.1820632],[-106.8090177,39.1820689],[-106.8090278,39.1820775],[-106.8090184,39.1820841],[-106.8090474,39.1821088],[-106.8090868,39.182108],[-106.809125,39.1821404],[-106.8090633,39.1821841],[-106.8090408,39.1821649],[-106.8090432,39.1822353],[-106.8089794,39.1822366],[-106.8089785,39.1822109],[-106.8089502,39.1822115],[-106.8089486,39.1821652],[-106.8088817,39.1821665],[-106.808881,39.1821462],[-106.8088579,39.1821467],[-106.8088561,39.182096],[-106.8087964,39.1820973],[-106.8087954,39.1820684],[-106.8087714,39.1820688],[-106.8087689,39.1819952],[-106.8088399,39.1819451],[-106.8088679,39.181969],[-106.8089041,39.1819683],[-106.8089332,39.1819931],[-106.8089269,39.1819975],[-106.8089386,39.1820074],[-106.8089246,39.1820173]]]}},{"type":"Feature","id":"building-228968561","properties":{"kind":"building","name":"Alpine building","height":7.2},"geometry":{"type":"Polygon","coordinates":[[[-106.8124174,39.1827732],[-106.8124134,39.1827619],[-106.8124724,39.1827503],[-106.8124944,39.1828186],[-106.8124164,39.1828338],[-106.8124164,39.182874],[-106.8123184,39.1828737],[-106.8123194,39.1828226],[-106.8122424,39.1828224],[-106.8122424,39.1827288],[-106.8122844,39.1827289],[-106.8122844,39.1827213],[-106.8123304,39.1827214],[-106.8123304,39.1827388],[-106.8123644,39.1827389],[-106.8123644,39.1827731],[-106.8124174,39.1827732]]]}},{"type":"Feature","id":"building-228968582","properties":{"kind":"building","name":"Alpine building","height":7.2},"geometry":{"type":"Polygon","coordinates":[[[-106.8120839,39.1827389],[-106.8121229,39.1827388],[-106.8121229,39.182797],[-106.8120839,39.1827971],[-106.8120839,39.1828378],[-106.8120639,39.1828378],[-106.8120559,39.1828724],[-106.8120219,39.1828679],[-106.8120139,39.1829061],[-106.8119359,39.1828957],[-106.8119409,39.1828737],[-106.8119349,39.1828676],[-106.8119029,39.1828618],[-106.8118899,39.1828469],[-106.8118939,39.1828214],[-106.8118489,39.1827713],[-106.8119279,39.1827287],[-106.8119509,39.1827545],[-106.8120119,39.1827217],[-106.8120119,39.1827107],[-106.8120839,39.1827106],[-106.8120839,39.1827389]]]}},{"type":"Feature","id":"building-1066240246","properties":{"kind":"building","name":"Alpine building","height":7.2},"geometry":{"type":"Polygon","coordinates":[[[-106.8058273,39.1789299],[-106.8058052,39.1789367],[-106.8058168,39.1789595],[-106.8057539,39.1789787],[-106.8057486,39.1789683],[-106.8057234,39.178976],[-106.805688,39.1789062],[-106.8057133,39.1788985],[-106.8057081,39.1788883],[-106.8057692,39.1788697],[-106.8057794,39.1788899],[-106.8058033,39.1788826],[-106.8058273,39.1789299]]]}},{"type":"Feature","id":"building-229340277","properties":{"kind":"building","name":"Alpine building","height":7.2},"geometry":{"type":"Polygon","coordinates":[[[-106.8102333,39.1827329],[-106.8102573,39.1827276],[-106.8102803,39.182792],[-106.8102093,39.1828071],[-106.8102023,39.1827879],[-106.8101713,39.1827944],[-106.8101573,39.1827563],[-106.8101503,39.1827579],[-106.8101353,39.1827156],[-106.8101433,39.1827141],[-106.8101413,39.1827096],[-106.8102193,39.1826932],[-106.8102333,39.1827329]]]}},{"type":"Feature","id":"building-229340322","properties":{"kind":"building","name":"Alpine building","height":7.2},"geometry":{"type":"Polygon","coordinates":[[[-106.8079286,39.1818131],[-106.8078806,39.1818475],[-106.8078622,39.181832],[-106.8078264,39.1818575],[-106.8078449,39.181873],[-106.8077978,39.1819068],[-106.8077402,39.1818585],[-106.8077341,39.1818587],[-106.8077353,39.1818922],[-106.8076675,39.1818937],[-106.807664,39.1817964],[-106.8076965,39.1817957],[-106.8076941,39.1817306],[-106.8078088,39.1817281],[-106.8078089,39.1817309],[-106.8078541,39.1816986],[-106.8078959,39.1816977],[-106.8078967,39.1817192],[-106.8079534,39.181718],[-106.8079804,39.1816987],[-106.8080327,39.1816975],[-106.8080361,39.1817925],[-106.8080623,39.1818148],[-106.8080116,39.1818507],[-106.8079916,39.1818338],[-106.8079705,39.1818487],[-106.8079286,39.1818131]]]}},{"type":"Feature","id":"building-228968565","properties":{"kind":"building","name":"Alpine building","height":7.2},"geometry":{"type":"Polygon","coordinates":[[[-106.8136388,39.1829509],[-106.8135474,39.1829184],[-106.8136175,39.1828001],[-106.813602,39.1827946],[-106.8136238,39.1827577],[-106.8137295,39.1827953],[-106.8137338,39.182788],[-106.8137686,39.1828004],[-106.8137643,39.1828077],[-106.8137889,39.1828165],[-106.8137641,39.1828584],[-106.8137569,39.1828558],[-106.8137351,39.1828926],[-106.8137423,39.1828952],[-106.8137284,39.1829187],[-106.8136701,39.1828979],[-106.8136388,39.1829509]]]}},{"type":"Feature","id":"building-228968550","properties":{"kind":"building","name":"Alpine building","height":7.2},"geometry":{"type":"Polygon","coordinates":[[[-106.8120584,39.1829589],[-106.8120714,39.1829683],[-106.8120674,39.1829868],[-106.8120504,39.1829922],[-106.8120374,39.1830539],[-106.8121214,39.183114],[-106.8120604,39.1831645],[-106.8119894,39.1831134],[-106.8119604,39.1831295],[-106.8118974,39.1830619],[-106.8118914,39.1830654],[-106.8118344,39.1830036],[-106.8119204,39.1829557],[-106.8119234,39.182941],[-106.8120584,39.1829589]]]}},{"type":"Feature","id":"building-1066240244","properties":{"kind":"building","name":"Alpine building","height":7.2},"geometry":{"type":"Polygon","coordinates":[[[-106.8057639,39.1788053],[-106.8057467,39.1787194],[-106.8057158,39.1787231],[-106.8057073,39.1786809],[-106.805633,39.1786898],[-106.8056341,39.178695],[-106.8054911,39.1787122],[-106.8054879,39.1786963],[-106.8054117,39.1787054],[-106.8054167,39.1787303],[-106.8053728,39.1787356],[-106.8053831,39.1787872],[-106.8053535,39.1787908],[-106.8053642,39.1788442],[-106.8054396,39.1788351],[-106.8054447,39.1788601],[-106.8055251,39.1788504],[-106.8055227,39.1788385],[-106.8055525,39.1788349],[-106.8055503,39.1788238],[-106.8056198,39.1788154],[-106.8056221,39.1788269],[-106.8056518,39.1788234],[-106.8056544,39.178836],[-106.805736,39.1788261],[-106.8057326,39.178809],[-106.8057639,39.1788053]]]}},{"type":"Feature","id":"building-229340317","properties":{"kind":"building","name":"Alpine building","height":7.2},"geometry":{"type":"Polygon","coordinates":[[[-106.8099529,39.1829486],[-106.8098749,39.1829954],[-106.8098189,39.1829389],[-106.8098379,39.1829274],[-106.8098239,39.1829131],[-106.8097829,39.1829373],[-106.8097029,39.1828577],[-106.8097249,39.1828445],[-106.8096919,39.1828116],[-106.8096999,39.1828071],[-106.8096919,39.1827995],[-106.8097999,39.1827343],[-106.8098079,39.1827419],[-106.8098129,39.1827385],[-106.8098619,39.1827864],[-106.8098309,39.1828046],[-106.8098519,39.1828254],[-106.8098689,39.1828154],[-106.8099129,39.1828592],[-106.8098609,39.1828906],[-106.8098749,39.1829049],[-106.8098959,39.1828922],[-106.8099529,39.1829486]]]}},{"type":"Feature","id":"building-229340324","properties":{"kind":"building","name":"Alpine building","height":7.2},"geometry":{"type":"Polygon","coordinates":[[[-106.8101663,39.1828991],[-106.8102053,39.1828913],[-106.8102073,39.1828963],[-106.8102693,39.1828839],[-106.8102723,39.1828948],[-106.8102913,39.1828913],[-106.8103023,39.1829029],[-106.8103083,39.1829163],[-106.8103113,39.1829307],[-106.8103083,39.182945],[-106.8102973,39.1829472],[-106.8103063,39.1829723],[-106.8102993,39.1829738],[-106.8103023,39.1829828],[-106.8102053,39.183002],[-106.8102153,39.1830312],[-106.8101483,39.1830445],[-106.8101363,39.1830065],[-106.8100563,39.1830223],[-106.8100613,39.1830385],[-106.8099763,39.1830555],[-106.8099523,39.1829828],[-106.8100733,39.1829587],[-106.8100603,39.18292],[-106.8101003,39.1829122],[-106.8100963,39.1829026],[-106.8101633,39.1828895],[-106.8101663,39.1828991]]]}},{"type":"Feature","id":"building-228968559","properties":{"kind":"building","name":"Alpine building","height":7.2},"geometry":{"type":"Polygon","coordinates":[[[-106.8125808,39.1831697],[-106.8125912,39.183176],[-106.8125294,39.1832367],[-106.8125194,39.1832306],[-106.8124835,39.1832658],[-106.8124395,39.1832389],[-106.8124285,39.1832497],[-106.8123497,39.1832015],[-106.8124014,39.1831507],[-106.8123423,39.1831145],[-106.8123911,39.1830667],[-106.8124547,39.1831056],[-106.8125154,39.183046],[-106.8125913,39.1830924],[-106.8125739,39.1831094],[-106.812616,39.1831352],[-106.8125808,39.1831697]]]}},{"type":"Feature","id":"building-1066240245","properties":{"kind":"building","name":"Alpine building","height":7.2},"geometry":{"type":"Polygon","coordinates":[[[-106.8053185,39.1789706],[-106.805422,39.1789906],[-106.8054545,39.1788895],[-106.805351,39.1788694],[-106.8053185,39.1789706]]]}},{"type":"Feature","id":"building-229340328","properties":{"kind":"building","name":"Alpine building","height":7.2},"geometry":{"type":"Polygon","coordinates":[[[-106.8086267,39.1826186],[-106.8085639,39.1826154],[-106.8085659,39.1825914],[-106.8085221,39.1825892],[-106.808527,39.1825293],[-106.8085385,39.1825215],[-106.8085282,39.1825124],[-106.8085184,39.1825191],[-106.8084588,39.1824667],[-106.8084117,39.1824988],[-106.8084048,39.1824927],[-106.8083821,39.1825083],[-106.8083063,39.1824416],[-106.8083949,39.1823811],[-106.8085042,39.1823865],[-106.8085569,39.1823505],[-106.8085894,39.182379],[-106.8085873,39.1824408],[-106.8086516,39.1824973],[-106.8086951,39.1824995],[-106.8087276,39.1825281],[-106.8087045,39.1825439],[-106.8087375,39.1825729],[-106.8087721,39.1825729],[-106.8087996,39.1825971],[-106.808789,39.1826044],[-106.8087994,39.1826135],[-106.8087114,39.1826736],[-106.8086225,39.1826692],[-106.8086267,39.1826186]]]}},{"type":"Feature","id":"building-228968544","properties":{"kind":"building","name":"Alpine building","height":7.2},"geometry":{"type":"Polygon","coordinates":[[[-106.8120395,39.1832207],[-106.8121435,39.1832645],[-106.8121015,39.1833247],[-106.8120305,39.1832948],[-106.8119885,39.1833031],[-106.8119855,39.1832937],[-106.8119715,39.1832965],[-106.8119595,39.1832606],[-106.8119025,39.1832717],[-106.8118495,39.183222],[-106.8119715,39.1831443],[-106.8120325,39.1832019],[-106.8120395,39.1832207]]]}},{"type":"Feature","id":"building-228968573","properties":{"kind":"building","name":"Alpine building","height":7.2},"geometry":{"type":"Polygon","coordinates":[[[-106.8135361,39.1832191],[-106.8134898,39.1831513],[-106.8133953,39.1831279],[-106.8134322,39.1830381],[-106.8134585,39.1830279],[-106.8134811,39.1830335],[-106.8134949,39.1830536],[-106.8135755,39.1830735],[-106.8135863,39.1830472],[-106.8136372,39.1830598],[-106.8136331,39.1830697],[-106.8137063,39.1830878],[-106.8137158,39.1831037],[-106.8136875,39.1831724],[-106.8136679,39.1831812],[-106.8136435,39.1831751],[-106.8135805,39.1832009],[-106.8135773,39.1832166],[-106.8135545,39.1832259],[-106.8135361,39.1832191]]]}},{"type":"Feature","id":"building-229340343","properties":{"kind":"building","name":"Alpine building","height":7.2},"geometry":{"type":"Polygon","coordinates":[[[-106.8098806,39.1830366],[-106.8098636,39.1830189],[-106.8098886,39.1830037],[-106.8099056,39.1830214],[-106.8098806,39.1830366]]]}},{"type":"Feature","id":"building-228968590","properties":{"kind":"building","name":"Alpine building","height":7.2},"geometry":{"type":"Polygon","coordinates":[[[-106.81541,39.1826699],[-106.8153736,39.1826913],[-106.8153921,39.1827101],[-106.8153493,39.1827354],[-106.8153665,39.182753],[-106.8153044,39.1827896],[-106.8152782,39.1827628],[-106.815257,39.1827753],[-106.8150728,39.1825874],[-106.8151683,39.1825312],[-106.8151358,39.1824981],[-106.8152157,39.182451],[-106.8152458,39.1824818],[-106.8152798,39.1824618],[-106.8154125,39.182597],[-106.8153705,39.1826218],[-106.8153081,39.1825581],[-106.815231,39.1826036],[-106.8153066,39.1826806],[-106.8153788,39.182638],[-106.81541,39.1826699]]]}},{"type":"Feature","id":"building-229340327","properties":{"kind":"building","name":"Alpine building","height":7.2},"geometry":{"type":"Polygon","coordinates":[[[-106.8065057,39.1810591],[-106.8065487,39.1810626],[-106.8065517,39.1810405],[-106.8066857,39.1810517],[-106.8066747,39.1811308],[-106.8066897,39.181132],[-106.8066807,39.1811957],[-106.8066147,39.1811902],[-106.8066147,39.1811863],[-106.8065847,39.1811837],[-106.8065857,39.1811785],[-106.8065337,39.1811742],[-106.8065377,39.1811418],[-106.8064917,39.1811379],[-106.8064857,39.1811799],[-106.8065037,39.1811814],[-106.8064967,39.1812305],[-106.8063597,39.181219],[-106.8063657,39.18117],[-106.8063927,39.1811722],[-106.8063947,39.1811564],[-106.8063387,39.1811518],[-106.8063437,39.181115],[-106.8063687,39.181117],[-106.8063727,39.1810884],[-106.8063837,39.1810893],[-106.8063887,39.1810579],[-106.8064267,39.1810328],[-106.8064827,39.1810374],[-106.8065057,39.1810591]]]}},{"type":"Feature","id":"building-229340357","properties":{"kind":"building","name":"Alpine building","height":7.2},"geometry":{"type":"Polygon","coordinates":[[[-106.8099616,39.1830657],[-106.8099256,39.1830657],[-106.8099256,39.1830462],[-106.8099616,39.1830462],[-106.8099616,39.1830657]]]}},{"type":"Feature","id":"building-229347659","properties":{"kind":"building","name":"Alpine building","height":7.2},"geometry":{"type":"Polygon","coordinates":[[[-106.805387,39.1767504],[-106.805345,39.1767897],[-106.805289,39.1767539],[-106.805331,39.1767147],[-106.805387,39.1767504]]]}},{"type":"Feature","id":"building-228968558","properties":{"kind":"building","name":"Alpine building","height":7.2},"geometry":{"type":"Polygon","coordinates":[[[-106.813167,39.1832284],[-106.8131598,39.1832761],[-106.813185,39.1832784],[-106.813174,39.1833515],[-106.8130499,39.1833402],[-106.8130533,39.183318],[-106.8130199,39.1833382],[-106.8129321,39.183246],[-106.8129751,39.1832214],[-106.8129565,39.183203],[-106.8130173,39.1831661],[-106.8130372,39.1831859],[-106.8130857,39.1831582],[-106.8131415,39.1832168],[-106.8131501,39.1832116],[-106.813167,39.1832284]]]}},{"type":"Feature","id":"building-229340358","properties":{"kind":"building","name":"Alpine building","height":7.2},"geometry":{"type":"Polygon","coordinates":[[[-106.8099256,39.1830741],[-106.8099616,39.1830741],[-106.8099616,39.1830903],[-106.8099256,39.1830903],[-106.8099256,39.1830741]]]}},{"type":"Feature","id":"building-229340309","properties":{"kind":"building","name":"Alpine building","height":7.2},"geometry":{"type":"Polygon","coordinates":[[[-106.808211,39.1823767],[-106.8081566,39.1824115],[-106.8081363,39.1823925],[-106.8081182,39.1824041],[-106.8080816,39.1823697],[-106.8080129,39.1824136],[-106.8079592,39.1823632],[-106.807908,39.182396],[-106.8078867,39.182376],[-106.8078648,39.18239],[-106.8078121,39.1823406],[-106.8077658,39.1823702],[-106.8077607,39.1823654],[-106.807736,39.1823812],[-106.8076564,39.1823065],[-106.8077656,39.1822366],[-106.8079431,39.1822477],[-106.8079413,39.182265],[-106.8079809,39.1822675],[-106.8080058,39.1822516],[-106.8080828,39.1822564],[-106.808211,39.1823767]]]}},{"type":"Feature","id":"building-229340280","properties":{"kind":"building","name":"Alpine building","height":7.2},"geometry":{"type":"Polygon","coordinates":[[[-106.8106861,39.1833648],[-106.8105507,39.1834387],[-106.8104483,39.183326],[-106.8105703,39.1832593],[-106.8105581,39.1832458],[-106.8106481,39.1831966],[-106.8106604,39.1832101],[-106.810674,39.1832027],[-106.8107323,39.1832669],[-106.8107184,39.1832744],[-106.8107245,39.1832811],[-106.8106863,39.183302],[-106.8106803,39.1832953],[-106.8106419,39.1833162],[-106.8106861,39.1833648]]]}},{"type":"Feature","id":"building-228968568","properties":{"kind":"building","name":"Alpine building","height":7.2},"geometry":{"type":"Polygon","coordinates":[[[-106.8119223,39.1834882],[-106.8118323,39.1834202],[-106.8118693,39.183391],[-106.8118403,39.1833696],[-106.8118923,39.183329],[-106.8119203,39.1833504],[-106.8119553,39.1833223],[-106.8119873,39.1833461],[-106.8120073,39.1833295],[-106.8120273,39.1833441],[-106.8120433,39.1833313],[-106.8121113,39.1833825],[-106.8120163,39.183458],[-106.8120003,39.1834461],[-106.8119653,39.1834738],[-106.8119523,39.1834642],[-106.8119223,39.1834882]]]}},{"type":"Feature","id":"building-228968567","properties":{"kind":"building","name":"Alpine building","height":7.2},"geometry":{"type":"Polygon","coordinates":[[[-106.8135457,39.1833542],[-106.8135662,39.1833561],[-106.8135597,39.1833992],[-106.8135391,39.1833973],[-106.8135363,39.1834158],[-106.8133853,39.183402],[-106.813389,39.1833782],[-106.8132682,39.1833672],[-106.8132843,39.1832607],[-106.8133693,39.1832684],[-106.8133668,39.1832848],[-106.8133903,39.183287],[-106.8133928,39.1832705],[-106.8135315,39.1832831],[-106.8135241,39.1833323],[-106.8135486,39.1833346],[-106.8135457,39.1833542]]]}},{"type":"Feature","id":"building-229340286","properties":{"kind":"building","name":"Alpine building","height":7.2},"geometry":{"type":"Polygon","coordinates":[[[-106.8093578,39.1830532],[-106.8093749,39.183027],[-106.8093853,39.1830311],[-106.8093919,39.183021],[-106.809494,39.1830611],[-106.809457,39.1831176],[-106.8094342,39.1831086],[-106.809406,39.1831517],[-106.8093864,39.183144],[-106.8093397,39.1832153],[-106.8092433,39.1831774],[-106.8093004,39.1830902],[-106.8093371,39.1831047],[-106.8093682,39.1830573],[-106.8093578,39.1830532]]]}},{"type":"Feature","id":"building-229340311","properties":{"kind":"building","name":"Alpine building","height":7.2},"geometry":{"type":"Polygon","coordinates":[[[-106.809018,39.18297],[-106.8090012,39.1829453],[-106.8090799,39.1829132],[-106.8091286,39.1829848],[-106.8091411,39.1829798],[-106.8091602,39.1829784],[-106.8091749,39.1829879],[-106.8091766,39.1830027],[-106.8091644,39.1830141],[-106.8091202,39.1830322],[-106.8091599,39.1830907],[-106.8090898,39.1831193],[-106.8090786,39.1831029],[-106.8090088,39.1831314],[-106.8089657,39.1830679],[-106.8089366,39.1830798],[-106.8088981,39.1830231],[-106.8089754,39.1829915],[-106.8089882,39.1830105],[-106.8090188,39.182998],[-106.8090037,39.1829758],[-106.809018,39.18297]]]}},{"type":"Feature","id":"building-229340290","properties":{"kind":"building","name":"Alpine building","height":7.2},"geometry":{"type":"Polygon","coordinates":[[[-106.8100881,39.1833019],[-106.8101068,39.183316],[-106.8101764,39.1832607],[-106.8102047,39.1832821],[-106.8102522,39.1832443],[-106.810336,39.1833076],[-106.8102179,39.1834015],[-106.8101921,39.183382],[-106.8101687,39.1834006],[-106.8101867,39.1834142],[-106.8101492,39.183444],[-106.8101101,39.1834145],[-106.8100395,39.1834707],[-106.8099472,39.183401],[-106.8100218,39.1833417],[-106.8100301,39.183348],[-106.8100881,39.1833019]]]}},{"type":"Feature","id":"building-229340287","properties":{"kind":"building","name":"Alpine building","height":7.2},"geometry":{"type":"Polygon","coordinates":[[[-106.806394,39.1817289],[-106.8063613,39.1815365],[-106.8063543,39.1815372],[-106.8063416,39.1814622],[-106.8064798,39.1814482],[-106.8064719,39.1814012],[-106.8065478,39.1813935],[-106.8065637,39.1814871],[-106.806614,39.1814819],[-106.8066267,39.1815564],[-106.8066208,39.181557],[-106.8066236,39.1815737],[-106.8064673,39.1815897],[-106.8064784,39.1816549],[-106.8063935,39.1816636],[-106.8063952,39.1816735],[-106.8064715,39.1816657],[-106.8064807,39.1817201],[-106.806394,39.1817289]]]}},{"type":"Feature","id":"building-228968551","properties":{"kind":"building","name":"Alpine building","height":7.2},"geometry":{"type":"Polygon","coordinates":[[[-106.8119741,39.1835501],[-106.8119981,39.183531],[-106.8120561,39.1835749],[-106.8120911,39.1835474],[-106.8121571,39.1835975],[-106.8120941,39.1836478],[-106.8120591,39.1836218],[-106.8119971,39.1836713],[-106.8119631,39.1836453],[-106.8119491,39.1836564],[-106.8119061,39.1836243],[-106.8118891,39.1836383],[-106.8118421,39.1836031],[-106.8119411,39.1835247],[-106.8119741,39.1835501]]]}},{"type":"Feature","id":"building-229347635","properties":{"kind":"building","name":"Alpine building","height":7.2},"geometry":{"type":"Polygon","coordinates":[[[-106.8049314,39.1793161],[-106.8048724,39.1793576],[-106.8048234,39.179316],[-106.8048074,39.1793275],[-106.8047624,39.1792891],[-106.8047924,39.179268],[-106.8047734,39.1792517],[-106.8047894,39.1792402],[-106.8047734,39.1792263],[-106.8048384,39.1791808],[-106.8049134,39.1792447],[-106.8050214,39.1792001],[-106.8049284,39.1791014],[-106.8050254,39.1790463],[-106.8051324,39.1791599],[-106.8051494,39.1791503],[-106.8052094,39.1792146],[-106.8050954,39.1792792],[-106.8049474,39.1793402],[-106.8049314,39.1793161]]]}},{"type":"Feature","id":"building-229340331","properties":{"kind":"building","name":"Alpine building","height":7.2},"geometry":{"type":"Polygon","coordinates":[[[-106.8072262,39.1822187],[-106.8072332,39.1822178],[-106.8072365,39.1822341],[-106.8072594,39.1822313],[-106.807268,39.182236],[-106.8073019,39.1821986],[-106.8073772,39.1821895],[-106.8073818,39.1822121],[-106.807404,39.1822094],[-106.8074097,39.182238],[-106.807404,39.1822443],[-106.8074229,39.1822546],[-106.8074189,39.1822589],[-106.8074394,39.1822701],[-106.8074249,39.1822861],[-106.807432,39.18229],[-106.8073781,39.1823493],[-106.807348,39.1823329],[-106.8073342,39.1823481],[-106.8072938,39.1823261],[-106.8072406,39.1823847],[-106.8071987,39.1823619],[-106.8071951,39.1823658],[-106.8071541,39.1823435],[-106.8071577,39.1823395],[-106.8071478,39.1823341],[-106.80714,39.1823426],[-106.8070752,39.1823073],[-106.8071418,39.1822339],[-106.8071528,39.1822399],[-106.8071771,39.1822131],[-106.8072239,39.1822074],[-106.8072262,39.1822187]]]}},{"type":"Feature","id":"building-228968566","properties":{"kind":"building","name":"Alpine building","height":7.2},"geometry":{"type":"Polygon","coordinates":[[[-106.8130371,39.1835629],[-106.8130731,39.1835999],[-106.8130601,39.1836078],[-106.8130991,39.1836478],[-106.8130621,39.1836694],[-106.8130721,39.1836796],[-106.8129911,39.1837276],[-106.8128771,39.1836112],[-106.8129031,39.183596],[-106.8128571,39.1835498],[-106.8129911,39.1834709],[-106.8130261,39.1835061],[-106.8130061,39.183518],[-106.8130401,39.1835532],[-106.8130191,39.183566],[-106.8130231,39.1835708],[-106.8130371,39.1835629]]]}},{"type":"Feature","id":"building-229340319","properties":{"kind":"building","name":"Alpine building","height":7.2},"geometry":{"type":"Polygon","coordinates":[[[-106.8096826,39.1832698],[-106.8096842,39.1832775],[-106.8097681,39.1832673],[-106.8097841,39.1833466],[-106.8097573,39.1833499],[-106.8097681,39.1834038],[-106.809658,39.1834172],[-106.8096552,39.183403],[-106.8096211,39.1834072],[-106.8096187,39.1833951],[-106.8095778,39.1834001],[-106.8095793,39.1834076],[-106.8095643,39.1834095],[-106.8095657,39.1834167],[-106.8095314,39.1834209],[-106.8095299,39.1834136],[-106.809502,39.183417],[-106.8095004,39.1834094],[-106.8094759,39.1834124],[-106.8094617,39.1833421],[-106.8096045,39.1833248],[-106.8095955,39.1832804],[-106.8096826,39.1832698]]]}},{"type":"Feature","id":"building-229340315","properties":{"kind":"building","name":"Alpine building","height":7.2},"geometry":{"type":"Polygon","coordinates":[[[-106.8088541,39.1830974],[-106.8088631,39.183099],[-106.8088539,39.1831311],[-106.808845,39.1831296],[-106.8088396,39.1831485],[-106.8088591,39.1831608],[-106.8088215,39.1831967],[-106.8088019,39.1831843],[-106.8087765,39.1832085],[-106.8088263,39.1832398],[-106.8087367,39.1833251],[-106.8086393,39.1832637],[-106.8087021,39.1832039],[-106.8086925,39.1832023],[-106.8087307,39.1830682],[-106.8087918,39.1830786],[-106.8087998,39.1830507],[-106.8088276,39.1830555],[-106.8088256,39.1830624],[-106.8088547,39.1830674],[-106.8088486,39.1830888],[-106.8088562,39.1830901],[-106.8088541,39.1830974]]]}},{"type":"Feature","id":"building-228968564","properties":{"kind":"building","name":"Alpine building","height":7.2},"geometry":{"type":"Polygon","coordinates":[[[-106.8118571,39.1837406],[-106.8118811,39.183722],[-106.8118581,39.1837051],[-106.8119021,39.1836699],[-106.8119251,39.1836869],[-106.8119501,39.1836673],[-106.8119621,39.183677],[-106.8119721,39.1836695],[-106.8119871,39.1836683],[-106.8120151,39.1836896],[-106.8120141,39.1836941],[-106.8120301,39.1836814],[-106.8120961,39.1837309],[-106.8120081,39.183801],[-106.8119701,39.1837726],[-106.8119361,39.1837999],[-106.8118571,39.1837406]]]}},{"type":"Feature","id":"building-228968583","properties":{"kind":"building","name":"Alpine building","height":7.2},"geometry":{"type":"Polygon","coordinates":[[[-106.8133521,39.1835763],[-106.8133671,39.183583],[-106.8133711,39.1835959],[-106.8133631,39.1836075],[-106.8133461,39.183611],[-106.8133451,39.1836162],[-106.8133331,39.183615],[-106.8133511,39.1836811],[-106.8134588,39.1836626],[-106.8134763,39.183725],[-106.8132981,39.1837533],[-106.8132936,39.1837277],[-106.8132398,39.1837662],[-106.8131881,39.1837221],[-106.8132381,39.1836869],[-106.8132401,39.1836885],[-106.8132501,39.1836814],[-106.8132091,39.1836461],[-106.8132791,39.1835973],[-106.8132911,39.1836081],[-106.8132921,39.183608],[-106.8132991,39.1835662],[-106.8133521,39.1835716],[-106.8133521,39.1835763]]]}},{"type":"Feature","id":"building-228968584","properties":{"kind":"building","name":"Alpine building","height":7.2},"geometry":{"type":"Polygon","coordinates":[[[-106.8158708,39.1829734],[-106.8159441,39.1828462],[-106.8160256,39.1828745],[-106.8159565,39.1829944],[-106.815939,39.1829883],[-106.8159167,39.183027],[-106.815884,39.1830157],[-106.8158504,39.1830741],[-106.8157807,39.18305],[-106.8157671,39.1830737],[-106.8156763,39.1830422],[-106.8156996,39.1830018],[-106.8156114,39.1829712],[-106.8155905,39.1830075],[-106.815529,39.1829862],[-106.8155775,39.1829022],[-106.8155492,39.1828924],[-106.8155746,39.1828483],[-106.8156302,39.1828675],[-106.8156796,39.1827817],[-106.8157689,39.1828126],[-106.8157194,39.1828985],[-106.8158433,39.1829414],[-106.8158325,39.1829601],[-106.8158708,39.1829734]]]}},{"type":"Feature","id":"building-229340340","properties":{"kind":"building","name":"Alpine building","height":7.2},"geometry":{"type":"Polygon","coordinates":[[[-106.8102663,39.1835592],[-106.8102292,39.1836372],[-106.8100612,39.1835892],[-106.8100982,39.1835112],[-106.8102663,39.1835592]]]}},{"type":"Feature","id":"building-229331072","properties":{"kind":"building","name":"Alpine building","height":7.2},"geometry":{"type":"Polygon","coordinates":[[[-106.8109524,39.1836539],[-106.8108897,39.1836619],[-106.8108046,39.1836728],[-106.8108022,39.1836615],[-106.8107784,39.1836646],[-106.8107695,39.183623],[-106.8107934,39.1836199],[-106.8107884,39.1835966],[-106.8108337,39.1835908],[-106.8108356,39.1835997],[-106.8108772,39.1835944],[-106.8109148,39.1835896],[-106.8109129,39.1835807],[-106.8109652,39.183574],[-106.8109687,39.1835905],[-106.8110505,39.1835801],[-106.8110632,39.1836398],[-106.8110392,39.1836429],[-106.811049,39.183689],[-106.8110773,39.1836854],[-106.8110881,39.1837359],[-106.8111431,39.1837289],[-106.8111449,39.1837373],[-106.8111626,39.183735],[-106.8111679,39.1837598],[-106.8111851,39.1837577],[-106.811193,39.1837948],[-106.8111758,39.183797],[-106.8111784,39.1838093],[-106.8111916,39.1838076],[-106.8112067,39.1838788],[-106.8111271,39.183889],[-106.8111245,39.1838769],[-106.8109542,39.1838986],[-106.8109515,39.1838858],[-106.8108924,39.1838933],[-106.8108746,39.1838095],[-106.8109837,39.1837956],[-106.8109633,39.1836999],[-106.8109897,39.1836966],[-106.8109876,39.1836867],[-106.8109562,39.1836717],[-106.8109524,39.1836539]]]}},{"type":"Feature","id":"building-228968577","properties":{"kind":"building","name":"Alpine building","height":7.2},"geometry":{"type":"Polygon","coordinates":[[[-106.8142258,39.1836238],[-106.814175,39.1835647],[-106.8142215,39.1835406],[-106.8141968,39.1835119],[-106.8141625,39.1835297],[-106.8141022,39.1834596],[-106.8141119,39.1834546],[-106.8141001,39.1834409],[-106.8142344,39.1833715],[-106.8142469,39.1833861],[-106.8142607,39.1833789],[-106.8142968,39.1834209],[-106.814283,39.183428],[-106.8142986,39.1834462],[-106.8143165,39.183437],[-106.8144053,39.1835403],[-106.8143323,39.1835781],[-106.814351,39.1835998],[-106.8142966,39.1836279],[-106.8142724,39.1835998],[-106.8142258,39.1836238]]]}},{"type":"Feature","id":"building-228968594","properties":{"kind":"building","name":"Alpine building","height":7.2},"geometry":{"type":"Polygon","coordinates":[[[-106.8147919,39.1834278],[-106.8147158,39.1833542],[-106.8147687,39.1832673],[-106.8149275,39.1833436],[-106.8147919,39.1834278]]]}},{"type":"Feature","id":"building-229340355","properties":{"kind":"building","name":"Alpine building","height":7.2},"geometry":{"type":"Polygon","coordinates":[[[-106.8099309,39.1836545],[-106.8098426,39.1836541],[-106.8098439,39.1834886],[-106.8099322,39.183489],[-106.8099309,39.1836545]]]}},{"type":"Feature","id":"building-229340387","properties":{"kind":"building","name":"Alpine building","height":7.2},"geometry":{"type":"Polygon","coordinates":[[[-106.8098032,39.1835379],[-106.8098177,39.183538],[-106.8098165,39.1836838],[-106.8097239,39.1836833],[-106.809725,39.1835375],[-106.8097367,39.1835376],[-106.8097369,39.1835019],[-106.8098035,39.1835022],[-106.8098032,39.1835379]]]}},{"type":"Feature","id":"building-228968555","properties":{"kind":"building","name":"Alpine building","height":7.2},"geometry":{"type":"Polygon","coordinates":[[[-106.8137741,39.1836029],[-106.8138231,39.1835943],[-106.8138251,39.1836011],[-106.8138491,39.1835967],[-106.8138661,39.1836532],[-106.8139591,39.1836368],[-106.8139651,39.1836575],[-106.8139991,39.1836516],[-106.8140201,39.1837247],[-106.8138181,39.1837603],[-106.8137981,39.1836924],[-106.8137871,39.1836944],[-106.8137631,39.183612],[-106.8137761,39.1836098],[-106.8137741,39.1836029]]]}},{"type":"Feature","id":"building-228968538","properties":{"kind":"building","name":"Alpine building","height":7.2},"geometry":{"type":"Polygon","coordinates":[[[-106.812291,39.1839111],[-106.812286,39.1837553],[-106.812374,39.1837537],[-106.812375,39.1837797],[-106.812434,39.1837786],[-106.812435,39.1838081],[-106.812518,39.1838065],[-106.812521,39.1839095],[-106.812376,39.1839122],[-106.812376,39.1839095],[-106.812291,39.1839111]]]}},{"type":"Feature","id":"building-229331040","properties":{"kind":"building","name":"Alpine building","height":7.2},"geometry":{"type":"Polygon","coordinates":[[[-106.8105893,39.1837099],[-106.8105893,39.1837638],[-106.8106471,39.1837638],[-106.8106471,39.1838244],[-106.8105351,39.1838244],[-106.8105351,39.1837762],[-106.810417,39.1837762],[-106.810417,39.1836556],[-106.8104871,39.1836556],[-106.8104871,39.1837099],[-106.8105893,39.1837099]]]}},{"type":"Feature","id":"building-228968572","properties":{"kind":"building","name":"Alpine building","height":7.2},"geometry":{"type":"Polygon","coordinates":[[[-106.811833,39.1839228],[-106.811854,39.1839064],[-106.811829,39.1838875],[-106.81189,39.183839],[-106.81191,39.183854],[-106.811925,39.1838414],[-106.811946,39.1838573],[-106.811967,39.1838411],[-106.811992,39.1838601],[-106.812017,39.18384],[-106.812044,39.1838601],[-106.812053,39.1838529],[-106.812114,39.1838989],[-106.812019,39.1839738],[-106.811971,39.183937],[-106.811933,39.1839666],[-106.811904,39.1839443],[-106.811883,39.1839607],[-106.811833,39.1839228]]]}},{"type":"Feature","id":"building-228968548","properties":{"kind":"building","name":"Alpine building","height":7.2},"geometry":{"type":"Polygon","coordinates":[[[-106.8127793,39.1837879],[-106.8127633,39.1838208],[-106.8128203,39.1838383],[-106.8127743,39.18393],[-106.8127163,39.1839125],[-106.8127003,39.1839454],[-106.8127583,39.1839629],[-106.8127423,39.1839953],[-106.8126633,39.1839715],[-106.8126713,39.1839553],[-106.8126023,39.1839346],[-106.8127153,39.1837096],[-106.8128633,39.1837543],[-106.8128373,39.1838054],[-106.8127793,39.1837879]]]}},{"type":"Feature","id":"building-229340379","properties":{"kind":"building","name":"Alpine building","height":7.2},"geometry":{"type":"Polygon","coordinates":[[[-106.8067861,39.1823943],[-106.8067537,39.1823293],[-106.8068488,39.1823008],[-106.8068647,39.1823326],[-106.8069034,39.182321],[-106.8069294,39.1823733],[-106.8068322,39.1824024],[-106.8068227,39.1823833],[-106.8067861,39.1823943]]]}},{"type":"Feature","id":"building-229340313","properties":{"kind":"building","name":"Alpine building","height":7.2},"geometry":{"type":"Polygon","coordinates":[[[-106.8094731,39.1836661],[-106.809467,39.1836939],[-106.8094568,39.1836925],[-106.8094547,39.183702],[-106.8094021,39.1836951],[-106.8094184,39.1836204],[-106.8094574,39.1836256],[-106.8094725,39.1835566],[-106.8095193,39.1835627],[-106.8095245,39.1835392],[-106.8095045,39.1835365],[-106.8095065,39.1835273],[-106.8094935,39.1835256],[-106.8095018,39.1834874],[-106.8096036,39.1835008],[-106.8095943,39.1835429],[-106.8096049,39.1835443],[-106.8095984,39.1835739],[-106.8096165,39.1835763],[-106.8096091,39.18361],[-106.809591,39.1836076],[-106.8095753,39.1836796],[-106.8094731,39.1836661]]]}},{"type":"Feature","id":"building-228968545","properties":{"kind":"building","name":"Alpine building","height":7.2},"geometry":{"type":"Polygon","coordinates":[[[-106.8148223,39.1834499],[-106.8149358,39.1833794],[-106.8149463,39.1833896],[-106.8149684,39.1833759],[-106.8150152,39.1834212],[-106.8149989,39.1834313],[-106.8150445,39.1834753],[-106.8149252,39.1835495],[-106.8149106,39.1835353],[-106.8148961,39.1835443],[-106.8148554,39.183505],[-106.8148699,39.183496],[-106.8148223,39.1834499]]]}},{"type":"Feature","id":"building-229340284","properties":{"kind":"building","name":"Alpine building","height":7.2},"geometry":{"type":"Polygon","coordinates":[[[-106.8090462,39.1835509],[-106.8090309,39.1835856],[-106.808964,39.1835678],[-106.8089784,39.1835354],[-106.8089454,39.1835266],[-106.8089783,39.1834521],[-106.8090676,39.1834758],[-106.8090891,39.1834272],[-106.8091446,39.1834419],[-106.8091592,39.1834087],[-106.8092448,39.1834315],[-106.8091982,39.183537],[-106.8092338,39.1835464],[-106.8092123,39.183595],[-106.8090462,39.1835509]]]}},{"type":"Feature","id":"building-228968535","properties":{"kind":"building","name":"Alpine building","height":7.2},"geometry":{"type":"Polygon","coordinates":[[[-106.8164022,39.1829792],[-106.8163138,39.1829625],[-106.8163295,39.182913],[-106.8163633,39.1829194],[-106.8163766,39.1828773],[-106.816431,39.1828876],[-106.8164196,39.182924],[-106.8164711,39.1829338],[-106.8164633,39.1829585],[-106.8164118,39.1829488],[-106.8164022,39.1829792]]]}},{"type":"Feature","id":"building-228968575","properties":{"kind":"building","name":"Alpine building","height":7.2},"geometry":{"type":"Polygon","coordinates":[[[-106.8161079,39.1831027],[-106.816104,39.1831151],[-106.8160909,39.1831126],[-106.8160853,39.1831304],[-106.8159935,39.183113],[-106.8160301,39.1829969],[-106.8161043,39.183011],[-106.816111,39.1829899],[-106.8161626,39.1829997],[-106.8161685,39.1829807],[-106.8162107,39.1829887],[-106.816216,39.1829717],[-106.8162441,39.182977],[-106.8162461,39.1829706],[-106.8163513,39.1829905],[-106.8163111,39.1831182],[-106.8162273,39.1831023],[-106.8162128,39.1831485],[-106.8161506,39.1831367],[-106.8161583,39.1831122],[-106.8161079,39.1831027]]]}},{"type":"Feature","id":"building-229340353","properties":{"kind":"building","name":"Alpine building","height":7.2},"geometry":{"type":"Polygon","coordinates":[[[-106.8096116,39.183743],[-106.8095486,39.1837347],[-106.8095596,39.1836842],[-106.8096226,39.1836925],[-106.8096116,39.183743]]]}},{"type":"Feature","id":"building-229340345","properties":{"kind":"building","name":"Alpine building","height":7.2},"geometry":{"type":"Polygon","coordinates":[[[-106.8063895,39.1821518],[-106.8063513,39.1821647],[-106.8063365,39.1821384],[-106.8063747,39.1821255],[-106.8063895,39.1821518]]]}},{"type":"Feature","id":"building-229331062","properties":{"kind":"building","name":"Alpine building","height":7.2},"geometry":{"type":"Polygon","coordinates":[[[-106.8106591,39.1839798],[-106.8105338,39.1839798],[-106.8105338,39.1838914],[-106.8106591,39.1838914],[-106.8106591,39.1839798]]]}},{"type":"Feature","id":"building-228968603","properties":{"kind":"building","name":"Alpine building","height":7.2},"geometry":{"type":"Polygon","coordinates":[[[-106.8150532,39.1836548],[-106.8149623,39.183567],[-106.8150886,39.1834885],[-106.8151887,39.1835853],[-106.8151089,39.1836349],[-106.8150996,39.183626],[-106.8150532,39.1836548]]]}},{"type":"Feature","id":"building-229340314","properties":{"kind":"building","name":"Alpine building","height":7.2},"geometry":{"type":"Polygon","coordinates":[[[-106.8083892,39.1834889],[-106.8083763,39.1835367],[-106.8082598,39.1835179],[-106.808281,39.1834389],[-106.8083585,39.1834515],[-106.8083672,39.1834194],[-106.8084623,39.1834347],[-106.808479,39.1833729],[-106.8085182,39.1833792],[-106.8085255,39.1833519],[-106.8085651,39.1833583],[-106.8085717,39.1833335],[-106.8086709,39.1833495],[-106.8086464,39.1834406],[-106.8085535,39.1834256],[-106.8085399,39.1834764],[-106.8084967,39.1834694],[-106.8084872,39.1835047],[-106.8084518,39.183499],[-106.8084455,39.1835226],[-106.8083991,39.1835151],[-106.8084054,39.1834915],[-106.8083892,39.1834889]]]}},{"type":"Feature","id":"building-228968602","properties":{"kind":"building","name":"Alpine building","height":7.2},"geometry":{"type":"Polygon","coordinates":[[[-106.8123181,39.1841641],[-106.8121365,39.1842187],[-106.8120958,39.1841373],[-106.8123103,39.1840729],[-106.8123354,39.1841231],[-106.8123025,39.184133],[-106.8123181,39.1841641]]]}},{"type":"Feature","id":"building-228968578","properties":{"kind":"building","name":"Alpine building","height":7.2},"geometry":{"type":"Polygon","coordinates":[[[-106.8118097,39.184183],[-106.8117501,39.1842111],[-106.8116851,39.1841282],[-106.811785,39.1840812],[-106.8118277,39.1841357],[-106.8118356,39.1841326],[-106.811839,39.1841212],[-106.8118547,39.184115],[-106.8118686,39.1841193],[-106.8119203,39.1840986],[-106.8119478,39.1841398],[-106.8119556,39.1841326],[-106.811975,39.1841292],[-106.8119933,39.1841351],[-106.812004,39.1841481],[-106.812003,39.1841635],[-106.8121133,39.1842354],[-106.8120107,39.1843299],[-106.8118984,39.1842567],[-106.8118672,39.1842692],[-106.8118097,39.184183]]]}},{"type":"Feature","id":"building-228968570","properties":{"kind":"building","name":"Alpine building","height":7.2},"geometry":{"type":"Polygon","coordinates":[[[-106.8155519,39.1836518],[-106.8154368,39.1836287],[-106.8154613,39.1835555],[-106.815395,39.1835422],[-106.8154154,39.1834811],[-106.8154817,39.1834944],[-106.8154892,39.1834718],[-106.8155051,39.1834749],[-106.8155134,39.18345],[-106.8155982,39.183467],[-106.8155899,39.1834919],[-106.8156043,39.1834948],[-106.815593,39.1835285],[-106.8156094,39.1835318],[-106.8155915,39.1835855],[-106.8155751,39.1835822],[-106.8155519,39.1836518]]]}},{"type":"Feature","id":"building-228968560","properties":{"kind":"building","name":"Alpine building","height":7.2},"geometry":{"type":"Polygon","coordinates":[[[-106.8129315,39.1841941],[-106.8129047,39.184205],[-106.812839,39.1841084],[-106.812932,39.1840704],[-106.8129101,39.1840382],[-106.8129555,39.1840197],[-106.8130438,39.1841496],[-106.8130645,39.1841412],[-106.8131048,39.1842005],[-106.8130645,39.1842169],[-106.8130351,39.1841737],[-106.8130094,39.1841842],[-106.8129977,39.1841671],[-106.812951,39.1841861],[-106.8129564,39.1841941],[-106.8129369,39.1842021],[-106.8129315,39.1841941]]]}},{"type":"Feature","id":"building-229331078","properties":{"kind":"building","name":"Alpine building","height":7.2},"geometry":{"type":"Polygon","coordinates":[[[-106.8097702,39.1840204],[-106.8098123,39.1839355],[-106.8099057,39.1839633],[-106.8099366,39.183901],[-106.8100397,39.1839317],[-106.8099652,39.1840819],[-106.8098621,39.1840512],[-106.8098636,39.1840482],[-106.8097702,39.1840204]]]}},{"type":"Feature","id":"building-229340282","properties":{"kind":"building","name":"Alpine building","height":7.2},"geometry":{"type":"Polygon","coordinates":[[[-106.8088478,39.1837515],[-106.8088008,39.1837517],[-106.8088009,39.1837621],[-106.8087082,39.1837625],[-106.8087079,39.1837144],[-106.8086981,39.1837145],[-106.8086978,39.1836727],[-106.8086762,39.1836728],[-106.8086757,39.1835995],[-106.8088361,39.1835989],[-106.8088363,39.1836172],[-106.8088737,39.183617],[-106.8088743,39.1837138],[-106.8088476,39.1837139],[-106.8088478,39.1837515]]]}},{"type":"Feature","id":"building-229331045","properties":{"kind":"building","name":"Alpine building","height":7.2},"geometry":{"type":"Polygon","coordinates":[[[-106.8112062,39.184135],[-106.8112153,39.1841351],[-106.8112146,39.1841789],[-106.8112055,39.1841788],[-106.8112054,39.1841857],[-106.8112291,39.1841859],[-106.8112281,39.1842487],[-106.8112638,39.184249],[-106.8112614,39.1844064],[-106.8111007,39.1844049],[-106.8111053,39.1841152],[-106.8112065,39.1841161],[-106.8112062,39.184135]]]}},{"type":"Feature","id":"building-228968543","properties":{"kind":"building","name":"Alpine building","height":7.2},"geometry":{"type":"Polygon","coordinates":[[[-106.8153916,39.1837839],[-106.8153137,39.1837839],[-106.8153137,39.1837966],[-106.8152031,39.1837966],[-106.8152031,39.1837515],[-106.8151717,39.1837515],[-106.8151717,39.1836789],[-106.8152211,39.1836789],[-106.8152212,39.1836396],[-106.8153102,39.1836396],[-106.8153102,39.1836861],[-106.8153916,39.1836861],[-106.8153916,39.1837839]]]}},{"type":"Feature","id":"building-228968579","properties":{"kind":"building","name":"Alpine building","height":7.2},"geometry":{"type":"Polygon","coordinates":[[[-106.8169107,39.1830622],[-106.8168924,39.1830582],[-106.816924,39.1829713],[-106.8170227,39.1829928],[-106.8169911,39.1830798],[-106.8169309,39.1830666],[-106.8169165,39.1831062],[-106.816986,39.1831214],[-106.8169465,39.18323],[-106.8166964,39.1831754],[-106.8167106,39.1831364],[-106.8166616,39.1831257],[-106.8166869,39.1830561],[-106.8166919,39.1830572],[-106.8167085,39.1830113],[-106.8167733,39.1830254],[-106.8167641,39.1830508],[-106.8168439,39.1830683],[-106.8168403,39.1830782],[-106.8169001,39.1830912],[-106.8169107,39.1830622]]]}},{"type":"Feature","id":"building-228968581","properties":{"kind":"building","name":"Alpine building","height":7.2},"geometry":{"type":"Polygon","coordinates":[[[-106.812954,39.1843904],[-106.8129389,39.1844059],[-106.8128653,39.1843626],[-106.8128813,39.1843463],[-106.8128754,39.184302],[-106.8129003,39.1843],[-106.8128986,39.1842875],[-106.8129134,39.1842863],[-106.8129123,39.1842777],[-106.8129515,39.1842745],[-106.8129916,39.1842981],[-106.812986,39.1842564],[-106.8131074,39.1842466],[-106.8131124,39.1842841],[-106.8131271,39.1842927],[-106.8131191,39.1843008],[-106.8131356,39.1843105],[-106.8131416,39.1843553],[-106.8131158,39.1843817],[-106.8131037,39.1843746],[-106.8130393,39.1844405],[-106.812954,39.1843904]]]}},{"type":"Feature","id":"building-228968606","properties":{"kind":"building","name":"Alpine building","height":7.2},"geometry":{"type":"Polygon","coordinates":[[[-106.8146355,39.1842737],[-106.8146522,39.1842303],[-106.8146726,39.184235],[-106.8146777,39.1842218],[-106.8146494,39.1842152],[-106.8146656,39.1841733],[-106.8146939,39.1841798],[-106.814723,39.1841042],[-106.8146574,39.184089],[-106.8146649,39.1840696],[-106.8146344,39.1840626],[-106.814627,39.184082],[-106.8146078,39.1840775],[-106.814604,39.1840874],[-106.8145633,39.184078],[-106.8145671,39.1840681],[-106.8145396,39.1840617],[-106.8145357,39.1840716],[-106.8144943,39.184062],[-106.8144981,39.1840521],[-106.814452,39.1840414],[-106.8144587,39.184024],[-106.8144401,39.1840197],[-106.8144793,39.183918],[-106.8145454,39.1839333],[-106.81455,39.1839213],[-106.8145706,39.1839261],[-106.8145755,39.1839135],[-106.8145086,39.183898],[-106.8145466,39.1837995],[-106.8145724,39.1838055],[-106.814578,39.1837909],[-106.814689,39.1838166],[-106.8146933,39.1838054],[-106.8147338,39.1838147],[-106.8147294,39.183826],[-106.8147436,39.1838292],[-106.8147284,39.1838686],[-106.8148016,39.1838855],[-106.8147909,39.1839132],[-106.8147381,39.1839009],[-106.8147087,39.183977],[-106.8146884,39.1839723],[-106.814659,39.1840485],[-106.8146985,39.1840576],[-106.8147246,39.1839899],[-106.8147189,39.1839886],[-106.8147341,39.1839492],[-106.8147509,39.1839531],[-106.8147553,39.1839418],[-106.814796,39.1839512],[-106.8147917,39.1839626],[-106.8148206,39.1839693],[-106.814825,39.1839579],[-106.8148676,39.1839678],[-106.8148632,39.1839792],[-106.8149077,39.1839895],[-106.8149024,39.1840033],[-106.8149227,39.184008],[-106.8148981,39.1840716],[-106.8149219,39.1840771],[-106.814898,39.1841391],[-106.8149391,39.1841486],[-106.8148987,39.1842535],[-106.8148575,39.1842439],[-106.8148336,39.1843061],[-106.8147665,39.1842906],[-106.8147617,39.1843029],[-106.8146355,39.1842737]]]}},{"type":"Feature","id":"building-229331052","properties":{"kind":"building","name":"Alpine building","height":7.2},"geometry":{"type":"Polygon","coordinates":[[[-106.8105943,39.1843066],[-106.8104662,39.1842937],[-106.8104595,39.1843076],[-106.8104386,39.1843156],[-106.8103904,39.1843107],[-106.8103746,39.1843014],[-106.8103729,39.1842844],[-106.8103045,39.1842775],[-106.8103156,39.1843079],[-106.8102681,39.1843184],[-106.8102502,39.1842695],[-106.8102977,39.184259],[-106.8102762,39.1842003],[-106.8103569,39.1842084],[-106.8104156,39.1841723],[-106.810459,39.1842186],[-106.8105444,39.1842272],[-106.810563,39.1842499],[-106.810603,39.184254],[-106.8106182,39.1842751],[-106.8105943,39.1843066]]]}},{"type":"Feature","id":"building-229340293","properties":{"kind":"building","name":"Alpine building","height":7.2},"geometry":{"type":"Polygon","coordinates":[[[-106.8081555,39.1836756],[-106.8081945,39.1836555],[-106.8081658,39.183622],[-106.808241,39.1835833],[-106.8082902,39.1836408],[-106.8083068,39.1836323],[-106.80834,39.1836711],[-106.808292,39.1836958],[-106.8083006,39.1837059],[-106.8082584,39.1837276],[-106.8082665,39.1837371],[-106.8081791,39.183782],[-106.8081294,39.1837239],[-106.808081,39.1837488],[-106.8080368,39.1836972],[-106.8081321,39.1836482],[-106.8081555,39.1836756]]]}},{"type":"Feature","id":"building-228968536","properties":{"kind":"building","name":"Alpine building","height":7.2},"geometry":{"type":"Polygon","coordinates":[[[-106.8119477,39.1844565],[-106.8119048,39.1844784],[-106.8118861,39.1844564],[-106.8118155,39.1844924],[-106.8117778,39.1844481],[-106.8118239,39.1844246],[-106.8117714,39.1843628],[-106.8118592,39.184318],[-106.8119493,39.1844242],[-106.8119291,39.1844345],[-106.8119477,39.1844565]]]}},{"type":"Feature","id":"building-229340270","properties":{"kind":"building","name":"Alpine building","height":7.2},"geometry":{"type":"Polygon","coordinates":[[[-106.8084461,39.1838778],[-106.8083978,39.1838033],[-106.8085257,39.1837535],[-106.808564,39.1838126],[-106.8085536,39.1838166],[-106.8085636,39.1838321],[-106.8085524,39.1838364],[-106.8085938,39.1839003],[-106.8085213,39.1839285],[-106.8084799,39.1838647],[-106.8084461,39.1838778]]]}},{"type":"Feature","id":"building-229331082","properties":{"kind":"building","name":"Alpine building","height":7.2},"geometry":{"type":"Polygon","coordinates":[[[-106.8095543,39.1842597],[-106.8094466,39.1842617],[-106.8094428,39.1841383],[-106.8095919,39.1840227],[-106.8096488,39.1840669],[-106.8095682,39.1841293],[-106.8096036,39.1841568],[-106.8095525,39.1842028],[-106.8095885,39.1842331],[-106.8095543,39.1842597]]]}},{"type":"Feature","id":"building-228968585","properties":{"kind":"building","name":"Alpine building","height":7.2},"geometry":{"type":"Polygon","coordinates":[[[-106.8159199,39.1835972],[-106.8159375,39.1836285],[-106.8159736,39.1836164],[-106.8160023,39.1836678],[-106.8159656,39.1836801],[-106.8159802,39.1837062],[-106.8160906,39.1836691],[-106.8161561,39.1837861],[-106.8160865,39.1838095],[-106.8160967,39.1838278],[-106.8160192,39.1838539],[-106.8160046,39.1838279],[-106.8159519,39.1838456],[-106.8159251,39.1837979],[-106.8158517,39.1838226],[-106.8157997,39.1837296],[-106.8158477,39.1837135],[-106.8158219,39.1836674],[-106.815899,39.1836414],[-106.8158815,39.1836102],[-106.8158291,39.1836278],[-106.8157749,39.183531],[-106.8159402,39.1834754],[-106.8159944,39.1835722],[-106.8159199,39.1835972]]]}},{"type":"Feature","id":"building-228968539","properties":{"kind":"building","name":"Alpine building","height":7.2},"geometry":{"type":"Polygon","coordinates":[[[-106.8153346,39.1840162],[-106.8152556,39.1839557],[-106.8153729,39.1838638],[-106.8153849,39.183873],[-106.8154346,39.1838341],[-106.8155227,39.1839016],[-106.8154668,39.1839454],[-106.8154581,39.1839387],[-106.8154156,39.183972],[-106.8154032,39.1839625],[-106.8153346,39.1840162]]]}},{"type":"Feature","id":"building-228968553","properties":{"kind":"building","name":"Alpine building","height":7.2},"geometry":{"type":"Polygon","coordinates":[[[-106.8166424,39.1836012],[-106.8165376,39.1835868],[-106.8165523,39.1835225],[-106.8165042,39.1835159],[-106.8164976,39.1835448],[-106.8164352,39.1835362],[-106.8164371,39.183528],[-106.8163556,39.1835168],[-106.8163871,39.183379],[-106.8165371,39.1833996],[-106.8165312,39.1834256],[-106.8165848,39.1834329],[-106.8165808,39.1834508],[-106.8166739,39.1834636],[-106.8166424,39.1836012]]]}},{"type":"Feature","id":"building-229331051","properties":{"kind":"building","name":"Alpine building","height":7.2},"geometry":{"type":"Polygon","coordinates":[[[-106.809876,39.184353],[-106.8098381,39.1843457],[-106.8098402,39.1843391],[-106.8098186,39.1843349],[-106.8097954,39.1844078],[-106.8096932,39.1843882],[-106.8097117,39.1843304],[-106.8097226,39.1843325],[-106.8097348,39.1842943],[-106.8097,39.1842364],[-106.8097576,39.1842156],[-106.8097605,39.1842204],[-106.8098108,39.1842022],[-106.8098306,39.1842352],[-106.8098604,39.1842244],[-106.8098931,39.1842787],[-106.8098632,39.1842896],[-106.8098551,39.1843152],[-106.8098861,39.1843211],[-106.809876,39.184353]]]}},{"type":"Feature","id":"building-229331055","properties":{"kind":"building","name":"Alpine building","height":7.2},"geometry":{"type":"Polygon","coordinates":[[[-106.8091067,39.1841827],[-106.8090789,39.1841846],[-106.8090713,39.1841184],[-106.8090991,39.1841165],[-106.8090956,39.1840865],[-106.8090619,39.1840888],[-106.8090565,39.1840415],[-106.8091273,39.1840366],[-106.8091299,39.184059],[-106.8091768,39.1840558],[-106.8091779,39.1840654],[-106.8091855,39.1840649],[-106.8091903,39.1841072],[-106.8092142,39.1841055],[-106.8092215,39.1841689],[-106.809213,39.1841695],[-106.8092194,39.1842247],[-106.8091514,39.1842294],[-106.8091529,39.1842425],[-106.8091974,39.1842394],[-106.8092059,39.1843137],[-106.8090841,39.1843222],[-106.8090729,39.1842247],[-106.8091112,39.184222],[-106.8091067,39.1841827]]]}},{"type":"Feature","id":"building-228968540","properties":{"kind":"building","name":"Alpine building","height":7.2},"geometry":{"type":"Polygon","coordinates":[[[-106.817051,39.1832015],[-106.8170535,39.1831945],[-106.8170966,39.1832039],[-106.8170941,39.1832108],[-106.8171263,39.1832179],[-106.8170995,39.1832918],[-106.8170512,39.1832813],[-106.8170392,39.1833141],[-106.8169477,39.1832941],[-106.8169865,39.1831874],[-106.817051,39.1832015]]]}},{"type":"Feature","id":"building-229347652","properties":{"kind":"building","name":"Alpine building","height":7.2},"geometry":{"type":"Polygon","coordinates":[[[-106.8039662,39.1803118],[-106.8038792,39.1803744],[-106.8038182,39.1802861],[-106.8038482,39.1802641],[-106.8038352,39.1802557],[-106.8039612,39.1801654],[-106.8040272,39.1802082],[-106.8039732,39.1802577],[-106.8039912,39.180269],[-106.8041212,39.1801488],[-106.8040422,39.1800977],[-106.8040732,39.180079],[-106.8040232,39.1800294],[-106.8040912,39.1799877],[-106.8041352,39.1800309],[-106.8040992,39.1800527],[-106.8041052,39.1800592],[-106.8041672,39.1800994],[-106.8041522,39.1801133],[-106.8042302,39.1801635],[-106.8042092,39.1801827],[-106.8042332,39.1801985],[-106.8041652,39.1803044],[-106.8040992,39.1802617],[-106.8040792,39.1802808],[-106.8041552,39.1803458],[-106.8040962,39.1803876],[-106.8040512,39.1803491],[-106.8040252,39.1803674],[-106.8039852,39.1803336],[-106.8040112,39.1803152],[-106.8039722,39.1802826],[-106.8039462,39.1802658],[-106.8039322,39.1802832],[-106.8039662,39.1803118]]]}},{"type":"Feature","id":"building-228968556","properties":{"kind":"building","name":"Alpine building","height":7.2},"geometry":{"type":"Polygon","coordinates":[[[-106.8125183,39.1846105],[-106.8125126,39.1846235],[-106.8125311,39.1846283],[-106.8125167,39.1846613],[-106.8124428,39.1846419],[-106.8124572,39.1846089],[-106.8124821,39.1846155],[-106.8124849,39.1846091],[-106.8124639,39.1845862],[-106.8124422,39.1845981],[-106.8124077,39.1845606],[-106.8124294,39.1845486],[-106.812408,39.1845253],[-106.8124975,39.1844759],[-106.8125865,39.1845729],[-106.8125183,39.1846105]]]}},{"type":"Feature","id":"building-229340267","properties":{"kind":"building","name":"Alpine building","height":7.2},"geometry":{"type":"Polygon","coordinates":[[[-106.8059103,39.182695],[-106.8058175,39.1826671],[-106.805826,39.1826502],[-106.8057433,39.1826253],[-106.8058168,39.182532],[-106.8058762,39.1825498],[-106.8058864,39.1825293],[-106.8059096,39.182521],[-106.8059693,39.182539],[-106.8059792,39.1825572],[-106.8059103,39.182695]]]}},{"type":"Feature","id":"building-228968593","properties":{"kind":"building","name":"Alpine building","height":7.2},"geometry":{"type":"Polygon","coordinates":[[[-106.8119238,39.1847127],[-106.8118593,39.1845413],[-106.8119887,39.184512],[-106.8120533,39.1846833],[-106.8119238,39.1847127]]]}},{"type":"Feature","id":"building-229340366","properties":{"kind":"building","name":"Alpine building","height":7.2},"geometry":{"type":"Polygon","coordinates":[[[-106.8060789,39.1828619],[-106.8060089,39.1828102],[-106.8060433,39.1827823],[-106.8060012,39.1827513],[-106.8061293,39.1826471],[-106.8062413,39.1827298],[-106.8060789,39.1828619]]]}},{"type":"Feature","id":"building-229340296","properties":{"kind":"building","name":"Alpine building","height":7.2},"geometry":{"type":"Polygon","coordinates":[[[-106.805697,39.1823916],[-106.8056908,39.1824009],[-106.8056982,39.1824202],[-106.8057321,39.1824124],[-106.8057542,39.1824701],[-106.8057203,39.1824779],[-106.8057401,39.1825296],[-106.8056592,39.1825482],[-106.8056355,39.1824862],[-106.8056579,39.1824811],[-106.8056448,39.182447],[-106.8055908,39.1824595],[-106.8055628,39.1823864],[-106.8056273,39.1823715],[-106.8056358,39.1823939],[-106.8056607,39.1823882],[-106.8056665,39.1823794],[-106.805697,39.1823916]]]}},{"type":"Feature","id":"building-229340388","properties":{"kind":"building","name":"Alpine building","height":7.2},"geometry":{"type":"Polygon","coordinates":[[[-106.8062603,39.1830007],[-106.8062148,39.1829342],[-106.8062799,39.1829074],[-106.8062742,39.1828992],[-106.8063936,39.1828501],[-106.8064572,39.182943],[-106.8063379,39.1829921],[-106.8063254,39.1829739],[-106.8062603,39.1830007]]]}},{"type":"Feature","id":"building-229331053","properties":{"kind":"building","name":"Alpine building","height":7.2},"geometry":{"type":"Polygon","coordinates":[[[-106.8106709,39.184669],[-106.8105925,39.184665],[-106.8105968,39.1846144],[-106.8105736,39.1846133],[-106.8105807,39.1845294],[-106.8104931,39.1845249],[-106.8104988,39.1844583],[-106.8105077,39.1844588],[-106.8105085,39.1844487],[-106.8105853,39.1844526],[-106.8105845,39.1844627],[-106.810599,39.1844634],[-106.8105967,39.1844897],[-106.8106155,39.1844906],[-106.8106124,39.1845271],[-106.8106826,39.1845307],[-106.810679,39.184573],[-106.8106883,39.1845735],[-106.8106845,39.1846189],[-106.8106752,39.1846184],[-106.8106709,39.184669]]]}},{"type":"Feature","id":"building-228968597","properties":{"kind":"building","name":"Alpine building","height":7.2},"geometry":{"type":"Polygon","coordinates":[[[-106.8126418,39.1846974],[-106.8126319,39.1845296],[-106.8127714,39.1845246],[-106.8127762,39.1846071],[-106.8127617,39.1846076],[-106.8127667,39.1846929],[-106.8126418,39.1846974]]]}},{"type":"Feature","id":"building-229331047","properties":{"kind":"building","name":"Alpine building","height":7.2},"geometry":{"type":"Polygon","coordinates":[[[-106.8103529,39.1845414],[-106.81037,39.1845488],[-106.8103186,39.1846203],[-106.8101869,39.1845633],[-106.8102194,39.1845181],[-106.8101843,39.1845029],[-106.8101987,39.184483],[-106.8101847,39.184477],[-106.8102244,39.1844218],[-106.8102979,39.1844536],[-106.8103174,39.1844264],[-106.8103781,39.1844526],[-106.810381,39.1845024],[-106.8103529,39.1845414]]]}},{"type":"Feature","id":"building-229331057","properties":{"kind":"building","name":"Alpine building","height":7.2},"geometry":{"type":"Polygon","coordinates":[[[-106.8114115,39.1847073],[-106.8113974,39.1847075],[-106.8113979,39.1847283],[-106.8113688,39.1847287],[-106.8113693,39.18475],[-106.8113261,39.1847507],[-106.8113278,39.1848174],[-106.8112046,39.1848193],[-106.811203,39.1847549],[-106.8112181,39.1847547],[-106.8112152,39.184641],[-106.8111338,39.1846422],[-106.8111317,39.1845593],[-106.8112363,39.1845577],[-106.8112374,39.1845991],[-106.81126,39.1845988],[-106.8112607,39.1846272],[-106.8113205,39.1846263],[-106.8113201,39.1846104],[-106.811377,39.1846095],[-106.8113774,39.1846254],[-106.8113952,39.1846251],[-106.8113961,39.1846598],[-106.8114102,39.1846596],[-106.8114115,39.1847073]]]}},{"type":"Feature","id":"building-229340262","properties":{"kind":"building","name":"Alpine building","height":7.2},"geometry":{"type":"Polygon","coordinates":[[[-106.805461,39.1824492],[-106.8053843,39.1824161],[-106.8053378,39.182425],[-106.8052823,39.1824011],[-106.8053617,39.1822904],[-106.8053912,39.1822855],[-106.8054262,39.1823006],[-106.8054568,39.1822945],[-106.8055248,39.1823238],[-106.8055342,39.1823471],[-106.805461,39.1824492]]]}},{"type":"Feature","id":"building-229347654","properties":{"kind":"building","name":"Alpine building","height":7.2},"geometry":{"type":"Polygon","coordinates":[[[-106.8037942,39.1800613],[-106.8037672,39.1800821],[-106.8037222,39.1800473],[-106.8037502,39.1800265],[-106.8037942,39.1800613]]]}},{"type":"Feature","id":"building-229340352","properties":{"kind":"building","name":"Alpine building","height":7.2},"geometry":{"type":"Polygon","coordinates":[[[-106.8066911,39.1833339],[-106.806669,39.1833263],[-106.80668,39.1833072],[-106.8067021,39.1833149],[-106.8066911,39.1833339]]]}},{"type":"Feature","id":"building-228968574","properties":{"kind":"building","name":"Alpine building","height":7.2},"geometry":{"type":"Polygon","coordinates":[[[-106.817583,39.1831972],[-106.817556,39.1832081],[-106.817528,39.1831665],[-106.817555,39.1831556],[-106.817525,39.1831109],[-106.8175139,39.1831154],[-106.8174853,39.1830729],[-106.8175996,39.1830268],[-106.8176217,39.1830597],[-106.8176363,39.1830538],[-106.8176728,39.1831082],[-106.817665,39.1831114],[-106.8176928,39.1831528],[-106.8176861,39.1831555],[-106.817696,39.1831702],[-106.8177249,39.1831586],[-106.8177509,39.1831973],[-106.8176392,39.1832424],[-106.8176258,39.1832224],[-106.8176054,39.1832306],[-106.817583,39.1831972]]]}},{"type":"Feature","id":"building-229340336","properties":{"kind":"building","name":"Alpine building","height":7.2},"geometry":{"type":"Polygon","coordinates":[[[-106.806864,39.183486],[-106.8066936,39.1834269],[-106.8067458,39.1833366],[-106.8069162,39.1833957],[-106.806864,39.183486]]]}},{"type":"Feature","id":"building-229340320","properties":{"kind":"building","name":"Alpine building","height":7.2},"geometry":{"type":"Polygon","coordinates":[[[-106.8082547,39.1839681],[-106.8082566,39.1839727],[-106.8081792,39.1839919],[-106.8082053,39.1840551],[-106.8081567,39.1840672],[-106.8081674,39.1840932],[-106.8081804,39.18409],[-106.8082043,39.1841481],[-106.808193,39.1841509],[-106.8082167,39.1842083],[-106.8081279,39.1842303],[-106.8081042,39.1841729],[-106.8080924,39.1841759],[-106.8080697,39.1841208],[-106.8080618,39.1841227],[-106.8080444,39.1840805],[-106.8081014,39.1840664],[-106.8080518,39.183946],[-106.8082276,39.1839024],[-106.8082289,39.1839056],[-106.8082985,39.1838883],[-106.8083243,39.1839508],[-106.8082547,39.1839681]]]}},{"type":"Feature","id":"building-228968541","properties":{"kind":"building","name":"Alpine building","height":7.2},"geometry":{"type":"Polygon","coordinates":[[[-106.8152573,39.184341],[-106.8151408,39.1844197],[-106.8149851,39.1842812],[-106.8150728,39.1842219],[-106.8150668,39.1842166],[-106.8150955,39.1841972],[-106.8152059,39.1842953],[-106.8152493,39.184266],[-106.8152641,39.1842792],[-106.8152613,39.1843087],[-106.8152384,39.1843242],[-106.8152573,39.184341]]]}},{"type":"Feature","id":"building-228968542","properties":{"kind":"building","name":"Alpine building","height":7.2},"geometry":{"type":"Polygon","coordinates":[[[-106.8130077,39.1847269],[-106.813033,39.1847323],[-106.8130146,39.1847847],[-106.8128978,39.18476],[-106.8129014,39.1847497],[-106.812847,39.1847382],[-106.8128579,39.1847073],[-106.812836,39.1847026],[-106.8128592,39.1846365],[-106.8129715,39.1846602],[-106.8129701,39.1846643],[-106.8130256,39.184676],[-106.8130077,39.1847269]]]}},{"type":"Feature","id":"building-229331075","properties":{"kind":"building","name":"Alpine building","height":7.2},"geometry":{"type":"Polygon","coordinates":[[[-106.8098782,39.1846095],[-106.8097017,39.1846287],[-106.8096776,39.1844955],[-106.8098663,39.184475],[-106.8098816,39.1845595],[-106.8098694,39.1845609],[-106.8098782,39.1846095]]]}},{"type":"Feature","id":"building-229340350","properties":{"kind":"building","name":"Alpine building","height":7.2},"geometry":{"type":"Polygon","coordinates":[[[-106.8066714,39.1833897],[-106.8066527,39.1833832],[-106.8066597,39.1833711],[-106.8066784,39.1833776],[-106.8066714,39.1833897]]]}},{"type":"Feature","id":"building-228968546","properties":{"kind":"building","name":"Alpine building","height":7.2},"geometry":{"type":"Polygon","coordinates":[[[-106.8120972,39.1847681],[-106.8121387,39.1848209],[-106.8121444,39.1848182],[-106.8121769,39.1848597],[-106.8121075,39.1848924],[-106.8120933,39.1848743],[-106.8120798,39.1849206],[-106.8120082,39.1849079],[-106.8119127,39.1847863],[-106.8119308,39.1847343],[-106.8120373,39.1847531],[-106.8120402,39.1847426],[-106.812071,39.1847487],[-106.8120892,39.1847719],[-106.8120972,39.1847681]]]}},{"type":"Feature","id":"building-229340374","properties":{"kind":"building","name":"Alpine building","height":7.2},"geometry":{"type":"Polygon","coordinates":[[[-106.8071236,39.1836287],[-106.8071499,39.1836286],[-106.8071503,39.1836827],[-106.807124,39.1836828],[-106.8071246,39.1837776],[-106.8070648,39.1837778],[-106.8070636,39.1835914],[-106.8071234,39.1835912],[-106.8071236,39.1836287]]]}},{"type":"Feature","id":"building-229331071","properties":{"kind":"building","name":"Alpine building","height":7.2},"geometry":{"type":"Polygon","coordinates":[[[-106.809124,39.1845366],[-106.8090861,39.1844408],[-106.809243,39.1844036],[-106.8092808,39.1844993],[-106.809124,39.1845366]]]}},{"type":"Feature","id":"building-229331039","properties":{"kind":"building","name":"Alpine building","height":7.2},"geometry":{"type":"Polygon","coordinates":[[[-106.8095215,39.1845733],[-106.8095172,39.1844336],[-106.8096019,39.184432],[-106.8096064,39.1845779],[-106.8095666,39.1845787],[-106.8095671,39.1845944],[-106.8095817,39.1845941],[-106.8095834,39.1846504],[-106.8094536,39.1846528],[-106.8094511,39.1845746],[-106.8095215,39.1845733]]]}},{"type":"Feature","id":"building-229340337","properties":{"kind":"building","name":"Alpine building","height":7.2},"geometry":{"type":"Polygon","coordinates":[[[-106.8069052,39.1835728],[-106.8068289,39.1836153],[-106.8067705,39.1835523],[-106.8068468,39.1835098],[-106.8069052,39.1835728]]]}},{"type":"Feature","id":"building-229331050","properties":{"kind":"building","name":"Alpine building","height":7.2},"geometry":{"type":"Polygon","coordinates":[[[-106.8108427,39.1847691],[-106.810839,39.1847691],[-106.8108394,39.184778],[-106.8108357,39.1847781],[-106.8108415,39.184921],[-106.8107528,39.1849232],[-106.81075,39.184855],[-106.8107568,39.1848548],[-106.8107563,39.1848419],[-106.8107041,39.1848432],[-106.8107005,39.1847549],[-106.8107086,39.1847547],[-106.8107073,39.1847243],[-106.8108176,39.1847216],[-106.8108184,39.1847407],[-106.8108379,39.1847402],[-106.810838,39.1847444],[-106.8108417,39.1847443],[-106.8108427,39.1847691]]]}},{"type":"Feature","id":"building-228968611","properties":{"kind":"building","name":"Alpine building","height":7.2},"geometry":{"type":"Polygon","coordinates":[[[-106.8127481,39.1848771],[-106.8127342,39.1848832],[-106.8127409,39.1848924],[-106.8126585,39.1849286],[-106.8125538,39.1847851],[-106.8126362,39.184749],[-106.8126787,39.1848073],[-106.8126926,39.1848012],[-106.8127481,39.1848771]]]}},{"type":"Feature","id":"building-229331063","properties":{"kind":"building","name":"Alpine building","height":7.2},"geometry":{"type":"Polygon","coordinates":[[[-106.8098831,39.1846886],[-106.8097779,39.1847001],[-106.8097664,39.1846368],[-106.8098716,39.1846254],[-106.8098831,39.1846886]]]}},{"type":"Feature","id":"building-229340344","properties":{"kind":"building","name":"Alpine building","height":7.2},"geometry":{"type":"Polygon","coordinates":[[[-106.8051415,39.1823407],[-106.8048892,39.1822975],[-106.8049129,39.1822144],[-106.8051652,39.1822576],[-106.8051415,39.1823407]]]}},{"type":"Feature","id":"building-228968586","properties":{"kind":"building","name":"Alpine building","height":7.2},"geometry":{"type":"Polygon","coordinates":[[[-106.8140512,39.1848919],[-106.813994,39.1848802],[-106.8140007,39.1848605],[-106.8139603,39.1848522],[-106.8139518,39.184877],[-106.813912,39.1848689],[-106.8139205,39.1848441],[-106.8139032,39.1848406],[-106.8139133,39.184811],[-106.8135404,39.1847348],[-106.8135556,39.18469],[-106.8135865,39.1846963],[-106.8136288,39.1845722],[-106.8137802,39.1846031],[-106.813762,39.1846565],[-106.8137909,39.1846624],[-106.8138091,39.184609],[-106.8139421,39.1846362],[-106.8139312,39.1846681],[-106.814015,39.1846853],[-106.813998,39.1847353],[-106.8140975,39.1847556],[-106.8140854,39.1847912],[-106.8141002,39.1847942],[-106.8140711,39.1848796],[-106.8140564,39.1848766],[-106.8140512,39.1848919]]]}},{"type":"Feature","id":"building-229347630","properties":{"kind":"building","name":"Alpine building","height":7.2},"geometry":{"type":"Polygon","coordinates":[[[-106.8036492,39.1800211],[-106.8034502,39.1801969],[-106.8034302,39.1801834],[-106.8034082,39.1802024],[-106.8033232,39.1801446],[-106.8033732,39.1801006],[-106.8033672,39.1800964],[-106.8034022,39.1800656],[-106.8033852,39.1800545],[-106.8034582,39.1799898],[-106.8034752,39.180001],[-106.8035112,39.1799687],[-106.8035172,39.1799728],[-106.8035652,39.179931],[-106.8036502,39.1799888],[-106.8036292,39.1800076],[-106.8036492,39.1800211]]]}},{"type":"Feature","id":"building-1066302111","properties":{"kind":"building","name":"Alpine building","height":7.2},"geometry":{"type":"Polygon","coordinates":[[[-106.8043838,39.1815536],[-106.804396,39.1814885],[-106.804376,39.1814863],[-106.8043824,39.181452],[-106.804317,39.1814446],[-106.8043216,39.18142],[-106.8042648,39.1814136],[-106.8042633,39.1814215],[-106.8041961,39.181414],[-106.8041702,39.1815529],[-106.8041948,39.1815557],[-106.8041933,39.1815632],[-106.8041695,39.1815605],[-106.8041603,39.1816102],[-106.8041875,39.1816133],[-106.8041912,39.1815933],[-106.8042171,39.1815962],[-106.804218,39.181591],[-106.80425,39.1815946],[-106.804281,39.1816675],[-106.8043593,39.1816475],[-106.804357,39.1816422],[-106.8043931,39.181633],[-106.804381,39.1816045],[-106.8043985,39.1816],[-106.8043835,39.1815645],[-106.8043455,39.1815661],[-106.8043431,39.1815608],[-106.8043316,39.1815639],[-106.8043038,39.1815608],[-106.8043067,39.181545],[-106.8043838,39.1815536]]]}},{"type":"Feature","id":"building-228968589","properties":{"kind":"building","name":"Alpine building","height":7.2},"geometry":{"type":"Polygon","coordinates":[[[-106.8160755,39.184183],[-106.8161225,39.1841459],[-106.8161572,39.1841724],[-106.8161101,39.1842094],[-106.8160755,39.184183]]]}},{"type":"Feature","id":"building-229331067","properties":{"kind":"building","name":"Alpine building","height":7.2},"geometry":{"type":"Polygon","coordinates":[[[-106.809368,39.1846708],[-106.8092948,39.1846721],[-106.8092932,39.1846185],[-106.8093664,39.1846172],[-106.809368,39.1846708]]]}},{"type":"Feature","id":"building-229331044","properties":{"kind":"building","name":"Alpine building","height":7.2},"geometry":{"type":"Polygon","coordinates":[[[-106.8089161,39.1844848],[-106.8089609,39.1844776],[-106.8089823,39.1845571],[-106.8088953,39.1845711],[-106.8088926,39.1845609],[-106.8088718,39.1845642],[-106.8088692,39.1845547],[-106.8088251,39.1845618],[-106.8088143,39.1845218],[-106.8088437,39.1845171],[-106.8088349,39.1844843],[-106.8089127,39.1844718],[-106.8089161,39.1844848]]]}},{"type":"Feature","id":"building-228968599","properties":{"kind":"building","name":"Alpine building","height":7.2},"geometry":{"type":"Polygon","coordinates":[[[-106.8129291,39.1850309],[-106.8127379,39.1849905],[-106.8127684,39.1849039],[-106.8128657,39.1849244],[-106.8128831,39.1848749],[-106.812977,39.1848947],[-106.8129291,39.1850309]]]}},{"type":"Feature","id":"building-914949465","properties":{"kind":"building","name":"The Gant","height":7.2},"geometry":{"type":"Polygon","coordinates":[[[-106.814788,39.184994],[-106.8148867,39.1847612],[-106.8146871,39.1847046],[-106.8146228,39.184683],[-106.8146378,39.1846597],[-106.8146828,39.184678],[-106.8146936,39.1846364],[-106.8146893,39.1845167],[-106.8145562,39.1844917],[-106.8145047,39.1845134],[-106.8144511,39.1844452],[-106.814273,39.1843969],[-106.8142151,39.1845915],[-106.8142987,39.1846115],[-106.8142451,39.184703],[-106.8142687,39.1847579],[-106.8142322,39.184856],[-106.8142773,39.1849042],[-106.8144339,39.1849109],[-106.8144597,39.1848577],[-106.8144168,39.1848477],[-106.8144876,39.1846747],[-106.8146528,39.1847229],[-106.8146828,39.1847678],[-106.8145992,39.1849558],[-106.814788,39.184994]]]}},{"type":"Feature","id":"building-228974431","properties":{"kind":"building","name":"Alpine building","height":7.2},"geometry":{"type":"Polygon","coordinates":[[[-106.8030971,39.17789],[-106.8030847,39.1778687],[-106.8030731,39.1778728],[-106.8030486,39.1778307],[-106.8030142,39.1778427],[-106.8029834,39.1777899],[-106.8030123,39.1777798],[-106.8029831,39.1777297],[-106.8028587,39.1777732],[-106.8028441,39.1777481],[-106.8027418,39.1777839],[-106.8028102,39.1779013],[-106.80268,39.1779468],[-106.8025958,39.1778023],[-106.8028283,39.1777209],[-106.8028255,39.1777162],[-106.8028019,39.1777103],[-106.8027928,39.1776946],[-106.8028004,39.1776763],[-106.8028276,39.1776668],[-106.8028378,39.1776712],[-106.802987,39.177619],[-106.8029832,39.1776126],[-106.8030494,39.1775894],[-106.8030566,39.1776017],[-106.8031407,39.1775723],[-106.8031613,39.1776076],[-106.8032746,39.1778022],[-106.8031568,39.1778435],[-106.8031596,39.1778482],[-106.8032512,39.1778942],[-106.8031963,39.1779599],[-106.8031853,39.1779543],[-106.8031147,39.1780388],[-106.8031343,39.1780486],[-106.8030701,39.1781254],[-106.8029505,39.1780653],[-106.8030971,39.17789]]]}},{"type":"Feature","id":"building-229331080","properties":{"kind":"building","name":"Alpine building","height":7.2},"geometry":{"type":"Polygon","coordinates":[[[-106.8087278,39.1845187],[-106.8086843,39.1845313],[-106.8087034,39.184571],[-106.8085756,39.184608],[-106.8084994,39.1844503],[-106.8085622,39.184432],[-106.8085448,39.1843961],[-106.8086534,39.1843646],[-106.8087278,39.1845187]]]}},{"type":"Feature","id":"building-229340354","properties":{"kind":"building","name":"Alpine building","height":7.2},"geometry":{"type":"Polygon","coordinates":[[[-106.8058384,39.1830452],[-106.8057527,39.183116],[-106.8055934,39.1830001],[-106.8056791,39.1829293],[-106.8058384,39.1830452]]]}},{"type":"Feature","id":"building-228968612","properties":{"kind":"building","name":"Alpine building","height":7.2},"geometry":{"type":"Polygon","coordinates":[[[-106.8122042,39.18503],[-106.8121688,39.1850176],[-106.8121612,39.1850305],[-106.8121328,39.1850205],[-106.8121404,39.1850076],[-106.8120954,39.1849917],[-106.8121361,39.1849223],[-106.8122449,39.1849606],[-106.8122042,39.18503]]]}},{"type":"Feature","id":"building-228968537","properties":{"kind":"building","name":"Alpine building","height":7.2},"geometry":{"type":"Polygon","coordinates":[[[-106.813128,39.1850787],[-106.8130393,39.18506],[-106.8130637,39.1849909],[-106.8130355,39.1849849],[-106.8130427,39.1849646],[-106.8130145,39.1849586],[-106.8130489,39.1848606],[-106.8131548,39.184883],[-106.8131347,39.1849403],[-106.8131738,39.1849486],[-106.813128,39.1850787]]]}},{"type":"Feature","id":"building-229340285","properties":{"kind":"building","name":"Alpine building","height":7.2},"geometry":{"type":"Polygon","coordinates":[[[-106.8073832,39.1841013],[-106.807333,39.1840116],[-106.8073966,39.1839902],[-106.8074027,39.184001],[-106.8074667,39.1839794],[-106.8074848,39.1840117],[-106.8074726,39.1840158],[-106.8074988,39.1840624],[-106.8075204,39.1840552],[-106.8075557,39.1841183],[-106.8074809,39.1841435],[-106.8074963,39.1841709],[-106.8073985,39.1842038],[-106.8073478,39.1841132],[-106.8073832,39.1841013]]]}},{"type":"Feature","id":"building-229340348","properties":{"kind":"building","name":"Alpine building","height":7.2},"geometry":{"type":"Polygon","coordinates":[[[-106.8055819,39.1829856],[-106.805544,39.1829581],[-106.8055794,39.1829288],[-106.8056173,39.1829564],[-106.8055819,39.1829856]]]}},{"type":"Feature","id":"building-228968571","properties":{"kind":"building","name":"Alpine building","height":7.2},"geometry":{"type":"Polygon","coordinates":[[[-106.8178004,39.1833764],[-106.8177806,39.1833823],[-106.8178056,39.1834323],[-106.8177983,39.1834345],[-106.8178225,39.1834828],[-106.8177901,39.1834926],[-106.8178207,39.1835536],[-106.8177428,39.183577],[-106.8177122,39.183516],[-106.8176893,39.1835229],[-106.8176635,39.1834715],[-106.8177188,39.1834548],[-106.8176953,39.183408],[-106.8176446,39.1834233],[-106.8176154,39.1833651],[-106.8177712,39.1833181],[-106.8178004,39.1833764]]]}},{"type":"Feature","id":"building-229331060","properties":{"kind":"building","name":"Alpine building","height":7.2},"geometry":{"type":"Polygon","coordinates":[[[-106.8098569,39.1848721],[-106.8097975,39.1848726],[-106.8097962,39.184788],[-106.8098575,39.1847874],[-106.8098579,39.1848177],[-106.8098736,39.1848176],[-106.8098904,39.1848032],[-106.8099207,39.1848029],[-106.8099291,39.1848098],[-106.8099585,39.1847878],[-106.8099664,39.1847941],[-106.8099706,39.184791],[-106.8100137,39.1848257],[-106.8100095,39.1848288],[-106.8100246,39.1848409],[-106.810002,39.1848578],[-106.810023,39.1848747],[-106.810024,39.1848992],[-106.8099957,39.1849204],[-106.8099639,39.1849188],[-106.8099555,39.1849121],[-106.8099439,39.1849207],[-106.8099176,39.1849208],[-106.8099073,39.1849126],[-106.8098958,39.1849212],[-106.809887,39.1849141],[-106.8098791,39.1849201],[-106.8098536,39.1848996],[-106.8098616,39.1848936],[-106.8098519,39.1848859],[-106.8098634,39.1848773],[-106.8098569,39.1848721]]]}},{"type":"Feature","id":"building-229347626","properties":{"kind":"building","name":"Alpine building","height":7.2},"geometry":{"type":"Polygon","coordinates":[[[-106.8032732,39.1800222],[-106.8032422,39.1800557],[-106.8032352,39.1800519],[-106.8031932,39.180098],[-106.8031002,39.1800464],[-106.8031172,39.1800279],[-106.8030962,39.1800162],[-106.8032732,39.1798251],[-106.8032942,39.1798368],[-106.8033122,39.1798175],[-106.8034052,39.1798691],[-106.8033622,39.1799149],[-106.8033692,39.1799187],[-106.8033372,39.1799533],[-106.8033562,39.1799638],[-106.8032922,39.1800327],[-106.8032732,39.1800222]]]}},{"type":"Feature","id":"building-229340265","properties":{"kind":"building","name":"Alpine building","height":7.2},"geometry":{"type":"Polygon","coordinates":[[[-106.8051973,39.1826663],[-106.8051688,39.1827104],[-106.8049132,39.182611],[-106.8049398,39.18257],[-106.8049812,39.1825861],[-106.8049886,39.1825746],[-106.8050547,39.1826003],[-106.8050721,39.1825736],[-106.8051714,39.1826122],[-106.8051486,39.1826473],[-106.8051973,39.1826663]]]}},{"type":"Feature","id":"building-229331042","properties":{"kind":"building","name":"Alpine building","height":7.2},"geometry":{"type":"Polygon","coordinates":[[[-106.8112663,39.1850283],[-106.8112203,39.1850176],[-106.8112603,39.1849158],[-106.8113623,39.1849395],[-106.8114193,39.1850297],[-106.8113993,39.1850372],[-106.8114393,39.1851018],[-106.8113573,39.1851331],[-106.8114013,39.1852035],[-106.8113043,39.1852403],[-106.8112163,39.1851009],[-106.8112943,39.1850715],[-106.8112663,39.1850283]]]}},{"type":"Feature","id":"building-228968552","properties":{"kind":"building","name":"Alpine building","height":7.2},"geometry":{"type":"Polygon","coordinates":[[[-106.8132356,39.1850764],[-106.8132223,39.1850959],[-106.8131604,39.1850704],[-106.8132036,39.1850073],[-106.8132094,39.1850097],[-106.8132328,39.1849755],[-106.8132807,39.1849952],[-106.8132861,39.1849873],[-106.813307,39.1849959],[-106.8133573,39.1849226],[-106.8134974,39.1849802],[-106.8134462,39.185055],[-106.8133991,39.1850356],[-106.8133413,39.1851199],[-106.8132356,39.1850764]]]}},{"type":"Feature","id":"building-229340294","properties":{"kind":"building","name":"Alpine building","height":7.2},"geometry":{"type":"Polygon","coordinates":[[[-106.8047804,39.1823076],[-106.8046971,39.1823025],[-106.8046961,39.1823126],[-106.8045166,39.1823015],[-106.8045231,39.1822387],[-106.8044885,39.1822365],[-106.8044911,39.1822114],[-106.8045257,39.1822136],[-106.8045268,39.1822027],[-106.8045485,39.182204],[-106.8045508,39.1821817],[-106.80468,39.1821897],[-106.8046777,39.182212],[-106.8047404,39.1822159],[-106.8047385,39.1822349],[-106.8047876,39.1822379],[-106.8047804,39.1823076]]]}},{"type":"Feature","id":"building-1066302110","properties":{"kind":"building","name":"Alpine building","height":7.2},"geometry":{"type":"Polygon","coordinates":[[[-106.8040779,39.1816788],[-106.8039652,39.1816674],[-106.8039827,39.1815638],[-106.8039658,39.1815621],[-106.8039621,39.1815844],[-106.8039333,39.1815814],[-106.8039403,39.1815401],[-106.8039617,39.1815422],[-106.8039629,39.1815352],[-106.8039218,39.181531],[-106.8039259,39.1815068],[-106.8039715,39.1815114],[-106.8039755,39.1814876],[-106.8039396,39.181484],[-106.8039523,39.1814082],[-106.8040402,39.1814381],[-106.8040375,39.181454],[-106.8040824,39.1814586],[-106.8040795,39.1814755],[-106.8040946,39.181477],[-106.8040783,39.1815736],[-106.804073,39.1815731],[-106.8040711,39.1815846],[-106.8040934,39.1815869],[-106.8040779,39.1816788]]]}},{"type":"Feature","id":"building-229340278","properties":{"kind":"building","name":"Alpine building","height":7.2},"geometry":{"type":"Polygon","coordinates":[[[-106.8064625,39.1836888],[-106.8064297,39.1836595],[-106.806475,39.1836291],[-106.8064993,39.1836509],[-106.8066117,39.18364],[-106.806626,39.183729],[-106.806504,39.1837408],[-106.8065139,39.1838017],[-106.8064184,39.1838109],[-106.8064088,39.1837515],[-106.8063883,39.1837535],[-106.8063819,39.1837136],[-106.8064652,39.1837055],[-106.8064625,39.1836888]]]}},{"type":"Feature","id":"building-229340365","properties":{"kind":"building","name":"Alpine building","height":7.2},"geometry":{"type":"Polygon","coordinates":[[[-106.8060642,39.1835322],[-106.805909,39.1834371],[-106.8059888,39.183359],[-106.8060841,39.1834174],[-106.8060594,39.1834416],[-106.8061192,39.1834783],[-106.8060642,39.1835322]]]}},{"type":"Feature","id":"building-229331046","properties":{"kind":"building","name":"Alpine building","height":7.2},"geometry":{"type":"Polygon","coordinates":[[[-106.808463,39.1846145],[-106.8084548,39.1846155],[-106.8084659,39.1846744],[-106.8083666,39.1846857],[-106.8083537,39.1846176],[-106.8083373,39.1846194],[-106.8083266,39.1845624],[-106.8083154,39.1845637],[-106.8083076,39.1845221],[-106.8083278,39.1845198],[-106.8083168,39.1844611],[-106.8084316,39.1844481],[-106.808463,39.1846145]]]}},{"type":"Feature","id":"building-229331073","properties":{"kind":"building","name":"Alpine building","height":7.2},"geometry":{"type":"Polygon","coordinates":[[[-106.8106127,39.1851824],[-106.8105757,39.1851158],[-106.8106641,39.1850862],[-106.8106381,39.1850397],[-106.8107472,39.1850032],[-106.8108102,39.1851163],[-106.8106127,39.1851824]]]}},{"type":"Feature","id":"building-229331043","properties":{"kind":"building","name":"Alpine building","height":7.2},"geometry":{"type":"Polygon","coordinates":[[[-106.8094832,39.1848899],[-106.8094518,39.1848898],[-106.8094517,39.184922],[-106.8094112,39.1849218],[-106.8094113,39.1849123],[-106.8093823,39.1849123],[-106.8093823,39.1849218],[-106.80932,39.1849216],[-106.8093205,39.1848203],[-106.8093804,39.1848204],[-106.8093806,39.1847954],[-106.8094836,39.1847957],[-106.8094832,39.1848899]]]}},{"type":"Feature","id":"building-229340363","properties":{"kind":"building","name":"Alpine building","height":7.2},"geometry":{"type":"Polygon","coordinates":[[[-106.8071339,39.1840402],[-106.8071142,39.1841017],[-106.8070669,39.1841497],[-106.8069463,39.1841054],[-106.8070134,39.1839959],[-106.8071339,39.1840402]]]}},{"type":"Feature","id":"building-228968605","properties":{"kind":"building","name":"Alpine building","height":7.2},"geometry":{"type":"Polygon","coordinates":[[[-106.8170213,39.1842649],[-106.8169648,39.1842771],[-106.8169066,39.1842642],[-106.8169107,39.1838732],[-106.8169689,39.1838626],[-106.8170253,39.1838739],[-106.8170213,39.1842649]]]}},{"type":"Feature","id":"building-228968549","properties":{"kind":"building","name":"Alpine building","height":7.2},"geometry":{"type":"Polygon","coordinates":[[[-106.8161623,39.1844873],[-106.8161163,39.1845172],[-106.8161013,39.1845035],[-106.8160763,39.1845202],[-106.8160503,39.1844967],[-106.8160223,39.1845153],[-106.8160103,39.1845046],[-106.8159413,39.1845501],[-106.8159093,39.1845208],[-106.8160133,39.1844522],[-106.8160383,39.1844746],[-106.8161163,39.1844232],[-106.8161333,39.1844388],[-106.8161193,39.184448],[-106.8161623,39.1844873]]]}},{"type":"Feature","id":"building-228968604","properties":{"kind":"building","name":"Alpine building","height":7.2},"geometry":{"type":"Polygon","coordinates":[[[-106.8137032,39.1851177],[-106.8136605,39.1851085],[-106.8136408,39.1851638],[-106.8135275,39.1851395],[-106.8135682,39.1850252],[-106.8137243,39.1850586],[-106.8137032,39.1851177]]]}},{"type":"Feature","id":"building-229340259","properties":{"kind":"building","name":"Alpine building","height":7.2},"geometry":{"type":"Polygon","coordinates":[[[-106.8053125,39.1831195],[-106.8052995,39.1830665],[-106.8053333,39.1830615],[-106.8053013,39.1830332],[-106.8053748,39.1829833],[-106.805427,39.1830295],[-106.8054561,39.1830919],[-106.8054565,39.1831586],[-106.8053717,39.183159],[-106.8053714,39.1831108],[-106.8053125,39.1831195]]]}},{"type":"Feature","id":"building-229347617","properties":{"kind":"building","name":"Alpine building","height":7.2},"geometry":{"type":"Polygon","coordinates":[[[-106.8032102,39.1802241],[-106.8032622,39.1802636],[-106.8031822,39.180327],[-106.8031622,39.180312],[-106.8031442,39.1803259],[-106.8030072,39.1802211],[-106.8030242,39.1802072],[-106.8030022,39.1801901],[-106.8030822,39.1801267],[-106.8031362,39.1801672],[-106.8031412,39.1801628],[-106.8032162,39.1802197],[-106.8032102,39.1802241]]]}},{"type":"Feature","id":"building-229340368","properties":{"kind":"building","name":"Alpine building","height":7.2},"geometry":{"type":"Polygon","coordinates":[[[-106.8049868,39.1828426],[-106.8048557,39.1827735],[-106.8049375,39.1826804],[-106.8050195,39.1827236],[-106.8049954,39.1827511],[-106.8050444,39.182777],[-106.8049868,39.1828426]]]}},{"type":"Feature","id":"building-229331065","properties":{"kind":"building","name":"Alpine building","height":7.2},"geometry":{"type":"Polygon","coordinates":[[[-106.8102898,39.1850898],[-106.8104061,39.1850693],[-106.8104332,39.1851616],[-106.8103169,39.1851821],[-106.8102898,39.1850898]]]}},{"type":"Feature","id":"building-229340384","properties":{"kind":"building","name":"Alpine building","height":7.2},"geometry":{"type":"Polygon","coordinates":[[[-106.805848,39.1834204],[-106.8057923,39.1834555],[-106.8057496,39.1834147],[-106.8057232,39.1834313],[-106.805643,39.1833547],[-106.8057312,39.1832992],[-106.8057899,39.1833552],[-106.8057837,39.1833591],[-106.805848,39.1834204]]]}},{"type":"Feature","id":"building-229331058","properties":{"kind":"building","name":"Alpine building","height":7.2},"geometry":{"type":"Polygon","coordinates":[[[-106.809941,39.1849667],[-106.8099412,39.1849831],[-106.8099836,39.1849828],[-106.8099842,39.1850302],[-106.8099857,39.1850376],[-106.8099939,39.1850367],[-106.8100025,39.1850796],[-106.8099943,39.1850806],[-106.8100074,39.1851463],[-106.8099279,39.1851559],[-106.809926,39.1851462],[-106.8098893,39.1851506],[-106.8098878,39.185143],[-106.8098527,39.1851473],[-106.8098518,39.1851426],[-106.8098391,39.1851441],[-106.8098301,39.1850996],[-106.8098246,39.1851002],[-106.8098157,39.185056],[-106.8098691,39.1850496],[-106.809866,39.1850341],[-106.8098487,39.1850343],[-106.8098481,39.1849837],[-106.8098586,39.1849837],[-106.8098584,39.1849673],[-106.809941,39.1849667]]]}},{"type":"Feature","id":"building-229340346","properties":{"kind":"building","name":"Alpine building","height":7.2},"geometry":{"type":"Polygon","coordinates":[[[-106.8051251,39.1829116],[-106.8050615,39.1829385],[-106.8050166,39.1828746],[-106.8050802,39.1828477],[-106.8051251,39.1829116]]]}},{"type":"Feature","id":"building-229340375","properties":{"kind":"building","name":"Alpine building","height":7.2},"geometry":{"type":"Polygon","coordinates":[[[-106.8063526,39.183623],[-106.8061471,39.1838242],[-106.8060761,39.1837806],[-106.8062021,39.1836572],[-106.8061453,39.1836167],[-106.8060075,39.1837328],[-106.805962,39.1837004],[-106.8061908,39.1835076],[-106.8063526,39.183623]]]}},{"type":"Feature","id":"building-228968609","properties":{"kind":"building","name":"Alpine building","height":7.2},"geometry":{"type":"Polygon","coordinates":[[[-106.8137416,39.1851808],[-106.8137878,39.1850515],[-106.8138755,39.1850703],[-106.8138643,39.1851016],[-106.8139145,39.1851124],[-106.8138766,39.1852187],[-106.8137602,39.1851937],[-106.8137631,39.1851854],[-106.8137416,39.1851808]]]}},{"type":"Feature","id":"building-1066302109","properties":{"kind":"building","name":"Alpine building","height":7.2},"geometry":{"type":"Polygon","coordinates":[[[-106.803739,39.1816281],[-106.8036344,39.1815881],[-106.8037094,39.1814702],[-106.8036707,39.1814554],[-106.8036834,39.1814355],[-106.8037228,39.1814506],[-106.8037375,39.1814275],[-106.8037068,39.1814157],[-106.803746,39.1813542],[-106.8038276,39.1813854],[-106.8037989,39.1814305],[-106.803857,39.1814528],[-106.8038028,39.1815378],[-106.8037818,39.1815297],[-106.8037757,39.1815393],[-106.8037916,39.1815454],[-106.803739,39.1816281]]]}},{"type":"Feature","id":"building-229331066","properties":{"kind":"building","name":"Alpine building","height":7.2},"geometry":{"type":"Polygon","coordinates":[[[-106.8088492,39.1848644],[-106.8086924,39.184915],[-106.8086542,39.1848439],[-106.8088111,39.1847933],[-106.8088492,39.1848644]]]}},{"type":"Feature","id":"building-228968600","properties":{"kind":"building","name":"Alpine building","height":7.2},"geometry":{"type":"Polygon","coordinates":[[[-106.8140925,39.1852493],[-106.8139502,39.1852189],[-106.8140029,39.1850712],[-106.8140467,39.1850806],[-106.8140426,39.1850922],[-106.814141,39.1851133],[-106.8140925,39.1852493]]]}},{"type":"Feature","id":"building-229340279","properties":{"kind":"building","name":"Alpine building","height":7.2},"geometry":{"type":"Polygon","coordinates":[[[-106.8067328,39.1840914],[-106.8066458,39.1841332],[-106.8065863,39.1841216],[-106.806552,39.1840787],[-106.8065883,39.1840613],[-106.8065575,39.1840228],[-106.8066063,39.1839994],[-106.8066736,39.1840174],[-106.8067083,39.1840007],[-106.8066956,39.1839848],[-106.8067627,39.1839526],[-106.806803,39.1840031],[-106.8067013,39.184052],[-106.8067328,39.1840914]]]}},{"type":"Feature","id":"building-229340288","properties":{"kind":"building","name":"Alpine building","height":7.2},"geometry":{"type":"Polygon","coordinates":[[[-106.8047089,39.1825653],[-106.8046958,39.1825706],[-106.8047006,39.1825777],[-106.8046942,39.1825803],[-106.8047307,39.1826343],[-106.8046286,39.1826758],[-106.8046074,39.1826445],[-106.8045032,39.1826869],[-106.8044614,39.1826251],[-106.8044405,39.1826336],[-106.8044064,39.1825831],[-106.8046143,39.1824986],[-106.8046487,39.1825495],[-106.8046745,39.1825391],[-106.8046781,39.1825445],[-106.8046912,39.1825391],[-106.8047089,39.1825653]]]}},{"type":"Feature","id":"building-228889223","properties":{"kind":"building","name":"Alpine building","height":7.2},"geometry":{"type":"Polygon","coordinates":[[[-106.8123689,39.1854657],[-106.8122573,39.1854419],[-106.8123434,39.1851992],[-106.812455,39.1852229],[-106.8123689,39.1854657]]]}},{"type":"Feature","id":"building-229347636","properties":{"kind":"building","name":"Alpine building","height":7.2},"geometry":{"type":"Polygon","coordinates":[[[-106.8032772,39.1805822],[-106.8032837,39.1805833],[-106.8032643,39.1806505],[-106.8032186,39.1806426],[-106.8032171,39.1806478],[-106.8031613,39.1806382],[-106.8031628,39.180633],[-106.8031182,39.1806253],[-106.8031168,39.18063],[-106.8030118,39.180612],[-106.8030131,39.1806076],[-106.8029648,39.1805993],[-106.802983,39.180536],[-106.8029899,39.1805372],[-106.8030022,39.1804944],[-106.8030735,39.1805067],[-106.8030777,39.1804922],[-106.8031179,39.1804991],[-106.8031142,39.1805121],[-106.8032887,39.1805423],[-106.8032772,39.1805822]]]}},{"type":"Feature","id":"building-228968562","properties":{"kind":"building","name":"Alpine building","height":7.2},"geometry":{"type":"Polygon","coordinates":[[[-106.816506,39.1846071],[-106.816442,39.1845744],[-106.816411,39.1846116],[-106.816349,39.1845801],[-106.816318,39.1846166],[-106.816254,39.1845838],[-106.816208,39.1846378],[-106.816143,39.1846043],[-106.816242,39.1844885],[-106.816291,39.1845136],[-106.816322,39.1844768],[-106.816384,39.1845084],[-106.816416,39.1844709],[-106.816484,39.1845059],[-106.816519,39.1844656],[-106.816594,39.1845043],[-106.816506,39.1846071]]]}},{"type":"Feature","id":"building-229340376","properties":{"kind":"building","name":"Alpine building","height":7.2},"geometry":{"type":"Polygon","coordinates":[[[-106.8042822,39.1822943],[-106.8042394,39.1822968],[-106.8042389,39.1822924],[-106.8041269,39.1822991],[-106.8041205,39.1822357],[-106.8043337,39.1822229],[-106.80434,39.1822863],[-106.8042818,39.1822898],[-106.8042822,39.1822943]]]}},{"type":"Feature","id":"building-229331069","properties":{"kind":"building","name":"Alpine building","height":7.2},"geometry":{"type":"Polygon","coordinates":[[[-106.811775,39.1854143],[-106.811632,39.1854395],[-106.811605,39.1853498],[-106.811749,39.1853245],[-106.811775,39.1854143]]]}},{"type":"Feature","id":"building-229331064","properties":{"kind":"building","name":"Alpine building","height":7.2},"geometry":{"type":"Polygon","coordinates":[[[-106.8102123,39.1852858],[-106.8101133,39.1852858],[-106.8101133,39.1852152],[-106.8102123,39.1852152],[-106.8102123,39.1852858]]]}},{"type":"Feature","id":"building-229347668","properties":{"kind":"building","name":"Alpine building","height":7.2},"geometry":{"type":"Polygon","coordinates":[[[-106.8035185,39.1814082],[-106.8033755,39.1813809],[-106.8034065,39.1812808],[-106.8036135,39.1813199],[-106.8035875,39.1814006],[-106.8035255,39.1813887],[-106.8035185,39.1814082]]]}},{"type":"Feature","id":"building-228889040","properties":{"kind":"building","name":"Alpine building","height":7.2},"geometry":{"type":"Polygon","coordinates":[[[-106.8152811,39.1848259],[-106.8151351,39.1846064],[-106.8153041,39.1845387],[-106.8153891,39.1846664],[-106.8154331,39.1846487],[-106.8154891,39.1847328],[-106.8155171,39.1847217],[-106.8156621,39.1849393],[-106.8156911,39.1849276],[-106.8157521,39.1850186],[-106.8157251,39.1850292],[-106.8157401,39.1850514],[-106.8157661,39.1850408],[-106.8158381,39.1851489],[-106.8156251,39.1852342],[-106.8154821,39.1850192],[-106.8154551,39.1850298],[-106.8153111,39.1848137],[-106.8152811,39.1848259]]]}},{"type":"Feature","id":"building-228968592","properties":{"kind":"building","name":"Alpine building","height":7.2},"geometry":{"type":"Polygon","coordinates":[[[-106.8143968,39.1853125],[-106.8141685,39.1852636],[-106.8142285,39.1850955],[-106.8144567,39.1851445],[-106.8143968,39.1853125]]]}},{"type":"Feature","id":"building-229347616","properties":{"kind":"building","name":"Alpine building","height":7.2},"geometry":{"type":"Polygon","coordinates":[[[-106.8024664,39.1773896],[-106.8024748,39.1773997],[-106.8024454,39.1774144],[-106.8024371,39.1774043],[-106.8023587,39.1774435],[-106.802327,39.1774053],[-106.8023907,39.1773735],[-106.8023735,39.1773529],[-106.8024031,39.177338],[-106.8024203,39.1773587],[-106.8024482,39.1773448],[-106.8024799,39.1773829],[-106.8024664,39.1773896]]]}},{"type":"Feature","id":"building-228888949","properties":{"kind":"building","name":"Alpine building","height":7.2},"geometry":{"type":"Polygon","coordinates":[[[-106.8128911,39.1855291],[-106.8129592,39.185337],[-106.8130051,39.1853468],[-106.8130096,39.185334],[-106.8130812,39.1853492],[-106.8130697,39.1853817],[-106.8131242,39.1853933],[-106.8130911,39.1854867],[-106.813073,39.1854828],[-106.8130449,39.1855619],[-106.8128911,39.1855291]]]}},{"type":"Feature","id":"building-229340386","properties":{"kind":"building","name":"Alpine building","height":7.2},"geometry":{"type":"Polygon","coordinates":[[[-106.8071788,39.1845628],[-106.8070275,39.1845242],[-106.8070952,39.184365],[-106.8071777,39.1843861],[-106.8071558,39.1844375],[-106.8071775,39.1844431],[-106.807168,39.1844654],[-106.8072151,39.1844775],[-106.8071788,39.1845628]]]}},{"type":"Feature","id":"building-228888999","properties":{"kind":"building","name":"Alpine building","height":7.2},"geometry":{"type":"Polygon","coordinates":[[[-106.8125803,39.1854961],[-106.8125767,39.1855062],[-106.8124092,39.1854706],[-106.8124417,39.185379],[-106.8126092,39.1854146],[-106.8126129,39.1854042],[-106.8126637,39.185415],[-106.81266,39.1854254],[-106.8128826,39.1854728],[-106.8128501,39.1855644],[-106.8126276,39.185517],[-106.8126312,39.1855069],[-106.8125803,39.1854961]]]}},{"type":"Feature","id":"building-229331056","properties":{"kind":"building","name":"Alpine building","height":7.2},"geometry":{"type":"Polygon","coordinates":[[[-106.8099097,39.1852138],[-106.8099097,39.1852004],[-106.8100321,39.1852004],[-106.8100321,39.1853239],[-106.8100062,39.1853239],[-106.8100062,39.1853707],[-106.8099392,39.1853707],[-106.8099392,39.185364],[-106.8098955,39.185364],[-106.8098955,39.1853711],[-106.8098691,39.1853711],[-106.8098691,39.185364],[-106.8098432,39.185364],[-106.8098432,39.1853511],[-106.8098303,39.1853511],[-106.8098303,39.1853154],[-106.8098432,39.1853154],[-106.8098432,39.1853006],[-106.8099214,39.1853006],[-106.8099214,39.1852634],[-106.8099097,39.1852634],[-106.8099097,39.1852524],[-106.8098974,39.1852524],[-106.8098974,39.1852138],[-106.8099097,39.1852138]]]}},{"type":"Feature","id":"building-228968608","properties":{"kind":"building","name":"Alpine building","height":7.2},"geometry":{"type":"Polygon","coordinates":[[[-106.8146262,39.1852309],[-106.8146137,39.1852368],[-106.8145855,39.1853513],[-106.8144661,39.1853336],[-106.8145105,39.1851534],[-106.8146146,39.1851688],[-106.8146057,39.1852047],[-106.8146262,39.1852309]]]}},{"type":"Feature","id":"building-229331061","properties":{"kind":"building","name":"Alpine building","height":7.2},"geometry":{"type":"Polygon","coordinates":[[[-106.809039,39.1851761],[-106.8090325,39.1851798],[-106.8091456,39.1852985],[-106.8090516,39.1853523],[-106.8090425,39.1853428],[-106.8090526,39.185337],[-106.8090352,39.1853188],[-106.8090251,39.1853246],[-106.8090101,39.1853088],[-106.8089528,39.1853417],[-106.8089943,39.1853852],[-106.8089042,39.1854367],[-106.8088497,39.1853795],[-106.8088269,39.1853926],[-106.8087685,39.1853313],[-106.808787,39.1853208],[-106.8087648,39.1852975],[-106.809045,39.185137],[-106.8090554,39.1851013],[-106.8090355,39.1850978],[-106.8090576,39.1850216],[-106.8089452,39.1850021],[-106.808942,39.1850131],[-106.8088562,39.1849982],[-106.8088663,39.1849632],[-106.8088779,39.1849652],[-106.8089,39.1848889],[-106.8090087,39.1849078],[-106.8090116,39.1848979],[-106.8091153,39.184916],[-106.8091184,39.1849052],[-106.8092532,39.1849286],[-106.8092375,39.1849827],[-106.8092494,39.1849848],[-106.8092304,39.1850506],[-106.8091898,39.1850436],[-106.8091705,39.1851105],[-106.809211,39.1851175],[-106.8091867,39.1852018],[-106.809039,39.1851761]]]}},{"type":"Feature","id":"building-229331049","properties":{"kind":"building","name":"Alpine building","height":7.2},"geometry":{"type":"Polygon","coordinates":[[[-106.8095853,39.1853543],[-106.8095214,39.1853586],[-106.8095166,39.185316],[-106.8094647,39.1853195],[-106.8094608,39.1852846],[-106.8094661,39.1852843],[-106.8094641,39.1852665],[-106.8094516,39.1852673],[-106.8094484,39.185239],[-106.8094609,39.1852382],[-106.8094573,39.1852062],[-106.8095515,39.1851998],[-106.8095585,39.1852623],[-106.8095319,39.1852641],[-106.8095338,39.1852805],[-106.8095767,39.1852776],[-106.8095853,39.1853543]]]}},{"type":"Feature","id":"building-229331038","properties":{"kind":"building","name":"Alpine building","height":7.2},"geometry":{"type":"Polygon","coordinates":[[[-106.8104079,39.1853977],[-106.8104299,39.1854037],[-106.81044,39.1854201],[-106.8104321,39.1854371],[-106.810411,39.1854449],[-106.8104138,39.1854878],[-106.8102201,39.1854955],[-106.8102148,39.1854147],[-106.8103699,39.1854086],[-106.810385,39.1854001],[-106.8104079,39.1853977]]]}},{"type":"Feature","id":"building-1065369152","properties":{"kind":"building","name":"Alpine building","height":7.2},"geometry":{"type":"Polygon","coordinates":[[[-106.8068643,39.1842773],[-106.8068666,39.1841958],[-106.8064962,39.1842502],[-106.8065153,39.1843175],[-106.8065709,39.184311],[-106.8065854,39.1843766],[-106.8065776,39.1843765],[-106.8065761,39.1844055],[-106.8066811,39.1844039],[-106.8066772,39.184295],[-106.8067847,39.1842817],[-106.8067847,39.1842903],[-106.8068643,39.1842773]]]}},{"type":"Feature","id":"building-229331048","properties":{"kind":"building","name":"Alpine building","height":7.2},"geometry":{"type":"Polygon","coordinates":[[[-106.81096,39.1854],[-106.8110585,39.1854287],[-106.8110629,39.18543],[-106.8110423,39.1854725],[-106.8110379,39.1854712],[-106.8110187,39.1855108],[-106.8110242,39.1855206],[-106.8110156,39.1855384],[-106.8110031,39.185543],[-106.810995,39.1855597],[-106.8110105,39.1855642],[-106.8109659,39.1856559],[-106.8109375,39.1856656],[-106.8108362,39.1856361],[-106.8108883,39.1855288],[-106.8108964,39.1855311],[-106.81096,39.1854]]]}},{"type":"Feature","id":"building-229331037","properties":{"kind":"building","name":"Alpine building","height":7.2},"geometry":{"type":"Polygon","coordinates":[[[-106.8092882,39.1852768],[-106.8093264,39.1853186],[-106.8092444,39.1853636],[-106.8091748,39.1852874],[-106.8091983,39.1852744],[-106.8091652,39.1852382],[-106.8092666,39.1851825],[-106.809305,39.1852246],[-106.8092839,39.1852362],[-106.80931,39.1852648],[-106.8092882,39.1852768]]]}},{"type":"Feature","id":"building-228889275","properties":{"kind":"building","name":"Alpine building","height":7.2},"geometry":{"type":"Polygon","coordinates":[[[-106.8130839,39.1856088],[-106.8131601,39.1853939],[-106.813315,39.1854269],[-106.8132961,39.1854803],[-106.8132813,39.1854772],[-106.8132412,39.1855903],[-106.813256,39.1855934],[-106.8132389,39.1856418],[-106.8130839,39.1856088]]]}},{"type":"Feature","id":"building-228968591","properties":{"kind":"building","name":"Alpine building","height":7.2},"geometry":{"type":"Polygon","coordinates":[[[-106.8179337,39.1843525],[-106.8177241,39.1843429],[-106.8177602,39.1838667],[-106.8179698,39.1838762],[-106.8179337,39.1843525]]]}},{"type":"Feature","id":"building-229340308","properties":{"kind":"building","name":"Alpine building","height":7.2},"geometry":{"type":"Polygon","coordinates":[[[-106.8038383,39.1822831],[-106.8037888,39.182286],[-106.8037903,39.1823005],[-106.8037284,39.1823042],[-106.8037254,39.1822738],[-106.8036777,39.1822766],[-106.8036702,39.1822015],[-106.8038173,39.1821927],[-106.8038187,39.1822067],[-106.8038702,39.1822036],[-106.803866,39.182161],[-106.8039336,39.1821569],[-106.8039392,39.1822136],[-106.8039623,39.1822122],[-106.8039654,39.1822437],[-106.8039451,39.1822449],[-106.8039478,39.1822722],[-106.8039411,39.1822726],[-106.803965,39.1823328],[-106.8038674,39.1823561],[-106.8038383,39.1822831]]]}},{"type":"Feature","id":"building-228889248","properties":{"kind":"building","name":"Alpine building","height":7.2},"geometry":{"type":"Polygon","coordinates":[[[-106.8152268,39.1852482],[-106.8152508,39.18518],[-106.8152278,39.1851752],[-106.8152528,39.1851023],[-106.8153508,39.1851225],[-106.8153018,39.1852637],[-106.8152268,39.1852482]]]}},{"type":"Feature","id":"building-229340260","properties":{"kind":"building","name":"Alpine building","height":7.2},"geometry":{"type":"Polygon","coordinates":[[[-106.8060159,39.1841398],[-106.805797,39.1839902],[-106.8058655,39.1839299],[-106.8059093,39.1839599],[-106.8058848,39.1839815],[-106.8059005,39.1839922],[-106.8059464,39.1839519],[-106.8060472,39.1840207],[-106.8060117,39.184052],[-106.8060702,39.184092],[-106.8060159,39.1841398]]]}},{"type":"Feature","id":"building-229340383","properties":{"kind":"building","name":"Alpine building","height":7.2},"geometry":{"type":"Polygon","coordinates":[[[-106.804675,39.1832982],[-106.8047389,39.1830879],[-106.8048108,39.1831011],[-106.8048018,39.1831309],[-106.8048578,39.1831411],[-106.8048273,39.1832412],[-106.8048039,39.1832369],[-106.8047795,39.1833173],[-106.804675,39.1832982]]]}},{"type":"Feature","id":"building-229340370","properties":{"kind":"building","name":"Alpine building","height":7.2},"geometry":{"type":"Polygon","coordinates":[[[-106.8052373,39.1834985],[-106.8052061,39.1835689],[-106.8050523,39.1835279],[-106.8050974,39.1834262],[-106.805189,39.1834506],[-106.8051751,39.1834819],[-106.8052373,39.1834985]]]}},{"type":"Feature","id":"building-228968601","properties":{"kind":"building","name":"Alpine building","height":7.2},"geometry":{"type":"Polygon","coordinates":[[[-106.8172156,39.1847091],[-106.8171483,39.1847431],[-106.8171091,39.1847512],[-106.8169687,39.1843445],[-106.8170196,39.1843339],[-106.8170847,39.1843299],[-106.8172156,39.1847091]]]}},{"type":"Feature","id":"building-229331081","properties":{"kind":"building","name":"Alpine building","height":7.2},"geometry":{"type":"Polygon","coordinates":[[[-106.8100927,39.1855371],[-106.8099874,39.1855371],[-106.8099874,39.1855004],[-106.8099391,39.1855004],[-106.8099391,39.1854481],[-106.8099274,39.1854481],[-106.8099274,39.1854218],[-106.8100927,39.1854218],[-106.8100927,39.1855371]]]}},{"type":"Feature","id":"building-229347657","properties":{"kind":"building","name":"Alpine building","height":7.2},"geometry":{"type":"Polygon","coordinates":[[[-106.803332,39.1816314],[-106.803233,39.1816199],[-106.803248,39.1815403],[-106.803347,39.1815518],[-106.803332,39.1816314]]]}},{"type":"Feature","id":"building-228968588","properties":{"kind":"building","name":"Alpine building","height":7.2},"geometry":{"type":"Polygon","coordinates":[[[-106.8164741,39.1847786],[-106.8164281,39.184743],[-106.8166391,39.1845791],[-106.8167181,39.1846405],[-106.8167001,39.1846545],[-106.8167061,39.1846588],[-106.8166731,39.1846842],[-106.8166451,39.1846826],[-106.8166311,39.1846719],[-106.8166121,39.1846866],[-106.8166191,39.1846917],[-106.8165591,39.1847384],[-106.8165521,39.1847333],[-106.8165191,39.1847588],[-106.8165821,39.1848071],[-106.8165681,39.1848175],[-106.8166111,39.1848508],[-106.8166281,39.1848377],[-106.8165921,39.1848098],[-106.8166421,39.1847711],[-106.8166181,39.1847523],[-106.8166801,39.1847041],[-106.8167441,39.1847537],[-106.8166911,39.1847947],[-106.8167121,39.1848106],[-106.8166741,39.1848401],[-106.8166781,39.1848439],[-106.8166401,39.1848734],[-106.8166501,39.1848947],[-106.8166081,39.1849267],[-106.8165161,39.1848549],[-106.8165331,39.1848419],[-106.8164621,39.1847873],[-106.8164741,39.1847786]]]}},{"type":"Feature","id":"building-229347623","properties":{"kind":"building","name":"Alpine building","height":7.2},"geometry":{"type":"Polygon","coordinates":[[[-106.803125,39.1813309],[-106.803106,39.1813927],[-106.803113,39.1813941],[-106.803083,39.1814901],[-106.802999,39.1814743],[-106.803049,39.1813165],[-106.802993,39.1813059],[-106.80301,39.181254],[-106.803258,39.1813012],[-106.803242,39.1813531],[-106.803205,39.1813461],[-106.803201,39.1813583],[-106.803167,39.1813517],[-106.803171,39.1813395],[-106.803125,39.1813309]]]}},{"type":"Feature","id":"building-228888951","properties":{"kind":"building","name":"Alpine building","height":7.2},"geometry":{"type":"Polygon","coordinates":[[[-106.8133032,39.185625],[-106.81334,39.1855211],[-106.8134991,39.1855549],[-106.8134951,39.1855662],[-106.8136422,39.1855975],[-106.8136663,39.1855297],[-106.8136524,39.1855267],[-106.8136705,39.1854756],[-106.8138027,39.1855038],[-106.8137277,39.1857154],[-106.8133032,39.185625]]]}},{"type":"Feature","id":"building-228889120","properties":{"kind":"building","name":"Alpine building","height":7.2},"geometry":{"type":"Polygon","coordinates":[[[-106.8123327,39.185574],[-106.8123464,39.1855353],[-106.8123649,39.1855393],[-106.8123764,39.1855067],[-106.81255,39.1855437],[-106.8125401,39.1855715],[-106.8125637,39.1855765],[-106.8125474,39.1856225],[-106.8125239,39.1856175],[-106.81252,39.1856285],[-106.8125435,39.1856335],[-106.8125274,39.1856789],[-106.8125154,39.1856763],[-106.8124983,39.1857246],[-106.8124757,39.1857197],[-106.8124708,39.1857334],[-106.812478,39.1857349],[-106.8124619,39.1857803],[-106.8124373,39.185775],[-106.8124287,39.1857993],[-106.8122649,39.1857644],[-106.8122742,39.185738],[-106.8122478,39.1857324],[-106.8122624,39.1856912],[-106.8122999,39.1856992],[-106.8123068,39.1856799],[-106.8122836,39.1856749],[-106.8122965,39.1856386],[-106.8123245,39.1856446],[-106.8123282,39.185634],[-106.812314,39.185631],[-106.8123273,39.1855935],[-106.8123444,39.1855972],[-106.8123512,39.185578],[-106.8123327,39.185574]]]}},{"type":"Feature","id":"building-229301852","properties":{"kind":"building","name":"Alpine building","height":7.2},"geometry":{"type":"Polygon","coordinates":[[[-106.8076972,39.1848776],[-106.8076904,39.1848909],[-106.8077324,39.1849038],[-106.8077097,39.1849482],[-106.8076677,39.1849353],[-106.8076515,39.1849671],[-106.8075644,39.1849404],[-106.8075806,39.1849086],[-106.807573,39.1849062],[-106.8075957,39.1848618],[-106.8076033,39.1848641],[-106.8076101,39.1848509],[-106.8076972,39.1848776]]]}},{"type":"Feature","id":"building-228889259","properties":{"kind":"building","name":"Alpine building","height":7.2},"geometry":{"type":"Polygon","coordinates":[[[-106.8140085,39.185538],[-106.8139971,39.1855703],[-106.8140021,39.1855714],[-106.8139343,39.1857625],[-106.8137576,39.1857249],[-106.8138254,39.1855337],[-106.8138325,39.1855353],[-106.813844,39.1855029],[-106.8140085,39.185538]]]}},{"type":"Feature","id":"building-229340269","properties":{"kind":"building","name":"Alpine building","height":7.2},"geometry":{"type":"Polygon","coordinates":[[[-106.8041089,39.1826031],[-106.8040242,39.1826073],[-106.8040233,39.1825963],[-106.8039416,39.1826004],[-106.803942,39.182605],[-106.8038948,39.1826073],[-106.8038944,39.1826028],[-106.803855,39.1826047],[-106.8038473,39.1825117],[-106.8041003,39.1824991],[-106.8041089,39.1826031]]]}},{"type":"Feature","id":"building-228889218","properties":{"kind":"building","name":"Alpine building","height":7.2},"geometry":{"type":"Polygon","coordinates":[[[-106.811721,39.1857714],[-106.81166,39.1857629],[-106.81167,39.1857209],[-106.811731,39.1857294],[-106.811721,39.1857714]]]}},{"type":"Feature","id":"building-229331079","properties":{"kind":"building","name":"Alpine building","height":7.2},"geometry":{"type":"Polygon","coordinates":[[[-106.8096659,39.1856481],[-106.8094789,39.1854984],[-106.80952,39.1854675],[-106.8095269,39.185473],[-106.809574,39.1854377],[-106.8097434,39.1855732],[-106.8097266,39.1855858],[-106.8097374,39.1855945],[-106.8096659,39.1856481]]]}},{"type":"Feature","id":"building-228888940","properties":{"kind":"building","name":"Alpine building","height":7.2},"geometry":{"type":"Polygon","coordinates":[[[-106.8129967,39.1859177],[-106.8128468,39.1858859],[-106.8129226,39.1856714],[-106.8128808,39.1856625],[-106.8128938,39.1856257],[-106.8130565,39.1856602],[-106.8130578,39.1856564],[-106.813105,39.1856665],[-106.8130842,39.1857253],[-106.8130661,39.1857214],[-106.8129967,39.1859177]]]}},{"type":"Feature","id":"building-228889257","properties":{"kind":"building","name":"Alpine building","height":7.2},"geometry":{"type":"Polygon","coordinates":[[[-106.8152649,39.185333],[-106.8152599,39.1853481],[-106.8153689,39.1853706],[-106.8153279,39.185491],[-106.8149589,39.1854149],[-106.8150009,39.1852946],[-106.8152239,39.1853408],[-106.8152299,39.1853257],[-106.8152649,39.185333]]]}},{"type":"Feature","id":"building-229340347","properties":{"kind":"building","name":"Alpine building","height":7.2},"geometry":{"type":"Polygon","coordinates":[[[-106.8045187,39.1831289],[-106.8044616,39.1831728],[-106.8044031,39.183127],[-106.8044603,39.1830832],[-106.8045187,39.1831289]]]}},{"type":"Feature","id":"building-228968569","properties":{"kind":"building","name":"Alpine building","height":7.2},"geometry":{"type":"Polygon","coordinates":[[[-106.8164372,39.1848688],[-106.8165102,39.1849411],[-106.8164982,39.1849483],[-106.8165492,39.1849998],[-106.8165252,39.1851014],[-106.8164992,39.1851109],[-106.8164712,39.1851062],[-106.8164562,39.1850913],[-106.8164392,39.1851012],[-106.8163642,39.1850255],[-106.8163752,39.1850184],[-106.8163042,39.1849466],[-106.8163152,39.1849398],[-106.8162422,39.1848674],[-106.8163782,39.184786],[-106.8164522,39.18486],[-106.8164372,39.1848688]]]}},{"type":"Feature","id":"building-229340323","properties":{"kind":"building","name":"Alpine building","height":7.2},"geometry":{"type":"Polygon","coordinates":[[[-106.8066027,39.1845762],[-106.8065634,39.1845762],[-106.8065633,39.1844985],[-106.8066704,39.1844985],[-106.8066704,39.1845247],[-106.8067221,39.1845247],[-106.8067221,39.1846077],[-106.8067319,39.1846077],[-106.8067319,39.1846206],[-106.8067424,39.1846206],[-106.8067424,39.1846749],[-106.8067319,39.1846749],[-106.8067319,39.184685],[-106.8067221,39.184685],[-106.8067221,39.184755],[-106.8066206,39.1847551],[-106.8066206,39.184685],[-106.8066101,39.184685],[-106.8066101,39.184675],[-106.8065677,39.184675],[-106.8065677,39.1846206],[-106.8066101,39.1846206],[-106.8066101,39.1846077],[-106.8066323,39.1846077],[-106.8066323,39.1845929],[-106.8066027,39.1845929],[-106.8066027,39.1845762]]]}},{"type":"Feature","id":"building-229331070","properties":{"kind":"building","name":"Alpine building","height":7.2},"geometry":{"type":"Polygon","coordinates":[[[-106.8092685,39.18566],[-106.8091755,39.185604],[-106.8093373,39.1854428],[-106.8094303,39.1854989],[-106.8092685,39.18566]]]}},{"type":"Feature","id":"building-229347663","properties":{"kind":"building","name":"Alpine building","height":7.2},"geometry":{"type":"Polygon","coordinates":[[[-106.8019148,39.1781965],[-106.8018025,39.1781344],[-106.8018683,39.178063],[-106.8019805,39.178125],[-106.8019148,39.1781965]]]}},{"type":"Feature","id":"building-229340326","properties":{"kind":"building","name":"Alpine building","height":7.2},"geometry":{"type":"Polygon","coordinates":[[[-106.8053644,39.1839604],[-106.8053953,39.1839604],[-106.8053954,39.1839054],[-106.8054414,39.1839054],[-106.8054414,39.1838865],[-106.8055006,39.1838865],[-106.8055006,39.1839257],[-106.8055376,39.1839257],[-106.8055375,39.1839375],[-106.8055684,39.1839375],[-106.8055684,39.183989],[-106.8055375,39.183989],[-106.8055375,39.1840012],[-106.805457,39.1840012],[-106.805457,39.1840136],[-106.8054699,39.1840136],[-106.8054699,39.1840847],[-106.8053837,39.1840847],[-106.8053838,39.1840136],[-106.8053953,39.1840136],[-106.8053953,39.1839867],[-106.8053644,39.1839867],[-106.8053644,39.184013],[-106.8052661,39.184013],[-106.8052661,39.1839321],[-106.8053227,39.1839321],[-106.8053227,39.1839368],[-106.8053644,39.1839368],[-106.8053644,39.1839604]]]}},{"type":"Feature","id":"building-229301868","properties":{"kind":"building","name":"Alpine building","height":7.2},"geometry":{"type":"Polygon","coordinates":[[[-106.8076815,39.1851018],[-106.8076763,39.1851023],[-106.8076785,39.1851163],[-106.8076046,39.1851233],[-106.807609,39.1851516],[-106.8075146,39.1851605],[-106.8074994,39.1850636],[-106.8075375,39.18506],[-106.8075281,39.1850002],[-106.8076008,39.1849934],[-106.8076088,39.1850448],[-106.8076664,39.1850394],[-106.8076714,39.1850708],[-106.8076766,39.1850703],[-106.8076815,39.1851018]]]}},{"type":"Feature","id":"building-229340367","properties":{"kind":"building","name":"Alpine building","height":7.2},"geometry":{"type":"Polygon","coordinates":[[[-106.8069841,39.1849484],[-106.8069967,39.1847502],[-106.8071063,39.1847544],[-106.8070982,39.1848808],[-106.8071213,39.1848817],[-106.8071167,39.1849535],[-106.8069841,39.1849484]]]}},{"type":"Feature","id":"building-229340298","properties":{"kind":"building","name":"Alpine building","height":7.2},"geometry":{"type":"Polygon","coordinates":[[[-106.8034561,39.1822665],[-106.803448,39.1822674],[-106.8034427,39.182292],[-106.8034353,39.1822911],[-106.8034275,39.1823276],[-106.8034219,39.1823268],[-106.8034161,39.1823536],[-106.8033341,39.182343],[-106.8033543,39.1822489],[-106.8033765,39.1822466],[-106.8033649,39.1821789],[-106.8035829,39.1821566],[-106.8036056,39.1822901],[-106.8035381,39.182297],[-106.8035316,39.1822588],[-106.8035245,39.1822595],[-106.8035275,39.1822772],[-106.8034591,39.1822842],[-106.8034561,39.1822665]]]}},{"type":"Feature","id":"building-229331074","properties":{"kind":"building","name":"Alpine building","height":7.2},"geometry":{"type":"Polygon","coordinates":[[[-106.8097649,39.1857607],[-106.8096862,39.1856696],[-106.8097878,39.1856168],[-106.8098592,39.1856994],[-106.8098416,39.1857085],[-106.809849,39.185717],[-106.8097649,39.1857607]]]}},{"type":"Feature","id":"building-228888967","properties":{"kind":"building","name":"Alpine building","height":7.2},"geometry":{"type":"Polygon","coordinates":[[[-106.813161,39.185819],[-106.8131749,39.185822],[-106.8131645,39.1858514],[-106.8131715,39.1858529],[-106.8131549,39.1858998],[-106.813134,39.1858953],[-106.8131208,39.1859327],[-106.8130229,39.1859118],[-106.8130848,39.1857368],[-106.8131637,39.1857536],[-106.8131607,39.1857618],[-106.813175,39.1857795],[-106.813161,39.185819]]]}},{"type":"Feature","id":"building-229331054","properties":{"kind":"building","name":"Alpine building","height":7.2},"geometry":{"type":"Polygon","coordinates":[[[-106.8100949,39.1859354],[-106.8100287,39.1858961],[-106.8100844,39.1858397],[-106.810094,39.1858454],[-106.8101205,39.185778],[-106.8101452,39.1857839],[-106.8101562,39.1857559],[-106.8101918,39.185756],[-106.8102005,39.1857504],[-106.8102006,39.1857308],[-106.8101217,39.1857305],[-106.8101222,39.1856643],[-106.8101493,39.1856644],[-106.8102091,39.1856257],[-106.8102093,39.185599],[-106.8102999,39.1855994],[-106.8102993,39.1856826],[-106.8102761,39.1856977],[-106.8102754,39.1857962],[-106.8101714,39.1858637],[-106.810158,39.1858605],[-106.8101438,39.1858749],[-106.8101506,39.185879],[-106.8100949,39.1859354]]]}},{"type":"Feature","id":"building-228889004","properties":{"kind":"building","name":"Alpine building","height":7.2},"geometry":{"type":"Polygon","coordinates":[[[-106.8142555,39.1858032],[-106.8141675,39.1857845],[-106.8141573,39.1858133],[-106.8140817,39.1857972],[-106.8140764,39.1858121],[-106.8140437,39.1858051],[-106.8140564,39.1857695],[-106.8139686,39.1857509],[-106.8140363,39.1855601],[-106.8141359,39.1855813],[-106.8140903,39.1857099],[-106.8141571,39.1857241],[-106.8142066,39.1855843],[-106.8143243,39.1856094],[-106.8142555,39.1858032]]]}},{"type":"Feature","id":"building-228888955","properties":{"kind":"building","name":"Alpine building","height":7.2},"geometry":{"type":"Polygon","coordinates":[[[-106.8134316,39.1859927],[-106.8132821,39.185961],[-106.8133136,39.185872],[-106.8132952,39.1858681],[-106.8133007,39.1858524],[-106.8132458,39.1858408],[-106.8132657,39.1857844],[-106.8132374,39.1857783],[-106.8132679,39.1856922],[-106.813519,39.1857456],[-106.8134316,39.1859927]]]}},{"type":"Feature","id":"building-229301831","properties":{"kind":"building","name":"Alpine building","height":7.2},"geometry":{"type":"Polygon","coordinates":[[[-106.8079847,39.1853848],[-106.8079171,39.1853166],[-106.8079931,39.1852714],[-106.807963,39.185241],[-106.808071,39.1851767],[-106.8081275,39.1852337],[-106.80812,39.1853042],[-106.8081246,39.1853088],[-106.8080901,39.1853294],[-106.8080855,39.1853247],[-106.8079847,39.1853848]]]}},{"type":"Feature","id":"building-229331076","properties":{"kind":"building","name":"Alpine building","height":7.2},"geometry":{"type":"Polygon","coordinates":[[[-106.8109205,39.1859542],[-106.8108186,39.1859345],[-106.8108611,39.1858021],[-106.8109477,39.1858188],[-106.8109372,39.1858516],[-106.8109525,39.1858545],[-106.8109205,39.1859542]]]}},{"type":"Feature","id":"building-229340272","properties":{"kind":"building","name":"Alpine building","height":7.2},"geometry":{"type":"Polygon","coordinates":[[[-106.8043354,39.1831928],[-106.8040862,39.1832377],[-106.8040596,39.1831488],[-106.8041279,39.1831365],[-106.8041226,39.1831187],[-106.8042712,39.1830919],[-106.8043091,39.183138],[-106.8043247,39.1831352],[-106.8043426,39.1831454],[-106.8043318,39.183159],[-106.8043256,39.1831601],[-106.8043354,39.1831928]]]}},{"type":"Feature","id":"building-229331068","properties":{"kind":"building","name":"Alpine building","height":7.2},"geometry":{"type":"Polygon","coordinates":[[[-106.8103257,39.1859708],[-106.810261,39.1858983],[-106.810595,39.185719],[-106.8106598,39.1857915],[-106.8103257,39.1859708]]]}},{"type":"Feature","id":"building-228889046","properties":{"kind":"building","name":"Alpine building","height":7.2},"geometry":{"type":"Polygon","coordinates":[[[-106.8143928,39.1858138],[-106.814376,39.1858612],[-106.8142983,39.1858446],[-106.8143109,39.1858089],[-106.8142873,39.1858038],[-106.8143557,39.1856108],[-106.8144095,39.1856223],[-106.8144075,39.185628],[-106.814451,39.1856372],[-106.8144458,39.1856519],[-106.8144511,39.1856583],[-106.8144763,39.1856457],[-106.8144984,39.185672],[-106.8144732,39.1856847],[-106.8144567,39.1857311],[-106.8144849,39.1857371],[-106.8144611,39.1858041],[-106.8144329,39.1857981],[-106.8144249,39.1858206],[-106.8143928,39.1858138]]]}},{"type":"Feature","id":"building-228888963","properties":{"kind":"building","name":"Alpine building","height":7.2},"geometry":{"type":"Polygon","coordinates":[[[-106.8151058,39.1856556],[-106.8150918,39.1856958],[-106.8149398,39.1856644],[-106.8150138,39.18545],[-106.8151658,39.1854814],[-106.8151528,39.1855185],[-106.8151648,39.1855209],[-106.8151498,39.1855625],[-106.8151388,39.1855601],[-106.8151198,39.1856152],[-106.8151308,39.1856176],[-106.8151178,39.1856579],[-106.8151058,39.1856556]]]}},{"type":"Feature","id":"building-228889225","properties":{"kind":"building","name":"Alpine building","height":7.2},"geometry":{"type":"Polygon","coordinates":[[[-106.8116819,39.1859829],[-106.8116219,39.1859704],[-106.8116349,39.1859335],[-106.8116949,39.185946],[-106.8116819,39.1859829]]]}},{"type":"Feature","id":"building-229347641","properties":{"kind":"building","name":"Alpine building","height":7.2},"geometry":{"type":"Polygon","coordinates":[[[-106.802681,39.1811044],[-106.8026732,39.1811785],[-106.8026058,39.1811997],[-106.8025758,39.1811513],[-106.8025222,39.1811462],[-106.8025237,39.1811526],[-106.8025082,39.1811624],[-106.8023572,39.1810473],[-106.8024089,39.1810055],[-106.8024731,39.1810532],[-106.8024785,39.181049],[-106.8024586,39.1810338],[-106.8024858,39.1810126],[-106.802454,39.1809715],[-106.8025342,39.1809318],[-106.802681,39.1811044]]]}},{"type":"Feature","id":"building-229340335","properties":{"kind":"building","name":"Alpine building","height":7.2},"geometry":{"type":"Polygon","coordinates":[[[-106.8045885,39.1835333],[-106.804478,39.1835326],[-106.804479,39.1834298],[-106.8045895,39.1834304],[-106.8045885,39.1835333]]]}},{"type":"Feature","id":"building-228968576","properties":{"kind":"building","name":"Alpine building","height":7.2},"geometry":{"type":"Polygon","coordinates":[[[-106.8178744,39.1847443],[-106.8178059,39.1847399],[-106.8178093,39.1847082],[-106.8177591,39.1847049],[-106.8177646,39.184653],[-106.8177835,39.1846542],[-106.8177875,39.1846175],[-106.8177271,39.1846136],[-106.817741,39.1844835],[-106.8178032,39.1844875],[-106.8178001,39.1845163],[-106.8178085,39.1845169],[-106.8178059,39.1845408],[-106.8178297,39.1845423],[-106.8178323,39.1845184],[-106.8179052,39.1845231],[-106.8178967,39.1846026],[-106.8178926,39.1846024],[-106.8178888,39.1846386],[-106.8178858,39.1846384],[-106.8178744,39.1847443]]]}},{"type":"Feature","id":"building-228889015","properties":{"kind":"building","name":"Alpine building","height":7.2},"geometry":{"type":"Polygon","coordinates":[[[-106.8136324,39.1859954],[-106.813628,39.1860081],[-106.8135415,39.1859897],[-106.8135472,39.1859736],[-106.8134967,39.1859628],[-106.8135012,39.1859503],[-106.8134717,39.185944],[-106.8135113,39.1858322],[-106.8135553,39.1858415],[-106.8135685,39.1858615],[-106.8135855,39.1858651],[-106.8136151,39.1858535],[-106.8136543,39.1858618],[-106.813672,39.1858835],[-106.8136422,39.1859679],[-106.8136324,39.1859954]]]}},{"type":"Feature","id":"building-229301871","properties":{"kind":"building","name":"Alpine building","height":7.2},"geometry":{"type":"Polygon","coordinates":[[[-106.8077361,39.1852921],[-106.8077187,39.1852992],[-106.807713,39.1852908],[-106.8077024,39.1852952],[-106.8077082,39.1853037],[-106.8076747,39.1853174],[-106.8076779,39.1853222],[-106.8076302,39.1853417],[-106.8075713,39.1852553],[-106.8076525,39.185222],[-106.8076732,39.1852523],[-106.8077169,39.1852344],[-106.8077461,39.1852773],[-106.8077304,39.1852837],[-106.8077361,39.1852921]]]}},{"type":"Feature","id":"building-229340356","properties":{"kind":"building","name":"Alpine building","height":7.2},"geometry":{"type":"Polygon","coordinates":[[[-106.8033093,39.1823009],[-106.8032017,39.1823416],[-106.803126,39.1822215],[-106.8032336,39.1821807],[-106.8033093,39.1823009]]]}},{"type":"Feature","id":"building-229301998","properties":{"kind":"building","name":"Alpine building","height":7.2},"geometry":{"type":"Polygon","coordinates":[[[-106.8084321,39.1855273],[-106.8084223,39.185527],[-106.8084178,39.1856292],[-106.8083042,39.1856262],[-106.8083062,39.1855807],[-106.8083286,39.1855245],[-106.8083335,39.1854139],[-106.808437,39.1854166],[-106.8084321,39.1855273]]]}},{"type":"Feature","id":"building-228889190","properties":{"kind":"building","name":"Alpine building","height":7.2},"geometry":{"type":"Polygon","coordinates":[[[-106.8116499,39.1860597],[-106.8115849,39.1860463],[-106.8115979,39.186009],[-106.8116629,39.1860224],[-106.8116499,39.1860597]]]}},{"type":"Feature","id":"building-229340300","properties":{"kind":"building","name":"Alpine building","height":7.2},"geometry":{"type":"Polygon","coordinates":[[[-106.8050466,39.1838817],[-106.8051162,39.1838759],[-106.805127,39.1839548],[-106.8050565,39.1839607],[-106.8050589,39.1839785],[-106.8050822,39.1839766],[-106.8050899,39.1840325],[-106.8050287,39.1840376],[-106.8050294,39.1840422],[-106.8049555,39.1840484],[-106.8049459,39.1839784],[-106.8049317,39.1839795],[-106.8049245,39.1839268],[-106.8048987,39.183929],[-106.804894,39.1838943],[-106.8049933,39.1838861],[-106.8049893,39.1838571],[-106.8050427,39.1838527],[-106.8050466,39.1838817]]]}},{"type":"Feature","id":"building-229347633","properties":{"kind":"building","name":"Alpine building","height":7.2},"geometry":{"type":"Polygon","coordinates":[[[-106.8018349,39.1771998],[-106.8018466,39.1772127],[-106.8018279,39.1772229],[-106.8018438,39.1772404],[-106.8017684,39.1772816],[-106.8017787,39.1772929],[-106.8016708,39.1773518],[-106.8016608,39.1773408],[-106.8016297,39.1773577],[-106.8016026,39.1773279],[-106.8015727,39.1773442],[-106.8015794,39.1773516],[-106.8015306,39.1773783],[-106.8014994,39.177344],[-106.8014915,39.1773483],[-106.8013964,39.1772437],[-106.801525,39.1771734],[-106.8015037,39.17715],[-106.8014795,39.1771234],[-106.8015664,39.1770759],[-106.8015882,39.1770999],[-106.8016115,39.1771255],[-106.8017377,39.1770566],[-106.8018569,39.1771878],[-106.8018349,39.1771998]]]}},{"type":"Feature","id":"building-228889023","properties":{"kind":"building","name":"Alpine building","height":7.2},"geometry":{"type":"Polygon","coordinates":[[[-106.8136793,39.1859758],[-106.8137092,39.1858914],[-106.8137344,39.185878],[-106.813771,39.1858858],[-106.8137862,39.1859078],[-106.8137956,39.1859098],[-106.8138219,39.1858966],[-106.813854,39.1859034],[-106.8138727,39.1859262],[-106.8138404,39.1860175],[-106.8138135,39.1860118],[-106.8138078,39.1860278],[-106.8137578,39.1860172],[-106.8137517,39.1860344],[-106.8136651,39.186016],[-106.8136696,39.1860033],[-106.8136793,39.1859758]]]}},{"type":"Feature","id":"building-229347661","properties":{"kind":"building","name":"Alpine building","height":7.2},"geometry":{"type":"Polygon","coordinates":[[[-106.8015857,39.1778762],[-106.8015657,39.1778538],[-106.8015847,39.1778432],[-106.8016047,39.1778657],[-106.8015857,39.1778762]]]}},{"type":"Feature","id":"building-228968587","properties":{"kind":"building","name":"Alpine building","height":7.2},"geometry":{"type":"Polygon","coordinates":[[[-106.8169725,39.1852152],[-106.8170095,39.1852557],[-106.8167575,39.1853955],[-106.8166785,39.1853097],[-106.8166825,39.1852474],[-106.8168295,39.1852529],[-106.8168305,39.1852245],[-106.8167975,39.1851885],[-106.8167275,39.1851859],[-106.8167315,39.1851252],[-106.8166645,39.1851227],[-106.8166685,39.1850614],[-106.8166395,39.1850603],[-106.8166435,39.1849942],[-106.8166505,39.1849904],[-106.8166455,39.1849856],[-106.8167105,39.1849496],[-106.8168945,39.185149],[-106.8169325,39.1851504],[-106.8169315,39.1851653],[-106.8169785,39.185167],[-106.8169775,39.1851738],[-106.8170075,39.1851749],[-106.8170055,39.1852101],[-106.8169905,39.1852095],[-106.8169905,39.1852158],[-106.8169725,39.1852152]]]}},{"type":"Feature","id":"building-228889131","properties":{"kind":"building","name":"Alpine building","height":7.2},"geometry":{"type":"Polygon","coordinates":[[[-106.8136422,39.1859679],[-106.8136793,39.1859758],[-106.8136696,39.1860033],[-106.8136324,39.1859954],[-106.8136422,39.1859679]]]}},{"type":"Feature","id":"building-228968598","properties":{"kind":"building","name":"Alpine building","height":7.2},"geometry":{"type":"Polygon","coordinates":[[[-106.8176074,39.1850628],[-106.8172361,39.1847872],[-106.8172697,39.1847461],[-106.8173202,39.1847192],[-106.8176914,39.1849948],[-106.8176648,39.1850361],[-106.8176074,39.1850628]]]}},{"type":"Feature","id":"building-228889224","properties":{"kind":"building","name":"Alpine building","height":7.2},"geometry":{"type":"Polygon","coordinates":[[[-106.8122479,39.1862421],[-106.8123639,39.1859046],[-106.8125259,39.1859382],[-106.8124099,39.1862756],[-106.8122479,39.1862421]]]}},{"type":"Feature","id":"building-229340332","properties":{"kind":"building","name":"Alpine building","height":7.2},"geometry":{"type":"Polygon","coordinates":[[[-106.8042379,39.1833692],[-106.8042233,39.183409],[-106.8041562,39.1833942],[-106.8041708,39.1833544],[-106.8042379,39.1833692]]]}},{"type":"Feature","id":"building-229301976","properties":{"kind":"building","name":"Alpine building","height":7.2},"geometry":{"type":"Polygon","coordinates":[[[-106.8085915,39.1856799],[-106.8085853,39.1856773],[-106.8085601,39.1857137],[-106.8084737,39.1856778],[-106.8084989,39.1856414],[-106.808492,39.1856385],[-106.8085601,39.1855401],[-106.8086596,39.1855815],[-106.8085915,39.1856799]]]}},{"type":"Feature","id":"building-228889157","properties":{"kind":"building","name":"Alpine building","height":7.2},"geometry":{"type":"Polygon","coordinates":[[[-106.8114729,39.1861655],[-106.8113589,39.1861418],[-106.8113929,39.1860421],[-106.8115079,39.1860658],[-106.8114729,39.1861655]]]}},{"type":"Feature","id":"building-228889010","properties":{"kind":"building","name":"Alpine building","height":7.2},"geometry":{"type":"Polygon","coordinates":[[[-106.8148895,39.1858653],[-106.8148825,39.1858638],[-106.8148715,39.1858963],[-106.8147555,39.1858724],[-106.8147715,39.1858245],[-106.8147525,39.1858205],[-106.8147765,39.1857507],[-106.8148425,39.1857643],[-106.8148515,39.1857372],[-106.8149285,39.185753],[-106.8149095,39.1858062],[-106.8149025,39.1858047],[-106.8148925,39.1858348],[-106.8148995,39.1858364],[-106.8148895,39.1858653]]]}},{"type":"Feature","id":"building-229347653","properties":{"kind":"building","name":"Alpine building","height":7.2},"geometry":{"type":"Polygon","coordinates":[[[-106.8015397,39.1779539],[-106.8014777,39.1779334],[-106.8014977,39.177897],[-106.8015597,39.1779175],[-106.8015397,39.1779539]]]}},{"type":"Feature","id":"building-228968607","properties":{"kind":"building","name":"Alpine building","height":7.2},"geometry":{"type":"Polygon","coordinates":[[[-106.8171793,39.1850607],[-106.8173673,39.185117],[-106.8173093,39.1852328],[-106.8171073,39.1851723],[-106.8171203,39.1851463],[-106.8168923,39.1850249],[-106.8169623,39.1849455],[-106.8171793,39.1850607]]]}},{"type":"Feature","id":"building-228889021","properties":{"kind":"building","name":"Alpine building","height":7.2},"geometry":{"type":"Polygon","coordinates":[[[-106.8138851,39.1860139],[-106.8138775,39.1860122],[-106.8138957,39.1859607],[-106.8139033,39.1859623],[-106.813928,39.1858924],[-106.8140147,39.1859109],[-106.814007,39.1859327],[-106.8140874,39.1859497],[-106.814064,39.1860159],[-106.8140744,39.1860181],[-106.8140559,39.1860704],[-106.8140455,39.1860682],[-106.8140308,39.1861098],[-106.8139222,39.1860867],[-106.8139297,39.1860654],[-106.8138713,39.1860529],[-106.8138851,39.1860139]]]}},{"type":"Feature","id":"building-229331041","properties":{"kind":"building","name":"Alpine building","height":7.2},"geometry":{"type":"Polygon","coordinates":[[[-106.8104624,39.1861212],[-106.8104432,39.1861332],[-106.8103885,39.1860805],[-106.8105638,39.1859713],[-106.8106185,39.186024],[-106.8105969,39.1860375],[-106.8106143,39.1860543],[-106.8105845,39.1860728],[-106.8105727,39.1860613],[-106.8104992,39.1861071],[-106.8105111,39.1861185],[-106.8104798,39.186138],[-106.8104624,39.1861212]]]}},{"type":"Feature","id":"building-229331059","properties":{"kind":"building","name":"Alpine building","height":7.2},"geometry":{"type":"Polygon","coordinates":[[[-106.810823,39.1859787],[-106.8108238,39.1860215],[-106.8108292,39.1860215],[-106.8108304,39.1860907],[-106.8107926,39.1860911],[-106.8107929,39.1861071],[-106.8108019,39.186107],[-106.8108026,39.1861493],[-106.8107856,39.1861495],[-106.8107857,39.1861568],[-106.8107941,39.1861567],[-106.8107949,39.1861975],[-106.8107864,39.1861976],[-106.8107876,39.186267],[-106.8106953,39.186268],[-106.810694,39.1861911],[-106.8106852,39.1861912],[-106.8106847,39.1861645],[-106.8106935,39.1861644],[-106.8106924,39.1861031],[-106.8107008,39.186103],[-106.8107,39.1860544],[-106.8107265,39.1860541],[-106.8107261,39.1860327],[-106.8107179,39.1860328],[-106.8107174,39.1860026],[-106.8107575,39.1860022],[-106.8107571,39.1859794],[-106.810823,39.1859787]]]}},{"type":"Feature","id":"building-229347628","properties":{"kind":"building","name":"Alpine building","height":7.2},"geometry":{"type":"Polygon","coordinates":[[[-106.8017038,39.1782884],[-106.8015908,39.17843],[-106.8014008,39.1783386],[-106.8013628,39.178386],[-106.8012818,39.1783472],[-106.8013238,39.1782949],[-106.8013108,39.1782889],[-106.8013768,39.1782069],[-106.8013888,39.1782129],[-106.8014198,39.1781743],[-106.8015188,39.1782216],[-106.8014908,39.1782563],[-106.8015598,39.1782892],[-106.8015448,39.178308],[-106.8015608,39.1783157],[-106.8016168,39.1782462],[-106.8017038,39.1782884]]]}},{"type":"Feature","id":"building-229301863","properties":{"kind":"building","name":"Alpine building","height":7.2},"geometry":{"type":"Polygon","coordinates":[[[-106.8067159,39.1852024],[-106.8066032,39.1851767],[-106.8066269,39.1851145],[-106.8065915,39.1851065],[-106.8066083,39.1850624],[-106.806643,39.1850553],[-106.8066304,39.1850186],[-106.8066924,39.1850058],[-106.8066961,39.1850165],[-106.8067405,39.1850074],[-106.8067502,39.1850358],[-106.8067779,39.1850302],[-106.806797,39.1850862],[-106.806757,39.1850944],[-106.8067159,39.1852024]]]}},{"type":"Feature","id":"building-228888944","properties":{"kind":"building","name":"Alpine building","height":7.2},"geometry":{"type":"Polygon","coordinates":[[[-106.8150576,39.1859535],[-106.8149326,39.1858805],[-106.8149716,39.1858402],[-106.8149516,39.185828],[-106.8149956,39.1857825],[-106.8150376,39.185807],[-106.8150496,39.1857943],[-106.8151176,39.1858339],[-106.8151046,39.1858466],[-106.8151406,39.1858676],[-106.8150576,39.1859535]]]}},{"type":"Feature","id":"building-229347647","properties":{"kind":"building","name":"Alpine building","height":7.2},"geometry":{"type":"Polygon","coordinates":[[[-106.8017486,39.1758258],[-106.8017176,39.1758198],[-106.8017116,39.1758385],[-106.8016766,39.1758316],[-106.8016576,39.1758898],[-106.8015276,39.1758643],[-106.8015546,39.1757832],[-106.8016026,39.1757926],[-106.8016526,39.1756401],[-106.8016746,39.1756287],[-106.8017246,39.1756384],[-106.8017376,39.1756568],[-106.8018756,39.1756838],[-106.8018696,39.1757021],[-106.8019806,39.175724],[-106.8019646,39.1757735],[-106.8020066,39.1757818],[-106.8019956,39.1758171],[-106.8020146,39.1758209],[-106.8019956,39.1758797],[-106.8019576,39.1758722],[-106.8019486,39.175899],[-106.8019186,39.1758932],[-106.8019166,39.1758981],[-106.8018826,39.1758914],[-106.8018806,39.1758998],[-106.8018476,39.1758933],[-106.8018626,39.175848],[-106.8018186,39.1758395],[-106.8018146,39.1758542],[-106.8017446,39.1758405],[-106.8017486,39.1758258]]]}},{"type":"Feature","id":"building-228888942","properties":{"kind":"building","name":"Alpine building","height":7.2},"geometry":{"type":"Polygon","coordinates":[[[-106.8126955,39.1863144],[-106.8125345,39.1862811],[-106.8125555,39.1862197],[-106.8125805,39.1862247],[-106.8126005,39.1861645],[-106.8125725,39.1861586],[-106.8125665,39.1861776],[-106.8124875,39.1861614],[-106.8125265,39.1860483],[-106.8127695,39.1860987],[-106.8126955,39.1863144]]]}},{"type":"Feature","id":"building-229301899","properties":{"kind":"building","name":"Alpine building","height":7.2},"geometry":{"type":"Polygon","coordinates":[[[-106.8090139,39.1859869],[-106.8089923,39.185966],[-106.8089782,39.1859747],[-106.808921,39.1859195],[-106.808935,39.1859108],[-106.8088621,39.1858405],[-106.8088544,39.1858453],[-106.8087803,39.1857738],[-106.8088558,39.1857268],[-106.8088668,39.1857374],[-106.8089135,39.1857083],[-106.8089845,39.1857767],[-106.8089378,39.1858058],[-106.8089611,39.1858284],[-106.8090326,39.1857839],[-106.8090938,39.1858429],[-106.8090728,39.185856],[-106.809122,39.1859035],[-106.8090493,39.1859488],[-106.8090594,39.1859585],[-106.8090139,39.1859869]]]}},{"type":"Feature","id":"building-228888964","properties":{"kind":"building","name":"Alpine building","height":7.2},"geometry":{"type":"Polygon","coordinates":[[[-106.8119725,39.1863521],[-106.8119335,39.1863441],[-106.8118775,39.1865062],[-106.8117165,39.1864727],[-106.8117805,39.1862883],[-106.8118195,39.1862964],[-106.8118595,39.1861811],[-106.8118785,39.186185],[-106.8120305,39.1857424],[-106.8121885,39.1857751],[-106.8120285,39.1862384],[-106.8120125,39.1862351],[-106.8119725,39.1863521]]]}},{"type":"Feature","id":"building-229340351","properties":{"kind":"building","name":"Alpine building","height":7.2},"geometry":{"type":"Polygon","coordinates":[[[-106.8041014,39.1834723],[-106.8039914,39.1834717],[-106.8039924,39.1834065],[-106.8041024,39.1834072],[-106.8041014,39.1834723]]]}},{"type":"Feature","id":"building-229347629","properties":{"kind":"building","name":"Alpine building","height":7.2},"geometry":{"type":"Polygon","coordinates":[[[-106.8017678,39.1803495],[-106.8017455,39.1804036],[-106.8016707,39.180385],[-106.8016727,39.1803801],[-106.8016166,39.1803661],[-106.8016379,39.180315],[-106.8014851,39.1802768],[-106.8015231,39.1801857],[-106.8017208,39.1802352],[-106.801752,39.1801602],[-106.8017954,39.180171],[-106.8018062,39.180145],[-106.8018996,39.1801683],[-106.8018971,39.1801742],[-106.8019589,39.1801895],[-106.8019522,39.1802057],[-106.8019456,39.1802041],[-106.8018896,39.1803414],[-106.8019077,39.1803459],[-106.801903,39.1803574],[-106.8019367,39.1803656],[-106.8019239,39.180397],[-106.8019346,39.1803997],[-106.801927,39.1804183],[-106.8019422,39.180422],[-106.8018851,39.1805622],[-106.80178,39.1805365],[-106.8018357,39.1803997],[-106.8018418,39.1804012],[-106.8018542,39.1803709],[-106.8017678,39.1803495]]]}},{"type":"Feature","id":"building-229331077","properties":{"kind":"building","name":"Alpine building","height":7.2},"geometry":{"type":"Polygon","coordinates":[[[-106.8104236,39.1861596],[-106.8103441,39.1862091],[-106.810287,39.186154],[-106.8103585,39.1861094],[-106.8103757,39.1861261],[-106.8103836,39.1861211],[-106.8104236,39.1861596]]]}},{"type":"Feature","id":"building-229347660","properties":{"kind":"building","name":"Alpine building","height":7.2},"geometry":{"type":"Polygon","coordinates":[[[-106.8014604,39.177868],[-106.8012574,39.1778495],[-106.8012694,39.1777734],[-106.8014724,39.1777919],[-106.8014604,39.177868]]]}},{"type":"Feature","id":"building-229340359","properties":{"kind":"building","name":"Alpine building","height":7.2},"geometry":{"type":"Polygon","coordinates":[[[-106.8029762,39.182256],[-106.8028019,39.1823076],[-106.8027443,39.1821908],[-106.8029186,39.1821392],[-106.8029762,39.182256]]]}},{"type":"Feature","id":"building-228888983","properties":{"kind":"building","name":"Alpine building","height":7.2},"geometry":{"type":"Polygon","coordinates":[[[-106.8141716,39.1861476],[-106.8141405,39.1861353],[-106.8141468,39.1861258],[-106.8140969,39.1861061],[-106.8142047,39.1859419],[-106.8142751,39.1859697],[-106.8142902,39.1859467],[-106.8143723,39.1859791],[-106.8142623,39.1861466],[-106.8142117,39.1861266],[-106.8142052,39.1861365],[-106.8141843,39.1861283],[-106.8141716,39.1861476]]]}},{"type":"Feature","id":"building-229301969","properties":{"kind":"building","name":"Alpine building","height":7.2},"geometry":{"type":"Polygon","coordinates":[[[-106.8086688,39.1859201],[-106.808616,39.1858622],[-106.8087426,39.1857928],[-106.8087859,39.1858403],[-106.8087657,39.1858514],[-106.8087731,39.1858595],[-106.8087604,39.1858664],[-106.8087626,39.1858687],[-106.8086688,39.1859201]]]}},{"type":"Feature","id":"building-228889268","properties":{"kind":"building","name":"Alpine building","height":7.2},"geometry":{"type":"Polygon","coordinates":[[[-106.8128281,39.1862913],[-106.8128181,39.1862892],[-106.8128111,39.1863082],[-106.8127511,39.1862957],[-106.8127571,39.1862766],[-106.8127411,39.1862732],[-106.8127981,39.1861083],[-106.8128851,39.1861264],[-106.8128281,39.1862913]]]}},{"type":"Feature","id":"building-229301847","properties":{"kind":"building","name":"Alpine building","height":7.2},"geometry":{"type":"Polygon","coordinates":[[[-106.8082076,39.1856486],[-106.8082373,39.1856443],[-106.8082623,39.1856576],[-106.8082678,39.1856806],[-106.8082507,39.1857],[-106.8081548,39.1857483],[-106.8081707,39.1857672],[-106.8081761,39.1857897],[-106.8081593,39.1858086],[-106.8081303,39.1858128],[-106.8081059,39.1857998],[-106.808047,39.1857296],[-106.8082076,39.1856486]]]}},{"type":"Feature","id":"building-229301992","properties":{"kind":"building","name":"Alpine building","height":7.2},"geometry":{"type":"Polygon","coordinates":[[[-106.8070127,39.1853707],[-106.8070117,39.1854199],[-106.8069396,39.185419],[-106.8069432,39.1852297],[-106.8070154,39.1852306],[-106.807014,39.1853024],[-106.8071047,39.1853034],[-106.8071034,39.1853717],[-106.8070127,39.1853707]]]}},{"type":"Feature","id":"building-228889272","properties":{"kind":"building","name":"Alpine building","height":7.2},"geometry":{"type":"Polygon","coordinates":[[[-106.8130093,39.1863975],[-106.8128223,39.1863587],[-106.8129053,39.1861191],[-106.8129923,39.1861372],[-106.8129693,39.1862038],[-106.8129853,39.186207],[-106.8129503,39.1863061],[-106.8130353,39.1863236],[-106.8130093,39.1863975]]]}},{"type":"Feature","id":"building-229340338","properties":{"kind":"building","name":"Alpine building","height":7.2},"geometry":{"type":"Polygon","coordinates":[[[-106.8046961,39.1841108],[-106.8045556,39.1841099],[-106.8045574,39.1839319],[-106.8046978,39.1839327],[-106.8046961,39.1841108]]]}},{"type":"Feature","id":"building-229347651","properties":{"kind":"building","name":"Alpine building","height":7.2},"geometry":{"type":"Polygon","coordinates":[[[-106.8015905,39.176391],[-106.8016215,39.1764227],[-106.8017075,39.1764324],[-106.8016955,39.1764976],[-106.8016535,39.1764928],[-106.8016495,39.1765161],[-106.8016055,39.1765112],[-106.8015985,39.176544],[-106.8016085,39.1765492],[-106.8015055,39.1766632],[-106.8014205,39.1766173],[-106.8015015,39.176528],[-106.8015085,39.1764915],[-106.8014755,39.1764588],[-106.8014485,39.176475],[-106.8013855,39.176411],[-106.8014015,39.1764011],[-106.8013915,39.1763902],[-106.8013525,39.1763859],[-106.8013465,39.176417],[-106.8012885,39.1764105],[-106.8012905,39.176398],[-106.8012765,39.1763965],[-106.8012875,39.1763388],[-106.8013015,39.1763404],[-106.8013125,39.1762806],[-106.8013925,39.1762895],[-106.8014045,39.17622],[-106.8015185,39.1762327],[-106.8015055,39.1763053],[-106.8015265,39.1763269],[-106.8015675,39.1763028],[-106.8016305,39.1763669],[-106.8015905,39.176391]]]}},{"type":"Feature","id":"building-228888972","properties":{"kind":"building","name":"Alpine building","height":7.2},"geometry":{"type":"Polygon","coordinates":[[[-106.8152299,39.1859414],[-106.8152219,39.1859626],[-106.8152059,39.1859592],[-106.8151979,39.1859815],[-106.8151229,39.1859658],[-106.8151689,39.1858309],[-106.8152609,39.1858499],[-106.8152399,39.1859099],[-106.8153199,39.1859264],[-106.8152969,39.185994],[-106.8152429,39.1859828],[-106.8152549,39.1859466],[-106.8152299,39.1859414]]]}},{"type":"Feature","id":"building-228889282","properties":{"kind":"building","name":"Alpine building","height":7.2},"geometry":{"type":"Polygon","coordinates":[[[-106.8163958,39.1857063],[-106.8162298,39.1856708],[-106.8162598,39.1855872],[-106.8163078,39.1855974],[-106.8164728,39.1854918],[-106.8165158,39.1855316],[-106.8164938,39.1855457],[-106.8165558,39.1856046],[-106.8163958,39.1857063]]]}},{"type":"Feature","id":"building-229301943","properties":{"kind":"building","name":"Alpine building","height":7.2},"geometry":{"type":"Polygon","coordinates":[[[-106.8088427,39.1859567],[-106.8087728,39.185995],[-106.8087228,39.1859401],[-106.8087927,39.1859018],[-106.8088427,39.1859567]]]}},{"type":"Feature","id":"building-228889238","properties":{"kind":"building","name":"Alpine building","height":7.2},"geometry":{"type":"Polygon","coordinates":[[[-106.8131801,39.1863843],[-106.8130791,39.1863635],[-106.8131431,39.1861789],[-106.8132311,39.1861971],[-106.8131931,39.1863068],[-106.8132061,39.1863094],[-106.8131801,39.1863843]]]}},{"type":"Feature","id":"building-229340371","properties":{"kind":"building","name":"Alpine building","height":7.2},"geometry":{"type":"Polygon","coordinates":[[[-106.8034963,39.1830789],[-106.803321,39.1831127],[-106.80328,39.1829853],[-106.8034058,39.182961],[-106.8034201,39.1830056],[-106.8034697,39.182996],[-106.8034963,39.1830789]]]}},{"type":"Feature","id":"building-229340341","properties":{"kind":"building","name":"Alpine building","height":7.2},"geometry":{"type":"Polygon","coordinates":[[[-106.8039294,39.1834818],[-106.8037294,39.1834807],[-106.8037304,39.1834003],[-106.8039304,39.1834015],[-106.8039294,39.1834818]]]}},{"type":"Feature","id":"building-229301894","properties":{"kind":"building","name":"Alpine building","height":7.2},"geometry":{"type":"Polygon","coordinates":[[[-106.8077598,39.1857301],[-106.8077084,39.1857329],[-106.807668,39.1857056],[-106.8076643,39.1856642],[-106.8076776,39.1856524],[-106.8076534,39.1856336],[-106.8076714,39.1856196],[-106.8076194,39.1855793],[-106.8076679,39.1855417],[-106.8077462,39.1856024],[-106.8077318,39.1856136],[-106.8077529,39.18563],[-106.8077933,39.1856573],[-106.8077968,39.1856967],[-106.8078125,39.185692],[-106.8078282,39.1857235],[-106.8078381,39.1857205],[-106.8078713,39.1857873],[-106.807799,39.1858089],[-106.8077598,39.1857301]]]}},{"type":"Feature","id":"building-229347613","properties":{"kind":"building","name":"Alpine building","height":7.2},"geometry":{"type":"Polygon","coordinates":[[[-106.8023838,39.1816158],[-106.802503,39.1817044],[-106.8023995,39.1817882],[-106.8023226,39.1817311],[-106.8022744,39.1817701],[-106.8022096,39.181722],[-106.8022579,39.181683],[-106.8022217,39.1816561],[-106.8023029,39.1815904],[-106.8023761,39.1815807],[-106.8023838,39.1816158]]]}},{"type":"Feature","id":"building-228889043","properties":{"kind":"building","name":"Alpine building","height":7.2},"geometry":{"type":"Polygon","coordinates":[[[-106.8155208,39.186025],[-106.8154478,39.1859703],[-106.8154088,39.1860018],[-106.8153588,39.1859646],[-106.8153988,39.1859331],[-106.8153818,39.1859204],[-106.8154658,39.185854],[-106.8154628,39.1858309],[-106.8154788,39.1858178],[-106.8155088,39.1858196],[-106.8155398,39.1858429],[-106.8155598,39.1858269],[-106.8156268,39.1858305],[-106.8156308,39.1858807],[-106.8155898,39.1859136],[-106.8156258,39.1859412],[-106.8156218,39.1859796],[-106.8155758,39.1859808],[-106.8155208,39.186025]]]}},{"type":"Feature","id":"building-229301939","properties":{"kind":"building","name":"Alpine building","height":7.2},"geometry":{"type":"Polygon","coordinates":[[[-106.8088969,39.1860161],[-106.808827,39.1860544],[-106.8087766,39.1859991],[-106.8088465,39.1859608],[-106.8088969,39.1860161]]]}},{"type":"Feature","id":"building-1066240243","properties":{"kind":"building","name":"Alpine building","height":7.2},"geometry":{"type":"Polygon","coordinates":[[[-106.8014488,39.1760229],[-106.8013462,39.1761792],[-106.8014107,39.1762047],[-106.8014182,39.1761932],[-106.8014468,39.1762045],[-106.8014649,39.176177],[-106.8014787,39.1761825],[-106.8015326,39.1761004],[-106.8015169,39.1760941],[-106.80154,39.1760589],[-106.8014488,39.1760229]]]}},{"type":"Feature","id":"building-229301915","properties":{"kind":"building","name":"Alpine building","height":7.2},"geometry":{"type":"Polygon","coordinates":[[[-106.8089825,39.1860924],[-106.8089341,39.1860457],[-106.8090015,39.1860037],[-106.8090499,39.1860504],[-106.8089825,39.1860924]]]}},{"type":"Feature","id":"building-228889233","properties":{"kind":"building","name":"Alpine building","height":7.2},"geometry":{"type":"Polygon","coordinates":[[[-106.8147006,39.1862281],[-106.8145986,39.1862071],[-106.8146746,39.1859878],[-106.8148056,39.1860149],[-106.8147566,39.186157],[-106.8147276,39.1861509],[-106.8147006,39.1862281]]]}},{"type":"Feature","id":"building-229340256","properties":{"kind":"building","name":"Alpine building","height":7.2},"geometry":{"type":"Polygon","coordinates":[[[-106.8026716,39.1821851],[-106.8026787,39.1821869],[-106.8026399,39.1822813],[-106.8025584,39.1822612],[-106.8025862,39.1821936],[-106.8025784,39.1821917],[-106.8025878,39.1821686],[-106.8025151,39.1821507],[-106.8025496,39.1820667],[-106.8027045,39.1821049],[-106.8026716,39.1821851]]]}},{"type":"Feature","id":"building-1136596958","properties":{"kind":"building","name":"Alpine building","height":7.2},"geometry":{"type":"Polygon","coordinates":[[[-106.8021805,39.181536],[-106.8021427,39.1815288],[-106.8021412,39.1815336],[-106.8020773,39.1815215],[-106.8021059,39.181431],[-106.8020542,39.1814212],[-106.8020487,39.1814384],[-106.8019846,39.1814262],[-106.8019885,39.1814138],[-106.8019722,39.1814106],[-106.8019802,39.1813854],[-106.8019976,39.1813887],[-106.8020147,39.1813348],[-106.8021283,39.1813564],[-106.8021326,39.181343],[-106.8021827,39.1813526],[-106.8021788,39.1813651],[-106.8022391,39.1813766],[-106.8022157,39.1814505],[-106.8022081,39.181449],[-106.8021805,39.181536]]]}},{"type":"Feature","id":"building-229340380","properties":{"kind":"building","name":"Alpine building","height":7.2},"geometry":{"type":"Polygon","coordinates":[[[-106.8041885,39.1839493],[-106.8041887,39.1839238],[-106.8041672,39.1839237],[-106.804168,39.183835],[-106.8043351,39.1838359],[-106.8043342,39.1839247],[-106.804284,39.1839244],[-106.8042837,39.1839498],[-106.8041885,39.1839493]]]}},{"type":"Feature","id":"building-229301954","properties":{"kind":"building","name":"Alpine building","height":7.2},"geometry":{"type":"Polygon","coordinates":[[[-106.8073661,39.185623],[-106.8073341,39.1856521],[-106.8072875,39.1856651],[-106.8071842,39.1855493],[-106.8072627,39.1855071],[-106.8073661,39.185623]]]}},{"type":"Feature","id":"building-229301922","properties":{"kind":"building","name":"Alpine building","height":7.2},"geometry":{"type":"Polygon","coordinates":[[[-106.808865,39.1860986],[-106.8089328,39.1860563],[-106.8089855,39.1861072],[-106.8089177,39.1861495],[-106.808865,39.1860986]]]}},{"type":"Feature","id":"building-228889104","properties":{"kind":"building","name":"Alpine building","height":7.2},"geometry":{"type":"Polygon","coordinates":[[[-106.8132211,39.1864142],[-106.8132061,39.186411],[-106.8132281,39.1863484],[-106.8132431,39.1863516],[-106.8132451,39.1863445],[-106.8132861,39.186353],[-106.8132841,39.1863601],[-106.8133561,39.1863751],[-106.8134061,39.1862303],[-106.8135491,39.1862599],[-106.8135331,39.1863075],[-106.8135251,39.186306],[-106.8135101,39.1863492],[-106.8136241,39.1863728],[-106.8136261,39.1863666],[-106.8136791,39.1863776],[-106.8136411,39.1864869],[-106.8136641,39.1864917],[-106.8136501,39.1865341],[-106.8132811,39.1864577],[-106.8132911,39.1864286],[-106.8132621,39.1864226],[-106.8132521,39.1864522],[-106.8132111,39.1864437],[-106.8132211,39.1864142]]]}},{"type":"Feature","id":"building-229301848","properties":{"kind":"building","name":"Alpine building","height":7.2},"geometry":{"type":"Polygon","coordinates":[[[-106.8086436,39.1860362],[-106.8085345,39.186096],[-106.808507,39.1860658],[-106.8085195,39.1860589],[-106.8085079,39.1860461],[-106.8085178,39.1860407],[-106.8085051,39.1860267],[-106.8085198,39.1860187],[-106.8085035,39.1860008],[-106.8085192,39.1859922],[-106.8084951,39.1859657],[-106.8085512,39.185935],[-106.8086436,39.1860362]]]}},{"type":"Feature","id":"building-229301966","properties":{"kind":"building","name":"Alpine building","height":7.2},"geometry":{"type":"Polygon","coordinates":[[[-106.8066646,39.1854602],[-106.8066104,39.1854833],[-106.8065516,39.1854002],[-106.8067212,39.1853281],[-106.80678,39.1854111],[-106.8067427,39.185427],[-106.8067511,39.1854388],[-106.806673,39.185472],[-106.8066646,39.1854602]]]}},{"type":"Feature","id":"building-228889167","properties":{"kind":"building","name":"Alpine building","height":7.2},"geometry":{"type":"Polygon","coordinates":[[[-106.8137211,39.1864301],[-106.8137641,39.1863052],[-106.8139061,39.1863344],[-106.8138631,39.1864593],[-106.8137211,39.1864301]]]}},{"type":"Feature","id":"building-228889185","properties":{"kind":"building","name":"Alpine building","height":7.2},"geometry":{"type":"Polygon","coordinates":[[[-106.8150836,39.1863114],[-106.8147466,39.1862417],[-106.8147806,39.1861415],[-106.8151186,39.1862111],[-106.8150836,39.1863114]]]}},{"type":"Feature","id":"building-229340334","properties":{"kind":"building","name":"Alpine building","height":7.2},"geometry":{"type":"Polygon","coordinates":[[[-106.8032702,39.1834734],[-106.8032704,39.1833789],[-106.8035081,39.1833792],[-106.8035081,39.1833711],[-106.8036263,39.1833713],[-106.8036261,39.1834429],[-106.8035538,39.1834428],[-106.8035537,39.1834738],[-106.8032702,39.1834734]]]}},{"type":"Feature","id":"building-228889164","properties":{"kind":"building","name":"Alpine building","height":7.2},"geometry":{"type":"Polygon","coordinates":[[[-106.812374,39.186603],[-106.8121787,39.1865627],[-106.8122119,39.1864658],[-106.8124072,39.1865061],[-106.812374,39.186603]]]}},{"type":"Feature","id":"building-228889245","properties":{"kind":"building","name":"Alpine building","height":7.2},"geometry":{"type":"Polygon","coordinates":[[[-106.8129369,39.1865845],[-106.8128614,39.186569],[-106.8128947,39.186472],[-106.8129448,39.1864823],[-106.8129387,39.1865001],[-106.812964,39.1865053],[-106.8129369,39.1865845]]]}},{"type":"Feature","id":"building-229302000","properties":{"kind":"building","name":"Alpine building","height":7.2},"geometry":{"type":"Polygon","coordinates":[[[-106.8086872,39.1861768],[-106.8085536,39.18626],[-106.8084663,39.1861758],[-106.8086437,39.1860653],[-106.8086778,39.1860982],[-106.8086727,39.1861014],[-106.808695,39.186123],[-106.8086564,39.1861471],[-106.8086872,39.1861768]]]}},{"type":"Feature","id":"building-228889265","properties":{"kind":"building","name":"Alpine building","height":7.2},"geometry":{"type":"Polygon","coordinates":[[[-106.8160874,39.186038],[-106.8159824,39.1860163],[-106.8159934,39.1859828],[-106.8159754,39.1859791],[-106.8159854,39.1859509],[-106.8159734,39.1859484],[-106.8159884,39.1859057],[-106.8161234,39.1859335],[-106.8160874,39.186038]]]}},{"type":"Feature","id":"building-228889082","properties":{"kind":"building","name":"Alpine building","height":7.2},"geometry":{"type":"Polygon","coordinates":[[[-106.816883,39.1858945],[-106.816917,39.1859016],[-106.816872,39.186027],[-106.816084,39.1858592],[-106.816128,39.1857338],[-106.816173,39.1857434],[-106.816175,39.1857369],[-106.816249,39.1857358],[-106.816312,39.1857661],[-106.81631,39.1857725],[-106.816364,39.185784],[-106.816366,39.1857773],[-106.81644,39.1857762],[-106.816503,39.1858064],[-106.816501,39.1858132],[-106.816551,39.1858238],[-106.816553,39.1858171],[-106.816627,39.1858161],[-106.81669,39.1858463],[-106.816688,39.185853],[-106.816746,39.1858653],[-106.816748,39.1858597],[-106.816822,39.1858586],[-106.816885,39.1858888],[-106.816883,39.1858945]]]}},{"type":"Feature","id":"building-228889204","properties":{"kind":"building","name":"Alpine building","height":7.2},"geometry":{"type":"Polygon","coordinates":[[[-106.812796,39.1867047],[-106.8124877,39.1866411],[-106.812567,39.18641],[-106.8128753,39.1864736],[-106.812796,39.1867047]]]}},{"type":"Feature","id":"building-228888953","properties":{"kind":"building","name":"Alpine building","height":7.2},"geometry":{"type":"Polygon","coordinates":[[[-106.8139354,39.1864004],[-106.8140454,39.186423],[-106.8140374,39.1864472],[-106.8140294,39.1864457],[-106.8139984,39.1865372],[-106.8138704,39.1865108],[-106.8138964,39.1864349],[-106.8138894,39.1864335],[-106.8139054,39.1863868],[-106.8139384,39.1863936],[-106.8139354,39.1864004]]]}},{"type":"Feature","id":"building-229347610","properties":{"kind":"building","name":"Alpine building","height":7.2},"geometry":{"type":"Polygon","coordinates":[[[-106.8016296,39.181043],[-106.8017081,39.1809804],[-106.80179,39.1810422],[-106.8017115,39.1811048],[-106.8017721,39.1811505],[-106.8017152,39.1811959],[-106.8016918,39.1811783],[-106.8016639,39.1812005],[-106.8015286,39.1810985],[-106.8016135,39.1810309],[-106.8016296,39.181043]]]}},{"type":"Feature","id":"building-229301993","properties":{"kind":"building","name":"Alpine building","height":7.2},"geometry":{"type":"Polygon","coordinates":[[[-106.809345,39.1863541],[-106.8094407,39.186226],[-106.8095533,39.1862765],[-106.8094576,39.1864047],[-106.8094209,39.1863882],[-106.8094107,39.1864017],[-106.8093784,39.1863873],[-106.8093886,39.1863737],[-106.809345,39.1863541]]]}},{"type":"Feature","id":"building-228889209","properties":{"kind":"building","name":"Alpine building","height":7.2},"geometry":{"type":"Polygon","coordinates":[[[-106.8138509,39.1865231],[-106.8136969,39.1864913],[-106.8137139,39.1864418],[-106.8138679,39.1864737],[-106.8138509,39.1865231]]]}},{"type":"Feature","id":"building-228889261","properties":{"kind":"building","name":"Alpine building","height":7.2},"geometry":{"type":"Polygon","coordinates":[[[-106.8130571,39.1866164],[-106.8129672,39.1865979],[-106.8130005,39.1865007],[-106.8130905,39.1865193],[-106.8130816,39.1865451],[-106.8131133,39.1865516],[-106.813097,39.186599],[-106.8130654,39.1865924],[-106.8130571,39.1866164]]]}},{"type":"Feature","id":"building-228889240","properties":{"kind":"building","name":"Alpine building","height":7.2},"geometry":{"type":"Polygon","coordinates":[[[-106.8141835,39.1865456],[-106.8140455,39.1865172],[-106.8140845,39.186403],[-106.8141885,39.1864243],[-106.8141905,39.186416],[-106.8142255,39.1864231],[-106.8141835,39.1865456]]]}},{"type":"Feature","id":"building-229234225","properties":{"kind":"building","name":"Alpine building","height":7.2},"geometry":{"type":"Polygon","coordinates":[[[-106.8102667,39.1865127],[-106.8102857,39.1864593],[-106.8103457,39.1864722],[-106.8103487,39.1864628],[-106.8104387,39.1864819],[-106.8104337,39.1864959],[-106.8105197,39.1865142],[-106.8105167,39.1865246],[-106.8105257,39.1865266],[-106.8105227,39.1865355],[-106.8105357,39.1865382],[-106.8105327,39.1865467],[-106.8105457,39.1865493],[-106.8105357,39.1865768],[-106.8105237,39.1865741],[-106.8105177,39.1865888],[-106.8105047,39.186586],[-106.8105017,39.1865954],[-106.8104497,39.1865842],[-106.8104457,39.1865955],[-106.8102757,39.1865596],[-106.8102907,39.1865178],[-106.8102667,39.1865127]]]}},{"type":"Feature","id":"building-228889145","properties":{"kind":"building","name":"Alpine building","height":7.2},"geometry":{"type":"Polygon","coordinates":[[[-106.8131974,39.1866244],[-106.8131234,39.1866091],[-106.8131523,39.1865247],[-106.8132264,39.1865399],[-106.8131974,39.1866244]]]}},{"type":"Feature","id":"building-229301865","properties":{"kind":"building","name":"Alpine building","height":7.2},"geometry":{"type":"Polygon","coordinates":[[[-106.8079464,39.1860864],[-106.8079371,39.18607],[-106.8078866,39.1860871],[-106.8078795,39.1860746],[-106.8078054,39.1860997],[-106.8077526,39.1860058],[-106.8078455,39.1859744],[-106.8078396,39.1859639],[-106.8078876,39.1859477],[-106.8078961,39.1859627],[-106.8079723,39.1859369],[-106.8080011,39.185988],[-106.8079807,39.1859949],[-106.8080185,39.186062],[-106.8079464,39.1860864]]]}},{"type":"Feature","id":"building-229340377","properties":{"kind":"building","name":"Alpine building","height":7.2},"geometry":{"type":"Polygon","coordinates":[[[-106.8040115,39.1839425],[-106.803865,39.1839357],[-106.8038633,39.1839576],[-106.803766,39.1839531],[-106.8037738,39.1838509],[-106.8038746,39.1838556],[-106.8038758,39.18384],[-106.8040189,39.1838467],[-106.8040115,39.1839425]]]}},{"type":"Feature","id":"building-229340295","properties":{"kind":"building","name":"Alpine building","height":7.2},"geometry":{"type":"Polygon","coordinates":[[[-106.8031285,39.1831118],[-106.8030997,39.183115],[-106.8031131,39.1831857],[-106.8030366,39.1831944],[-106.8030232,39.1831237],[-106.8029175,39.1831357],[-106.8029116,39.1831043],[-106.802867,39.1831094],[-106.8028584,39.1830638],[-106.802903,39.1830587],[-106.8029009,39.1830476],[-106.8029101,39.183034],[-106.8029445,39.1830301],[-106.8029585,39.1830411],[-106.8030965,39.1830254],[-106.8031039,39.1830643],[-106.8031191,39.1830625],[-106.8031285,39.1831118]]]}},{"type":"Feature","id":"building-229301987","properties":{"kind":"building","name":"Alpine building","height":7.2},"geometry":{"type":"Polygon","coordinates":[[[-106.8087562,39.1862399],[-106.808742,39.1862487],[-106.8087712,39.1862769],[-106.8086117,39.1863763],[-106.8085303,39.1862978],[-106.8086898,39.1861984],[-106.8087211,39.1862286],[-106.8087354,39.1862197],[-106.8087562,39.1862399]]]}},{"type":"Feature","id":"building-228725982","properties":{"kind":"building","name":"Alpine building","height":7.2},"geometry":{"type":"Polygon","coordinates":[[[-106.8195455,39.1844028],[-106.8195053,39.1843767],[-106.819542,39.1843427],[-106.8195822,39.1843688],[-106.8195455,39.1844028]]]}},{"type":"Feature","id":"building-229347656","properties":{"kind":"building","name":"Alpine building","height":7.2},"geometry":{"type":"Polygon","coordinates":[[[-106.8019677,39.1819483],[-106.8018524,39.1818821],[-106.8020194,39.1817074],[-106.8021347,39.1817737],[-106.8019677,39.1819483]]]}},{"type":"Feature","id":"building-228889100","properties":{"kind":"building","name":"Alpine building","height":7.2},"geometry":{"type":"Polygon","coordinates":[[[-106.8154749,39.1863757],[-106.8154349,39.1863796],[-106.8154059,39.1863616],[-106.8153659,39.1863654],[-106.8153379,39.1863474],[-106.8152969,39.1863513],[-106.8152689,39.1863332],[-106.8152289,39.1863371],[-106.8151999,39.1863191],[-106.8151599,39.1863229],[-106.8151319,39.1863049],[-106.8151819,39.18616],[-106.8152179,39.1861584],[-106.8152439,39.1861729],[-106.8152399,39.1861851],[-106.8152809,39.1861835],[-106.8153109,39.1861996],[-106.8153519,39.1861981],[-106.8153819,39.1862142],[-106.8154219,39.1862127],[-106.8154519,39.1862288],[-106.8154569,39.1862167],[-106.8154959,39.1862156],[-106.8155249,39.1862308],[-106.8154749,39.1863757]]]}},{"type":"Feature","id":"building-229234291","properties":{"kind":"building","name":"Alpine building","height":7.2},"geometry":{"type":"Polygon","coordinates":[[[-106.8107097,39.1866375],[-106.8107367,39.1865569],[-106.8109847,39.1866054],[-106.8109587,39.186686],[-106.8107097,39.1866375]]]}},{"type":"Feature","id":"building-228888977","properties":{"kind":"building","name":"Alpine building","height":7.2},"geometry":{"type":"Polygon","coordinates":[[[-106.8129188,39.1866084],[-106.8129614,39.1866172],[-106.8129601,39.1866208],[-106.8129718,39.1866232],[-106.8129349,39.1867306],[-106.8128704,39.1867173],[-106.8128806,39.1866877],[-106.8128243,39.1866761],[-106.8128561,39.1865835],[-106.8129124,39.1865951],[-106.8129073,39.1866099],[-106.8129176,39.1866121],[-106.8129188,39.1866084]]]}},{"type":"Feature","id":"building-229347664","properties":{"kind":"building","name":"Alpine building","height":7.2},"geometry":{"type":"Polygon","coordinates":[[[-106.8011031,39.1759411],[-106.8011031,39.1759393],[-106.8010691,39.1759012],[-106.8010441,39.1759148],[-106.8010321,39.1759011],[-106.8009551,39.1759423],[-106.8008591,39.1758354],[-106.8009701,39.1757762],[-106.8009851,39.1757931],[-106.8009931,39.1757888],[-106.8009311,39.1757195],[-106.8009841,39.175691],[-106.8010461,39.1757603],[-106.8011646,39.1756961],[-106.8012327,39.1757721],[-106.8012661,39.1756829],[-106.8013991,39.1757166],[-106.8013641,39.1757992],[-106.8013581,39.1757977],[-106.8013431,39.1758327],[-106.8013541,39.1758356],[-106.8012991,39.1759663],[-106.8012241,39.1759471],[-106.8012751,39.1758267],[-106.8012251,39.1758139],[-106.8012161,39.1758187],[-106.8012191,39.1758217],[-106.8011801,39.1758425],[-106.8011771,39.1758394],[-106.8011501,39.1758542],[-106.8011581,39.1758634],[-106.8011661,39.175859],[-106.8012091,39.1759071],[-106.8012011,39.1759115],[-106.8012101,39.1759214],[-106.8011681,39.175944],[-106.8011681,39.1759796],[-106.8011891,39.1759796],[-106.8011891,39.1759893],[-106.8012351,39.1759892],[-106.8012351,39.1760426],[-106.8011771,39.1760428],[-106.8011771,39.1760582],[-106.8011041,39.1760585],[-106.8011041,39.176038],[-106.8010521,39.176066],[-106.8010131,39.1760232],[-106.8010491,39.176004],[-106.8010291,39.1759811],[-106.8011031,39.1759411]]]}},{"type":"Feature","id":"building-228968563","properties":{"kind":"building","name":"Alpine building","height":7.2},"geometry":{"type":"Polygon","coordinates":[[[-106.8174473,39.185887],[-106.8174183,39.1858551],[-106.8173423,39.1858972],[-106.8173233,39.1858766],[-106.8172373,39.1859238],[-106.8168743,39.1855294],[-106.8169053,39.1855122],[-106.8168363,39.1854367],[-106.8170023,39.1853447],[-106.8170763,39.1854252],[-106.8170363,39.1854473],[-106.8172903,39.1857227],[-106.8173373,39.1856963],[-106.8173813,39.1857432],[-106.8174673,39.1856956],[-106.8175773,39.1858151],[-106.8174473,39.185887]]]}},{"type":"Feature","id":"building-1065369148","properties":{"kind":"building","name":"Bridge House","height":7.2},"geometry":{"type":"Polygon","coordinates":[[[-106.801046,39.1779809],[-106.8010849,39.1779181],[-106.8008472,39.1778297],[-106.800944,39.1776734],[-106.8009023,39.1776579],[-106.8009071,39.1776502],[-106.8008681,39.1776356],[-106.8008622,39.1776451],[-106.8008185,39.1776287],[-106.8007302,39.1777705],[-106.8005321,39.1776964],[-106.8004991,39.1777493],[-106.8005043,39.1777627],[-106.8005188,39.1777681],[-106.8005092,39.1777836],[-106.8006848,39.1778489],[-106.80065,39.1779052],[-106.8007677,39.177949],[-106.8008042,39.1778899],[-106.8009728,39.1779526],[-106.8009827,39.1779366],[-106.8010028,39.1779441],[-106.8009923,39.177961],[-106.801046,39.1779809]]]}},{"type":"Feature","id":"building-228889126","properties":{"kind":"building","name":"Alpine building","height":7.2},"geometry":{"type":"Polygon","coordinates":[[[-106.8161677,39.1860825],[-106.8161287,39.1861967],[-106.8158937,39.1861483],[-106.8159327,39.1860341],[-106.8161677,39.1860825]]]}},{"type":"Feature","id":"building-229234138","properties":{"kind":"building","name":"Alpine building","height":7.2},"geometry":{"type":"Polygon","coordinates":[[[-106.8098304,39.1866059],[-106.8098748,39.1865365],[-106.8098909,39.1865427],[-106.8099539,39.1864444],[-106.8100319,39.1864744],[-106.8100166,39.1864983],[-106.8100148,39.1865391],[-106.8100283,39.1865443],[-106.8099985,39.1865908],[-106.809985,39.1865856],[-106.8099597,39.1866251],[-106.8098799,39.186625],[-106.8098304,39.1866059]]]}},{"type":"Feature","id":"building-228889159","properties":{"kind":"building","name":"Alpine building","height":7.2},"geometry":{"type":"Polygon","coordinates":[[[-106.8141389,39.1866117],[-106.8139949,39.1865821],[-106.8140129,39.1865314],[-106.8141559,39.186561],[-106.8141389,39.1866117]]]}},{"type":"Feature","id":"building-228968595","properties":{"kind":"building","name":"Alpine building","height":7.2},"geometry":{"type":"Polygon","coordinates":[[[-106.8177278,39.18539],[-106.8177498,39.1853896],[-106.8177518,39.1854638],[-106.8176888,39.185465],[-106.8176918,39.1855516],[-106.8177148,39.1855511],[-106.8177168,39.1856246],[-106.8176678,39.1856256],[-106.8176678,39.1856425],[-106.8176798,39.1856423],[-106.8176828,39.1857475],[-106.8176728,39.1857477],[-106.8176728,39.1857554],[-106.8176688,39.1857555],[-106.8176688,39.1857634],[-106.8176218,39.1857643],[-106.8176218,39.1857563],[-106.8176178,39.1857564],[-106.8176178,39.1857487],[-106.8176078,39.1857489],[-106.8176068,39.1857218],[-106.8175828,39.1857222],[-106.8175818,39.1856947],[-106.8175508,39.1856953],[-106.8175498,39.1856493],[-106.8175608,39.1856491],[-106.8175598,39.1856276],[-106.8175068,39.1856286],[-106.8175038,39.1855562],[-106.8174788,39.1855567],[-106.8174768,39.1854873],[-106.8175388,39.1854862],[-106.8175388,39.1854818],[-106.8175608,39.1854813],[-106.8175608,39.1854674],[-106.8175428,39.1854677],[-106.8175398,39.1853955],[-106.8175168,39.185396],[-106.8175138,39.1853247],[-106.8176018,39.185323],[-106.8176008,39.1852914],[-106.8176838,39.1852898],[-106.8176848,39.1853215],[-106.8177258,39.1853207],[-106.8177278,39.18539]]]}},{"type":"Feature","id":"building-228889270","properties":{"kind":"building","name":"Alpine building","height":7.2},"geometry":{"type":"Polygon","coordinates":[[[-106.8130359,39.1867286],[-106.8130659,39.1866411],[-106.8130818,39.1866443],[-106.8130829,39.1866409],[-106.8131473,39.1866542],[-106.8131092,39.186765],[-106.8130449,39.1867517],[-106.8130517,39.1867319],[-106.8130359,39.1867286]]]}},{"type":"Feature","id":"building-228725987","properties":{"kind":"building","name":"Alpine building","height":7.2},"geometry":{"type":"Polygon","coordinates":[[[-106.8196491,39.1844767],[-106.8195712,39.1844262],[-106.8196573,39.1843464],[-106.8197352,39.184397],[-106.8196491,39.1844767]]]}},{"type":"Feature","id":"building-228888947","properties":{"kind":"building","name":"Alpine building","height":7.2},"geometry":{"type":"Polygon","coordinates":[[[-106.8131748,39.1867843],[-106.8132025,39.1867037],[-106.8132471,39.1867129],[-106.8132535,39.1866944],[-106.8132714,39.1866981],[-106.8132898,39.1866445],[-106.8133109,39.1866488],[-106.8133367,39.1865736],[-106.8134282,39.1865925],[-106.81335,39.1868204],[-106.8131748,39.1867843]]]}},{"type":"Feature","id":"building-229347620","properties":{"kind":"building","name":"Alpine building","height":7.2},"geometry":{"type":"Polygon","coordinates":[[[-106.8015541,39.1812716],[-106.8015856,39.1812997],[-106.8015999,39.18129],[-106.8016819,39.1813629],[-106.8016764,39.1813666],[-106.8017208,39.1814061],[-106.8016156,39.1814772],[-106.801555,39.1814232],[-106.8015225,39.1814452],[-106.8014673,39.1813961],[-106.8014998,39.1813742],[-106.8014892,39.1813647],[-106.8015272,39.1813391],[-106.8014957,39.1813111],[-106.8015541,39.1812716]]]}},{"type":"Feature","id":"building-229301973","properties":{"kind":"building","name":"Alpine building","height":7.2},"geometry":{"type":"Polygon","coordinates":[[[-106.8087473,39.1864359],[-106.8086947,39.1864686],[-106.8086221,39.1863987],[-106.8087735,39.1863044],[-106.8088461,39.1863743],[-106.8088003,39.1864029],[-106.8088067,39.1864091],[-106.8087538,39.1864421],[-106.8087473,39.1864359]]]}},{"type":"Feature","id":"building-229301912","properties":{"kind":"building","name":"Alpine building","height":7.2},"geometry":{"type":"Polygon","coordinates":[[[-106.8068756,39.185768],[-106.8068738,39.1857644],[-106.8068834,39.1857473],[-106.8069059,39.1857404],[-106.806928,39.1857479],[-106.8069369,39.1857654],[-106.8069295,39.1857784],[-106.8069344,39.1857866],[-106.8069534,39.1857799],[-106.8069851,39.1858338],[-106.8069189,39.1858572],[-106.8069411,39.1858948],[-106.8069855,39.1858791],[-106.8069986,39.1859013],[-106.8069541,39.185917],[-106.8069638,39.1859334],[-106.8068722,39.1859658],[-106.806839,39.1859094],[-106.8068294,39.1859128],[-106.8067978,39.1858592],[-106.8068343,39.1858463],[-106.806822,39.1858253],[-106.806801,39.1858327],[-106.8067978,39.1858272],[-106.8067855,39.1858316],[-106.8067541,39.1857782],[-106.8068532,39.1857432],[-106.8068691,39.1857703],[-106.8068756,39.185768]]]}},{"type":"Feature","id":"building-229234431","properties":{"kind":"building","name":"Alpine building","height":7.2},"geometry":{"type":"Polygon","coordinates":[[[-106.8105047,39.1867813],[-106.8102957,39.1867785],[-106.8102987,39.1866549],[-106.8103347,39.1866554],[-106.8103347,39.1866478],[-106.8103697,39.1866482],[-106.8103697,39.1866559],[-106.8105067,39.1866578],[-106.8105047,39.1867813]]]}},{"type":"Feature","id":"building-229301857","properties":{"kind":"building","name":"Alpine building","height":7.2},"geometry":{"type":"Polygon","coordinates":[[[-106.8060018,39.1855554],[-106.8061377,39.1855297],[-106.8061328,39.1854162],[-106.8060789,39.1854256],[-106.8060399,39.185405],[-106.8060316,39.1853764],[-106.8059793,39.1853856],[-106.8059952,39.1854402],[-106.8059852,39.185442],[-106.8059891,39.1854685],[-106.8059488,39.1854721],[-106.8059598,39.1855475],[-106.8060001,39.185544],[-106.8060018,39.1855554]]]}},{"type":"Feature","id":"building-229301833","properties":{"kind":"building","name":"Alpine building","height":7.2},"geometry":{"type":"Polygon","coordinates":[[[-106.8090189,39.1864326],[-106.8090808,39.1864923],[-106.8089962,39.186545],[-106.8089509,39.1865014],[-106.8089139,39.1865245],[-106.8088719,39.186484],[-106.8088961,39.1864689],[-106.8088633,39.1864373],[-106.8089823,39.1863631],[-106.8090405,39.1864192],[-106.8090189,39.1864326]]]}},{"type":"Feature","id":"building-229234148","properties":{"kind":"building","name":"Alpine building","height":7.2},"geometry":{"type":"Polygon","coordinates":[[[-106.8109047,39.1867905],[-106.8108947,39.1868219],[-106.8107597,39.1867956],[-106.8107607,39.1867927],[-106.8107007,39.1867809],[-106.8107237,39.1867088],[-106.8107707,39.186718],[-106.8107817,39.1866835],[-106.8109297,39.1867125],[-106.8109167,39.1867523],[-106.8109337,39.1867555],[-106.8109207,39.1867937],[-106.8109047,39.1867905]]]}},{"type":"Feature","id":"building-229347645","properties":{"kind":"building","name":"Alpine building","height":7.2},"geometry":{"type":"Polygon","coordinates":[[[-106.8012683,39.1752674],[-106.8012103,39.1753933],[-106.8011003,39.175363],[-106.8011533,39.1752483],[-106.8011003,39.1752335],[-106.8009323,39.175291],[-106.8008903,39.1752168],[-106.8009763,39.1751874],[-106.8009553,39.1751512],[-106.8009823,39.1751419],[-106.8009743,39.1751264],[-106.8010643,39.1750957],[-106.8010593,39.1750882],[-106.8011603,39.1750538],[-106.8011683,39.1750683],[-106.8012533,39.1750394],[-106.8012723,39.1750731],[-106.8013103,39.1750602],[-106.8013263,39.1750885],[-106.8013543,39.175079],[-106.8013913,39.1751432],[-106.8013803,39.1751468],[-106.8013943,39.1751719],[-106.8015353,39.1751239],[-106.8015923,39.1752247],[-106.8014473,39.1752742],[-106.8014593,39.1752957],[-106.8014343,39.1753044],[-106.8014623,39.1753545],[-106.8013413,39.1753959],[-106.8012683,39.1752674]]]}},{"type":"Feature","id":"building-229301934","properties":{"kind":"building","name":"Alpine building","height":7.2},"geometry":{"type":"Polygon","coordinates":[[[-106.8083464,39.1863328],[-106.8082252,39.1863819],[-106.8081876,39.1863262],[-106.8083088,39.186277],[-106.8083464,39.1863328]]]}},{"type":"Feature","id":"building-228888957","properties":{"kind":"building","name":"Alpine building","height":7.2},"geometry":{"type":"Polygon","coordinates":[[[-106.8146613,39.1866622],[-106.8146573,39.1866718],[-106.8145053,39.1866403],[-106.8145083,39.1866307],[-106.8144833,39.1866256],[-106.8145253,39.1865047],[-106.8145493,39.1865098],[-106.8145573,39.1864892],[-106.8147093,39.1865206],[-106.8147023,39.1865413],[-106.8147273,39.1865464],[-106.8146853,39.1866673],[-106.8146613,39.1866622]]]}},{"type":"Feature","id":"building-228889199","properties":{"kind":"building","name":"Alpine building","height":7.2},"geometry":{"type":"Polygon","coordinates":[[[-106.8121456,39.1869055],[-106.8118706,39.1868482],[-106.8119076,39.1867415],[-106.8121826,39.1867988],[-106.8121456,39.1869055]]]}},{"type":"Feature","id":"building-229360874","properties":{"kind":"building","name":"Alpine building","height":7.2},"geometry":{"type":"Polygon","coordinates":[[[-106.8011372,39.1807826],[-106.8011829,39.1807788],[-106.8011852,39.1807953],[-106.8013161,39.1807845],[-106.801327,39.1808638],[-106.8011925,39.1808749],[-106.8011948,39.1808915],[-106.8010881,39.1809003],[-106.8010749,39.1808044],[-106.8011395,39.1807991],[-106.8011372,39.1807826]]]}},{"type":"Feature","id":"building-229340305","properties":{"kind":"building","name":"Alpine building","height":7.2},"geometry":{"type":"Polygon","coordinates":[[[-106.8035148,39.1839402],[-106.8035047,39.183903],[-106.8035578,39.1838944],[-106.8035679,39.1839315],[-106.8035853,39.1839287],[-106.8035806,39.1839114],[-106.8036548,39.1838993],[-106.8036687,39.1839506],[-106.8036546,39.1839529],[-106.8036662,39.1839954],[-106.8036202,39.1840029],[-106.803624,39.1840171],[-106.8035587,39.1840277],[-106.8035681,39.184062],[-106.8034391,39.1840831],[-106.8034169,39.1840013],[-106.8034465,39.1839965],[-106.8034347,39.1839532],[-106.8035148,39.1839402]]]}},{"type":"Feature","id":"building-229301888","properties":{"kind":"building","name":"Alpine building","height":7.2},"geometry":{"type":"Polygon","coordinates":[[[-106.8078703,39.1863284],[-106.8077707,39.186376],[-106.807754,39.1863551],[-106.8077359,39.1863637],[-106.8076818,39.1862957],[-106.8077389,39.1862685],[-106.8077974,39.1862079],[-106.8077768,39.186196],[-106.8078135,39.1861579],[-106.8078347,39.1861702],[-106.8078395,39.1861652],[-106.8079066,39.1862042],[-106.8079017,39.1862092],[-106.8079433,39.1862333],[-106.8079039,39.186274],[-106.8079247,39.1862861],[-106.807879,39.1863335],[-106.8078703,39.1863284]]]}},{"type":"Feature","id":"building-228889234","properties":{"kind":"building","name":"Alpine building","height":7.2},"geometry":{"type":"Polygon","coordinates":[[[-106.8122616,39.1869739],[-106.8121606,39.1869529],[-106.8121996,39.1868398],[-106.8122566,39.1868517],[-106.8122626,39.1868371],[-106.8123056,39.1868461],[-106.8122616,39.1869739]]]}},{"type":"Feature","id":"building-228889262","properties":{"kind":"building","name":"Chateau Chaumont","height":7.2},"geometry":{"type":"Polygon","coordinates":[[[-106.8162436,39.1863037],[-106.8161656,39.1865237],[-106.815777,39.186441],[-106.8158548,39.1862216],[-106.8160058,39.1862538],[-106.8159947,39.1862852],[-106.8160098,39.1862885],[-106.8159871,39.1863525],[-106.8160488,39.1863656],[-106.8160713,39.1863022],[-106.8160847,39.1863051],[-106.8160963,39.1862724],[-106.8162436,39.1863037]]]}},{"type":"Feature","id":"building-228889049","properties":{"kind":"building","name":"Alpine building","height":7.2},"geometry":{"type":"Polygon","coordinates":[[[-106.8136732,39.1867336],[-106.8137157,39.1867423],[-106.8137245,39.1867165],[-106.8138187,39.1867359],[-106.8138098,39.1867617],[-106.8138506,39.1867701],[-106.8138595,39.1867443],[-106.8139085,39.1867544],[-106.813852,39.1869189],[-106.813803,39.1869088],[-106.8138159,39.1868712],[-106.8137751,39.1868628],[-106.8137622,39.1869004],[-106.813668,39.186881],[-106.813681,39.1868434],[-106.8136385,39.1868346],[-106.8136256,39.1868722],[-106.8135008,39.1868465],[-106.8135573,39.186682],[-106.813682,39.1867078],[-106.8136732,39.1867336]]]}},{"type":"Feature","id":"building-228888959","properties":{"kind":"building","name":"Alpine building","height":7.2},"geometry":{"type":"Polygon","coordinates":[[[-106.8148865,39.1867131],[-106.8148835,39.1867226],[-106.8147305,39.1866912],[-106.8147345,39.1866816],[-106.8147095,39.1866765],[-106.8147505,39.1865555],[-106.8147755,39.1865607],[-106.8147825,39.18654],[-106.8149355,39.1865715],[-106.8149285,39.1865922],[-106.8149535,39.1865973],[-106.8149115,39.1867182],[-106.8148865,39.1867131]]]}},{"type":"Feature","id":"building-229340316","properties":{"kind":"building","name":"Alpine building","height":7.2},"geometry":{"type":"Polygon","coordinates":[[[-106.8029217,39.1834141],[-106.8028552,39.1834322],[-106.8028795,39.1834857],[-106.8027694,39.1835156],[-106.8027457,39.1834632],[-106.8027058,39.183474],[-106.8026852,39.1834284],[-106.802706,39.1834228],[-106.8026857,39.1833778],[-106.802743,39.1833623],[-106.8027407,39.1833573],[-106.8027962,39.1833422],[-106.8027915,39.1833319],[-106.802868,39.1833111],[-106.8028749,39.1833264],[-106.8029595,39.1833034],[-106.8029862,39.1833624],[-106.803026,39.1833516],[-106.8030506,39.183406],[-106.8029897,39.1834225],[-106.8029866,39.1834157],[-106.8029294,39.1834312],[-106.8029217,39.1834141]]]}},{"type":"Feature","id":"building-229234170","properties":{"kind":"building","name":"Alpine building","height":7.2},"geometry":{"type":"Polygon","coordinates":[[[-106.8098492,39.1868017],[-106.8097597,39.1867961],[-106.8097752,39.1866481],[-106.8099111,39.1866566],[-106.8099039,39.1867255],[-106.8099184,39.1867264],[-106.8099172,39.1867375],[-106.8099403,39.1867389],[-106.8099339,39.1868008],[-106.8099108,39.1867994],[-106.8099101,39.1868055],[-106.8098938,39.1868045],[-106.8098931,39.1868112],[-106.8098485,39.1868084],[-106.8098492,39.1868017]]]}},{"type":"Feature","id":"building-228889154","properties":{"kind":"building","name":"Alpine building","height":7.2},"geometry":{"type":"Polygon","coordinates":[[[-106.8118676,39.1869358],[-106.8118446,39.1869311],[-106.8118556,39.1868998],[-106.8118786,39.1869045],[-106.8118676,39.1869358]]]}},{"type":"Feature","id":"building-228889197","properties":{"kind":"building","name":"Alpine building","height":7.2},"geometry":{"type":"Polygon","coordinates":[[[-106.8119216,39.1869467],[-106.8118886,39.1869397],[-106.8119046,39.186891],[-106.8119386,39.186898],[-106.8119216,39.1869467]]]}},{"type":"Feature","id":"building-228889264","properties":{"kind":"building","name":"Alpine building","height":7.2},"geometry":{"type":"Polygon","coordinates":[[[-106.8140721,39.1869662],[-106.8138909,39.1869288],[-106.8139512,39.1867532],[-106.8139642,39.1867559],[-106.8139743,39.1867265],[-106.8140673,39.1867457],[-106.8140779,39.1867149],[-106.8141531,39.1867304],[-106.8140721,39.1869662]]]}},{"type":"Feature","id":"building-229301962","properties":{"kind":"building","name":"Alpine building","height":7.2},"geometry":{"type":"Polygon","coordinates":[[[-106.8066571,39.1857934],[-106.8066962,39.1858509],[-106.8066274,39.1858791],[-106.8066443,39.1859039],[-106.8064628,39.1859783],[-106.8064067,39.1858959],[-106.8066571,39.1857934]]]}},{"type":"Feature","id":"building-229301881","properties":{"kind":"building","name":"Alpine building","height":7.2},"geometry":{"type":"Polygon","coordinates":[[[-106.8056107,39.1855055],[-106.8055988,39.1855065],[-106.8055895,39.1855007],[-106.8055881,39.1854915],[-106.8055913,39.185483],[-106.8055308,39.1854695],[-106.8055681,39.1853694],[-106.8056227,39.1853816],[-106.8056344,39.1853501],[-106.8056949,39.1853636],[-106.8056832,39.1853951],[-106.8057066,39.1854003],[-106.8056721,39.1854928],[-106.8056575,39.1854896],[-106.8056515,39.1855057],[-106.8056182,39.1854982],[-106.8056107,39.1855055]]]}},{"type":"Feature","id":"building-228889161","properties":{"kind":"building","name":"Alpine building","height":7.2},"geometry":{"type":"Polygon","coordinates":[[[-106.8121166,39.1869862],[-106.8119596,39.1869535],[-106.8119776,39.1869002],[-106.8121356,39.1869329],[-106.8121166,39.1869862]]]}},{"type":"Feature","id":"building-229347667","properties":{"kind":"building","name":"Alpine building","height":7.2},"geometry":{"type":"Polygon","coordinates":[[[-106.8020907,39.1825063],[-106.8020638,39.1825198],[-106.8020867,39.1825471],[-106.8020221,39.1825795],[-106.8018929,39.1824249],[-106.8019843,39.182379],[-106.8020907,39.1825063]]]}},{"type":"Feature","id":"building-229301996","properties":{"kind":"building","name":"Alpine building","height":7.2},"geometry":{"type":"Polygon","coordinates":[[[-106.8093684,39.1866605],[-106.8094463,39.1867079],[-106.8093803,39.186773],[-106.8093024,39.1867256],[-106.8092455,39.1867818],[-106.80916,39.1867298],[-106.8093001,39.1865915],[-106.8093856,39.1866435],[-106.8093684,39.1866605]]]}},{"type":"Feature","id":"building-229234356","properties":{"kind":"building","name":"Alpine building","height":7.2},"geometry":{"type":"Polygon","coordinates":[[[-106.8107531,39.1869101],[-106.8107381,39.1869071],[-106.8107361,39.1869135],[-106.8106761,39.1869019],[-106.8106911,39.1868561],[-106.8107661,39.1868707],[-106.8107531,39.1869101]]]}},{"type":"Feature","id":"building-228889038","properties":{"kind":"building","name":"Alpine building","height":7.2},"geometry":{"type":"Polygon","coordinates":[[[-106.8125016,39.1870342],[-106.8123736,39.1870075],[-106.8123636,39.1870378],[-106.8122916,39.1870229],[-106.8123136,39.1869598],[-106.8123276,39.1869627],[-106.8123336,39.1869453],[-106.8123566,39.1869502],[-106.8123836,39.1868741],[-106.8124326,39.1868844],[-106.8124246,39.186908],[-106.8124486,39.186913],[-106.8124516,39.1869051],[-106.8124616,39.1868999],[-106.8124886,39.1869055],[-106.8124946,39.1869142],[-106.8124916,39.186922],[-106.8125376,39.1869315],[-106.8125016,39.1870342]]]}},{"type":"Feature","id":"building-229347649","properties":{"kind":"building","name":"Alpine building","height":7.2},"geometry":{"type":"Polygon","coordinates":[[[-106.8015809,39.1819176],[-106.8015626,39.1819329],[-106.8015679,39.1819367],[-106.8015244,39.1819732],[-106.8015074,39.181961],[-106.8014966,39.18197],[-106.8014491,39.1819361],[-106.80146,39.181927],[-106.8014465,39.1819174],[-106.80149,39.1818809],[-106.8014946,39.1818842],[-106.8015136,39.1818682],[-106.801478,39.1818428],[-106.8014727,39.1818473],[-106.8013982,39.181794],[-106.8014487,39.1817515],[-106.8015232,39.1818048],[-106.8015004,39.181824],[-106.8015697,39.1818736],[-106.801612,39.1818637],[-106.8016046,39.1818448],[-106.8016964,39.1818234],[-106.8016916,39.1818109],[-106.8017483,39.1817977],[-106.8017693,39.1818518],[-106.8017312,39.1818838],[-106.8017481,39.1819085],[-106.801674,39.1819258],[-106.8016701,39.1819158],[-106.8016354,39.181924],[-106.8016286,39.1819064],[-106.8015809,39.1819176]]]}},{"type":"Feature","id":"building-229234391","properties":{"kind":"building","name":"Alpine building","height":7.2},"geometry":{"type":"Polygon","coordinates":[[[-106.8104507,39.1869262],[-106.8104427,39.1869493],[-106.8102857,39.1869187],[-106.8103097,39.1868469],[-106.8104117,39.1868669],[-106.8104287,39.1868152],[-106.8105627,39.1868413],[-106.8105297,39.1869418],[-106.8104507,39.1869262]]]}},{"type":"Feature","id":"building-228889274","properties":{"kind":"building","name":"Alpine building","height":7.2},"geometry":{"type":"Polygon","coordinates":[[[-106.8150513,39.1867551],[-106.8149683,39.1867379],[-106.8149693,39.1867333],[-106.8149393,39.1867272],[-106.8149873,39.1865881],[-106.8150173,39.1865942],[-106.8150213,39.1865821],[-106.8151043,39.1865992],[-106.8150513,39.1867551]]]}},{"type":"Feature","id":"building-229301941","properties":{"kind":"building","name":"Alpine building","height":7.2},"geometry":{"type":"Polygon","coordinates":[[[-106.805627,39.1855472],[-106.8056409,39.1855097],[-106.8056911,39.1855209],[-106.8056771,39.1855584],[-106.805627,39.1855472]]]}},{"type":"Feature","id":"building-229301842","properties":{"kind":"building","name":"Alpine building","height":7.2},"geometry":{"type":"Polygon","coordinates":[[[-106.8082613,39.186498],[-106.8082384,39.1865263],[-106.8082232,39.1865189],[-106.8081551,39.1866032],[-106.8080215,39.1865383],[-106.8080617,39.1864885],[-106.8081044,39.1865093],[-106.8081552,39.1864465],[-106.8081623,39.1864499],[-106.8081864,39.1864201],[-106.8082631,39.1864574],[-106.808239,39.1864872],[-106.8082613,39.186498]]]}},{"type":"Feature","id":"building-229347658","properties":{"kind":"building","name":"Alpine building","height":7.2},"geometry":{"type":"Polygon","coordinates":[[[-106.8014745,39.1816633],[-106.8013031,39.1816977],[-106.8012747,39.1816126],[-106.8014461,39.1815782],[-106.8014745,39.1816633]]]}},{"type":"Feature","id":"building-228889059","properties":{"kind":"building","name":"Alpine building","height":7.2},"geometry":{"type":"Polygon","coordinates":[[[-106.8115347,39.1871501],[-106.8115897,39.1871616],[-106.8115547,39.1872633],[-106.8115057,39.1872531],[-106.8114997,39.187269],[-106.8113637,39.1872407],[-106.8114087,39.1871115],[-106.8113717,39.1871038],[-106.8113817,39.1870737],[-106.8113667,39.1870705],[-106.8114577,39.1868096],[-106.8114357,39.186805],[-106.8114957,39.1866314],[-106.8117027,39.1866745],[-106.8116697,39.1867698],[-106.8116087,39.1867571],[-106.8115877,39.1868181],[-106.8116127,39.1868233],[-106.8115277,39.1870689],[-106.8115597,39.1870757],[-106.8115347,39.1871501]]]}},{"type":"Feature","id":"building-229360926","properties":{"kind":"building","name":"Alpine building","height":7.2},"geometry":{"type":"Polygon","coordinates":[[[-106.8007689,39.1806405],[-106.8007606,39.180623],[-106.8007527,39.1806253],[-106.8007319,39.1805818],[-106.8007398,39.1805796],[-106.8007124,39.1805225],[-106.8007842,39.1805019],[-106.8007992,39.1805332],[-106.8008244,39.1805259],[-106.8008485,39.1805761],[-106.800872,39.1805694],[-106.800889,39.1806049],[-106.8008655,39.1806117],[-106.8008758,39.1806332],[-106.8008976,39.1806269],[-106.8008881,39.180607],[-106.8009359,39.1805933],[-106.8009412,39.1806043],[-106.8010064,39.1805855],[-106.8010162,39.180606],[-106.8010608,39.1805932],[-106.8010893,39.1806528],[-106.8010193,39.1806729],[-106.8010242,39.1806831],[-106.8009684,39.1806991],[-106.8009635,39.1806889],[-106.8009419,39.1806951],[-106.8009468,39.1807053],[-106.8009188,39.1807134],[-106.8009139,39.1807032],[-106.8009085,39.1807048],[-106.8009109,39.1807098],[-106.8008751,39.1807201],[-106.8008727,39.1807151],[-106.8008529,39.1806737],[-106.8007931,39.1806909],[-106.8007788,39.180661],[-106.8007708,39.1806633],[-106.800761,39.1806428],[-106.8007689,39.1806405]]]}},{"type":"Feature","id":"building-228889280","properties":{"kind":"building","name":"Alpine building","height":7.2},"geometry":{"type":"Polygon","coordinates":[[[-106.8126846,39.1870236],[-106.8126386,39.1870154],[-106.8126236,39.1870658],[-106.8125766,39.1870574],[-106.8125916,39.187007],[-106.8125846,39.1870057],[-106.8126066,39.1869319],[-106.8127066,39.1869498],[-106.8126846,39.1870236]]]}},{"type":"Feature","id":"building-229234194","properties":{"kind":"building","name":"Alpine building","height":7.2},"geometry":{"type":"Polygon","coordinates":[[[-106.8108831,39.186979],[-106.8108971,39.1870692],[-106.8107941,39.1870789],[-106.8107891,39.1870444],[-106.8107671,39.1870465],[-106.8107621,39.187019],[-106.8107841,39.1870169],[-106.8107791,39.1869827],[-106.8108111,39.1869797],[-106.8108061,39.1869513],[-106.8107841,39.1869534],[-106.8107801,39.1869258],[-106.8108021,39.1869238],[-106.8107961,39.1868895],[-106.8108991,39.1868797],[-106.8109141,39.186976],[-106.8108831,39.186979]]]}},{"type":"Feature","id":"building-228889230","properties":{"kind":"building","name":"Alpine building","height":7.2},"geometry":{"type":"Polygon","coordinates":[[[-106.8127676,39.1870888],[-106.8126746,39.1870722],[-106.8127086,39.1869577],[-106.8128016,39.1869742],[-106.8127676,39.1870888]]]}},{"type":"Feature","id":"building-228889173","properties":{"kind":"building","name":"Alpine building","height":7.2},"geometry":{"type":"Polygon","coordinates":[[[-106.8121786,39.1870648],[-106.8121296,39.1870547],[-106.8121406,39.1870229],[-106.8121896,39.187033],[-106.8121786,39.1870648]]]}},{"type":"Feature","id":"building-915428672","properties":{"kind":"building","name":"W Aspen","height":7.2},"geometry":{"type":"Polygon","coordinates":[[[-106.8169456,39.1866944],[-106.8166474,39.1866334],[-106.8165952,39.1866227],[-106.8166196,39.1865509],[-106.8166727,39.1865618],[-106.8167262,39.1865727],[-106.8167313,39.1865577],[-106.8167199,39.1865553],[-106.8167705,39.1864076],[-106.8167814,39.1864098],[-106.8168118,39.1863214],[-106.8161684,39.1861884],[-106.8162341,39.1859976],[-106.8163424,39.18602],[-106.8163374,39.1860343],[-106.8163648,39.18604],[-106.8163691,39.1860273],[-106.8166064,39.1860766],[-106.8166099,39.1860665],[-106.8167372,39.1860929],[-106.8167342,39.1861017],[-106.8168072,39.1861168],[-106.8168104,39.1861075],[-106.8169431,39.186135],[-106.8169406,39.1861423],[-106.8169971,39.1861539],[-106.8169998,39.1861459],[-106.8171367,39.186174],[-106.8171074,39.1862599],[-106.8170819,39.1862547],[-106.8170744,39.1862767],[-106.8170871,39.1862793],[-106.8169456,39.1866944]]]}},{"type":"Feature","id":"building-229301958","properties":{"kind":"building","name":"Alpine building","height":7.2},"geometry":{"type":"Polygon","coordinates":[[[-106.8056178,39.1855768],[-106.8055594,39.185579],[-106.8055589,39.1855701],[-106.8055398,39.1855708],[-106.8055364,39.1855149],[-106.8056139,39.1855121],[-106.8056178,39.1855768]]]}},{"type":"Feature","id":"building-229301829","properties":{"kind":"building","name":"Alpine building","height":7.2},"geometry":{"type":"Polygon","coordinates":[[[-106.8050297,39.1854795],[-106.8050041,39.1853893],[-106.8051147,39.1853705],[-106.8051055,39.1853383],[-106.8051901,39.1853239],[-106.8052026,39.1853681],[-106.8054373,39.1853282],[-106.8054475,39.1853644],[-106.8053982,39.1853728],[-106.8054101,39.1854148],[-106.8050297,39.1854795]]]}},{"type":"Feature","id":"building-229301960","properties":{"kind":"building","name":"Alpine building","height":7.2},"geometry":{"type":"Polygon","coordinates":[[[-106.8072751,39.1862863],[-106.8071613,39.1863083],[-106.8071404,39.1862435],[-106.8071117,39.186249],[-106.8070921,39.186188],[-106.8072345,39.1861604],[-106.8072751,39.1862863]]]}},{"type":"Feature","id":"building-229347671","properties":{"kind":"building","name":"Alpine building","height":7.2},"geometry":{"type":"Polygon","coordinates":[[[-106.8017153,39.1822489],[-106.8017173,39.1822558],[-106.8014989,39.1822936],[-106.8014756,39.1822126],[-106.801694,39.1821748],[-106.8016967,39.1821841],[-106.8017422,39.1821762],[-106.8017608,39.182241],[-106.8017153,39.1822489]]]}},{"type":"Feature","id":"building-228889183","properties":{"kind":"building","name":"Alpine building","height":7.2},"geometry":{"type":"Polygon","coordinates":[[[-106.8122636,39.1870867],[-106.8121926,39.187072],[-106.8122056,39.1870331],[-106.8122766,39.1870478],[-106.8122636,39.1870867]]]}},{"type":"Feature","id":"building-228726049","properties":{"kind":"building","name":"Alpine building","height":7.2},"geometry":{"type":"Polygon","coordinates":[[[-106.8207217,39.1840415],[-106.8206837,39.1840107],[-106.8207547,39.1839584],[-106.8207927,39.1839892],[-106.8207697,39.1840064],[-106.8207827,39.1840173],[-106.8207437,39.184046],[-106.8207307,39.184035],[-106.8207217,39.1840415]]]}},{"type":"Feature","id":"building-228889226","properties":{"kind":"building","name":"Alpine building","height":7.2},"geometry":{"type":"Polygon","coordinates":[[[-106.8150605,39.1868062],[-106.8151365,39.1865853],[-106.8153695,39.1866334],[-106.8152935,39.1868543],[-106.8150605,39.1868062]]]}},{"type":"Feature","id":"building-229234248","properties":{"kind":"building","name":"Alpine building","height":7.2},"geometry":{"type":"Polygon","coordinates":[[[-106.8107501,39.187039],[-106.8106781,39.1870458],[-106.8106721,39.1870045],[-106.8107441,39.1869977],[-106.8107501,39.187039]]]}},{"type":"Feature","id":"building-229360882","properties":{"kind":"building","name":"Alpine building","height":7.2},"geometry":{"type":"Polygon","coordinates":[[[-106.8007738,39.18034],[-106.8007094,39.1803683],[-106.800722,39.1803855],[-106.8006623,39.1804118],[-106.8006048,39.1803335],[-106.8006162,39.1803285],[-106.8005669,39.1802613],[-106.8005849,39.1802534],[-106.8005689,39.1802316],[-106.8007361,39.1801578],[-106.8007912,39.1802329],[-106.8007138,39.1802583],[-106.8007738,39.18034]]]}},{"type":"Feature","id":"building-229234208","properties":{"kind":"building","name":"Alpine building","height":7.2},"geometry":{"type":"Polygon","coordinates":[[[-106.8099318,39.1868776],[-106.8099387,39.1868556],[-106.8100061,39.1868683],[-106.8099992,39.1868903],[-106.81001,39.1868924],[-106.809995,39.1869401],[-106.8100064,39.1869422],[-106.8100006,39.1869607],[-106.8100063,39.1869618],[-106.8100005,39.1869804],[-106.8100464,39.1869891],[-106.8100246,39.1870585],[-106.8098973,39.1870344],[-106.8099135,39.1869829],[-106.8099305,39.1869861],[-106.8099428,39.1869471],[-106.8099052,39.18694],[-106.8099253,39.1868764],[-106.8099318,39.1868776]]]}},{"type":"Feature","id":"building-228881777","properties":{"kind":"building","name":"Chateau Dumont","height":7.2},"geometry":{"type":"Polygon","coordinates":[[[-106.8166573,39.1863865],[-106.8165781,39.1866095],[-106.8161914,39.186527],[-106.8162684,39.1863102],[-106.8164113,39.1863407],[-106.8164003,39.1863719],[-106.816417,39.1863755],[-106.8163952,39.1864365],[-106.8164563,39.1864496],[-106.8164781,39.1863882],[-106.8164928,39.1863913],[-106.816506,39.1863542],[-106.8166573,39.1863865]]]}},{"type":"Feature","id":"building-229347624","properties":{"kind":"building","name":"Alpine building","height":7.2},"geometry":{"type":"Polygon","coordinates":[[[-106.8020781,39.1829959],[-106.8019965,39.1829549],[-106.8020311,39.1829136],[-106.8020557,39.1829088],[-106.8020802,39.1829211],[-106.802248,39.1828883],[-106.8022574,39.1829174],[-106.8023025,39.1829086],[-106.8023158,39.1829495],[-106.8022176,39.1829687],[-106.8022417,39.1830431],[-106.8021938,39.1830524],[-106.8021821,39.1830164],[-106.8021282,39.1830269],[-106.8021157,39.1829886],[-106.8020781,39.1829959]]]}},{"type":"Feature","id":"building-229301913","properties":{"kind":"building","name":"Alpine building","height":7.2},"geometry":{"type":"Polygon","coordinates":[[[-106.8075181,39.1865008],[-106.807359,39.1864574],[-106.8074251,39.1863118],[-106.8075842,39.1863552],[-106.8075181,39.1865008]]]}},{"type":"Feature","id":"building-229234399","properties":{"kind":"building","name":"Alpine building","height":7.2},"geometry":{"type":"Polygon","coordinates":[[[-106.8096221,39.1869863],[-106.8096547,39.1869386],[-106.8096442,39.1869343],[-106.8097045,39.186846],[-106.8098151,39.1868914],[-106.8097549,39.1869797],[-106.8097435,39.186975],[-106.8097109,39.1870227],[-106.8096221,39.1869863]]]}},{"type":"Feature","id":"building-229340306","properties":{"kind":"building","name":"Alpine building","height":7.2},"geometry":{"type":"Polygon","coordinates":[[[-106.8031672,39.183974],[-106.8031675,39.1839451],[-106.8032438,39.1839456],[-106.8032435,39.1839744],[-106.8032906,39.1839747],[-106.8032897,39.1840612],[-106.8030962,39.18406],[-106.8030963,39.18404],[-106.8030492,39.1840397],[-106.8030491,39.1840461],[-106.8029453,39.1840455],[-106.8029461,39.1839602],[-106.8030027,39.1839605],[-106.8030026,39.1839659],[-106.8030257,39.183966],[-106.8030257,39.1839574],[-106.80305,39.1839575],[-106.8030493,39.1840253],[-106.8030965,39.1840256],[-106.803097,39.1839735],[-106.8031672,39.183974]]]}},{"type":"Feature","id":"building-1065371983","properties":{"kind":"building","name":"Alpine building","height":7.2},"geometry":{"type":"Polygon","coordinates":[[[-106.800243,39.1776838],[-106.8002921,39.1776068],[-106.8002694,39.1775974],[-106.8001453,39.1775982],[-106.800121,39.1776388],[-106.800243,39.1776838]]]}},{"type":"Feature","id":"building-229234214","properties":{"kind":"building","name":"Alpine building","height":7.2},"geometry":{"type":"Polygon","coordinates":[[[-106.8105567,39.1870683],[-106.8105087,39.1870682],[-106.8105087,39.1870947],[-106.8105137,39.1870948],[-106.8105127,39.1871453],[-106.8104457,39.1871452],[-106.8104457,39.1871012],[-106.8104287,39.1871012],[-106.8104287,39.1871109],[-106.8103187,39.1871107],[-106.8103187,39.1870582],[-106.8103387,39.1870582],[-106.8103387,39.1870432],[-106.8103187,39.1870432],[-106.8103197,39.1869918],[-106.8103877,39.1869919],[-106.8103877,39.1870381],[-106.8104457,39.1870382],[-106.8104457,39.1870126],[-106.8105567,39.1870127],[-106.8105567,39.1870683]]]}},{"type":"Feature","id":"building-229360915","properties":{"kind":"building","name":"Alpine building","height":7.2},"geometry":{"type":"Polygon","coordinates":[[[-106.8004062,39.1799728],[-106.8003902,39.1799416],[-106.8004441,39.179925],[-106.8004341,39.1799054],[-106.8004577,39.1798981],[-106.8004515,39.1798861],[-106.8005339,39.1798607],[-106.8005401,39.1798727],[-106.8006051,39.1798527],[-106.8006429,39.1799266],[-106.8005066,39.1799685],[-106.8005124,39.1799798],[-106.8004942,39.1799854],[-106.8005118,39.1800198],[-106.800501,39.1800231],[-106.8005563,39.180131],[-106.8004619,39.18016],[-106.8004324,39.1801026],[-106.800415,39.1801079],[-106.8003843,39.1800481],[-106.8004018,39.1800427],[-106.8003715,39.1799835],[-106.8004062,39.1799728]]]}},{"type":"Feature","id":"building-229301879","properties":{"kind":"building","name":"Alpine building","height":7.2},"geometry":{"type":"Polygon","coordinates":[[[-106.8057054,39.1858017],[-106.8056934,39.1857984],[-106.8057143,39.1857537],[-106.8057004,39.1857498],[-106.8057189,39.1857102],[-106.8057278,39.1857127],[-106.8057343,39.1856989],[-106.8057746,39.1857102],[-106.8057681,39.1857241],[-106.8058248,39.18574],[-106.8058105,39.1857705],[-106.8058413,39.1857791],[-106.8058174,39.1858302],[-106.8058383,39.1858361],[-106.8058083,39.1859002],[-106.8056766,39.1858631],[-106.8057054,39.1858017]]]}},{"type":"Feature","id":"building-228888990","properties":{"kind":"building","name":"Alpine building","height":7.2},"geometry":{"type":"Polygon","coordinates":[[[-106.8145576,39.1870289],[-106.8145543,39.1870384],[-106.8144017,39.1870069],[-106.8144049,39.1869974],[-106.8143801,39.1869923],[-106.8144216,39.1868713],[-106.8144465,39.1868765],[-106.8144536,39.1868558],[-106.8146062,39.1868873],[-106.8145991,39.1869079],[-106.8146239,39.1869131],[-106.8145824,39.187034],[-106.8145576,39.1870289]]]}},{"type":"Feature","id":"building-228889258","properties":{"kind":"building","name":"Alpine building","height":7.2},"geometry":{"type":"Polygon","coordinates":[[[-106.8127406,39.1871798],[-106.8126446,39.1871597],[-106.8126396,39.1871739],[-106.8125276,39.1871506],[-106.8125336,39.1871333],[-106.8125626,39.1871394],[-106.8125766,39.1871008],[-106.8127556,39.1871381],[-106.8127406,39.1871798]]]}},{"type":"Feature","id":"building-229360952","properties":{"kind":"building","name":"Alpine building","height":7.2},"geometry":{"type":"Polygon","coordinates":[[[-106.8004658,39.1794186],[-106.8002324,39.1794857],[-106.8001629,39.1793406],[-106.8002913,39.1793036],[-106.8003172,39.1793577],[-106.8004222,39.1793275],[-106.8004658,39.1794186]]]}},{"type":"Feature","id":"building-228725934","properties":{"kind":"building","name":"Alpine building","height":7.2},"geometry":{"type":"Polygon","coordinates":[[[-106.8209467,39.1838862],[-106.8209807,39.1838604],[-106.8210777,39.1839388],[-106.8210217,39.1839797],[-106.8210577,39.1840086],[-106.8210267,39.1840314],[-106.8210537,39.1840533],[-106.8210097,39.1840858],[-106.8209827,39.1840639],[-106.8209747,39.1840698],[-106.8208987,39.1840083],[-106.8208377,39.1840534],[-106.8207887,39.1840129],[-106.8208497,39.1839679],[-106.8207887,39.1839181],[-106.8208917,39.1838417],[-106.8209467,39.1838862]]]}},{"type":"Feature","id":"building-229340342","properties":{"kind":"building","name":"Alpine building","height":7.2},"geometry":{"type":"Polygon","coordinates":[[[-106.8031614,39.1841416],[-106.8031619,39.1840887],[-106.8032303,39.1840891],[-106.8032297,39.184142],[-106.8031614,39.1841416]]]}},{"type":"Feature","id":"building-229234276","properties":{"kind":"building","name":"Alpine building","height":7.2},"geometry":{"type":"Polygon","coordinates":[[[-106.8106571,39.1871343],[-106.8105981,39.1871201],[-106.8106151,39.1870772],[-106.8106741,39.1870915],[-106.8106571,39.1871343]]]}},{"type":"Feature","id":"building-228889065","properties":{"kind":"building","name":"Alpine building","height":7.2},"geometry":{"type":"Polygon","coordinates":[[[-106.8130935,39.1870333],[-106.8131174,39.1870382],[-106.8131129,39.1870512],[-106.8131586,39.1870606],[-106.8130959,39.1872434],[-106.8130614,39.1872363],[-106.8130664,39.1872216],[-106.813029,39.1872138],[-106.8130222,39.1872201],[-106.8130092,39.1872209],[-106.8129993,39.1872144],[-106.8129981,39.1872043],[-106.8130065,39.1871966],[-106.8130173,39.1871959],[-106.813055,39.1870861],[-106.8130429,39.1870836],[-106.813053,39.1870543],[-106.8130494,39.1870401],[-106.8130597,39.1870281],[-106.813078,39.1870253],[-106.8130935,39.1870333]]]}},{"type":"Feature","id":"building-229301926","properties":{"kind":"building","name":"Alpine building","height":7.2},"geometry":{"type":"Polygon","coordinates":[[[-106.8080948,39.186659],[-106.8079563,39.1867353],[-106.8078865,39.1866592],[-106.808025,39.1865829],[-106.8080948,39.186659]]]}},{"type":"Feature","id":"building-229301897","properties":{"kind":"building","name":"Alpine building","height":7.2},"geometry":{"type":"Polygon","coordinates":[[[-106.8061504,39.186059],[-106.8062178,39.1860062],[-106.8062481,39.1860295],[-106.8062557,39.1860236],[-106.8062911,39.1860508],[-106.8062825,39.1860812],[-106.8063007,39.1860843],[-106.8063252,39.1859975],[-106.8063647,39.1860042],[-106.8063546,39.1860401],[-106.8063824,39.1860448],[-106.8063889,39.1860217],[-106.8064483,39.1860318],[-106.8064113,39.1861625],[-106.8063638,39.1861544],[-106.8063539,39.1861894],[-106.8062852,39.1861777],[-106.8062951,39.1861427],[-106.806285,39.186141],[-106.8062713,39.1861517],[-106.8061504,39.186059]]]}},{"type":"Feature","id":"building-229347644","properties":{"kind":"building","name":"Alpine building","height":7.2},"geometry":{"type":"Polygon","coordinates":[[[-106.8000986,39.1765899],[-106.8001286,39.1765987],[-106.8001406,39.1765742],[-106.8001946,39.1765565],[-106.8002056,39.1765767],[-106.8002266,39.1765503],[-106.8002926,39.1765475],[-106.8002936,39.1765639],[-106.8003096,39.1765537],[-106.8003596,39.176569],[-106.8003916,39.176562],[-106.8005266,39.1766031],[-106.8004866,39.176682],[-106.8003726,39.1766473],[-106.8003326,39.1766563],[-106.8002836,39.1767518],[-106.8003976,39.1767864],[-106.8003946,39.1768422],[-106.8003216,39.176866],[-106.8002456,39.1768428],[-106.8002506,39.1768327],[-106.8001196,39.1767928],[-106.8001036,39.1767499],[-106.8000876,39.1767563],[-106.8000616,39.1767177],[-106.8000786,39.1766847],[-106.8000556,39.1766857],[-106.8000526,39.1766319],[-106.8000986,39.1765899]]]}},{"type":"Feature","id":"building-229347638","properties":{"kind":"building","name":"Alpine building","height":7.2},"geometry":{"type":"Polygon","coordinates":[[[-106.8017227,39.1826315],[-106.8015246,39.182631],[-106.8015248,39.1825697],[-106.8015535,39.1825697],[-106.8015536,39.1825394],[-106.8015633,39.1825394],[-106.8015635,39.1824897],[-106.801588,39.1824898],[-106.801588,39.1824761],[-106.8015701,39.182476],[-106.8015703,39.1824311],[-106.8015882,39.1824312],[-106.8015883,39.1824089],[-106.8015332,39.1824088],[-106.8015334,39.1823502],[-106.8017307,39.1823506],[-106.8017305,39.1823988],[-106.8016728,39.1823986],[-106.8016722,39.1825397],[-106.8016884,39.1825397],[-106.8016882,39.1825823],[-106.8017229,39.1825824],[-106.8017227,39.1826315]]]}},{"type":"Feature","id":"building-228889284","properties":{"kind":"building","name":"Alpine building","height":7.2},"geometry":{"type":"Polygon","coordinates":[[[-106.8118881,39.1872566],[-106.8118777,39.1872864],[-106.8116948,39.1872483],[-106.8117052,39.1872185],[-106.8116736,39.1872119],[-106.8117092,39.1871094],[-106.8119544,39.1871605],[-106.8119189,39.187263],[-106.8118881,39.1872566]]]}},{"type":"Feature","id":"building-229360947","properties":{"kind":"building","name":"Alpine building","height":7.2},"geometry":{"type":"Polygon","coordinates":[[[-106.8002709,39.1797173],[-106.8002012,39.1796428],[-106.800301,39.1795867],[-106.8003869,39.1796787],[-106.8004077,39.1797985],[-106.8002871,39.1798111],[-106.8002709,39.1797173]]]}},{"type":"Feature","id":"building-229234101","properties":{"kind":"building","name":"Alpine building","height":7.2},"geometry":{"type":"Polygon","coordinates":[[[-106.8108511,39.1872249],[-106.8107551,39.1872016],[-106.8107461,39.1872226],[-106.8106761,39.1872057],[-106.8107041,39.1871365],[-106.8107631,39.1871507],[-106.8107731,39.1871246],[-106.8109081,39.187157],[-106.8108861,39.1872115],[-106.8108591,39.187205],[-106.8108511,39.1872249]]]}},{"type":"Feature","id":"building-228889263","properties":{"kind":"building","name":"Alpine building","height":7.2},"geometry":{"type":"Polygon","coordinates":[[[-106.8131486,39.1871856],[-106.8131921,39.187059],[-106.8133686,39.1870954],[-106.8133251,39.187222],[-106.8133119,39.1872193],[-106.8132978,39.1872604],[-106.8131457,39.187229],[-106.8131598,39.1871879],[-106.8131486,39.1871856]]]}},{"type":"Feature","id":"building-228888986","properties":{"kind":"building","name":"Alpine building","height":7.2},"geometry":{"type":"Polygon","coordinates":[[[-106.8147924,39.1870767],[-106.8147891,39.1870863],[-106.8146365,39.1870548],[-106.8146397,39.1870453],[-106.8146149,39.1870401],[-106.8146564,39.1869192],[-106.8146812,39.1869243],[-106.8146883,39.1869037],[-106.814841,39.1869352],[-106.8148339,39.1869558],[-106.8148587,39.1869609],[-106.8148172,39.1870819],[-106.8147924,39.1870767]]]}},{"type":"Feature","id":"building-228889108","properties":{"kind":"building","name":"Alpine building","height":7.2},"geometry":{"type":"Polygon","coordinates":[[[-106.8134385,39.1871957],[-106.813446,39.1871972],[-106.8134291,39.1872465],[-106.8134215,39.187245],[-106.8134175,39.1872568],[-106.8134501,39.1872636],[-106.8134947,39.1871335],[-106.8135151,39.1871377],[-106.8135233,39.187114],[-106.8135361,39.1871166],[-106.8135387,39.187109],[-106.8135639,39.1871142],[-106.8135613,39.1871218],[-106.8135754,39.1871247],[-106.8135039,39.1873328],[-106.8134174,39.187315],[-106.8134132,39.1873271],[-106.8133248,39.1873089],[-106.8133476,39.1872424],[-106.8133608,39.1872452],[-106.8133649,39.1872333],[-106.8133517,39.1872306],[-106.8133687,39.1871813],[-106.8133818,39.187184],[-106.8133906,39.1871585],[-106.8133774,39.1871558],[-106.8134026,39.1870824],[-106.8134724,39.1870968],[-106.8134385,39.1871957]]]}},{"type":"Feature","id":"building-229360920","properties":{"kind":"building","name":"Alpine building","height":7.2},"geometry":{"type":"Polygon","coordinates":[[[-106.799925,39.1788693],[-106.799898,39.1788289],[-106.79999,39.1787912],[-106.800018,39.1788316],[-106.800083,39.178805],[-106.800094,39.1788215],[-106.800127,39.1788084],[-106.800112,39.1787861],[-106.800068,39.178804],[-106.800038,39.1787598],[-106.800082,39.178742],[-106.800064,39.1787152],[-106.800141,39.1786842],[-106.800186,39.1787519],[-106.800205,39.1787444],[-106.800228,39.1787783],[-106.800182,39.1787969],[-106.800213,39.1788435],[-106.80017,39.1788612],[-106.800178,39.1788727],[-106.800125,39.1788942],[-106.800117,39.1788827],[-106.799941,39.178954],[-106.799893,39.1788824],[-106.799925,39.1788693]]]}},{"type":"Feature","id":"building-229347615","properties":{"kind":"building","name":"Alpine building","height":7.2},"geometry":{"type":"Polygon","coordinates":[[[-106.8020783,39.1833287],[-106.8020228,39.183275],[-106.8019947,39.1832925],[-106.8019347,39.1832344],[-106.8021358,39.1831095],[-106.8021958,39.1831676],[-106.8021383,39.1832033],[-106.8022008,39.1832073],[-106.8021971,39.1832424],[-106.8021342,39.1832384],[-106.8021693,39.1832722],[-106.8020783,39.1833287]]]}},{"type":"Feature","id":"building-229234321","properties":{"kind":"building","name":"Alpine building","height":7.2},"geometry":{"type":"Polygon","coordinates":[[[-106.8106271,39.1872495],[-106.8105581,39.1872329],[-106.8105741,39.187191],[-106.8106441,39.1872076],[-106.8106271,39.1872495]]]}},{"type":"Feature","id":"building-228881651","properties":{"kind":"building","name":"Alpine building","height":7.2},"geometry":{"type":"Polygon","coordinates":[[[-106.8158322,39.1869058],[-106.8158842,39.1867554],[-106.8156882,39.186715],[-106.8156642,39.1867841],[-106.8156532,39.1867817],[-106.8156202,39.1868775],[-106.8156682,39.1868875],[-106.8156772,39.1868626],[-106.8157082,39.1868691],[-106.8157052,39.1868795],[-106.8158322,39.1869058]]]}},{"type":"Feature","id":"building-228889037","properties":{"kind":"building","name":"Alpine building","height":7.2},"geometry":{"type":"Polygon","coordinates":[[[-106.8122282,39.1873406],[-106.8122161,39.1873757],[-106.8121448,39.1873608],[-106.8121526,39.1873383],[-106.8121408,39.1873358],[-106.8121499,39.1873094],[-106.8121095,39.187301],[-106.8121051,39.1873138],[-106.8120816,39.1873089],[-106.8120752,39.1873273],[-106.8119748,39.1873064],[-106.8119812,39.187288],[-106.8119595,39.1872835],[-106.8120093,39.1871399],[-106.8121527,39.1871697],[-106.8121457,39.18719],[-106.8122843,39.1872188],[-106.8122411,39.1873433],[-106.8122282,39.1873406]]]}},{"type":"Feature","id":"building-229347622","properties":{"kind":"building","name":"Alpine building","height":7.2},"geometry":{"type":"Polygon","coordinates":[[[-106.8002173,39.1762607],[-106.8002813,39.1763569],[-106.8001843,39.1763954],[-106.8000663,39.176217],[-106.8001363,39.1761892],[-106.8001153,39.1761583],[-106.8001243,39.1761548],[-106.8001143,39.1761387],[-106.8002823,39.1760719],[-106.8003753,39.1762125],[-106.8003553,39.1762201],[-106.8003653,39.1762342],[-106.8002873,39.1762651],[-106.8002703,39.1762395],[-106.8002173,39.1762607]]]}},{"type":"Feature","id":"building-228889273","properties":{"kind":"building","name":"Alpine building","height":7.2},"geometry":{"type":"Polygon","coordinates":[[[-106.8149516,39.1871211],[-106.8148685,39.187104],[-106.8148701,39.1870993],[-106.8148404,39.1870932],[-106.8148881,39.1869541],[-106.8149179,39.1869603],[-106.8149221,39.1869481],[-106.8150052,39.1869653],[-106.8149516,39.1871211]]]}},{"type":"Feature","id":"building-228725968","properties":{"kind":"building","name":"Alpine building","height":7.2},"geometry":{"type":"Polygon","coordinates":[[[-106.8209377,39.1843795],[-106.8209277,39.1843765],[-106.8209227,39.1843874],[-106.8208727,39.1843727],[-106.8208537,39.1844114],[-106.8207987,39.1843951],[-106.8208087,39.1843749],[-106.8207447,39.1843558],[-106.8207347,39.184376],[-106.8206837,39.1843609],[-106.8206887,39.1843494],[-106.8206377,39.184334],[-106.8207037,39.1841991],[-106.8206957,39.1841966],[-106.8207237,39.1841396],[-106.8208687,39.1841826],[-106.8208727,39.1841749],[-106.8209167,39.1841879],[-106.8209237,39.1841725],[-106.8209477,39.1841795],[-106.8209517,39.1841713],[-106.8210187,39.1841912],[-106.8210007,39.1842287],[-106.8210067,39.1842305],[-106.8209907,39.1842616],[-106.8209857,39.1842599],[-106.8209557,39.1843188],[-106.8209667,39.1843219],[-106.8209377,39.1843795]]]}},{"type":"Feature","id":"building-229360884","properties":{"kind":"building","name":"Alpine building","height":7.2},"geometry":{"type":"Polygon","coordinates":[[[-106.8001508,39.1790905],[-106.8001139,39.1791061],[-106.8001681,39.1791836],[-106.8000807,39.1792204],[-106.8000236,39.1791389],[-106.800013,39.1791434],[-106.7999913,39.1791124],[-106.8000019,39.179108],[-106.799965,39.1790553],[-106.8000525,39.1790185],[-106.8000747,39.1790502],[-106.8001117,39.1790346],[-106.8001508,39.1790905]]]}},{"type":"Feature","id":"building-229234396","properties":{"kind":"building","name":"Alpine building","height":7.2},"geometry":{"type":"Polygon","coordinates":[[[-106.8098596,39.1871567],[-106.8098264,39.1871706],[-106.8098474,39.1872006],[-106.8097287,39.1872661],[-106.8096364,39.1871658],[-106.809776,39.1870987],[-106.8097981,39.1871303],[-106.8098313,39.1871163],[-106.8098596,39.1871567]]]}},{"type":"Feature","id":"building-228725954","properties":{"kind":"building","name":"Alpine building","height":7.2},"geometry":{"type":"Polygon","coordinates":[[[-106.8195072,39.1852327],[-106.8195472,39.1852481],[-106.8195242,39.1852834],[-106.8194992,39.1853222],[-106.8194592,39.1853068],[-106.8194142,39.1853767],[-106.8194262,39.1853812],[-106.8193442,39.185509],[-106.8193372,39.1855064],[-106.8193052,39.1855559],[-106.8192492,39.185534],[-106.8192872,39.1854746],[-106.8192672,39.1854669],[-106.8193232,39.1853796],[-106.8193342,39.1853839],[-106.8193532,39.1853533],[-106.8193412,39.1853485],[-106.8193762,39.1852945],[-106.8193462,39.1852829],[-106.8194382,39.1851397],[-106.8195412,39.1851795],[-106.8195072,39.1852327]]]}},{"type":"Feature","id":"building-229340302","properties":{"kind":"building","name":"Alpine building","height":7.2},"geometry":{"type":"Polygon","coordinates":[[[-106.8028483,39.1841072],[-106.8028481,39.184131],[-106.8027477,39.1841304],[-106.8027485,39.1840523],[-106.8027101,39.1840521],[-106.8027102,39.1840437],[-106.8026411,39.1840433],[-106.8026425,39.1839061],[-106.8028188,39.1839071],[-106.8028184,39.1839447],[-106.802853,39.1839449],[-106.8028524,39.1840051],[-106.8028178,39.1840049],[-106.8028173,39.1840584],[-106.8028488,39.1840586],[-106.8028487,39.1840707],[-106.8029186,39.1840711],[-106.8029182,39.1841076],[-106.8028483,39.1841072]]]}},{"type":"Feature","id":"building-228889228","properties":{"kind":"building","name":"Alpine building","height":7.2},"geometry":{"type":"Polygon","coordinates":[[[-106.8150957,39.187169],[-106.8149711,39.1871433],[-106.8150468,39.1869227],[-106.8151715,39.1869484],[-106.8150957,39.187169]]]}},{"type":"Feature","id":"building-228889026","properties":{"kind":"building","name":"Alpine building","height":7.2},"geometry":{"type":"Polygon","coordinates":[[[-106.8137411,39.1872077],[-106.8137534,39.1872103],[-106.8137389,39.1872526],[-106.8137266,39.18725],[-106.8137166,39.1872791],[-106.8137338,39.1872827],[-106.8137112,39.1873486],[-106.8136371,39.1873333],[-106.8136488,39.1872992],[-106.8136394,39.1872972],[-106.8136277,39.1873314],[-106.8135477,39.1873149],[-106.8135703,39.1872489],[-106.8135866,39.1872523],[-106.8136188,39.1871584],[-106.8137488,39.1871853],[-106.8137411,39.1872077]]]}},{"type":"Feature","id":"building-228881684","properties":{"kind":"building","name":"Alpine building","height":7.2},"geometry":{"type":"Polygon","coordinates":[[[-106.8160102,39.1870213],[-106.8158072,39.1869796],[-106.8158322,39.1869058],[-106.8158842,39.1867554],[-106.8158912,39.1867345],[-106.8159522,39.186747],[-106.8159422,39.1867769],[-106.8160142,39.1867918],[-106.8159902,39.1868601],[-106.8160112,39.1868644],[-106.8160152,39.1868548],[-106.8160632,39.1868648],[-106.8160102,39.1870213]]]}},{"type":"Feature","id":"building-229347625","properties":{"kind":"building","name":"Alpine building","height":7.2},"geometry":{"type":"Polygon","coordinates":[[[-106.8014772,39.1828656],[-106.801465,39.1827692],[-106.8015455,39.1827631],[-106.8015471,39.1827758],[-106.801635,39.1827691],[-106.8016304,39.1827331],[-106.8017292,39.1827255],[-106.8017352,39.1827733],[-106.8017423,39.1827727],[-106.8017522,39.1828513],[-106.8016781,39.182857],[-106.8016815,39.1828833],[-106.8016401,39.1828864],[-106.8016414,39.1828961],[-106.8015234,39.1829051],[-106.801518,39.1828625],[-106.8014772,39.1828656]]]}},{"type":"Feature","id":"building-229301906","properties":{"kind":"building","name":"Alpine building","height":7.2},"geometry":{"type":"Polygon","coordinates":[[[-106.8064909,39.1864378],[-106.8065311,39.1864045],[-106.8065225,39.1863983],[-106.8065829,39.1863483],[-106.8065992,39.1863602],[-106.8066802,39.1862932],[-106.8066933,39.1863026],[-106.8067649,39.1862619],[-106.8068148,39.1863145],[-106.8067559,39.1863481],[-106.8067796,39.1863654],[-106.8066564,39.1864672],[-106.8066419,39.1864566],[-106.8066329,39.1864641],[-106.8066033,39.1864426],[-106.8065832,39.1864592],[-106.8065995,39.1865303],[-106.8065308,39.1865398],[-106.8065202,39.1864935],[-106.8065041,39.1864957],[-106.8064909,39.1864378]]]}},{"type":"Feature","id":"building-228725918","properties":{"kind":"building","name":"Alpine building","height":7.2},"geometry":{"type":"Polygon","coordinates":[[[-106.8212737,39.1841085],[-106.8211197,39.1840902],[-106.8211337,39.1840215],[-106.8211467,39.184023],[-106.8211537,39.1839878],[-106.8212587,39.1840004],[-106.8212557,39.1840185],[-106.8214307,39.1840394],[-106.8214137,39.1841252],[-106.8213397,39.1841164],[-106.8213347,39.1841419],[-106.8212687,39.184134],[-106.8212737,39.1841085]]]}},{"type":"Feature","id":"building-228889002","properties":{"kind":"building","name":"Alpine building","height":7.2},"geometry":{"type":"Polygon","coordinates":[[[-106.8138788,39.1872722],[-106.8138718,39.1872926],[-106.8138544,39.187289],[-106.8138494,39.1873035],[-106.8139401,39.1873222],[-106.8139067,39.1874194],[-106.8137859,39.1873945],[-106.8137941,39.1873707],[-106.8137549,39.1873626],[-106.8138098,39.1872027],[-106.8138371,39.1872084],[-106.8138473,39.1871788],[-106.8139365,39.1871972],[-106.8139087,39.1872783],[-106.8138788,39.1872722]]]}},{"type":"Feature","id":"building-229301932","properties":{"kind":"building","name":"Alpine building","height":7.2},"geometry":{"type":"Polygon","coordinates":[[[-106.8078149,39.1868502],[-106.8076488,39.1868511],[-106.807648,39.1867687],[-106.8078141,39.1867677],[-106.8078149,39.1868502]]]}},{"type":"Feature","id":"building-229301918","properties":{"kind":"building","name":"Alpine building","height":7.2},"geometry":{"type":"Polygon","coordinates":[[[-106.8081224,39.186957],[-106.8081473,39.1868924],[-106.8082266,39.1869107],[-106.8082018,39.1869753],[-106.8081224,39.186957]]]}},{"type":"Feature","id":"building-228889277","properties":{"kind":"building","name":"Alpine building","height":7.2},"geometry":{"type":"Polygon","coordinates":[[[-106.8130453,39.1874007],[-106.8130292,39.1873973],[-106.8130258,39.1874074],[-106.8129936,39.1874007],[-106.812997,39.1873907],[-106.812976,39.1873864],[-106.8129976,39.1873235],[-106.8130669,39.1873378],[-106.8130453,39.1874007]]]}},{"type":"Feature","id":"building-228889276","properties":{"kind":"building","name":"Alpine building","height":7.2},"geometry":{"type":"Polygon","coordinates":[[[-106.8125235,39.1874734],[-106.8124762,39.1874635],[-106.8124802,39.1874521],[-106.8122979,39.1874141],[-106.8122939,39.1874256],[-106.8122457,39.1874155],[-106.8122892,39.1872901],[-106.812567,39.1873479],[-106.8125235,39.1874734]]]}},{"type":"Feature","id":"building-228889215","properties":{"kind":"building","name":"Alpine building","height":7.2},"geometry":{"type":"Polygon","coordinates":[[[-106.8131427,39.1874167],[-106.8130757,39.1874028],[-106.8130967,39.1873417],[-106.8131637,39.1873555],[-106.8131427,39.1874167]]]}},{"type":"Feature","id":"building-228726062","properties":{"kind":"building","name":"Alpine building","height":7.2},"geometry":{"type":"Polygon","coordinates":[[[-106.8196552,39.1853346],[-106.8196562,39.1853185],[-106.8196572,39.1852994],[-106.8196692,39.1852997],[-106.8196692,39.1852916],[-106.8197262,39.1852931],[-106.8197242,39.1853433],[-106.8196672,39.1853417],[-106.8196672,39.1853349],[-106.8196552,39.1853346]]]}},{"type":"Feature","id":"building-229347670","properties":{"kind":"building","name":"Alpine building","height":7.2},"geometry":{"type":"Polygon","coordinates":[[[-106.8021246,39.1835781],[-106.8020982,39.183578],[-106.8020984,39.1835435],[-106.8021248,39.1835436],[-106.8021256,39.1834207],[-106.8022446,39.1834211],[-106.8022434,39.1836162],[-106.8021243,39.1836157],[-106.8021246,39.1835781]]]}},{"type":"Feature","id":"building-228888996","properties":{"kind":"building","name":"Alpine building","height":7.2},"geometry":{"type":"Polygon","coordinates":[[[-106.8126216,39.1874556],[-106.8126085,39.1874938],[-106.8125557,39.1874829],[-106.8125612,39.1874668],[-106.8125564,39.1874658],[-106.8125884,39.1873726],[-106.8125932,39.1873735],[-106.8125981,39.1873593],[-106.8126509,39.1873702],[-106.812646,39.1873844],[-106.812667,39.1873888],[-106.8126425,39.1874599],[-106.8126216,39.1874556]]]}},{"type":"Feature","id":"building-228725975","properties":{"kind":"building","name":"The Little Nell","height":7.2},"geometry":{"type":"Polygon","coordinates":[[[-106.8179781,39.1865311],[-106.8178901,39.1867976],[-106.8178181,39.1868259],[-106.8172941,39.1867217],[-106.8172731,39.1866916],[-106.8171951,39.1867249],[-106.8171401,39.1866477],[-106.8172181,39.1866145],[-106.8172061,39.1865969],[-106.8173031,39.1863036],[-106.8173661,39.1862516],[-106.8173221,39.1862193],[-106.8174221,39.1861373],[-106.8174661,39.1861696],[-106.8176571,39.1860132],[-106.8177031,39.1860127],[-106.8177351,39.1860367],[-106.8177731,39.186035],[-106.8178071,39.1860606],[-106.8178071,39.1860895],[-106.8178681,39.1861336],[-106.8178691,39.1861688],[-106.8177981,39.186227],[-106.8177641,39.1862016],[-106.8175051,39.1864136],[-106.8174801,39.1864898],[-106.8175311,39.1865689],[-106.8177791,39.1866182],[-106.8178191,39.1864994],[-106.8178541,39.1864846],[-106.8179571,39.1865051],[-106.8179781,39.1865311]]]}},{"type":"Feature","id":"building-229301952","properties":{"kind":"building","name":"Alpine building","height":7.2},"geometry":{"type":"Polygon","coordinates":[[[-106.8074825,39.1867954],[-106.8073152,39.1867882],[-106.8073213,39.1867025],[-106.8074886,39.1867096],[-106.8074825,39.1867954]]]}},{"type":"Feature","id":"building-228725916","properties":{"kind":"building","name":"Alpine building","height":7.2},"geometry":{"type":"Polygon","coordinates":[[[-106.8199982,39.1851573],[-106.8198922,39.1850624],[-106.8200582,39.1849502],[-106.8201652,39.1850452],[-106.8201482,39.1850563],[-106.8201622,39.1850685],[-106.8201002,39.1851099],[-106.8200872,39.1850976],[-106.8200742,39.185106],[-106.8200882,39.1851182],[-106.8200252,39.1851606],[-106.8200112,39.1851484],[-106.8199982,39.1851573]]]}},{"type":"Feature","id":"building-229301903","properties":{"kind":"building","name":"Alpine building","height":7.2},"geometry":{"type":"Polygon","coordinates":[[[-106.804853,39.185706],[-106.8048503,39.1856966],[-106.8048093,39.1857035],[-106.8048054,39.1856896],[-106.8047803,39.1856939],[-106.8047732,39.1856686],[-106.8047982,39.1856643],[-106.8047955,39.1856548],[-106.8047149,39.1856685],[-106.8046965,39.1856037],[-106.8047772,39.18559],[-106.8047711,39.1855684],[-106.804812,39.1855614],[-106.8048271,39.1856147],[-106.8049126,39.1856001],[-106.8049298,39.185661],[-106.8049641,39.1856552],[-106.8049822,39.1857188],[-106.8049014,39.1857325],[-106.804892,39.1856993],[-106.804853,39.185706]]]}},{"type":"Feature","id":"building-228889136","properties":{"kind":"building","name":"Alpine building","height":7.2},"geometry":{"type":"Polygon","coordinates":[[[-106.8152501,39.1872009],[-106.8151225,39.1871746],[-106.8151626,39.1870578],[-106.8152902,39.1870841],[-106.8152501,39.1872009]]]}},{"type":"Feature","id":"building-229360880","properties":{"kind":"building","name":"Alpine building","height":7.2},"geometry":{"type":"Polygon","coordinates":[[[-106.8004804,39.1810463],[-106.8003418,39.1810016],[-106.8003272,39.1810287],[-106.8002621,39.1810077],[-106.8002828,39.1809693],[-106.8002998,39.1809748],[-106.8003538,39.1808743],[-106.8004732,39.1809128],[-106.8004615,39.1809345],[-106.8005154,39.1809519],[-106.8004826,39.1810132],[-106.8004959,39.1810175],[-106.8004804,39.1810463]]]}},{"type":"Feature","id":"building-228725919","properties":{"kind":"building","name":"Alpine building","height":7.2},"geometry":{"type":"Polygon","coordinates":[[[-106.8198542,39.1853029],[-106.8197262,39.1852252],[-106.8198632,39.1850908],[-106.8199902,39.1851685],[-106.8199772,39.1851818],[-106.8199932,39.1851918],[-106.8199432,39.1852414],[-106.8199262,39.1852314],[-106.8199162,39.1852414],[-106.8199332,39.1852514],[-106.8198812,39.1853023],[-106.8198652,39.1852923],[-106.8198542,39.1853029]]]}},{"type":"Feature","id":"building-228725950","properties":{"kind":"building","name":"Alpine building","height":7.2},"geometry":{"type":"Polygon","coordinates":[[[-106.8210097,39.1846052],[-106.8210187,39.1846071],[-106.8209777,39.1847267],[-106.8207907,39.1846876],[-106.8207977,39.1846666],[-106.8207537,39.1846575],[-106.8207467,39.1846785],[-106.8205607,39.1846395],[-106.8206027,39.1845199],[-106.8206207,39.1845237],[-106.8206257,39.1845088],[-106.8207847,39.184542],[-106.8207797,39.184557],[-106.8207887,39.1845588],[-106.8207757,39.1845939],[-106.8208197,39.184603],[-106.8208317,39.1845679],[-106.8208447,39.1845707],[-106.8208497,39.1845557],[-106.8210147,39.1845902],[-106.8210097,39.1846052]]]}},{"type":"Feature","id":"building-229301971","properties":{"kind":"building","name":"Alpine building","height":7.2},"geometry":{"type":"Polygon","coordinates":[[[-106.808354,39.1871721],[-106.8082425,39.1870999],[-106.8083554,39.1869951],[-106.8083906,39.1870179],[-106.8084057,39.1870039],[-106.8084567,39.1870369],[-106.8083877,39.1871009],[-106.8084131,39.1871173],[-106.808354,39.1871721]]]}},{"type":"Feature","id":"building-229360881","properties":{"kind":"building","name":"Alpine building","height":7.2},"geometry":{"type":"Polygon","coordinates":[[[-106.8007855,39.181897],[-106.8007974,39.1818962],[-106.8007931,39.181854],[-106.8009049,39.1818471],[-106.8009085,39.1818821],[-106.8009278,39.1818809],[-106.8009399,39.1819993],[-106.8009207,39.1820005],[-106.8009238,39.1820313],[-106.800812,39.1820382],[-106.800808,39.1819991],[-106.800796,39.1819999],[-106.8007855,39.181897]]]}},{"type":"Feature","id":"building-228881677","properties":{"kind":"building","name":"Alpine building","height":7.2},"geometry":{"type":"Polygon","coordinates":[[[-106.8161064,39.1869435],[-106.8161327,39.1868669],[-106.8160697,39.1868539],[-106.8161015,39.1867609],[-106.8164284,39.1868282],[-106.8164207,39.1868508],[-106.8164502,39.1868568],[-106.8163681,39.1870961],[-106.8161767,39.1870566],[-106.8162083,39.1869646],[-106.8161064,39.1869435]]]}},{"type":"Feature","id":"building-229360908","properties":{"kind":"building","name":"Alpine building","height":7.2},"geometry":{"type":"Polygon","coordinates":[[[-106.8007146,39.1816207],[-106.80075,39.181691],[-106.8007375,39.1816948],[-106.8007624,39.1817442],[-106.8007081,39.1817607],[-106.8007146,39.1817735],[-106.8006601,39.18179],[-106.8005983,39.1816672],[-106.8006177,39.1816613],[-106.8005896,39.1816054],[-106.8005806,39.1816081],[-106.8005361,39.1815197],[-106.8005882,39.181504],[-106.800593,39.1815136],[-106.8006518,39.1814958],[-106.800675,39.1815419],[-106.8006881,39.1815379],[-106.8007277,39.1816167],[-106.8007146,39.1816207]]]}},{"type":"Feature","id":"building-228725932","properties":{"kind":"building","name":"Alpine building","height":7.2},"geometry":{"type":"Polygon","coordinates":[[[-106.8191513,39.185775],[-106.8191383,39.1857425],[-106.8191193,39.185747],[-106.8191103,39.1857247],[-106.8191293,39.1857201],[-106.8191183,39.1856934],[-106.8191353,39.185689],[-106.8191413,39.1857024],[-106.8192353,39.185679],[-106.8192283,39.185663],[-106.8192543,39.1856567],[-106.8192813,39.1856923],[-106.8192933,39.1857201],[-106.8192753,39.1857442],[-106.8191513,39.185775]]]}},{"type":"Feature","id":"building-229360946","properties":{"kind":"building","name":"Alpine building","height":7.2},"geometry":{"type":"Polygon","coordinates":[[[-106.8005917,39.1813999],[-106.8004828,39.1813815],[-106.8004934,39.1813435],[-106.8003914,39.1813263],[-106.8004178,39.1812322],[-106.8006287,39.1812677],[-106.8005917,39.1813999]]]}},{"type":"Feature","id":"building-229301920","properties":{"kind":"building","name":"Alpine building","height":7.2},"geometry":{"type":"Polygon","coordinates":[[[-106.8060518,39.1861947],[-106.8061407,39.1862471],[-106.8059598,39.1864318],[-106.8058708,39.1863795],[-106.8060518,39.1861947]]]}},{"type":"Feature","id":"building-228725947","properties":{"kind":"building","name":"Alpine building","height":7.2},"geometry":{"type":"Polygon","coordinates":[[[-106.8202544,39.1849945],[-106.8202214,39.1849876],[-106.8202934,39.1847819],[-106.8203264,39.1847889],[-106.8203194,39.1848092],[-106.8204014,39.1848264],[-106.8203944,39.1848472],[-106.8205024,39.1848699],[-106.8205174,39.1848264],[-106.8207314,39.1848712],[-106.8206674,39.185055],[-106.8205964,39.1850403],[-106.8206044,39.1850173],[-106.8204884,39.184993],[-106.8204724,39.1850397],[-106.8203644,39.1850171],[-106.8203574,39.1850376],[-106.8203254,39.1850308],[-106.8203374,39.1849949],[-106.8202604,39.1849787],[-106.8202544,39.1849945]]]}},{"type":"Feature","id":"building-228889201","properties":{"kind":"building","name":"Alpine building","height":7.2},"geometry":{"type":"Polygon","coordinates":[[[-106.8130806,39.1875895],[-106.8129276,39.1875579],[-106.8129803,39.1874045],[-106.8131333,39.187436],[-106.8130806,39.1875895]]]}},{"type":"Feature","id":"building-228889250","properties":{"kind":"building","name":"Alpine building","height":7.2},"geometry":{"type":"Polygon","coordinates":[[[-106.8143594,39.1874965],[-106.8141664,39.1874567],[-106.8141924,39.1873809],[-106.8142824,39.1873994],[-106.8143354,39.1872462],[-106.8144384,39.1872674],[-106.8143594,39.1874965]]]}},{"type":"Feature","id":"building-228889269","properties":{"kind":"building","name":"Alpine building","height":7.2},"geometry":{"type":"Polygon","coordinates":[[[-106.8144535,39.1874965],[-106.8143765,39.1874806],[-106.8144295,39.187327],[-106.8144345,39.187328],[-106.8144485,39.1872878],[-106.8145155,39.1873015],[-106.8145015,39.1873418],[-106.8145065,39.1873429],[-106.8144535,39.1874965]]]}},{"type":"Feature","id":"building-229301866","properties":{"kind":"building","name":"Alpine building","height":7.2},"geometry":{"type":"Polygon","coordinates":[[[-106.8051118,39.1860386],[-106.8050389,39.1860893],[-106.8049611,39.1860221],[-106.805034,39.1859714],[-106.8050255,39.1859641],[-106.8051929,39.1858478],[-106.8052333,39.1858827],[-106.8052245,39.1858888],[-106.805247,39.1859083],[-106.8052784,39.1858864],[-106.805322,39.1859241],[-106.8052747,39.185957],[-106.8052627,39.1859467],[-106.8051201,39.1860458],[-106.8051118,39.1860386]]]}},{"type":"Feature","id":"building-228888961","properties":{"kind":"building","name":"Alpine building","height":7.2},"geometry":{"type":"Polygon","coordinates":[[[-106.8132811,39.1876295],[-106.813124,39.187597],[-106.8131361,39.187562],[-106.8131398,39.1875628],[-106.8131561,39.1875153],[-106.8131595,39.187516],[-106.8131986,39.1874023],[-106.8133125,39.1874259],[-106.8133081,39.1874387],[-106.8133279,39.1874428],[-106.8132983,39.1875289],[-106.8133145,39.1875323],[-106.8132811,39.1876295]]]}},{"type":"Feature","id":"building-229234167","properties":{"kind":"building","name":"Alpine building","height":7.2},"geometry":{"type":"Polygon","coordinates":[[[-106.8095603,39.1873943],[-106.8096044,39.1873761],[-106.8095812,39.1873424],[-106.8096058,39.1872934],[-106.8096648,39.187308],[-106.8096879,39.1873418],[-106.8097358,39.187322],[-106.8097805,39.1873873],[-106.8097326,39.187407],[-106.8097592,39.1874458],[-106.8096756,39.1874802],[-106.809649,39.1874414],[-106.8096049,39.1874595],[-106.8095497,39.1874434],[-106.8095603,39.1873943]]]}},{"type":"Feature","id":"building-229360930","properties":{"kind":"building","name":"Alpine building","height":7.2},"geometry":{"type":"Polygon","coordinates":[[[-106.8010377,39.1824029],[-106.8009024,39.1823834],[-106.8009395,39.182229],[-106.8010747,39.1822485],[-106.8010377,39.1824029]]]}},{"type":"Feature","id":"building-1065371986","properties":{"kind":"building","name":"Alpine building","height":7.2},"geometry":{"type":"Polygon","coordinates":[[[-106.7997847,39.1787585],[-106.7998611,39.1786892],[-106.799823,39.178664],[-106.7998279,39.1786595],[-106.7997943,39.1786372],[-106.799798,39.1786338],[-106.799687,39.17856],[-106.7996689,39.1785763],[-106.7995906,39.1785242],[-106.7995774,39.1785362],[-106.7995706,39.1785316],[-106.7995276,39.1785706],[-106.7995348,39.1785754],[-106.7995236,39.1785855],[-106.7997847,39.1787585]]]}},{"type":"Feature","id":"building-229360945","properties":{"kind":"building","name":"Alpine building","height":7.2},"geometry":{"type":"Polygon","coordinates":[[[-106.8002515,39.1807396],[-106.8001254,39.1807823],[-106.8000442,39.1806381],[-106.8001305,39.1806089],[-106.8001524,39.1806478],[-106.8001922,39.1806343],[-106.8002515,39.1807396]]]}},{"type":"Feature","id":"building-228889229","properties":{"kind":"building","name":"Alpine building","height":7.2},"geometry":{"type":"Polygon","coordinates":[[[-106.8117292,39.1876285],[-106.8116232,39.1876066],[-106.8116552,39.1875143],[-106.8117612,39.1875363],[-106.8117292,39.1876285]]]}},{"type":"Feature","id":"building-229301845","properties":{"kind":"building","name":"Alpine building","height":7.2},"geometry":{"type":"Polygon","coordinates":[[[-106.8079523,39.1870398],[-106.8079597,39.1869759],[-106.8080166,39.1869799],[-106.8080092,39.1870437],[-106.8080041,39.1870434],[-106.808,39.1870794],[-106.808005,39.1870798],[-106.8080013,39.1871124],[-106.8079443,39.1871085],[-106.8079481,39.1870758],[-106.8079571,39.1870765],[-106.8079613,39.1870404],[-106.8079523,39.1870398]]]}},{"type":"Feature","id":"building-228725940","properties":{"kind":"building","name":"Alpine building","height":7.2},"geometry":{"type":"Polygon","coordinates":[[[-106.8198362,39.1855163],[-106.8196672,39.1855117],[-106.8196682,39.1854747],[-106.8196922,39.1854754],[-106.8196962,39.185397],[-106.8196722,39.1853964],[-106.8196742,39.1853506],[-106.8198442,39.1853552],[-106.8198432,39.1853674],[-106.8198642,39.185368],[-106.8198612,39.185431],[-106.8198402,39.1854304],[-106.8198402,39.1854431],[-106.8198612,39.1854437],[-106.8198582,39.1855083],[-106.8198372,39.1855078],[-106.8198362,39.1855163]]]}},{"type":"Feature","id":"building-229347646","properties":{"kind":"building","name":"Alpine building","height":7.2},"geometry":{"type":"Polygon","coordinates":[[[-106.8001899,39.1754895],[-106.8002143,39.1755176],[-106.8001414,39.1755556],[-106.8001162,39.1755266],[-106.8000933,39.1755003],[-106.8000183,39.1755395],[-106.799857,39.175531],[-106.7998663,39.1754235],[-106.7998793,39.1754242],[-106.7998813,39.1754018],[-106.7999469,39.1754053],[-106.7999449,39.1754275],[-106.7999655,39.1754286],[-106.8000109,39.1754045],[-106.7999794,39.1753685],[-106.8000491,39.1753318],[-106.800081,39.1753683],[-106.8001275,39.1753441],[-106.8001527,39.1752944],[-106.8001348,39.1752889],[-106.8001576,39.1752447],[-106.8001757,39.1752504],[-106.8001812,39.1752398],[-106.8003051,39.1752783],[-106.8002891,39.1753093],[-106.8003908,39.1753408],[-106.8003373,39.1754445],[-106.8002354,39.1754129],[-106.8002254,39.1754322],[-106.8001667,39.1754628],[-106.8001899,39.1754895]]]}},{"type":"Feature","id":"building-228889171","properties":{"kind":"building","name":"Alpine building","height":7.2},"geometry":{"type":"Polygon","coordinates":[[[-106.8145879,39.1874465],[-106.8145129,39.1874311],[-106.8145589,39.1872974],[-106.8146339,39.1873129],[-106.8145879,39.1874465]]]}},{"type":"Feature","id":"building-229360933","properties":{"kind":"building","name":"Alpine building","height":7.2},"geometry":{"type":"Polygon","coordinates":[[[-106.800041,39.1804595],[-106.7999303,39.1804434],[-106.7999841,39.1802208],[-106.8000948,39.1802369],[-106.800041,39.1804595]]]}},{"type":"Feature","id":"building-228889013","properties":{"kind":"building","name":"Alpine building","height":7.2},"geometry":{"type":"Polygon","coordinates":[[[-106.8135033,39.1875766],[-106.8135005,39.1875845],[-106.8134599,39.1875761],[-106.8134626,39.1875682],[-106.8134497,39.1875656],[-106.8134669,39.1875155],[-106.8134487,39.1875118],[-106.8134739,39.1874383],[-106.8134963,39.1874429],[-106.8134999,39.1874323],[-106.8135783,39.1874485],[-106.8135747,39.187459],[-106.8135796,39.1874601],[-106.8135371,39.1875836],[-106.8135033,39.1875766]]]}},{"type":"Feature","id":"building-229301928","properties":{"kind":"building","name":"Alpine building","height":7.2},"geometry":{"type":"Polygon","coordinates":[[[-106.8068721,39.1868598],[-106.8068029,39.1867919],[-106.8070439,39.1866442],[-106.8071131,39.1867121],[-106.8068721,39.1868598]]]}},{"type":"Feature","id":"building-229234309","properties":{"kind":"building","name":"Alpine building","height":7.2},"geometry":{"type":"Polygon","coordinates":[[[-106.8108064,39.1876132],[-106.8107251,39.1875581],[-106.8108183,39.1874755],[-106.8108996,39.1875306],[-106.8108064,39.1876132]]]}},{"type":"Feature","id":"building-229347639","properties":{"kind":"building","name":"Alpine building","height":7.2},"geometry":{"type":"Polygon","coordinates":[[[-106.8014215,39.1832197],[-106.8014775,39.1832004],[-106.8015479,39.1832387],[-106.8015617,39.1832235],[-106.8015527,39.1832064],[-106.8015538,39.1831811],[-106.8015667,39.1831592],[-106.8015887,39.183143],[-106.8016194,39.1831338],[-106.8016509,39.1831346],[-106.8016795,39.1831446],[-106.8017013,39.1831625],[-106.8017124,39.1831848],[-106.8017123,39.1832074],[-106.8016993,39.1832316],[-106.8016787,39.1832475],[-106.8016472,39.1832577],[-106.8016183,39.1832577],[-106.8015925,39.1832494],[-106.8015843,39.1832585],[-106.8015961,39.183265],[-106.8015659,39.1832982],[-106.8014215,39.1832197]]]}},{"type":"Feature","id":"building-229340382","properties":{"kind":"building","name":"Alpine building","height":7.2},"geometry":{"type":"Polygon","coordinates":[[[-106.8027927,39.1843635],[-106.8027567,39.1843684],[-106.8027867,39.184502],[-106.8027227,39.1845105],[-106.8026937,39.1843769],[-106.8026567,39.1843818],[-106.8026267,39.1842456],[-106.8027627,39.1842273],[-106.8027927,39.1843635]]]}},{"type":"Feature","id":"building-229234312","properties":{"kind":"building","name":"Alpine building","height":7.2},"geometry":{"type":"Polygon","coordinates":[[[-106.8100234,39.1875458],[-106.809939,39.1875434],[-106.8099445,39.1874283],[-106.8100289,39.1874307],[-106.8100234,39.1875458]]]}},{"type":"Feature","id":"building-229347611","properties":{"kind":"building","name":"Alpine building","height":7.2},"geometry":{"type":"Polygon","coordinates":[[[-106.802192,39.183798],[-106.8022119,39.183798],[-106.8022114,39.1838703],[-106.8021916,39.1838702],[-106.802191,39.1839488],[-106.802001,39.183948],[-106.8020017,39.1838419],[-106.8021074,39.1838423],[-106.8021078,39.1837844],[-106.8021921,39.1837847],[-106.802192,39.183798]]]}},{"type":"Feature","id":"building-229360918","properties":{"kind":"building","name":"Alpine building","height":7.2},"geometry":{"type":"Polygon","coordinates":[[[-106.7997997,39.1800179],[-106.7997846,39.1799657],[-106.7997792,39.1799667],[-106.7997519,39.1798722],[-106.7998648,39.1798526],[-106.7998822,39.1799128],[-106.7998915,39.1799112],[-106.7999012,39.1799449],[-106.7998919,39.1799465],[-106.7999076,39.1800006],[-106.7998903,39.1800036],[-106.7999099,39.1800713],[-106.7999199,39.1800695],[-106.7999265,39.1800924],[-106.7999165,39.1800941],[-106.7999341,39.1801549],[-106.7998833,39.1801637],[-106.7998857,39.1801719],[-106.7998265,39.1801821],[-106.7997981,39.180084],[-106.7998038,39.180083],[-106.7997857,39.1800204],[-106.7997997,39.1800179]]]}},{"type":"Feature","id":"building-1065325851","properties":{"kind":"building","name":"Alpine building","height":7.2},"geometry":{"type":"Polygon","coordinates":[[[-106.8165175,39.1871271],[-106.8163821,39.1871004],[-106.8164616,39.186858],[-106.8165432,39.1868741],[-106.8165042,39.1869933],[-106.8165579,39.1870038],[-106.8165175,39.1871271]]]}},{"type":"Feature","id":"building-228725957","properties":{"kind":"building","name":"Alpine building","height":7.2},"geometry":{"type":"Polygon","coordinates":[[[-106.8193263,39.1857839],[-106.8193163,39.1857776],[-106.8193373,39.1857588],[-106.8193283,39.1857533],[-106.8193593,39.185725],[-106.8193513,39.1857199],[-106.8193853,39.1856889],[-106.8193933,39.185694],[-106.8194273,39.1856629],[-106.8195073,39.1857152],[-106.8194733,39.1857463],[-106.8194853,39.1857542],[-106.8194773,39.1857611],[-106.8194793,39.1857627],[-106.8194643,39.1857772],[-106.8194613,39.1857756],[-106.8194503,39.1857852],[-106.8194393,39.1857773],[-106.8194083,39.1858056],[-106.8193983,39.1857994],[-106.8193783,39.1858181],[-106.8193683,39.1858118],[-106.8193633,39.1858167],[-106.8193203,39.1857887],[-106.8193263,39.1857839]]]}},{"type":"Feature","id":"building-228881646","properties":{"kind":"building","name":"City Market","height":7.2},"geometry":{"type":"Polygon","coordinates":[[[-106.8155522,39.1872521],[-106.8154922,39.1872398],[-106.8155342,39.1871193],[-106.8155442,39.1871213],[-106.8155822,39.1870096],[-106.8156322,39.1870198],[-106.8156372,39.1870036],[-106.8160852,39.1870958],[-106.8160482,39.1872034],[-106.8160602,39.1872059],[-106.8160312,39.1872919],[-106.8160192,39.1872895],[-106.8159952,39.18736],[-106.8159522,39.1873512],[-106.8159462,39.1873699],[-106.8155402,39.1872865],[-106.8155522,39.1872521]]]}},{"type":"Feature","id":"building-228888975","properties":{"kind":"building","name":"Alpine building","height":7.2},"geometry":{"type":"Polygon","coordinates":[[[-106.8134188,39.1876584],[-106.8133874,39.1876519],[-106.8133859,39.1876563],[-106.8133362,39.187646],[-106.8133404,39.1876338],[-106.8133262,39.1876309],[-106.8133437,39.1875801],[-106.8133364,39.1875786],[-106.8133631,39.1875011],[-106.8134464,39.1875183],[-106.8134228,39.1875869],[-106.813442,39.1875909],[-106.8134188,39.1876584]]]}},{"type":"Feature","id":"building-229234197","properties":{"kind":"building","name":"Alpine building","height":7.2},"geometry":{"type":"Polygon","coordinates":[[[-106.8110349,39.1876445],[-106.811083,39.1875945],[-106.8111284,39.1876206],[-106.8111365,39.187587],[-106.8112141,39.1875981],[-106.8112079,39.1876236],[-106.8112236,39.1876261],[-106.8112096,39.1876794],[-106.8111951,39.1876771],[-106.8111888,39.1877035],[-106.8111112,39.1876923],[-106.8110761,39.1876721],[-106.8110317,39.1877183],[-106.8109754,39.1876859],[-106.8109515,39.1877108],[-106.8108717,39.1876648],[-106.8109423,39.1875912],[-106.8110349,39.1876445]]]}},{"type":"Feature","id":"building-228725936","properties":{"kind":"building","name":"Alpine building","height":7.2},"geometry":{"type":"Polygon","coordinates":[[[-106.8197012,39.1857126],[-106.8195492,39.185654],[-106.8195712,39.1856208],[-106.8195922,39.1856291],[-106.8196372,39.185559],[-106.8196162,39.1855507],[-106.8196422,39.1855096],[-106.8197942,39.1855683],[-106.8197872,39.1855792],[-106.8198062,39.1855864],[-106.8197702,39.1856428],[-106.8197512,39.1856356],[-106.8197442,39.185647],[-106.8197622,39.1856542],[-106.8197252,39.1857121],[-106.8197062,39.1857049],[-106.8197012,39.1857126]]]}},{"type":"Feature","id":"building-228889139","properties":{"kind":"building","name":"Chateau Blanc","height":7.2},"geometry":{"type":"Polygon","coordinates":[[[-106.8137957,39.1877392],[-106.81354,39.1876864],[-106.8136201,39.187453],[-106.8138759,39.1875057],[-106.8137957,39.1877392]]]}},{"type":"Feature","id":"building-228889151","properties":{"kind":"building","name":"Alpine building","height":7.2},"geometry":{"type":"Polygon","coordinates":[[[-106.8148527,39.187563],[-106.8146057,39.1875121],[-106.8146647,39.1873401],[-106.8149117,39.187391],[-106.8148527,39.187563]]]}},{"type":"Feature","id":"building-229360894","properties":{"kind":"building","name":"Alpine building","height":7.2},"geometry":{"type":"Polygon","coordinates":[[[-106.8010339,39.1825673],[-106.8010688,39.1826403],[-106.8009375,39.1826779],[-106.8008892,39.1825769],[-106.8008846,39.1825783],[-106.8008617,39.1825304],[-106.8008715,39.1825275],[-106.8008573,39.182498],[-106.8009157,39.1824812],[-106.8009234,39.1824973],[-106.8009912,39.1824779],[-106.8010153,39.1825283],[-106.8010588,39.1825281],[-106.8010591,39.1825672],[-106.8010339,39.1825673]]]}},{"type":"Feature","id":"building-229234257","properties":{"kind":"building","name":"Alpine building","height":7.2},"geometry":{"type":"Polygon","coordinates":[[[-106.8087869,39.1874606],[-106.8087135,39.187447],[-106.8087619,39.1872897],[-106.8088354,39.1873033],[-106.8087869,39.1874606]]]}},{"type":"Feature","id":"building-228725955","properties":{"kind":"building","name":"Alpine building","height":7.2},"geometry":{"type":"Polygon","coordinates":[[[-106.8216117,39.1840327],[-106.8217817,39.1840685],[-106.8217767,39.184083],[-106.8218267,39.1840936],[-106.8218197,39.1841123],[-106.8218247,39.1841133],[-106.8218157,39.1841383],[-106.8218107,39.1841373],[-106.8218057,39.1841532],[-106.8217927,39.1841505],[-106.8217787,39.1841895],[-106.8217657,39.1841868],[-106.8217607,39.1842015],[-106.8216967,39.184188],[-106.8217027,39.1841733],[-106.8216497,39.1841622],[-106.8216477,39.1841677],[-106.8216107,39.1841598],[-106.8216007,39.1841872],[-106.8215537,39.1841773],[-106.8215697,39.1841339],[-106.8214927,39.1841178],[-106.8215247,39.1840295],[-106.8216067,39.1840471],[-106.8216117,39.1840327]]]}},{"type":"Feature","id":"building-229234174","properties":{"kind":"building","name":"Alpine building","height":7.2},"geometry":{"type":"Polygon","coordinates":[[[-106.8086944,39.1872091],[-106.8087154,39.187213],[-106.8086998,39.1872637],[-106.8087247,39.1872683],[-106.808685,39.1873971],[-106.8086391,39.1873886],[-106.8086104,39.1874816],[-106.8085683,39.1874738],[-106.8085635,39.1874892],[-106.808505,39.1874784],[-106.8085263,39.1874095],[-106.8085083,39.1874061],[-106.8085809,39.1871706],[-106.8086995,39.1871925],[-106.8086944,39.1872091]]]}},{"type":"Feature","id":"building-229301945","properties":{"kind":"building","name":"Alpine building","height":7.2},"geometry":{"type":"Polygon","coordinates":[[[-106.8063099,39.1865819],[-106.8061473,39.1866851],[-106.806074,39.1866157],[-106.8062367,39.1865125],[-106.8063099,39.1865819]]]}},{"type":"Feature","id":"building-229360871","properties":{"kind":"building","name":"Alpine building","height":7.2},"geometry":{"type":"Polygon","coordinates":[[[-106.7996053,39.179703],[-106.7995909,39.1796742],[-106.7997709,39.1796201],[-106.799811,39.1797001],[-106.7997218,39.1797269],[-106.7997349,39.179753],[-106.799644,39.1797804],[-106.7996259,39.1797443],[-106.7995967,39.1797531],[-106.799576,39.1797118],[-106.7996053,39.179703]]]}},{"type":"Feature","id":"building-228889283","properties":{"kind":"building","name":"Alpine building","height":7.2},"geometry":{"type":"Polygon","coordinates":[[[-106.8124462,39.1877901],[-106.8122422,39.187748],[-106.8122642,39.1876844],[-106.8122972,39.1876697],[-106.8123002,39.1876603],[-106.8124522,39.1876915],[-106.8124482,39.187701],[-106.8124682,39.1877264],[-106.8124462,39.1877901]]]}},{"type":"Feature","id":"building-229301835","properties":{"kind":"building","name":"Alpine building","height":7.2},"geometry":{"type":"Polygon","coordinates":[[[-106.804317,39.1858244],[-106.8042712,39.1857692],[-106.8043659,39.1857221],[-106.8043552,39.1857092],[-106.8043919,39.185691],[-106.8044049,39.1857066],[-106.8044512,39.1856835],[-106.8044773,39.1857149],[-106.8044897,39.1857087],[-106.8045071,39.1857297],[-106.804317,39.1858244]]]}},{"type":"Feature","id":"building-228889235","properties":{"kind":"building","name":"Alpine building","height":7.2},"geometry":{"type":"Polygon","coordinates":[[[-106.8117392,39.1877801],[-106.8115902,39.1877493],[-106.8116212,39.1876586],[-106.8117272,39.1876804],[-106.8117212,39.1876961],[-106.8117652,39.1877052],[-106.8117392,39.1877801]]]}},{"type":"Feature","id":"building-229234188","properties":{"kind":"building","name":"Alpine building","height":7.2},"geometry":{"type":"Polygon","coordinates":[[[-106.8104909,39.1876519],[-106.8104939,39.1876644],[-106.8105069,39.1876626],[-106.8105207,39.187722],[-106.810446,39.1877325],[-106.8104322,39.1876732],[-106.8103827,39.1876801],[-106.8103647,39.1876027],[-106.8104759,39.1875871],[-106.8104777,39.1875948],[-106.8106037,39.1875772],[-106.810608,39.1875955],[-106.8106141,39.1875947],[-106.8106366,39.1876914],[-106.8105455,39.1877042],[-106.810532,39.1876462],[-106.8104909,39.1876519]]]}},{"type":"Feature","id":"building-228889267","properties":{"kind":"building","name":"Alpine building","height":7.2},"geometry":{"type":"Polygon","coordinates":[[[-106.8117902,39.1877846],[-106.8118482,39.1876147],[-106.8119922,39.1876445],[-106.8119722,39.1877021],[-106.8119532,39.187698],[-106.8119362,39.1877487],[-106.8119552,39.1877527],[-106.8119342,39.1878143],[-106.8117902,39.1877846]]]}},{"type":"Feature","id":"building-228889231","properties":{"kind":"building","name":"Alpine building","height":7.2},"geometry":{"type":"Polygon","coordinates":[[[-106.8121462,39.187826],[-106.8119782,39.1877913],[-106.8120242,39.1876576],[-106.8121922,39.1876922],[-106.8121462,39.187826]]]}},{"type":"Feature","id":"building-228726060","properties":{"kind":"building","name":"Alpine building","height":7.2},"geometry":{"type":"Polygon","coordinates":[[[-106.8216997,39.1842626],[-106.8216047,39.1842425],[-106.8216197,39.1842003],[-106.8216527,39.1842074],[-106.8216587,39.1841909],[-106.8217317,39.1842063],[-106.8217207,39.1842384],[-106.8217097,39.184236],[-106.8216997,39.1842626]]]}},{"type":"Feature","id":"building-229234191","properties":{"kind":"building","name":"Alpine building","height":7.2},"geometry":{"type":"Polygon","coordinates":[[[-106.8081756,39.1872455],[-106.8081972,39.1871752],[-106.8082725,39.1871892],[-106.808276,39.1871776],[-106.808341,39.1871896],[-106.8083186,39.1872621],[-106.8082821,39.1872553],[-106.8082767,39.1872728],[-106.808324,39.1872816],[-106.8082858,39.1874057],[-106.8082385,39.187397],[-106.8082219,39.1874509],[-106.8082008,39.187447],[-106.8081858,39.187496],[-106.8081177,39.1874834],[-106.8081901,39.1872482],[-106.8081756,39.1872455]]]}},{"type":"Feature","id":"building-229360888","properties":{"kind":"building","name":"Alpine building","height":7.2},"geometry":{"type":"Polygon","coordinates":[[[-106.8001865,39.1814556],[-106.8001148,39.1815549],[-106.799987,39.1814994],[-106.8000911,39.1813553],[-106.8001134,39.1813356],[-106.8001372,39.1813229],[-106.8001669,39.1813175],[-106.8002085,39.1813251],[-106.8002319,39.1813473],[-106.8002403,39.1813768],[-106.8002294,39.1814066],[-106.8002459,39.1814323],[-106.8001893,39.1814586],[-106.8001865,39.1814556]]]}},{"type":"Feature","id":"building-229347655","properties":{"kind":"building","name":"Alpine building","height":7.2},"geometry":{"type":"Polygon","coordinates":[[[-106.8021619,39.1840465],[-106.8021729,39.1841194],[-106.8020739,39.1841285],[-106.8020629,39.1840555],[-106.8021619,39.1840465]]]}},{"type":"Feature","id":"building-229234400","properties":{"kind":"building","name":"Alpine building","height":7.2},"geometry":{"type":"Polygon","coordinates":[[[-106.8095942,39.1875645],[-106.8096239,39.1875646],[-106.8096222,39.1877515],[-106.8094638,39.1877506],[-106.8094655,39.1875638],[-106.8094968,39.1875639],[-106.8094972,39.18752],[-106.8095946,39.1875206],[-106.8095942,39.1875645]]]}},{"type":"Feature","id":"building-228726047","properties":{"kind":"building","name":"Alpine building","height":7.2},"geometry":{"type":"Polygon","coordinates":[[[-106.8207434,39.1851097],[-106.8206954,39.1850998],[-106.8207374,39.1849806],[-106.8207844,39.1849906],[-106.8207864,39.1849854],[-106.8208204,39.1849925],[-106.8207754,39.1851198],[-106.8207424,39.1851127],[-106.8207434,39.1851097]]]}},{"type":"Feature","id":"building-229301909","properties":{"kind":"building","name":"Alpine building","height":7.2},"geometry":{"type":"Polygon","coordinates":[[[-106.8055187,39.1864468],[-106.8055021,39.1864599],[-106.8054228,39.1863994],[-106.8054923,39.1863446],[-106.8055717,39.186405],[-106.8055609,39.1864135],[-106.8056162,39.1864339],[-106.8056272,39.1864161],[-106.8056585,39.1864277],[-106.8056789,39.1863473],[-106.8057572,39.1863592],[-106.8057533,39.1863749],[-106.8057845,39.1863864],[-106.8057391,39.1864599],[-106.8057551,39.1864659],[-106.8057337,39.1865005],[-106.8057481,39.1865058],[-106.8057407,39.1865721],[-106.805721,39.186604],[-106.8056487,39.1865773],[-106.8056616,39.1865565],[-106.8055944,39.1865316],[-106.8056146,39.1864989],[-106.8055832,39.1864873],[-106.8055916,39.1864738],[-106.8055187,39.1864468]]]}},{"type":"Feature","id":"building-228889254","properties":{"kind":"building","name":"Alpine building","height":7.2},"geometry":{"type":"Polygon","coordinates":[[[-106.8148834,39.1876018],[-106.8149594,39.1873809],[-106.8151244,39.187415],[-106.8150864,39.1875252],[-106.8150124,39.1875101],[-106.8149744,39.1876207],[-106.8148834,39.1876018]]]}},{"type":"Feature","id":"building-229360866","properties":{"kind":"building","name":"Alpine building","height":7.2},"geometry":{"type":"Polygon","coordinates":[[[-106.8010269,39.18298],[-106.8009255,39.1829661],[-106.8009694,39.1827731],[-106.8010709,39.182787],[-106.8010639,39.1828174],[-106.8010906,39.1828211],[-106.8010822,39.1828582],[-106.8010676,39.1828562],[-106.8010472,39.1829459],[-106.801035,39.1829443],[-106.8010269,39.18298]]]}},{"type":"Feature","id":"building-228725996","properties":{"kind":"building","name":"Alpine building","height":7.2},"geometry":{"type":"Polygon","coordinates":[[[-106.8209384,39.1849719],[-106.8208754,39.1849587],[-106.8208864,39.1849278],[-106.8209494,39.1849411],[-106.8209384,39.1849719]]]}},{"type":"Feature","id":"building-228725960","properties":{"kind":"building","name":"Alpine building","height":7.2},"geometry":{"type":"Polygon","coordinates":[[[-106.8210558,39.1848426],[-106.8210518,39.1848535],[-106.8210818,39.1848597],[-106.8210848,39.1848521],[-106.8211298,39.1848617],[-106.8211398,39.1848738],[-106.8211348,39.1848894],[-106.8211188,39.184886],[-106.8210928,39.1849605],[-106.8210248,39.1849463],[-106.8210258,39.1849439],[-106.8210028,39.184939],[-106.8210058,39.1849306],[-106.8209798,39.1849252],[-106.8209768,39.1849336],[-106.8209458,39.1849272],[-106.8209428,39.1849369],[-106.8209018,39.1849283],[-106.8209048,39.1849211],[-106.8208848,39.184917],[-106.8208898,39.1849027],[-106.8208698,39.184881],[-106.8208328,39.1848733],[-106.8208548,39.1848122],[-106.8209578,39.1848337],[-106.8209618,39.1848228],[-106.8210558,39.1848426]]]}},{"type":"Feature","id":"building-229360958","properties":{"kind":"building","name":"Alpine building","height":7.2},"geometry":{"type":"Polygon","coordinates":[[[-106.7995332,39.1793897],[-106.7995699,39.1794286],[-106.7994506,39.1794962],[-106.7993118,39.1793491],[-106.799431,39.1792815],[-106.7994672,39.1793198],[-106.7994851,39.1793096],[-106.7995511,39.1793796],[-106.7995332,39.1793897]]]}},{"type":"Feature","id":"building-228726027","properties":{"kind":"building","name":"Alpine building","height":7.2},"geometry":{"type":"Polygon","coordinates":[[[-106.8191212,39.1861358],[-106.8191922,39.1861487],[-106.8191842,39.1861737],[-106.8192632,39.186188],[-106.8191802,39.1864636],[-106.8193432,39.1864931],[-106.8192682,39.1867425],[-106.8187482,39.1866484],[-106.8187532,39.1866333],[-106.8186982,39.1866234],[-106.8186942,39.1866385],[-106.8185772,39.1866174],[-106.8186152,39.1864923],[-106.8186142,39.1864743],[-106.8187162,39.1864737],[-106.8187162,39.1864918],[-106.8188042,39.1864913],[-106.8188252,39.1864227],[-106.8188642,39.1864298],[-106.8188872,39.1863555],[-106.8188592,39.1863506],[-106.8188812,39.1862783],[-106.8189082,39.1862832],[-106.8189372,39.1861877],[-106.8188292,39.1861682],[-106.8188212,39.1861942],[-106.8187572,39.1861826],[-106.8188072,39.1860189],[-106.8188822,39.1860326],[-106.8188712,39.1860694],[-106.8189722,39.1860876],[-106.8189922,39.1859933],[-106.8190302,39.1859982],[-106.8191462,39.185871],[-106.8192062,39.1859038],[-106.8192272,39.1858811],[-106.8191882,39.1858315],[-106.8192192,39.1858168],[-106.8192642,39.1858737],[-106.8193842,39.1858167],[-106.8193912,39.185826],[-106.8194062,39.1858191],[-106.8194092,39.1858232],[-106.8194212,39.1858174],[-106.8194412,39.1858424],[-106.8194362,39.185858],[-106.8194072,39.185872],[-106.8194222,39.1858907],[-106.8193742,39.1859134],[-106.8193872,39.1859297],[-106.8193292,39.1859569],[-106.8193112,39.185934],[-106.8192942,39.1859526],[-106.8193112,39.1859619],[-106.8192522,39.1860266],[-106.8192352,39.1860173],[-106.8192192,39.1860348],[-106.8192152,39.1860324],[-106.8191212,39.1861358]]]}},{"type":"Feature","id":"building-228726044","properties":{"kind":"building","name":"Alpine building","height":7.2},"geometry":{"type":"Polygon","coordinates":[[[-106.8206474,39.1852276],[-106.8205994,39.1852177],[-106.8206414,39.1850985],[-106.8206884,39.1851085],[-106.8206904,39.1851033],[-106.8207244,39.1851104],[-106.8206794,39.1852377],[-106.8206464,39.1852306],[-106.8206474,39.1852276]]]}},{"type":"Feature","id":"building-229301840","properties":{"kind":"building","name":"Alpine building","height":7.2},"geometry":{"type":"Polygon","coordinates":[[[-106.806611,39.1869276],[-106.8065292,39.1869105],[-106.8065599,39.1868219],[-106.8066385,39.1868383],[-106.8066321,39.1868566],[-106.8068009,39.1868918],[-106.8067765,39.186962],[-106.8066851,39.186943],[-106.806675,39.186972],[-106.8066009,39.1869566],[-106.806611,39.1869276]]]}},{"type":"Feature","id":"building-229234097","properties":{"kind":"building","name":"Alpine building","height":7.2},"geometry":{"type":"Polygon","coordinates":[[[-106.8106253,39.1877569],[-106.8106302,39.1877437],[-106.8106587,39.18775],[-106.8106538,39.1877632],[-106.8106574,39.187764],[-106.8106228,39.187858],[-106.8105725,39.1878469],[-106.8105848,39.1878133],[-106.8105647,39.1878089],[-106.8105869,39.1877485],[-106.8106253,39.1877569]]]}},{"type":"Feature","id":"building-229301855","properties":{"kind":"building","name":"Alpine building","height":7.2},"geometry":{"type":"Polygon","coordinates":[[[-106.8073087,39.1872139],[-106.8072846,39.1871559],[-106.8073236,39.1871462],[-106.8073117,39.1871175],[-106.8073805,39.1871003],[-106.8073904,39.1871241],[-106.8074277,39.1871148],[-106.8074629,39.1871997],[-106.8074256,39.187209],[-106.8074272,39.187213],[-106.8073977,39.187229],[-106.8073584,39.1872301],[-106.8073477,39.1872042],[-106.8073087,39.1872139]]]}},{"type":"Feature","id":"building-228725923","properties":{"kind":"building","name":"Alpine building","height":7.2},"geometry":{"type":"Polygon","coordinates":[[[-106.8196293,39.1858004],[-106.8196473,39.1857349],[-106.8197683,39.185755],[-106.8197653,39.1857679],[-106.8198013,39.1857738],[-106.8197853,39.1858308],[-106.8197973,39.1858328],[-106.8197833,39.1858847],[-106.8197633,39.1858815],[-106.8197613,39.1858908],[-106.8196233,39.1858681],[-106.8196413,39.1858025],[-106.8196293,39.1858004]]]}},{"type":"Feature","id":"building-228726059","properties":{"kind":"building","name":"Alpine building","height":7.2},"geometry":{"type":"Polygon","coordinates":[[[-106.8208434,39.1851329],[-106.8207964,39.185123],[-106.8208374,39.1850038],[-106.8208854,39.1850138],[-106.8208864,39.1850086],[-106.8209204,39.1850157],[-106.8208764,39.185143],[-106.8208424,39.1851359],[-106.8208434,39.1851329]]]}},{"type":"Feature","id":"building-229234422","properties":{"kind":"building","name":"Alpine building","height":7.2},"geometry":{"type":"Polygon","coordinates":[[[-106.8098067,39.1878153],[-106.8098832,39.1875939],[-106.8099963,39.1876174],[-106.8099646,39.1877089],[-106.8099895,39.1877141],[-106.8099621,39.1877936],[-106.8099041,39.1877816],[-106.8098867,39.1878319],[-106.8098067,39.1878153]]]}},{"type":"Feature","id":"building-229347637","properties":{"kind":"building","name":"Alpine building","height":7.2},"geometry":{"type":"Polygon","coordinates":[[[-106.801333,39.1834359],[-106.8013528,39.18347],[-106.8012884,39.1834924],[-106.8012686,39.1834583],[-106.8012445,39.1834667],[-106.8012086,39.1834046],[-106.8012327,39.1833962],[-106.80121,39.183357],[-106.8012744,39.1833346],[-106.8012971,39.1833738],[-106.8013544,39.1833539],[-106.801348,39.1833429],[-106.8014075,39.1833222],[-106.8014139,39.1833332],[-106.8014473,39.1833216],[-106.8014832,39.1833837],[-106.8014403,39.1833986],[-106.8014495,39.1834145],[-106.8013995,39.1834319],[-106.8013903,39.183416],[-106.801333,39.1834359]]]}},{"type":"Feature","id":"building-228889285","properties":{"kind":"building","name":"Alpine building","height":7.2},"geometry":{"type":"Polygon","coordinates":[[[-106.8142074,39.1877111],[-106.8140904,39.1876868],[-106.8141294,39.1875715],[-106.8144124,39.1876296],[-106.8143434,39.1878291],[-106.8142104,39.1878017],[-106.8142314,39.1877411],[-106.8142014,39.1877533],[-106.8141804,39.1877222],[-106.8142074,39.1877111]]]}},{"type":"Feature","id":"building-229360868","properties":{"kind":"building","name":"Alpine building","height":7.2},"geometry":{"type":"Polygon","coordinates":[[[-106.7995318,39.1791176],[-106.7994488,39.17917],[-106.7992946,39.179023],[-106.7992694,39.1790388],[-106.7992319,39.179003],[-106.7992751,39.1789758],[-106.7992707,39.1789717],[-106.7993206,39.1789402],[-106.7993596,39.1789774],[-106.7993747,39.1789679],[-106.7995318,39.1791176]]]}},{"type":"Feature","id":"building-229360876","properties":{"kind":"building","name":"Alpine building","height":7.2},"geometry":{"type":"Polygon","coordinates":[[[-106.8002338,39.181819],[-106.8002028,39.1817842],[-106.8001958,39.1817879],[-106.8001206,39.1817035],[-106.8002081,39.1816567],[-106.8002833,39.1817411],[-106.8002441,39.1817621],[-106.8002654,39.181786],[-106.8002672,39.1817952],[-106.8002629,39.1818034],[-106.8002338,39.181819]]]}},{"type":"Feature","id":"building-229347665","properties":{"kind":"building","name":"Alpine building","height":7.2},"geometry":{"type":"Polygon","coordinates":[[[-106.7995234,39.1764674],[-106.7995264,39.1764682],[-106.7995234,39.1764743],[-106.7995934,39.1764954],[-106.7995524,39.1765766],[-106.7996404,39.1766032],[-106.7995704,39.1767443],[-106.7994644,39.1767125],[-106.7994984,39.1766453],[-106.7994454,39.1766294],[-106.7994394,39.1766409],[-106.7994214,39.1766354],[-106.7994104,39.1766571],[-106.7993674,39.1766441],[-106.7993784,39.1766225],[-106.7993464,39.1766127],[-106.7993554,39.1765947],[-106.7993174,39.1765903],[-106.7993174,39.176638],[-106.7992884,39.1766383],[-106.7992884,39.1766551],[-106.7991854,39.1766561],[-106.7991834,39.1765364],[-106.7992874,39.1765354],[-106.7992874,39.176561],[-106.7993164,39.1765607],[-106.7993164,39.1765728],[-106.7993634,39.1765781],[-106.7993774,39.1765494],[-106.7993554,39.1765426],[-106.7993924,39.1764686],[-106.7994144,39.1764754],[-106.7994324,39.17644],[-106.7994574,39.1764475],[-106.7994634,39.1764429],[-106.7993854,39.1763845],[-106.7993614,39.1764042],[-106.7993044,39.1763616],[-106.7993604,39.1763167],[-106.7993194,39.1763171],[-106.7993184,39.1762726],[-106.7993804,39.176272],[-106.7993814,39.1762998],[-106.7994094,39.1762772],[-106.7994664,39.1763198],[-106.7994614,39.1763235],[-106.7994914,39.1763456],[-106.7994334,39.1763922],[-106.7994814,39.1764284],[-106.7994964,39.1764167],[-106.7995014,39.1764208],[-106.7995134,39.1764114],[-106.7995474,39.1764372],[-106.7995364,39.1764466],[-106.7995434,39.176452],[-106.7995234,39.1764674]]]}},{"type":"Feature","id":"building-228889260","properties":{"kind":"building","name":"Alpine building","height":7.2},"geometry":{"type":"Polygon","coordinates":[[[-106.8129331,39.1879325],[-106.8127926,39.1879035],[-106.8128293,39.1877966],[-106.8128979,39.1878107],[-106.8128904,39.1878325],[-106.8129202,39.1878386],[-106.8129224,39.1878322],[-106.8129645,39.1878409],[-106.8129331,39.1879325]]]}},{"type":"Feature","id":"building-229234118","properties":{"kind":"building","name":"Alpine building","height":7.2},"geometry":{"type":"Polygon","coordinates":[[[-106.8096702,39.1876965],[-106.8096925,39.187632],[-106.8097684,39.1876478],[-106.8097489,39.1877043],[-106.8098046,39.1877159],[-106.8097684,39.1878206],[-106.8096648,39.1877992],[-106.8096895,39.1877276],[-106.8097175,39.1877334],[-106.8097262,39.1877081],[-106.8096702,39.1876965]]]}},{"type":"Feature","id":"building-229360959","properties":{"kind":"building","name":"Alpine building","height":7.2},"geometry":{"type":"Polygon","coordinates":[[[-106.8004288,39.1820978],[-106.8003536,39.1821331],[-106.8002523,39.1820037],[-106.8003462,39.1819596],[-106.8003702,39.1819902],[-106.8003774,39.1819868],[-106.8004057,39.1820229],[-106.8003797,39.1820351],[-106.8004288,39.1820978]]]}},{"type":"Feature","id":"building-228889178","properties":{"kind":"building","name":"Alpine building","height":7.2},"geometry":{"type":"Polygon","coordinates":[[[-106.8124202,39.1879336],[-106.8123152,39.1879119],[-106.8123462,39.187821],[-106.8124512,39.1878427],[-106.8124202,39.1879336]]]}},{"type":"Feature","id":"building-229360953","properties":{"kind":"building","name":"Alpine building","height":7.2},"geometry":{"type":"Polygon","coordinates":[[[-106.800533,39.1824532],[-106.8004826,39.1823506],[-106.800544,39.1823325],[-106.8006201,39.1823376],[-106.8006468,39.1823921],[-106.8005944,39.1824351],[-106.800533,39.1824532]]]}},{"type":"Feature","id":"building-229347640","properties":{"kind":"building","name":"Alpine building","height":7.2},"geometry":{"type":"Polygon","coordinates":[[[-106.7996334,39.1757699],[-106.799684,39.1757514],[-106.7997254,39.1757605],[-106.7998203,39.1758899],[-106.7998033,39.1758974],[-106.7998118,39.175909],[-106.7996901,39.1759626],[-106.7996511,39.1759094],[-106.7996131,39.1759261],[-106.7996278,39.1759462],[-106.7995261,39.175991],[-106.799476,39.1759226],[-106.7994479,39.175935],[-106.7994209,39.1759292],[-106.799412,39.175954],[-106.7992645,39.1759224],[-106.799285,39.1758648],[-106.7992416,39.175808],[-106.7993859,39.1757418],[-106.7994402,39.1757548],[-106.7994756,39.1757384],[-106.7996334,39.1757699]]]}},{"type":"Feature","id":"building-229360877","properties":{"kind":"building","name":"Alpine building","height":7.2},"geometry":{"type":"Polygon","coordinates":[[[-106.7998622,39.1811214],[-106.7998396,39.1810921],[-106.7999043,39.1810621],[-106.7999304,39.1810959],[-106.799964,39.1810803],[-106.8000278,39.1811629],[-106.7999295,39.1812086],[-106.7999019,39.1811728],[-106.799843,39.1812001],[-106.7998033,39.1811487],[-106.7998622,39.1811214]]]}},{"type":"Feature","id":"building-229234134","properties":{"kind":"building","name":"Alpine building","height":7.2},"geometry":{"type":"Polygon","coordinates":[[[-106.8100131,39.1877894],[-106.8100257,39.1877529],[-106.8100322,39.1877542],[-106.8100504,39.1877014],[-106.8100946,39.1877106],[-106.8100706,39.1877802],[-106.8101489,39.1877964],[-106.810146,39.1878048],[-106.810174,39.1878106],[-106.8101431,39.1879],[-106.8100125,39.1878729],[-106.8100394,39.1877948],[-106.8100131,39.1877894]]]}},{"type":"Feature","id":"building-228726042","properties":{"kind":"building","name":"Alpine building","height":7.2},"geometry":{"type":"Polygon","coordinates":[[[-106.8207414,39.1852702],[-106.8207034,39.1852622],[-106.8207454,39.185143],[-106.8207824,39.185151],[-106.8207844,39.1851459],[-106.8208184,39.185153],[-106.8207744,39.1852802],[-106.8207404,39.1852731],[-106.8207414,39.1852702]]]}},{"type":"Feature","id":"building-229360875","properties":{"kind":"building","name":"Alpine building","height":7.2},"geometry":{"type":"Polygon","coordinates":[[[-106.7993813,39.1785745],[-106.7993283,39.1786645],[-106.7992003,39.1786194],[-106.7992053,39.1786109],[-106.7990583,39.1785591],[-106.7991173,39.1784574],[-106.7992633,39.1785085],[-106.7992473,39.1785355],[-106.7992703,39.1785436],[-106.7992743,39.1785368],[-106.7993813,39.1785745]]]}},{"type":"Feature","id":"building-229234168","properties":{"kind":"building","name":"Alpine building","height":7.2},"geometry":{"type":"Polygon","coordinates":[[[-106.8107245,39.1878527],[-106.8107483,39.1878407],[-106.8107719,39.1877764],[-106.8109594,39.1878178],[-106.8109347,39.1878851],[-106.8109464,39.1878991],[-106.8109097,39.1879177],[-106.8107994,39.1878933],[-106.810767,39.1879097],[-106.8107476,39.1879624],[-106.8106215,39.1879345],[-106.8106622,39.1878239],[-106.8107159,39.1878358],[-106.8107107,39.1878497],[-106.8107245,39.1878527]]]}},{"type":"Feature","id":"building-229347621","properties":{"kind":"building","name":"Alpine building","height":7.2},"geometry":{"type":"Polygon","coordinates":[[[-106.8015574,39.1837328],[-106.8015583,39.1837535],[-106.8014884,39.1837554],[-106.8014875,39.1837347],[-106.8014019,39.183737],[-106.8013982,39.1836556],[-106.8014837,39.1836533],[-106.8014832,39.1836418],[-106.8015591,39.1836397],[-106.8015598,39.1836571],[-106.8015912,39.1836562],[-106.8015926,39.1836869],[-106.8015974,39.1836868],[-106.8015994,39.1837317],[-106.8015574,39.1837328]]]}},{"type":"Feature","id":"building-228726057","properties":{"kind":"building","name":"Alpine building","height":7.2},"geometry":{"type":"Polygon","coordinates":[[[-106.8209494,39.1851349],[-106.8209024,39.1851249],[-106.8209434,39.1850057],[-106.8209914,39.1850157],[-106.8209934,39.1850106],[-106.8210264,39.1850177],[-106.8209824,39.1851449],[-106.8209484,39.1851378],[-106.8209494,39.1851349]]]}},{"type":"Feature","id":"building-229360889","properties":{"kind":"building","name":"Alpine building","height":7.2},"geometry":{"type":"Polygon","coordinates":[[[-106.7996852,39.1809135],[-106.7996612,39.1808682],[-106.7996909,39.1808587],[-106.7996561,39.180793],[-106.7997613,39.1807596],[-106.7997961,39.1808253],[-106.7998221,39.180817],[-106.7998461,39.1808624],[-106.7998201,39.1808707],[-106.7998582,39.1809427],[-106.7997723,39.1809699],[-106.7997645,39.1809553],[-106.7997452,39.1809614],[-106.7997149,39.1809041],[-106.7996852,39.1809135]]]}},{"type":"Feature","id":"building-229347618","properties":{"kind":"building","name":"Alpine building","height":7.2},"geometry":{"type":"Polygon","coordinates":[[[-106.8019649,39.1842172],[-106.8018619,39.1842266],[-106.8018459,39.1841199],[-106.8019489,39.1841105],[-106.8019499,39.1841179],[-106.8020639,39.1841075],[-106.8020779,39.1841977],[-106.8020589,39.1841995],[-106.8020609,39.184216],[-106.8019969,39.1842219],[-106.8019939,39.1842054],[-106.8019639,39.1842082],[-106.8019649,39.1842172]]]}},{"type":"Feature","id":"building-229347612","properties":{"kind":"building","name":"Alpine building","height":7.2},"geometry":{"type":"Polygon","coordinates":[[[-106.8017162,39.1839126],[-106.8016472,39.1839101],[-106.8016497,39.1838671],[-106.8015937,39.1838651],[-106.8015958,39.1838288],[-106.8016211,39.1838297],[-106.8016219,39.1838158],[-106.8016527,39.1838169],[-106.801655,39.1837773],[-106.801724,39.1837797],[-106.8017162,39.1839126]]]}},{"type":"Feature","id":"building-228888970","properties":{"kind":"building","name":"Alpine building","height":7.2},"geometry":{"type":"Polygon","coordinates":[[[-106.8144582,39.1878186],[-106.8144532,39.1878321],[-106.8143782,39.1878166],[-106.8144312,39.1876626],[-106.8144572,39.1876681],[-106.8144612,39.1876572],[-106.8145572,39.187677],[-106.8145542,39.1876879],[-106.8145802,39.1876933],[-106.8145572,39.1877604],[-106.8145802,39.1877652],[-106.8145552,39.1878386],[-106.8144582,39.1878186]]]}},{"type":"Feature","id":"building-229360904","properties":{"kind":"building","name":"Alpine building","height":7.2},"geometry":{"type":"Polygon","coordinates":[[[-106.7995262,39.1800781],[-106.7995552,39.1800933],[-106.7995681,39.1801534],[-106.7995471,39.1801699],[-106.7995577,39.1802086],[-106.79953,39.1802417],[-106.7994801,39.1802499],[-106.7994374,39.1802284],[-106.7994268,39.1801898],[-106.799456,39.1801564],[-106.7994458,39.1801087],[-106.7994114,39.1800942],[-106.7994037,39.1800612],[-106.799424,39.1800317],[-106.7994687,39.1800176],[-106.799519,39.1800442],[-106.7995262,39.1800781]]]}},{"type":"Feature","id":"building-229234087","properties":{"kind":"building","name":"Alpine building","height":7.2},"geometry":{"type":"Polygon","coordinates":[[[-106.8105523,39.1880003],[-106.8104911,39.1879867],[-106.8104975,39.1879694],[-106.8104511,39.1879592],[-106.8104288,39.1878261],[-106.8104624,39.1878227],[-106.810452,39.187761],[-106.8105348,39.1877526],[-106.8105564,39.187881],[-106.8105932,39.1878891],[-106.8105523,39.1880003]]]}},{"type":"Feature","id":"building-229360903","properties":{"kind":"building","name":"Alpine building","height":7.2},"geometry":{"type":"Polygon","coordinates":[[[-106.7996304,39.1805178],[-106.7996257,39.1805186],[-106.7996331,39.1805431],[-106.7996231,39.1805449],[-106.7996386,39.1805958],[-106.7995671,39.1806088],[-106.7995546,39.1805679],[-106.7995446,39.1805697],[-106.7995276,39.1805141],[-106.7995134,39.1805167],[-106.7995037,39.1804849],[-106.799518,39.1804823],[-106.7995004,39.1804247],[-106.799592,39.180408],[-106.7996031,39.1804444],[-106.7996078,39.1804436],[-106.7996304,39.1805178]]]}},{"type":"Feature","id":"building-229301964","properties":{"kind":"building","name":"Alpine building","height":7.2},"geometry":{"type":"Polygon","coordinates":[[[-106.8044358,39.1860949],[-106.8043338,39.1861167],[-106.8042864,39.1859837],[-106.8043884,39.1859619],[-106.8044678,39.1859604],[-106.8044696,39.1860235],[-106.8044145,39.1860353],[-106.8044358,39.1860949]]]}},{"type":"Feature","id":"building-228889256","properties":{"kind":"building","name":"Alpine building","height":7.2},"geometry":{"type":"Polygon","coordinates":[[[-106.8131618,39.1878964],[-106.8131974,39.1879037],[-106.8131479,39.1880477],[-106.8129756,39.1880121],[-106.8130251,39.1878682],[-106.8130662,39.1878767],[-106.8130698,39.1878664],[-106.8131653,39.1878861],[-106.8131618,39.1878964]]]}},{"type":"Feature","id":"building-228725943","properties":{"kind":"building","name":"Alpine building","height":7.2},"geometry":{"type":"Polygon","coordinates":[[[-106.8218927,39.1843025],[-106.8219137,39.1843431],[-106.8220527,39.1843246],[-106.8220657,39.1843819],[-106.8220687,39.1844439],[-106.8218457,39.1844502],[-106.8218307,39.1843541],[-106.8218477,39.1843519],[-106.8218357,39.1843293],[-106.8218207,39.1843362],[-106.8217707,39.1842724],[-106.8219707,39.1841782],[-106.8219827,39.184193],[-106.8220117,39.1841791],[-106.8220727,39.1842562],[-106.8219817,39.184299],[-106.8219597,39.1842709],[-106.8218927,39.1843025]]]}},{"type":"Feature","id":"building-229301930","properties":{"kind":"building","name":"Alpine building","height":7.2},"geometry":{"type":"Polygon","coordinates":[[[-106.8068054,39.1871189],[-106.806704,39.1871523],[-106.8066554,39.1870636],[-106.8067568,39.1870302],[-106.8068054,39.1871189]]]}},{"type":"Feature","id":"building-228726052","properties":{"kind":"building","name":"Alpine building","height":7.2},"geometry":{"type":"Polygon","coordinates":[[[-106.8208424,39.185288],[-106.8207954,39.1852781],[-106.8208374,39.1851589],[-106.8208844,39.1851689],[-106.8208864,39.1851637],[-106.8209204,39.1851708],[-106.8208754,39.1852981],[-106.8208414,39.185291],[-106.8208424,39.185288]]]}},{"type":"Feature","id":"building-228725991","properties":{"kind":"building","name":"Alpine building","height":7.2},"geometry":{"type":"Polygon","coordinates":[[[-106.8197963,39.1859381],[-106.8197463,39.1860858],[-106.8195813,39.186052],[-106.8196323,39.1859043],[-106.8197963,39.1859381]]]}},{"type":"Feature","id":"building-228889241","properties":{"kind":"building","name":"Alpine building","height":7.2},"geometry":{"type":"Polygon","coordinates":[[[-106.8147399,39.1878805],[-106.8145939,39.1878504],[-106.8146459,39.1876985],[-106.8147039,39.1877104],[-106.8147099,39.1876937],[-106.8147979,39.187712],[-106.8147399,39.1878805]]]}},{"type":"Feature","id":"building-229360951","properties":{"kind":"building","name":"Alpine building","height":7.2},"geometry":{"type":"Polygon","coordinates":[[[-106.7994015,39.179983],[-106.7993131,39.1799968],[-106.7992941,39.1799237],[-106.7993933,39.1799083],[-106.7994035,39.1799478],[-106.7993928,39.1799495],[-106.7994015,39.179983]]]}},{"type":"Feature","id":"building-229301949","properties":{"kind":"building","name":"Alpine building","height":7.2},"geometry":{"type":"Polygon","coordinates":[[[-106.8070429,39.1872616],[-106.8070478,39.1872206],[-106.8071868,39.1872306],[-106.8071819,39.1872716],[-106.8070429,39.1872616]]]}},{"type":"Feature","id":"building-229360935","properties":{"kind":"building","name":"Alpine building","height":7.2},"geometry":{"type":"Polygon","coordinates":[[[-106.7992358,39.1790242],[-106.7992067,39.1790855],[-106.7991213,39.179061],[-106.7991504,39.1789998],[-106.7992358,39.1790242]]]}},{"type":"Feature","id":"building-228881745","properties":{"kind":"building","name":"Aspen Square","height":7.2},"geometry":{"type":"Polygon","coordinates":[[[-106.8174041,39.1870545],[-106.8175771,39.1870904],[-106.8175841,39.1870708],[-106.8178211,39.1871202],[-106.8177321,39.1873791],[-106.8175391,39.187339],[-106.8175751,39.1872343],[-106.8173191,39.1871811],[-106.8173121,39.1872016],[-106.8173471,39.1872089],[-106.8173431,39.1872201],[-106.8173611,39.1872238],[-106.8173421,39.1872773],[-106.8173241,39.1872736],[-106.8173201,39.1872876],[-106.8171581,39.187254],[-106.8171631,39.18724],[-106.8171431,39.1872359],[-106.8171611,39.1871824],[-106.8171811,39.1871865],[-106.8171851,39.1871753],[-106.8172351,39.1871858],[-106.8172431,39.1871653],[-106.8169841,39.1871116],[-106.8169731,39.1871435],[-106.8169391,39.1871364],[-106.8169301,39.1871605],[-106.8168121,39.1871359],[-106.8168431,39.1870461],[-106.8168661,39.1870509],[-106.8169011,39.1869499],[-106.8169191,39.1869536],[-106.8169211,39.1869476],[-106.8170781,39.1869801],[-106.8170751,39.1869862],[-106.8172461,39.1870216],[-106.8172481,39.1870155],[-106.8174061,39.1870484],[-106.8174041,39.1870545]]]}},{"type":"Feature","id":"building-229301985","properties":{"kind":"building","name":"Alpine building","height":7.2},"geometry":{"type":"Polygon","coordinates":[[[-106.8059439,39.1866771],[-106.8060159,39.1867362],[-106.8059729,39.1867678],[-106.8059649,39.1867606],[-106.8057429,39.1869242],[-106.8056899,39.1868813],[-106.8057589,39.1868304],[-106.8057479,39.1868214],[-106.8059439,39.1866771]]]}},{"type":"Feature","id":"building-229347627","properties":{"kind":"building","name":"Alpine building","height":7.2},"geometry":{"type":"Polygon","coordinates":[[[-106.8020261,39.1845203],[-106.8020271,39.1844154],[-106.8020141,39.1844153],[-106.8019991,39.1844034],[-106.8019991,39.1843864],[-106.8020151,39.1843747],[-106.8020281,39.1843748],[-106.8020281,39.1843333],[-106.8021551,39.1843341],[-106.8021541,39.1843748],[-106.8021841,39.184375],[-106.8021831,39.184414],[-106.8021661,39.1844139],[-106.8021661,39.1844609],[-106.8021261,39.1844606],[-106.8021261,39.1845208],[-106.8020261,39.1845203]]]}},{"type":"Feature","id":"building-228725927","properties":{"kind":"building","name":"Alpine building","height":7.2},"geometry":{"type":"Polygon","coordinates":[[[-106.8205085,39.1857527],[-106.8204689,39.1858724],[-106.8201981,39.1858186],[-106.8202464,39.1856726],[-106.8202742,39.1856781],[-106.8203173,39.1855479],[-106.8202862,39.1855417],[-106.8202992,39.1855025],[-106.8203211,39.1855068],[-106.8203537,39.1854085],[-106.8206058,39.1854586],[-106.8205671,39.1855757],[-106.8204828,39.185559],[-106.8204242,39.1857359],[-106.8205085,39.1857527]]]}},{"type":"Feature","id":"building-229360941","properties":{"kind":"building","name":"Alpine building","height":7.2},"geometry":{"type":"Polygon","coordinates":[[[-106.7997248,39.1809982],[-106.7996496,39.1810235],[-106.799612,39.1809565],[-106.7996872,39.1809312],[-106.7997248,39.1809982]]]}},{"type":"Feature","id":"building-228889211","properties":{"kind":"building","name":"Alpine building","height":7.2},"geometry":{"type":"Polygon","coordinates":[[[-106.8129202,39.1880536],[-106.812762,39.188021],[-106.8127929,39.187931],[-106.8129511,39.1879636],[-106.8129202,39.1880536]]]}},{"type":"Feature","id":"building-228726004","properties":{"kind":"building","name":"Alpine building","height":7.2},"geometry":{"type":"Polygon","coordinates":[[[-106.8195993,39.1861024],[-106.8195493,39.186249],[-106.8193893,39.186216],[-106.8194393,39.1860694],[-106.8195993,39.1861024]]]}},{"type":"Feature","id":"building-229301891","properties":{"kind":"building","name":"Alpine building","height":7.2},"geometry":{"type":"Polygon","coordinates":[[[-106.8054187,39.1865239],[-106.8055765,39.1865682],[-106.8055399,39.1866465],[-106.8055182,39.1866404],[-106.8054709,39.1867418],[-106.8054372,39.1867323],[-106.8054008,39.1867537],[-106.8053714,39.1867237],[-106.8053636,39.1867284],[-106.8053322,39.1866964],[-106.8053873,39.1866639],[-106.8053948,39.1866479],[-106.8053798,39.1866437],[-106.805407,39.1865856],[-106.8052938,39.1864704],[-106.8053602,39.1864312],[-106.8054163,39.1864884],[-106.8053957,39.1865006],[-106.8054187,39.1865239]]]}},{"type":"Feature","id":"building-229234389","properties":{"kind":"building","name":"Alpine building","height":7.2},"geometry":{"type":"Polygon","coordinates":[[[-106.8085518,39.187691],[-106.8084746,39.187676],[-106.8084514,39.1877477],[-106.808284,39.1877151],[-106.8083223,39.1875967],[-106.8084584,39.1876231],[-106.80848,39.1875565],[-106.8085885,39.1875777],[-106.8085518,39.187691]]]}},{"type":"Feature","id":"building-228889247","properties":{"kind":"building","name":"Alpine building","height":7.2},"geometry":{"type":"Polygon","coordinates":[[[-106.8132393,39.1881195],[-106.8131636,39.1881038],[-106.8132297,39.1879114],[-106.8132791,39.1879216],[-106.8132765,39.1879292],[-106.8133027,39.1879346],[-106.8132393,39.1881195]]]}},{"type":"Feature","id":"building-228889251","properties":{"kind":"building","name":"Alpine building","height":7.2},"geometry":{"type":"Polygon","coordinates":[[[-106.8115666,39.1880487],[-106.8115224,39.1880462],[-106.8115177,39.1880975],[-106.8114635,39.1880945],[-106.8114766,39.1879525],[-106.8115749,39.1879579],[-106.8115666,39.1880487]]]}},{"type":"Feature","id":"building-229234435","properties":{"kind":"building","name":"Alpine building","height":7.2},"geometry":{"type":"Polygon","coordinates":[[[-106.808715,39.1877519],[-106.8086933,39.1877477],[-106.8086834,39.1877784],[-106.8086103,39.1877641],[-106.8086505,39.18764],[-106.8087235,39.1876542],[-106.808714,39.1876836],[-106.8087358,39.1876878],[-106.808715,39.1877519]]]}},{"type":"Feature","id":"building-228881784","properties":{"kind":"building","name":"Alpine building","height":7.2},"geometry":{"type":"Polygon","coordinates":[[[-106.815543,39.187774],[-106.815362,39.1877367],[-106.815379,39.1876847],[-106.815346,39.1876778],[-106.81538,39.1875783],[-106.815604,39.1876244],[-106.815563,39.1877448],[-106.815554,39.187743],[-106.815543,39.187774]]]}},{"type":"Feature","id":"building-228889018","properties":{"kind":"building","name":"Alpine building","height":7.2},"geometry":{"type":"Polygon","coordinates":[[[-106.8116542,39.1880888],[-106.8116206,39.1880819],[-106.8116644,39.1879545],[-106.811698,39.1879614],[-106.8117126,39.1879189],[-106.8118823,39.1879539],[-106.8118677,39.1879964],[-106.8118902,39.1880011],[-106.8118464,39.1881285],[-106.8118239,39.1881238],[-106.8118096,39.1881655],[-106.8117314,39.1881493],[-106.8117457,39.1881077],[-106.8117284,39.1881041],[-106.8117141,39.1881458],[-106.8116399,39.1881305],[-106.8116542,39.1880888]]]}},{"type":"Feature","id":"building-229234383","properties":{"kind":"building","name":"Alpine building","height":7.2},"geometry":{"type":"Polygon","coordinates":[[[-106.8081086,39.1876708],[-106.8080843,39.1876496],[-106.8081158,39.1876279],[-106.8080544,39.1875745],[-106.8081647,39.1874984],[-106.8082883,39.187606],[-106.808178,39.1876821],[-106.80814,39.187649],[-106.8081086,39.1876708]]]}},{"type":"Feature","id":"building-228889249","properties":{"kind":"building","name":"Alpine building","height":7.2},"geometry":{"type":"Polygon","coordinates":[[[-106.8149361,39.1879522],[-106.8147841,39.1879208],[-106.8148541,39.1877172],[-106.8149881,39.187745],[-106.8149641,39.1878154],[-106.8149811,39.187819],[-106.8149361,39.1879522]]]}},{"type":"Feature","id":"building-228881724","properties":{"kind":"building","name":"Alpine building","height":7.2},"geometry":{"type":"Polygon","coordinates":[[[-106.8158666,39.1877842],[-106.8157885,39.1877682],[-106.8157926,39.187756],[-106.8157165,39.1877403],[-106.8157111,39.1877561],[-106.8156355,39.1877406],[-106.815687,39.18759],[-106.8156993,39.1875926],[-106.8157027,39.1875824],[-106.8157566,39.1875934],[-106.8157544,39.1875999],[-106.8157655,39.1876021],[-106.8157623,39.1876114],[-106.8158356,39.1876264],[-106.8158386,39.1876176],[-106.8158557,39.1876211],[-106.8158573,39.1876165],[-106.8159084,39.187627],[-106.8159066,39.1876322],[-106.8159178,39.1876345],[-106.8158666,39.1877842]]]}},{"type":"Feature","id":"building-228889148","properties":{"kind":"building","name":"Alpine building","height":7.2},"geometry":{"type":"Polygon","coordinates":[[[-106.813339,39.1881534],[-106.8132566,39.1881364],[-106.8133242,39.1879395],[-106.8134066,39.1879565],[-106.813339,39.1881534]]]}},{"type":"Feature","id":"building-229301989","properties":{"kind":"building","name":"Alpine building","height":7.2},"geometry":{"type":"Polygon","coordinates":[[[-106.8027655,39.185021],[-106.802737,39.1850644],[-106.8027345,39.1851211],[-106.8027824,39.1851222],[-106.8027792,39.1851727],[-106.8027113,39.1851703],[-106.8027114,39.1851681],[-106.8025386,39.1851599],[-106.8025434,39.1851111],[-106.8025799,39.1851126],[-106.8025737,39.1850803],[-106.8026148,39.1850813],[-106.802616,39.185052],[-106.8025851,39.1850398],[-106.8026115,39.1849996],[-106.8026216,39.1850035],[-106.8026422,39.1849722],[-106.8027655,39.185021]]]}},{"type":"Feature","id":"building-228889078","properties":{"kind":"building","name":"Alpine building","height":7.2},"geometry":{"type":"Polygon","coordinates":[[[-106.8120623,39.1882128],[-106.8120599,39.1882197],[-106.8120027,39.1882079],[-106.8120051,39.188201],[-106.8119859,39.1881971],[-106.8120021,39.1881497],[-106.8119884,39.1881469],[-106.811986,39.1881539],[-106.8119355,39.1881435],[-106.8119379,39.1881365],[-106.8119182,39.1881324],[-106.8119302,39.1880975],[-106.8119141,39.1880942],[-106.8119298,39.1880483],[-106.8119365,39.1880497],[-106.8119545,39.1879974],[-106.812058,39.1880188],[-106.8120412,39.1880677],[-106.812129,39.1880859],[-106.8121123,39.1881344],[-106.8121214,39.1881363],[-106.8120985,39.1882027],[-106.8120842,39.1881998],[-106.8120786,39.1882162],[-106.8120623,39.1882128]]]}},{"type":"Feature","id":"building-229347672","properties":{"kind":"building","name":"Alpine building","height":7.2},"geometry":{"type":"Polygon","coordinates":[[[-106.8010593,39.1834815],[-106.8010043,39.1835285],[-106.8009297,39.183476],[-106.8008873,39.1834908],[-106.8007793,39.1833042],[-106.8008841,39.1832677],[-106.8009494,39.1833807],[-106.8009636,39.1833757],[-106.8010011,39.1834405],[-106.8010593,39.1834815]]]}},{"type":"Feature","id":"building-228889031","properties":{"kind":"building","name":"Alpine building","height":7.2},"geometry":{"type":"Polygon","coordinates":[[[-106.8136014,39.1881698],[-106.81353,39.1881551],[-106.8135184,39.1881888],[-106.8134298,39.1881705],[-106.813434,39.1881581],[-106.8133699,39.1881449],[-106.8133952,39.1880712],[-106.8134412,39.1880807],[-106.8134855,39.1879518],[-106.8136039,39.1879762],[-106.8135963,39.1879983],[-106.8136282,39.1880049],[-106.8136199,39.188029],[-106.8136478,39.1880348],[-106.8136303,39.1880857],[-106.8136024,39.18808],[-106.8135898,39.1881166],[-106.8136177,39.1881223],[-106.8136014,39.1881698]]]}},{"type":"Feature","id":"building-228889007","properties":{"kind":"building","name":"Alpine building","height":7.2},"geometry":{"type":"Polygon","coordinates":[[[-106.8123374,39.1881829],[-106.812344,39.1881843],[-106.8123327,39.1882172],[-106.8123261,39.1882158],[-106.8123095,39.1882641],[-106.8121708,39.1882355],[-106.81219,39.1881796],[-106.8121789,39.1881773],[-106.8121913,39.1881414],[-106.8122023,39.1881437],[-106.8122386,39.188038],[-106.8123439,39.1880598],[-106.8123286,39.1881043],[-106.812362,39.1881112],[-106.8123374,39.1881829]]]}},{"type":"Feature","id":"building-228725971","properties":{"kind":"building","name":"Alpine building","height":7.2},"geometry":{"type":"Polygon","coordinates":[[[-106.8217378,39.1848723],[-106.8217528,39.1848753],[-106.8217438,39.1849012],[-106.8217298,39.1848983],[-106.8217258,39.184909],[-106.8217358,39.1849111],[-106.8217198,39.1849603],[-106.8217348,39.1849632],[-106.8217258,39.1849892],[-106.8217108,39.1849862],[-106.8217078,39.1849977],[-106.8217158,39.1849994],[-106.8216998,39.1850487],[-106.8217148,39.1850516],[-106.8217058,39.1850775],[-106.8216908,39.1850746],[-106.8216868,39.1850866],[-106.8214038,39.1850304],[-106.8214178,39.1849877],[-106.8214398,39.1849921],[-106.8214548,39.1849481],[-106.8214238,39.184942],[-106.8214378,39.1848993],[-106.8214598,39.1849037],[-106.8214748,39.1848605],[-106.8214418,39.1848541],[-106.8214558,39.1848114],[-106.8214778,39.1848157],[-106.8214928,39.1847712],[-106.8217538,39.1848231],[-106.8217378,39.1848723]]]}},{"type":"Feature","id":"building-229360957","properties":{"kind":"building","name":"Alpine building","height":7.2},"geometry":{"type":"Polygon","coordinates":[[[-106.7989257,39.1784751],[-106.7988807,39.1784663],[-106.7988967,39.178417],[-106.7988407,39.1784062],[-106.7988247,39.1784555],[-106.7987887,39.1784483],[-106.7988387,39.1782917],[-106.7989767,39.1783185],[-106.7989257,39.1784751]]]}},{"type":"Feature","id":"building-228726041","properties":{"kind":"building","name":"Alpine building","height":7.2},"geometry":{"type":"Polygon","coordinates":[[[-106.8206045,39.1855832],[-106.8206432,39.185466],[-106.8208683,39.1855108],[-106.8207314,39.1859246],[-106.8205063,39.1858798],[-106.8205459,39.1857601],[-106.8206273,39.1857763],[-106.8206859,39.1855994],[-106.8206045,39.1855832]]]}},{"type":"Feature","id":"building-228881702","properties":{"kind":"building","name":"Alpine building","height":7.2},"geometry":{"type":"Polygon","coordinates":[[[-106.8160615,39.1878139],[-106.8159826,39.1877972],[-106.8159797,39.1878052],[-106.8159073,39.1877899],[-106.8159577,39.1876472],[-106.8159752,39.1876509],[-106.8159787,39.187641],[-106.8160193,39.1876497],[-106.8160175,39.1876548],[-106.8160273,39.1876569],[-106.8160246,39.1876645],[-106.8161079,39.1876822],[-106.816111,39.1876735],[-106.8161216,39.1876757],[-106.8161237,39.1876698],[-106.8161778,39.1876812],[-106.816175,39.1876892],[-106.8161865,39.1876916],[-106.8161412,39.1878197],[-106.8161479,39.1878211],[-106.8161391,39.1878459],[-106.8160564,39.1878284],[-106.8160615,39.1878139]]]}},{"type":"Feature","id":"building-1136596959","properties":{"kind":"building","name":"Alpine building","height":7.2},"geometry":{"type":"Polygon","coordinates":[[[-106.8022773,39.184861],[-106.8020967,39.1848586],[-106.801962,39.1847796],[-106.8020236,39.184713],[-106.8020318,39.1847121],[-106.8020413,39.1847008],[-106.8020721,39.184698],[-106.8020865,39.1847064],[-106.802091,39.1847059],[-106.8020951,39.1847229],[-106.8022005,39.1847854],[-106.802277,39.1847848],[-106.8022773,39.184861]]]}},{"type":"Feature","id":"building-229347619","properties":{"kind":"building","name":"Alpine building","height":7.2},"geometry":{"type":"Polygon","coordinates":[[[-106.8017042,39.1844438],[-106.8016906,39.1844516],[-106.8016483,39.1844073],[-106.8016618,39.1843995],[-106.8015959,39.1843303],[-106.8016593,39.184294],[-106.8016728,39.1843082],[-106.8016826,39.1843026],[-106.8017087,39.1843299],[-106.8016989,39.1843355],[-106.8017675,39.1844075],[-106.80173,39.184429],[-106.8017405,39.1844399],[-106.8017146,39.1844548],[-106.8017042,39.1844438]]]}},{"type":"Feature","id":"building-228881746","properties":{"kind":"building","name":"Alpine building","height":7.2},"geometry":{"type":"Polygon","coordinates":[[[-106.8154795,39.1879542],[-106.8153319,39.1879237],[-106.8153638,39.1878305],[-106.8155115,39.1878609],[-106.8154795,39.1879542]]]}},{"type":"Feature","id":"building-229347662","properties":{"kind":"building","name":"Alpine building","height":7.2},"geometry":{"type":"Polygon","coordinates":[[[-106.8015633,39.1842673],[-106.801479,39.1842841],[-106.8014445,39.1841802],[-106.8015288,39.1841634],[-106.8015633,39.1842673]]]}},{"type":"Feature","id":"building-228881754","properties":{"kind":"building","name":"Alpine building","height":7.2},"geometry":{"type":"Polygon","coordinates":[[[-106.8155873,39.1878971],[-106.8155202,39.1878832],[-106.8155313,39.1878508],[-106.8155984,39.1878646],[-106.8155873,39.1878971]]]}},{"type":"Feature","id":"building-229234420","properties":{"kind":"building","name":"Alpine building","height":7.2},"geometry":{"type":"Polygon","coordinates":[[[-106.8097973,39.1880936],[-106.8098169,39.1880358],[-106.8098875,39.1880502],[-106.8098651,39.1881164],[-106.8098543,39.1881142],[-106.8098336,39.1882063],[-106.8096942,39.1881876],[-106.8097176,39.1880829],[-106.8097973,39.1880936]]]}},{"type":"Feature","id":"building-229234147","properties":{"kind":"building","name":"Alpine building","height":7.2},"geometry":{"type":"Polygon","coordinates":[[[-106.8091989,39.1880882],[-106.8089675,39.1880542],[-106.8089808,39.1879997],[-106.8090289,39.1880068],[-106.8090365,39.187976],[-106.8090709,39.1879811],[-106.8090767,39.1879572],[-106.8091401,39.1879666],[-106.8091342,39.1879904],[-106.8091794,39.187997],[-106.8091692,39.1880386],[-106.8092095,39.1880446],[-106.8091989,39.1880882]]]}},{"type":"Feature","id":"building-229360879","properties":{"kind":"building","name":"Alpine building","height":7.2},"geometry":{"type":"Polygon","coordinates":[[[-106.7988536,39.1790319],[-106.7988063,39.1790377],[-106.798803,39.1790213],[-106.7987096,39.1790327],[-106.7986962,39.1789669],[-106.7987632,39.1789587],[-106.7987639,39.1789622],[-106.7989415,39.1789405],[-106.7989575,39.1790192],[-106.7989004,39.1790262],[-106.7989016,39.1790317],[-106.7988547,39.1790375],[-106.7988536,39.1790319]]]}},{"type":"Feature","id":"building-229360887","properties":{"kind":"building","name":"Alpine building","height":7.2},"geometry":{"type":"Polygon","coordinates":[[[-106.7989481,39.1793532],[-106.7989438,39.1793571],[-106.7989575,39.1793662],[-106.7988818,39.1794351],[-106.7987884,39.1793735],[-106.7987939,39.1793685],[-106.7987846,39.1793624],[-106.7988448,39.1793076],[-106.798854,39.1793137],[-106.7988641,39.1793045],[-106.7988852,39.1793184],[-106.7988895,39.1793145],[-106.7989481,39.1793532]]]}},{"type":"Feature","id":"building-229234406","properties":{"kind":"building","name":"Alpine building","height":7.2},"geometry":{"type":"Polygon","coordinates":[[[-106.8088646,39.1879816],[-106.8088112,39.1879818],[-106.8088114,39.1880085],[-106.8087572,39.1880088],[-106.8087569,39.1879762],[-106.8087354,39.1879763],[-106.8087346,39.1878901],[-106.8088638,39.1878895],[-106.8088646,39.1879816]]]}},{"type":"Feature","id":"building-229234395","properties":{"kind":"building","name":"Alpine building","height":7.2},"geometry":{"type":"Polygon","coordinates":[[[-106.8096499,39.1881455],[-106.8095056,39.1881634],[-106.8094888,39.1880819],[-106.8094634,39.1880851],[-106.8094575,39.1880565],[-106.8096173,39.1880367],[-106.8096346,39.1881198],[-106.8096444,39.1881186],[-106.8096499,39.1881455]]]}},{"type":"Feature","id":"building-228726000","properties":{"kind":"building","name":"Alpine building","height":7.2},"geometry":{"type":"Polygon","coordinates":[[[-106.8204797,39.1858967],[-106.8204244,39.186064],[-106.8202791,39.1860351],[-106.8203344,39.1858678],[-106.8204797,39.1858967]]]}},{"type":"Feature","id":"building-229234166","properties":{"kind":"building","name":"Alpine building","height":7.2},"geometry":{"type":"Polygon","coordinates":[[[-106.8100923,39.1882453],[-106.8099559,39.1882175],[-106.8099513,39.188231],[-106.8098649,39.1882134],[-106.8098971,39.1881184],[-106.8099553,39.1881303],[-106.8099599,39.1881167],[-106.8099873,39.1881223],[-106.8099975,39.1880922],[-106.8100993,39.1881129],[-106.8101228,39.1881554],[-106.8101322,39.1881573],[-106.8101155,39.1882063],[-106.8101062,39.1882044],[-106.8100923,39.1882453]]]}},{"type":"Feature","id":"building-228725999","properties":{"kind":"building","name":"North of Nell","height":7.2},"geometry":{"type":"Polygon","coordinates":[[[-106.8190404,39.187158],[-106.8180969,39.1869649],[-106.8181958,39.1866745],[-106.8191394,39.1868675],[-106.8190404,39.187158]]]}},{"type":"Feature","id":"building-228889029","properties":{"kind":"building","name":"Alpine building","height":7.2},"geometry":{"type":"Polygon","coordinates":[[[-106.8141072,39.1882391],[-106.8140881,39.1882948],[-106.8140012,39.1882769],[-106.8140231,39.1882131],[-106.8140488,39.1882184],[-106.8140634,39.188176],[-106.8139779,39.1881584],[-106.8140097,39.1880658],[-106.8140701,39.1880783],[-106.814063,39.188099],[-106.8140838,39.1881033],[-106.8140956,39.1880691],[-106.8141601,39.1880824],[-106.8141394,39.1881427],[-106.814152,39.1881453],[-106.814119,39.1882415],[-106.8141072,39.1882391]]]}},{"type":"Feature","id":"building-228881726","properties":{"kind":"building","name":"Aspen Square","height":7.2},"geometry":{"type":"Polygon","coordinates":[[[-106.817135,39.1873817],[-106.817219,39.1873992],[-106.817224,39.1873834],[-106.817467,39.1874338],[-106.817487,39.1874268],[-106.817548,39.1874485],[-106.817613,39.1874519],[-106.817619,39.1874925],[-106.817627,39.1874942],[-106.817579,39.1876311],[-106.817571,39.1876295],[-106.817563,39.1876515],[-106.816666,39.1874649],[-106.816725,39.1872964],[-106.816746,39.1873009],[-106.816752,39.1872852],[-106.81714,39.1873659],[-106.817135,39.1873817]]]}},{"type":"Feature","id":"building-229360937","properties":{"kind":"building","name":"Alpine building","height":7.2},"geometry":{"type":"Polygon","coordinates":[[[-106.7997341,39.1820779],[-106.7996416,39.181911],[-106.7997724,39.1818675],[-106.7998648,39.1820344],[-106.7997341,39.1820779]]]}},{"type":"Feature","id":"building-229301885","properties":{"kind":"building","name":"Alpine building","height":7.2},"geometry":{"type":"Polygon","coordinates":[[[-106.8034712,39.1859941],[-106.8034865,39.1859579],[-106.8034599,39.1859511],[-106.8034636,39.1859422],[-106.8034567,39.1859404],[-106.8034795,39.1858864],[-106.8035288,39.1858989],[-106.8035516,39.1858448],[-106.8036554,39.1858711],[-106.8036255,39.185942],[-106.8036547,39.1859494],[-106.8036358,39.1859943],[-106.8036215,39.1859907],[-106.803617,39.1860013],[-106.8035957,39.1859959],[-106.8035844,39.1860228],[-106.8034712,39.1859941]]]}},{"type":"Feature","id":"building-228881716","properties":{"kind":"building","name":"Alpine building","height":7.2},"geometry":{"type":"Polygon","coordinates":[[[-106.816258,39.1876949],[-106.816291,39.1876833],[-106.8163072,39.1877111],[-106.816289,39.1877175],[-106.816277,39.1877524],[-106.816282,39.1877624],[-106.816282,39.1877733],[-106.816275,39.187783],[-106.816264,39.1877897],[-106.8162594,39.1878027],[-106.8162731,39.1878056],[-106.8162563,39.1878533],[-106.8161641,39.1878338],[-106.816179,39.1877915],[-106.8161722,39.1877901],[-106.8161927,39.1877317],[-106.8161984,39.1877329],[-106.8162149,39.1876858],[-106.816258,39.1876949]]]}},{"type":"Feature","id":"building-228889142","properties":{"kind":"building","name":"Alpine building","height":7.2},"geometry":{"type":"Polygon","coordinates":[[[-106.8129117,39.1883802],[-106.8126907,39.1883346],[-106.8127432,39.1881818],[-106.8129642,39.1882274],[-106.8129117,39.1883802]]]}},{"type":"Feature","id":"building-228725973","properties":{"kind":"building","name":"Alpine building","height":7.2},"geometry":{"type":"Polygon","coordinates":[[[-106.8216418,39.1851995],[-106.8216288,39.1851968],[-106.8216268,39.1852011],[-106.8216378,39.1852032],[-106.8216288,39.1852308],[-106.8216178,39.1852287],[-106.8215998,39.1852836],[-106.8215838,39.1852805],[-106.8215828,39.185286],[-106.8215928,39.1852882],[-106.8215838,39.1853157],[-106.8215728,39.1853136],[-106.8215548,39.1853685],[-106.8212888,39.1853155],[-106.8213068,39.1852606],[-106.8212858,39.1852564],[-106.8212998,39.1852135],[-106.8213368,39.1852208],[-106.8213508,39.1851757],[-106.8213298,39.1851715],[-106.8213448,39.1851286],[-106.8213788,39.1851355],[-106.8213938,39.1850916],[-106.8213728,39.1850874],[-106.8213848,39.1850505],[-106.8216728,39.1851076],[-106.8216698,39.185117],[-106.8216798,39.1851192],[-106.8216708,39.1851468],[-106.8216598,39.1851446],[-106.8216418,39.1851995]]]}},{"type":"Feature","id":"building-229301991","properties":{"kind":"building","name":"Alpine building","height":7.2},"geometry":{"type":"Polygon","coordinates":[[[-106.8063166,39.1873296],[-106.8061684,39.1873749],[-106.8061268,39.1872931],[-106.8061774,39.1872776],[-106.8061665,39.1872561],[-106.8062484,39.1872311],[-106.8062593,39.1872526],[-106.806275,39.1872478],[-106.8063166,39.1873296]]]}},{"type":"Feature","id":"building-229234210","properties":{"kind":"building","name":"Alpine building","height":7.2},"geometry":{"type":"Polygon","coordinates":[[[-106.8072446,39.1876198],[-106.8072865,39.1876019],[-106.8073791,39.1876147],[-106.8073871,39.1876259],[-106.8074321,39.1876321],[-106.8074501,39.1876574],[-106.8074623,39.1876591],[-106.8074532,39.1876986],[-106.8074328,39.1877074],[-106.8072514,39.1876823],[-106.8072388,39.1876691],[-106.8072402,39.187663],[-106.8071965,39.1876569],[-106.8071897,39.1876609],[-106.8071569,39.1876563],[-106.8071245,39.1876222],[-106.8071712,39.1875956],[-106.8072047,39.1876002],[-106.8072201,39.1876165],[-106.8072446,39.1876198]]]}},{"type":"Feature","id":"building-228725979","properties":{"kind":"building","name":"Alpine building","height":7.2},"geometry":{"type":"Polygon","coordinates":[[[-106.8203609,39.1860689],[-106.8203257,39.1861752],[-106.8201262,39.1861356],[-106.8201614,39.1860292],[-106.8203609,39.1860689]]]}},{"type":"Feature","id":"building-229234116","properties":{"kind":"building","name":"Alpine building","height":7.2},"geometry":{"type":"Polygon","coordinates":[[[-106.8105023,39.1882569],[-106.8104849,39.1883083],[-106.8104809,39.1883074],[-106.8104758,39.1883227],[-106.8103336,39.1882939],[-106.8103592,39.1882181],[-106.8103726,39.1882208],[-106.8103942,39.1881568],[-106.8105407,39.1881865],[-106.810516,39.1882596],[-106.8105023,39.1882569]]]}},{"type":"Feature","id":"building-229360967","properties":{"kind":"building","name":"Alpine building","height":7.2},"geometry":{"type":"Polygon","coordinates":[[[-106.7995276,39.1815502],[-106.7994127,39.1815679],[-106.7993786,39.181435],[-106.799401,39.1814315],[-106.7993848,39.1813681],[-106.7994698,39.181355],[-106.799486,39.1814184],[-106.7994935,39.1814173],[-106.7995276,39.1815502]]]}},{"type":"Feature","id":"building-229360896","properties":{"kind":"building","name":"Alpine building","height":7.2},"geometry":{"type":"Polygon","coordinates":[[[-106.7994886,39.181706],[-106.7994704,39.1816733],[-106.799615,39.1816252],[-106.7996332,39.1816579],[-106.7996255,39.1816605],[-106.7996511,39.1817068],[-106.7996261,39.1817151],[-106.7996516,39.1817612],[-106.7995991,39.1817787],[-106.7996081,39.1817949],[-106.7995415,39.1818171],[-106.799507,39.1817548],[-106.7995264,39.1817483],[-106.7995007,39.181702],[-106.7994886,39.181706]]]}},{"type":"Feature","id":"building-228889206","properties":{"kind":"building","name":"Alpine building","height":7.2},"geometry":{"type":"Polygon","coordinates":[[[-106.8142463,39.1882564],[-106.8141548,39.1882375],[-106.8141994,39.1881079],[-106.8142909,39.1881267],[-106.8142463,39.1882564]]]}},{"type":"Feature","id":"building-1136596961","properties":{"kind":"building","name":"Alpine building","height":7.2},"geometry":{"type":"Polygon","coordinates":[[[-106.8051685,39.1867306],[-106.8049726,39.1868641],[-106.8050638,39.1869446],[-106.8049953,39.1869913],[-106.8048417,39.1868559],[-106.8049253,39.1867989],[-106.8048663,39.1867468],[-106.8049602,39.1866827],[-106.8050219,39.186737],[-106.8050171,39.1867403],[-106.8050281,39.1867499],[-106.8051197,39.1866875],[-106.8051685,39.1867306]]]}},{"type":"Feature","id":"building-229360873","properties":{"kind":"building","name":"Alpine building","height":7.2},"geometry":{"type":"Polygon","coordinates":[[[-106.8002571,39.1828444],[-106.8000837,39.1828585],[-106.800071,39.1827649],[-106.8001324,39.1827598],[-106.8001283,39.1827295],[-106.8001646,39.1827265],[-106.8001688,39.1827569],[-106.8002559,39.1827497],[-106.8002614,39.1827902],[-106.8002499,39.1827911],[-106.8002571,39.1828444]]]}},{"type":"Feature","id":"building-1065369150","properties":{"kind":"building","name":"Alpine building","height":7.2},"geometry":{"type":"Polygon","coordinates":[[[-106.8057124,39.1869629],[-106.8056437,39.1869208],[-106.8055554,39.1870074],[-106.805543,39.1869998],[-106.8055211,39.1870213],[-106.8055334,39.1870288],[-106.8054907,39.1870707],[-106.8054965,39.1870743],[-106.8054744,39.1870961],[-106.8054808,39.1871],[-106.8054274,39.1871526],[-106.8054813,39.1871854],[-106.805535,39.1871324],[-106.8055421,39.1871367],[-106.805563,39.1871162],[-106.8056061,39.1871425],[-106.8056882,39.1870616],[-106.8056449,39.1870352],[-106.8056629,39.1870174],[-106.8056704,39.187022],[-106.8057039,39.1869891],[-106.8056927,39.1869822],[-106.8057124,39.1869629]]]}},{"type":"Feature","id":"building-229234438","properties":{"kind":"building","name":"Alpine building","height":7.2},"geometry":{"type":"Polygon","coordinates":[[[-106.808277,39.1879872],[-106.8081746,39.1880384],[-106.8080388,39.1878751],[-106.8081524,39.1878184],[-106.8082047,39.1878813],[-106.8082183,39.1878745],[-106.8082419,39.1879029],[-106.8082172,39.1879153],[-106.808277,39.1879872]]]}},{"type":"Feature","id":"building-228726018","properties":{"kind":"building","name":"Alpine building","height":7.2},"geometry":{"type":"Polygon","coordinates":[[[-106.8214438,39.1854371],[-106.8212308,39.1853948],[-106.8212518,39.1853298],[-106.8214648,39.1853721],[-106.8214438,39.1854371]]]}},{"type":"Feature","id":"building-228889193","properties":{"kind":"building","name":"Alpine building","height":7.2},"geometry":{"type":"Polygon","coordinates":[[[-106.8114526,39.1883567],[-106.8114086,39.1883468],[-106.8114185,39.1883203],[-106.8114625,39.1883302],[-106.8114526,39.1883567]]]}},{"type":"Feature","id":"building-229360912","properties":{"kind":"building","name":"Alpine building","height":7.2},"geometry":{"type":"Polygon","coordinates":[[[-106.7988192,39.1792925],[-106.7988271,39.1792976],[-106.7987702,39.1793494],[-106.7987624,39.1793442],[-106.79875,39.1793555],[-106.7987368,39.1793468],[-106.7987302,39.1793528],[-106.7986692,39.1793125],[-106.7986758,39.1793064],[-106.7986635,39.1792983],[-106.7986759,39.1792871],[-106.7986675,39.1792815],[-106.7987243,39.1792298],[-106.7987327,39.1792353],[-106.7987451,39.1792241],[-106.7987574,39.1792322],[-106.7987604,39.1792295],[-106.7988215,39.1792698],[-106.7988184,39.1792725],[-106.7988316,39.1792812],[-106.7988192,39.1792925]]]}},{"type":"Feature","id":"building-229360931","properties":{"kind":"building","name":"Alpine building","height":7.2},"geometry":{"type":"Polygon","coordinates":[[[-106.8003125,39.1829424],[-106.8002215,39.1829719],[-106.8001942,39.1829213],[-106.8002851,39.1828918],[-106.8003125,39.1829424]]]}},{"type":"Feature","id":"building-229360936","properties":{"kind":"building","name":"Alpine building","height":7.2},"geometry":{"type":"Polygon","coordinates":[[[-106.800059,39.1825426],[-106.7998685,39.1825582],[-106.7998544,39.1824552],[-106.800045,39.1824396],[-106.800059,39.1825426]]]}},{"type":"Feature","id":"building-228881719","properties":{"kind":"building","name":"Alpine building","height":7.2},"geometry":{"type":"Polygon","coordinates":[[[-106.8153858,39.1879759],[-106.8153746,39.1880084],[-106.8153942,39.1880125],[-106.8153903,39.1880238],[-106.8154178,39.1880295],[-106.815431,39.1879908],[-106.8154641,39.1879977],[-106.815458,39.1880156],[-106.8154866,39.1880215],[-106.815471,39.188067],[-106.8154424,39.1880611],[-106.8154382,39.1880733],[-106.8154207,39.1880817],[-106.8152871,39.1880542],[-106.8153187,39.1879621],[-106.8153858,39.1879759]]]}},{"type":"Feature","id":"building-228888979","properties":{"kind":"building","name":"Alpine building","height":7.2},"geometry":{"type":"Polygon","coordinates":[[[-106.8130086,39.1883009],[-106.8130294,39.1882404],[-106.8131707,39.1882696],[-106.81315,39.18833],[-106.8131666,39.1883335],[-106.8131529,39.1883732],[-106.8131363,39.1883698],[-106.8131156,39.1884301],[-106.8129743,39.1884009],[-106.812995,39.1883407],[-106.8129784,39.1883373],[-106.8129921,39.1882975],[-106.8130086,39.1883009]]]}},{"type":"Feature","id":"building-229360910","properties":{"kind":"building","name":"Alpine building","height":7.2},"geometry":{"type":"Polygon","coordinates":[[[-106.7998669,39.1822439],[-106.7999061,39.1822365],[-106.7999221,39.1822879],[-106.7998717,39.1822973],[-106.7998875,39.182348],[-106.7997709,39.1823698],[-106.799763,39.1823442],[-106.7997408,39.1823484],[-106.7997316,39.182319],[-106.799681,39.1823285],[-106.7996659,39.1822801],[-106.7996881,39.1822759],[-106.7996764,39.1822381],[-106.7997269,39.1822286],[-106.7997149,39.1821901],[-106.7997333,39.1821867],[-106.7997274,39.182168],[-106.7998518,39.1821447],[-106.7998707,39.1822055],[-106.7998558,39.1822083],[-106.7998669,39.1822439]]]}},{"type":"Feature","id":"building-228889180","properties":{"kind":"building","name":"Alpine building","height":7.2},"geometry":{"type":"Polygon","coordinates":[[[-106.8144781,39.1881509],[-106.8144143,39.1883367],[-106.814275,39.1883079],[-106.8143388,39.1881221],[-106.8144781,39.1881509]]]}},{"type":"Feature","id":"building-228881694","properties":{"kind":"building","name":"Alpine building","height":7.2},"geometry":{"type":"Polygon","coordinates":[[[-106.8157547,39.1881458],[-106.8156513,39.1881244],[-106.8156865,39.1880216],[-106.8157095,39.1880264],[-106.8157174,39.1880033],[-106.8156773,39.187995],[-106.8156872,39.1879663],[-106.8156669,39.1879621],[-106.815678,39.1879296],[-106.8156983,39.1879338],[-106.8157088,39.1879034],[-106.8157694,39.1879159],[-106.8157554,39.1879566],[-106.8158154,39.187969],[-106.8157547,39.1881458]]]}},{"type":"Feature","id":"building-228726035","properties":{"kind":"building","name":"Alpine building","height":7.2},"geometry":{"type":"Polygon","coordinates":[[[-106.8205803,39.1861075],[-106.8204967,39.1860909],[-106.8205006,39.1860792],[-106.8204336,39.1860658],[-106.8204889,39.1858985],[-106.8206395,39.1859284],[-106.8205803,39.1861075]]]}},{"type":"Feature","id":"building-229360911","properties":{"kind":"building","name":"Alpine building","height":7.2},"geometry":{"type":"Polygon","coordinates":[[[-106.7988109,39.1798085],[-106.7988262,39.1797958],[-106.7989028,39.1798516],[-106.7989097,39.1798459],[-106.7989482,39.1798739],[-106.7989413,39.1798796],[-106.7989557,39.17989],[-106.7988814,39.1799513],[-106.798847,39.1799262],[-106.798831,39.1799394],[-106.7988004,39.1799171],[-106.7988163,39.1799039],[-106.7987639,39.1798657],[-106.7986735,39.1798796],[-106.7986658,39.1798493],[-106.7986102,39.1798578],[-106.7985971,39.1798063],[-106.7986526,39.1797978],[-106.798648,39.1797794],[-106.7987976,39.1797565],[-106.7988109,39.1798085]]]}},{"type":"Feature","id":"building-229234388","properties":{"kind":"building","name":"Alpine building","height":7.2},"geometry":{"type":"Polygon","coordinates":[[[-106.8099623,39.1882737],[-106.8100895,39.1882996],[-106.810082,39.1883216],[-106.8101046,39.1883262],[-106.8100887,39.1883732],[-106.8098621,39.188327],[-106.8098854,39.1882581],[-106.8099626,39.188259],[-106.8099623,39.1882737]]]}},{"type":"Feature","id":"building-228881769","properties":{"kind":"building","name":"Alpine building","height":7.2},"geometry":{"type":"Polygon","coordinates":[[[-106.8156001,39.1881174],[-106.8154908,39.1880949],[-106.8155225,39.1880025],[-106.8155771,39.1880137],[-106.8155694,39.1880362],[-106.8156241,39.1880475],[-106.8156001,39.1881174]]]}},{"type":"Feature","id":"building-228889087","properties":{"kind":"building","name":"Mountain House Lodge","height":7.2},"geometry":{"type":"Polygon","coordinates":[[[-106.8133657,39.1884053],[-106.8133626,39.1884141],[-106.8133045,39.1884021],[-106.8133076,39.1883933],[-106.8132815,39.1883879],[-106.8132558,39.1884625],[-106.8131585,39.1884424],[-106.8132192,39.1882656],[-106.813253,39.1882725],[-106.8132606,39.1882504],[-106.8133242,39.1882636],[-106.8133203,39.1882746],[-106.8133536,39.1882815],[-106.8133339,39.188339],[-106.8133973,39.1883521],[-106.8134173,39.188294],[-106.8135873,39.188329],[-106.8135363,39.1884774],[-106.8135209,39.1884743],[-106.8135061,39.1885173],[-106.8133698,39.1884892],[-106.8133911,39.1884273],[-106.8133728,39.1884235],[-106.8133782,39.1884079],[-106.8133657,39.1884053]]]}},{"type":"Feature","id":"building-1136596960","properties":{"kind":"building","name":"Alpine building","height":7.2},"geometry":{"type":"Polygon","coordinates":[[[-106.8023284,39.1851315],[-106.802207,39.1851588],[-106.8020816,39.1851089],[-106.8020449,39.1851643],[-106.8019632,39.1851318],[-106.80197,39.1851215],[-106.8019494,39.1851133],[-106.8019778,39.1850702],[-106.8019993,39.1850787],[-106.8020469,39.1850067],[-106.8020593,39.1850116],[-106.8020643,39.185004],[-106.8021184,39.1850254],[-106.8021128,39.1850338],[-106.8021154,39.1850348],[-106.8021259,39.1850188],[-106.8021854,39.1850422],[-106.802174,39.1850596],[-106.8022157,39.1850759],[-106.8023004,39.1850568],[-106.8023284,39.1851315]]]}},{"type":"Feature","id":"building-229360897","properties":{"kind":"building","name":"Alpine building","height":7.2},"geometry":{"type":"Polygon","coordinates":[[[-106.7987719,39.1802012],[-106.7987867,39.1801599],[-106.7988372,39.1801707],[-106.7988327,39.1801831],[-106.7988702,39.1801912],[-106.7988733,39.1801827],[-106.7989149,39.180174],[-106.7989381,39.1801967],[-106.7989351,39.1802052],[-106.7989728,39.1802133],[-106.7989505,39.1802755],[-106.7987959,39.1802422],[-106.7987795,39.1802877],[-106.7986678,39.1802637],[-106.7986961,39.1801848],[-106.7987719,39.1802012]]]}},{"type":"Feature","id":"building-229360961","properties":{"kind":"building","name":"Alpine building","height":7.2},"geometry":{"type":"Polygon","coordinates":[[[-106.7984909,39.178384],[-106.7984289,39.1783869],[-106.7984206,39.1782833],[-106.7986267,39.1782733],[-106.7986348,39.1783734],[-106.7986176,39.1783742],[-106.7986221,39.1784295],[-106.798495,39.1784356],[-106.7984909,39.178384]]]}},{"type":"Feature","id":"building-228725978","properties":{"kind":"building","name":"Alpine building","height":7.2},"geometry":{"type":"Polygon","coordinates":[[[-106.8213545,39.1856605],[-106.8211214,39.1856141],[-106.8211527,39.1855197],[-106.8213858,39.1855661],[-106.8213545,39.1856605]]]}},{"type":"Feature","id":"building-228889227","properties":{"kind":"building","name":"Alpine building","height":7.2},"geometry":{"type":"Polygon","coordinates":[[[-106.8145956,39.1883741],[-106.8144546,39.188345],[-106.8145184,39.1881592],[-106.8146594,39.1881883],[-106.8145956,39.1883741]]]}},{"type":"Feature","id":"building-228881715","properties":{"kind":"building","name":"Alpine building","height":7.2},"geometry":{"type":"Polygon","coordinates":[[[-106.8182751,39.1874785],[-106.8183141,39.1873643],[-106.8183511,39.187255],[-106.8182731,39.1872392],[-106.8182701,39.1872499],[-106.8181241,39.1872202],[-106.8180971,39.1872323],[-106.8180741,39.1872995],[-106.8180511,39.1873093],[-106.8180421,39.187334],[-106.8180101,39.1873432],[-106.8180001,39.1873721],[-106.8179841,39.1873687],[-106.8179681,39.1874159],[-106.8182751,39.1874785]]]}},{"type":"Feature","id":"building-229360899","properties":{"kind":"building","name":"Alpine building","height":7.2},"geometry":{"type":"Polygon","coordinates":[[[-106.8000985,39.1831132],[-106.8001307,39.1830657],[-106.8001602,39.1830777],[-106.8001704,39.1830627],[-106.800146,39.1830527],[-106.8001911,39.1829861],[-106.8002858,39.1830246],[-106.8003033,39.1830692],[-106.8002863,39.1830944],[-106.8002488,39.1830792],[-106.8002342,39.1831007],[-106.8002547,39.183109],[-106.8002127,39.183171],[-106.8001663,39.1831522],[-106.8001724,39.1831432],[-106.8000985,39.1831132]]]}},{"type":"Feature","id":"building-229301978","properties":{"kind":"building","name":"Alpine building","height":7.2},"geometry":{"type":"Polygon","coordinates":[[[-106.8024533,39.1853425],[-106.8023813,39.185439],[-106.8021903,39.1853536],[-106.8022623,39.1852571],[-106.8023573,39.1852998],[-106.8023753,39.1852947],[-106.8024063,39.1853086],[-106.8024103,39.1853231],[-106.8024533,39.1853425]]]}},{"type":"Feature","id":"building-228725984","properties":{"kind":"building","name":"Alpine building","height":7.2},"geometry":{"type":"Polygon","coordinates":[[[-106.821495,39.1854683],[-106.8214645,39.1854623],[-106.8214698,39.1854461],[-106.8215003,39.1854522],[-106.821495,39.1854683]]]}},{"type":"Feature","id":"building-229234415","properties":{"kind":"building","name":"Alpine building","height":7.2},"geometry":{"type":"Polygon","coordinates":[[[-106.809653,39.1882776],[-106.809723,39.1882722],[-106.8097326,39.188347],[-106.8096626,39.1883524],[-106.8096664,39.1883824],[-106.8095825,39.1883888],[-106.8095664,39.1882633],[-106.8096503,39.1882569],[-106.809653,39.1882776]]]}},{"type":"Feature","id":"building-229234120","properties":{"kind":"building","name":"Alpine building","height":7.2},"geometry":{"type":"Polygon","coordinates":[[[-106.8104573,39.1884684],[-106.8103014,39.1884368],[-106.8103138,39.1884001],[-106.8103503,39.1884075],[-106.8103766,39.1883297],[-106.8104804,39.1883508],[-106.810465,39.1883963],[-106.8104516,39.1883936],[-106.8104385,39.1884322],[-106.8104675,39.1884381],[-106.8104573,39.1884684]]]}},{"type":"Feature","id":"building-228889056","properties":{"kind":"building","name":"Alpine building","height":7.2},"geometry":{"type":"Polygon","coordinates":[[[-106.8111401,39.188402],[-106.8111191,39.1883972],[-106.8110951,39.1884615],[-106.8111041,39.1884637],[-106.8110921,39.1884972],[-106.8110821,39.1884951],[-106.8110761,39.1885126],[-106.8110851,39.1885148],[-106.8110711,39.1885515],[-106.8110621,39.1885494],[-106.8110431,39.1885999],[-106.8109141,39.1885709],[-106.8109291,39.1885309],[-106.8109111,39.1885269],[-106.8109511,39.1884209],[-106.8109561,39.1884221],[-106.8110091,39.1882822],[-106.8111081,39.1883046],[-106.8111181,39.1882778],[-106.8111811,39.188292],[-106.8111401,39.188402]]]}},{"type":"Feature","id":"building-228889243","properties":{"kind":"building","name":"Alpine building","height":7.2},"geometry":{"type":"Polygon","coordinates":[[[-106.8119447,39.1885197],[-106.8119687,39.1884518],[-106.8120187,39.1884622],[-106.8120237,39.1884466],[-106.8120747,39.1884573],[-106.8120467,39.1885408],[-106.8119447,39.1885197]]]}},{"type":"Feature","id":"building-229301874","properties":{"kind":"building","name":"Alpine building","height":7.2},"geometry":{"type":"Polygon","coordinates":[[[-106.8040459,39.186445],[-106.8041036,39.1864343],[-106.8041793,39.1866791],[-106.8040548,39.1867022],[-106.8040123,39.1865647],[-106.8040224,39.1865629],[-106.8039892,39.1864555],[-106.8040277,39.1864484],[-106.8040186,39.1864261],[-106.8039785,39.1864359],[-106.8039529,39.1863731],[-106.8040366,39.1863526],[-106.8040622,39.1864154],[-106.8040364,39.1864217],[-106.8040459,39.186445]]]}},{"type":"Feature","id":"building-229301850","properties":{"kind":"building","name":"Alpine building","height":7.2},"geometry":{"type":"Polygon","coordinates":[[[-106.8032722,39.1860059],[-106.803286,39.1860361],[-106.8031827,39.1860645],[-106.8031689,39.1860344],[-106.8031366,39.1860432],[-106.803099,39.1859611],[-106.8031313,39.1859522],[-106.8031181,39.1859234],[-106.8032214,39.185895],[-106.8032347,39.1859238],[-106.8032651,39.1859155],[-106.8033027,39.1859976],[-106.8032722,39.1860059]]]}},{"type":"Feature","id":"building-229301876","properties":{"kind":"building","name":"Alpine building","height":7.2},"geometry":{"type":"Polygon","coordinates":[[[-106.8028171,39.18569],[-106.802723,39.1857424],[-106.802654,39.1856678],[-106.8026697,39.185659],[-106.8026142,39.1855991],[-106.8025421,39.1856209],[-106.8025077,39.1855522],[-106.8025855,39.1855287],[-106.8025911,39.1855398],[-106.8026486,39.1855078],[-106.8027043,39.1855681],[-106.8027253,39.1855564],[-106.8027838,39.1856196],[-106.8027628,39.1856313],[-106.8028171,39.18569]]]}},{"type":"Feature","id":"building-228888993","properties":{"kind":"building","name":"Alpine building","height":7.2},"geometry":{"type":"Polygon","coordinates":[[[-106.8116107,39.18854],[-106.8116007,39.1885671],[-106.8115557,39.1885577],[-106.8115577,39.1885524],[-106.8115217,39.1885449],[-106.8115757,39.1883876],[-106.8116517,39.1884034],[-106.8116597,39.1883816],[-106.8117407,39.1883985],[-106.8116847,39.1885611],[-106.8116397,39.1885517],[-106.8116407,39.1885464],[-106.8116107,39.18854]]]}},{"type":"Feature","id":"building-230237329","properties":{"kind":"building","name":"Ruthie's","height":7.2},"geometry":{"type":"Polygon","coordinates":[[[-106.8257886,39.1769091],[-106.825425,39.1769479],[-106.8254157,39.1768953],[-106.825355,39.1769018],[-106.8253504,39.1768761],[-106.825377,39.1768733],[-106.8253559,39.1767547],[-106.82539,39.1767511],[-106.8253747,39.1766648],[-106.8255652,39.1766444],[-106.8256542,39.1766974],[-106.8257491,39.1766873],[-106.8257886,39.1769091]]]}},{"type":"Feature","id":"building-228889176","properties":{"kind":"building","name":"Alpine building","height":7.2},"geometry":{"type":"Polygon","coordinates":[[[-106.8118387,39.1886379],[-106.8117397,39.1886175],[-106.8118107,39.188412],[-106.8119097,39.1884324],[-106.8118387,39.1886379]]]}},{"type":"Feature","id":"building-229234201","properties":{"kind":"building","name":"Alpine building","height":7.2},"geometry":{"type":"Polygon","coordinates":[[[-106.8100548,39.1883863],[-106.8100409,39.1884272],[-106.8100607,39.1884313],[-106.8100444,39.1884793],[-106.8099239,39.1884548],[-106.809926,39.1884485],[-106.8098244,39.1884278],[-106.8098222,39.1884345],[-106.8097613,39.1884221],[-106.8097639,39.1884142],[-106.8097529,39.188412],[-106.8097753,39.1883459],[-106.8097863,39.1883481],[-106.8097948,39.1883231],[-106.8098329,39.1883308],[-106.8098401,39.1883491],[-106.8099988,39.1883815],[-106.8100009,39.1883754],[-106.8100548,39.1883863]]]}},{"type":"Feature","id":"building-1065711893","properties":{"kind":"building","name":"Alpine building","height":7.2},"geometry":{"type":"Polygon","coordinates":[[[-106.7985008,39.1771232],[-106.7984504,39.1770901],[-106.7983925,39.1771431],[-106.7984418,39.1771755],[-106.7984594,39.1771594],[-106.7984773,39.1771711],[-106.7985051,39.1771456],[-106.7984883,39.1771346],[-106.7985008,39.1771232]]]}},{"type":"Feature","id":"building-228889170","properties":{"kind":"building","name":"Alpine building","height":7.2},"geometry":{"type":"Polygon","coordinates":[[[-106.8148343,39.18842],[-106.8146584,39.1883837],[-106.814723,39.1881956],[-106.8148988,39.1882319],[-106.8148343,39.18842]]]}},{"type":"Feature","id":"building-228881789","properties":{"kind":"building","name":"Alpine building","height":7.2},"geometry":{"type":"Polygon","coordinates":[[[-106.8159297,39.1881492],[-106.8159231,39.1881684],[-106.8157899,39.1881408],[-106.8157964,39.188122],[-106.8157684,39.1881162],[-106.8158411,39.1879049],[-106.8160268,39.1879434],[-106.8159673,39.1881179],[-106.8159542,39.1881543],[-106.8159297,39.1881492]]]}},{"type":"Feature","id":"building-228725990","properties":{"kind":"building","name":"Alpine building","height":7.2},"geometry":{"type":"Polygon","coordinates":[[[-106.8207217,39.1861406],[-106.8206865,39.186247],[-106.8204455,39.1861991],[-106.8204807,39.1860927],[-106.8207217,39.1861406]]]}},{"type":"Feature","id":"building-229347666","properties":{"kind":"building","name":"Alpine building","height":7.2},"geometry":{"type":"Polygon","coordinates":[[[-106.8010681,39.1843997],[-106.8010115,39.1842423],[-106.8010914,39.184225],[-106.8011309,39.1842426],[-106.8011701,39.1843515],[-106.801148,39.1843824],[-106.8010681,39.1843997]]]}},{"type":"Feature","id":"building-228881679","properties":{"kind":"building","name":"Alpine building","height":7.2},"geometry":{"type":"Polygon","coordinates":[[[-106.8161176,39.1882048],[-106.8159619,39.1881729],[-106.8159798,39.1881205],[-106.8159673,39.1881179],[-106.8160268,39.1879434],[-106.8160239,39.1879379],[-106.8161736,39.1879685],[-106.8161725,39.1879716],[-106.8162296,39.1879833],[-106.8162093,39.1880429],[-106.8162167,39.1880444],[-106.8162111,39.1880608],[-106.8161389,39.1880461],[-106.8161227,39.1880937],[-106.8161534,39.1881],[-106.8161176,39.1882048]]]}},{"type":"Feature","id":"building-228889279","properties":{"kind":"building","name":"Alpine building","height":7.2},"geometry":{"type":"Polygon","coordinates":[[[-106.8139596,39.1884081],[-106.8139662,39.1884095],[-106.8139006,39.1886004],[-106.813828,39.1885854],[-106.8138936,39.1883945],[-106.8138988,39.1883955],[-106.8139074,39.1883705],[-106.8139682,39.188383],[-106.8139596,39.1884081]]]}},{"type":"Feature","id":"building-228889239","properties":{"kind":"building","name":"Alpine building","height":7.2},"geometry":{"type":"Polygon","coordinates":[[[-106.8112807,39.1884834],[-106.8112487,39.188581],[-106.8112027,39.1885718],[-106.8112127,39.1885409],[-106.8112237,39.1885433],[-106.8112457,39.1884765],[-106.8112807,39.1884834]]]}},{"type":"Feature","id":"building-229347634","properties":{"kind":"building","name":"Alpine building","height":7.2},"geometry":{"type":"Polygon","coordinates":[[[-106.7988062,39.1759673],[-106.7985717,39.176046],[-106.7986338,39.1761573],[-106.7985561,39.1761833],[-106.7985021,39.1760865],[-106.7984299,39.1761108],[-106.7984224,39.1760974],[-106.7984073,39.1761025],[-106.7983493,39.1759986],[-106.7987506,39.1758638],[-106.7987739,39.1759055],[-106.7988666,39.1758744],[-106.7988838,39.1759051],[-106.7987892,39.1759369],[-106.7988062,39.1759673]]]}},{"type":"Feature","id":"building-229360927","properties":{"kind":"building","name":"Alpine building","height":7.2},"geometry":{"type":"Polygon","coordinates":[[[-106.7991419,39.1812901],[-106.7990733,39.1813533],[-106.7989448,39.1812694],[-106.7990134,39.1812063],[-106.7991419,39.1812901]]]}},{"type":"Feature","id":"building-228881786","properties":{"kind":"building","name":"Alpine building","height":7.2},"geometry":{"type":"Polygon","coordinates":[[[-106.8170127,39.1878722],[-106.8170073,39.1878879],[-106.8170011,39.1878866],[-106.8169924,39.1879115],[-106.8169987,39.1879128],[-106.8169935,39.1879278],[-106.8169872,39.1879265],[-106.8169798,39.187948],[-106.8169861,39.1879493],[-106.8169806,39.187965],[-106.8169743,39.1879636],[-106.8169657,39.1879886],[-106.816972,39.1879899],[-106.8169661,39.1880069],[-106.8169597,39.1880056],[-106.8169464,39.188044],[-106.8169325,39.1880411],[-106.8169309,39.1880458],[-106.8169108,39.1880416],[-106.8169124,39.1880369],[-106.81687,39.1880281],[-106.8168683,39.1880328],[-106.81683,39.1880249],[-106.8168317,39.18802],[-106.8168054,39.1880146],[-106.8168037,39.1880195],[-106.816783,39.1880151],[-106.8167847,39.1880102],[-106.8167305,39.1879989],[-106.8167288,39.188004],[-106.8167079,39.1879996],[-106.8167097,39.1879946],[-106.8166852,39.1879895],[-106.8166834,39.1879947],[-106.8166465,39.187987],[-106.8166483,39.1879818],[-106.8166231,39.1879765],[-106.8166155,39.1879984],[-106.81658,39.1879911],[-106.8165876,39.1879691],[-106.8165713,39.1879657],[-106.8165847,39.1879268],[-106.8165757,39.1879249],[-106.8165813,39.1879086],[-106.8165905,39.1879105],[-106.8165973,39.1878907],[-106.816588,39.1878888],[-106.8165935,39.187873],[-106.8166028,39.1878749],[-106.81661,39.1878543],[-106.8166005,39.1878523],[-106.8166058,39.1878369],[-106.8166153,39.1878389],[-106.8166222,39.1878192],[-106.8166125,39.1878172],[-106.816618,39.1878015],[-106.8166276,39.1878035],[-106.8166355,39.1877806],[-106.8166257,39.1877786],[-106.8166311,39.1877632],[-106.8166409,39.1877652],[-106.8166451,39.1877533],[-106.816666,39.1877576],[-106.8166681,39.1877514],[-106.8166923,39.1877564],[-106.8166902,39.1877627],[-106.8167413,39.1877733],[-106.8167434,39.1877671],[-106.8167783,39.1877744],[-106.8167725,39.1877912],[-106.8167836,39.1877936],[-106.8167527,39.1878828],[-106.8168377,39.1879005],[-106.8168686,39.1878113],[-106.8168791,39.1878135],[-106.8168849,39.1877967],[-106.8169198,39.1878039],[-106.8169176,39.1878102],[-106.8169695,39.187821],[-106.8169716,39.1878147],[-106.8169932,39.1878192],[-106.816991,39.1878255],[-106.8170202,39.1878315],[-106.8170066,39.1878709],[-106.8170127,39.1878722]]]}},{"type":"Feature","id":"building-228889133","properties":{"kind":"building","name":"Alpine building","height":7.2},"geometry":{"type":"Polygon","coordinates":[[[-106.8142326,39.1884882],[-106.8141858,39.1884785],[-106.8142107,39.1884059],[-106.8142575,39.1884156],[-106.8142326,39.1884882]]]}},{"type":"Feature","id":"building-229347631","properties":{"kind":"building","name":"Alpine building","height":7.2},"geometry":{"type":"Polygon","coordinates":[[[-106.8002111,39.1832849],[-106.8002423,39.1832732],[-106.8002865,39.1833439],[-106.8002377,39.1833623],[-106.8002717,39.1834167],[-106.8002664,39.1834187],[-106.8002862,39.1834504],[-106.8002669,39.1834576],[-106.8002783,39.1834759],[-106.8002383,39.1834909],[-106.8002269,39.1834726],[-106.8002093,39.1834793],[-106.8001112,39.1833225],[-106.8001177,39.18332],[-106.8001051,39.1832999],[-106.8001552,39.183281],[-106.8002082,39.1832803],[-106.8002111,39.1832849]]]}},{"type":"Feature","id":"building-228889114","properties":{"kind":"building","name":"Alpine building","height":7.2},"geometry":{"type":"Polygon","coordinates":[[[-106.8125596,39.1886273],[-106.8126016,39.1886359],[-106.8125416,39.1888077],[-106.8121326,39.1887226],[-106.8121916,39.1885509],[-106.8122266,39.1885582],[-106.8122316,39.1885454],[-106.8122626,39.1885519],[-106.8122586,39.1885648],[-106.8122846,39.1885702],[-106.8122886,39.1885574],[-106.8123076,39.1885612],[-106.8123036,39.188574],[-106.8123266,39.1885789],[-106.8123316,39.1885662],[-106.8123636,39.188573],[-106.8123596,39.1885857],[-106.8123846,39.1885908],[-106.8123886,39.1885781],[-106.8124076,39.1885821],[-106.8124036,39.1885948],[-106.8124286,39.1886],[-106.8124326,39.1885873],[-106.8124666,39.1885943],[-106.8124616,39.188607],[-106.8124856,39.1886118],[-106.8124896,39.1885992],[-106.8125076,39.188603],[-106.8125036,39.1886157],[-106.8125286,39.1886209],[-106.8125336,39.1886083],[-106.8125646,39.1886147],[-106.8125596,39.1886273]]]}},{"type":"Feature","id":"building-229234154","properties":{"kind":"building","name":"Alpine building","height":7.2},"geometry":{"type":"Polygon","coordinates":[[[-106.8081312,39.1881214],[-106.8081826,39.1881124],[-106.8081989,39.1881684],[-106.8081797,39.1881718],[-106.8081886,39.1882026],[-106.8081565,39.1882082],[-106.8081643,39.1882351],[-106.808117,39.1882434],[-106.8081008,39.1881879],[-106.8080922,39.1881894],[-106.8080731,39.1881236],[-106.808129,39.1881138],[-106.8081312,39.1881214]]]}},{"type":"Feature","id":"building-229360956","properties":{"kind":"building","name":"Alpine building","height":7.2},"geometry":{"type":"Polygon","coordinates":[[[-106.7984498,39.178718],[-106.7984598,39.178813],[-106.7983938,39.1788171],[-106.7983948,39.1788294],[-106.7983038,39.1788351],[-106.7983078,39.1788668],[-106.7982318,39.1788715],[-106.7982168,39.1787326],[-106.7984498,39.178718]]]}},{"type":"Feature","id":"building-229234128","properties":{"kind":"building","name":"Alpine building","height":7.2},"geometry":{"type":"Polygon","coordinates":[[[-106.8088853,39.1884898],[-106.8088612,39.1883707],[-106.8088061,39.1883704],[-106.8088066,39.188312],[-106.8088573,39.1883123],[-106.808846,39.1882562],[-106.8088923,39.1882506],[-106.8088956,39.1882671],[-106.8089478,39.1882608],[-106.8089681,39.188361],[-106.8089587,39.1883621],[-106.8089821,39.1884781],[-106.8088853,39.1884898]]]}},{"type":"Feature","id":"building-228726031","properties":{"kind":"building","name":"Alpine building","height":7.2},"geometry":{"type":"Polygon","coordinates":[[[-106.8212011,39.1860172],[-106.8211051,39.1859981],[-106.8210975,39.186021],[-106.8210212,39.1860059],[-106.8211271,39.1856858],[-106.8212995,39.18572],[-106.8212011,39.1860172]]]}},{"type":"Feature","id":"building-229347632","properties":{"kind":"building","name":"Alpine building","height":7.2},"geometry":{"type":"Polygon","coordinates":[[[-106.8014928,39.1846892],[-106.8015236,39.1847693],[-106.8014462,39.1847872],[-106.8014336,39.1847543],[-106.8013926,39.1847415],[-106.8013878,39.1847506],[-106.8013496,39.1847386],[-106.8013411,39.1847551],[-106.8012724,39.1847336],[-106.8012757,39.1847272],[-106.80123,39.1847129],[-106.8012689,39.1846382],[-106.8013068,39.18465],[-106.801318,39.1846286],[-106.8013944,39.1846525],[-106.8013833,39.1846739],[-106.8014112,39.1846827],[-106.8014197,39.1846663],[-106.8014928,39.1846892]]]}},{"type":"Feature","id":"building-229347642","properties":{"kind":"building","name":"Alpine building","height":7.2},"geometry":{"type":"Polygon","coordinates":[[[-106.8006606,39.1837921],[-106.8006819,39.1838223],[-106.8007152,39.1838309],[-106.8007008,39.1838643],[-106.8006374,39.1838912],[-106.8006499,39.183909],[-106.8006218,39.183974],[-106.8006308,39.1839763],[-106.8006213,39.1839982],[-106.8006026,39.1840182],[-106.8004916,39.1839893],[-106.8005069,39.183954],[-106.8005477,39.1839367],[-106.8005271,39.1839074],[-106.8004565,39.1838891],[-106.8004356,39.183861],[-106.8004416,39.1838471],[-106.8004253,39.183824],[-106.8004787,39.1838379],[-106.8004871,39.1838185],[-106.8005173,39.1838264],[-106.8005394,39.1837754],[-106.8005734,39.1837843],[-106.8005696,39.1837931],[-106.8006164,39.1838052],[-106.800626,39.1837831],[-106.8006606,39.1837921]]]}},{"type":"Feature","id":"building-228881790","properties":{"kind":"building","name":"Alpine building","height":7.2},"geometry":{"type":"Polygon","coordinates":[[[-106.8185811,39.1875409],[-106.8182751,39.1874785],[-106.8183141,39.1873643],[-106.8184791,39.1873979],[-106.8185091,39.1873073],[-106.8185381,39.187294],[-106.8185671,39.1873],[-106.8185871,39.1872905],[-106.8186611,39.1873056],[-106.8185811,39.1875409]]]}},{"type":"Feature","id":"building-228726043","properties":{"kind":"building","name":"Alpine building","height":7.2},"geometry":{"type":"Polygon","coordinates":[[[-106.8220858,39.1852789],[-106.8220992,39.1852503],[-106.8219392,39.1852055],[-106.8219545,39.1851727],[-106.8221145,39.1852175],[-106.82213,39.1851843],[-106.8222163,39.1852085],[-106.8221722,39.1853031],[-106.8220858,39.1852789]]]}},{"type":"Feature","id":"building-229360878","properties":{"kind":"building","name":"Alpine building","height":7.2},"geometry":{"type":"Polygon","coordinates":[[[-106.7987718,39.180969],[-106.7988548,39.180954],[-106.7988618,39.1809746],[-106.7988498,39.1809767],[-106.7988548,39.180995],[-106.7988978,39.1809874],[-106.7989148,39.1810452],[-106.7987108,39.1810819],[-106.7986848,39.1809956],[-106.7987068,39.1809916],[-106.7987368,39.1809529],[-106.7987718,39.180969]]]}},{"type":"Feature","id":"building-229234182","properties":{"kind":"building","name":"Alpine building","height":7.2},"geometry":{"type":"Polygon","coordinates":[[[-106.8102948,39.1887014],[-106.8102314,39.1886622],[-106.8102743,39.1886205],[-106.810275,39.1885904],[-106.8102688,39.1885903],[-106.8102696,39.1885539],[-106.8103029,39.1885543],[-106.8103039,39.18851],[-106.8103571,39.1885107],[-106.8103679,39.1885201],[-106.8104088,39.1885206],[-106.8104645,39.1885668],[-106.8104482,39.1885786],[-106.8104814,39.1886061],[-106.8104805,39.1886473],[-106.8103521,39.1886456],[-106.8102948,39.1887014]]]}},{"type":"Feature","id":"building-229301838","properties":{"kind":"building","name":"Alpine building","height":7.2},"geometry":{"type":"Polygon","coordinates":[[[-106.8035955,39.1864042],[-106.8035735,39.1864172],[-106.8036109,39.1864552],[-106.8035434,39.1864951],[-106.8034624,39.1864128],[-106.8034226,39.1864363],[-106.8033586,39.1863713],[-106.8035094,39.1862822],[-106.8035881,39.1863622],[-106.8035667,39.1863749],[-106.8035955,39.1864042]]]}},{"type":"Feature","id":"building-228889053","properties":{"kind":"building","name":"Alpine building","height":7.2},"geometry":{"type":"Polygon","coordinates":[[[-106.8113833,39.1886429],[-106.8114463,39.1886551],[-106.8114113,39.1887611],[-106.8113573,39.1887505],[-106.8113543,39.1887593],[-106.8110893,39.1887075],[-106.8110953,39.1886899],[-106.8110113,39.1886734],[-106.8110273,39.1886224],[-106.8110583,39.1886284],[-106.8110783,39.1885673],[-106.8111893,39.1885891],[-106.8111843,39.1886039],[-106.8112663,39.1886198],[-106.8112683,39.1886124],[-106.8113153,39.1886217],[-106.8113133,39.1886291],[-106.8113353,39.1886335],[-106.8113383,39.1886261],[-106.8113863,39.1886355],[-106.8113833,39.1886429]]]}},{"type":"Feature","id":"building-228889266","properties":{"kind":"building","name":"Alpine building","height":7.2},"geometry":{"type":"Polygon","coordinates":[[[-106.8120267,39.1887151],[-106.8119457,39.1886983],[-106.8119427,39.1887062],[-106.8118947,39.1886962],[-106.8118977,39.1886883],[-106.8118897,39.1886866],[-106.8119297,39.1885691],[-106.8120677,39.1885976],[-106.8120267,39.1887151]]]}},{"type":"Feature","id":"building-229360872","properties":{"kind":"building","name":"Alpine building","height":7.2},"geometry":{"type":"Polygon","coordinates":[[[-106.7986563,39.1806764],[-106.7985963,39.1806724],[-106.7985993,39.1806424],[-106.7985423,39.1806385],[-106.7985523,39.1805458],[-106.7987133,39.1805567],[-106.7987093,39.1805988],[-106.7987203,39.1805996],[-106.7987153,39.1806501],[-106.7986603,39.1806464],[-106.7986563,39.1806764]]]}},{"type":"Feature","id":"building-228725948","properties":{"kind":"building","name":"Hyatt Residence Club Grand Aspen","height":7.2},"geometry":{"type":"Polygon","coordinates":[[[-106.8205456,39.1865243],[-106.8202806,39.1864716],[-106.8201963,39.1865096],[-106.8201415,39.1866753],[-106.8201823,39.1867386],[-106.8204759,39.186797],[-106.820413,39.1869871],[-106.8199809,39.1869012],[-106.8199632,39.1869547],[-106.8198971,39.1869415],[-106.8199148,39.186888],[-106.8195287,39.1868113],[-106.8195008,39.1867756],[-106.8195543,39.1866138],[-106.8198517,39.1866729],[-106.8199446,39.1866362],[-106.8200196,39.1864095],[-106.8200041,39.1864064],[-106.8200625,39.18623],[-106.8206071,39.1863383],[-106.8205456,39.1865243]]]}},{"type":"Feature","id":"building-229234378","properties":{"kind":"building","name":"Alpine building","height":7.2},"geometry":{"type":"Polygon","coordinates":[[[-106.8097069,39.1886344],[-106.8095452,39.1886338],[-106.8095461,39.1884796],[-106.8095869,39.1884797],[-106.8095869,39.1884712],[-106.8096594,39.1884715],[-106.8097076,39.1884971],[-106.8097069,39.1886344]]]}},{"type":"Feature","id":"building-228889062","properties":{"kind":"building","name":"Alpine building","height":7.2},"geometry":{"type":"Polygon","coordinates":[[[-106.8144198,39.1885483],[-106.8143756,39.1885392],[-106.8143715,39.188551],[-106.8143041,39.1885371],[-106.814313,39.1885111],[-106.8142576,39.1884997],[-106.8142787,39.1884384],[-106.814334,39.1884498],[-106.8143368,39.1884418],[-106.8144042,39.1884557],[-106.8144015,39.1884637],[-106.8144457,39.1884728],[-106.8144486,39.1884644],[-106.8145227,39.1884797],[-106.8145061,39.188528],[-106.8145759,39.1885424],[-106.8145124,39.1887275],[-106.8144044,39.1887052],[-106.8144454,39.1885859],[-106.8144095,39.1885784],[-106.8144198,39.1885483]]]}},{"type":"Feature","id":"building-229234117","properties":{"kind":"building","name":"Alpine building","height":7.2},"geometry":{"type":"Polygon","coordinates":[[[-106.8087171,39.1884602],[-106.8085782,39.1884451],[-106.808591,39.1883746],[-106.8085794,39.1883734],[-106.8086024,39.1882472],[-106.8086951,39.1882573],[-106.8086748,39.1883691],[-106.8087257,39.1883746],[-106.8087165,39.1884252],[-106.8087233,39.1884259],[-106.8087171,39.1884602]]]}},{"type":"Feature","id":"building-229234206","properties":{"kind":"building","name":"Alpine building","height":7.2},"geometry":{"type":"Polygon","coordinates":[[[-106.8082977,39.1882864],[-106.8084291,39.1882456],[-106.8084831,39.1882573],[-106.8084792,39.1882683],[-106.8084893,39.1882705],[-106.8084804,39.1882951],[-106.8084881,39.1882968],[-106.8084808,39.1883173],[-106.8084731,39.1883156],[-106.808465,39.188338],[-106.808468,39.1883617],[-106.8084528,39.1883629],[-106.8084549,39.1883792],[-106.8084298,39.1883811],[-106.8084348,39.1884199],[-106.8083762,39.1884244],[-106.8083745,39.1884115],[-106.8083145,39.1884162],[-106.8082977,39.1882864]]]}},{"type":"Feature","id":"building-228881772","properties":{"kind":"building","name":"Morgenthal Frederics Aspen","height":7.2},"geometry":{"type":"Polygon","coordinates":[[[-106.8180732,39.1877984],[-106.8178642,39.1877555],[-106.8178492,39.1877357],[-106.8179162,39.1875389],[-106.8180182,39.1875596],[-106.8180272,39.1875328],[-106.8181552,39.187559],[-106.8180732,39.1877984]]]}},{"type":"Feature","id":"building-229234160","properties":{"kind":"building","name":"Alpine building","height":7.2},"geometry":{"type":"Polygon","coordinates":[[[-106.8075591,39.188145],[-106.8075701,39.1881814],[-106.807438,39.1882054],[-106.8074256,39.1881646],[-106.8074463,39.1881609],[-106.8074216,39.1880794],[-106.8074359,39.1880768],[-106.8074259,39.1880437],[-106.8075043,39.1880294],[-106.8075143,39.1880625],[-106.8075389,39.1880581],[-106.8075561,39.1881148],[-106.8075761,39.1881419],[-106.8075591,39.188145]]]}},{"type":"Feature","id":"building-228889255","properties":{"kind":"building","name":"Alpine building","height":7.2},"geometry":{"type":"Polygon","coordinates":[[[-106.8126509,39.1886047],[-106.8127249,39.18862],[-106.8127319,39.1885997],[-106.8128149,39.188617],[-106.8127619,39.1887707],[-106.8126839,39.1887544],[-106.8126769,39.1887747],[-106.8125979,39.1887583],[-106.8126509,39.1886047]]]}},{"type":"Feature","id":"building-229347669","properties":{"kind":"building","name":"Alpine building","height":7.2},"geometry":{"type":"Polygon","coordinates":[[[-106.8006547,39.1841267],[-106.8006327,39.1841018],[-106.8007173,39.1840569],[-106.8008206,39.1841737],[-106.8007361,39.1842187],[-106.800716,39.1841959],[-106.8006976,39.1842057],[-106.8006363,39.1841365],[-106.8006547,39.1841267]]]}},{"type":"Feature","id":"building-228726007","properties":{"kind":"building","name":"Alpine building","height":7.2},"geometry":{"type":"Polygon","coordinates":[[[-106.821478,39.185817],[-106.8214436,39.1858101],[-106.8214506,39.185789],[-106.821485,39.1857958],[-106.821478,39.185817]]]}},{"type":"Feature","id":"building-228889281","properties":{"kind":"building","name":"Alpine building","height":7.2},"geometry":{"type":"Polygon","coordinates":[[[-106.8142146,39.1886687],[-106.8141297,39.1886512],[-106.8141586,39.188567],[-106.8141702,39.1885694],[-106.814176,39.1885525],[-106.8142315,39.188564],[-106.8142258,39.1885808],[-106.8142435,39.1885845],[-106.8142146,39.1886687]]]}},{"type":"Feature","id":"building-229234374","properties":{"kind":"building","name":"Alpine building","height":7.2},"geometry":{"type":"Polygon","coordinates":[[[-106.8099748,39.1886575],[-106.8098341,39.1886528],[-106.8098378,39.1885874],[-106.8099035,39.1885896],[-106.8099042,39.1885758],[-106.8099792,39.1885783],[-106.8099748,39.1886575]]]}},{"type":"Feature","id":"building-229360968","properties":{"kind":"building","name":"Alpine building","height":7.2},"geometry":{"type":"Polygon","coordinates":[[[-106.7982406,39.1781406],[-106.798203,39.1781595],[-106.7982338,39.1781963],[-106.7981559,39.1782354],[-106.7981345,39.1782098],[-106.7980981,39.1782281],[-106.7980196,39.1781342],[-106.7981714,39.1780579],[-106.7982406,39.1781406]]]}},{"type":"Feature","id":"building-228881648","properties":{"kind":"building","name":"Timberline Bank","height":7.2},"geometry":{"type":"Polygon","coordinates":[[[-106.8153954,39.188564],[-106.81512,39.1885072],[-106.8151932,39.1882941],[-106.8154685,39.1883508],[-106.8153954,39.188564]]]}},{"type":"Feature","id":"building-228889073","properties":{"kind":"building","name":"Alpine building","height":7.2},"geometry":{"type":"Polygon","coordinates":[[[-106.8114966,39.188773],[-106.8114436,39.1887627],[-106.8114776,39.1886592],[-106.8115406,39.1886715],[-106.8115426,39.1886635],[-106.8115916,39.1886731],[-106.8115896,39.188681],[-106.8116686,39.1886965],[-106.8116726,39.1886849],[-106.8117226,39.1886948],[-106.8117186,39.1887064],[-106.8117366,39.18871],[-106.8117406,39.1886984],[-106.8117936,39.1887086],[-106.8117896,39.1887202],[-106.8118496,39.188732],[-106.8118156,39.1888355],[-106.8117756,39.1888277],[-106.8117726,39.188839],[-106.8116226,39.1888097],[-106.8116236,39.1888056],[-106.8115756,39.1887962],[-106.8115726,39.1888041],[-106.8114916,39.1887881],[-106.8114966,39.188773]]]}},{"type":"Feature","id":"building-229234308","properties":{"kind":"building","name":"Alpine building","height":7.2},"geometry":{"type":"Polygon","coordinates":[[[-106.8078514,39.1882408],[-106.8078035,39.1883027],[-106.8076586,39.1882352],[-106.8077065,39.1881734],[-106.8078514,39.1882408]]]}},{"type":"Feature","id":"building-228889188","properties":{"kind":"building","name":"Alpine building","height":7.2},"geometry":{"type":"Polygon","coordinates":[[[-106.8130616,39.1888406],[-106.8128136,39.1887889],[-106.8128716,39.1886202],[-106.8131206,39.1886718],[-106.8130616,39.1888406]]]}},{"type":"Feature","id":"building-228726014","properties":{"kind":"building","name":"CP Burger","height":7.2},"geometry":{"type":"Polygon","coordinates":[[[-106.8194724,39.1871663],[-106.8193489,39.1871417],[-106.8193923,39.1870105],[-106.8195158,39.1870351],[-106.8194724,39.1871663]]]}},{"type":"Feature","id":"building-228881718","properties":{"kind":"building","name":"Alpine building","height":7.2},"geometry":{"type":"Polygon","coordinates":[[[-106.817239,39.1880115],[-106.8172745,39.1879094],[-106.817314,39.1878888],[-106.817518,39.1879314],[-106.8175388,39.1879646],[-106.8174995,39.1880773],[-106.8174601,39.1881837],[-106.817216,39.1881293],[-106.8169511,39.1880737],[-106.8170432,39.1878087],[-106.817135,39.1878279],[-106.8171568,39.1878626],[-106.8171166,39.1879781],[-106.8171399,39.188015],[-106.8171978,39.1880271],[-106.817239,39.1880115]]]}},{"type":"Feature","id":"building-228889236","properties":{"kind":"building","name":"Alpine building","height":7.2},"geometry":{"type":"Polygon","coordinates":[[[-106.8143516,39.1886931],[-106.8142398,39.1886701],[-106.8142728,39.188574],[-106.8143542,39.1885908],[-106.8143455,39.1886162],[-106.8143758,39.1886224],[-106.8143516,39.1886931]]]}},{"type":"Feature","id":"building-229234436","properties":{"kind":"building","name":"Alpine building","height":7.2},"geometry":{"type":"Polygon","coordinates":[[[-106.8082215,39.1883956],[-106.8081561,39.1884007],[-106.8081458,39.1883215],[-106.8082417,39.188314],[-106.808252,39.1883932],[-106.808244,39.1883938],[-106.8082465,39.188413],[-106.808224,39.1884148],[-106.8082215,39.1883956]]]}},{"type":"Feature","id":"building-228725986","properties":{"kind":"building","name":"Alpine building","height":7.2},"geometry":{"type":"Polygon","coordinates":[[[-106.8221466,39.1854997],[-106.8220377,39.1854691],[-106.8220805,39.1853773],[-106.8221895,39.1854079],[-106.8221466,39.1854997]]]}},{"type":"Feature","id":"building-229360954","properties":{"kind":"building","name":"Alpine building","height":7.2},"geometry":{"type":"Polygon","coordinates":[[[-106.7986598,39.180995],[-106.7985238,39.1810164],[-106.7985088,39.180959],[-106.7985498,39.1809525],[-106.7985468,39.1809409],[-106.7986418,39.180926],[-106.7986598,39.180995]]]}},{"type":"Feature","id":"building-228881738","properties":{"kind":"building","name":"Alpine building","height":7.2},"geometry":{"type":"Polygon","coordinates":[[[-106.8154755,39.1885367],[-106.8154625,39.188534],[-106.8155117,39.1883904],[-106.8155248,39.1883931],[-106.8155277,39.1883847],[-106.815577,39.1883948],[-106.8155741,39.1884033],[-106.8155869,39.1884059],[-106.815585,39.1884116],[-106.815593,39.1884133],[-106.8155953,39.1884063],[-106.8156426,39.1884161],[-106.8156402,39.188423],[-106.8156534,39.1884258],[-106.8156061,39.1885636],[-106.8155929,39.1885609],[-106.8155902,39.1885687],[-106.8155429,39.188559],[-106.8155456,39.1885511],[-106.8155248,39.1885468],[-106.8155234,39.1885508],[-106.8154742,39.1885407],[-106.8154755,39.1885367]]]}},{"type":"Feature","id":"building-1080749610","properties":{"kind":"building","name":"Alpine building","height":7.2},"geometry":{"type":"Polygon","coordinates":[[[-106.8236156,39.1840581],[-106.823701,39.1839993],[-106.8236428,39.1839486],[-106.8235574,39.1840074],[-106.8236156,39.1840581]]]}},{"type":"Feature","id":"building-1206775029","properties":{"kind":"building","name":"Marx • Phelan Building","height":7.2},"geometry":{"type":"Polygon","coordinates":[[[-106.8167191,39.1882276],[-106.8166954,39.1881959],[-106.8165767,39.1880359],[-106.8165197,39.188024],[-106.8164271,39.1882903],[-106.8167659,39.1883611],[-106.8167733,39.1883398],[-106.816796,39.1882745],[-106.8168283,39.1882812],[-106.8168529,39.1882105],[-106.8168188,39.1882033],[-106.8168359,39.1881542],[-106.8168754,39.1881625],[-106.8168846,39.1881361],[-106.8169004,39.1880907],[-106.8167758,39.1880646],[-106.8167191,39.1882276]]]}},{"type":"Feature","id":"building-229360924","properties":{"kind":"building","name":"Alpine building","height":7.2},"geometry":{"type":"Polygon","coordinates":[[[-106.7980972,39.1792993],[-106.7980972,39.1792552],[-106.7981532,39.1792552],[-106.7981532,39.1792717],[-106.7982262,39.1792717],[-106.7982262,39.179343],[-106.7982092,39.179343],[-106.7982092,39.1793705],[-106.7981862,39.1793705],[-106.7981862,39.179392],[-106.7982262,39.179392],[-106.7982262,39.1794732],[-106.7981192,39.1794732],[-106.7981192,39.1795165],[-106.7980022,39.1795165],[-106.7980022,39.1794556],[-106.7980402,39.1794556],[-106.7980402,39.1794402],[-106.7980072,39.1794402],[-106.7980072,39.1794096],[-106.7979952,39.1794096],[-106.7979952,39.1793479],[-106.7980512,39.1793479],[-106.7980512,39.1792993],[-106.7980972,39.1792993]]]}},{"type":"Feature","id":"building-229234397","properties":{"kind":"building","name":"Alpine building","height":7.2},"geometry":{"type":"Polygon","coordinates":[[[-106.8097684,39.1887651],[-106.8097687,39.1886965],[-106.8099347,39.188697],[-106.8099344,39.1887454],[-106.809881,39.1887453],[-106.809881,39.1887403],[-106.8098284,39.1887401],[-106.8098282,39.1887653],[-106.8097684,39.1887651]]]}},{"type":"Feature","id":"building-228725939","properties":{"kind":"building","name":"Alpine building","height":7.2},"geometry":{"type":"Polygon","coordinates":[[[-106.8218481,39.1858336],[-106.8218403,39.1858573],[-106.8216508,39.1858197],[-106.8216586,39.185796],[-106.8215958,39.1857835],[-106.821588,39.1858072],[-106.8215165,39.185793],[-106.8215244,39.1857693],[-106.8214788,39.1857602],[-106.8215353,39.1855894],[-106.8220925,39.1857001],[-106.822036,39.185871],[-106.8219751,39.1858588],[-106.8219673,39.1858826],[-106.8219006,39.1858693],[-106.8219084,39.1858456],[-106.8218481,39.1858336]]]}},{"type":"Feature","id":"building-228889129","properties":{"kind":"building","name":"Alpine building","height":7.2},"geometry":{"type":"Polygon","coordinates":[[[-106.8133783,39.1887967],[-106.8132873,39.1889295],[-106.8131063,39.1888548],[-106.8131983,39.1887219],[-106.8133783,39.1887967]]]}},{"type":"Feature","id":"building-229360943","properties":{"kind":"building","name":"Alpine building","height":7.2},"geometry":{"type":"Polygon","coordinates":[[[-106.7980083,39.1786072],[-106.7979103,39.1785252],[-106.7979613,39.1784885],[-106.7980253,39.1785179],[-106.7980593,39.1785704],[-106.7980083,39.1786072]]]}},{"type":"Feature","id":"building-228881734","properties":{"kind":"building","name":"Alpine building","height":7.2},"geometry":{"type":"Polygon","coordinates":[[[-106.8188981,39.1874713],[-106.8189301,39.1874779],[-106.8189221,39.1875009],[-106.8188901,39.1874943],[-106.8188821,39.1875169],[-106.8189141,39.1875235],[-106.8188971,39.1875729],[-106.8188651,39.1875663],[-106.8188581,39.1875882],[-106.8188321,39.187583],[-106.8188301,39.1875889],[-106.8186571,39.1875535],[-106.8187371,39.1873209],[-106.8189091,39.1873563],[-106.8189061,39.187367],[-106.8189311,39.1873723],[-106.8189231,39.1873968],[-106.8189551,39.1874034],[-106.8189381,39.187454],[-106.8189061,39.1874474],[-106.8188981,39.1874713]]]}},{"type":"Feature","id":"building-228725966","properties":{"kind":"building","name":"Alpine building","height":7.2},"geometry":{"type":"Polygon","coordinates":[[[-106.8214852,39.1859358],[-106.8214979,39.1858971],[-106.8215132,39.1859002],[-106.8215161,39.1858913],[-106.8216619,39.1859203],[-106.821659,39.1859291],[-106.8216715,39.1859316],[-106.8216411,39.1860235],[-106.8214861,39.1859927],[-106.8214763,39.1860222],[-106.8216313,39.186053],[-106.8216007,39.1861456],[-106.8215836,39.1861422],[-106.8215813,39.1861492],[-106.8214369,39.1861205],[-106.8214392,39.1861135],[-106.8214288,39.1861114],[-106.8214421,39.186071],[-106.8214141,39.1860654],[-106.8214124,39.1860705],[-106.8213562,39.1860594],[-106.8213579,39.1860543],[-106.8213461,39.1860519],[-106.8213908,39.185917],[-106.8214025,39.1859194],[-106.8214056,39.1859101],[-106.8214618,39.1859213],[-106.8214587,39.1859305],[-106.8214852,39.1859358]]]}},{"type":"Feature","id":"building-229234328","properties":{"kind":"building","name":"Alpine building","height":7.2},"geometry":{"type":"Polygon","coordinates":[[[-106.8101426,39.1887536],[-106.8102277,39.1887544],[-106.8102272,39.1887863],[-106.8101408,39.1888637],[-106.8101426,39.1887536]]]}},{"type":"Feature","id":"building-228726021","properties":{"kind":"building","name":"Alpine building","height":7.2},"geometry":{"type":"Polygon","coordinates":[[[-106.8222286,39.1852273],[-106.822246,39.1851901],[-106.8221924,39.1851751],[-106.8222239,39.1851077],[-106.8222024,39.1851017],[-106.8222182,39.1850678],[-106.8221948,39.1850612],[-106.8222168,39.185014],[-106.8224019,39.1850659],[-106.822371,39.1851322],[-106.822405,39.1851418],[-106.8223886,39.1851769],[-106.8224131,39.1851838],[-106.8223832,39.1852478],[-106.8224374,39.185263],[-106.8224195,39.1853014],[-106.822448,39.1853094],[-106.8224163,39.1853774],[-106.8224686,39.1853921],[-106.8224523,39.1854269],[-106.8224761,39.1854336],[-106.8224531,39.1854829],[-106.8225098,39.1854988],[-106.8224858,39.1855501],[-106.8225116,39.1855573],[-106.8224846,39.1856152],[-106.8225397,39.1856307],[-106.8224917,39.1857337],[-106.8223452,39.1856926],[-106.8223648,39.1856506],[-106.8223078,39.1856346],[-106.8223416,39.1855621],[-106.8222953,39.1855491],[-106.8223271,39.1854809],[-106.8222947,39.1854718],[-106.8223088,39.1854414],[-106.8222585,39.1854273],[-106.8222893,39.1853614],[-106.8222591,39.1853529],[-106.8222731,39.185323],[-106.8222249,39.1853094],[-106.8222592,39.1852359],[-106.8222286,39.1852273]]]}},{"type":"Feature","id":"building-229347614","properties":{"kind":"building","name":"Alpine building","height":7.2},"geometry":{"type":"Polygon","coordinates":[[[-106.80013,39.1839502],[-106.8000678,39.1839171],[-106.8000812,39.1838686],[-106.8001544,39.1838853],[-106.8001612,39.183889],[-106.8002091,39.183835],[-106.8002995,39.1838832],[-106.8002882,39.1838958],[-106.800344,39.1839256],[-106.8002847,39.1839924],[-106.8001542,39.1839229],[-106.80013,39.1839502]]]}},{"type":"Feature","id":"building-229234296","properties":{"kind":"building","name":"Alpine building","height":7.2},"geometry":{"type":"Polygon","coordinates":[[[-106.809724,39.1887717],[-106.8096188,39.1887714],[-106.8096192,39.188709],[-106.8097244,39.1887093],[-106.809724,39.1887717]]]}},{"type":"Feature","id":"building-229360907","properties":{"kind":"building","name":"Alpine building","height":7.2},"geometry":{"type":"Polygon","coordinates":[[[-106.7983933,39.1803699],[-106.7984003,39.1804293],[-106.7983553,39.1804328],[-106.7983573,39.1804463],[-106.7982833,39.1804519],[-106.7982803,39.1804304],[-106.7981943,39.180437],[-106.7981963,39.1804464],[-106.7980783,39.1804555],[-106.7980683,39.1803791],[-106.7981733,39.180371],[-106.7981613,39.1802783],[-106.7982983,39.1802677],[-106.7983073,39.1803367],[-106.7983343,39.1803346],[-106.7983293,39.1802949],[-106.7984163,39.1802881],[-106.7984273,39.1803673],[-106.7983933,39.1803699]]]}},{"type":"Feature","id":"building-229360934","properties":{"kind":"building","name":"Alpine building","height":7.2},"geometry":{"type":"Polygon","coordinates":[[[-106.7983617,39.1807016],[-106.7982717,39.1806444],[-106.7983547,39.1805657],[-106.7984447,39.1806229],[-106.7983617,39.1807016]]]}},{"type":"Feature","id":"building-228889271","properties":{"kind":"building","name":"Alpine building","height":7.2},"geometry":{"type":"Polygon","coordinates":[[[-106.8147118,39.1887674],[-106.8146787,39.1887606],[-106.8146882,39.188733],[-106.814587,39.1887121],[-106.8145776,39.1887397],[-106.814544,39.1887328],[-106.8145921,39.1885924],[-106.81476,39.188627],[-106.8147118,39.1887674]]]}},{"type":"Feature","id":"building-229301981","properties":{"kind":"building","name":"Alpine building","height":7.2},"geometry":{"type":"Polygon","coordinates":[[[-106.8021885,39.1857831],[-106.80224,39.1858095],[-106.8021912,39.1858669],[-106.8019408,39.1857391],[-106.8019896,39.1856817],[-106.8021285,39.1857525],[-106.8021345,39.1857454],[-106.8021945,39.1857761],[-106.8021885,39.1857831]]]}},{"type":"Feature","id":"building-228881736","properties":{"kind":"building","name":"Alpine building","height":7.2},"geometry":{"type":"Polygon","coordinates":[[[-106.8156722,39.1885843],[-106.8156591,39.1885816],[-106.8157084,39.1884381],[-106.8157215,39.1884408],[-106.8157244,39.1884323],[-106.8157737,39.1884425],[-106.8157708,39.1884509],[-106.8157836,39.1884536],[-106.8157816,39.1884593],[-106.8157896,39.188461],[-106.815792,39.188454],[-106.8158393,39.1884638],[-106.8158369,39.1884707],[-106.8158501,39.1884734],[-106.8158028,39.1886113],[-106.8157896,39.1886085],[-106.8157869,39.1886164],[-106.8157396,39.1886066],[-106.8157423,39.1885988],[-106.8157215,39.1885945],[-106.8157201,39.1885985],[-106.8156708,39.1885883],[-106.8156722,39.1885843]]]}},{"type":"Feature","id":"building-229360890","properties":{"kind":"building","name":"Alpine building","height":7.2},"geometry":{"type":"Polygon","coordinates":[[[-106.7981541,39.1797597],[-106.7981191,39.1797826],[-106.7981111,39.1797751],[-106.7980841,39.1797924],[-106.7980501,39.1797605],[-106.7980611,39.1797532],[-106.7980411,39.179734],[-106.7980661,39.1797176],[-106.7980751,39.179726],[-106.7981011,39.1797096],[-106.7980591,39.1796708],[-106.7981111,39.1796371],[-106.7981671,39.1796895],[-106.7981151,39.1797231],[-106.7981541,39.1797597]]]}},{"type":"Feature","id":"building-229360963","properties":{"kind":"building","name":"Alpine building","height":7.2},"geometry":{"type":"Polygon","coordinates":[[[-106.7992121,39.1826216],[-106.7992192,39.182573],[-106.799336,39.1825834],[-106.7993187,39.1827006],[-106.799268,39.1826961],[-106.7992664,39.1827072],[-106.7991917,39.1827006],[-106.7992035,39.1826208],[-106.7992121,39.1826216]]]}},{"type":"Feature","id":"building-229360893","properties":{"kind":"building","name":"Alpine building","height":7.2},"geometry":{"type":"Polygon","coordinates":[[[-106.7990743,39.1823338],[-106.7990964,39.1823481],[-106.7991332,39.1823141],[-106.7992275,39.1823753],[-106.7992065,39.1824657],[-106.7991495,39.1824578],[-106.7991436,39.1824831],[-106.7990667,39.1824724],[-106.7990752,39.1824358],[-106.7990099,39.1823934],[-106.7990067,39.1823964],[-106.7989269,39.1823446],[-106.7990032,39.182274],[-106.799083,39.1823258],[-106.7990743,39.1823338]]]}},{"type":"Feature","id":"building-1206775030","properties":{"kind":"building","name":"Alpine building","height":7.2},"geometry":{"type":"Polygon","coordinates":[[[-106.817091,39.1881789],[-106.8168846,39.1881361],[-106.8168754,39.1881625],[-106.8168359,39.1881542],[-106.8168188,39.1882033],[-106.8168529,39.1882105],[-106.8168283,39.1882812],[-106.816796,39.1882745],[-106.8167733,39.1883398],[-106.8169842,39.1883835],[-106.8169895,39.1883681],[-106.8170233,39.1883752],[-106.817091,39.1881789]]]}},{"type":"Feature","id":"building-228889195","properties":{"kind":"building","name":"Alpine building","height":7.2},"geometry":{"type":"Polygon","coordinates":[[[-106.8136199,39.1889796],[-106.8135139,39.1889576],[-106.8135789,39.1887708],[-106.8136839,39.1887928],[-106.8136199,39.1889796]]]}},{"type":"Feature","id":"building-229360929","properties":{"kind":"building","name":"Alpine building","height":7.2},"geometry":{"type":"Polygon","coordinates":[[[-106.7989677,39.1822083],[-106.7988855,39.1821984],[-106.7989008,39.182122],[-106.7989831,39.1821319],[-106.7989677,39.1822083]]]}},{"type":"Feature","id":"building-229360869","properties":{"kind":"building","name":"Alpine building","height":7.2},"geometry":{"type":"Polygon","coordinates":[[[-106.7996141,39.1831903],[-106.7993997,39.1832474],[-106.7993608,39.1831596],[-106.7994573,39.1831339],[-106.799447,39.1831106],[-106.799544,39.1830848],[-106.7995709,39.1831456],[-106.799598,39.1831384],[-106.7996142,39.183175],[-106.7996081,39.1831767],[-106.7996141,39.1831903]]]}},{"type":"Feature","id":"building-229360886","properties":{"kind":"building","name":"Alpine building","height":7.2},"geometry":{"type":"Polygon","coordinates":[[[-106.7994936,39.1830352],[-106.7993921,39.1830672],[-106.7993499,39.1829869],[-106.79931,39.1829995],[-106.7992811,39.1829445],[-106.7993211,39.1829319],[-106.7993145,39.1829194],[-106.799416,39.1828874],[-106.7994431,39.1829389],[-106.7994224,39.1829455],[-106.7994459,39.1829904],[-106.7994667,39.1829838],[-106.7994936,39.1830352]]]}},{"type":"Feature","id":"building-229234219","properties":{"kind":"building","name":"Alpine building","height":7.2},"geometry":{"type":"Polygon","coordinates":[[[-106.8102637,39.1888972],[-106.8102751,39.1889109],[-106.8102592,39.1889188],[-106.810266,39.1889269],[-106.8102015,39.1889592],[-106.8101948,39.1889511],[-106.8101856,39.1889557],[-106.810136,39.1888962],[-106.8102255,39.1888514],[-106.8102325,39.1888598],[-106.8102511,39.1888505],[-106.8102398,39.1888369],[-106.8103122,39.1888007],[-106.8103084,39.1887962],[-106.8103776,39.1887615],[-106.8104861,39.1888917],[-106.8104169,39.1889263],[-106.8104116,39.1889201],[-106.8103393,39.1889563],[-106.8102823,39.1888879],[-106.8102637,39.1888972]]]}},{"type":"Feature","id":"building-229360948","properties":{"kind":"building","name":"Alpine building","height":7.2},"geometry":{"type":"Polygon","coordinates":[[[-106.798865,39.1819667],[-106.7989859,39.1820474],[-106.7989286,39.182099],[-106.7988294,39.1820328],[-106.7986973,39.1820328],[-106.7986973,39.1819667],[-106.798865,39.1819667]]]}},{"type":"Feature","id":"building-229360905","properties":{"kind":"building","name":"Alpine building","height":7.2},"geometry":{"type":"Polygon","coordinates":[[[-106.7978866,39.1787666],[-106.7978946,39.1787457],[-106.7977906,39.178724],[-106.7977477,39.178743],[-106.7976968,39.1786703],[-106.7977078,39.1786383],[-106.7977806,39.1786081],[-106.7978066,39.1786454],[-106.7979186,39.1785989],[-106.7979746,39.1786811],[-106.7979956,39.1786727],[-106.7980246,39.1787154],[-106.7979416,39.1787498],[-106.7979586,39.1787605],[-106.7979306,39.1787878],[-106.7979026,39.1787703],[-106.7978866,39.1787666]]]}},{"type":"Feature","id":"building-229360940","properties":{"kind":"building","name":"Alpine building","height":7.2},"geometry":{"type":"Polygon","coordinates":[[[-106.7981276,39.1800136],[-106.7980006,39.180009],[-106.7980066,39.1799154],[-106.7981336,39.17992],[-106.7981276,39.1800136]]]}},{"type":"Feature","id":"building-228881731","properties":{"kind":"building","name":"Alpine building","height":7.2},"geometry":{"type":"Polygon","coordinates":[[[-106.8185758,39.1879105],[-106.8184906,39.187893],[-106.8184957,39.187878],[-106.8184312,39.1878648],[-106.8184382,39.1878443],[-106.8184252,39.1878416],[-106.8184102,39.1878224],[-106.8184289,39.1877674],[-106.8184542,39.1877564],[-106.8184673,39.1877591],[-106.8184805,39.1877202],[-106.8183557,39.1876946],[-106.8183064,39.1878392],[-106.8182221,39.1878219],[-106.818217,39.1878369],[-106.8181311,39.1878193],[-106.8182207,39.1875566],[-106.8186655,39.1876478],[-106.8185758,39.1879105]]]}},{"type":"Feature","id":"building-229360898","properties":{"kind":"building","name":"Alpine building","height":7.2},"geometry":{"type":"Polygon","coordinates":[[[-106.798336,39.1813826],[-106.798408,39.1812896],[-106.798454,39.181311],[-106.798505,39.1812448],[-106.798582,39.1812803],[-106.798561,39.1813064],[-106.798568,39.1813094],[-106.798609,39.1813286],[-106.798573,39.1813753],[-106.798564,39.1813709],[-106.798535,39.1814072],[-106.798504,39.1813923],[-106.798497,39.181401],[-106.798442,39.1813754],[-106.79841,39.181417],[-106.798336,39.1813826]]]}},{"type":"Feature","id":"building-229301924","properties":{"kind":"building","name":"Alpine building","height":7.2},"geometry":{"type":"Polygon","coordinates":[[[-106.8042421,39.1872067],[-106.804192,39.1872021],[-106.8041988,39.1871582],[-106.8042488,39.1871629],[-106.8042421,39.1872067]]]}},{"type":"Feature","id":"building-229234424","properties":{"kind":"building","name":"Alpine building","height":7.2},"geometry":{"type":"Polygon","coordinates":[[[-106.8099556,39.1889276],[-106.8098986,39.1889296],[-106.809896,39.1888854],[-106.8098778,39.1888861],[-106.8098739,39.1888213],[-106.8099363,39.188819],[-106.8099387,39.1888577],[-106.8099514,39.1888572],[-106.8099556,39.1889276]]]}},{"type":"Feature","id":"building-229301860","properties":{"kind":"building","name":"Alpine building","height":7.2},"geometry":{"type":"Polygon","coordinates":[[[-106.8043909,39.1872807],[-106.8044192,39.1872778],[-106.8044125,39.1872381],[-106.8045329,39.1872258],[-106.8045368,39.187249],[-106.8046112,39.1872916],[-106.8045543,39.1873513],[-106.8045564,39.1873641],[-106.8045114,39.1873687],[-106.804514,39.1873836],[-106.8043091,39.1874046],[-106.8042993,39.1873468],[-106.8044005,39.1873364],[-106.8043909,39.1872807]]]}},{"type":"Feature","id":"building-228881739","properties":{"kind":"building","name":"Alpine building","height":7.2},"geometry":{"type":"Polygon","coordinates":[[[-106.8158696,39.1886249],[-106.8158566,39.1886222],[-106.8159058,39.1884787],[-106.815919,39.1884814],[-106.8159219,39.1884729],[-106.8159711,39.1884831],[-106.8159682,39.1884915],[-106.815981,39.1884942],[-106.8159791,39.1884999],[-106.8159871,39.1885016],[-106.8159894,39.1884946],[-106.8160367,39.1885044],[-106.8160343,39.1885113],[-106.8160475,39.188514],[-106.8160002,39.1886519],[-106.815987,39.1886491],[-106.8159843,39.188657],[-106.815937,39.1886472],[-106.8159397,39.1886394],[-106.8159189,39.1886351],[-106.8159175,39.1886391],[-106.8158683,39.1886289],[-106.8158696,39.1886249]]]}},{"type":"Feature","id":"building-229360909","properties":{"kind":"building","name":"Alpine building","height":7.2},"geometry":{"type":"Polygon","coordinates":[[[-106.7985026,39.1817565],[-106.798589,39.1817175],[-106.7985998,39.1817319],[-106.798636,39.181732],[-106.7986361,39.1816798],[-106.7987022,39.1816799],[-106.7987369,39.1817063],[-106.7987368,39.1817534],[-106.7986901,39.1817533],[-106.7986791,39.1817682],[-106.7987556,39.181802],[-106.7987198,39.1818506],[-106.7986939,39.1818391],[-106.7986888,39.181846],[-106.7986794,39.1818588],[-106.7986254,39.1818349],[-106.7986349,39.1818221],[-106.7985963,39.181805],[-106.7985535,39.1818243],[-106.7985026,39.1817565]]]}},{"type":"Feature","id":"building-228881781","properties":{"kind":"building","name":"Zane's Tavern","height":7.2},"geometry":{"type":"Polygon","coordinates":[[[-106.8173463,39.1883344],[-106.8171003,39.1882831],[-106.8171083,39.1882597],[-106.8171273,39.1882637],[-106.8171663,39.1881538],[-106.8172613,39.1881738],[-106.8172363,39.1882464],[-106.8173673,39.1882737],[-106.8173463,39.1883344]]]}},{"type":"Feature","id":"building-229234150","properties":{"kind":"building","name":"Alpine building","height":7.2},"geometry":{"type":"Polygon","coordinates":[[[-106.8090519,39.1888344],[-106.8090519,39.1888508],[-106.8088082,39.1888502],[-106.8088082,39.1888338],[-106.8086778,39.1888334],[-106.8086785,39.1886696],[-106.8088275,39.18867],[-106.8088274,39.1886933],[-106.8090423,39.1886939],[-106.8090424,39.1886706],[-106.8091878,39.188671],[-106.809187,39.1888348],[-106.8090519,39.1888344]]]}},{"type":"Feature","id":"building-229301947","properties":{"kind":"building","name":"Alpine building","height":7.2},"geometry":{"type":"Polygon","coordinates":[[[-106.802543,39.1861856],[-106.8024414,39.186246],[-106.8024491,39.1862538],[-106.802412,39.1862758],[-106.8022923,39.1861549],[-106.8024322,39.1860717],[-106.8024595,39.1860992],[-106.8024785,39.1860879],[-106.802535,39.186145],[-106.8025148,39.186157],[-106.802543,39.1861856]]]}},{"type":"Feature","id":"building-229360969","properties":{"kind":"building","name":"Alpine building","height":7.2},"geometry":{"type":"Polygon","coordinates":[[[-106.7978608,39.1780686],[-106.7977773,39.178071],[-106.7977799,39.1781252],[-106.7976836,39.1781279],[-106.7976775,39.1779989],[-106.7977771,39.1779151],[-106.7978593,39.177986],[-106.7978608,39.1780686]]]}},{"type":"Feature","id":"building-229360925","properties":{"kind":"building","name":"Alpine building","height":7.2},"geometry":{"type":"Polygon","coordinates":[[[-106.8011704,39.1850917],[-106.8012604,39.185092],[-106.80126,39.1851504],[-106.8012427,39.1851503],[-106.8012426,39.1851721],[-106.8012285,39.185172],[-106.8012283,39.185202],[-106.8011745,39.1852018],[-106.8011747,39.1851718],[-106.8011373,39.1851716],[-106.8011374,39.1851649],[-106.8011127,39.1851647],[-106.8011081,39.1851711],[-106.8010711,39.1851551],[-106.8010761,39.1851481],[-106.8010437,39.1851044],[-106.8010316,39.1851098],[-106.8009816,39.1850424],[-106.8009964,39.1850358],[-106.8009907,39.1850281],[-106.8010344,39.1850087],[-106.8010401,39.1850164],[-106.8010599,39.1850075],[-106.8011098,39.185075],[-106.801102,39.1850784],[-106.8011144,39.1850951],[-106.8011168,39.1850918],[-106.8011229,39.1850944],[-106.8011357,39.1850766],[-106.8011704,39.1850917]]]}},{"type":"Feature","id":"building-228881667","properties":{"kind":"building","name":"Alpine building","height":7.2},"geometry":{"type":"Polygon","coordinates":[[[-106.8179386,39.1882762],[-106.8177538,39.1882383],[-106.8178135,39.1880633],[-106.8177891,39.1880583],[-106.8178032,39.188017],[-106.8178276,39.188022],[-106.8178114,39.1879977],[-106.8178649,39.1879763],[-106.8178811,39.1880006],[-106.8178879,39.1879807],[-106.8180295,39.1880098],[-106.8179386,39.1882762]]]}},{"type":"Feature","id":"building-229234172","properties":{"kind":"building","name":"Alpine building","height":7.2},"geometry":{"type":"Polygon","coordinates":[[[-106.8096,39.1889056],[-106.8095884,39.1889062],[-106.8095843,39.1888623],[-106.8095929,39.1888618],[-106.8095862,39.1887911],[-106.8096599,39.188787],[-106.8096697,39.1888913],[-106.8097817,39.1888917],[-106.8097816,39.1889009],[-106.8098445,39.1889011],[-106.8098442,39.1889568],[-106.8097814,39.1889566],[-106.8097813,39.1889598],[-106.8095997,39.1889593],[-106.8096,39.1889056]]]}},{"type":"Feature","id":"building-229360900","properties":{"kind":"building","name":"Alpine building","height":7.2},"geometry":{"type":"Polygon","coordinates":[[[-106.7978685,39.1789789],[-106.7978675,39.178985],[-106.7978245,39.1789833],[-106.7976485,39.1790314],[-106.7976065,39.1789395],[-106.7976615,39.1789058],[-106.7977295,39.1789058],[-106.7977455,39.1789395],[-106.7977895,39.1789273],[-106.7977915,39.1789024],[-106.7978045,39.1789029],[-106.7978045,39.178893],[-106.7978775,39.1788959],[-106.7978765,39.1789156],[-106.7978935,39.1789163],[-106.7978895,39.1789797],[-106.7978685,39.1789789]]]}},{"type":"Feature","id":"building-229301990","properties":{"kind":"building","name":"Alpine building","height":7.2},"geometry":{"type":"Polygon","coordinates":[[[-106.8029245,39.1866263],[-106.8028576,39.1866048],[-106.8028448,39.1866287],[-106.8028177,39.18662],[-106.8029272,39.1864158],[-106.8029422,39.1864206],[-106.8029001,39.1864896],[-106.8029082,39.1865085],[-106.8029357,39.186505],[-106.802949,39.1864816],[-106.8029942,39.1864962],[-106.8029245,39.1866263]]]}},{"type":"Feature","id":"building-228889069","properties":{"kind":"building","name":"Alpine building","height":7.2},"geometry":{"type":"Polygon","coordinates":[[[-106.813959,39.1889289],[-106.813964,39.1889126],[-106.814037,39.1889278],[-106.814032,39.1889441],[-106.814087,39.1889554],[-106.814044,39.1890773],[-106.81397,39.1890618],[-106.813973,39.1890531],[-106.813944,39.1890471],[-106.813941,39.1890559],[-106.813803,39.1890272],[-106.813806,39.1890186],[-106.813787,39.1890145],[-106.813815,39.1889313],[-106.813806,39.1889293],[-106.81382,39.188888],[-106.813847,39.1888936],[-106.813849,39.1888889],[-106.813873,39.1888939],[-106.813867,39.1889099],[-106.813959,39.1889289]]]}},{"type":"Feature","id":"building-229360895","properties":{"kind":"building","name":"Alpine building","height":7.2},"geometry":{"type":"Polygon","coordinates":[[[-106.7996149,39.1835981],[-106.7996241,39.1836181],[-106.7995323,39.1836433],[-106.7994941,39.1835597],[-106.7995617,39.1835412],[-106.7995529,39.183522],[-106.7995772,39.1835154],[-106.7995501,39.1834559],[-106.7996498,39.1834286],[-106.7996841,39.1835037],[-106.7996915,39.1835017],[-106.799711,39.1835445],[-106.799721,39.1835417],[-106.7997321,39.183566],[-106.7996149,39.1835981]]]}},{"type":"Feature","id":"building-228881682","properties":{"kind":"building","name":"Alpine building","height":7.2},"geometry":{"type":"Polygon","coordinates":[[[-106.8153966,39.1887009],[-106.8154625,39.1887146],[-106.8154604,39.1887209],[-106.8154778,39.1887245],[-106.8154799,39.1887182],[-106.8155462,39.1887319],[-106.815544,39.1887382],[-106.8155597,39.1887415],[-106.815494,39.1889317],[-106.8153145,39.1888944],[-106.8153802,39.1887042],[-106.8153944,39.1887072],[-106.8153966,39.1887009]]]}},{"type":"Feature","id":"building-228725970","properties":{"kind":"building","name":"Alpine building","height":7.2},"geometry":{"type":"Polygon","coordinates":[[[-106.8218702,39.1859711],[-106.8218797,39.185973],[-106.8218669,39.1860117],[-106.8218886,39.186016],[-106.8218914,39.1860077],[-106.8219548,39.1860203],[-106.821952,39.1860286],[-106.8219657,39.1860313],[-106.8219211,39.1861662],[-106.8219074,39.1861635],[-106.8219047,39.1861716],[-106.8218413,39.1861589],[-106.821844,39.1861509],[-106.8218223,39.1861466],[-106.8218089,39.186187],[-106.8217931,39.1861838],[-106.8217908,39.1861908],[-106.821649,39.1861626],[-106.8216513,39.1861557],[-106.8216355,39.1861525],[-106.8216661,39.1860599],[-106.8218221,39.1860909],[-106.8218318,39.1860614],[-106.8216759,39.1860304],[-106.8217063,39.1859386],[-106.8217228,39.1859418],[-106.8217258,39.185933],[-106.8218731,39.1859623],[-106.8218702,39.1859711]]]}},{"type":"Feature","id":"building-228989506","properties":{"kind":"building","name":"Alpine building","height":7.2},"geometry":{"type":"Polygon","coordinates":[[[-106.8119273,39.1890758],[-106.8119493,39.1890426],[-106.8119953,39.189061],[-106.8119733,39.1890942],[-106.8119873,39.1891],[-106.8119763,39.1891178],[-106.8120223,39.1891363],[-106.8119843,39.1891921],[-106.8118163,39.1891245],[-106.8118583,39.1890625],[-106.8119053,39.1890816],[-106.8119133,39.1890701],[-106.8119273,39.1890758]]]}},{"type":"Feature","id":"building-229234425","properties":{"kind":"building","name":"Alpine building","height":7.2},"geometry":{"type":"Polygon","coordinates":[[[-106.8106312,39.1891541],[-106.8105062,39.1890379],[-106.8106006,39.1889769],[-106.810657,39.1890293],[-106.8106671,39.1890228],[-106.8106942,39.189048],[-106.8107036,39.1890419],[-106.8107451,39.1890805],[-106.8106312,39.1891541]]]}},{"type":"Feature","id":"building-228881785","properties":{"kind":"building","name":"Alpine building","height":7.2},"geometry":{"type":"Polygon","coordinates":[[[-106.8152346,39.1888816],[-106.8152316,39.1888904],[-106.8151979,39.1888835],[-106.815201,39.1888747],[-106.8150353,39.1888405],[-106.8150912,39.188678],[-106.8153077,39.1887227],[-106.8152518,39.1888852],[-106.8152346,39.1888816]]]}},{"type":"Feature","id":"building-229234095","properties":{"kind":"building","name":"Alpine building","height":7.2},"geometry":{"type":"Polygon","coordinates":[[[-106.8084644,39.1888128],[-106.8084642,39.1888685],[-106.8083813,39.1888682],[-106.8083814,39.1888562],[-106.8082813,39.1888559],[-106.8082819,39.1887243],[-106.8084584,39.1887247],[-106.8084586,39.1886762],[-106.8085565,39.1886765],[-106.8085559,39.188813],[-106.8084644,39.1888128]]]}},{"type":"Feature","id":"building-228889091","properties":{"kind":"building","name":"Alpine building","height":7.2},"geometry":{"type":"Polygon","coordinates":[[[-106.8144697,39.1890762],[-106.8144167,39.1890386],[-106.8143917,39.1890597],[-106.8143397,39.1890232],[-106.8143137,39.1890453],[-106.8142587,39.1890069],[-106.8142357,39.1890266],[-106.8141837,39.1889898],[-106.8141587,39.1890107],[-106.8140997,39.1889692],[-106.8142017,39.1888821],[-106.8142547,39.1889189],[-106.8142787,39.188898],[-106.8143337,39.1889364],[-106.8143567,39.1889167],[-106.8144087,39.1889532],[-106.8144347,39.1889311],[-106.8144877,39.1889687],[-106.8145127,39.1889476],[-106.8145717,39.1889891],[-106.8145087,39.1890428],[-106.8145297,39.1890575],[-106.8144987,39.1890839],[-106.8144777,39.1890692],[-106.8144697,39.1890762]]]}},{"type":"Feature","id":"building-1065369151","properties":{"kind":"building","name":"Alpine building","height":7.2},"geometry":{"type":"Polygon","coordinates":[[[-106.8057107,39.1880626],[-106.805643,39.188105],[-106.8056308,39.1880917],[-106.8055834,39.1881202],[-106.805492,39.1880342],[-106.8055026,39.1880266],[-106.8054284,39.1879526],[-106.8054039,39.1879671],[-106.8052929,39.1878526],[-106.805421,39.1877837],[-106.8054072,39.1877641],[-106.8054553,39.1877407],[-106.805581,39.1878514],[-106.8055206,39.1878881],[-106.8055687,39.1879336],[-106.8055353,39.187952],[-106.805563,39.1879804],[-106.8055883,39.1879652],[-106.8056283,39.1880007],[-106.8056397,39.187995],[-106.8057107,39.1880626]]]}},{"type":"Feature","id":"building-228881763","properties":{"kind":"building","name":"Independence Square Hotel","height":7.2},"geometry":{"type":"Polygon","coordinates":[[[-106.8186102,39.1879245],[-106.8187029,39.1876531],[-106.8189168,39.1876969],[-106.8188287,39.187955],[-106.8188074,39.1879649],[-106.8186102,39.1879245]]]}},{"type":"Feature","id":"building-229360939","properties":{"kind":"building","name":"Alpine building","height":7.2},"geometry":{"type":"Polygon","coordinates":[[[-106.7996045,39.183757],[-106.7995906,39.1837164],[-106.7996957,39.1836948],[-106.7997097,39.1837354],[-106.7996045,39.183757]]]}},{"type":"Feature","id":"building-229360938","properties":{"kind":"building","name":"Alpine building","height":7.2},"geometry":{"type":"Polygon","coordinates":[[[-106.7985813,39.1819028],[-106.7985503,39.1819692],[-106.7984595,39.1819437],[-106.7984904,39.1818774],[-106.7985813,39.1819028]]]}},{"type":"Feature","id":"building-229360932","properties":{"kind":"building","name":"Alpine building","height":7.2},"geometry":{"type":"Polygon","coordinates":[[[-106.8008552,39.185005],[-106.8007443,39.1850585],[-106.8006237,39.1849083],[-106.8007346,39.1848549],[-106.8008552,39.185005]]]}},{"type":"Feature","id":"building-229360916","properties":{"kind":"building","name":"Alpine building","height":7.2},"geometry":{"type":"Polygon","coordinates":[[[-106.7982488,39.181143],[-106.7982668,39.1811481],[-106.7982398,39.1812038],[-106.7982228,39.1811987],[-106.7982038,39.1812368],[-106.7981338,39.1812165],[-106.7981518,39.1811783],[-106.7981338,39.1811732],[-106.7981508,39.181139],[-106.7981388,39.1811357],[-106.7981328,39.1811479],[-106.7980548,39.1811253],[-106.7980848,39.181064],[-106.7980888,39.1810653],[-106.7981038,39.1810349],[-106.7981418,39.1810213],[-106.7981808,39.1810326],[-106.7981988,39.1810622],[-106.7981838,39.1810927],[-106.7981918,39.181095],[-106.7981948,39.1810888],[-106.7982658,39.1811092],[-106.7982488,39.181143]]]}},{"type":"Feature","id":"building-229360964","properties":{"kind":"building","name":"Alpine building","height":7.2},"geometry":{"type":"Polygon","coordinates":[[[-106.7996905,39.1838347],[-106.7996684,39.1838456],[-106.799622,39.1837891],[-106.7996579,39.1837714],[-106.7996714,39.1837877],[-106.7997266,39.1837605],[-106.7998024,39.1838528],[-106.7997334,39.1838868],[-106.7996905,39.1838347]]]}},{"type":"Feature","id":"building-229234155","properties":{"kind":"building","name":"Alpine building","height":7.2},"geometry":{"type":"Polygon","coordinates":[[[-106.8080091,39.1886719],[-106.8080089,39.1887146],[-106.8081608,39.188715],[-106.808161,39.1886723],[-106.8082602,39.1886726],[-106.8082596,39.188813],[-106.8081654,39.1888128],[-106.8081652,39.1888519],[-106.8080075,39.1888515],[-106.8080077,39.1888124],[-106.8079085,39.1888121],[-106.8079092,39.1886717],[-106.8080091,39.1886719]]]}},{"type":"Feature","id":"building-229360960","properties":{"kind":"building","name":"Alpine building","height":7.2},"geometry":{"type":"Polygon","coordinates":[[[-106.8002372,39.1843727],[-106.8002183,39.1844946],[-106.800072,39.184481],[-106.8000959,39.1843264],[-106.8001301,39.1843295],[-106.8001288,39.1843379],[-106.8002008,39.1843446],[-106.800197,39.184369],[-106.8002372,39.1843727]]]}},{"type":"Feature","id":"building-228881780","properties":{"kind":"building","name":"Alpine building","height":7.2},"geometry":{"type":"Polygon","coordinates":[[[-106.8173333,39.1884795],[-106.8172716,39.1884667],[-106.8172687,39.1884748],[-106.8171356,39.1884471],[-106.8171385,39.1884389],[-106.8170788,39.1884265],[-106.8171159,39.1883196],[-106.8173704,39.1883726],[-106.8173333,39.1884795]]]}},{"type":"Feature","id":"building-228881658","properties":{"kind":"building","name":"Alpine building","height":7.2},"geometry":{"type":"Polygon","coordinates":[[[-106.818178,39.1880687],[-106.8182576,39.188085],[-106.8182496,39.1881085],[-106.8184047,39.1881404],[-106.8183399,39.1883303],[-106.8179581,39.188252],[-106.8180313,39.1880376],[-106.8180676,39.1880451],[-106.8180593,39.1880695],[-106.8181699,39.1880922],[-106.818178,39.1880687]]]}},{"type":"Feature","id":"building-229360913","properties":{"kind":"building","name":"Alpine building","height":7.2},"geometry":{"type":"Polygon","coordinates":[[[-106.7980638,39.1810234],[-106.7980438,39.180987],[-106.7980358,39.1809897],[-106.7980178,39.1809584],[-106.7979868,39.1809689],[-106.7979398,39.1808867],[-106.7980238,39.1808578],[-106.7980288,39.1808665],[-106.7980398,39.1808627],[-106.7980548,39.1808894],[-106.7980438,39.1808932],[-106.7980488,39.180902],[-106.7980418,39.1809046],[-106.7980458,39.180912],[-106.7980328,39.1809166],[-106.7980498,39.1809473],[-106.7981168,39.1809242],[-106.7981348,39.1809555],[-106.7981218,39.1809602],[-106.7981418,39.1809966],[-106.7980638,39.1810234]]]}},{"type":"Feature","id":"building-228725924","properties":{"kind":"building","name":"Rubey Park Bus Stop","height":4.1},"geometry":{"type":"Polygon","coordinates":[[[-106.819556,39.1875604],[-106.8195531,39.1875689],[-106.8193111,39.1875198],[-106.8193393,39.1874364],[-106.819575,39.1874842],[-106.8195767,39.1874791],[-106.8196858,39.1875012],[-106.8196837,39.1875075],[-106.8199694,39.1875653],[-106.8199415,39.1876482],[-106.8196561,39.1875905],[-106.8196592,39.1875813],[-106.819556,39.1875604]]]}},{"type":"Feature","id":"building-229234200","properties":{"kind":"building","name":"Alpine building","height":7.2},"geometry":{"type":"Polygon","coordinates":[[[-106.8107808,39.1892835],[-106.8107197,39.1892435],[-106.810767,39.1892],[-106.8107354,39.1891793],[-106.8107759,39.1891422],[-106.8107864,39.1891491],[-106.8108409,39.1890991],[-106.8108936,39.1891336],[-106.8108701,39.1891552],[-106.8108996,39.1891745],[-106.810869,39.1892026],[-106.8108745,39.1892062],[-106.8108577,39.1892216],[-106.8108522,39.189218],[-106.8108357,39.1892332],[-106.8108478,39.1892411],[-106.8108299,39.1892574],[-106.8108178,39.1892495],[-106.8107808,39.1892835]]]}},{"type":"Feature","id":"building-228989501","properties":{"kind":"building","name":"Alpine building","height":7.2},"geometry":{"type":"Polygon","coordinates":[[[-106.8125139,39.1891656],[-106.8124709,39.1891939],[-106.8125189,39.1892376],[-106.8124379,39.1892906],[-106.8124999,39.1893468],[-106.8125419,39.1893191],[-106.8126119,39.189383],[-106.8124949,39.1894597],[-106.8122249,39.1892128],[-106.8123799,39.1891108],[-106.8124069,39.189135],[-106.8124499,39.1891067],[-106.8125139,39.1891656]]]}},{"type":"Feature","id":"building-229234268","properties":{"kind":"building","name":"Alpine building","height":7.2},"geometry":{"type":"Polygon","coordinates":[[[-106.8092447,39.1890751],[-106.8088908,39.1890931],[-106.8088801,39.1889661],[-106.809234,39.1889481],[-106.8092447,39.1890751]]]}},{"type":"Feature","id":"building-228881725","properties":{"kind":"building","name":"Alpine building","height":7.2},"geometry":{"type":"Polygon","coordinates":[[[-106.8155887,39.1889476],[-106.8155245,39.1889343],[-106.8155415,39.188885],[-106.815535,39.1888837],[-106.8155476,39.1888472],[-106.8155541,39.1888486],[-106.8155783,39.1887785],[-106.81575,39.1888141],[-106.8157258,39.1888842],[-106.8157313,39.1888853],[-106.8157187,39.1889218],[-106.8157132,39.1889206],[-106.8156962,39.1889699],[-106.8156319,39.1889566],[-106.8156304,39.1889609],[-106.8155872,39.188952],[-106.8155887,39.1889476]]]}},{"type":"Feature","id":"building-229301994","properties":{"kind":"building","name":"Alpine building","height":7.2},"geometry":{"type":"Polygon","coordinates":[[[-106.8024519,39.1865417],[-106.8024334,39.1864708],[-106.8024567,39.1864671],[-106.8024485,39.186436],[-106.8025494,39.1864202],[-106.8025842,39.1865537],[-106.8025475,39.1865594],[-106.8025527,39.1865795],[-106.8025163,39.1865852],[-106.8025114,39.1865662],[-106.8024843,39.1865704],[-106.8024758,39.186538],[-106.8024519,39.1865417]]]}},{"type":"Feature","id":"building-229360885","properties":{"kind":"building","name":"Alpine building","height":7.2},"geometry":{"type":"Polygon","coordinates":[[[-106.8003857,39.1848088],[-106.8003263,39.1847993],[-106.8003327,39.184775],[-106.8002794,39.1847665],[-106.8002981,39.1846956],[-106.8003185,39.1846988],[-106.8003242,39.1846776],[-106.8003833,39.184687],[-106.8003811,39.1846951],[-106.8004405,39.1847045],[-106.8004182,39.1847886],[-106.8003922,39.1847844],[-106.8003857,39.1848088]]]}},{"type":"Feature","id":"building-229234202","properties":{"kind":"building","name":"Alpine building","height":7.2},"geometry":{"type":"Polygon","coordinates":[[[-106.8109174,39.1893495],[-106.8108539,39.1893117],[-106.8108985,39.1892666],[-106.8108657,39.1892471],[-106.8109038,39.1892085],[-106.8109148,39.189215],[-106.8109662,39.1891631],[-106.8110209,39.1891956],[-106.8109988,39.189218],[-106.8110295,39.1892362],[-106.8110005,39.1892654],[-106.8110063,39.1892688],[-106.8109905,39.1892848],[-106.8109847,39.1892814],[-106.8109691,39.1892972],[-106.8109817,39.1893046],[-106.8109649,39.1893216],[-106.8109523,39.1893142],[-106.8109174,39.1893495]]]}},{"type":"Feature","id":"building-228989495","properties":{"kind":"building","name":"Alpine building","height":7.2},"geometry":{"type":"Polygon","coordinates":[[[-106.8127107,39.1892212],[-106.8128077,39.1892329],[-106.8128137,39.1892009],[-106.8128987,39.1892111],[-106.8128617,39.1893933],[-106.8127517,39.1893799],[-106.8127577,39.1893488],[-106.8126727,39.1893384],[-106.8126917,39.1892412],[-106.8127067,39.1892429],[-106.8127107,39.1892212]]]}},{"type":"Feature","id":"building-229360965","properties":{"kind":"building","name":"Alpine building","height":7.2},"geometry":{"type":"Polygon","coordinates":[[[-106.7978216,39.1803964],[-106.7978336,39.1804456],[-106.7977746,39.1804537],[-106.7977726,39.1804473],[-106.7976866,39.180459],[-106.7976746,39.1804029],[-106.7977786,39.1803887],[-106.7977816,39.180402],[-106.7978216,39.1803964]]]}},{"type":"Feature","id":"building-228881680","properties":{"kind":"building","name":"Alpine building","height":7.2},"geometry":{"type":"Polygon","coordinates":[[[-106.8158749,39.188986],[-106.8157355,39.188957],[-106.8157882,39.1888046],[-106.8159019,39.1888282],[-106.815931,39.1888686],[-106.8159097,39.1888766],[-106.8159043,39.1888923],[-106.8158724,39.1888857],[-106.8158606,39.18892],[-106.8158685,39.1889216],[-106.8159004,39.188963],[-106.8158802,39.1889706],[-106.8158749,39.188986]]]}},{"type":"Feature","id":"building-229234249","properties":{"kind":"building","name":"Alpine building","height":7.2},"geometry":{"type":"Polygon","coordinates":[[[-106.8103877,39.189274],[-106.8102397,39.1892706],[-106.8102423,39.1892004],[-106.8103903,39.1892037],[-106.8103877,39.189274]]]}},{"type":"Feature","id":"building-228989545","properties":{"kind":"building","name":"Alpine building","height":7.2},"geometry":{"type":"Polygon","coordinates":[[[-106.8117339,39.189325],[-106.8117115,39.189321],[-106.8117161,39.1893055],[-106.8117385,39.1893094],[-106.8117339,39.189325]]]}},{"type":"Feature","id":"building-228725965","properties":{"kind":"building","name":"The St. Regis Aspen Resort","height":7.2},"geometry":{"type":"Polygon","coordinates":[[[-106.8208552,39.1865379],[-106.8209912,39.1860425],[-106.8212654,39.1861],[-106.8212129,39.1862447],[-106.821202,39.1862425],[-106.821089,39.1865841],[-106.8211062,39.1865875],[-106.821022,39.186842],[-106.8210758,39.1868525],[-106.8211307,39.1868242],[-106.8212259,39.1868431],[-106.8212565,39.1868884],[-106.821269,39.186891],[-106.8212462,39.1869604],[-106.8213125,39.1869735],[-106.8214512,39.1865092],[-106.8217155,39.1865717],[-106.8215073,39.1871706],[-106.8214583,39.1871609],[-106.8214446,39.1872024],[-106.8213968,39.1871929],[-106.8213899,39.1872138],[-106.8213523,39.1872064],[-106.8213591,39.1871856],[-106.8206673,39.1870484],[-106.8208371,39.1865344],[-106.8208552,39.1865379]]]}},{"type":"Feature","id":"building-229301882","properties":{"kind":"building","name":"Alpine building","height":7.2},"geometry":{"type":"Polygon","coordinates":[[[-106.8019649,39.1863319],[-106.801888,39.1863319],[-106.801888,39.1863407],[-106.8018398,39.1863406],[-106.8018401,39.1862049],[-106.8018241,39.1862049],[-106.8018243,39.1860995],[-106.8018559,39.1860996],[-106.801856,39.1860926],[-106.8018878,39.1860926],[-106.8018956,39.1861148],[-106.8019088,39.186112],[-106.8019285,39.1861684],[-106.8019415,39.1861656],[-106.8019472,39.1861819],[-106.8019652,39.186182],[-106.8019649,39.1863319]]]}},{"type":"Feature","id":"building-229360867","properties":{"kind":"building","name":"Alpine building","height":7.2},"geometry":{"type":"Polygon","coordinates":[[[-106.7973528,39.1785373],[-106.7973438,39.1785138],[-106.7974358,39.1784939],[-106.7974438,39.1785174],[-106.7974998,39.1785054],[-106.7975348,39.1786023],[-106.7973238,39.1786482],[-106.7973048,39.1785961],[-106.7973268,39.1785912],[-106.7973108,39.1785464],[-106.7973528,39.1785373]]]}},{"type":"Feature","id":"building-228881771","properties":{"kind":"building","name":"Alpine building","height":7.2},"geometry":{"type":"Polygon","coordinates":[[[-106.8169689,39.1886886],[-106.8169108,39.188856],[-106.8167075,39.1888136],[-106.81675,39.1886913],[-106.8167843,39.1885924],[-106.8169123,39.188619],[-106.8168936,39.1886729],[-106.8169689,39.1886886]]]}},{"type":"Feature","id":"building-228881765","properties":{"kind":"building","name":"Alpine building","height":7.2},"geometry":{"type":"Polygon","coordinates":[[[-106.8167075,39.1888136],[-106.81675,39.1886913],[-106.8165413,39.1886478],[-106.8164842,39.1888124],[-106.8166929,39.1888559],[-106.8167075,39.1888136]]]}},{"type":"Feature","id":"building-228725962","properties":{"kind":"building","name":"Alpine building","height":7.2},"geometry":{"type":"Polygon","coordinates":[[[-106.8224719,39.1860808],[-106.8224802,39.1860826],[-106.8224659,39.1861216],[-106.8223178,39.1860889],[-106.8223318,39.1860508],[-106.8223439,39.1860535],[-106.8223608,39.1860077],[-106.8223487,39.186005],[-106.8223608,39.185972],[-106.8222432,39.185946],[-106.8223063,39.1857742],[-106.8224443,39.1858046],[-106.8224302,39.185843],[-106.822421,39.1858409],[-106.8224044,39.185886],[-106.8224137,39.185888],[-106.8224007,39.1859233],[-106.8224777,39.1859403],[-106.82248,39.185934],[-106.8225307,39.1859452],[-106.8225168,39.185983],[-106.8225085,39.1859812],[-106.8225015,39.1860003],[-106.8225097,39.1860021],[-106.8224966,39.1860379],[-106.8224884,39.1860361],[-106.8224719,39.1860808]]]}},{"type":"Feature","id":"building-229234122","properties":{"kind":"building","name":"Alpine building","height":7.2},"geometry":{"type":"Polygon","coordinates":[[[-106.8076456,39.1889355],[-106.8075686,39.1889353],[-106.8075691,39.1888235],[-106.8076456,39.1888237],[-106.8076458,39.1887761],[-106.8077202,39.1887763],[-106.8077204,39.1887442],[-106.8077974,39.1887444],[-106.8077967,39.1888824],[-106.8077223,39.1888822],[-106.8077222,39.1889144],[-106.8076457,39.1889141],[-106.8076456,39.1889355]]]}},{"type":"Feature","id":"building-229360902","properties":{"kind":"building","name":"Alpine building","height":7.2},"geometry":{"type":"Polygon","coordinates":[[[-106.7972432,39.17798],[-106.7972962,39.1779732],[-106.7972932,39.1779593],[-106.7973582,39.177951],[-106.7973522,39.1779233],[-106.7974292,39.1779135],[-106.7974402,39.1779639],[-106.7974812,39.1779586],[-106.7975022,39.178057],[-106.7973802,39.1780724],[-106.7973842,39.1780905],[-106.7973112,39.1780999],[-106.7973072,39.1780818],[-106.7972852,39.1780845],[-106.7972752,39.1780359],[-106.7972562,39.1780383],[-106.7972432,39.17798]]]}},{"type":"Feature","id":"building-228881796","properties":{"kind":"building","name":"Pure Barre","height":7.2},"geometry":{"type":"Polygon","coordinates":[[[-106.8178931,39.1885748],[-106.8179712,39.188347],[-106.8179825,39.1883139],[-106.8176747,39.1882505],[-106.8175828,39.1885186],[-106.8176808,39.1885388],[-106.8176833,39.1885316],[-106.8178931,39.1885748]]]}},{"type":"Feature","id":"building-228881721","properties":{"kind":"building","name":"Alpine building","height":7.2},"geometry":{"type":"Polygon","coordinates":[[[-106.8150118,39.1892803],[-106.8148528,39.1892473],[-106.8148568,39.1892354],[-106.8148468,39.1892332],[-106.8148998,39.1890775],[-106.8149048,39.1890785],[-106.8149158,39.1890456],[-106.8150838,39.1890804],[-106.8150728,39.1891133],[-106.8150758,39.1891139],[-106.8150218,39.1892696],[-106.8150158,39.1892683],[-106.8150118,39.1892803]]]}},{"type":"Feature","id":"building-228989568","properties":{"kind":"building","name":"Alpine building","height":7.2},"geometry":{"type":"Polygon","coordinates":[[[-106.8119104,39.1893617],[-106.8118729,39.189489],[-106.8117595,39.1894689],[-106.8117632,39.1894563],[-106.8116747,39.1894407],[-106.8116932,39.1893778],[-106.8117203,39.1893826],[-106.8117356,39.1893308],[-106.8119104,39.1893617]]]}},{"type":"Feature","id":"building-229234114","properties":{"kind":"building","name":"Alpine building","height":7.2},"geometry":{"type":"Polygon","coordinates":[[[-106.8106445,39.1892967],[-106.8106818,39.1893403],[-106.8106422,39.1893607],[-106.8107007,39.1894288],[-106.8107863,39.1893847],[-106.810837,39.1894438],[-106.8106641,39.189533],[-106.8104998,39.1893417],[-106.8105872,39.1892966],[-106.8106049,39.1893172],[-106.8106445,39.1892967]]]}},{"type":"Feature","id":"building-229360917","properties":{"kind":"building","name":"Alpine building","height":7.2},"geometry":{"type":"Polygon","coordinates":[[[-106.7972365,39.1792015],[-106.7972155,39.1792011],[-106.7972165,39.1791573],[-106.7972375,39.1791577],[-106.7972415,39.1790454],[-106.7974445,39.1790489],[-106.7974435,39.17908],[-106.7974735,39.1790805],[-106.7974715,39.1791497],[-106.7975535,39.1791511],[-106.7975505,39.1792226],[-106.7974395,39.1792207],[-106.7974385,39.1792433],[-106.7973555,39.1792419],[-106.7973525,39.179354],[-106.7973335,39.1793537],[-106.7973335,39.1793615],[-106.7972355,39.1793598],[-106.7972385,39.1792706],[-106.7972775,39.1792712],[-106.7972785,39.1792458],[-106.7972355,39.1792451],[-106.7972365,39.1792015]]]}},{"type":"Feature","id":"building-229360901","properties":{"kind":"building","name":"Alpine building","height":7.2},"geometry":{"type":"Polygon","coordinates":[[[-106.7975438,39.1798932],[-106.7974694,39.1798837],[-106.7974701,39.1798802],[-106.7974481,39.1798774],[-106.7974458,39.1798883],[-106.7973999,39.1798824],[-106.7974061,39.1798531],[-106.7973635,39.1798476],[-106.7973756,39.1797911],[-106.7974182,39.1797965],[-106.797421,39.1797835],[-106.7974322,39.1797849],[-106.7974339,39.179777],[-106.7974947,39.1797848],[-106.797493,39.1797927],[-106.7975633,39.1798017],[-106.7975438,39.1798932]]]}},{"type":"Feature","id":"building-228725930","properties":{"kind":"building","name":"Alpine building","height":7.2},"geometry":{"type":"Polygon","coordinates":[[[-106.8224039,39.1862858],[-106.8221922,39.1862438],[-106.822216,39.186172],[-106.8221708,39.186163],[-106.8221675,39.1861733],[-106.8221492,39.1861696],[-106.8221736,39.1860958],[-106.8223977,39.1861403],[-106.8223866,39.1861737],[-106.8224074,39.1861779],[-106.8224005,39.1861988],[-106.8224436,39.1862073],[-106.8224321,39.1862421],[-106.8224192,39.1862395],[-106.8224039,39.1862858]]]}},{"type":"Feature","id":"building-228760001","properties":{"kind":"building","name":"Alpine building","height":7.2},"geometry":{"type":"Polygon","coordinates":[[[-106.8192473,39.1880049],[-106.8190781,39.1879712],[-106.8191311,39.1878111],[-106.8193003,39.1878448],[-106.8192881,39.1878818],[-106.8193376,39.1878917],[-106.8193504,39.1878529],[-106.8195953,39.1879016],[-106.819527,39.1881079],[-106.8192821,39.1880592],[-106.8193032,39.1879955],[-106.8192637,39.1879877],[-106.8192666,39.1879789],[-106.8192566,39.1879769],[-106.8192473,39.1880049]]]}},{"type":"Feature","id":"building-229360921","properties":{"kind":"building","name":"Alpine building","height":7.2},"geometry":{"type":"Polygon","coordinates":[[[-106.7987224,39.1831995],[-106.7987178,39.1831649],[-106.7986973,39.1831665],[-106.7986926,39.1831309],[-106.7986819,39.1831318],[-106.7986757,39.183085],[-106.7986864,39.1830842],[-106.7986798,39.1830349],[-106.7986911,39.183034],[-106.798686,39.1829958],[-106.7987803,39.1829883],[-106.7987859,39.183031],[-106.7987785,39.1830316],[-106.7987801,39.1830432],[-106.7988166,39.1830403],[-106.7988207,39.1830711],[-106.7988519,39.1830686],[-106.7988533,39.1830788],[-106.798863,39.183078],[-106.7988706,39.1831347],[-106.7988608,39.1831355],[-106.7988632,39.1831533],[-106.7987897,39.1831592],[-106.7987943,39.1831937],[-106.7987224,39.1831995]]]}},{"type":"Feature","id":"building-228881751","properties":{"kind":"building","name":"Alpine building","height":7.2},"geometry":{"type":"Polygon","coordinates":[[[-106.8180742,39.1883683],[-106.8179961,39.188596],[-106.8178931,39.1885748],[-106.8179712,39.188347],[-106.8180742,39.1883683]]]}},{"type":"Feature","id":"building-229234330","properties":{"kind":"building","name":"Alpine building","height":7.2},"geometry":{"type":"Polygon","coordinates":[[[-106.8104175,39.1894637],[-106.8103338,39.1893991],[-106.8104446,39.1893128],[-106.8105283,39.1893773],[-106.8104175,39.1894637]]]}},{"type":"Feature","id":"building-229360870","properties":{"kind":"building","name":"Alpine building","height":7.2},"geometry":{"type":"Polygon","coordinates":[[[-106.7984319,39.182613],[-106.7985262,39.1825898],[-106.7985562,39.1826629],[-106.7985927,39.1826539],[-106.7986336,39.1827536],[-106.7985716,39.1827689],[-106.7985883,39.1828097],[-106.79851,39.182829],[-106.7984923,39.1827859],[-106.7985018,39.1827835],[-106.7984319,39.182613]]]}},{"type":"Feature","id":"building-228881755","properties":{"kind":"building","name":"Clark's Oyster Bar","height":7.2},"geometry":{"type":"Polygon","coordinates":[[[-106.8181038,39.1886186],[-106.8181907,39.188364],[-106.818156,39.1883575],[-106.8181507,39.1883729],[-106.8181178,39.1883661],[-106.8181142,39.1883765],[-106.8180742,39.1883683],[-106.8179961,39.188596],[-106.8181038,39.1886186]]]}},{"type":"Feature","id":"building-1065369149","properties":{"kind":"building","name":"Alpine building","height":7.2},"geometry":{"type":"Polygon","coordinates":[[[-106.7975092,39.179643],[-106.7973959,39.1796523],[-106.7973986,39.1796724],[-106.7972866,39.1796816],[-106.7972759,39.1796036],[-106.797254,39.1796054],[-106.7972404,39.1795063],[-106.7972843,39.1795026],[-106.7972765,39.1794458],[-106.797358,39.179439],[-106.7973664,39.1795002],[-106.7973848,39.1794986],[-106.7973994,39.179605],[-106.7975028,39.1795965],[-106.7975092,39.179643]]]}},{"type":"Feature","id":"building-228881788","properties":{"kind":"building","name":"Alpine building","height":7.2},"geometry":{"type":"Polygon","coordinates":[[[-106.8170246,39.1888427],[-106.8170613,39.1887368],[-106.8170805,39.1886815],[-106.8169787,39.1886602],[-106.8169689,39.1886886],[-106.8169108,39.188856],[-106.8168956,39.1888999],[-106.8169898,39.1889196],[-106.817017,39.1888411],[-106.8170246,39.1888427]]]}},{"type":"Feature","id":"building-229360928","properties":{"kind":"building","name":"Alpine building","height":7.2},"geometry":{"type":"Polygon","coordinates":[[[-106.7984726,39.1823747],[-106.798348,39.1824724],[-106.7981567,39.1823259],[-106.7982813,39.1822282],[-106.7984726,39.1823747]]]}},{"type":"Feature","id":"building-228881787","properties":{"kind":"building","name":"Alpine building","height":7.2},"geometry":{"type":"Polygon","coordinates":[[[-106.8186688,39.1884244],[-106.8183551,39.1883601],[-106.818446,39.1880939],[-106.8186234,39.1881303],[-106.8186099,39.18817],[-106.8186643,39.1882462],[-106.8187131,39.1882562],[-106.8186852,39.188338],[-106.8186974,39.1883405],[-106.8186688,39.1884244]]]}},{"type":"Feature","id":"building-228881696","properties":{"kind":"building","name":"Alpine building","height":7.2},"geometry":{"type":"Polygon","coordinates":[[[-106.8152478,39.1893016],[-106.8151778,39.1892872],[-106.8151708,39.1893076],[-106.8151498,39.1893034],[-106.8151568,39.1892829],[-106.8150648,39.1892637],[-106.8151108,39.1891325],[-106.8151608,39.1891428],[-106.8151548,39.1891584],[-106.8152038,39.1891686],[-106.8152098,39.1891531],[-106.8152368,39.1891341],[-106.8152668,39.1891403],[-106.8152928,39.1891703],[-106.8152478,39.1893016]]]}},{"type":"Feature","id":"building-228881675","properties":{"kind":"building","name":"Alpine building","height":7.2},"geometry":{"type":"Polygon","coordinates":[[[-106.8171709,39.1888732],[-106.8170246,39.1888427],[-106.8170613,39.1887368],[-106.8171348,39.1887521],[-106.8171667,39.1886602],[-106.8172458,39.1886767],[-106.8172384,39.188698],[-106.8172448,39.1886994],[-106.81722,39.1887709],[-106.8172487,39.1887768],[-106.8172232,39.1888502],[-106.8171819,39.1888416],[-106.8171709,39.1888732]]]}},{"type":"Feature","id":"building-228881747","properties":{"kind":"building","name":"Alpine building","height":7.2},"geometry":{"type":"Polygon","coordinates":[[[-106.8166072,39.1889738],[-106.8164761,39.1889464],[-106.8164903,39.1889053],[-106.8166215,39.1889327],[-106.8166072,39.1889738]]]}},{"type":"Feature","id":"building-229360962","properties":{"kind":"building","name":"Alpine building","height":7.2},"geometry":{"type":"Polygon","coordinates":[[[-106.7974589,39.180082],[-106.7973065,39.1800712],[-106.7973187,39.1799684],[-106.7973789,39.1799727],[-106.7973762,39.179995],[-106.7973896,39.179996],[-106.797387,39.1800177],[-106.7974658,39.1800233],[-106.7974589,39.180082]]]}},{"type":"Feature","id":"building-228725914","properties":{"kind":"building","name":"Alpine building","height":7.2},"geometry":{"type":"Polygon","coordinates":[[[-106.8223642,39.186387],[-106.8222907,39.1863724],[-106.8222861,39.1863865],[-106.8222721,39.1863837],[-106.822269,39.1863931],[-106.8221647,39.1863724],[-106.8221678,39.186363],[-106.8221438,39.1863583],[-106.8221485,39.1863441],[-106.8220765,39.1863298],[-106.8221032,39.1862489],[-106.8223909,39.1863061],[-106.8223642,39.186387]]]}},{"type":"Feature","id":"building-229301983","properties":{"kind":"building","name":"Alpine building","height":7.2},"geometry":{"type":"Polygon","coordinates":[[[-106.8019197,39.1864705],[-106.8018287,39.1864705],[-106.8018287,39.1864058],[-106.8018357,39.1864058],[-106.8018357,39.186398],[-106.8018497,39.186398],[-106.8018497,39.1863889],[-106.8019197,39.1863889],[-106.8019197,39.1864705]]]}},{"type":"Feature","id":"building-229360906","properties":{"kind":"building","name":"Alpine building","height":7.2},"geometry":{"type":"Polygon","coordinates":[[[-106.7989274,39.1834899],[-106.7989272,39.1834985],[-106.7988528,39.1834975],[-106.7988525,39.1835111],[-106.7987741,39.1835099],[-106.7987747,39.1834877],[-106.7987001,39.1834866],[-106.7987018,39.1834164],[-106.7987748,39.1834174],[-106.7987787,39.1832559],[-106.7988793,39.1832573],[-106.798879,39.1832714],[-106.7989812,39.1832729],[-106.7989795,39.1833426],[-106.7989419,39.183342],[-106.79894,39.1834198],[-106.7990365,39.1834212],[-106.7990348,39.1834915],[-106.7989274,39.1834899]]]}},{"type":"Feature","id":"building-228881775","properties":{"kind":"building","name":"Alpine building","height":7.2},"geometry":{"type":"Polygon","coordinates":[[[-106.8163198,39.1891172],[-106.8161873,39.1890896],[-106.816206,39.1890358],[-106.8162321,39.1890412],[-106.816245,39.189004],[-106.8163367,39.1890231],[-106.8163168,39.1890804],[-106.8163316,39.1890835],[-106.8163198,39.1891172]]]}},{"type":"Feature","id":"building-228726023","properties":{"kind":"building","name":"Alpine building","height":7.2},"geometry":{"type":"Polygon","coordinates":[[[-106.822487,39.1861954],[-106.8225055,39.1861395],[-106.8225537,39.1861491],[-106.8225549,39.1861829],[-106.8225352,39.186205],[-106.822487,39.1861954]]]}},{"type":"Feature","id":"building-914527238","properties":{"kind":"building","name":"Mountain Chalet Aspen","height":7.2},"geometry":{"type":"Polygon","coordinates":[[[-106.8209684,39.1873433],[-106.8209295,39.1874379],[-106.8210287,39.1874587],[-106.8209751,39.1875751],[-106.820845,39.1875481],[-106.8208503,39.1875221],[-106.8206451,39.1874743],[-106.8204829,39.1874327],[-106.8205204,39.1873204],[-106.8205097,39.1873173],[-106.8205566,39.1871718],[-106.8206371,39.1871843],[-106.8206706,39.1872019],[-106.8206438,39.1872789],[-106.8206472,39.1872861],[-106.8206348,39.1873178],[-106.8208337,39.1873618],[-106.8208648,39.1872839],[-106.8209823,39.1873006],[-106.8209684,39.1873433]]]}},{"type":"Feature","id":"building-229360919","properties":{"kind":"building","name":"Alpine building","height":7.2},"geometry":{"type":"Polygon","coordinates":[[[-106.7990242,39.1837979],[-106.7988769,39.1838349],[-106.7988469,39.1837631],[-106.7989659,39.1837332],[-106.7989618,39.1837234],[-106.7989405,39.1837287],[-106.7989096,39.1836548],[-106.7989309,39.1836495],[-106.798907,39.1835922],[-106.7989534,39.1835806],[-106.7989503,39.1835733],[-106.799015,39.183557],[-106.799018,39.1835643],[-106.7990488,39.1835566],[-106.7990728,39.1836138],[-106.7990984,39.1836074],[-106.7991293,39.1836813],[-106.7991036,39.1836878],[-106.7991194,39.1837255],[-106.7990697,39.1837379],[-106.7990781,39.183758],[-106.7990555,39.1837794],[-106.7990202,39.1837882],[-106.7990242,39.1837979]]]}},{"type":"Feature","id":"building-229360955","properties":{"kind":"building","name":"Alpine building","height":7.2},"geometry":{"type":"Polygon","coordinates":[[[-106.7990948,39.1840209],[-106.7989949,39.1838731],[-106.7990995,39.1838306],[-106.7991233,39.1838659],[-106.7991699,39.1838469],[-106.7992216,39.1839233],[-106.7991814,39.1839397],[-106.7992058,39.1839758],[-106.7990948,39.1840209]]]}},{"type":"Feature","id":"building-229360949","properties":{"kind":"building","name":"Alpine building","height":7.2},"geometry":{"type":"Polygon","coordinates":[[[-106.7974065,39.1803233],[-106.7972835,39.1803325],[-106.7972685,39.1802124],[-106.7973175,39.1802087],[-106.7973165,39.1802012],[-106.7973905,39.1801957],[-106.7974065,39.1803233]]]}},{"type":"Feature","id":"building-228881753","properties":{"kind":"building","name":"Alpine building","height":7.2},"geometry":{"type":"Polygon","coordinates":[[[-106.8164307,39.1891201],[-106.8163756,39.1891086],[-106.8164033,39.189029],[-106.8164583,39.1890405],[-106.8164307,39.1891201]]]}},{"type":"Feature","id":"building-229234240","properties":{"kind":"building","name":"Alpine building","height":7.2},"geometry":{"type":"Polygon","coordinates":[[[-106.8098229,39.18957],[-106.8098778,39.1896025],[-106.8097834,39.1896983],[-106.8096864,39.1896408],[-106.809739,39.1895875],[-106.8097475,39.1895926],[-106.8097663,39.1895735],[-106.8096934,39.1894936],[-106.8097007,39.1894896],[-106.8096813,39.1894682],[-106.8096156,39.1895042],[-106.8096316,39.1895218],[-106.8095821,39.1895489],[-106.809535,39.1894972],[-106.8096342,39.1894429],[-106.8096154,39.1894222],[-106.8096691,39.1893928],[-106.809675,39.1893992],[-106.8096962,39.1893876],[-106.8097122,39.1894052],[-106.809691,39.1894168],[-106.8096958,39.189422],[-106.8097372,39.1893993],[-106.8096854,39.1893424],[-106.8099259,39.1892108],[-106.8099981,39.1892899],[-106.8099278,39.1893284],[-106.8099203,39.1893203],[-106.809809,39.1893812],[-106.8098457,39.1894214],[-106.8098291,39.1894305],[-106.8099119,39.1895213],[-106.8098229,39.18957]]]}},{"type":"Feature","id":"building-228725917","properties":{"kind":"building","name":"Alpine building","height":7.2},"geometry":{"type":"Polygon","coordinates":[[[-106.8223241,39.1865371],[-106.8223117,39.1865347],[-106.8223102,39.1865394],[-106.8220579,39.1864893],[-106.8220594,39.1864846],[-106.8220519,39.1864831],[-106.8220614,39.1864544],[-106.8220689,39.1864559],[-106.8220762,39.1864338],[-106.8223285,39.1864838],[-106.8223212,39.186506],[-106.8223336,39.1865085],[-106.8223241,39.1865371]]]}},{"type":"Feature","id":"building-229301936","properties":{"kind":"building","name":"Alpine building","height":7.2},"geometry":{"type":"Polygon","coordinates":[[[-106.8025668,39.1870637],[-106.8024154,39.1870721],[-106.8023995,39.1869017],[-106.8024127,39.186901],[-106.8024118,39.1868915],[-106.8024393,39.1868899],[-106.8024402,39.1868996],[-106.802551,39.1868935],[-106.8025668,39.1870637]]]}},{"type":"Feature","id":"building-228881689","properties":{"kind":"building","name":"Alpine building","height":7.2},"geometry":{"type":"Polygon","coordinates":[[[-106.8153868,39.1893312],[-106.8152838,39.1893099],[-106.8153208,39.1892027],[-106.8153858,39.1891979],[-106.8155268,39.1892272],[-106.8155058,39.1892877],[-106.8155188,39.1892904],[-106.8155148,39.1893019],[-106.8155318,39.1893056],[-106.8155138,39.1893577],[-106.8154078,39.1893358],[-106.8154018,39.189355],[-106.8153798,39.1893505],[-106.8153868,39.1893312]]]}},{"type":"Feature","id":"building-229360891","properties":{"kind":"building","name":"Alpine building","height":7.2},"geometry":{"type":"Polygon","coordinates":[[[-106.798034,39.1821538],[-106.798077,39.1821697],[-106.7980933,39.1822053],[-106.7980723,39.1822394],[-106.7980264,39.182252],[-106.7979824,39.1822357],[-106.7979662,39.1822001],[-106.7979867,39.1821668],[-106.7979437,39.1821509],[-106.7979275,39.1821153],[-106.7979484,39.1820812],[-106.7979944,39.1820687],[-106.7980383,39.1820849],[-106.7980545,39.1821205],[-106.798034,39.1821538]]]}},{"type":"Feature","id":"building-228989515","properties":{"kind":"building","name":"Alpine building","height":7.2},"geometry":{"type":"Polygon","coordinates":[[[-106.8119809,39.1896398],[-106.8119509,39.1895923],[-106.8120719,39.1895464],[-106.8120848,39.1895668],[-106.8121522,39.1895413],[-106.8121719,39.1895725],[-106.8121791,39.1895697],[-106.8122096,39.1896181],[-106.8121877,39.1896264],[-106.8121956,39.1896389],[-106.8121152,39.1896693],[-106.8121267,39.1896875],[-106.8120541,39.189715],[-106.8120153,39.1896536],[-106.8120576,39.1896376],[-106.8120439,39.1896159],[-106.8119809,39.1896398]]]}},{"type":"Feature","id":"building-228881774","properties":{"kind":"building","name":"Alpine building","height":7.2},"geometry":{"type":"Polygon","coordinates":[[[-106.8165433,39.189147],[-106.8164942,39.1891367],[-106.8164994,39.1891218],[-106.8164593,39.1891135],[-106.8164826,39.1890461],[-106.8165228,39.1890545],[-106.8165421,39.1889988],[-106.8165912,39.189009],[-106.8165433,39.189147]]]}},{"type":"Feature","id":"building-229234187","properties":{"kind":"building","name":"Alpine building","height":7.2},"geometry":{"type":"Polygon","coordinates":[[[-106.8081039,39.1892072],[-106.8081802,39.1892076],[-106.8081791,39.189319],[-106.8080976,39.1893185],[-106.808098,39.1892845],[-106.8079459,39.1892836],[-106.8079463,39.1892487],[-106.8078643,39.1892482],[-106.8078654,39.1891363],[-106.8079483,39.1891368],[-106.807948,39.1891727],[-106.8080106,39.1891731],[-106.808011,39.1891296],[-106.808036,39.1891297],[-106.8080356,39.1891732],[-106.8081042,39.1891736],[-106.8081039,39.1892072]]]}},{"type":"Feature","id":"building-228726010","properties":{"kind":"building","name":"Alpine building","height":7.2},"geometry":{"type":"Polygon","coordinates":[[[-106.8222139,39.1866424],[-106.8220243,39.1866047],[-106.8220552,39.1865112],[-106.8222448,39.1865488],[-106.8222139,39.1866424]]]}},{"type":"Feature","id":"building-229301956","properties":{"kind":"building","name":"Alpine building","height":7.2},"geometry":{"type":"Polygon","coordinates":[[[-106.8022356,39.1868216],[-106.8021032,39.186872],[-106.8020683,39.1868167],[-106.8020934,39.1868071],[-106.8020551,39.1867468],[-106.8021613,39.1867064],[-106.8021654,39.1867128],[-106.8021952,39.1867015],[-106.8022589,39.1868022],[-106.8022302,39.1868131],[-106.8022356,39.1868216]]]}},{"type":"Feature","id":"building-229234192","properties":{"kind":"building","name":"Alpine building","height":7.2},"geometry":{"type":"Polygon","coordinates":[[[-106.807688,39.1891284],[-106.8077643,39.1891289],[-106.8077632,39.1892402],[-106.8076817,39.1892397],[-106.8076821,39.1892057],[-106.80753,39.1892048],[-106.8075304,39.1891699],[-106.8074484,39.1891694],[-106.8074495,39.1890576],[-106.8075324,39.1890581],[-106.8075321,39.1890939],[-106.8075947,39.1890943],[-106.8075951,39.1890508],[-106.8076201,39.189051],[-106.8076197,39.1890945],[-106.8076883,39.1890949],[-106.807688,39.1891284]]]}},{"type":"Feature","id":"building-228881730","properties":{"kind":"building","name":"Alpine building","height":7.2},"geometry":{"type":"Polygon","coordinates":[[[-106.8156648,39.1892645],[-106.8157198,39.189276],[-106.8157478,39.1892616],[-106.8157698,39.189288],[-106.8157448,39.1893012],[-106.8157398,39.1893164],[-106.8157618,39.1893211],[-106.8157508,39.1893527],[-106.8157438,39.1893512],[-106.8157248,39.1894046],[-106.8155428,39.1893668],[-106.8155848,39.1892479],[-106.8155948,39.18925],[-106.8155988,39.1892373],[-106.8156158,39.1892203],[-106.8156438,39.1892175],[-106.8156648,39.1892305],[-106.8156688,39.1892517],[-106.8156648,39.1892645]]]}},{"type":"Feature","id":"building-229360914","properties":{"kind":"building","name":"Alpine building","height":7.2},"geometry":{"type":"Polygon","coordinates":[[[-106.7977108,39.1811477],[-106.7976636,39.181177],[-106.7976475,39.1811614],[-106.7975622,39.1812144],[-106.7975331,39.1811861],[-106.7974502,39.1812376],[-106.7974094,39.1811982],[-106.7974245,39.1811888],[-106.7973978,39.1811629],[-106.7974537,39.1811282],[-106.7974201,39.1810957],[-106.797446,39.1810796],[-106.7973733,39.1810093],[-106.7974592,39.180956],[-106.7975592,39.1810526],[-106.797533,39.1810689],[-106.7975722,39.1811067],[-106.7975836,39.1810996],[-106.7975707,39.1810871],[-106.7976179,39.1810578],[-106.7977108,39.1811477]]]}},{"type":"Feature","id":"building-228725989","properties":{"kind":"building","name":"Alpine building","height":7.2},"geometry":{"type":"Polygon","coordinates":[[[-106.8225943,39.1864259],[-106.822416,39.186382],[-106.8224883,39.1862057],[-106.8226666,39.1862496],[-106.8225943,39.1864259]]]}},{"type":"Feature","id":"building-228881686","properties":{"kind":"building","name":"Alpine building","height":7.2},"geometry":{"type":"Polygon","coordinates":[[[-106.8185965,39.1884471],[-106.8185118,39.1886955],[-106.8184914,39.1887052],[-106.8181718,39.1886397],[-106.8181741,39.188633],[-106.8181038,39.1886186],[-106.8181907,39.188364],[-106.8185965,39.1884471]]]}},{"type":"Feature","id":"building-228989554","properties":{"kind":"building","name":"Alpine building","height":7.2},"geometry":{"type":"Polygon","coordinates":[[[-106.8127753,39.1896574],[-106.8126776,39.1897478],[-106.8125337,39.1896544],[-106.8126313,39.189564],[-106.8127753,39.1896574]]]}},{"type":"Feature","id":"building-228989518","properties":{"kind":"building","name":"Alpine building","height":7.2},"geometry":{"type":"Polygon","coordinates":[[[-106.8114811,39.1896792],[-106.8115079,39.1896887],[-106.8114753,39.189744],[-106.8114079,39.1897201],[-106.8114136,39.1897104],[-106.8113612,39.1896918],[-106.8113544,39.1897032],[-106.8113382,39.1896974],[-106.811321,39.1897266],[-106.8112683,39.1897079],[-106.811309,39.1896391],[-106.8112956,39.1896343],[-106.81134,39.1895591],[-106.8114149,39.1895856],[-106.8114242,39.1895698],[-106.8114875,39.1895923],[-106.8114782,39.1896081],[-106.8115153,39.1896213],[-106.8114811,39.1896792]]]}},{"type":"Feature","id":"building-229234181","properties":{"kind":"building","name":"Alpine building","height":7.2},"geometry":{"type":"Polygon","coordinates":[[[-106.8084703,39.1893349],[-106.8085466,39.1893353],[-106.8085455,39.1894467],[-106.808464,39.1894462],[-106.8084643,39.1894122],[-106.8083123,39.1894113],[-106.8083126,39.1893764],[-106.8082307,39.1893759],[-106.8082318,39.189264],[-106.8083147,39.1892645],[-106.8083144,39.1893004],[-106.8083769,39.1893008],[-106.8083774,39.1892573],[-106.8084024,39.1892575],[-106.808402,39.1893009],[-106.8084706,39.1893014],[-106.8084703,39.1893349]]]}},{"type":"Feature","id":"building-228881691","properties":{"kind":"building","name":"Alpine building","height":7.2},"geometry":{"type":"Polygon","coordinates":[[[-106.8167988,39.1890376],[-106.8167721,39.1891146],[-106.8167675,39.1891278],[-106.8167124,39.1891164],[-106.816709,39.1891261],[-106.8166809,39.1891202],[-106.816674,39.1891402],[-106.8166599,39.1891373],[-106.8166522,39.1891592],[-106.8165961,39.1891475],[-106.816636,39.1890324],[-106.816654,39.1890362],[-106.8166633,39.1890093],[-106.8167988,39.1890376]]]}},{"type":"Feature","id":"building-228760026","properties":{"kind":"building","name":"Alpine building","height":7.2},"geometry":{"type":"Polygon","coordinates":[[[-106.8195456,39.1881129],[-106.8196258,39.1878703],[-106.8198972,39.1879242],[-106.819903,39.1879067],[-106.819973,39.1879206],[-106.8199672,39.1879381],[-106.8200204,39.1879487],[-106.8199401,39.1881913],[-106.8195456,39.1881129]]]}},{"type":"Feature","id":"building-229360944","properties":{"kind":"building","name":"Alpine building","height":7.2},"geometry":{"type":"Polygon","coordinates":[[[-106.7998305,39.1845953],[-106.7997669,39.1846614],[-106.7997554,39.1846548],[-106.7997413,39.1846695],[-106.7997533,39.1846764],[-106.7997194,39.1847116],[-106.7997314,39.1847844],[-106.799793,39.1847783],[-106.7998,39.1848212],[-106.7998143,39.1848198],[-106.7998168,39.1848349],[-106.7998285,39.1848337],[-106.799833,39.1848612],[-106.7998212,39.1848623],[-106.7998241,39.1848798],[-106.7997719,39.184885],[-106.7997873,39.1849796],[-106.7996682,39.1849913],[-106.7996504,39.184883],[-106.7996433,39.1848837],[-106.7996383,39.1848532],[-106.7996454,39.1848525],[-106.7996379,39.1848064],[-106.7996275,39.1848075],[-106.7996188,39.1847546],[-106.7996293,39.1847536],[-106.7996276,39.1847435],[-106.7995429,39.1847012],[-106.7995368,39.1847085],[-106.7994978,39.1846889],[-106.7995038,39.1846816],[-106.7994219,39.1846407],[-106.7994374,39.184622],[-106.7993955,39.184601],[-106.7994011,39.1845942],[-106.7993591,39.1845732],[-106.7994057,39.1845172],[-106.7994579,39.1845434],[-106.7994538,39.1845483],[-106.7994807,39.1845618],[-106.7994954,39.1845441],[-106.7995326,39.1845627],[-106.7995271,39.1845692],[-106.7995342,39.1845728],[-106.799525,39.1845839],[-106.7995672,39.184605],[-106.7995614,39.1846119],[-106.7996184,39.1846403],[-106.7996241,39.1846334],[-106.7996754,39.1846591],[-106.7996925,39.1846413],[-106.7997099,39.1846513],[-106.799724,39.1846366],[-106.7996939,39.1846192],[-106.7997575,39.1845531],[-106.7998305,39.1845953]]]}},{"type":"Feature","id":"building-228881740","properties":{"kind":"building","name":"Alpine building","height":7.2},"geometry":{"type":"Polygon","coordinates":[[[-106.8169015,39.1891989],[-106.8169415,39.1890837],[-106.8169272,39.1890808],[-106.8169346,39.1890594],[-106.81692,39.1890563],[-106.8169228,39.1890484],[-106.8169316,39.1890502],[-106.8169407,39.189024],[-106.8169234,39.1890204],[-106.8169261,39.1890126],[-106.8168812,39.1890032],[-106.8168785,39.189011],[-106.8168662,39.1890085],[-106.8168571,39.1890347],[-106.8168037,39.1890236],[-106.8167988,39.1890376],[-106.8167721,39.1891146],[-106.8168203,39.1891247],[-106.8168168,39.1891348],[-106.8168453,39.1891408],[-106.8168387,39.1891598],[-106.8168514,39.1891624],[-106.816843,39.1891867],[-106.8169015,39.1891989]]]}},{"type":"Feature","id":"building-228989492","properties":{"kind":"building","name":"Alpine building","height":7.2},"geometry":{"type":"Polygon","coordinates":[[[-106.8129006,39.1896721],[-106.8129206,39.1896527],[-106.8129638,39.1896795],[-106.8129596,39.1896836],[-106.8129716,39.189691],[-106.8129557,39.1897064],[-106.8129645,39.1897118],[-106.8129299,39.1897453],[-106.812862,39.1897031],[-106.8128966,39.1896697],[-106.8129006,39.1896721]]]}},{"type":"Feature","id":"building-229234184","properties":{"kind":"building","name":"Alpine building","height":7.2},"geometry":{"type":"Polygon","coordinates":[[[-106.8088526,39.1894662],[-106.808923,39.1894666],[-106.8089218,39.1895883],[-106.8088347,39.1895878],[-106.8088351,39.1895513],[-106.8087756,39.189551],[-106.8087761,39.1895019],[-106.8086947,39.1895014],[-106.8086951,39.1894599],[-106.8086125,39.1894594],[-106.8086136,39.1893404],[-106.808716,39.189341],[-106.8087156,39.1893826],[-106.8087842,39.189383],[-106.8087837,39.1894326],[-106.808853,39.189433],[-106.8088526,39.1894662]]]}},{"type":"Feature","id":"building-228759993","properties":{"kind":"building","name":"Alpine building","height":7.2},"geometry":{"type":"Polygon","coordinates":[[[-106.8193204,39.1882601],[-106.8192334,39.1885236],[-106.8191494,39.1885069],[-106.8191714,39.1884418],[-106.8189754,39.1884028],[-106.8189574,39.1884563],[-106.8188514,39.1884352],[-106.8189154,39.1882438],[-106.8190994,39.1882805],[-106.8191194,39.1882201],[-106.8193204,39.1882601]]]}},{"type":"Feature","id":"building-228881717","properties":{"kind":"building","name":"Alpine building","height":7.2},"geometry":{"type":"Polygon","coordinates":[[[-106.8176421,39.1890271],[-106.8175663,39.1890115],[-106.8175581,39.1890354],[-106.8174688,39.1890171],[-106.8174927,39.188947],[-106.8174815,39.1889447],[-106.817534,39.1887906],[-106.8176419,39.1888127],[-106.8176537,39.1887784],[-106.8177221,39.1887924],[-106.8176983,39.1888621],[-106.8176918,39.1888607],[-106.8176514,39.1889793],[-106.8176579,39.1889806],[-106.8176421,39.1890271]]]}},{"type":"Feature","id":"building-228989544","properties":{"kind":"building","name":"Alpine building","height":7.2},"geometry":{"type":"Polygon","coordinates":[[[-106.8122897,39.1897704],[-106.8122195,39.1897804],[-106.8122077,39.1897305],[-106.8122778,39.1897205],[-106.8122897,39.1897704]]]}},{"type":"Feature","id":"building-228989504","properties":{"kind":"building","name":"Alpine building","height":7.2},"geometry":{"type":"Polygon","coordinates":[[[-106.811706,39.1898599],[-106.8116154,39.1898277],[-106.8116256,39.1898105],[-106.8115985,39.1898009],[-106.8115954,39.1898061],[-106.8115165,39.1897781],[-106.8115567,39.1897101],[-106.8115736,39.1897161],[-106.8116157,39.1896449],[-106.8117048,39.1896765],[-106.8116835,39.1897126],[-106.8117741,39.1897448],[-106.811706,39.1898599]]]}},{"type":"Feature","id":"building-228725998","properties":{"kind":"building","name":"Alpine building","height":7.2},"geometry":{"type":"Polygon","coordinates":[[[-106.8213029,39.1873563],[-106.8213407,39.1873638],[-106.8213656,39.1872855],[-106.8213899,39.1872138],[-106.8213523,39.1872064],[-106.8213282,39.1872779],[-106.8213029,39.1873563]]]}},{"type":"Feature","id":"building-229360942","properties":{"kind":"building","name":"Alpine building","height":7.2},"geometry":{"type":"Polygon","coordinates":[[[-106.7976114,39.1819236],[-106.7974918,39.1818129],[-106.7976027,39.181741],[-106.797686,39.1817888],[-106.7977222,39.1818517],[-106.7976114,39.1819236]]]}},{"type":"Feature","id":"building-229234180","properties":{"kind":"building","name":"Alpine building","height":7.2},"geometry":{"type":"Polygon","coordinates":[[[-106.8090409,39.1896609],[-106.8089584,39.1896605],[-106.8089595,39.1895449],[-106.8090582,39.1895455],[-106.8090579,39.1895752],[-106.809109,39.1895755],[-106.8091093,39.1895458],[-106.8091917,39.1895463],[-106.8091923,39.1894844],[-106.8092743,39.1894849],[-106.8092731,39.1896072],[-106.8091987,39.1896067],[-106.8091982,39.1896619],[-106.8091169,39.1896614],[-106.8091166,39.189694],[-106.8090405,39.1896935],[-106.8090409,39.1896609]]]}},{"type":"Feature","id":"building-228881672","properties":{"kind":"building","name":"Alpine building","height":7.2},"geometry":{"type":"Polygon","coordinates":[[[-106.8152844,39.1896697],[-106.8149714,39.1896045],[-106.8149844,39.1895645],[-106.8149404,39.1895554],[-106.8149514,39.1895244],[-106.8149354,39.189521],[-106.8149564,39.1894604],[-106.8153304,39.189538],[-106.8153104,39.1895954],[-106.8153364,39.1896009],[-106.8153224,39.1896409],[-106.8152964,39.1896354],[-106.8152844,39.1896697]]]}},{"type":"Feature","id":"building-228881670","properties":{"kind":"building","name":"Alpine building","height":7.2},"geometry":{"type":"Polygon","coordinates":[[[-106.8170566,39.1891191],[-106.8170473,39.189146],[-106.8171361,39.1891645],[-106.8171066,39.1892495],[-106.8169903,39.1892253],[-106.816978,39.1892607],[-106.8168867,39.1892417],[-106.8169015,39.1891989],[-106.8169415,39.1890837],[-106.8170328,39.1891028],[-106.8170291,39.1891134],[-106.8170566,39.1891191]]]}},{"type":"Feature","id":"building-228989575","properties":{"kind":"building","name":"Alpine building","height":7.2},"geometry":{"type":"Polygon","coordinates":[[[-106.8125478,39.1898616],[-106.8125288,39.1898854],[-106.8124484,39.1898469],[-106.8124674,39.1898231],[-106.8124322,39.1898063],[-106.8124798,39.1897466],[-106.8126014,39.1898048],[-106.8125538,39.1898645],[-106.8125478,39.1898616]]]}},{"type":"Feature","id":"building-228881720","properties":{"kind":"building","name":"Alpine building","height":7.2},"geometry":{"type":"Polygon","coordinates":[[[-106.8178859,39.1890766],[-106.8179531,39.1888797],[-106.8179602,39.1888587],[-106.8179043,39.1888472],[-106.8178971,39.1888682],[-106.8178554,39.1888596],[-106.8178465,39.1888857],[-106.8177929,39.1888747],[-106.8177863,39.1888943],[-106.8177505,39.188887],[-106.8176967,39.1890446],[-106.8177722,39.18906],[-106.8177879,39.189014],[-106.817817,39.1890199],[-106.8178034,39.1890597],[-106.8178859,39.1890766]]]}},{"type":"Feature","id":"building-228726039","properties":{"kind":"building","name":"Alpine building","height":7.2},"geometry":{"type":"Polygon","coordinates":[[[-106.8213615,39.1875814],[-106.8210312,39.1875159],[-106.8210926,39.18733],[-106.8212981,39.1873707],[-106.8213029,39.1873563],[-106.8213407,39.1873638],[-106.8214277,39.187381],[-106.8213615,39.1875814]]]}},{"type":"Feature","id":"building-228989571","properties":{"kind":"building","name":"Alpine building","height":7.2},"geometry":{"type":"Polygon","coordinates":[[[-106.8123971,39.1898138],[-106.8124147,39.1898501],[-106.8123817,39.1898597],[-106.8123893,39.1898755],[-106.8123346,39.1898913],[-106.8122951,39.1898094],[-106.8123497,39.1897936],[-106.8123641,39.1898234],[-106.8123971,39.1898138]]]}},{"type":"Feature","id":"building-228760007","properties":{"kind":"building","name":"Alpine building","height":7.2},"geometry":{"type":"Polygon","coordinates":[[[-106.8193074,39.1885384],[-106.8193944,39.1882749],[-106.8193204,39.1882601],[-106.8192334,39.1885236],[-106.8193074,39.1885384]]]}},{"type":"Feature","id":"building-229234229","properties":{"kind":"building","name":"Alpine building","height":7.2},"geometry":{"type":"Polygon","coordinates":[[[-106.8104128,39.1898836],[-106.810316,39.1898265],[-106.8103249,39.1898175],[-106.8102893,39.1897966],[-106.8102285,39.1898586],[-106.8101587,39.1898174],[-106.8101415,39.1898349],[-106.8100695,39.1897924],[-106.810086,39.1897756],[-106.8100745,39.1897688],[-106.8100909,39.1897521],[-106.8100885,39.1897506],[-106.8101673,39.1896704],[-106.8102462,39.1897169],[-106.8102633,39.1896994],[-106.8103073,39.1897254],[-106.8103298,39.1897025],[-106.8103982,39.1897428],[-106.8104239,39.1897167],[-106.8104881,39.1897546],[-106.8104478,39.1897956],[-106.8104538,39.1897991],[-106.8104378,39.1898153],[-106.8104645,39.189831],[-106.8104128,39.1898836]]]}},{"type":"Feature","id":"building-228989516","properties":{"kind":"building","name":"Alpine building","height":7.2},"geometry":{"type":"Polygon","coordinates":[[[-106.8119535,39.1898926],[-106.8119358,39.1899224],[-106.8118565,39.1898942],[-106.8119232,39.1897814],[-106.8119321,39.1897845],[-106.8119471,39.1897591],[-106.8120177,39.1897841],[-106.8120107,39.1897958],[-106.8120423,39.189807],[-106.812045,39.1898435],[-106.8121107,39.1898668],[-106.812094,39.189895],[-106.8120583,39.1899298],[-106.8120465,39.1899256],[-106.8120173,39.1899751],[-106.8119523,39.189952],[-106.8119815,39.1899026],[-106.8119535,39.1898926]]]}},{"type":"Feature","id":"building-229360892","properties":{"kind":"building","name":"Alpine building","height":7.2},"geometry":{"type":"Polygon","coordinates":[[[-106.7974175,39.1815392],[-106.7974434,39.1815544],[-106.7974394,39.1815585],[-106.7974987,39.1815935],[-106.7974587,39.1816344],[-106.7973993,39.1815994],[-106.7973941,39.1816047],[-106.7973532,39.1815806],[-106.7973372,39.1815878],[-106.7972808,39.1815115],[-106.797292,39.1815066],[-106.7972757,39.1814188],[-106.7973475,39.1814108],[-106.7973559,39.1814558],[-106.7974175,39.1815392]]]}},{"type":"Feature","id":"building-228725977","properties":{"kind":"building","name":"Alpine building","height":7.2},"geometry":{"type":"Polygon","coordinates":[[[-106.8221003,39.1870966],[-106.8218613,39.1870492],[-106.8219054,39.1869156],[-106.8221444,39.186963],[-106.8221003,39.1870966]]]}},{"type":"Feature","id":"building-228881732","properties":{"kind":"building","name":"Alpine building","height":7.2},"geometry":{"type":"Polygon","coordinates":[[[-106.8162045,39.189466],[-106.8161846,39.1895235],[-106.8161728,39.1895211],[-106.8161687,39.1895331],[-106.8161169,39.1895223],[-106.816121,39.1895103],[-106.8160848,39.1895027],[-106.8160982,39.1894641],[-106.8160828,39.1894609],[-106.8160944,39.1894273],[-106.8161098,39.1894305],[-106.8161155,39.1894141],[-106.8160849,39.1894077],[-106.8160885,39.1893973],[-106.8160675,39.189393],[-106.8160909,39.1893257],[-106.8162423,39.1893572],[-106.8162336,39.1893822],[-106.8162045,39.189466]]]}},{"type":"Feature","id":"building-229234324","properties":{"kind":"building","name":"Alpine building","height":7.2},"geometry":{"type":"Polygon","coordinates":[[[-106.8096894,39.1897626],[-106.8095862,39.1898675],[-106.8093023,39.1896995],[-106.8094055,39.1895947],[-106.8096894,39.1897626]]]}},{"type":"Feature","id":"building-228989562","properties":{"kind":"building","name":"Alpine building","height":7.2},"geometry":{"type":"Polygon","coordinates":[[[-106.8112032,39.1899438],[-106.811033,39.1898885],[-106.8110802,39.1898013],[-106.8112504,39.1898566],[-106.8112032,39.1899438]]]}},{"type":"Feature","id":"building-228881723","properties":{"kind":"building","name":"Alpine building","height":7.2},"geometry":{"type":"Polygon","coordinates":[[[-106.8154642,39.1895439],[-106.8154692,39.1895296],[-106.8155052,39.1895369],[-106.8155002,39.1895512],[-106.8155042,39.1895522],[-106.8154912,39.1895919],[-106.8155252,39.189599],[-106.8155072,39.1896499],[-106.8155402,39.1896567],[-106.8154972,39.1897814],[-106.8153562,39.1897522],[-106.8153982,39.1896302],[-106.8153632,39.1896228],[-106.8153892,39.1895482],[-106.8154022,39.189551],[-106.8154092,39.1895324],[-106.8154642,39.1895439]]]}},{"type":"Feature","id":"building-228760006","properties":{"kind":"building","name":"Alpine building","height":7.2},"geometry":{"type":"Polygon","coordinates":[[[-106.8195644,39.1883086],[-106.8194764,39.1885721],[-106.8193074,39.1885384],[-106.8193944,39.1882749],[-106.8195644,39.1883086]]]}},{"type":"Feature","id":"building-228726032","properties":{"kind":"building","name":"Alpine building","height":7.2},"geometry":{"type":"Polygon","coordinates":[[[-106.8222422,39.1868554],[-106.8222969,39.1867242],[-106.8224245,39.1867562],[-106.8224011,39.1868122],[-106.8223785,39.1868066],[-106.8223472,39.1868817],[-106.8222422,39.1868554]]]}},{"type":"Feature","id":"building-228989534","properties":{"kind":"building","name":"Alpine building","height":7.2},"geometry":{"type":"Polygon","coordinates":[[[-106.8127658,39.1899041],[-106.8127419,39.1898893],[-106.8127668,39.1898651],[-106.8127586,39.18986],[-106.8128471,39.1897744],[-106.8129055,39.1898107],[-106.8129761,39.1897423],[-106.8130482,39.1897871],[-106.8129775,39.1898554],[-106.8130021,39.1898707],[-106.8129552,39.189916],[-106.8129227,39.1898958],[-106.8129111,39.189907],[-106.812916,39.1899101],[-106.812886,39.1899391],[-106.8128476,39.1899153],[-106.8128357,39.1899268],[-106.8128908,39.189961],[-106.8128527,39.1899978],[-106.8128457,39.1899934],[-106.8128317,39.190007],[-106.8127268,39.1899418],[-106.8127658,39.1899041]]]}},{"type":"Feature","id":"building-228760010","properties":{"kind":"building","name":"Alpine building","height":7.2},"geometry":{"type":"Polygon","coordinates":[[[-106.8189939,39.1888218],[-106.8190829,39.1885525],[-106.8188449,39.188505],[-106.8187549,39.1887744],[-106.8189939,39.1888218]]]}},{"type":"Feature","id":"building-228989567","properties":{"kind":"building","name":"Alpine building","height":7.2},"geometry":{"type":"Polygon","coordinates":[[[-106.8121627,39.1899748],[-106.8121881,39.1899257],[-106.8122155,39.1899342],[-106.8122409,39.1898852],[-106.8123086,39.1899063],[-106.8122577,39.1900044],[-106.8121627,39.1899748]]]}},{"type":"Feature","id":"building-228881768","properties":{"kind":"building","name":"Alpine building","height":7.2},"geometry":{"type":"Polygon","coordinates":[[[-106.8180802,39.1891346],[-106.817917,39.1891012],[-106.8179228,39.1890842],[-106.8178859,39.1890766],[-106.8179531,39.1888797],[-106.8181532,39.1889206],[-106.8180802,39.1891346]]]}},{"type":"Feature","id":"building-229234285","properties":{"kind":"building","name":"Alpine building","height":7.2},"geometry":{"type":"Polygon","coordinates":[[[-106.8107037,39.1899877],[-106.8105986,39.189946],[-106.8106519,39.1898654],[-106.8107569,39.1899071],[-106.8107037,39.1899877]]]}},{"type":"Feature","id":"building-228881770","properties":{"kind":"building","name":"Alpine building","height":7.2},"geometry":{"type":"Polygon","coordinates":[[[-106.8164735,39.1896473],[-106.8162327,39.1895971],[-106.8162732,39.1894804],[-106.8162045,39.189466],[-106.8162336,39.1893822],[-106.8165431,39.1894467],[-106.8164735,39.1896473]]]}},{"type":"Feature","id":"building-228760013","properties":{"kind":"building","name":"Alpine building","height":7.2},"geometry":{"type":"Polygon","coordinates":[[[-106.8196034,39.1885974],[-106.8196904,39.1883339],[-106.8195644,39.1883086],[-106.8194764,39.1885721],[-106.8196034,39.1885974]]]}},{"type":"Feature","id":"building-228726002","properties":{"kind":"building","name":"Alpine building","height":7.2},"geometry":{"type":"Polygon","coordinates":[[[-106.8219936,39.1873276],[-106.82175,39.1872793],[-106.8217952,39.1871424],[-106.8220388,39.1871908],[-106.8219936,39.1873276]]]}},{"type":"Feature","id":"building-228881782","properties":{"kind":"building","name":"Alpine building","height":7.2},"geometry":{"type":"Polygon","coordinates":[[[-106.8156422,39.1897139],[-106.8156172,39.1897881],[-106.8155362,39.1897715],[-106.8155612,39.1897009],[-106.8155522,39.1896992],[-106.8156072,39.1895406],[-106.8156782,39.1895553],[-106.8156252,39.1897102],[-106.8156422,39.1897139]]]}},{"type":"Feature","id":"building-228989565","properties":{"kind":"building","name":"Alpine building","height":7.2},"geometry":{"type":"Polygon","coordinates":[[[-106.8123034,39.1900731],[-106.8123347,39.1900128],[-106.8123235,39.1900093],[-106.8123473,39.1899633],[-106.8124242,39.1899872],[-106.812369,39.1900936],[-106.8123034,39.1900731]]]}},{"type":"Feature","id":"building-228989548","properties":{"kind":"building","name":"Alpine building","height":7.2},"geometry":{"type":"Polygon","coordinates":[[[-106.8111959,39.1900273],[-106.8111611,39.190016],[-106.8111731,39.1899939],[-106.8112078,39.1900052],[-106.8111959,39.1900273]]]}},{"type":"Feature","id":"building-228989556","properties":{"kind":"building","name":"Alpine building","height":7.2},"geometry":{"type":"Polygon","coordinates":[[[-106.8113508,39.1899925],[-106.8113112,39.1900658],[-106.8112364,39.1900416],[-106.8112761,39.1899682],[-106.8113508,39.1899925]]]}},{"type":"Feature","id":"building-228760030","properties":{"kind":"building","name":"Bosq","height":7.2},"geometry":{"type":"Polygon","coordinates":[[[-106.8197924,39.1886349],[-106.8196034,39.1885974],[-106.8196904,39.1883339],[-106.8197734,39.1883504],[-106.8197774,39.1883388],[-106.8198424,39.1883517],[-106.8198384,39.1883632],[-106.8198684,39.1884044],[-106.8197924,39.1886349]]]}},{"type":"Feature","id":"building-228760014","properties":{"kind":"building","name":"Alpine building","height":7.2},"geometry":{"type":"Polygon","coordinates":[[[-106.8191599,39.188855],[-106.8189939,39.1888218],[-106.8190829,39.1885525],[-106.8192489,39.1885856],[-106.8191599,39.188855]]]}},{"type":"Feature","id":"building-228881657","properties":{"kind":"building","name":"Elks Building","height":7.2},"geometry":{"type":"Polygon","coordinates":[[[-106.8183993,39.1891975],[-106.8182154,39.1891598],[-106.8182583,39.1890339],[-106.8181761,39.1890171],[-106.8181965,39.1889574],[-106.8182569,39.1889698],[-106.8182856,39.1888858],[-106.818474,39.1889244],[-106.8184843,39.1889313],[-106.8184861,39.1889431],[-106.8183993,39.1891975]]]}},{"type":"Feature","id":"building-228881737","properties":{"kind":"building","name":"Alpine building","height":7.2},"geometry":{"type":"Polygon","coordinates":[[[-106.8174519,39.1892905],[-106.8174382,39.1893306],[-106.817362,39.189315],[-106.8173849,39.1892479],[-106.8174433,39.1892599],[-106.8174613,39.1892072],[-106.8174518,39.1892052],[-106.8174837,39.1891117],[-106.817514,39.1891179],[-106.8175179,39.1891067],[-106.8177464,39.1891535],[-106.8177106,39.1892583],[-106.8176381,39.1892434],[-106.8176201,39.1892961],[-106.8176653,39.1893054],[-106.8176424,39.1893725],[-106.8175756,39.1893588],[-106.8175893,39.1893186],[-106.8175542,39.1893114],[-106.8175438,39.1893418],[-106.8174762,39.189328],[-106.8174866,39.1892976],[-106.8174519,39.1892905]]]}},{"type":"Feature","id":"building-228989574","properties":{"kind":"building","name":"Alpine building","height":7.2},"geometry":{"type":"Polygon","coordinates":[[[-106.8115304,39.1901393],[-106.8113297,39.190074],[-106.8113664,39.1900062],[-106.8114696,39.1900397],[-106.8114884,39.1900049],[-106.8115742,39.1900328],[-106.8115671,39.1900461],[-106.8115788,39.1900499],[-106.8115304,39.1901393]]]}},{"type":"Feature","id":"building-229234393","properties":{"kind":"building","name":"Alpine building","height":7.2},"geometry":{"type":"Polygon","coordinates":[[[-106.8099363,39.1899146],[-106.8099504,39.1899007],[-106.810196,39.1900503],[-106.8101819,39.1900643],[-106.8102008,39.1900758],[-106.8101393,39.1901365],[-106.8098574,39.1899648],[-106.8099189,39.189904],[-106.8099363,39.1899146]]]}},{"type":"Feature","id":"building-228443920","properties":{"kind":"building","name":"Alpine building","height":7.2},"geometry":{"type":"Polygon","coordinates":[[[-106.8239676,39.1861147],[-106.8239537,39.1861554],[-106.8239597,39.1861567],[-106.8239368,39.1862239],[-106.8237926,39.1861945],[-106.8237897,39.1861572],[-106.8238154,39.1861272],[-106.823851,39.1861345],[-106.823859,39.1861108],[-106.8238546,39.1860887],[-106.8238199,39.1860684],[-106.8238147,39.1860429],[-106.8237228,39.1860836],[-106.8236881,39.1860633],[-106.8236806,39.1860263],[-106.8236459,39.186006],[-106.8236384,39.185969],[-106.8236036,39.1859487],[-106.8235962,39.1859117],[-106.823688,39.185871],[-106.8236857,39.1858595],[-106.823651,39.1858392],[-106.8236435,39.1858022],[-106.8237321,39.185763],[-106.8237267,39.185736],[-106.8236919,39.1857157],[-106.8236845,39.1856787],[-106.8237661,39.1856426],[-106.8237892,39.185674],[-106.8238852,39.1856315],[-106.8239493,39.1857184],[-106.8240491,39.1856742],[-106.8240618,39.1856915],[-106.8240684,39.1856886],[-106.8240888,39.1857163],[-106.8240822,39.1857192],[-106.8240952,39.1857368],[-106.8239954,39.185781],[-106.8240614,39.1858705],[-106.8239654,39.185913],[-106.8240194,39.1859863],[-106.8239199,39.1860304],[-106.8239784,39.1861099],[-106.8239676,39.1861147]]]}},{"type":"Feature","id":"building-228989494","properties":{"kind":"building","name":"Alpine building","height":7.2},"geometry":{"type":"Polygon","coordinates":[[[-106.8132615,39.1901438],[-106.8132269,39.1901215],[-106.8131756,39.1901692],[-106.8131243,39.1901361],[-106.8131757,39.1900884],[-106.8131708,39.1900852],[-106.8132818,39.189982],[-106.8133446,39.1900226],[-106.8132942,39.1900695],[-106.813322,39.1900875],[-106.8132615,39.1901438]]]}},{"type":"Feature","id":"building-228989552","properties":{"kind":"building","name":"Alpine building","height":7.2},"geometry":{"type":"Polygon","coordinates":[[[-106.8111756,39.1901336],[-106.8112075,39.1900745],[-106.811266,39.1900935],[-106.811234,39.1901526],[-106.8111756,39.1901336]]]}},{"type":"Feature","id":"building-228760017","properties":{"kind":"building","name":"7908 Aspen","height":7.2},"geometry":{"type":"Polygon","coordinates":[[[-106.8193799,39.1886683],[-106.8193109,39.1888775],[-106.8192199,39.1888594],[-106.8193049,39.1886023],[-106.8193959,39.1886204],[-106.8193799,39.1886683]]]}},{"type":"Feature","id":"building-228881638","properties":{"kind":"building","name":"Alpine Bank","height":7.2},"geometry":{"type":"Polygon","coordinates":[[[-106.816634,39.1896187],[-106.8166181,39.1896154],[-106.8166549,39.1895089],[-106.8166709,39.1895123],[-106.8166796,39.1894869],[-106.8166637,39.1894836],[-106.816683,39.1894278],[-106.8166989,39.1894311],[-106.8167049,39.1894138],[-106.8168337,39.1894406],[-106.8168287,39.1894553],[-106.8168465,39.189459],[-106.8168263,39.1895172],[-106.8168426,39.1895206],[-106.8168584,39.1895394],[-106.8168541,39.1895519],[-106.8169341,39.1895685],[-106.81693,39.1895803],[-106.8169544,39.1895854],[-106.8169194,39.1896864],[-106.8168963,39.1896816],[-106.8168918,39.1896947],[-106.8168244,39.1896807],[-106.816829,39.1896676],[-106.8167474,39.1896506],[-106.8167429,39.1896638],[-106.8167126,39.1896575],[-106.8167171,39.1896443],[-106.8166798,39.1896365],[-106.8166753,39.1896497],[-106.8166438,39.1896432],[-106.8166483,39.18963],[-106.8166313,39.1896265],[-106.816634,39.1896187]]]}},{"type":"Feature","id":"building-228726025","properties":{"kind":"building","name":"Alpine building","height":7.2},"geometry":{"type":"Polygon","coordinates":[[[-106.8229485,39.1868251],[-106.8228297,39.1868015],[-106.8228309,39.1867528],[-106.8228621,39.1866584],[-106.8229948,39.1866847],[-106.8229485,39.1868251]]]}},{"type":"Feature","id":"building-228881678","properties":{"kind":"building","name":"Alpine building","height":7.2},"geometry":{"type":"Polygon","coordinates":[[[-106.8161092,39.1899018],[-106.8161936,39.1896584],[-106.8161353,39.1896463],[-106.8161291,39.1896642],[-106.8161012,39.1896584],[-106.8161074,39.1896405],[-106.8160193,39.1896222],[-106.815935,39.1898656],[-106.8159894,39.1898769],[-106.8159929,39.1898669],[-106.8160718,39.1898833],[-106.8160683,39.1898933],[-106.8161092,39.1899018]]]}},{"type":"Feature","id":"building-229234251","properties":{"kind":"building","name":"Alpine building","height":7.2},"geometry":{"type":"Polygon","coordinates":[[[-106.8107086,39.1901617],[-106.8106175,39.1901905],[-106.8105813,39.190122],[-106.8106724,39.1900931],[-106.8107086,39.1901617]]]}},{"type":"Feature","id":"building-228989505","properties":{"kind":"building","name":"Alpine building","height":7.2},"geometry":{"type":"Polygon","coordinates":[[[-106.8126975,39.1901391],[-106.8126994,39.1901368],[-106.8127435,39.1901589],[-106.8127278,39.1901778],[-106.8127409,39.1901844],[-106.8127184,39.1902113],[-106.8127053,39.1902047],[-106.8126858,39.1902281],[-106.8126417,39.190206],[-106.8126539,39.1901914],[-106.8126014,39.1901651],[-106.812645,39.1901128],[-106.8126975,39.1901391]]]}},{"type":"Feature","id":"building-228725981","properties":{"kind":"building","name":"Alpine building","height":7.2},"geometry":{"type":"Polygon","coordinates":[[[-106.8201266,39.1885498],[-106.8200143,39.1885248],[-106.8200769,39.188356],[-106.8201892,39.1883811],[-106.8201266,39.1885498]]]}},{"type":"Feature","id":"building-228760020","properties":{"kind":"building","name":"Alpine building","height":7.2},"geometry":{"type":"Polygon","coordinates":[[[-106.8193819,39.1888917],[-106.8194249,39.1887619],[-106.8194019,39.1887573],[-106.8194279,39.1886779],[-106.8193799,39.1886683],[-106.8193109,39.1888775],[-106.8193819,39.1888917]]]}},{"type":"Feature","id":"building-229234370","properties":{"kind":"building","name":"Alpine building","height":7.2},"geometry":{"type":"Polygon","coordinates":[[[-106.8093122,39.1901203],[-106.8092984,39.1901215],[-106.8092995,39.1901293],[-106.8091623,39.1901409],[-106.8091173,39.1898208],[-106.8092683,39.189808],[-106.8093122,39.1901203]]]}},{"type":"Feature","id":"building-228881773","properties":{"kind":"building","name":"Alpine building","height":7.2},"geometry":{"type":"Polygon","coordinates":[[[-106.8179784,39.1894313],[-106.8179046,39.1894162],[-106.817894,39.1894472],[-106.8178363,39.1894354],[-106.81774,39.189308],[-106.8177925,39.1891543],[-106.8180546,39.189208],[-106.8179784,39.1894313]]]}},{"type":"Feature","id":"building-228760019","properties":{"kind":"building","name":"Alpine building","height":7.2},"geometry":{"type":"Polygon","coordinates":[[[-106.8194799,39.1889138],[-106.8195365,39.1887333],[-106.8195719,39.1886471],[-106.8195209,39.1886369],[-106.8194849,39.1887446],[-106.8194329,39.188902],[-106.8194799,39.1889138]]]}},{"type":"Feature","id":"building-228760016","properties":{"kind":"building","name":"KASHEW Athleisure Aspen Wear LLC","height":7.2},"geometry":{"type":"Polygon","coordinates":[[[-106.8194849,39.1887446],[-106.8194329,39.188902],[-106.8193819,39.1888917],[-106.8194249,39.1887619],[-106.8194339,39.1887344],[-106.8194849,39.1887446]]]}},{"type":"Feature","id":"building-228989522","properties":{"kind":"building","name":"Alpine building","height":7.2},"geometry":{"type":"Polygon","coordinates":[[[-106.8119233,39.1903153],[-106.8118951,39.1903674],[-106.8117859,39.1903319],[-106.811814,39.1902799],[-106.8117383,39.1902552],[-106.8117693,39.1901979],[-106.8118044,39.1902094],[-106.8118152,39.1901894],[-106.8118587,39.1902035],[-106.8118812,39.190162],[-106.8119693,39.1901906],[-106.8119622,39.1902037],[-106.8120077,39.1902185],[-106.8119875,39.1902558],[-106.8119792,39.1902531],[-106.8119702,39.1902698],[-106.8120246,39.1902875],[-106.8119966,39.1903392],[-106.8119233,39.1903153]]]}},{"type":"Feature","id":"building-228760012","properties":{"kind":"building","name":"Aviator Nation","height":7.2},"geometry":{"type":"Polygon","coordinates":[[[-106.81957,39.1887415],[-106.8197434,39.1887765],[-106.8197765,39.1886866],[-106.8196021,39.1886513],[-106.81957,39.1887415]]]}},{"type":"Feature","id":"building-229234362","properties":{"kind":"building","name":"Alpine building","height":7.2},"geometry":{"type":"Polygon","coordinates":[[[-106.8100961,39.1901867],[-106.81001,39.1902716],[-106.809872,39.1901875],[-106.8098781,39.1901814],[-106.8097095,39.1900787],[-106.8097894,39.1899998],[-106.8100961,39.1901867]]]}},{"type":"Feature","id":"building-228760027","properties":{"kind":"building","name":"Alpine building","height":7.2},"geometry":{"type":"Polygon","coordinates":[[[-106.8188965,39.1890044],[-106.8188065,39.1892773],[-106.8186075,39.1892377],[-106.8186885,39.1889924],[-106.8187585,39.1890063],[-106.8187325,39.1890852],[-106.8187885,39.1890963],[-106.8188235,39.1889898],[-106.8188965,39.1890044]]]}},{"type":"Feature","id":"building-229234226","properties":{"kind":"building","name":"Alpine building","height":7.2},"geometry":{"type":"Polygon","coordinates":[[[-106.8109307,39.190229],[-106.8109339,39.1902279],[-106.8110118,39.1903758],[-106.8109434,39.1903974],[-106.8109066,39.1903276],[-106.8108991,39.19033],[-106.8108815,39.1902967],[-106.8108682,39.1903009],[-106.8108446,39.1902562],[-106.8108512,39.1902541],[-106.8108324,39.1902184],[-106.8107348,39.1902493],[-106.8107238,39.1902285],[-106.8107136,39.1902317],[-106.8107084,39.1902219],[-106.8106993,39.1902248],[-106.8106804,39.1901889],[-106.8107244,39.1901749],[-106.8107167,39.1901604],[-106.8108305,39.1901243],[-106.810846,39.1901537],[-106.8108846,39.1901415],[-106.8109307,39.190229]]]}},{"type":"Feature","id":"building-228881752","properties":{"kind":"building","name":"Alpine building","height":7.2},"geometry":{"type":"Polygon","coordinates":[[[-106.8164475,39.1899722],[-106.8161092,39.1899018],[-106.8161936,39.1896584],[-106.8165318,39.1897288],[-106.8164475,39.1899722]]]}},{"type":"Feature","id":"building-228726008","properties":{"kind":"building","name":"Alpine building","height":7.2},"geometry":{"type":"Polygon","coordinates":[[[-106.8221206,39.1875292],[-106.8220485,39.1877473],[-106.8216621,39.1876706],[-106.8217342,39.1874525],[-106.8221206,39.1875292]]]}},{"type":"Feature","id":"building-228881749","properties":{"kind":"building","name":"Alpine building","height":7.2},"geometry":{"type":"Polygon","coordinates":[[[-106.8173687,39.1895578],[-106.8173355,39.189655],[-106.8172457,39.1896366],[-106.8172789,39.1895393],[-106.8173687,39.1895578]]]}},{"type":"Feature","id":"building-228989570","properties":{"kind":"building","name":"Alpine building","height":7.2},"geometry":{"type":"Polygon","coordinates":[[[-106.8131952,39.1902808],[-106.813226,39.1902481],[-106.8132604,39.1902676],[-106.8132938,39.1902322],[-106.8133121,39.1902425],[-106.8133279,39.1902258],[-106.8134365,39.1902872],[-106.8133566,39.1903721],[-106.8131952,39.1902808]]]}},{"type":"Feature","id":"building-229360966","properties":{"kind":"building","name":"Alpine building","height":7.2},"geometry":{"type":"Polygon","coordinates":[[[-106.798296,39.1842767],[-106.7982732,39.1842716],[-106.7982617,39.1842556],[-106.7982683,39.1842379],[-106.798289,39.1842291],[-106.7983117,39.1842341],[-106.7983232,39.1842502],[-106.7983167,39.1842678],[-106.798296,39.1842767]]]}},{"type":"Feature","id":"building-228989572","properties":{"kind":"building","name":"Alpine building","height":7.2},"geometry":{"type":"Polygon","coordinates":[[[-106.812263,39.1903405],[-106.8122037,39.1904433],[-106.8121301,39.1904178],[-106.8121907,39.1903127],[-106.8121958,39.1903144],[-106.8122332,39.1902495],[-106.8123164,39.1902783],[-106.8122776,39.1903456],[-106.812263,39.1903405]]]}},{"type":"Feature","id":"building-228760023","properties":{"kind":"building","name":"Alpine building","height":7.2},"geometry":{"type":"Polygon","coordinates":[[[-106.8196629,39.1889471],[-106.8194799,39.1889138],[-106.8195365,39.1887333],[-106.81957,39.1887415],[-106.8197434,39.1887765],[-106.8197129,39.1888915],[-106.8196819,39.1888858],[-106.8196629,39.1889471]]]}},{"type":"Feature","id":"building-228881757","properties":{"kind":"building","name":"Alpine building","height":7.2},"geometry":{"type":"Polygon","coordinates":[[[-106.8174694,39.1895784],[-106.8174362,39.1896756],[-106.817348,39.1896576],[-106.8173812,39.1895603],[-106.8174694,39.1895784]]]}},{"type":"Feature","id":"building-228881707","properties":{"kind":"building","name":"Alpine building","height":7.2},"geometry":{"type":"Polygon","coordinates":[[[-106.8149178,39.1902305],[-106.8147389,39.1901933],[-106.8147655,39.1901163],[-106.8147914,39.1901217],[-106.8148155,39.1900521],[-106.8149908,39.1900886],[-106.814988,39.1900967],[-106.8150036,39.1901],[-106.8149896,39.1901404],[-106.814974,39.1901371],[-106.8149628,39.1901694],[-106.8149526,39.1901673],[-106.8149409,39.1902013],[-106.8149288,39.1901987],[-106.8149178,39.1902305]]]}},{"type":"Feature","id":"building-228989508","properties":{"kind":"building","name":"Alpine building","height":7.2},"geometry":{"type":"Polygon","coordinates":[[[-106.8130723,39.1904433],[-106.8129038,39.190443],[-106.812904,39.1903435],[-106.8129545,39.1903435],[-106.8129545,39.190333],[-106.8129801,39.190333],[-106.8129802,39.1902996],[-106.8130166,39.1902997],[-106.8130167,39.1902818],[-106.8130727,39.1902819],[-106.8130727,39.1903024],[-106.8130788,39.1903024],[-106.8130787,39.1903315],[-106.8130726,39.1903315],[-106.8130723,39.1904433]]]}},{"type":"Feature","id":"building-229234205","properties":{"kind":"building","name":"Alpine building","height":7.2},"geometry":{"type":"Polygon","coordinates":[[[-106.8088217,39.1901301],[-106.8087607,39.1901537],[-106.8087867,39.1901829],[-106.8087367,39.1902094],[-106.8087297,39.1902019],[-106.8086977,39.1902259],[-106.8085547,39.1901114],[-106.8085057,39.190137],[-106.8084507,39.1900744],[-106.8085377,39.1900283],[-106.8085297,39.1900187],[-106.8086067,39.1899777],[-106.8086677,39.1900466],[-106.8086557,39.1900531],[-106.8086897,39.1900924],[-106.8087307,39.1900767],[-106.8087227,39.1900646],[-106.8087677,39.190047],[-106.8088217,39.1901301]]]}},{"type":"Feature","id":"building-228881764","properties":{"kind":"building","name":"Alpine building","height":7.2},"geometry":{"type":"Polygon","coordinates":[[[-106.8180682,39.1894808],[-106.8181581,39.1892173],[-106.8183637,39.1892594],[-106.8182788,39.1895083],[-106.8182553,39.1895191],[-106.8180682,39.1894808]]]}},{"type":"Feature","id":"building-228989517","properties":{"kind":"building","name":"Alpine building","height":7.2},"geometry":{"type":"Polygon","coordinates":[[[-106.8115697,39.1904088],[-106.8115857,39.1904154],[-106.8115536,39.1904625],[-106.8115376,39.1904559],[-106.8115298,39.1904672],[-106.8114518,39.1904352],[-106.8114591,39.1904245],[-106.8114276,39.1903985],[-106.8114004,39.1904183],[-106.811365,39.1903891],[-106.8113923,39.1903692],[-106.8113615,39.1903438],[-106.8113195,39.1903743],[-106.8112572,39.1903229],[-106.8113563,39.1902509],[-106.81145,39.1902893],[-106.8114555,39.1902812],[-106.8116128,39.1903458],[-106.8115697,39.1904088]]]}},{"type":"Feature","id":"building-228881743","properties":{"kind":"building","name":"Alpine building","height":7.2},"geometry":{"type":"Polygon","coordinates":[[[-106.8153151,39.1900873],[-106.8153191,39.1900758],[-106.8153775,39.190088],[-106.8153735,39.1900995],[-106.815384,39.1901017],[-106.8153771,39.1901215],[-106.815402,39.1901267],[-106.8154063,39.1901141],[-106.815482,39.1901298],[-106.8154335,39.1902699],[-106.815423,39.1902677],[-106.8154154,39.1902897],[-106.8153675,39.1902797],[-106.8153751,39.1902577],[-106.8151446,39.1902098],[-106.8151415,39.1902186],[-106.8150954,39.190209],[-106.8150921,39.1902187],[-106.8150329,39.1902064],[-106.8150834,39.1900604],[-106.8150913,39.190062],[-106.8150949,39.1900517],[-106.8151548,39.1900642],[-106.8151512,39.1900745],[-106.8151774,39.1900799],[-106.8151843,39.1900601],[-106.8151931,39.190062],[-106.8151971,39.1900504],[-106.8152594,39.1900634],[-106.8152554,39.1900749],[-106.8153151,39.1900873]]]}},{"type":"Feature","id":"building-228881767","properties":{"kind":"building","name":"Alpine building","height":7.2},"geometry":{"type":"Polygon","coordinates":[[[-106.8175696,39.189703],[-106.8174751,39.1896836],[-106.8175083,39.1895864],[-106.8175837,39.1896018],[-106.8175732,39.1896327],[-106.8175923,39.1896366],[-106.8175696,39.189703]]]}},{"type":"Feature","id":"building-228760024","properties":{"kind":"building","name":"Escobar Aspen","height":7.2},"geometry":{"type":"Polygon","coordinates":[[[-106.8190405,39.1892427],[-106.8191055,39.189046],[-106.8188965,39.1890044],[-106.8188065,39.1892773],[-106.8189385,39.1893036],[-106.8189535,39.1892586],[-106.8190305,39.1892739],[-106.8190405,39.1892427]]]}},{"type":"Feature","id":"building-228760009","properties":{"kind":"building","name":"Alpine building","height":7.2},"geometry":{"type":"Polygon","coordinates":[[[-106.8191485,39.1892642],[-106.8190405,39.1892427],[-106.8191055,39.189046],[-106.8192135,39.1890675],[-106.8191485,39.1892642]]]}},{"type":"Feature","id":"building-228881741","properties":{"kind":"building","name":"Alpine building","height":7.2},"geometry":{"type":"Polygon","coordinates":[[[-106.8167856,39.1899775],[-106.816774,39.1899751],[-106.8167594,39.1900171],[-106.8167283,39.1900106],[-106.8167246,39.1900213],[-106.8166274,39.1900011],[-106.8166201,39.1900221],[-106.8165348,39.1900044],[-106.816542,39.1899833],[-106.8165309,39.189981],[-106.8165603,39.1898963],[-106.8165411,39.1898923],[-106.8165512,39.1898632],[-106.8165401,39.1898609],[-106.816556,39.1898151],[-106.8166364,39.1898318],[-106.8166404,39.1898201],[-106.8167105,39.1898347],[-106.8167149,39.189822],[-106.8168012,39.1898399],[-106.8167905,39.1898709],[-106.8168088,39.1898747],[-106.8167845,39.1899447],[-106.8167961,39.1899471],[-106.8167856,39.1899775]]]}},{"type":"Feature","id":"building-228989558","properties":{"kind":"building","name":"Alpine building","height":7.2},"geometry":{"type":"Polygon","coordinates":[[[-106.812176,39.1904981],[-106.8121489,39.1904887],[-106.8121625,39.1904652],[-106.8121896,39.1904746],[-106.812176,39.1904981]]]}},{"type":"Feature","id":"building-228989498","properties":{"kind":"building","name":"Alpine building","height":7.2},"geometry":{"type":"Polygon","coordinates":[[[-106.8125146,39.1904645],[-106.8124946,39.1904698],[-106.8124764,39.1905013],[-106.812496,39.1905081],[-106.8124805,39.1905351],[-106.8123869,39.1905027],[-106.8123724,39.1905279],[-106.8123161,39.1905084],[-106.8123794,39.1903988],[-106.8124802,39.1904338],[-106.812499,39.1904288],[-106.8125146,39.1904645]]]}},{"type":"Feature","id":"building-228881735","properties":{"kind":"building","name":"Alpine building","height":7.2},"geometry":{"type":"Polygon","coordinates":[[[-106.817486,39.1898552],[-106.8173922,39.189836],[-106.8174035,39.1898031],[-106.8173854,39.1897994],[-106.8173814,39.1898111],[-106.8173024,39.1897949],[-106.817309,39.1897757],[-106.8172975,39.1897733],[-106.8172842,39.189812],[-106.8172213,39.1897991],[-106.8172314,39.1897694],[-106.8172136,39.1897657],[-106.8172401,39.189688],[-106.8173324,39.1897069],[-106.817336,39.1896966],[-106.817433,39.1897165],[-106.8174297,39.1897262],[-106.8175295,39.1897467],[-106.8175084,39.1898086],[-106.8175023,39.1898073],[-106.817486,39.1898552]]]}},{"type":"Feature","id":"building-229234223","properties":{"kind":"building","name":"Alpine building","height":7.2},"geometry":{"type":"Polygon","coordinates":[[[-106.8100549,39.1903852],[-106.8100167,39.1903588],[-106.8100911,39.1902941],[-106.8101506,39.1903352],[-106.8101445,39.1903405],[-106.8101756,39.1903621],[-106.8101526,39.190382],[-106.8101823,39.1904025],[-106.8101873,39.1903982],[-106.810251,39.1904423],[-106.8101775,39.1905062],[-106.8101559,39.1904912],[-106.8101818,39.1904687],[-106.8101644,39.1904567],[-106.8101385,39.1904792],[-106.8100832,39.1904409],[-106.8101064,39.1904208],[-106.8100809,39.1904032],[-106.8100675,39.1904148],[-106.8100415,39.1903968],[-106.8100549,39.1903852]]]}},{"type":"Feature","id":"building-229234221","properties":{"kind":"building","name":"Alpine building","height":7.2},"geometry":{"type":"Polygon","coordinates":[[[-106.8097228,39.1903125],[-106.8097064,39.1903089],[-106.809714,39.1902881],[-106.8097304,39.1902916],[-106.8097485,39.1902419],[-106.8098388,39.1902617],[-106.8098059,39.1903522],[-106.809824,39.1903561],[-106.8098135,39.190385],[-106.8098477,39.1903925],[-106.8098357,39.1904255],[-106.8098181,39.1904217],[-106.8097882,39.1905041],[-106.8096943,39.1904836],[-106.809712,39.1904348],[-106.8096973,39.1904316],[-106.8097059,39.1904081],[-106.8097205,39.1904113],[-106.8097364,39.1903677],[-106.8097052,39.1903609],[-106.8097228,39.1903125]]]}},{"type":"Feature","id":"building-229234442","properties":{"kind":"building","name":"Alpine building","height":7.2},"geometry":{"type":"Polygon","coordinates":[[[-106.8090886,39.1903413],[-106.8090816,39.1903502],[-106.8090134,39.1903498],[-106.8089488,39.1903193],[-106.8090702,39.1901651],[-106.8091847,39.1902193],[-106.8091426,39.1902727],[-106.8091667,39.1902841],[-106.8091127,39.1903527],[-106.8090886,39.1903413]]]}},{"type":"Feature","id":"building-228989559","properties":{"kind":"building","name":"Alpine building","height":7.2},"geometry":{"type":"Polygon","coordinates":[[[-106.8118937,39.1904857],[-106.8118213,39.1905917],[-106.8116711,39.19053],[-106.8117435,39.190424],[-106.8118937,39.1904857]]]}},{"type":"Feature","id":"building-228989493","properties":{"kind":"building","name":"Alpine building","height":7.2},"geometry":{"type":"Polygon","coordinates":[[[-106.8128364,39.1905484],[-106.8127825,39.190533],[-106.8127911,39.1905149],[-106.8127557,39.1905048],[-106.8127852,39.1904427],[-106.8128642,39.1904652],[-106.812861,39.1904719],[-106.8128811,39.1904777],[-106.8128585,39.1905253],[-106.8128487,39.1905225],[-106.8128364,39.1905484]]]}},{"type":"Feature","id":"building-228881742","properties":{"kind":"building","name":"Alpine building","height":7.2},"geometry":{"type":"Polygon","coordinates":[[[-106.8146787,39.1903295],[-106.8147114,39.1902351],[-106.8148866,39.1902715],[-106.8148752,39.1903044],[-106.8148878,39.190307],[-106.8148741,39.1903465],[-106.8148615,39.1903439],[-106.8148576,39.1903551],[-106.8148334,39.1903501],[-106.8148265,39.1903702],[-106.8148399,39.190373],[-106.8148291,39.190404],[-106.8148399,39.1904063],[-106.8148279,39.1904411],[-106.8148405,39.1904437],[-106.814827,39.1904825],[-106.8148129,39.1904796],[-106.8148106,39.1904863],[-106.8146521,39.1904534],[-106.8146545,39.1904466],[-106.8146392,39.1904435],[-106.8146608,39.1903811],[-106.8146334,39.1903754],[-106.8146405,39.190355],[-106.8146458,39.1903561],[-106.8146565,39.1903249],[-106.8146787,39.1903295]]]}},{"type":"Feature","id":"building-228989550","properties":{"kind":"building","name":"Alpine building","height":7.2},"geometry":{"type":"Polygon","coordinates":[[[-106.8121797,39.1906254],[-106.8121411,39.1906095],[-106.8121743,39.1905609],[-106.8122129,39.1905767],[-106.8121797,39.1906254]]]}},{"type":"Feature","id":"building-228760021","properties":{"kind":"building","name":"Alpine building","height":7.2},"geometry":{"type":"Polygon","coordinates":[[[-106.818869,39.1894327],[-106.8187996,39.1896419],[-106.8185031,39.1895829],[-106.8184891,39.1895645],[-106.8185745,39.1893069],[-106.8188898,39.1893697],[-106.818869,39.1894327]]]}},{"type":"Feature","id":"building-228725941","properties":{"kind":"building","name":"Alpine building","height":7.2},"geometry":{"type":"Polygon","coordinates":[[[-106.8201665,39.1890472],[-106.8202442,39.1888121],[-106.8200311,39.1887698],[-106.8199978,39.1888705],[-106.8200541,39.1888817],[-106.8200592,39.1888662],[-106.8201298,39.1888802],[-106.820115,39.1889251],[-106.8200225,39.1889067],[-106.8200074,39.1889523],[-106.8200555,39.1889619],[-106.8200477,39.1889856],[-106.8201037,39.1889967],[-106.8201006,39.189006],[-106.8201136,39.1890086],[-106.8201049,39.1890349],[-106.8201665,39.1890472]]]}},{"type":"Feature","id":"building-228726011","properties":{"kind":"building","name":"The Monarch","height":7.2},"geometry":{"type":"Polygon","coordinates":[[[-106.8218812,39.1882341],[-106.8215283,39.1881641],[-106.8215982,39.1879526],[-106.821951,39.1880226],[-106.8218812,39.1882341]]]}},{"type":"Feature","id":"building-228726006","properties":{"kind":"building","name":"Alpine building","height":7.2},"geometry":{"type":"Polygon","coordinates":[[[-106.8225593,39.1878735],[-106.8220849,39.1877794],[-106.8221556,39.1875653],[-106.82263,39.1876595],[-106.8225593,39.1878735]]]}},{"type":"Feature","id":"building-228760031","properties":{"kind":"building","name":"Alpine building","height":7.2},"geometry":{"type":"Polygon","coordinates":[[[-106.8192985,39.1893629],[-106.8192575,39.1893548],[-106.8192675,39.1893244],[-106.8191695,39.1893049],[-106.8192455,39.1890769],[-106.8194115,39.18911],[-106.8193355,39.189338],[-106.8193085,39.1893324],[-106.8192985,39.1893629]]]}},{"type":"Feature","id":"building-228881665","properties":{"kind":"building","name":"Alpine building","height":7.2},"geometry":{"type":"Polygon","coordinates":[[[-106.8144429,39.1904526],[-106.8144893,39.190498],[-106.8144522,39.1905207],[-106.8144289,39.1904978],[-106.814404,39.1905131],[-106.8143946,39.1905038],[-106.8143635,39.1905229],[-106.8143155,39.1904758],[-106.8143534,39.1904525],[-106.8143614,39.1904076],[-106.8144492,39.190417],[-106.8144429,39.1904526]]]}},{"type":"Feature","id":"building-228989543","properties":{"kind":"building","name":"Alpine building","height":7.2},"geometry":{"type":"Polygon","coordinates":[[[-106.8120118,39.1906716],[-106.8119796,39.1906584],[-106.8120149,39.1906068],[-106.8120471,39.19062],[-106.8120118,39.1906716]]]}},{"type":"Feature","id":"building-229234186","properties":{"kind":"building","name":"Alpine building","height":7.2},"geometry":{"type":"Polygon","coordinates":[[[-106.8102907,39.19061],[-106.8102395,39.1905746],[-106.8102626,39.1905545],[-106.8102249,39.1905285],[-106.8102769,39.1904834],[-106.8103345,39.1905232],[-106.8103299,39.1905272],[-106.8103617,39.1905492],[-106.8103417,39.1905665],[-106.8104277,39.190626],[-106.8103542,39.1906898],[-106.8103359,39.1906771],[-106.8103617,39.1906547],[-106.8103484,39.1906455],[-106.8103226,39.1906679],[-106.8102677,39.19063],[-106.8102907,39.19061]]]}},{"type":"Feature","id":"building-228759992","properties":{"kind":"building","name":"Alpine building","height":7.2},"geometry":{"type":"Polygon","coordinates":[[[-106.8195295,39.189419],[-106.8193225,39.1893779],[-106.8193355,39.189338],[-106.8194115,39.18911],[-106.8195295,39.1891336],[-106.8195015,39.1892189],[-106.8194635,39.1892113],[-106.8194365,39.1892931],[-106.8194645,39.1893333],[-106.8195525,39.1893507],[-106.8195295,39.189419]]]}},{"type":"Feature","id":"building-228881704","properties":{"kind":"building","name":"Alpine building","height":7.2},"geometry":{"type":"Polygon","coordinates":[[[-106.8140682,39.1905636],[-106.8140795,39.1905001],[-106.814129,39.1905053],[-106.8141327,39.1904844],[-106.8142243,39.1904941],[-106.8142185,39.1905266],[-106.8142547,39.1905621],[-106.814229,39.1905779],[-106.8142606,39.1906088],[-106.8142251,39.1906306],[-106.814203,39.190609],[-106.8141792,39.1906236],[-106.8141687,39.1906133],[-106.8141381,39.190632],[-106.8140682,39.1905636]]]}},{"type":"Feature","id":"building-228989553","properties":{"kind":"building","name":"Alpine building","height":7.2},"geometry":{"type":"Polygon","coordinates":[[[-106.8122775,39.1905925],[-106.8124061,39.1906849],[-106.8123107,39.1907646],[-106.8121822,39.1906721],[-106.8122775,39.1905925]]]}},{"type":"Feature","id":"building-228760011","properties":{"kind":"building","name":"Alpine building","height":7.2},"geometry":{"type":"Polygon","coordinates":[[[-106.8195045,39.1892995],[-106.8195425,39.1891831],[-106.8196095,39.1891965],[-106.8195715,39.1893128],[-106.8195045,39.1892995]]]}},{"type":"Feature","id":"building-228881643","properties":{"kind":"building","name":"Aspen City Hall","height":7.2},"geometry":{"type":"Polygon","coordinates":[[[-106.8179292,39.1898567],[-106.8179194,39.1898855],[-106.8178813,39.1898777],[-106.8178912,39.1898488],[-106.8178364,39.1898376],[-106.8179047,39.1896373],[-106.8182134,39.1897006],[-106.818145,39.1899009],[-106.8179292,39.1898567]]]}},{"type":"Feature","id":"building-229234217","properties":{"kind":"building","name":"Alpine building","height":7.2},"geometry":{"type":"Polygon","coordinates":[[[-106.8086185,39.1904677],[-106.8085485,39.1904121],[-106.8085945,39.1903773],[-106.8085865,39.190371],[-106.8086195,39.1903463],[-106.8086265,39.1903517],[-106.8086275,39.1903201],[-106.8087035,39.1903214],[-106.8087035,39.1903405],[-106.8087885,39.1904083],[-106.8087225,39.1904587],[-106.8087285,39.1904635],[-106.8086635,39.1905121],[-106.8086555,39.1905055],[-106.8086515,39.1905183],[-106.8086635,39.1905211],[-106.8086485,39.1905619],[-106.8085405,39.1905381],[-106.8085555,39.1904973],[-106.8086035,39.1905079],[-106.8086185,39.1904677]]]}},{"type":"Feature","id":"building-228881762","properties":{"kind":"building","name":"Alpine building","height":7.2},"geometry":{"type":"Polygon","coordinates":[[[-106.8149702,39.1905368],[-106.8149662,39.1905485],[-106.8149131,39.1905375],[-106.8149171,39.1905258],[-106.8148783,39.1905177],[-106.8149127,39.1904183],[-106.8149547,39.1904271],[-106.8149621,39.1904056],[-106.8149736,39.190408],[-106.8149774,39.190397],[-106.8150393,39.1904099],[-106.8150355,39.1904209],[-106.8150521,39.1904243],[-106.8150447,39.1904458],[-106.8150675,39.1904505],[-106.8150749,39.1904291],[-106.8150915,39.1904325],[-106.8150953,39.1904215],[-106.8151574,39.1904345],[-106.8151536,39.1904455],[-106.8151704,39.190449],[-106.815163,39.1904704],[-106.8151852,39.1904751],[-106.8151927,39.1904536],[-106.8152072,39.1904566],[-106.815211,39.1904456],[-106.8152743,39.1904588],[-106.8152705,39.1904698],[-106.8152892,39.1904737],[-106.815295,39.1904569],[-106.815368,39.1904721],[-106.8153622,39.1904889],[-106.815372,39.1904909],[-106.8153364,39.1905938],[-106.8152454,39.1905748],[-106.8152392,39.1905928],[-106.8152034,39.1905854],[-106.8151994,39.1905971],[-106.8151464,39.190586],[-106.8151505,39.1905744],[-106.8150861,39.190561],[-106.8150821,39.1905726],[-106.8150294,39.1905617],[-106.8150334,39.19055],[-106.8149702,39.1905368]]]}},{"type":"Feature","id":"building-228989496","properties":{"kind":"building","name":"Alpine building","height":7.2},"geometry":{"type":"Polygon","coordinates":[[[-106.8127663,39.1907056],[-106.8127455,39.1906997],[-106.8128006,39.1905837],[-106.812903,39.1906129],[-106.812872,39.1906781],[-106.8129762,39.1907078],[-106.8129221,39.1908217],[-106.812828,39.1907949],[-106.8128498,39.1907489],[-106.8127582,39.1907227],[-106.8127663,39.1907056]]]}},{"type":"Feature","id":"building-228760028","properties":{"kind":"building","name":"Alpine building","height":7.2},"geometry":{"type":"Polygon","coordinates":[[[-106.8191064,39.189703],[-106.8191757,39.1894938],[-106.8191349,39.1894857],[-106.8191531,39.1894308],[-106.8189947,39.1893992],[-106.8189765,39.1894541],[-106.818869,39.1894327],[-106.8187996,39.1896419],[-106.8191064,39.189703]]]}},{"type":"Feature","id":"building-228881676","properties":{"kind":"building","name":"Saint Mary Catholic Church","height":7.2},"geometry":{"type":"Polygon","coordinates":[[[-106.8173683,39.1901221],[-106.8172957,39.1901072],[-106.8172837,39.1901424],[-106.8172214,39.1901296],[-106.817219,39.1901368],[-106.817143,39.1901212],[-106.8171455,39.190114],[-106.8170767,39.1900999],[-106.817171,39.1898238],[-106.8173781,39.1898664],[-106.8173106,39.1900637],[-106.8173832,39.1900786],[-106.8173683,39.1901221]]]}},{"type":"Feature","id":"building-229234402","properties":{"kind":"building","name":"Alpine building","height":7.2},"geometry":{"type":"Polygon","coordinates":[[[-106.8107223,39.1907805],[-106.8106427,39.1907194],[-106.8106829,39.1906879],[-106.8107286,39.190723],[-106.8107506,39.1907057],[-106.8107137,39.1906773],[-106.8107776,39.1906273],[-106.8108485,39.1906817],[-106.8107223,39.1907805]]]}},{"type":"Feature","id":"building-229234343","properties":{"kind":"building","name":"Alpine building","height":7.2},"geometry":{"type":"Polygon","coordinates":[[[-106.8056472,39.1898339],[-106.8056639,39.1898457],[-106.8055722,39.1899242],[-106.8054875,39.1898648],[-106.8055792,39.1897863],[-106.8056076,39.189769],[-106.8055734,39.189745],[-106.8056217,39.1897036],[-106.8056649,39.1897339],[-106.8056738,39.1897284],[-106.8056828,39.1897373],[-106.8057621,39.1896888],[-106.8057842,39.1897105],[-106.8057981,39.189702],[-106.8058179,39.1897215],[-106.8058243,39.1897177],[-106.8058412,39.189714],[-106.8058566,39.1897206],[-106.8058614,39.1897338],[-106.8058528,39.1897457],[-106.8058633,39.1897561],[-106.8058749,39.1897512],[-106.805888,39.18975],[-106.8059008,39.1897525],[-106.8059115,39.1897584],[-106.8059277,39.1897744],[-106.8059329,39.1897712],[-106.8059481,39.1897618],[-106.805985,39.1897981],[-106.8059698,39.1898074],[-106.8060137,39.1898505],[-106.806024,39.1898701],[-106.8060245,39.1898912],[-106.8060152,39.189911],[-106.8059973,39.1899269],[-106.8059732,39.1899367],[-106.8059461,39.1899391],[-106.8059198,39.1899338],[-106.8058977,39.1899215],[-106.8058172,39.1898424],[-106.8058096,39.189847],[-106.8057795,39.1898174],[-106.8057426,39.1898399],[-106.8057369,39.1898344],[-106.8057058,39.1898534],[-106.8057022,39.18985],[-106.8056903,39.1898573],[-106.8056591,39.1898266],[-106.8056472,39.1898339]]]}},{"type":"Feature","id":"building-229234250","properties":{"kind":"building","name":"Alpine building","height":7.2},"geometry":{"type":"Polygon","coordinates":[[[-106.8085646,39.1904937],[-106.8085006,39.1904795],[-106.8085166,39.1904375],[-106.8085806,39.1904517],[-106.8085646,39.1904937]]]}},{"type":"Feature","id":"building-228725926","properties":{"kind":"building","name":"Gravity Haus Aspen","height":7.2},"geometry":{"type":"Polygon","coordinates":[[[-106.8204566,39.1891414],[-106.8203112,39.1891126],[-106.8203383,39.1890305],[-106.8203786,39.1890385],[-106.8204011,39.1889704],[-106.8203608,39.1889624],[-106.8203539,39.1889833],[-106.8203218,39.1889769],[-106.8202791,39.1891062],[-106.8201551,39.1890816],[-106.8201665,39.1890472],[-106.8202442,39.1888121],[-106.8205457,39.1888719],[-106.8204566,39.1891414]]]}},{"type":"Feature","id":"building-228881766","properties":{"kind":"building","name":"Alpine building","height":7.2},"geometry":{"type":"Polygon","coordinates":[[[-106.8160933,39.1902763],[-106.8160983,39.1902617],[-106.8161518,39.1902729],[-106.8161468,39.1902875],[-106.8161813,39.1902947],[-106.8161864,39.1902801],[-106.8162373,39.1902907],[-106.8162322,39.1903052],[-106.8162634,39.1903117],[-106.8162684,39.1902973],[-106.8163206,39.1903081],[-106.8163156,39.1903226],[-106.8163507,39.1903299],[-106.8163557,39.1903155],[-106.8164077,39.1903263],[-106.8164027,39.1903407],[-106.8164354,39.1903475],[-106.8164404,39.1903331],[-106.8164919,39.1903438],[-106.8164869,39.1903582],[-106.8165225,39.1903656],[-106.8165275,39.1903512],[-106.8165786,39.1903619],[-106.8165736,39.1903763],[-106.8165957,39.1903809],[-106.8165869,39.1904065],[-106.816685,39.1904269],[-106.8166641,39.1904871],[-106.8166516,39.1904845],[-106.8166255,39.1905598],[-106.816486,39.1905307],[-106.8164978,39.1904967],[-106.8161226,39.1904186],[-106.8161132,39.1904459],[-106.8160676,39.1904364],[-106.816077,39.1904092],[-106.8159085,39.1903741],[-106.8158968,39.1904081],[-106.8157656,39.1903807],[-106.8158092,39.1902547],[-106.8158611,39.1902655],[-106.8158643,39.1902561],[-106.8159025,39.190264],[-106.8159113,39.1902385],[-106.815934,39.1902432],[-106.815939,39.1902286],[-106.8159788,39.1902368],[-106.8159737,39.1902514],[-106.8160078,39.1902586],[-106.8160129,39.1902439],[-106.8160655,39.1902549],[-106.8160604,39.1902695],[-106.8160933,39.1902763]]]}},{"type":"Feature","id":"building-229234222","properties":{"kind":"building","name":"Alpine building","height":7.2},"geometry":{"type":"Polygon","coordinates":[[[-106.8093682,39.1905975],[-106.8093704,39.190592],[-106.8094042,39.1906],[-106.8094021,39.1906055],[-106.8094144,39.1906084],[-106.8094173,39.1906012],[-106.8095035,39.1906217],[-106.8094992,39.1906326],[-106.8095682,39.190649],[-106.8095512,39.1906921],[-106.8095315,39.1906875],[-106.8095126,39.1907354],[-106.8094067,39.1907103],[-106.809417,39.1906842],[-106.8093245,39.1906623],[-106.8093284,39.1906522],[-106.8093111,39.1906481],[-106.8093317,39.1905959],[-106.809349,39.1906],[-106.8093516,39.1905935],[-106.8093682,39.1905975]]]}},{"type":"Feature","id":"building-228881779","properties":{"kind":"building","name":"Alpine building","height":7.2},"geometry":{"type":"Polygon","coordinates":[[[-106.8177843,39.1900899],[-106.8176371,39.1900597],[-106.8176677,39.1899704],[-106.8177141,39.1899799],[-106.8177098,39.1899924],[-106.8177423,39.1899991],[-106.8177491,39.1899789],[-106.8178174,39.189993],[-106.8177843,39.1900899]]]}},{"type":"Feature","id":"building-229234264","properties":{"kind":"building","name":"Alpine building","height":7.2},"geometry":{"type":"Polygon","coordinates":[[[-106.8108425,39.1908611],[-106.8107729,39.1908116],[-106.8109036,39.1907014],[-106.8109732,39.1907509],[-106.8108425,39.1908611]]]}},{"type":"Feature","id":"building-228881750","properties":{"kind":"building","name":"Alpine building","height":7.2},"geometry":{"type":"Polygon","coordinates":[[[-106.8161103,39.1904795],[-106.816057,39.1904684],[-106.8160638,39.1904488],[-106.8161171,39.1904599],[-106.8161103,39.1904795]]]}},{"type":"Feature","id":"building-228760018","properties":{"kind":"building","name":"Alpine building","height":7.2},"geometry":{"type":"Polygon","coordinates":[[[-106.8194235,39.1897661],[-106.8191064,39.189703],[-106.8191757,39.1894938],[-106.8191947,39.1894364],[-106.8195118,39.1894996],[-106.8194235,39.1897661]]]}},{"type":"Feature","id":"building-229234310","properties":{"kind":"building","name":"Alpine building","height":7.2},"geometry":{"type":"Polygon","coordinates":[[[-106.8110234,39.1909263],[-106.8109531,39.1908806],[-106.8110451,39.1907957],[-106.8111153,39.1908414],[-106.8110234,39.1909263]]]}},{"type":"Feature","id":"building-228725959","properties":{"kind":"building","name":"Alpine building","height":7.2},"geometry":{"type":"Polygon","coordinates":[[[-106.8220253,39.1882064],[-106.8220177,39.1882293],[-106.821972,39.1882203],[-106.8219795,39.1881973],[-106.8219514,39.1881917],[-106.822,39.1880445],[-106.8220615,39.1880567],[-106.8220639,39.1880495],[-106.8221309,39.1880628],[-106.8221285,39.18807],[-106.8221994,39.1880841],[-106.8222018,39.1880769],[-106.8223171,39.1880998],[-106.8223147,39.188107],[-106.8223462,39.1881132],[-106.8223486,39.188106],[-106.8224107,39.1881183],[-106.8223966,39.1881612],[-106.822445,39.1881708],[-106.8224308,39.1882138],[-106.8224237,39.1882124],[-106.8224161,39.1882356],[-106.8223963,39.1882317],[-106.8223919,39.1882451],[-106.8223804,39.1882429],[-106.8223699,39.1882748],[-106.8220253,39.1882064]]]}},{"type":"Feature","id":"building-229234275","properties":{"kind":"building","name":"Alpine building","height":7.2},"geometry":{"type":"Polygon","coordinates":[[[-106.8106035,39.1908996],[-106.810536,39.1908515],[-106.8106107,39.1907884],[-106.8106783,39.1908365],[-106.8106035,39.1908996]]]}},{"type":"Feature","id":"building-228881653","properties":{"kind":"building","name":"Alpine building","height":7.2},"geometry":{"type":"Polygon","coordinates":[[[-106.8149716,39.1908008],[-106.8146867,39.190713],[-106.8146967,39.1906935],[-106.8147071,39.1906967],[-106.8147335,39.1906451],[-106.8147793,39.1906592],[-106.8147902,39.1906379],[-106.8150073,39.1907047],[-106.8149699,39.1907776],[-106.8149772,39.19079],[-106.8149716,39.1908008]]]}},{"type":"Feature","id":"building-221686749","properties":{"kind":"building","name":"Wheeler Opera House","height":7.2},"geometry":{"type":"Polygon","coordinates":[[[-106.8200694,39.1892326],[-106.8198739,39.1891929],[-106.8197813,39.1894666],[-106.8199768,39.1895064],[-106.8200694,39.1892326]]]}},{"type":"Feature","id":"building-229234199","properties":{"kind":"building","name":"Alpine building","height":7.2},"geometry":{"type":"Polygon","coordinates":[[[-106.808262,39.1905043],[-106.8082713,39.190477],[-106.8083293,39.1904889],[-106.8083206,39.1905146],[-106.8083625,39.1905231],[-106.8083732,39.1905388],[-106.8083317,39.1906592],[-106.8082616,39.1906447],[-106.8082556,39.1906623],[-106.808167,39.190644],[-106.8081637,39.1906538],[-106.8080683,39.1906341],[-106.808091,39.190568],[-106.8081626,39.1905827],[-106.8081809,39.1905735],[-106.8082081,39.1904933],[-106.808262,39.1905043]]]}},{"type":"Feature","id":"building-228443770","properties":{"kind":"building","name":"Alpine building","height":7.2},"geometry":{"type":"Polygon","coordinates":[[[-106.8239418,39.1870781],[-106.8238898,39.1870663],[-106.8238978,39.1870466],[-106.8238718,39.1870407],[-106.8238638,39.1870604],[-106.8238188,39.1870499],[-106.8238258,39.1870302],[-106.8238098,39.1870265],[-106.8238398,39.1869468],[-106.8239908,39.1869814],[-106.8239608,39.187061],[-106.8239488,39.1870584],[-106.8239418,39.1870781]]]}},{"type":"Feature","id":"building-228759999","properties":{"kind":"building","name":"Alpine building","height":7.2},"geometry":{"type":"Polygon","coordinates":[[[-106.8184328,39.1898723],[-106.8184409,39.1898688],[-106.8184336,39.1898585],[-106.818495,39.189832],[-106.8185023,39.1898422],[-106.81851,39.1898389],[-106.8185206,39.1898536],[-106.8185458,39.1898584],[-106.818483,39.1900567],[-106.8183805,39.1900372],[-106.8183928,39.1899985],[-106.8183868,39.1899973],[-106.8184269,39.1898712],[-106.8184328,39.1898723]]]}},{"type":"Feature","id":"building-228881759","properties":{"kind":"building","name":"Alpine building","height":7.2},"geometry":{"type":"Polygon","coordinates":[[[-106.8151355,39.1906925],[-106.815129,39.1907115],[-106.8150902,39.1907034],[-106.8150967,39.1906844],[-106.8151355,39.1906925]]]}},{"type":"Feature","id":"building-228989561","properties":{"kind":"building","name":"Alpine building","height":7.2},"geometry":{"type":"Polygon","coordinates":[[[-106.8129344,39.1909399],[-106.8129136,39.1909248],[-106.8129473,39.190897],[-106.812968,39.1909121],[-106.8129344,39.1909399]]]}},{"type":"Feature","id":"building-228725931","properties":{"kind":"building","name":"Alpine building","height":7.2},"geometry":{"type":"Polygon","coordinates":[[[-106.8217707,39.1885054],[-106.8217605,39.1885365],[-106.8214021,39.1884653],[-106.8214766,39.1882399],[-106.8218349,39.188311],[-106.8218203,39.1883554],[-106.8218821,39.1883677],[-106.8218884,39.1883487],[-106.8221603,39.1884026],[-106.8221669,39.1883827],[-106.8223576,39.1884205],[-106.8222771,39.1886642],[-106.8218145,39.1885724],[-106.8218326,39.1885176],[-106.8217707,39.1885054]]]}},{"type":"Feature","id":"building-228443766","properties":{"kind":"building","name":"Alpine building","height":7.2},"geometry":{"type":"Polygon","coordinates":[[[-106.8238948,39.1871678],[-106.8238508,39.1871578],[-106.8238448,39.187175],[-106.8238288,39.1871715],[-106.8238218,39.1871911],[-106.8237728,39.18718],[-106.8237808,39.1871603],[-106.8237618,39.1871562],[-106.8237928,39.1870754],[-106.8238758,39.1870942],[-106.8238688,39.1871101],[-106.8239128,39.1871201],[-106.8238948,39.1871678]]]}},{"type":"Feature","id":"building-228989547","properties":{"kind":"building","name":"Alpine building","height":7.2},"geometry":{"type":"Polygon","coordinates":[[[-106.8129547,39.1909461],[-106.8129829,39.1909228],[-106.8130047,39.1909386],[-106.8129764,39.1909619],[-106.8129547,39.1909461]]]}},{"type":"Feature","id":"building-229234288","properties":{"kind":"building","name":"Alpine building","height":7.2},"geometry":{"type":"Polygon","coordinates":[[[-106.8083801,39.1906667],[-106.8083737,39.1906698],[-106.8083581,39.1906669],[-106.8083544,39.1906609],[-106.8083598,39.1906485],[-106.8083673,39.1906454],[-106.8083805,39.1906476],[-106.8083849,39.1906549],[-106.8083801,39.1906667]]]}},{"type":"Feature","id":"building-229234270","properties":{"kind":"building","name":"Alpine building","height":7.2},"geometry":{"type":"Polygon","coordinates":[[[-106.8109532,39.1909441],[-106.8109195,39.1909635],[-106.8108935,39.1909363],[-106.8109272,39.1909169],[-106.8109532,39.1909441]]]}},{"type":"Feature","id":"building-228725946","properties":{"kind":"building","name":"Alpine building","height":7.2},"geometry":{"type":"Polygon","coordinates":[[[-106.8208693,39.189204],[-106.8208307,39.1891964],[-106.820823,39.1892194],[-106.8206972,39.1891945],[-106.8207001,39.1891858],[-106.8206094,39.1891678],[-106.8206065,39.1891765],[-106.8205118,39.1891577],[-106.8205194,39.1891346],[-106.8204767,39.1891261],[-106.8205429,39.1889256],[-106.8206326,39.1889434],[-106.8206277,39.1889584],[-106.8207318,39.188979],[-106.8207289,39.1889877],[-106.8208237,39.1890065],[-106.8208284,39.1889923],[-106.8209324,39.1890129],[-106.8208693,39.189204]]]}},{"type":"Feature","id":"building-229234177","properties":{"kind":"building","name":"Alpine building","height":7.2},"geometry":{"type":"Polygon","coordinates":[[[-106.8092365,39.1908043],[-106.8092542,39.1908072],[-106.8092383,39.1908666],[-106.8092068,39.1908616],[-106.8091641,39.1909058],[-106.8090551,39.1908425],[-106.8090855,39.190811],[-106.8090545,39.1907929],[-106.8091196,39.1907255],[-106.809145,39.1907296],[-106.8091471,39.1907215],[-106.8092018,39.1907302],[-106.8091971,39.1907478],[-106.8092493,39.1907562],[-106.8092365,39.1908043]]]}},{"type":"Feature","id":"building-229234336","properties":{"kind":"building","name":"Alpine building","height":7.2},"geometry":{"type":"Polygon","coordinates":[[[-106.8114522,39.1910703],[-106.8113619,39.1910291],[-106.8114635,39.1908955],[-106.8115538,39.1909368],[-106.8114522,39.1910703]]]}},{"type":"Feature","id":"building-229234326","properties":{"kind":"building","name":"Alpine building","height":7.2},"geometry":{"type":"Polygon","coordinates":[[[-106.8106894,39.191021],[-106.8106108,39.190965],[-106.8106773,39.190909],[-106.8107559,39.190965],[-106.8106894,39.191021]]]}},{"type":"Feature","id":"building-228760022","properties":{"kind":"building","name":"Alpine building","height":7.2},"geometry":{"type":"Polygon","coordinates":[[[-106.8188921,39.1901358],[-106.8189643,39.1899183],[-106.8186977,39.1898651],[-106.8187053,39.1898424],[-106.8185604,39.1898135],[-106.8185458,39.1898584],[-106.818483,39.1900567],[-106.8188921,39.1901358]]]}},{"type":"Feature","id":"building-229234441","properties":{"kind":"building","name":"Alpine building","height":7.2},"geometry":{"type":"Polygon","coordinates":[[[-106.8111764,39.1910271],[-106.8112545,39.1909085],[-106.8113284,39.1909377],[-106.8113018,39.1909782],[-106.8113517,39.1909979],[-106.8113232,39.1910413],[-106.811326,39.1910522],[-106.8113199,39.1910614],[-106.8112731,39.1910653],[-106.8111764,39.1910271]]]}},{"type":"Feature","id":"building-228881662","properties":{"kind":"building","name":"Alpine building","height":7.2},"geometry":{"type":"Polygon","coordinates":[[[-106.8179523,39.1902234],[-106.8179435,39.1902216],[-106.8179314,39.1902568],[-106.8178662,39.1902434],[-106.8178757,39.1902155],[-106.817757,39.190191],[-106.8177863,39.1901057],[-106.8179353,39.1901363],[-106.8179576,39.1901693],[-106.81797,39.1901719],[-106.8179523,39.1902234]]]}},{"type":"Feature","id":"building-228881744","properties":{"kind":"building","name":"Alpine building","height":7.2},"geometry":{"type":"Polygon","coordinates":[[[-106.815632,39.1907472],[-106.8156804,39.1906075],[-106.8157267,39.1906171],[-106.8157342,39.1905955],[-106.815679,39.190584],[-106.815706,39.1905059],[-106.8157811,39.1905215],[-106.8157939,39.1904843],[-106.8159058,39.1905076],[-106.8159035,39.1905141],[-106.8160289,39.1905402],[-106.8160312,39.1905337],[-106.8161253,39.1905533],[-106.8161075,39.1906047],[-106.8160859,39.1906002],[-106.8160767,39.1906265],[-106.8160276,39.1906162],[-106.8160132,39.1906578],[-106.8158626,39.1906264],[-106.8158508,39.1906605],[-106.8159139,39.1906736],[-106.8158768,39.1907808],[-106.8158824,39.1907819],[-106.815886,39.1907714],[-106.8159194,39.1907783],[-106.8159157,39.1907889],[-106.8159218,39.1907901],[-106.8158878,39.1908884],[-106.8157793,39.1909383],[-106.8157579,39.1909104],[-106.8156657,39.1909229],[-106.8156563,39.1908814],[-106.8155957,39.1908896],[-106.815579,39.1908156],[-106.8156618,39.1908044],[-106.8156783,39.1907568],[-106.815632,39.1907472]]]}},{"type":"Feature","id":"building-229234190","properties":{"kind":"building","name":"Alpine building","height":7.2},"geometry":{"type":"Polygon","coordinates":[[[-106.8109926,39.1910099],[-106.8110647,39.1909433],[-106.8110769,39.1909512],[-106.8111448,39.1908885],[-106.8111855,39.1909151],[-106.8111176,39.1909777],[-106.8111286,39.1909849],[-106.8110546,39.1910532],[-106.8110419,39.191045],[-106.810984,39.1910984],[-106.8109761,39.1910932],[-106.8109562,39.1911115],[-106.8109124,39.191083],[-106.8109323,39.1910647],[-106.8109225,39.1910583],[-106.8109822,39.1910032],[-106.8109926,39.1910099]]]}},{"type":"Feature","id":"building-229234179","properties":{"kind":"building","name":"Alpine building","height":7.2},"geometry":{"type":"Polygon","coordinates":[[[-106.8118787,39.1911028],[-106.8118968,39.1910544],[-106.81182,39.1910371],[-106.8116912,39.1909434],[-106.8117166,39.190912],[-106.8118432,39.1909737],[-106.8118824,39.1909253],[-106.8120032,39.1909841],[-106.8119386,39.1910638],[-106.8119223,39.1910601],[-106.8119084,39.1910972],[-106.8119612,39.1911356],[-106.8120047,39.1910997],[-106.8120729,39.1911494],[-106.8120119,39.1911997],[-106.8118787,39.1911028]]]}},{"type":"Feature","id":"building-228443760","properties":{"kind":"building","name":"Alpine building","height":7.2},"geometry":{"type":"Polygon","coordinates":[[[-106.8241468,39.1871213],[-106.8240948,39.1871095],[-106.8241028,39.1870898],[-106.8240768,39.1870839],[-106.8240688,39.1871036],[-106.8240228,39.1870931],[-106.8240308,39.1870734],[-106.8240138,39.1870697],[-106.8240448,39.1869901],[-106.8241958,39.1870246],[-106.8241658,39.1871043],[-106.8241538,39.1871016],[-106.8241468,39.1871213]]]}},{"type":"Feature","id":"building-228881661","properties":{"kind":"building","name":"Alpine building","height":7.2},"geometry":{"type":"Polygon","coordinates":[[[-106.8169105,39.190539],[-106.8168882,39.1905344],[-106.8168899,39.1905293],[-106.8168179,39.1905144],[-106.816848,39.1904273],[-106.8169242,39.1904431],[-106.8169271,39.1904347],[-106.8169997,39.1904473],[-106.8169673,39.1905456],[-106.8169123,39.1905339],[-106.8169105,39.190539]]]}},{"type":"Feature","id":"building-229234317","properties":{"kind":"building","name":"Alpine building","height":7.2},"geometry":{"type":"Polygon","coordinates":[[[-106.8114607,39.191115],[-106.8115723,39.1909682],[-106.8116627,39.1910095],[-106.811551,39.1911563],[-106.8114607,39.191115]]]}},{"type":"Feature","id":"building-229234304","properties":{"kind":"building","name":"Alpine building","height":7.2},"geometry":{"type":"Polygon","coordinates":[[[-106.8108213,39.1911016],[-106.810732,39.1910416],[-106.8108103,39.1909715],[-106.8108997,39.1910315],[-106.8108213,39.1911016]]]}},{"type":"Feature","id":"building-229234113","properties":{"kind":"building","name":"Alpine building","height":7.2},"geometry":{"type":"Polygon","coordinates":[[[-106.8116759,39.1910528],[-106.8116936,39.1910311],[-106.8117505,39.1910587],[-106.8117328,39.1910805],[-106.8117389,39.1910835],[-106.8116655,39.191174],[-106.8116946,39.1911882],[-106.8116464,39.1912477],[-106.811552,39.1912017],[-106.8116736,39.1910517],[-106.8116759,39.1910528]]]}},{"type":"Feature","id":"building-228443962","properties":{"kind":"building","name":"Alpine building","height":7.2},"geometry":{"type":"Polygon","coordinates":[[[-106.8241088,39.1872495],[-106.8240558,39.1872374],[-106.8240518,39.1872484],[-106.8240248,39.1872423],[-106.8240288,39.1872313],[-106.8239948,39.1872236],[-106.8240248,39.1871455],[-106.8241388,39.1871715],[-106.8241088,39.1872495]]]}},{"type":"Feature","id":"building-228881728","properties":{"kind":"building","name":"Alpine building","height":7.2},"geometry":{"type":"Polygon","coordinates":[[[-106.816435,39.1907654],[-106.8164199,39.1907622],[-106.8164129,39.1907826],[-106.8163105,39.1907613],[-106.8163035,39.1907814],[-106.8160836,39.1907357],[-106.8161092,39.1906617],[-106.8161578,39.1906718],[-106.8161939,39.1905676],[-106.8163505,39.1906002],[-106.8163524,39.1905945],[-106.8164435,39.1906134],[-106.8164215,39.1906771],[-106.8164475,39.1906825],[-106.816438,39.19071],[-106.8164531,39.1907132],[-106.816435,39.1907654]]]}},{"type":"Feature","id":"building-228989569","properties":{"kind":"building","name":"Alpine building","height":7.2},"geometry":{"type":"Polygon","coordinates":[[[-106.8128519,39.1911473],[-106.812803,39.1912574],[-106.8126299,39.1912111],[-106.8126639,39.1911347],[-106.8125629,39.1911077],[-106.8125997,39.1910249],[-106.8127154,39.1910558],[-106.8126935,39.191105],[-106.8128519,39.1911473]]]}},{"type":"Feature","id":"building-229234286","properties":{"kind":"building","name":"Alpine building","height":7.2},"geometry":{"type":"Polygon","coordinates":[[[-106.8112872,39.1911101],[-106.8112609,39.1911803],[-106.8111296,39.1911508],[-106.8111559,39.1910806],[-106.8112872,39.1911101]]]}},{"type":"Feature","id":"building-228726020","properties":{"kind":"building","name":"Hotel Durant","height":7.2},"geometry":{"type":"Polygon","coordinates":[[[-106.823082,39.1879417],[-106.8231104,39.1878557],[-106.8231324,39.18786],[-106.823148,39.1878129],[-106.82299,39.1877815],[-106.8229877,39.1877886],[-106.8229219,39.1877756],[-106.8229583,39.1876653],[-106.8229434,39.1876624],[-106.8229571,39.1876207],[-106.8230328,39.1876357],[-106.823028,39.1876505],[-106.8230829,39.1876614],[-106.8230877,39.1876466],[-106.8233061,39.18769],[-106.8233012,39.1877047],[-106.8233588,39.1877161],[-106.8233636,39.1877014],[-106.8234424,39.187717],[-106.8234286,39.1877587],[-106.8234058,39.1877541],[-106.8233754,39.1878462],[-106.8233616,39.1878434],[-106.823345,39.187894],[-106.8234935,39.1879234],[-106.8234964,39.1879147],[-106.8235581,39.1879269],[-106.8235243,39.1880294],[-106.8235446,39.1880334],[-106.8235275,39.1880853],[-106.82345,39.1880699],[-106.8234551,39.1880544],[-106.8233987,39.1880433],[-106.8233936,39.1880587],[-106.8231757,39.1880155],[-106.8231808,39.188],[-106.823123,39.1879886],[-106.8231179,39.188004],[-106.8230448,39.1879895],[-106.823062,39.1879377],[-106.823082,39.1879417]]]}},{"type":"Feature","id":"building-228700283","properties":{"kind":"building","name":"Alpine building","height":7.2},"geometry":{"type":"Polygon","coordinates":[[[-106.820181,39.1895869],[-106.8202485,39.1893817],[-106.8203307,39.189398],[-106.820353,39.1893302],[-106.8204918,39.1893577],[-106.820421,39.189573],[-106.820402,39.1896306],[-106.820181,39.1895869]]]}},{"type":"Feature","id":"building-228760000","properties":{"kind":"building","name":"Shell","height":7.2},"geometry":{"type":"Polygon","coordinates":[[[-106.818363,39.1902243],[-106.8183149,39.1902147],[-106.8183377,39.1901457],[-106.8183859,39.1901553],[-106.8183896,39.190144],[-106.8184746,39.1901609],[-106.8184709,39.1901723],[-106.8184832,39.1901796],[-106.8184958,39.1902507],[-106.8184059,39.1902301],[-106.8184019,39.1902395],[-106.8183605,39.1902312],[-106.818363,39.1902243]]]}},{"type":"Feature","id":"building-229234419","properties":{"kind":"building","name":"Alpine building","height":7.2},"geometry":{"type":"Polygon","coordinates":[[[-106.8092474,39.1910235],[-106.8092216,39.19102],[-106.8092066,39.1910035],[-106.8092111,39.1909835],[-106.8092325,39.1909719],[-106.8092582,39.1909753],[-106.8092733,39.1909919],[-106.8092688,39.1910119],[-106.8092474,39.1910235]]]}},{"type":"Feature","id":"building-229234090","properties":{"kind":"building","name":"Alpine building","height":7.2},"geometry":{"type":"Polygon","coordinates":[[[-106.8122041,39.1911644],[-106.8121867,39.1911759],[-106.8121904,39.1911793],[-106.8121572,39.1912012],[-106.8121788,39.1912209],[-106.8121487,39.1912407],[-106.8120963,39.191193],[-106.8121597,39.1911513],[-106.8121625,39.1911538],[-106.8121799,39.1911423],[-106.8122041,39.1911644]]]}},{"type":"Feature","id":"building-221149530","properties":{"kind":"building","name":"The Limelight Hotel","height":7.2},"geometry":{"type":"Polygon","coordinates":[[[-106.821627,39.1889382],[-106.8215608,39.188925],[-106.8214949,39.1891244],[-106.8218316,39.1891912],[-106.8217615,39.1894036],[-106.82115,39.1892823],[-106.821135,39.1892633],[-106.8212362,39.1889568],[-106.821225,39.1889546],[-106.8212837,39.1887771],[-106.8213271,39.1887857],[-106.8213407,39.1887447],[-106.8214426,39.1887649],[-106.8214557,39.1887254],[-106.8216825,39.1887704],[-106.821627,39.1889382]]]}},{"type":"Feature","id":"building-228759996","properties":{"kind":"building","name":"Metropolitan Isis Theatre","height":7.2},"geometry":{"type":"Polygon","coordinates":[[[-106.8191561,39.190189],[-106.8188921,39.1901358],[-106.8189643,39.1899183],[-106.8190722,39.189939],[-106.8190841,39.1899021],[-106.8192391,39.189932],[-106.8192299,39.1899636],[-106.8191561,39.190189]]]}},{"type":"Feature","id":"building-229234269","properties":{"kind":"building","name":"Alpine building","height":7.2},"geometry":{"type":"Polygon","coordinates":[[[-106.8123252,39.1911616],[-106.8123781,39.1912098],[-106.8123318,39.1912404],[-106.8122789,39.1911922],[-106.8123252,39.1911616]]]}},{"type":"Feature","id":"building-229234271","properties":{"kind":"building","name":"Alpine building","height":7.2},"geometry":{"type":"Polygon","coordinates":[[[-106.8120559,39.191246],[-106.8120398,39.1912343],[-106.8120568,39.1912203],[-106.8120729,39.191232],[-106.8120559,39.191246]]]}},{"type":"Feature","id":"building-228760025","properties":{"kind":"building","name":"Local Spirits","height":7.2},"geometry":{"type":"Polygon","coordinates":[[[-106.8184929,39.1903793],[-106.8182889,39.1903387],[-106.8183269,39.1902244],[-106.8183605,39.1902312],[-106.8184019,39.1902395],[-106.8184059,39.1902301],[-106.8184958,39.1902507],[-106.8184992,39.1902492],[-106.8184929,39.1903793]]]}},{"type":"Feature","id":"building-229234353","properties":{"kind":"building","name":"Alpine building","height":7.2},"geometry":{"type":"Polygon","coordinates":[[[-106.8116539,39.191277],[-106.8117728,39.1911302],[-106.8118592,39.1911722],[-106.8117891,39.1912588],[-106.8117995,39.1912639],[-106.8117506,39.1913241],[-106.8116539,39.191277]]]}},{"type":"Feature","id":"building-228700260","properties":{"kind":"building","name":"Alpine building","height":7.2},"geometry":{"type":"Polygon","coordinates":[[[-106.8216826,39.1889498],[-106.8217381,39.1887816],[-106.8218175,39.1887974],[-106.821762,39.1889655],[-106.8216826,39.1889498]]]}},{"type":"Feature","id":"building-228881712","properties":{"kind":"building","name":"Pitkin County Sheriff / Administration Building","height":13.4},"geometry":{"type":"Polygon","coordinates":[[[-106.8171516,39.1906567],[-106.817107,39.1906476],[-106.8171005,39.1906665],[-106.8173373,39.190715],[-106.8172729,39.1909039],[-106.817086,39.1908657],[-106.8170607,39.19094],[-106.8169067,39.1909084],[-106.8169959,39.1906466],[-106.8169421,39.1906356],[-106.817025,39.1903923],[-106.8171877,39.1904256],[-106.8171819,39.1904425],[-106.8171911,39.1904443],[-106.8171866,39.1904574],[-106.8172174,39.1904637],[-106.8171516,39.1906567]]]}},{"type":"Feature","id":"building-228881655","properties":{"kind":"building","name":"Alpine building","height":7.2},"geometry":{"type":"Polygon","coordinates":[[[-106.8168321,39.1906901],[-106.8168561,39.1906209],[-106.8169674,39.190644],[-106.8169558,39.1906774],[-106.8169257,39.1906712],[-106.8169133,39.190707],[-106.81692,39.1907084],[-106.8168865,39.1908053],[-106.8167909,39.1907854],[-106.8168245,39.1906885],[-106.8168321,39.1906901]]]}},{"type":"Feature","id":"building-229234129","properties":{"kind":"building","name":"Alpine building","height":7.2},"geometry":{"type":"Polygon","coordinates":[[[-106.8102721,39.1912382],[-106.8102065,39.1912189],[-106.8101939,39.1912447],[-106.810118,39.1912224],[-106.8101218,39.1912147],[-106.8100879,39.1912047],[-106.8100817,39.1912173],[-106.8100556,39.1912096],[-106.8101126,39.1910935],[-106.8101726,39.1911112],[-106.8101658,39.191125],[-106.8103072,39.1911667],[-106.8102721,39.1912382]]]}},{"type":"Feature","id":"building-228726055","properties":{"kind":"building","name":"Alpine building","height":7.2},"geometry":{"type":"Polygon","coordinates":[[[-106.8228688,39.188459],[-106.8226871,39.1884229],[-106.8227198,39.1883237],[-106.8227372,39.1883272],[-106.8227705,39.1882265],[-106.8228187,39.188236],[-106.8228317,39.1881965],[-106.8229479,39.1882195],[-106.8228688,39.188459]]]}},{"type":"Feature","id":"building-229234316","properties":{"kind":"building","name":"Alpine building","height":7.2},"geometry":{"type":"Polygon","coordinates":[[[-106.8112208,39.1912542],[-106.8111743,39.1913303],[-106.8109819,39.1912595],[-106.8110285,39.1911834],[-106.8112208,39.1912542]]]}},{"type":"Feature","id":"building-228881760","properties":{"kind":"building","name":"Alpine building","height":7.2},"geometry":{"type":"Polygon","coordinates":[[[-106.8161371,39.1909471],[-106.8159344,39.1909386],[-106.8159361,39.1909136],[-106.8161389,39.1909221],[-106.8161371,39.1909471]]]}},{"type":"Feature","id":"building-228760002","properties":{"kind":"building","name":"Alpine building","height":7.2},"geometry":{"type":"Polygon","coordinates":[[[-106.8185622,39.1901398],[-106.8185762,39.1901625],[-106.8186962,39.1901863],[-106.8187262,39.1901749],[-106.8187392,39.1901949],[-106.8188157,39.1902094],[-106.8187487,39.1904121],[-106.8187432,39.1904274],[-106.8187262,39.1904371],[-106.8187062,39.190443],[-106.8186852,39.1904446],[-106.8186562,39.1904389],[-106.8187042,39.1902928],[-106.8184992,39.1902492],[-106.8184958,39.1902507],[-106.8184832,39.1901796],[-106.8184992,39.1901828],[-106.8185132,39.1901624],[-106.8185352,39.1901492],[-106.8185622,39.1901398]]]}},{"type":"Feature","id":"building-228881758","properties":{"kind":"building","name":"Alpine building","height":7.2},"geometry":{"type":"Polygon","coordinates":[[[-106.8163996,39.1908942],[-106.8163336,39.1908884],[-106.8163424,39.1908455],[-106.8164096,39.1908597],[-106.8163996,39.1908942]]]}},{"type":"Feature","id":"building-739625201","properties":{"kind":"building","name":"Alpine building","height":7.2},"geometry":{"type":"Polygon","coordinates":[[[-106.8191561,39.190189],[-106.8192521,39.1902079],[-106.8193056,39.1900447],[-106.8192451,39.1899666],[-106.8192299,39.1899636],[-106.8191561,39.190189]]]}},{"type":"Feature","id":"building-228700300","properties":{"kind":"building","name":"Alpine building","height":7.2},"geometry":{"type":"Polygon","coordinates":[[[-106.820375,39.1896856],[-106.8202975,39.189921],[-106.8200072,39.1898636],[-106.820012,39.1898488],[-106.8199337,39.1898333],[-106.8199225,39.1898674],[-106.8196948,39.1898224],[-106.8196752,39.1897979],[-106.8197526,39.1895626],[-106.820375,39.1896856]]]}},{"type":"Feature","id":"building-229234242","properties":{"kind":"building","name":"Alpine building","height":7.2},"geometry":{"type":"Polygon","coordinates":[[[-106.8113683,39.1914026],[-106.8113168,39.1913838],[-106.8114046,39.1912394],[-106.811456,39.1912581],[-106.8113683,39.1914026]]]}},{"type":"Feature","id":"building-229234102","properties":{"kind":"building","name":"Alpine building","height":7.2},"geometry":{"type":"Polygon","coordinates":[[[-106.8118308,39.191413],[-106.8117918,39.1913962],[-106.8118,39.1913847],[-106.8117612,39.191368],[-106.8118043,39.1913079],[-106.8118431,39.1913247],[-106.8119017,39.191243],[-106.8119484,39.1912631],[-106.8118919,39.1913419],[-106.8118842,39.1913386],[-106.8118308,39.191413]]]}},{"type":"Feature","id":"building-228700280","properties":{"kind":"building","name":"Alpine building","height":7.2},"geometry":{"type":"Polygon","coordinates":[[[-106.8204918,39.1893577],[-106.820421,39.189573],[-106.8206173,39.1896119],[-106.8205994,39.1896664],[-106.8207116,39.1896886],[-106.8208004,39.1894187],[-106.8204918,39.1893577]]]}},{"type":"Feature","id":"building-228989551","properties":{"kind":"building","name":"Alpine building","height":7.2},"geometry":{"type":"Polygon","coordinates":[[[-106.8128163,39.1913651],[-106.8127431,39.1913365],[-106.8127657,39.1913017],[-106.8128389,39.1913303],[-106.8128163,39.1913651]]]}},{"type":"Feature","id":"building-229234445","properties":{"kind":"building","name":"Alpine building","height":7.2},"geometry":{"type":"Polygon","coordinates":[[[-106.811167,39.1913447],[-106.8111191,39.1914257],[-106.8108878,39.1913435],[-106.8109173,39.1912937],[-106.8109609,39.191281],[-106.810971,39.1912846],[-106.8109762,39.1913146],[-106.8110336,39.1913351],[-106.8110865,39.1913161],[-106.811167,39.1913447]]]}},{"type":"Feature","id":"building-228726005","properties":{"kind":"building","name":"Alpine building","height":7.2},"geometry":{"type":"Polygon","coordinates":[[[-106.8227002,39.1885483],[-106.8226514,39.1885386],[-106.8226709,39.1884797],[-106.8227196,39.1884893],[-106.8227002,39.1885483]]]}},{"type":"Feature","id":"building-228700295","properties":{"kind":"building","name":"Alpine building","height":7.2},"geometry":{"type":"Polygon","coordinates":[[[-106.822134,39.1890882],[-106.8217725,39.1890166],[-106.8218369,39.1888218],[-106.8219243,39.1888391],[-106.8219193,39.1888542],[-106.8221159,39.1888932],[-106.8221209,39.1888781],[-106.8221983,39.1888935],[-106.822134,39.1890882]]]}},{"type":"Feature","id":"building-228989513","properties":{"kind":"building","name":"Alpine building","height":7.2},"geometry":{"type":"Polygon","coordinates":[[[-106.8132265,39.1915463],[-106.8131278,39.1915539],[-106.813105,39.1913776],[-106.813122,39.1913622],[-106.8130557,39.1913184],[-106.8130346,39.1913375],[-106.8130138,39.1913237],[-106.8129577,39.1913747],[-106.8128818,39.1913246],[-106.8130574,39.1911649],[-106.8131332,39.191215],[-106.8130907,39.1912537],[-106.8132593,39.191365],[-106.8132231,39.191398],[-106.8132346,39.1914873],[-106.8132191,39.1914885],[-106.8132265,39.1915463]]]}},{"type":"Feature","id":"building-228725920","properties":{"kind":"building","name":"Alpine building","height":7.2},"geometry":{"type":"Polygon","coordinates":[[[-106.822979,39.1882243],[-106.8229988,39.1882071],[-106.823071,39.1882259],[-106.8230627,39.1882512],[-106.8230798,39.188258],[-106.8230213,39.1884417],[-106.8229983,39.188443],[-106.8229832,39.188466],[-106.8229203,39.1884584],[-106.822919,39.1884347],[-106.8228987,39.1884288],[-106.8229688,39.1882252],[-106.822979,39.1882243]]]}},{"type":"Feature","id":"building-229234381","properties":{"kind":"building","name":"Alpine building","height":7.2},"geometry":{"type":"Polygon","coordinates":[[[-106.8119678,39.1914355],[-106.8119479,39.1914608],[-106.8118714,39.1914247],[-106.8118912,39.1913994],[-106.8118839,39.1913959],[-106.8119655,39.1912918],[-106.8120565,39.1913347],[-106.8119748,39.1914388],[-106.8119678,39.1914355]]]}},{"type":"Feature","id":"building-228443751","properties":{"kind":"building","name":"Alpine building","height":7.2},"geometry":{"type":"Polygon","coordinates":[[[-106.8243432,39.187439],[-106.8243132,39.187432],[-106.8243192,39.1874155],[-106.8242622,39.1874023],[-106.8243182,39.1872557],[-106.8244322,39.1872818],[-106.8244142,39.1873288],[-106.8244202,39.1873302],[-106.8243822,39.1874298],[-106.8243502,39.1874224],[-106.8243432,39.187439]]]}},{"type":"Feature","id":"building-228881748","properties":{"kind":"building","name":"Alpine building","height":7.2},"geometry":{"type":"Polygon","coordinates":[[[-106.8167647,39.1909479],[-106.8166817,39.1909587],[-106.8166571,39.1908452],[-106.8167401,39.1908343],[-106.8167647,39.1909479]]]}},{"type":"Feature","id":"building-229234348","properties":{"kind":"building","name":"Alpine building","height":7.2},"geometry":{"type":"Polygon","coordinates":[[[-106.8115074,39.1915062],[-106.8114145,39.1914654],[-106.8115023,39.1913454],[-106.8115601,39.1913557],[-106.8115952,39.1913862],[-106.8115074,39.1915062]]]}},{"type":"Feature","id":"building-228881709","properties":{"kind":"building","name":"Alpine building","height":7.2},"geometry":{"type":"Polygon","coordinates":[[[-106.8164401,39.1910619],[-106.8163914,39.1910764],[-106.8163788,39.191051],[-106.816331,39.1910562],[-106.8163246,39.1910207],[-106.8163218,39.1909825],[-106.8163232,39.1909444],[-106.8163283,39.1909086],[-106.8163974,39.1909147],[-106.8163924,39.1909539],[-106.8164072,39.1909529],[-106.8164105,39.1909809],[-106.8164171,39.1910086],[-106.816427,39.1910357],[-106.8164401,39.1910619]]]}},{"type":"Feature","id":"building-229234303","properties":{"kind":"building","name":"Alpine building","height":7.2},"geometry":{"type":"Polygon","coordinates":[[[-106.8108524,39.1914357],[-106.8108221,39.1914187],[-106.8108523,39.1913863],[-106.8108826,39.1914033],[-106.8108524,39.1914357]]]}},{"type":"Feature","id":"building-228881783","properties":{"kind":"building","name":"Pitkin County Courthouse","height":10.3},"geometry":{"type":"Polygon","coordinates":[[[-106.8175985,39.1907932],[-106.8175865,39.1908196],[-106.8174861,39.1907988],[-106.8174942,39.1907694],[-106.8173626,39.190744],[-106.8174352,39.1905467],[-106.817777,39.1906227],[-106.8177086,39.1908169],[-106.8175985,39.1907932]]]}},{"type":"Feature","id":"building-228989563","properties":{"kind":"building","name":"Alpine building","height":7.2},"geometry":{"type":"Polygon","coordinates":[[[-106.8139547,39.1913562],[-106.8139574,39.1913503],[-106.8139822,39.1913412],[-106.814008,39.1913484],[-106.8140197,39.1913676],[-106.8140105,39.1913877],[-106.8139857,39.1913967],[-106.8139812,39.1913955],[-106.8139547,39.1914456],[-106.8139423,39.1914417],[-106.8139348,39.1914558],[-106.8139619,39.1914644],[-106.8139209,39.1915419],[-106.8138188,39.1915095],[-106.8138598,39.191432],[-106.8138858,39.1914403],[-106.8138933,39.1914261],[-106.8138792,39.1914217],[-106.8138842,39.1914122],[-106.8138484,39.1914008],[-106.8138371,39.1914223],[-106.8137343,39.1913896],[-106.8137457,39.1913682],[-106.8137323,39.1913786],[-106.8137132,39.1913787],[-106.8136997,39.1913683],[-106.8136996,39.1913536],[-106.8136847,39.1913818],[-106.8135833,39.1913496],[-106.8136214,39.1912775],[-106.8136462,39.1912854],[-106.8136815,39.1912187],[-106.8137688,39.1912464],[-106.8137523,39.1912776],[-106.8137876,39.1912888],[-106.8138088,39.1912487],[-106.8139116,39.1912814],[-106.8138793,39.1913424],[-106.8139151,39.1913538],[-106.8139197,39.1913451],[-106.8139547,39.1913562]]]}},{"type":"Feature","id":"building-228760032","properties":{"kind":"building","name":"Acquolina","height":7.2},"geometry":{"type":"Polygon","coordinates":[[[-106.8189299,39.1902138],[-106.8188567,39.190438],[-106.8188505,39.1904464],[-106.8188455,39.1904625],[-106.8188185,39.1904753],[-106.8187465,39.1904646],[-106.8187487,39.1904121],[-106.8188157,39.1902094],[-106.8188555,39.190199],[-106.8189299,39.1902138]]]}},{"type":"Feature","id":"building-228726050","properties":{"kind":"building","name":"Alpine building","height":7.2},"geometry":{"type":"Polygon","coordinates":[[[-106.8227525,39.1885695],[-106.822774,39.1885047],[-106.8228108,39.188512],[-106.822813,39.1885053],[-106.8228689,39.1885164],[-106.8228394,39.1886056],[-106.8227835,39.1885945],[-106.8227893,39.1885768],[-106.8227525,39.1885695]]]}},{"type":"Feature","id":"building-229234083","properties":{"kind":"building","name":"Alpine building","height":7.2},"geometry":{"type":"Polygon","coordinates":[[[-106.812097,39.1914819],[-106.8120857,39.1914766],[-106.8120488,39.1915237],[-106.8120104,39.1915056],[-106.8119994,39.1915196],[-106.8119572,39.1914997],[-106.8120594,39.1913694],[-106.81214,39.1914074],[-106.8121081,39.1914481],[-106.8121194,39.1914534],[-106.812097,39.1914819]]]}},{"type":"Feature","id":"building-229234244","properties":{"kind":"building","name":"Alpine building","height":7.2},"geometry":{"type":"Polygon","coordinates":[[[-106.8110902,39.1914694],[-106.8110661,39.1915041],[-106.810884,39.1914281],[-106.8109081,39.1913935],[-106.8110902,39.1914694]]]}},{"type":"Feature","id":"building-230237331","properties":{"kind":"building","name":"Alpine building","height":7.2},"geometry":{"type":"Polygon","coordinates":[[[-106.7946135,39.1761136],[-106.7946222,39.1760965],[-106.7947071,39.1760976],[-106.7947076,39.1761026],[-106.7947762,39.1761027],[-106.7947761,39.176096],[-106.794895,39.1760953],[-106.794895,39.1761021],[-106.7949161,39.1761018],[-106.7949159,39.1761401],[-106.7949337,39.1761402],[-106.794933,39.1762031],[-106.7949222,39.1762036],[-106.7949202,39.1762396],[-106.7949557,39.1762519],[-106.7949225,39.176305],[-106.7948171,39.1762687],[-106.7948225,39.1762611],[-106.7947974,39.1762605],[-106.7947968,39.1762269],[-106.794789,39.1762271],[-106.7947799,39.176225],[-106.7947721,39.1762203],[-106.7947668,39.176213],[-106.7947654,39.1762066],[-106.794766,39.1762003],[-106.7947695,39.1761942],[-106.794763,39.1761943],[-106.794762,39.176153],[-106.7947759,39.1761529],[-106.7947759,39.176129],[-106.7947094,39.1761288],[-106.7947094,39.1761319],[-106.7946908,39.1761324],[-106.7946961,39.1761387],[-106.7946181,39.1761962],[-106.7945326,39.1761337],[-106.7945876,39.1760925],[-106.7946135,39.1761136]]]}},{"type":"Feature","id":"building-228881729","properties":{"kind":"building","name":"Alpine building","height":7.2},"geometry":{"type":"Polygon","coordinates":[[[-106.8166971,39.191205],[-106.8166525,39.1911854],[-106.8166117,39.1911614],[-106.8165752,39.1911335],[-106.8165436,39.1911022],[-106.8165175,39.191068],[-106.8164973,39.1910315],[-106.8164834,39.1909933],[-106.816476,39.190954],[-106.8164752,39.1909143],[-106.816481,39.1908748],[-106.8164933,39.1908363],[-106.8165119,39.1907993],[-106.8165963,39.1908074],[-106.8166918,39.1910268],[-106.8166668,39.1910333],[-106.8167237,39.1911643],[-106.8166971,39.191205]]]}},{"type":"Feature","id":"building-228725913","properties":{"kind":"building","name":"Alpine building","height":7.2},"geometry":{"type":"Polygon","coordinates":[[[-106.822616,39.1887153],[-106.8225963,39.188689],[-106.8226164,39.1886799],[-106.8226369,39.1886179],[-106.8226782,39.1886261],[-106.8226827,39.1886124],[-106.8227316,39.1886221],[-106.8227133,39.1886776],[-106.8227079,39.1886765],[-106.8226933,39.1887206],[-106.8226314,39.1887083],[-106.822616,39.1887153]]]}},{"type":"Feature","id":"building-229234093","properties":{"kind":"building","name":"Alpine building","height":7.2},"geometry":{"type":"Polygon","coordinates":[[[-106.8124873,39.19148],[-106.8125638,39.1914166],[-106.8126345,39.1914678],[-106.8126202,39.1914796],[-106.8126299,39.1914867],[-106.8126338,39.1914835],[-106.8126569,39.1915003],[-106.8126531,39.1915034],[-106.8126615,39.1915095],[-106.8125992,39.1915611],[-106.8124873,39.19148]]]}},{"type":"Feature","id":"building-229234262","properties":{"kind":"building","name":"Alpine building","height":7.2},"geometry":{"type":"Polygon","coordinates":[[[-106.8115195,39.1915381],[-106.8116103,39.1914199],[-106.8117003,39.1914614],[-106.8116095,39.1915796],[-106.8115195,39.1915381]]]}},{"type":"Feature","id":"building-228759986","properties":{"kind":"building","name":"Asie","height":7.2},"geometry":{"type":"Polygon","coordinates":[[[-106.8190819,39.1903907],[-106.8191409,39.1902437],[-106.8189299,39.1902138],[-106.8188567,39.190438],[-106.8188622,39.190446],[-106.8189342,39.1904603],[-106.8189812,39.190439],[-106.8189992,39.1903825],[-106.8190819,39.1903907]]]}},{"type":"Feature","id":"building-229234372","properties":{"kind":"building","name":"Alpine building","height":7.2},"geometry":{"type":"Polygon","coordinates":[[[-106.8120698,39.1915659],[-106.8121642,39.1914397],[-106.8122085,39.1914597],[-106.8122013,39.1914693],[-106.8122485,39.1914905],[-106.8121529,39.1916183],[-106.8120698,39.1915659]]]}},{"type":"Feature","id":"building-228443921","properties":{"kind":"building","name":"Alpine building","height":7.2},"geometry":{"type":"Polygon","coordinates":[[[-106.8244202,39.1875129],[-106.8243712,39.1874974],[-106.8243802,39.1874804],[-106.8244072,39.187479],[-106.8244292,39.187496],[-106.8244202,39.1875129]]]}},{"type":"Feature","id":"building-230237333","properties":{"kind":"building","name":"Alpine building","height":7.2},"geometry":{"type":"Polygon","coordinates":[[[-106.7947951,39.1759636],[-106.7947351,39.1759626],[-106.7947371,39.1758903],[-106.7947971,39.1758913],[-106.7947951,39.1759636]]]}},{"type":"Feature","id":"building-228726053","properties":{"kind":"building","name":"Alpine building","height":7.2},"geometry":{"type":"Polygon","coordinates":[[[-106.8239409,39.1881351],[-106.8235782,39.1880632],[-106.8236438,39.1878646],[-106.823725,39.1878807],[-106.8237197,39.1878968],[-106.8239231,39.1879371],[-106.8239284,39.187921],[-106.8240065,39.1879365],[-106.8239409,39.1881351]]]}},{"type":"Feature","id":"building-228881776","properties":{"kind":"building","name":"Alpine building","height":7.2},"geometry":{"type":"Polygon","coordinates":[[[-106.8169407,39.1909514],[-106.8169065,39.1910502],[-106.8168283,39.1910339],[-106.8168374,39.1910074],[-106.8168078,39.1910013],[-106.8168181,39.1909717],[-106.816833,39.1909748],[-106.8168477,39.1909321],[-106.8169407,39.1909514]]]}},{"type":"Feature","id":"building-230237335","properties":{"kind":"building","name":"Alpine building","height":7.2},"geometry":{"type":"Polygon","coordinates":[[[-106.7947971,39.1758812],[-106.7947371,39.1758801],[-106.7947391,39.1758077],[-106.7947991,39.1758088],[-106.7947971,39.1758812]]]}},{"type":"Feature","id":"building-228700284","properties":{"kind":"building","name":"Alpine building","height":7.2},"geometry":{"type":"Polygon","coordinates":[[[-106.8206414,39.189865],[-106.8205059,39.1898382],[-106.8204671,39.1898568],[-106.8204369,39.1899485],[-106.8203152,39.1899245],[-106.8203926,39.1896891],[-106.8206805,39.189746],[-106.8206414,39.189865]]]}},{"type":"Feature","id":"building-228726056","properties":{"kind":"building","name":"Alpine building","height":7.2},"geometry":{"type":"Polygon","coordinates":[[[-106.8227994,39.1887115],[-106.822797,39.1887188],[-106.822755,39.1887104],[-106.8227574,39.1887032],[-106.8227219,39.1886962],[-106.8227544,39.1885979],[-106.8228397,39.1886148],[-106.8228072,39.1887131],[-106.8227994,39.1887115]]]}},{"type":"Feature","id":"building-229234344","properties":{"kind":"building","name":"Alpine building","height":7.2},"geometry":{"type":"Polygon","coordinates":[[[-106.8113895,39.1915244],[-106.8113099,39.1916334],[-106.8112407,39.1916031],[-106.811312,39.1915056],[-106.811348,39.1915062],[-106.8113895,39.1915244]]]}},{"type":"Feature","id":"building-228700246","properties":{"kind":"building","name":"Alpine building","height":7.2},"geometry":{"type":"Polygon","coordinates":[[[-106.8220187,39.18921],[-106.8218711,39.1891807],[-106.8218838,39.1891423],[-106.8220314,39.1891716],[-106.8220187,39.18921]]]}},{"type":"Feature","id":"building-228759987","properties":{"kind":"building","name":"Mi Chola","height":7.2},"geometry":{"type":"Polygon","coordinates":[[[-106.8190524,39.1905122],[-106.8190819,39.1903907],[-106.8191409,39.1902437],[-106.8192384,39.1902667],[-106.8191554,39.1905163],[-106.8191284,39.1905274],[-106.8190524,39.1905122]]]}},{"type":"Feature","id":"building-228989502","properties":{"kind":"building","name":"Alpine building","height":7.2},"geometry":{"type":"Polygon","coordinates":[[[-106.8143343,39.1915378],[-106.8142653,39.1915218],[-106.8142442,39.1915765],[-106.8142043,39.1915672],[-106.8141885,39.1916081],[-106.8141134,39.1915907],[-106.8142057,39.1913513],[-106.8142988,39.1913728],[-106.8143005,39.1913685],[-106.814367,39.191384],[-106.8143654,39.1913883],[-106.8143898,39.1913939],[-106.8143343,39.1915378]]]}},{"type":"Feature","id":"building-230237334","properties":{"kind":"building","name":"Alpine building","height":7.2},"geometry":{"type":"Polygon","coordinates":[[[-106.7947924,39.1755997],[-106.7947385,39.1756163],[-106.7947108,39.1755621],[-106.7947647,39.1755455],[-106.7947924,39.1755997]]]}},{"type":"Feature","id":"building-228881756","properties":{"kind":"building","name":"Alpine building","height":7.2},"geometry":{"type":"Polygon","coordinates":[[[-106.8168254,39.1911069],[-106.8167486,39.1911193],[-106.8167305,39.1910519],[-106.8168073,39.1910395],[-106.8168254,39.1911069]]]}},{"type":"Feature","id":"building-229234407","properties":{"kind":"building","name":"Alpine building","height":7.2},"geometry":{"type":"Polygon","coordinates":[[[-106.8116711,39.1916639],[-106.8116036,39.19163],[-106.8117162,39.1914954],[-106.811787,39.191531],[-106.8117781,39.1915416],[-106.8117972,39.1915512],[-106.811689,39.1916807],[-106.8116666,39.1916694],[-106.8116711,39.1916639]]]}},{"type":"Feature","id":"building-228700226","properties":{"kind":"building","name":"Alpine building","height":7.2},"geometry":{"type":"Polygon","coordinates":[[[-106.8211252,39.1897161],[-106.8211216,39.1897269],[-106.8210571,39.1897141],[-106.8210607,39.1897033],[-106.8210122,39.1896937],[-106.8210168,39.1896798],[-106.8210007,39.1896766],[-106.8210142,39.1896358],[-106.8210303,39.1896389],[-106.8210374,39.1896172],[-106.8210615,39.189622],[-106.8210786,39.1895703],[-106.8210975,39.1895741],[-106.8211024,39.1895592],[-106.8211152,39.1895618],[-106.8211261,39.1895288],[-106.8211525,39.189534],[-106.8211571,39.1895201],[-106.8212216,39.1895329],[-106.821217,39.1895468],[-106.8212407,39.1895515],[-106.8212298,39.1895845],[-106.8212476,39.189588],[-106.8212126,39.1896938],[-106.8211725,39.1896859],[-106.8211603,39.189723],[-106.8211252,39.1897161]]]}},{"type":"Feature","id":"building-228881733","properties":{"kind":"building","name":"Pitkin County Jail","height":7.2},"geometry":{"type":"Polygon","coordinates":[[[-106.817294,39.1909569],[-106.817328,39.1908576],[-106.817351,39.1908625],[-106.81736,39.1908374],[-106.81748,39.1908621],[-106.817468,39.1908966],[-106.817489,39.1909008],[-106.817447,39.1910226],[-106.817429,39.1910189],[-106.817354,39.1912374],[-106.817053,39.1911755],[-106.817063,39.1911462],[-106.816981,39.1911292],[-106.817003,39.191065],[-106.816978,39.19106],[-106.817011,39.1909651],[-106.817035,39.1909701],[-106.817043,39.1909481],[-106.81709,39.1909578],[-106.817103,39.1909178],[-106.817294,39.1909569]]]}},{"type":"Feature","id":"building-228700291","properties":{"kind":"building","name":"Alpine building","height":7.2},"geometry":{"type":"Polygon","coordinates":[[[-106.8199604,39.1901791],[-106.8198535,39.1901579],[-106.8198074,39.1902979],[-106.8197818,39.1902928],[-106.819768,39.1903345],[-106.8194937,39.1902802],[-106.8195839,39.1900062],[-106.8199908,39.1900866],[-106.8199604,39.1901791]]]}},{"type":"Feature","id":"building-229234443","properties":{"kind":"building","name":"Alpine building","height":7.2},"geometry":{"type":"Polygon","coordinates":[[[-106.8114004,39.1917267],[-106.8113162,39.1916872],[-106.8113221,39.1916796],[-106.8113032,39.1916708],[-106.8113627,39.1915947],[-106.8113751,39.1916005],[-106.8114312,39.1915287],[-106.8114829,39.1915381],[-106.8115218,39.1915713],[-106.8114004,39.1917267]]]}},{"type":"Feature","id":"building-229234121","properties":{"kind":"building","name":"Alpine building","height":7.2},"geometry":{"type":"Polygon","coordinates":[[[-106.8123076,39.1916353],[-106.8122596,39.1917028],[-106.8122441,39.1916962],[-106.8122369,39.1917063],[-106.8121618,39.1916742],[-106.812264,39.1915302],[-106.8123392,39.1915623],[-106.8122967,39.191622],[-106.8123003,39.1916236],[-106.8122956,39.1916302],[-106.8123076,39.1916353]]]}},{"type":"Feature","id":"building-228726046","properties":{"kind":"building","name":"Alpine building","height":7.2},"geometry":{"type":"Polygon","coordinates":[[[-106.8233106,39.1884148],[-106.8233046,39.1884329],[-106.8234713,39.1884659],[-106.823441,39.1885577],[-106.8232662,39.188523],[-106.8232738,39.1884997],[-106.8231113,39.1884675],[-106.8231399,39.188381],[-106.8233106,39.1884148]]]}},{"type":"Feature","id":"building-228989577","properties":{"kind":"building","name":"Alpine building","height":7.2},"geometry":{"type":"Polygon","coordinates":[[[-106.8145841,39.1915351],[-106.8145674,39.1915783],[-106.8144289,39.1915462],[-106.8144456,39.191503],[-106.8144044,39.1914934],[-106.8144398,39.1914016],[-106.8146572,39.191452],[-106.8146218,39.1915438],[-106.8145841,39.1915351]]]}},{"type":"Feature","id":"building-228759995","properties":{"kind":"building","name":"Alpine building","height":7.2},"geometry":{"type":"Polygon","coordinates":[[[-106.8182007,39.1907615],[-106.8181283,39.1907471],[-106.8181681,39.190627],[-106.8184567,39.1906844],[-106.8184445,39.1907212],[-106.818427,39.1907177],[-106.8184154,39.1907527],[-106.8184405,39.1907577],[-106.8184245,39.1908061],[-106.818265,39.1907743],[-106.8182598,39.1907901],[-106.8181954,39.1907773],[-106.8182007,39.1907615]]]}},{"type":"Feature","id":"building-229234282","properties":{"kind":"building","name":"Alpine building","height":7.2},"geometry":{"type":"Polygon","coordinates":[[[-106.8117071,39.1917027],[-106.811826,39.1915605],[-106.8119092,39.1916023],[-106.8117903,39.1917445],[-106.8117071,39.1917027]]]}},{"type":"Feature","id":"building-229234384","properties":{"kind":"building","name":"Alpine building","height":7.2},"geometry":{"type":"Polygon","coordinates":[[[-106.8108418,39.1916041],[-106.8108859,39.1915509],[-106.8109474,39.1915815],[-106.8108445,39.1917058],[-106.810783,39.1916752],[-106.8107871,39.1916702],[-106.8107399,39.1916467],[-106.8107945,39.1915806],[-106.8108418,39.1916041]]]}},{"type":"Feature","id":"building-228700191","properties":{"kind":"building","name":"Bear Den Aspen","height":7.2},"geometry":{"type":"Polygon","coordinates":[[[-106.820498,39.1899814],[-106.8205217,39.1899094],[-106.8205459,39.1899141],[-106.8205561,39.1898831],[-106.820608,39.1898933],[-106.8205977,39.1899244],[-106.8206176,39.1899283],[-106.8205985,39.1899862],[-106.8205787,39.1899823],[-106.820574,39.1899965],[-106.820498,39.1899814]]]}},{"type":"Feature","id":"building-229234313","properties":{"kind":"building","name":"Alpine building","height":7.2},"geometry":{"type":"Polygon","coordinates":[[[-106.8127493,39.1916911],[-106.812715,39.1916662],[-106.8127596,39.1916292],[-106.8127939,39.1916541],[-106.8127493,39.1916911]]]}},{"type":"Feature","id":"building-228989549","properties":{"kind":"building","name":"Alpine building","height":7.2},"geometry":{"type":"Polygon","coordinates":[[[-106.8132665,39.1916864],[-106.8131908,39.1916752],[-106.813208,39.1916056],[-106.8132837,39.1916168],[-106.8132665,39.1916864]]]}},{"type":"Feature","id":"building-228881778","properties":{"kind":"building","name":"Alpine building","height":7.2},"geometry":{"type":"Polygon","coordinates":[[[-106.8168635,39.1911895],[-106.8168172,39.1911819],[-106.8168183,39.1911777],[-106.8167874,39.1911581],[-106.8167939,39.1911339],[-106.8168249,39.1911535],[-106.8168258,39.19115],[-106.8168721,39.1911576],[-106.8168635,39.1911895]]]}},{"type":"Feature","id":"building-229234368","properties":{"kind":"building","name":"Alpine building","height":7.2},"geometry":{"type":"Polygon","coordinates":[[[-106.8122864,39.1917136],[-106.8123753,39.1916029],[-106.8124313,39.19163],[-106.8123728,39.1917028],[-106.8123878,39.19171],[-106.8123573,39.1917478],[-106.8122864,39.1917136]]]}},{"type":"Feature","id":"building-229234323","properties":{"kind":"building","name":"Alpine building","height":7.2},"geometry":{"type":"Polygon","coordinates":[[[-106.8127796,39.1916732],[-106.8128011,39.1916554],[-106.8128322,39.1916779],[-106.8128107,39.1916958],[-106.8127796,39.1916732]]]}},{"type":"Feature","id":"building-228881761","properties":{"kind":"building","name":"Alpine building","height":7.2},"geometry":{"type":"Polygon","coordinates":[[[-106.8162919,39.1911313],[-106.816343,39.1911405],[-106.8163352,39.1911666],[-106.8163825,39.1911751],[-106.8163869,39.1911606],[-106.816489,39.191179],[-106.816484,39.1911954],[-106.8166747,39.1912944],[-106.8166654,39.1913253],[-106.8167164,39.1913345],[-106.816709,39.1913591],[-106.8167543,39.1913673],[-106.816742,39.1914083],[-106.8167781,39.1914148],[-106.8167848,39.1914447],[-106.8167769,39.1914891],[-106.8167502,39.1915078],[-106.8167252,39.1915098],[-106.8167101,39.1915006],[-106.8165919,39.1914793],[-106.8166008,39.1914495],[-106.8165415,39.1914388],[-106.8165369,39.191454],[-106.8164437,39.1914372],[-106.8164483,39.191422],[-106.816341,39.1914027],[-106.8159621,39.1912093],[-106.8159745,39.1911947],[-106.8159423,39.1911783],[-106.8158722,39.1911223],[-106.8159621,39.1910659],[-106.815937,39.191046],[-106.8159744,39.191002],[-106.8160565,39.1910439],[-106.8160805,39.1910156],[-106.8162029,39.191078],[-106.8161876,39.1910959],[-106.8162151,39.19111],[-106.8162304,39.191092],[-106.8162966,39.1911258],[-106.8162919,39.1911313]]]}},{"type":"Feature","id":"building-229234349","properties":{"kind":"building","name":"Alpine building","height":7.2},"geometry":{"type":"Polygon","coordinates":[[[-106.8115065,39.1918077],[-106.8114175,39.191766],[-106.81153,39.191622],[-106.8115833,39.1916342],[-106.8116189,39.1916638],[-106.8115065,39.1918077]]]}},{"type":"Feature","id":"building-229234416","properties":{"kind":"building","name":"Alpine building","height":7.2},"geometry":{"type":"Polygon","coordinates":[[[-106.8109341,39.1917939],[-106.8108955,39.1917769],[-106.8110013,39.1916325],[-106.8110399,39.1916495],[-106.8110297,39.1916635],[-106.8110479,39.1916715],[-106.8110213,39.1917077],[-106.8110031,39.1916997],[-106.8109341,39.1917939]]]}},{"type":"Feature","id":"building-228725985","properties":{"kind":"building","name":"Alpine building","height":7.2},"geometry":{"type":"Polygon","coordinates":[[[-106.8231429,39.1888312],[-106.8229131,39.1887856],[-106.8229708,39.1886109],[-106.8232006,39.1886565],[-106.8231429,39.1888312]]]}},{"type":"Feature","id":"building-228700205","properties":{"kind":"building","name":"Alpine building","height":7.2},"geometry":{"type":"Polygon","coordinates":[[[-106.8220385,39.1894458],[-106.8219086,39.18942],[-106.821945,39.18931],[-106.8219891,39.1893187],[-106.8219957,39.1892987],[-106.8220089,39.1893013],[-106.8220294,39.1892392],[-106.8221019,39.1892536],[-106.8220869,39.1892992],[-106.8220828,39.1892984],[-106.8220751,39.1893217],[-106.8220792,39.1893225],[-106.8220385,39.1894458]]]}},{"type":"Feature","id":"building-228700279","properties":{"kind":"building","name":"Steakhouse No. 316","height":7.2},"geometry":{"type":"Polygon","coordinates":[[[-106.820115,39.1900994],[-106.820039,39.1903327],[-106.819997,39.1903245],[-106.819988,39.1903517],[-106.819917,39.1903376],[-106.820002,39.1900771],[-106.820115,39.1900994]]]}},{"type":"Feature","id":"building-229234359","properties":{"kind":"building","name":"Alpine building","height":7.2},"geometry":{"type":"Polygon","coordinates":[[[-106.8119273,39.1916575],[-106.8120011,39.1916992],[-106.8119745,39.1917276],[-106.8119885,39.1917355],[-106.8118985,39.1918315],[-106.8118105,39.1917819],[-106.8119273,39.1916575]]]}},{"type":"Feature","id":"building-228760015","properties":{"kind":"building","name":"Alpine building","height":7.2},"geometry":{"type":"Polygon","coordinates":[[[-106.8182918,39.1909354],[-106.8180867,39.1908946],[-106.8181157,39.1908071],[-106.8183208,39.190848],[-106.8182918,39.1909354]]]}},{"type":"Feature","id":"building-228443899","properties":{"kind":"building","name":"Alpine building","height":7.2},"geometry":{"type":"Polygon","coordinates":[[[-106.8245985,39.1878021],[-106.8244013,39.1877629],[-106.8244313,39.1876725],[-106.8246284,39.1877117],[-106.8245985,39.1878021]]]}},{"type":"Feature","id":"building-229234427","properties":{"kind":"building","name":"Alpine building","height":7.2},"geometry":{"type":"Polygon","coordinates":[[[-106.8123542,39.1918266],[-106.8124885,39.1916695],[-106.8125381,39.191695],[-106.8125165,39.1917203],[-106.8125327,39.1917286],[-106.8125079,39.1917576],[-106.8124917,39.1917493],[-106.8124038,39.1918521],[-106.8123542,39.1918266]]]}},{"type":"Feature","id":"building-228759994","properties":{"kind":"building","name":"Alpine building","height":7.2},"geometry":{"type":"Polygon","coordinates":[[[-106.8185157,39.1907327],[-106.8185303,39.1907176],[-106.8185643,39.1907138],[-106.8185917,39.1907298],[-106.8185965,39.1907561],[-106.8186396,39.1907647],[-106.8186366,39.1907738],[-106.8187248,39.1907914],[-106.8186614,39.1909825],[-106.8184016,39.1909308],[-106.8184702,39.1907237],[-106.8185157,39.1907327]]]}},{"type":"Feature","id":"building-228443941","properties":{"kind":"building","name":"Alpine building","height":7.2},"geometry":{"type":"Polygon","coordinates":[[[-106.8245468,39.1879506],[-106.8243348,39.1879084],[-106.8243452,39.1878771],[-106.824287,39.1878655],[-106.8242979,39.1878325],[-106.8243561,39.1878441],[-106.8243653,39.1878166],[-106.8245773,39.1878588],[-106.8245468,39.1879506]]]}},{"type":"Feature","id":"building-228725925","properties":{"kind":"building","name":"Alpine building","height":7.2},"geometry":{"type":"Polygon","coordinates":[[[-106.8226233,39.1891164],[-106.8226073,39.1891132],[-106.8225881,39.1891712],[-106.8224551,39.1891448],[-106.8224753,39.1890838],[-106.8224913,39.189087],[-106.8225105,39.1890289],[-106.8225269,39.1890322],[-106.822546,39.1889743],[-106.8226791,39.1890007],[-106.8226589,39.1890618],[-106.8226425,39.1890585],[-106.8226233,39.1891164]]]}},{"type":"Feature","id":"building-228725980","properties":{"kind":"building","name":"Alpine building","height":7.2},"geometry":{"type":"Polygon","coordinates":[[[-106.8235892,39.188587],[-106.8234658,39.1885626],[-106.823538,39.1883438],[-106.8236614,39.1883683],[-106.8235892,39.188587]]]}},{"type":"Feature","id":"building-229234358","properties":{"kind":"building","name":"Alpine building","height":7.2},"geometry":{"type":"Polygon","coordinates":[[[-106.8106355,39.1918511],[-106.810538,39.1917993],[-106.8106074,39.1917208],[-106.8106316,39.1917336],[-106.8106886,39.1916691],[-106.810762,39.1917081],[-106.8106355,39.1918511]]]}},{"type":"Feature","id":"building-228760008","properties":{"kind":"building","name":"Alpine building","height":7.2},"geometry":{"type":"Polygon","coordinates":[[[-106.8176652,39.1910719],[-106.8176878,39.1910023],[-106.8178237,39.1910288],[-106.8178011,39.1910984],[-106.8176652,39.1910719]]]}},{"type":"Feature","id":"building-229234342","properties":{"kind":"building","name":"Alpine building","height":7.2},"geometry":{"type":"Polygon","coordinates":[[[-106.8123282,39.191806],[-106.8123066,39.1917917],[-106.8123314,39.1917692],[-106.812353,39.1917835],[-106.8123282,39.191806]]]}},{"type":"Feature","id":"building-229234274","properties":{"kind":"building","name":"Alpine building","height":7.2},"geometry":{"type":"Polygon","coordinates":[[[-106.8115234,39.1918298],[-106.811613,39.1917088],[-106.8117049,39.1917497],[-106.8116153,39.1918706],[-106.8115234,39.1918298]]]}},{"type":"Feature","id":"building-229234329","properties":{"kind":"building","name":"Alpine building","height":7.2},"geometry":{"type":"Polygon","coordinates":[[[-106.8109928,39.1918282],[-106.8111023,39.1916917],[-106.8111799,39.1917291],[-106.8110704,39.1918656],[-106.8109928,39.1918282]]]}},{"type":"Feature","id":"building-229234327","properties":{"kind":"building","name":"Alpine building","height":7.2},"geometry":{"type":"Polygon","coordinates":[[[-106.8119243,39.1918415],[-106.8120168,39.1917429],[-106.8120719,39.1917739],[-106.8119794,39.1918725],[-106.8119243,39.1918415]]]}},{"type":"Feature","id":"building-228700272","properties":{"kind":"building","name":"Alpine building","height":7.2},"geometry":{"type":"Polygon","coordinates":[[[-106.8202347,39.1904277],[-106.8202864,39.1902707],[-106.8203219,39.1901628],[-106.820115,39.1900994],[-106.820039,39.1903327],[-106.8200377,39.1903887],[-106.8202347,39.1904277]]]}},{"type":"Feature","id":"building-228700219","properties":{"kind":"building","name":"Alpine building","height":7.2},"geometry":{"type":"Polygon","coordinates":[[[-106.8197166,39.190377],[-106.8196969,39.1904367],[-106.8197041,39.1905637],[-106.8196898,39.1906071],[-106.8197063,39.1906324],[-106.81967,39.1906467],[-106.8196534,39.1906214],[-106.8195162,39.1905728],[-106.8195133,39.1905814],[-106.8195218,39.1905831],[-106.8195094,39.1906208],[-106.819402,39.1905995],[-106.8194595,39.1904247],[-106.8194674,39.1904263],[-106.8194745,39.1904048],[-106.819461,39.1904021],[-106.8194844,39.1903311],[-106.8197166,39.190377]]]}},{"type":"Feature","id":"building-228989546","properties":{"kind":"building","name":"Alpine building","height":7.2},"geometry":{"type":"Polygon","coordinates":[[[-106.8145514,39.1917413],[-106.8144532,39.1917186],[-106.8144837,39.1916393],[-106.814582,39.1916621],[-106.8145514,39.1917413]]]}},{"type":"Feature","id":"building-229234360","properties":{"kind":"building","name":"Alpine building","height":7.2},"geometry":{"type":"Polygon","coordinates":[[[-106.8110871,39.1919065],[-106.8111833,39.1917867],[-106.8111886,39.1917893],[-106.8112059,39.1917677],[-106.8112818,39.1918042],[-106.8111683,39.1919456],[-106.8110871,39.1919065]]]}},{"type":"Feature","id":"building-229234281","properties":{"kind":"building","name":"Alpine building","height":7.2},"geometry":{"type":"Polygon","coordinates":[[[-106.810739,39.1919243],[-106.8106453,39.1918718],[-106.8107899,39.1917166],[-106.8108836,39.1917691],[-106.810739,39.1919243]]]}},{"type":"Feature","id":"building-228989511","properties":{"kind":"building","name":"Alpine building","height":7.2},"geometry":{"type":"Polygon","coordinates":[[[-106.8153537,39.1915797],[-106.8153823,39.1915864],[-106.8153659,39.1916289],[-106.8153856,39.1916377],[-106.8153997,39.1916515],[-106.8154064,39.1916683],[-106.8154047,39.1916859],[-106.8154143,39.1916881],[-106.8153997,39.191726],[-106.8151738,39.1916736],[-106.8152399,39.1915023],[-106.8153123,39.1915191],[-106.815334,39.191528],[-106.8153495,39.1915427],[-106.8153564,39.1915609],[-106.8153537,39.1915797]]]}},{"type":"Feature","id":"building-229234254","properties":{"kind":"building","name":"Alpine building","height":7.2},"geometry":{"type":"Polygon","coordinates":[[[-106.8124244,39.1918735],[-106.8124036,39.1918628],[-106.8124237,39.1918393],[-106.8124445,39.1918499],[-106.8124244,39.1918735]]]}},{"type":"Feature","id":"building-229234320","properties":{"kind":"building","name":"Alpine building","height":7.2},"geometry":{"type":"Polygon","coordinates":[[[-106.8124449,39.191904],[-106.8125645,39.1917642],[-106.8126458,39.191806],[-106.8125262,39.1919457],[-106.8124449,39.191904]]]}},{"type":"Feature","id":"building-229234401","properties":{"kind":"building","name":"Alpine building","height":7.2},"geometry":{"type":"Polygon","coordinates":[[[-106.8116571,39.1919254],[-106.8116723,39.1918209],[-106.8116836,39.1918219],[-106.811685,39.1918124],[-106.8117627,39.1918192],[-106.8117533,39.1918842],[-106.8117297,39.1918821],[-106.8117226,39.1919311],[-106.8116571,39.1919254]]]}},{"type":"Feature","id":"building-228443869","properties":{"kind":"building","name":"Alpine building","height":7.2},"geometry":{"type":"Polygon","coordinates":[[[-106.8245935,39.188068],[-106.8241966,39.187989],[-106.8242187,39.1879224],[-106.8246155,39.1880014],[-106.8245935,39.188068]]]}},{"type":"Feature","id":"building-228443866","properties":{"kind":"building","name":"Alpine building","height":7.2},"geometry":{"type":"Polygon","coordinates":[[[-106.8247406,39.1878149],[-106.824651,39.1877971],[-106.8246753,39.1877237],[-106.8247649,39.1877415],[-106.8247406,39.1878149]]]}},{"type":"Feature","id":"building-228989538","properties":{"kind":"building","name":"Alpine building","height":7.2},"geometry":{"type":"Polygon","coordinates":[[[-106.8148716,39.1916027],[-106.8148799,39.1915812],[-106.8149579,39.1915993],[-106.8148752,39.1918137],[-106.8148604,39.1918102],[-106.8148572,39.1918184],[-106.8148042,39.1918061],[-106.8148074,39.1917979],[-106.8147516,39.191785],[-106.814747,39.1917971],[-106.8146878,39.1917834],[-106.8146925,39.1917713],[-106.8146702,39.1917661],[-106.8146621,39.1917871],[-106.8146108,39.1917752],[-106.8146189,39.1917543],[-106.8146054,39.1917511],[-106.8146502,39.1916348],[-106.8147373,39.191655],[-106.8147408,39.191646],[-106.8148,39.1916597],[-106.8147965,39.1916687],[-106.8148421,39.1916793],[-106.8148519,39.1916539],[-106.8148405,39.1916512],[-106.8148602,39.1916001],[-106.8148716,39.1916027]]]}},{"type":"Feature","id":"building-229234284","properties":{"kind":"building","name":"Alpine building","height":7.2},"geometry":{"type":"Polygon","coordinates":[[[-106.8120913,39.1919887],[-106.8120129,39.1919519],[-106.8121188,39.1918163],[-106.8121972,39.1918531],[-106.8120913,39.1919887]]]}},{"type":"Feature","id":"building-229234369","properties":{"kind":"building","name":"Alpine building","height":7.2},"geometry":{"type":"Polygon","coordinates":[[[-106.8125379,39.1919816],[-106.8126429,39.1918473],[-106.8126739,39.1918619],[-106.8126909,39.1918402],[-106.8127337,39.1918603],[-106.8126118,39.1920163],[-106.8125379,39.1919816]]]}},{"type":"Feature","id":"building-228725937","properties":{"kind":"building","name":"Alpine building","height":7.2},"geometry":{"type":"Polygon","coordinates":[[[-106.8233227,39.1888672],[-106.8232067,39.1888441],[-106.8232402,39.1887426],[-106.82326,39.1887465],[-106.8232674,39.188724],[-106.8233438,39.1887392],[-106.8233523,39.1887136],[-106.823379,39.188719],[-106.8233835,39.1887054],[-106.8234274,39.1887141],[-106.8234309,39.1887036],[-106.8235336,39.188724],[-106.8234926,39.1888481],[-106.8234117,39.188832],[-106.8234037,39.1888561],[-106.8233311,39.1888417],[-106.8233227,39.1888672]]]}},{"type":"Feature","id":"building-228725922","properties":{"kind":"building","name":"Alpine building","height":7.2},"geometry":{"type":"Polygon","coordinates":[[[-106.8227757,39.1892133],[-106.8227689,39.189234],[-106.8227106,39.1892225],[-106.8227175,39.1892018],[-106.8226636,39.1891911],[-106.8226757,39.1891544],[-106.8226622,39.1891517],[-106.8226793,39.1890999],[-106.8227179,39.1891076],[-106.8227404,39.1890395],[-106.8228393,39.1890592],[-106.8227876,39.1892157],[-106.8227757,39.1892133]]]}},{"type":"Feature","id":"building-228700214","properties":{"kind":"building","name":"Alpine building","height":7.2},"geometry":{"type":"Polygon","coordinates":[[[-106.8203975,39.1904599],[-106.8202347,39.1904277],[-106.8202864,39.1902707],[-106.8203211,39.1902775],[-106.8203357,39.1902335],[-106.8203686,39.19024],[-106.8203714,39.1902314],[-106.8204152,39.19024],[-106.8204261,39.1902067],[-106.8204784,39.190217],[-106.8204674,39.1902504],[-106.8204842,39.1902537],[-106.8204441,39.1903755],[-106.8203615,39.1903592],[-106.8203426,39.1904164],[-106.8204076,39.1904292],[-106.8203975,39.1904599]]]}},{"type":"Feature","id":"building-228443805","properties":{"kind":"building","name":"Alpine building","height":7.2},"geometry":{"type":"Polygon","coordinates":[[[-106.8242554,39.1882051],[-106.8242053,39.1881954],[-106.8242159,39.1881624],[-106.8241761,39.1881548],[-106.8241957,39.1880937],[-106.8242355,39.1881013],[-106.8242391,39.1880902],[-106.8242996,39.1881018],[-106.8242924,39.1881243],[-106.8243399,39.1881334],[-106.8243357,39.1881467],[-106.824375,39.1881542],[-106.8243544,39.1882184],[-106.8243151,39.1882109],[-106.8243059,39.1882399],[-106.8242478,39.1882287],[-106.824253,39.1882126],[-106.8242554,39.1882051]]]}},{"type":"Feature","id":"building-228725995","properties":{"kind":"building","name":"Alpine building","height":7.2},"geometry":{"type":"Polygon","coordinates":[[[-106.8225539,39.1893808],[-106.8223848,39.1893472],[-106.8224099,39.1892711],[-106.8225791,39.1893047],[-106.8225539,39.1893808]]]}},{"type":"Feature","id":"building-228700268","properties":{"kind":"building","name":"Alpine building","height":7.2},"geometry":{"type":"Polygon","coordinates":[[[-106.8199302,39.1906646],[-106.819965,39.190559],[-106.8200051,39.1904374],[-106.8197961,39.190396],[-106.8197213,39.1906233],[-106.8199302,39.1906646]]]}},{"type":"Feature","id":"building-229234325","properties":{"kind":"building","name":"Alpine building","height":7.2},"geometry":{"type":"Polygon","coordinates":[[[-106.8108606,39.191984],[-106.8108232,39.191964],[-106.8109175,39.1918584],[-106.8109549,39.1918785],[-106.8108606,39.191984]]]}},{"type":"Feature","id":"building-229234421","properties":{"kind":"building","name":"Alpine building","height":7.2},"geometry":{"type":"Polygon","coordinates":[[[-106.8111797,39.1919871],[-106.8113019,39.1918516],[-106.8113499,39.1918776],[-106.8113307,39.1918989],[-106.8113659,39.191918],[-106.811285,39.1920077],[-106.8112497,39.1919886],[-106.8112277,39.1920131],[-106.8111797,39.1919871]]]}},{"type":"Feature","id":"building-229234290","properties":{"kind":"building","name":"Alpine building","height":7.2},"geometry":{"type":"Polygon","coordinates":[[[-106.8117981,39.1920375],[-106.8117672,39.1920239],[-106.8118755,39.1918762],[-106.8119064,39.1918898],[-106.8117981,39.1920375]]]}},{"type":"Feature","id":"building-228989500","properties":{"kind":"building","name":"Alpine building","height":7.2},"geometry":{"type":"Polygon","coordinates":[[[-106.8142126,39.1919606],[-106.8140834,39.1919323],[-106.814104,39.1918757],[-106.8140869,39.1918719],[-106.8140655,39.1919306],[-106.8139861,39.1919132],[-106.8140412,39.191762],[-106.8141428,39.1917843],[-106.8141286,39.1918233],[-106.8141631,39.1918308],[-106.8141561,39.1918499],[-106.8142458,39.1918696],[-106.8142126,39.1919606]]]}},{"type":"Feature","id":"building-228700233","properties":{"kind":"building","name":"Alpine building","height":7.2},"geometry":{"type":"Polygon","coordinates":[[[-106.8215383,39.189815],[-106.8214218,39.1897919],[-106.8214363,39.1897477],[-106.8214162,39.1897437],[-106.8214639,39.189599],[-106.8214965,39.1896055],[-106.821499,39.1895979],[-106.821635,39.1896249],[-106.8216083,39.1897056],[-106.8216502,39.1897139],[-106.8216529,39.1897058],[-106.8217171,39.1897185],[-106.8217145,39.1897266],[-106.8218112,39.1897458],[-106.8218139,39.1897377],[-106.821872,39.1897492],[-106.8218693,39.1897573],[-106.8218798,39.1897594],[-106.8218635,39.189809],[-106.8218886,39.189814],[-106.82187,39.1898702],[-106.8218375,39.1898638],[-106.8218408,39.1898538],[-106.8218206,39.1898497],[-106.8218172,39.1898598],[-106.8217795,39.1898523],[-106.8217828,39.1898422],[-106.8217159,39.189829],[-106.8217125,39.189839],[-106.821669,39.1898304],[-106.8216723,39.1898203],[-106.8215892,39.1898039],[-106.8215745,39.1898484],[-106.8215301,39.1898396],[-106.8215383,39.189815]]]}},{"type":"Feature","id":"building-228760004","properties":{"kind":"building","name":"Alpine building","height":7.2},"geometry":{"type":"Polygon","coordinates":[[[-106.8175202,39.1914354],[-106.8174352,39.1914185],[-106.8174412,39.1913998],[-106.8174122,39.1913941],[-106.8174562,39.191261],[-106.8174482,39.1912594],[-106.8174702,39.1911941],[-106.8174782,39.1911957],[-106.8174862,39.191171],[-106.8175272,39.1911556],[-106.8175322,39.1911401],[-106.8176242,39.1911586],[-106.8176192,39.191174],[-106.8176452,39.1912025],[-106.8176362,39.1912272],[-106.8176542,39.1912306],[-106.8176312,39.1912984],[-106.8176142,39.191295],[-106.8175992,39.1913413],[-106.8176162,39.1913447],[-106.8176132,39.1913535],[-106.8176442,39.1913597],[-106.8176322,39.1913968],[-106.8176192,39.1914353],[-106.8175262,39.1914168],[-106.8175202,39.1914354]]]}},{"type":"Feature","id":"building-228443914","properties":{"kind":"building","name":"Alpine building","height":7.2},"geometry":{"type":"Polygon","coordinates":[[[-106.8246961,39.1879807],[-106.8246195,39.1879654],[-106.824643,39.1878944],[-106.8247196,39.1879097],[-106.8246961,39.1879807]]]}},{"type":"Feature","id":"building-229234255","properties":{"kind":"building","name":"Alpine building","height":7.2},"geometry":{"type":"Polygon","coordinates":[[[-106.8121173,39.192022],[-106.8122182,39.1918928],[-106.8122897,39.1919263],[-106.8121888,39.1920555],[-106.8121173,39.192022]]]}},{"type":"Feature","id":"building-229234404","properties":{"kind":"building","name":"Alpine building","height":7.2},"geometry":{"type":"Polygon","coordinates":[[[-106.8118943,39.1921294],[-106.8118315,39.1921011],[-106.8119346,39.1919635],[-106.8118964,39.1919463],[-106.8119224,39.1919115],[-106.8119633,39.1919299],[-106.8119514,39.1919457],[-106.8120117,39.1919728],[-106.8118943,39.1921294]]]}},{"type":"Feature","id":"building-228726029","properties":{"kind":"building","name":"Alpine building","height":7.2},"geometry":{"type":"Polygon","coordinates":[[[-106.8229243,39.1892954],[-106.8227865,39.189268],[-106.8228326,39.1891287],[-106.8228566,39.1891334],[-106.8228786,39.1890669],[-106.8229923,39.1890895],[-106.8229243,39.1892954]]]}},{"type":"Feature","id":"building-229234414","properties":{"kind":"building","name":"Alpine building","height":7.2},"geometry":{"type":"Polygon","coordinates":[[[-106.8110329,39.1919297],[-106.8110484,39.1919135],[-106.8110845,39.1919341],[-106.8109302,39.1920964],[-106.8108941,39.1920757],[-106.8109535,39.1920132],[-106.8109241,39.1919965],[-106.8110036,39.1919129],[-106.8110329,39.1919297]]]}},{"type":"Feature","id":"building-229234084","properties":{"kind":"building","name":"Alpine building","height":7.2},"geometry":{"type":"Polygon","coordinates":[[[-106.8128064,39.1919878],[-106.8127926,39.1920054],[-106.8127861,39.1920023],[-106.8127577,39.1920386],[-106.8127908,39.1920542],[-106.8127582,39.192096],[-106.8126346,39.192038],[-106.8127359,39.1919083],[-106.8128264,39.1919508],[-106.8127998,39.1919847],[-106.8128064,39.1919878]]]}},{"type":"Feature","id":"building-228700293","properties":{"kind":"building","name":"Alpine building","height":7.2},"geometry":{"type":"Polygon","coordinates":[[[-106.8200376,39.1906858],[-106.8199302,39.1906646],[-106.819965,39.190559],[-106.8200021,39.1905663],[-106.8200081,39.1905482],[-106.8200293,39.1905524],[-106.8200412,39.190516],[-106.8200903,39.1905257],[-106.8200376,39.1906858]]]}},{"type":"Feature","id":"building-228759997","properties":{"kind":"building","name":"Alpine building","height":7.2},"geometry":{"type":"Polygon","coordinates":[[[-106.8190109,39.1910711],[-106.8189821,39.1910654],[-106.8189787,39.1910754],[-106.8188983,39.1910594],[-106.818907,39.1910329],[-106.8188898,39.1910295],[-106.8189551,39.1908327],[-106.8189723,39.1908361],[-106.8189777,39.1908199],[-106.8190618,39.1908366],[-106.8190564,39.1908529],[-106.8190816,39.1908579],[-106.8190109,39.1910711]]]}},{"type":"Feature","id":"building-229234367","properties":{"kind":"building","name":"Alpine building","height":7.2},"geometry":{"type":"Polygon","coordinates":[[[-106.8112686,39.1920743],[-106.8114024,39.1919205],[-106.8114595,39.1919504],[-106.8113694,39.192054],[-106.8113853,39.1920623],[-106.8113417,39.1921125],[-106.8112686,39.1920743]]]}},{"type":"Feature","id":"building-229234318","properties":{"kind":"building","name":"Alpine building","height":7.2},"geometry":{"type":"Polygon","coordinates":[[[-106.8130212,39.1920314],[-106.8130635,39.1919939],[-106.8130916,39.1920129],[-106.8130492,39.1920505],[-106.8130212,39.1920314]]]}},{"type":"Feature","id":"building-229234428","properties":{"kind":"building","name":"Alpine building","height":7.2},"geometry":{"type":"Polygon","coordinates":[[[-106.8105091,39.1919229],[-106.8105751,39.1919616],[-106.8105517,39.1919856],[-106.8105681,39.1919953],[-106.8105343,39.1920299],[-106.8105412,39.1920339],[-106.810478,39.1920986],[-106.8103887,39.1920462],[-106.8105091,39.1919229]]]}},{"type":"Feature","id":"building-229234143","properties":{"kind":"building","name":"Alpine building","height":7.2},"geometry":{"type":"Polygon","coordinates":[[[-106.8120058,39.1921901],[-106.8119663,39.1921723],[-106.8120445,39.1920679],[-106.8120161,39.1920551],[-106.812021,39.1920484],[-106.8119931,39.1920358],[-106.8120243,39.1919942],[-106.8120669,39.1920133],[-106.8120625,39.1920191],[-106.8120778,39.192026],[-106.8120689,39.1920379],[-106.812107,39.192055],[-106.8120058,39.1921901]]]}},{"type":"Feature","id":"building-229234272","properties":{"kind":"building","name":"Alpine building","height":7.2},"geometry":{"type":"Polygon","coordinates":[[[-106.8122062,39.1921041],[-106.8123127,39.1919774],[-106.8124001,39.1920216],[-106.8122936,39.1921482],[-106.8122062,39.1921041]]]}},{"type":"Feature","id":"building-228725993","properties":{"kind":"building","name":"Alpine building","height":7.2},"geometry":{"type":"Polygon","coordinates":[[[-106.8225595,39.1895601],[-106.822402,39.1895288],[-106.8224448,39.1893992],[-106.8226024,39.1894304],[-106.8225595,39.1895601]]]}},{"type":"Feature","id":"building-229234256","properties":{"kind":"building","name":"Alpine building","height":7.2},"geometry":{"type":"Polygon","coordinates":[[[-106.8110548,39.1921648],[-106.8109879,39.1921321],[-106.8111114,39.1919806],[-106.8111782,39.1920134],[-106.8110548,39.1921648]]]}},{"type":"Feature","id":"building-228443793","properties":{"kind":"building","name":"Alpine building","height":7.2},"geometry":{"type":"Polygon","coordinates":[[[-106.8244103,39.1883368],[-106.8243602,39.1883272],[-106.8243656,39.1883104],[-106.8243258,39.1883027],[-106.8243453,39.1882417],[-106.8243852,39.1882493],[-106.8243951,39.1882182],[-106.8244557,39.1882299],[-106.8244483,39.188253],[-106.8244958,39.1882622],[-106.8244854,39.1882946],[-106.8245247,39.1883022],[-106.8245041,39.1883664],[-106.8244648,39.1883589],[-106.8244607,39.1883717],[-106.8244027,39.1883606],[-106.8244103,39.1883368]]]}},{"type":"Feature","id":"building-228989509","properties":{"kind":"building","name":"Alpine building","height":7.2},"geometry":{"type":"Polygon","coordinates":[[[-106.8151355,39.1918462],[-106.8151355,39.1917737],[-106.8152241,39.1917737],[-106.8152241,39.1918242],[-106.8152431,39.1918242],[-106.8152431,39.1918462],[-106.8152757,39.1918462],[-106.8152757,39.1920168],[-106.8151847,39.1920168],[-106.8151847,39.1920421],[-106.8150869,39.1920421],[-106.8150869,39.1919401],[-106.8151152,39.1919401],[-106.8151152,39.1918462],[-106.8151355,39.1918462]]]}},{"type":"Feature","id":"building-228443964","properties":{"kind":"building","name":"Alpine building","height":7.2},"geometry":{"type":"Polygon","coordinates":[[[-106.8247076,39.1881692],[-106.8246144,39.1881521],[-106.824648,39.1880424],[-106.8247412,39.1880596],[-106.8247398,39.1880642],[-106.8248059,39.1880763],[-106.8247815,39.1881559],[-106.8247154,39.1881437],[-106.8247076,39.1881692]]]}},{"type":"Feature","id":"building-229234315","properties":{"kind":"building","name":"Alpine building","height":7.2},"geometry":{"type":"Polygon","coordinates":[[[-106.8113685,39.1921569],[-106.8114707,39.1920453],[-106.8115475,39.1920875],[-106.8114453,39.1921991],[-106.8113685,39.1921569]]]}},{"type":"Feature","id":"building-228700241","properties":{"kind":"building","name":"Alpine building","height":7.2},"geometry":{"type":"Polygon","coordinates":[[[-106.8203592,39.1905624],[-106.8203744,39.1905164],[-106.820424,39.1905262],[-106.8204089,39.1905722],[-106.8203592,39.1905624]]]}},{"type":"Feature","id":"building-229234092","properties":{"kind":"building","name":"Alpine building","height":7.2},"geometry":{"type":"Polygon","coordinates":[[[-106.812461,39.1921434],[-106.8123948,39.1922221],[-106.8123211,39.1921848],[-106.8123697,39.1921271],[-106.8123597,39.192122],[-106.8124135,39.192058],[-106.8124972,39.1921003],[-106.8124855,39.1921143],[-106.8124957,39.1921195],[-106.8124712,39.1921486],[-106.812461,39.1921434]]]}},{"type":"Feature","id":"building-228726009","properties":{"kind":"building","name":"Alpine building","height":7.2},"geometry":{"type":"Polygon","coordinates":[[[-106.822637,39.1895045],[-106.8226811,39.1893711],[-106.822774,39.1893895],[-106.8227299,39.189523],[-106.822637,39.1895045]]]}},{"type":"Feature","id":"building-228700276","properties":{"kind":"building","name":"Alpine building","height":7.2},"geometry":{"type":"Polygon","coordinates":[[[-106.8202226,39.1905973],[-106.8201819,39.1907208],[-106.8201274,39.19071],[-106.8201358,39.1906843],[-106.8200904,39.1906753],[-106.8201226,39.1905775],[-106.8202226,39.1905973]]]}},{"type":"Feature","id":"building-228989519","properties":{"kind":"building","name":"Alpine building","height":7.2},"geometry":{"type":"Polygon","coordinates":[[[-106.8137276,39.1920952],[-106.813662,39.1920777],[-106.8136654,39.1920701],[-106.8135661,39.1920436],[-106.8136139,39.1919362],[-106.8137196,39.1919644],[-106.8137221,39.191959],[-106.8139291,39.1920142],[-106.8138789,39.1921271],[-106.813839,39.1921164],[-106.813828,39.1921412],[-106.8138418,39.1921449],[-106.8138126,39.1922104],[-106.8137159,39.1921846],[-106.813745,39.192119],[-106.8137595,39.1921229],[-106.8137705,39.1920981],[-106.813731,39.1920876],[-106.8137276,39.1920952]]]}},{"type":"Feature","id":"building-229234398","properties":{"kind":"building","name":"Alpine building","height":7.2},"geometry":{"type":"Polygon","coordinates":[[[-106.8120082,39.1922323],[-106.812077,39.1921404],[-106.8120958,39.1921489],[-106.8121248,39.1921102],[-106.8121734,39.1921321],[-106.8121773,39.1921269],[-106.8122056,39.1921397],[-106.8121039,39.1922754],[-106.8120082,39.1922323]]]}},{"type":"Feature","id":"building-229234386","properties":{"kind":"building","name":"Alpine building","height":7.2},"geometry":{"type":"Polygon","coordinates":[[[-106.8104831,39.1921559],[-106.8104955,39.1921432],[-106.8104788,39.1921334],[-106.8105845,39.1920251],[-106.8106724,39.1920767],[-106.8105667,39.192185],[-106.8105287,39.1921626],[-106.8105162,39.1921754],[-106.8104831,39.1921559]]]}},{"type":"Feature","id":"building-229234347","properties":{"kind":"building","name":"Alpine building","height":7.2},"geometry":{"type":"Polygon","coordinates":[[[-106.8114786,39.1922159],[-106.8115735,39.1921124],[-106.8116232,39.1921245],[-106.8116577,39.1921587],[-106.8115628,39.1922623],[-106.8114786,39.1922159]]]}},{"type":"Feature","id":"building-229234437","properties":{"kind":"building","name":"Alpine building","height":7.2},"geometry":{"type":"Polygon","coordinates":[[[-106.8111365,39.19226],[-106.8110912,39.1922319],[-106.8111373,39.1921872],[-106.8111217,39.1921776],[-106.8111573,39.192143],[-106.8111729,39.1921527],[-106.8112358,39.1920917],[-106.8112811,39.1921198],[-106.8111365,39.19226]]]}},{"type":"Feature","id":"building-228726017","properties":{"kind":"building","name":"Alpine building","height":7.2},"geometry":{"type":"Polygon","coordinates":[[[-106.8233061,39.189359],[-106.8229699,39.1892923],[-106.823023,39.1891314],[-106.8233592,39.1891981],[-106.8233061,39.189359]]]}},{"type":"Feature","id":"building-228700292","properties":{"kind":"building","name":"Alpine building","height":7.2},"geometry":{"type":"Polygon","coordinates":[[[-106.8207592,39.1904665],[-106.8207389,39.1904624],[-106.8207977,39.1902844],[-106.8209594,39.1903164],[-106.8209006,39.1904945],[-106.8208446,39.1904834],[-106.8208395,39.1904989],[-106.8207541,39.1904819],[-106.8207592,39.1904665]]]}},{"type":"Feature","id":"building-228700210","properties":{"kind":"building","name":"Alpine building","height":7.2},"geometry":{"type":"Polygon","coordinates":[[[-106.8203464,39.1907363],[-106.8203407,39.1907352],[-106.8203368,39.1907472],[-106.820242,39.1907284],[-106.8202442,39.1907216],[-106.8201952,39.1907119],[-106.8202669,39.190494],[-106.8203398,39.1905084],[-106.8203174,39.1905767],[-106.8203704,39.1905872],[-106.820351,39.190646],[-106.8203689,39.1906495],[-106.8203644,39.1906632],[-106.8203701,39.1906643],[-106.8203464,39.1907363]]]}},{"type":"Feature","id":"building-228700223","properties":{"kind":"building","name":"Hotel Jerome, An Auberge Resort Collection","height":7.2},"geometry":{"type":"Polygon","coordinates":[[[-106.8192344,39.1911376],[-106.8192001,39.1911308],[-106.8192883,39.1908629],[-106.8194576,39.1908964],[-106.8194686,39.1908628],[-106.819548,39.1908785],[-106.819537,39.1909121],[-106.8196646,39.1909373],[-106.8195764,39.1912052],[-106.8192344,39.1911376]]]}},{"type":"Feature","id":"building-228726040","properties":{"kind":"building","name":"Alpine building","height":7.2},"geometry":{"type":"Polygon","coordinates":[[[-106.8227659,39.1895673],[-106.8227214,39.1895315],[-106.8227453,39.1895137],[-106.8227804,39.1894073],[-106.8228047,39.1893892],[-106.8228656,39.1894383],[-106.8228195,39.1895779],[-106.8227659,39.1895673]]]}},{"type":"Feature","id":"building-229234277","properties":{"kind":"building","name":"Alpine building","height":7.2},"geometry":{"type":"Polygon","coordinates":[[[-106.8124785,39.1922926],[-106.8124121,39.1922639],[-106.812515,39.1921209],[-106.8125813,39.1921495],[-106.8124785,39.1922926]]]}},{"type":"Feature","id":"building-229234278","properties":{"kind":"building","name":"Alpine building","height":7.2},"geometry":{"type":"Polygon","coordinates":[[[-106.8105817,39.1922267],[-106.8107171,39.1920819],[-106.810801,39.192129],[-106.8106656,39.1922738],[-106.8105817,39.1922267]]]}},{"type":"Feature","id":"building-228700254","properties":{"kind":"building","name":"Alpine building","height":7.2},"geometry":{"type":"Polygon","coordinates":[[[-106.8214903,39.1901731],[-106.8215484,39.189997],[-106.8218094,39.1900488],[-106.8217513,39.1902249],[-106.8214903,39.1901731]]]}},{"type":"Feature","id":"building-228700274","properties":{"kind":"building","name":"Alpine building","height":7.2},"geometry":{"type":"Polygon","coordinates":[[[-106.8211343,39.1904858],[-106.8209532,39.1904499],[-106.8209903,39.1903375],[-106.8211081,39.1903609],[-106.8211118,39.1903498],[-106.8211751,39.1903624],[-106.8211343,39.1904858]]]}},{"type":"Feature","id":"building-228759998","properties":{"kind":"building","name":"Alpine building","height":7.2},"geometry":{"type":"Polygon","coordinates":[[[-106.8182612,39.1915222],[-106.8182292,39.1915159],[-106.8182172,39.191553],[-106.8181732,39.1915441],[-106.8181692,39.1915547],[-106.8178242,39.191486],[-106.8178272,39.1914754],[-106.8176942,39.1914487],[-106.8177062,39.1914116],[-106.8176322,39.1913968],[-106.8176442,39.1913597],[-106.8182732,39.1914851],[-106.8182612,39.1915222]]]}},{"type":"Feature","id":"building-229234357","properties":{"kind":"building","name":"Alpine building","height":7.2},"geometry":{"type":"Polygon","coordinates":[[[-106.8121492,39.1923266],[-106.8121936,39.1922673],[-106.8121523,39.1922488],[-106.8122118,39.1921695],[-106.8123107,39.192214],[-106.8122069,39.1923525],[-106.8121492,39.1923266]]]}},{"type":"Feature","id":"building-228443950","properties":{"kind":"building","name":"Alpine building","height":7.2},"geometry":{"type":"Polygon","coordinates":[[[-106.8247449,39.1882605],[-106.8248427,39.1882741],[-106.8248232,39.1883584],[-106.8247071,39.1883423],[-106.8247047,39.1883527],[-106.8246385,39.1883435],[-106.824665,39.1882287],[-106.8247495,39.1882405],[-106.8247449,39.1882605]]]}},{"type":"Feature","id":"building-228760003","properties":{"kind":"building","name":"Alpine building","height":7.2},"geometry":{"type":"Polygon","coordinates":[[[-106.8184176,39.1911817],[-106.818456,39.1910657],[-106.818716,39.1911175],[-106.8186897,39.1911968],[-106.8187382,39.1912065],[-106.8187855,39.1912722],[-106.8187754,39.1912766],[-106.8187669,39.1913022],[-106.818868,39.1913223],[-106.8188089,39.1915007],[-106.8186255,39.1914642],[-106.8186342,39.1914381],[-106.8186172,39.1914347],[-106.8186285,39.1914005],[-106.8186099,39.1913968],[-106.8185969,39.1914361],[-106.8185634,39.1914294],[-106.8185555,39.1914533],[-106.8183538,39.1914131],[-106.8183617,39.1913892],[-106.8183496,39.1913868],[-106.8183904,39.1912636],[-106.8183519,39.1912559],[-106.818379,39.191174],[-106.8184176,39.1911817]]]}},{"type":"Feature","id":"building-230237332","properties":{"kind":"building","name":"Alpine building","height":7.2},"geometry":{"type":"Polygon","coordinates":[[[-106.7938392,39.1750715],[-106.7938422,39.1750872],[-106.7938682,39.1750619],[-106.7939312,39.1751007],[-106.7939652,39.1750679],[-106.7940172,39.1751003],[-106.7940032,39.1751146],[-106.7940422,39.1751385],[-106.7940512,39.1751179],[-106.7942322,39.1751677],[-106.7942292,39.1751734],[-106.7942752,39.175186],[-106.7942732,39.1751907],[-106.7942892,39.1751951],[-106.7942782,39.1752198],[-106.7942622,39.1752154],[-106.7942562,39.1752271],[-106.7942112,39.1752145],[-106.7942082,39.1752198],[-106.7941682,39.1752564],[-106.7941442,39.1752498],[-106.7941402,39.1752584],[-106.7939902,39.1752172],[-106.7939922,39.1752137],[-106.7939342,39.1751978],[-106.7938792,39.1752514],[-106.7936792,39.1751284],[-106.7936922,39.1751156],[-106.7935702,39.1748787],[-106.7936312,39.1748597],[-106.7936422,39.1748822],[-106.7936582,39.1748773],[-106.7937082,39.1749741],[-106.7937242,39.1749691],[-106.7937602,39.175039],[-106.7937442,39.1750441],[-106.7937552,39.1750642],[-106.7937852,39.1750826],[-106.7937842,39.1750775],[-106.7938392,39.1750715]]]}},{"type":"Feature","id":"building-229234280","properties":{"kind":"building","name":"Alpine building","height":7.2},"geometry":{"type":"Polygon","coordinates":[[[-106.8112333,39.1923106],[-106.8113241,39.1922075],[-106.8113602,39.1922266],[-106.8112694,39.1923297],[-106.8112333,39.1923106]]]}},{"type":"Feature","id":"building-229234408","properties":{"kind":"building","name":"Alpine building","height":7.2},"geometry":{"type":"Polygon","coordinates":[[[-106.8097538,39.1921856],[-106.8096888,39.1922082],[-106.8096674,39.1921713],[-106.8097618,39.1921384],[-106.8097832,39.1921754],[-106.8097793,39.1921768],[-106.809785,39.1921866],[-106.8097596,39.1921955],[-106.8097538,39.1921856]]]}},{"type":"Feature","id":"building-229234394","properties":{"kind":"building","name":"Alpine building","height":7.2},"geometry":{"type":"Polygon","coordinates":[[[-106.8115814,39.1923172],[-106.8116837,39.1921855],[-106.8117591,39.1922206],[-106.8117274,39.1922615],[-106.8117368,39.1922659],[-106.8116727,39.1923485],[-106.8116633,39.1923441],[-106.8116569,39.1923524],[-106.8115814,39.1923172]]]}},{"type":"Feature","id":"building-228989530","properties":{"kind":"building","name":"Alpine building","height":7.2},"geometry":{"type":"Polygon","coordinates":[[[-106.8143625,39.1921654],[-106.814328,39.1921549],[-106.8143174,39.1921758],[-106.8142235,39.1921473],[-106.8143035,39.1919891],[-106.8143974,39.1920176],[-106.8143789,39.1920543],[-106.8146123,39.1921252],[-106.8145614,39.1922259],[-106.8144384,39.1921885],[-106.8144321,39.1922009],[-106.8144435,39.1922044],[-106.8144208,39.1922492],[-106.8144094,39.1922458],[-106.814406,39.1922525],[-106.8143301,39.1922295],[-106.8143335,39.1922227],[-106.8143217,39.1922191],[-106.8143444,39.1921743],[-106.8143562,39.1921778],[-106.8143625,39.1921654]]]}},{"type":"Feature","id":"building-229234300","properties":{"kind":"building","name":"Alpine building","height":7.2},"geometry":{"type":"Polygon","coordinates":[[[-106.8105669,39.1922652],[-106.8105443,39.192247],[-106.8105645,39.1922319],[-106.8105871,39.1922501],[-106.8105669,39.1922652]]]}},{"type":"Feature","id":"building-229234224","properties":{"kind":"building","name":"Alpine building","height":7.2},"geometry":{"type":"Polygon","coordinates":[[[-106.8064041,39.191682],[-106.8063844,39.1917203],[-106.8064131,39.1917292],[-106.8063621,39.1918282],[-106.8062586,39.1917962],[-106.8063057,39.1917047],[-106.806272,39.1916942],[-106.8063,39.1916397],[-106.8062602,39.1915624],[-106.8062799,39.1915563],[-106.8062662,39.1915298],[-106.8061526,39.1914946],[-106.8061879,39.1914262],[-106.8063268,39.1914692],[-106.8063955,39.1914479],[-106.8064192,39.191494],[-106.8064309,39.1914904],[-106.8064735,39.191573],[-106.8064295,39.1915866],[-106.8064492,39.1916249],[-106.8063981,39.1916407],[-106.8063806,39.1916747],[-106.8064041,39.191682]]]}},{"type":"Feature","id":"building-229234387","properties":{"kind":"building","name":"Alpine building","height":7.2},"geometry":{"type":"Polygon","coordinates":[[[-106.8107089,39.1923257],[-106.8107502,39.1922815],[-106.810736,39.1922736],[-106.8107967,39.1922087],[-106.8108205,39.192222],[-106.8108312,39.1922105],[-106.8109114,39.1922556],[-106.8107988,39.1923761],[-106.8107089,39.1923257]]]}},{"type":"Feature","id":"building-229234440","properties":{"kind":"building","name":"Alpine building","height":7.2},"geometry":{"type":"Polygon","coordinates":[[[-106.8129635,39.1923909],[-106.8127451,39.1923079],[-106.8127855,39.192244],[-106.8128537,39.1922699],[-106.8128697,39.1922447],[-106.8129305,39.1922678],[-106.8129223,39.1922807],[-106.8130117,39.1923147],[-106.8129635,39.1923909]]]}},{"type":"Feature","id":"building-229234350","properties":{"kind":"building","name":"Alpine building","height":7.2},"geometry":{"type":"Polygon","coordinates":[[[-106.8113966,39.192384],[-106.8113177,39.1923469],[-106.8113785,39.1922693],[-106.811369,39.1922648],[-106.8113857,39.1922435],[-106.811474,39.1922851],[-106.8113966,39.192384]]]}},{"type":"Feature","id":"building-229234091","properties":{"kind":"building","name":"Alpine building","height":7.2},"geometry":{"type":"Polygon","coordinates":[[[-106.8125281,39.1923366],[-106.8125443,39.1923173],[-106.8125166,39.1923033],[-106.8126071,39.1921957],[-106.8126921,39.1922386],[-106.8126543,39.1922835],[-106.8126635,39.1922882],[-106.8126107,39.1923509],[-106.812576,39.1923334],[-106.8125598,39.1923527],[-106.8125281,39.1923366]]]}},{"type":"Feature","id":"building-229234385","properties":{"kind":"building","name":"Alpine building","height":7.2},"geometry":{"type":"Polygon","coordinates":[[[-106.8102051,39.1922549],[-106.8102375,39.1922308],[-106.8102597,39.1922487],[-106.8103768,39.1921613],[-106.8104139,39.1921911],[-106.810236,39.1923238],[-106.8101989,39.192294],[-106.8102273,39.1922728],[-106.8102051,39.1922549]]]}},{"type":"Feature","id":"building-228700261","properties":{"kind":"building","name":"Alpine building","height":7.2},"geometry":{"type":"Polygon","coordinates":[[[-106.8210053,39.1905448],[-106.820928,39.1905294],[-106.820948,39.1904689],[-106.8210253,39.1904843],[-106.8210053,39.1905448]]]}},{"type":"Feature","id":"building-229234094","properties":{"kind":"building","name":"Alpine building","height":7.2},"geometry":{"type":"Polygon","coordinates":[[[-106.8105288,39.1922268],[-106.8104975,39.1922502],[-106.8105028,39.1922544],[-106.8103217,39.1923895],[-106.810285,39.1923599],[-106.8104256,39.1922551],[-106.810404,39.1922377],[-106.8104445,39.1922075],[-106.8104692,39.1922274],[-106.8105005,39.192204],[-106.8105288,39.1922268]]]}},{"type":"Feature","id":"building-228700294","properties":{"kind":"building","name":"Hearthstone House","height":7.2},"geometry":{"type":"Polygon","coordinates":[[[-106.8223932,39.1897703],[-106.8225252,39.1897964],[-106.8224476,39.1900313],[-106.8221572,39.1899736],[-106.8221905,39.1898727],[-106.822283,39.189891],[-106.8222917,39.1898645],[-106.8223578,39.1898776],[-106.8223932,39.1897703]]]}},{"type":"Feature","id":"pylon-aspen-mountain-0","properties":{"kind":"pylon","name":"Lift tower","height":13},"geometry":{"type":"Polygon","coordinates":[[[-106.81883710303444,39.1853744],[-106.81884457092275,39.18538837444232],[-106.8188626,39.18539416284585],[-106.81888062907726,39.18538837444232],[-106.81888809696557,39.1853744],[-106.81888062907726,39.18536042555768],[-106.8188626,39.18535463715415],[-106.81884457092275,39.18536042555768],[-106.81883710303444,39.1853744]]]}},{"type":"Feature","id":"pylon-aspen-mountain-1","properties":{"kind":"pylon","name":"Lift tower","height":13},"geometry":{"type":"Polygon","coordinates":[[[-106.85748450802619,39.1716088],[-106.85749197445244,39.17162277444232],[-106.85751,39.171628562845854],[-106.85752802554757,39.17162277444232],[-106.85753549197382,39.1716088],[-106.85752802554757,39.17159482555768],[-106.85751,39.17158903715415],[-106.85749197445244,39.17159482555768],[-106.85748450802619,39.1716088]]]}},{"type":"Feature","id":"pylon-aspen-mountain-2","properties":{"kind":"pylon","name":"Lift tower","height":13},"geometry":{"type":"Polygon","coordinates":[[[-106.85735340776756,39.1723222],[-106.85736087426957,39.17233617444232],[-106.8573789,39.172341962845856],[-106.85739692573043,39.17233617444232],[-106.85740439223244,39.1723222],[-106.85739692573043,39.172308225557686],[-106.8573789,39.17230243715415],[-106.85736087426957,39.172308225557686],[-106.85735340776756,39.1723222]]]}},{"type":"Feature","id":"pylon-aspen-mountain-3","properties":{"kind":"pylon","name":"Lift tower","height":13},"geometry":{"type":"Polygon","coordinates":[[[-106.85717600741785,39.1732869],[-106.85718347402229,39.17330087444232],[-106.8572015,39.17330666284585],[-106.85721952597771,39.17330087444232],[-106.85722699258216,39.1732869],[-106.85721952597771,39.17327292555768],[-106.8572015,39.17326713715415],[-106.85718347402229,39.17327292555768],[-106.85717600741785,39.1732869]]]}},{"type":"Feature","id":"pylon-aspen-mountain-4","properties":{"kind":"pylon","name":"Lift tower","height":13},"geometry":{"type":"Polygon","coordinates":[[[-106.85669260652878,39.1757391],[-106.85670007339363,39.17575307444232],[-106.8567181,39.17575886284585],[-106.85673612660636,39.17575307444232],[-106.85674359347121,39.1757391],[-106.85673612660636,39.17572512555768],[-106.8567181,39.17571933715415],[-106.85670007339363,39.17572512555768],[-106.85669260652878,39.1757391]]]}},{"type":"Feature","id":"pylon-aspen-mountain-5","properties":{"kind":"pylon","name":"Lift tower","height":13},"geometry":{"type":"Polygon","coordinates":[[[-106.8565465061768,39.1767099],[-106.85655397314473,39.17672387444232],[-106.856572,39.17672966284585],[-106.85659002685527,39.17672387444232],[-106.8565974938232,39.1767099],[-106.85659002685527,39.17669592555768],[-106.856572,39.17669013715415],[-106.85655397314473,39.17669592555768],[-106.8565465061768,39.1767099]]]}},{"type":"Feature","id":"pylon-aspen-mountain-6","properties":{"kind":"pylon","name":"Lift tower","height":13},"geometry":{"type":"Polygon","coordinates":[[[-106.85617920545242,39.1787076],[-106.85618667263252,39.17872157444232],[-106.8562047,39.178727362845855],[-106.8562227273675,39.17872157444232],[-106.85623019454759,39.1787076],[-106.8562227273675,39.178693625557685],[-106.8562047,39.17868783715415],[-106.85618667263252,39.178693625557685],[-106.85617920545242,39.1787076]]]}},{"type":"Feature","id":"pylon-aspen-mountain-7","properties":{"kind":"pylon","name":"Lift tower","height":13},"geometry":{"type":"Polygon","coordinates":[[[-106.85609450528527,39.1791685],[-106.85610197251434,39.17918247444232],[-106.85612,39.179188262845855],[-106.85613802748567,39.17918247444232],[-106.85614549471474,39.1791685],[-106.85613802748567,39.179154525557685],[-106.85612,39.17914873715415],[-106.85610197251434,39.179154525557685],[-106.85609450528527,39.1791685]]]}},{"type":"Feature","id":"pylon-aspen-mountain-8","properties":{"kind":"pylon","name":"Lift tower","height":13},"geometry":{"type":"Polygon","coordinates":[[[-106.8560280051541,39.1795302],[-106.85603547242158,39.17954417444232],[-106.8560535,39.179549962845854],[-106.85607152757842,39.17954417444232],[-106.8560789948459,39.1795302],[-106.85607152757842,39.179516225557684],[-106.8560535,39.17951043715415],[-106.85603547242158,39.179516225557684],[-106.8560280051541,39.1795302]]]}},{"type":"Feature","id":"pylon-aspen-mountain-9","properties":{"kind":"pylon","name":"Lift tower","height":13},"geometry":{"type":"Polygon","coordinates":[[[-106.85624260481059,39.1804774],[-106.85625007217868,39.18049137444232],[-106.8562681,39.18049716284585],[-106.8562861278213,39.18049137444232],[-106.8562935951894,39.1804774],[-106.8562861278213,39.18046342555768],[-106.8562681,39.18045763715415],[-106.85625007217868,39.18046342555768],[-106.85624260481059,39.1804774]]]}},{"type":"Feature","id":"pylon-aspen-mountain-10","properties":{"kind":"pylon","name":"Lift tower","height":13},"geometry":{"type":"Polygon","coordinates":[[[-106.85677920527515,39.1791964],[-106.85678667250717,39.17921037444232],[-106.8568047,39.179216162845854],[-106.85682272749283,39.17921037444232],[-106.85683019472485,39.1791964],[-106.85682272749283,39.179182425557684],[-106.8568047,39.17917663715415],[-106.85678667250717,39.179182425557684],[-106.85677920527515,39.1791964]]]}},{"type":"Feature","id":"pylon-aspen-mountain-11","properties":{"kind":"pylon","name":"Lift tower","height":13},"geometry":{"type":"Polygon","coordinates":[[[-106.85656970509727,39.1796869],[-106.85657717238139,39.17970087444232],[-106.8565952,39.17970666284585],[-106.85661322761861,39.17970087444232],[-106.85662069490273,39.1796869],[-106.85661322761861,39.17967292555768],[-106.8565952,39.17966713715415],[-106.85657717238139,39.17967292555768],[-106.85656970509727,39.1796869]]]}},{"type":"Feature","id":"pylon-aspen-mountain-12","properties":{"kind":"pylon","name":"Lift tower","height":13},"geometry":{"type":"Polygon","coordinates":[[[-106.85737830580172,39.1777443],[-106.85738577287951,39.17775827444232],[-106.8574038,39.17776406284585],[-106.85742182712049,39.17775827444232],[-106.85742929419828,39.1777443],[-106.85742182712049,39.17773032555768],[-106.8574038,39.17772453715415],[-106.85738577287951,39.17773032555768],[-106.85737830580172,39.1777443]]]}},{"type":"Feature","id":"pylon-aspen-mountain-13","properties":{"kind":"pylon","name":"Lift tower","height":13},"geometry":{"type":"Polygon","coordinates":[[[-106.85801110637637,39.1761595],[-106.85801857328585,39.176173474442315],[-106.8580366,39.17617926284585],[-106.85805462671416,39.176173474442315],[-106.85806209362364,39.1761595],[-106.85805462671416,39.17614552555768],[-106.8580366,39.176139737154145],[-106.85801857328585,39.17614552555768],[-106.85801110637637,39.1761595]]]}},{"type":"Feature","id":"pylon-aspen-mountain-14","properties":{"kind":"pylon","name":"Lift tower","height":13},"geometry":{"type":"Polygon","coordinates":[[[-106.85783450622324,39.1765818],[-106.85784197317759,39.17659577444232],[-106.85786,39.17660156284585],[-106.85787802682242,39.17659577444232],[-106.85788549377676,39.1765818],[-106.85787802682242,39.17656782555768],[-106.85786,39.17656203715415],[-106.85784197317759,39.17656782555768],[-106.85783450622324,39.1765818]]]}},{"type":"Feature","id":"pylon-aspen-mountain-15","properties":{"kind":"pylon","name":"Lift tower","height":13},"geometry":{"type":"Polygon","coordinates":[[[-106.85479080093555,39.1911596],[-106.85479826943862,39.19117357444232],[-106.8548163,39.19117936284585],[-106.85483433056137,39.19117357444232],[-106.85484179906445,39.1911596],[-106.85483433056137,39.19114562555768],[-106.8548163,39.19113983715415],[-106.85479826943862,39.19114562555768],[-106.85479080093555,39.1911596]]]}},{"type":"Feature","id":"pylon-aspen-mountain-16","properties":{"kind":"pylon","name":"Lift tower","height":13},"geometry":{"type":"Polygon","coordinates":[[[-106.85527780101354,39.1909447],[-106.85528526949376,39.19095867444232],[-106.8553033,39.190964462845855],[-106.85532133050624,39.19095867444232],[-106.85532879898646,39.1909447],[-106.85532133050624,39.190930725557685],[-106.8553033,39.19092493715415],[-106.85528526949376,39.190930725557685],[-106.85527780101354,39.1909447]]]}},{"type":"Feature","id":"pylon-aspen-mountain-17","properties":{"kind":"pylon","name":"Lift tower","height":13},"geometry":{"type":"Polygon","coordinates":[[[-106.85708990555108,39.1784355],[-106.85709737270228,39.17844947444232],[-106.8571154,39.17845526284585],[-106.85713342729771,39.17844947444232],[-106.85714089444892,39.1784355],[-106.85713342729771,39.17842152555768],[-106.8571154,39.17841573715415],[-106.85709737270228,39.17842152555768],[-106.85708990555108,39.1784355]]]}},{"type":"Feature","id":"pylon-aspen-mountain-18","properties":{"kind":"pylon","name":"Lift tower","height":13},"geometry":{"type":"Polygon","coordinates":[[[-106.85581720477673,39.1805708],[-106.85582467215474,39.180584774442316],[-106.8558427,39.18059056284585],[-106.85586072784525,39.180584774442316],[-106.85586819522327,39.1805708],[-106.85586072784525,39.18055682555768],[-106.8558427,39.180551037154146],[-106.85582467215474,39.18055682555768],[-106.85581720477673,39.1805708]]]}},{"type":"Feature","id":"pylon-aspen-mountain-19","properties":{"kind":"pylon","name":"Lift tower","height":13},"geometry":{"type":"Polygon","coordinates":[[[-106.82299910310726,39.1851736],[-106.82300657097426,39.18518757444232],[-106.8230246,39.18519336284585],[-106.82304262902574,39.18518757444232],[-106.82305009689273,39.1851736],[-106.82304262902574,39.18515962555768],[-106.8230246,39.18515383715415],[-106.82300657097426,39.18515962555768],[-106.82299910310726,39.1851736]]]}},{"type":"Feature","id":"pylon-aspen-mountain-20","properties":{"kind":"pylon","name":"Lift tower","height":13},"geometry":{"type":"Polygon","coordinates":[[[-106.823146403374,39.1844383],[-106.82315387116286,39.184452274442314],[-106.8231719,39.18445806284585],[-106.82318992883715,39.184452274442314],[-106.82319739662601,39.1844383],[-106.82318992883715,39.18442432555768],[-106.8231719,39.184418537154144],[-106.82315387116286,39.18442432555768],[-106.823146403374,39.1844383]]]}},{"type":"Feature","id":"pylon-aspen-mountain-21","properties":{"kind":"pylon","name":"Lift tower","height":13},"geometry":{"type":"Polygon","coordinates":[[[-106.82336530379207,39.1832857],[-106.82337277145848,39.18329967444232],[-106.8233908,39.18330546284585],[-106.82340882854152,39.18329967444232],[-106.82341629620792,39.1832857],[-106.82340882854152,39.18327172555768],[-106.8233908,39.18326593715415],[-106.82337277145848,39.18327172555768],[-106.82336530379207,39.1832857]]]}},{"type":"Feature","id":"pylon-aspen-mountain-22","properties":{"kind":"pylon","name":"Lift tower","height":13},"geometry":{"type":"Polygon","coordinates":[[[-106.82346850397575,39.1827793],[-106.82347597158835,39.18279327444232],[-106.823494,39.18279906284585],[-106.82351202841164,39.18279327444232],[-106.82351949602425,39.1827793],[-106.82351202841164,39.18276532555768],[-106.823494,39.18275953715415],[-106.82347597158835,39.18276532555768],[-106.82346850397575,39.1827793]]]}},{"type":"Feature","id":"pylon-aspen-mountain-23","properties":{"kind":"pylon","name":"Lift tower","height":13},"geometry":{"type":"Polygon","coordinates":[[[-106.8235879041881,39.1821938],[-106.82359537173852,39.18220777444232],[-106.8236134,39.18221356284585],[-106.82363142826148,39.18220777444232],[-106.8236388958119,39.1821938],[-106.82363142826148,39.18217982555768],[-106.8236134,39.18217403715415],[-106.82359537173852,39.18217982555768],[-106.8235879041881,39.1821938]]]}},{"type":"Feature","id":"pylon-aspen-mountain-24","properties":{"kind":"pylon","name":"Lift tower","height":13},"geometry":{"type":"Polygon","coordinates":[[[-106.82363000426304,39.1819872],[-106.8236374717915,39.18200117444232],[-106.8236555,39.182006962845854],[-106.8236735282085,39.18200117444232],[-106.82368099573696,39.1819872],[-106.8236735282085,39.181973225557684],[-106.8236555,39.18196743715415],[-106.8236374717915,39.181973225557684],[-106.82363000426304,39.1819872]]]}},{"type":"Feature","id":"pylon-aspen-mountain-25","properties":{"kind":"pylon","name":"Lift tower","height":13},"geometry":{"type":"Polygon","coordinates":[[[-106.82387590470039,39.1807813],[-106.82388337210075,39.18079527444232],[-106.8239014,39.18080106284585],[-106.82391942789924,39.18079527444232],[-106.8239268952996,39.1807813],[-106.82391942789924,39.18076732555768],[-106.8239014,39.18076153715415],[-106.82388337210075,39.18076732555768],[-106.82387590470039,39.1807813]]]}},{"type":"Feature","id":"pylon-aspen-mountain-26","properties":{"kind":"pylon","name":"Lift tower","height":13},"geometry":{"type":"Polygon","coordinates":[[[-106.82401250494337,39.1801113],[-106.82401997227257,39.18012527444232],[-106.824038,39.18013106284585],[-106.82405602772744,39.18012527444232],[-106.82406349505663,39.1801113],[-106.82405602772744,39.18009732555768],[-106.824038,39.18009153715415],[-106.82401997227257,39.18009732555768],[-106.82401250494337,39.1801113]]]}},{"type":"Feature","id":"pylon-aspen-mountain-27","properties":{"kind":"pylon","name":"Lift tower","height":13},"geometry":{"type":"Polygon","coordinates":[[[-106.82410000509913,39.1796818],[-106.8241074723827,39.179695774442315],[-106.8241255,39.17970156284585],[-106.82414352761728,39.179695774442315],[-106.82415099490086,39.1796818],[-106.82414352761728,39.17966782555768],[-106.8241255,39.179662037154145],[-106.8241074723827,39.17966782555768],[-106.82410000509913,39.1796818]]]}},{"type":"Feature","id":"pylon-aspen-mountain-28","properties":{"kind":"pylon","name":"Lift tower","height":13},"geometry":{"type":"Polygon","coordinates":[[[-106.82423360533677,39.1790265],[-106.82424107255075,39.17904047444232],[-106.8242591,39.17904626284585],[-106.82427712744926,39.17904047444232],[-106.82428459466324,39.1790265],[-106.82427712744926,39.17901252555768],[-106.8242591,39.17900673715415],[-106.82424107255075,39.17901252555768],[-106.82423360533677,39.1790265]]]}},{"type":"Feature","id":"pylon-aspen-mountain-29","properties":{"kind":"pylon","name":"Lift tower","height":13},"geometry":{"type":"Polygon","coordinates":[[[-106.82421240529898,39.1791307],[-106.82421987252403,39.17914467444232],[-106.8242379,39.179150462845854],[-106.82425592747597,39.17914467444232],[-106.82426339470102,39.1791307],[-106.82425592747597,39.179116725557684],[-106.8242379,39.17911093715415],[-106.82421987252403,39.179116725557684],[-106.82421240529898,39.1791307]]]}},{"type":"Feature","id":"pylon-aspen-mountain-30","properties":{"kind":"pylon","name":"Lift tower","height":13},"geometry":{"type":"Polygon","coordinates":[[[-106.82444480571233,39.1779908],[-106.82445227281632,39.17800477444232],[-106.8244703,39.178010562845856],[-106.82448832718369,39.17800477444232],[-106.82449579428767,39.1779908],[-106.82448832718369,39.177976825557685],[-106.8244703,39.17797103715415],[-106.82445227281632,39.177976825557685],[-106.82444480571233,39.1779908]]]}},{"type":"Feature","id":"pylon-aspen-mountain-31","properties":{"kind":"pylon","name":"Lift tower","height":13},"geometry":{"type":"Polygon","coordinates":[[[-106.82451920584462,39.177626],[-106.82452667290985,39.177639974442314],[-106.8245447,39.17764576284585],[-106.82456272709015,39.177639974442314],[-106.82457019415538,39.177626],[-106.82456272709015,39.17761202555768],[-106.8245447,39.177606237154144],[-106.82452667290985,39.17761202555768],[-106.82451920584462,39.177626]]]}},{"type":"Feature","id":"pylon-aspen-mountain-32","properties":{"kind":"pylon","name":"Lift tower","height":13},"geometry":{"type":"Polygon","coordinates":[[[-106.82465100607918,39.1769791],[-106.8246584730757,39.176993074442315],[-106.8246765,39.17699886284585],[-106.82469452692429,39.176993074442315],[-106.82470199392081,39.1769791],[-106.82469452692429,39.17696512555768],[-106.8246765,39.176959337154145],[-106.8246584730757,39.17696512555768],[-106.82465100607918,39.1769791]]]}},{"type":"Feature","id":"pylon-aspen-mountain-33","properties":{"kind":"pylon","name":"Lift tower","height":13},"geometry":{"type":"Polygon","coordinates":[[[-106.82465850609242,39.1769426],[-106.82466597308508,39.176956574442315],[-106.824684,39.17696236284585],[-106.82470202691493,39.176956574442315],[-106.82470949390759,39.1769426],[-106.82470202691493,39.17692862555768],[-106.824684,39.176922837154144],[-106.82466597308508,39.17692862555768],[-106.82465850609242,39.1769426]]]}},{"type":"Feature","id":"pylon-aspen-mountain-34","properties":{"kind":"pylon","name":"Lift tower","height":13},"geometry":{"type":"Polygon","coordinates":[[[-106.82694220619351,39.1766638],[-106.82694967315655,39.17667777444232],[-106.8269677,39.17668356284585],[-106.82698572684345,39.17667777444232],[-106.82699319380649,39.1766638],[-106.82698572684345,39.17664982555768],[-106.8269677,39.17664403715415],[-106.82694967315655,39.17664982555768],[-106.82694220619351,39.1766638]]]}},{"type":"Feature","id":"pylon-aspen-mountain-35","properties":{"kind":"pylon","name":"Lift tower","height":13},"geometry":{"type":"Polygon","coordinates":[[[-106.82695350651149,39.1757868],[-106.82696097338139,39.175800774442315],[-106.826979,39.17580656284585],[-106.8269970266186,39.175800774442315],[-106.8270044934885,39.1757868],[-106.8269970266186,39.17577282555768],[-106.826979,39.175767037154145],[-106.82696097338139,39.17577282555768],[-106.82695350651149,39.1757868]]]}},{"type":"Feature","id":"pylon-aspen-mountain-36","properties":{"kind":"pylon","name":"Lift tower","height":13},"geometry":{"type":"Polygon","coordinates":[[[-106.82696180674593,39.1751402],[-106.82696927354718,39.17515417444232],[-106.8269873,39.175159962845854],[-106.82700532645282,39.17515417444232],[-106.82701279325407,39.1751402],[-106.82700532645282,39.17512622555768],[-106.8269873,39.17512043715415],[-106.82696927354718,39.17512622555768],[-106.82696180674593,39.1751402]]]}},{"type":"Feature","id":"pylon-aspen-mountain-37","properties":{"kind":"pylon","name":"Lift tower","height":13},"geometry":{"type":"Polygon","coordinates":[[[-106.82697120701302,39.1744035],[-106.82697867373604,39.174417474442315],[-106.8269967,39.17442326284585],[-106.82701472626395,39.174417474442315],[-106.82702219298697,39.1744035],[-106.82701472626395,39.17438952555768],[-106.8269967,39.174383737154145],[-106.82697867373604,39.17438952555768],[-106.82697120701302,39.1744035]]]}},{"type":"Feature","id":"pylon-aspen-mountain-38","properties":{"kind":"pylon","name":"Lift tower","height":13},"geometry":{"type":"Polygon","coordinates":[[[-106.82698420737836,39.1733958],[-106.82699167399437,39.17340977444232],[-106.8270097,39.173415562845854],[-106.82702772600564,39.17340977444232],[-106.82703519262165,39.1733958],[-106.82702772600564,39.173381825557684],[-106.8270097,39.17337603715415],[-106.82699167399437,39.173381825557684],[-106.82698420737836,39.1733958]]]}},{"type":"Feature","id":"pylon-aspen-mountain-39","properties":{"kind":"pylon","name":"Lift tower","height":13},"geometry":{"type":"Polygon","coordinates":[[[-106.8269958077084,39.1724854],[-106.82700327422775,39.17249937444232],[-106.8270213,39.17250516284585],[-106.82703932577225,39.17249937444232],[-106.8270467922916,39.1724854],[-106.82703932577225,39.17247142555768],[-106.8270213,39.17246563715415],[-106.82700327422775,39.17247142555768],[-106.8269958077084,39.1724854]]]}},{"type":"Feature","id":"pylon-aspen-mountain-40","properties":{"kind":"pylon","name":"Lift tower","height":13},"geometry":{"type":"Polygon","coordinates":[[[-106.82700850806685,39.1714966],[-106.8270159744812,39.171510574442316],[-106.827034,39.17151636284585],[-106.8270520255188,39.171510574442316],[-106.82705949193314,39.1714966],[-106.8270520255188,39.17148262555768],[-106.827034,39.171476837154145],[-106.8270159744812,39.17148262555768],[-106.82700850806685,39.1714966]]]}},{"type":"Feature","id":"pylon-aspen-mountain-41","properties":{"kind":"pylon","name":"Lift tower","height":13},"geometry":{"type":"Polygon","coordinates":[[[-106.82701350820811,39.1711069],[-106.82702097458109,39.171120874442316],[-106.827039,39.17112666284585],[-106.82705702541891,39.171120874442316],[-106.82706449179189,39.1711069],[-106.82705702541891,39.17109292555768],[-106.827039,39.171087137154146],[-106.82702097458109,39.17109292555768],[-106.82701350820811,39.1711069]]]}},{"type":"Feature","id":"pylon-aspen-mountain-42","properties":{"kind":"pylon","name":"Lift tower","height":13},"geometry":{"type":"Polygon","coordinates":[[[-106.82702530853982,39.1701918],[-106.82703277481563,39.170205774442316],[-106.8270508,39.17021156284585],[-106.82706882518436,39.170205774442316],[-106.82707629146017,39.1701918],[-106.82706882518436,39.17017782555768],[-106.8270508,39.170172037154146],[-106.82703277481563,39.17017782555768],[-106.82702530853982,39.1701918]]]}},{"type":"Feature","id":"pylon-aspen-mountain-43","properties":{"kind":"pylon","name":"Lift tower","height":13},"geometry":{"type":"Polygon","coordinates":[[[-106.82704730916183,39.1684757],[-106.82705477525548,39.16848967444232],[-106.8270728,39.168495462845854],[-106.82709082474452,39.16848967444232],[-106.82709829083817,39.1684757],[-106.82709082474452,39.168461725557684],[-106.8270728,39.16845593715415],[-106.82705477525548,39.168461725557684],[-106.82704730916183,39.1684757]]]}},{"type":"Feature","id":"pylon-aspen-mountain-44","properties":{"kind":"pylon","name":"Lift tower","height":13},"geometry":{"type":"Polygon","coordinates":[[[-106.82703680886553,39.1692932],[-106.82704427504595,39.16930717444232],[-106.8270623,39.16931296284585],[-106.82708032495404,39.16930717444232],[-106.82708779113446,39.1692932],[-106.82708032495404,39.16927922555768],[-106.8270623,39.169273437154146],[-106.82704427504595,39.16927922555768],[-106.82703680886553,39.1692932]]]}},{"type":"Feature","id":"pylon-aspen-mountain-45","properties":{"kind":"pylon","name":"Lift tower","height":13},"geometry":{"type":"Polygon","coordinates":[[[-106.82705460936944,39.1679029],[-106.82706207540228,39.16791687444232],[-106.8270801,39.167922662845854],[-106.82709812459773,39.16791687444232],[-106.82710559063057,39.1679029],[-106.82709812459773,39.16788892555768],[-106.8270801,39.16788313715415],[-106.82706207540228,39.16788892555768],[-106.82705460936944,39.1679029]]]}},{"type":"Feature","id":"pylon-aspen-mountain-46","properties":{"kind":"pylon","name":"Lift tower","height":13},"geometry":{"type":"Polygon","coordinates":[[[-106.82706530966927,39.1670756],[-106.82707277561428,39.167089574442315],[-106.8270908,39.16709536284585],[-106.8271088243857,39.167089574442315],[-106.82711629033072,39.1670756],[-106.8271088243857,39.16706162555768],[-106.8270908,39.167055837154145],[-106.82707277561428,39.16706162555768],[-106.82706530966927,39.1670756]]]}},{"type":"Feature","id":"pylon-aspen-mountain-47","properties":{"kind":"pylon","name":"Lift tower","height":13},"geometry":{"type":"Polygon","coordinates":[[[-106.8270809101112,39.1658562],[-106.82708837592678,39.16587017444232],[-106.8271064,39.16587596284585],[-106.82712442407323,39.16587017444232],[-106.8271318898888,39.1658562],[-106.82712442407323,39.16584222555768],[-106.8271064,39.16583643715415],[-106.82708837592678,39.16584222555768],[-106.8270809101112,39.1658562]]]}},{"type":"Feature","id":"pylon-aspen-mountain-48","properties":{"kind":"pylon","name":"Lift tower","height":13},"geometry":{"type":"Polygon","coordinates":[[[-106.8270958105324,39.1646939],[-106.8271032762246,39.16470787444232],[-106.8271213,39.164713662845855],[-106.8271393237754,39.16470787444232],[-106.8271467894676,39.1646939],[-106.8271393237754,39.164679925557685],[-106.8271213,39.16467413715415],[-106.8271032762246,39.164679925557685],[-106.8270958105324,39.1646939]]]}},{"type":"Feature","id":"pylon-aspen-mountain-49","properties":{"kind":"pylon","name":"Lift tower","height":13},"geometry":{"type":"Polygon","coordinates":[[[-106.8271033107434,39.1641116],[-106.82711077637381,39.164125574442316],[-106.8271288,39.16413136284585],[-106.82714682362618,39.164125574442316],[-106.8271542892566,39.1641116],[-106.82714682362618,39.16409762555768],[-106.8271288,39.164091837154146],[-106.82711077637381,39.16409762555768],[-106.8271033107434,39.1641116]]]}},{"type":"Feature","id":"pylon-aspen-mountain-50","properties":{"kind":"pylon","name":"Lift tower","height":13},"geometry":{"type":"Polygon","coordinates":[[[-106.8271188111828,39.162899],[-106.82712627668451,39.16291297444232],[-106.8271443,39.162918762845855],[-106.82716232331549,39.16291297444232],[-106.8271697888172,39.162899],[-106.82716232331549,39.162885025557685],[-106.8271443,39.16287923715415],[-106.82712627668451,39.162885025557685],[-106.8271188111828,39.162899]]]}},{"type":"Feature","id":"pylon-aspen-mountain-51","properties":{"kind":"pylon","name":"Lift tower","height":13},"geometry":{"type":"Polygon","coordinates":[[[-106.82639561025492,39.1654596],[-106.82640307602841,39.165473574442316],[-106.8264211,39.16547936284585],[-106.8264391239716,39.165473574442316],[-106.82644658974509,39.1654596],[-106.8264391239716,39.16544562555768],[-106.8264211,39.165439837154146],[-106.82640307602841,39.16544562555768],[-106.82639561025492,39.1654596]]]}},{"type":"Feature","id":"pylon-aspen-mountain-52","properties":{"kind":"pylon","name":"Lift tower","height":13},"geometry":{"type":"Polygon","coordinates":[[[-106.82602211020752,39.1655904],[-106.82602957599488,39.16560437444232],[-106.8260476,39.16561016284585],[-106.82606562400511,39.16560437444232],[-106.82607308979247,39.1655904],[-106.82606562400511,39.16557642555768],[-106.8260476,39.16557063715415],[-106.82602957599488,39.16557642555768],[-106.82602211020752,39.1655904]]]}},{"type":"Feature","id":"pylon-aspen-mountain-53","properties":{"kind":"pylon","name":"Lift tower","height":13},"geometry":{"type":"Polygon","coordinates":[[[-106.82460131002735,39.1660876],[-106.82460877586749,39.166101574442315],[-106.8246268,39.16610736284585],[-106.82464482413252,39.166101574442315],[-106.82465228997266,39.1660876],[-106.82464482413252,39.16607362555768],[-106.8246268,39.166067837154145],[-106.82460877586749,39.16607362555768],[-106.82460131002735,39.1660876]]]}},{"type":"Feature","id":"pylon-aspen-mountain-54","properties":{"kind":"pylon","name":"Lift tower","height":13},"geometry":{"type":"Polygon","coordinates":[[[-106.8235452098934,39.1664572],[-106.82355267577277,39.16647117444232],[-106.8235707,39.166476962845856],[-106.82358872422724,39.16647117444232],[-106.82359619010661,39.1664572],[-106.82358872422724,39.166443225557686],[-106.8235707,39.16643743715415],[-106.82355267577277,39.166443225557686],[-106.8235452098934,39.1664572]]]}},{"type":"Feature","id":"pylon-aspen-mountain-55","properties":{"kind":"pylon","name":"Lift tower","height":13},"geometry":{"type":"Polygon","coordinates":[[[-106.82293390981587,39.1666711],[-106.82294137571795,39.16668507444232],[-106.8229594,39.166690862845854],[-106.82297742428206,39.16668507444232],[-106.82298489018413,39.1666711],[-106.82297742428206,39.166657125557684],[-106.8229594,39.16665133715415],[-106.82294137571795,39.166657125557684],[-106.82293390981587,39.1666711]]]}},{"type":"Feature","id":"pylon-aspen-mountain-56","properties":{"kind":"pylon","name":"Lift tower","height":13},"geometry":{"type":"Polygon","coordinates":[[[-106.82232971071934,39.164178],[-106.82233717635681,39.16419197444232],[-106.8223552,39.16419776284585],[-106.8223732236432,39.16419197444232],[-106.82238068928066,39.164178],[-106.8223732236432,39.16416402555768],[-106.8223552,39.16415823715415],[-106.82233717635681,39.16416402555768],[-106.82232971071934,39.164178]]]}},{"type":"Feature","id":"pylon-aspen-mountain-57","properties":{"kind":"pylon","name":"Lift tower","height":13},"geometry":{"type":"Polygon","coordinates":[[[-106.82217551104164,39.1632886],[-106.8221829765847,39.16330257444232],[-106.822201,39.163308362845854],[-106.82221902341531,39.16330257444232],[-106.82222648895838,39.1632886],[-106.82221902341531,39.16327462555768],[-106.822201,39.16326883715415],[-106.8221829765847,39.16327462555768],[-106.82217551104164,39.1632886]]]}},{"type":"Feature","id":"pylon-aspen-mountain-58","properties":{"kind":"pylon","name":"Lift tower","height":13},"geometry":{"type":"Polygon","coordinates":[[[-106.82201101138519,39.1623404],[-106.82201847682762,39.162354374442316],[-106.8220365,39.16236016284585],[-106.82205452317237,39.162354374442316],[-106.8220619886148,39.1623404],[-106.82205452317237,39.16232642555768],[-106.8220365,39.162320637154146],[-106.82201847682762,39.16232642555768],[-106.82201101138519,39.1623404]]]}},{"type":"Feature","id":"pylon-aspen-mountain-59","properties":{"kind":"pylon","name":"Lift tower","height":13},"geometry":{"type":"Polygon","coordinates":[[[-106.82185821170451,39.1614591],[-106.82186567705342,39.16147307444232],[-106.8218837,39.161478862845854],[-106.82190172294658,39.16147307444232],[-106.82190918829549,39.1614591],[-106.82190172294658,39.161445125557684],[-106.8218837,39.16143933715415],[-106.82186567705342,39.161445125557684],[-106.82185821170451,39.1614591]]]}},{"type":"Feature","id":"pylon-aspen-mountain-60","properties":{"kind":"pylon","name":"Lift tower","height":13},"geometry":{"type":"Polygon","coordinates":[[[-106.82170441202572,39.1605725],[-106.82171187728055,39.16058647444232],[-106.8217299,39.16059226284585],[-106.82174792271944,39.16058647444232],[-106.82175538797426,39.1605725],[-106.82174792271944,39.16055852555768],[-106.8217299,39.16055273715415],[-106.82171187728055,39.16055852555768],[-106.82170441202572,39.1605725]]]}},{"type":"Feature","id":"pylon-aspen-mountain-61","properties":{"kind":"pylon","name":"Lift tower","height":13},"geometry":{"type":"Polygon","coordinates":[[[-106.82151331242491,39.1594707],[-106.82152077756281,39.15948467444232],[-106.8215388,39.15949046284585],[-106.82155682243719,39.15948467444232],[-106.82156428757509,39.1594707],[-106.82155682243719,39.15945672555768],[-106.8215388,39.15945093715415],[-106.82152077756281,39.15945672555768],[-106.82151331242491,39.1594707]]]}},{"type":"Feature","id":"pylon-aspen-mountain-62","properties":{"kind":"pylon","name":"Lift tower","height":13},"geometry":{"type":"Polygon","coordinates":[[[-106.82141221263619,39.1588875],[-106.82141967771221,39.15890147444232],[-106.8214377,39.15890726284585],[-106.8214557222878,39.15890147444232],[-106.82146318736382,39.1588875],[-106.8214557222878,39.15887352555768],[-106.8214377,39.15886773715415],[-106.82141967771221,39.15887352555768],[-106.82141221263619,39.1588875]]]}},{"type":"Feature","id":"pylon-aspen-mountain-63","properties":{"kind":"pylon","name":"Lift tower","height":13},"geometry":{"type":"Polygon","coordinates":[[[-106.82123661300305,39.1578748],[-106.82124407797163,39.15788877444232],[-106.8212621,39.157894562845854],[-106.82128012202837,39.15788877444232],[-106.82128758699695,39.1578748],[-106.82128012202837,39.157860825557684],[-106.8212621,39.15785503715415],[-106.82124407797163,39.157860825557684],[-106.82123661300305,39.1578748]]]}},{"type":"Feature","id":"pylon-aspen-mountain-64","properties":{"kind":"pylon","name":"Lift tower","height":13},"geometry":{"type":"Polygon","coordinates":[[[-106.8210519133888,39.1568099],[-106.82105937824439,39.15682387444232],[-106.8210774,39.15682966284585],[-106.8210954217556,39.15682387444232],[-106.82110288661119,39.1568099],[-106.8210954217556,39.15679592555768],[-106.8210774,39.15679013715415],[-106.82105937824439,39.15679592555768],[-106.8210519133888,39.1568099]]]}},{"type":"Feature","id":"pylon-aspen-mountain-65","properties":{"kind":"pylon","name":"Lift tower","height":13},"geometry":{"type":"Polygon","coordinates":[[[-106.82093311363681,39.1561252],[-106.82094057841977,39.156139174442316],[-106.8209586,39.15614496284585],[-106.82097662158023,39.156139174442316],[-106.82098408636318,39.1561252],[-106.82097662158023,39.15611122555768],[-106.8209586,39.156105437154146],[-106.82094057841977,39.15611122555768],[-106.82093311363681,39.1561252]]]}},{"type":"Feature","id":"pylon-aspen-mountain-66","properties":{"kind":"pylon","name":"Lift tower","height":13},"geometry":{"type":"Polygon","coordinates":[[[-106.82069091414286,39.1547281],[-106.82069837877758,39.15474207444232],[-106.8207164,39.15474786284585],[-106.82073442122241,39.15474207444232],[-106.82074188585713,39.1547281],[-106.82073442122241,39.15471412555768],[-106.8207164,39.15470833715415],[-106.82069837877758,39.15471412555768],[-106.82069091414286,39.1547281]]]}},{"type":"Feature","id":"pylon-aspen-mountain-67","properties":{"kind":"pylon","name":"Lift tower","height":13},"geometry":{"type":"Polygon","coordinates":[[[-106.82068691415105,39.1547055],[-106.82069437878339,39.15471947444232],[-106.8207124,39.15472526284585],[-106.82073042121662,39.15471947444232],[-106.82073788584896,39.1547055],[-106.82073042121662,39.15469152555768],[-106.8207124,39.154685737154146],[-106.82069437878339,39.15469152555768],[-106.82068691415105,39.1547055]]]}},{"type":"Feature","id":"pylon-aspen-mountain-68","properties":{"kind":"pylon","name":"Lift tower","height":13},"geometry":{"type":"Polygon","coordinates":[[[-106.82055441442793,39.153941],[-106.82056187897916,39.15395497444232],[-106.8205799,39.153960762845855],[-106.82059792102083,39.15395497444232],[-106.82060538557207,39.153941],[-106.82059792102083,39.153927025557685],[-106.8205799,39.15392123715415],[-106.82056187897916,39.153927025557685],[-106.82055441442793,39.153941]]]}},{"type":"Feature","id":"pylon-aspen-mountain-69","properties":{"kind":"pylon","name":"Lift tower","height":13},"geometry":{"type":"Polygon","coordinates":[[[-106.82047131460138,39.1534621],[-106.82047877910182,39.15347607444232],[-106.8204968,39.15348186284585],[-106.82051482089818,39.15347607444232],[-106.82052228539862,39.1534621],[-106.82051482089818,39.15344812555768],[-106.8204968,39.15344233715415],[-106.82047877910182,39.15344812555768],[-106.82047131460138,39.1534621]]]}},{"type":"Feature","id":"pylon-aspen-mountain-70","properties":{"kind":"pylon","name":"Lift tower","height":13},"geometry":{"type":"Polygon","coordinates":[[[-106.82037241480803,39.1528915],[-106.82037987924794,39.15290547444232],[-106.8203979,39.152911262845855],[-106.82041592075207,39.15290547444232],[-106.82042338519197,39.1528915],[-106.82041592075207,39.152877525557685],[-106.8203979,39.15287173715415],[-106.82037987924794,39.152877525557685],[-106.82037241480803,39.1528915]]]}},{"type":"Feature","id":"pylon-aspen-mountain-71","properties":{"kind":"pylon","name":"Lift tower","height":13},"geometry":{"type":"Polygon","coordinates":[[[-106.81938991508913,39.1521153],[-106.81939737944671,39.152129274442316],[-106.8194154,39.15213506284585],[-106.81943342055328,39.152129274442316],[-106.81944088491086,39.1521153],[-106.81943342055328,39.15210132555768],[-106.8194154,39.152095537154146],[-106.81939737944671,39.15210132555768],[-106.81938991508913,39.1521153]]]}},{"type":"Feature","id":"pylon-aspen-mountain-72","properties":{"kind":"pylon","name":"Lift tower","height":13},"geometry":{"type":"Polygon","coordinates":[[[-106.81935551489514,39.152651],[-106.81936297930953,39.15266497444232],[-106.819381,39.15267076284585],[-106.81939902069048,39.15266497444232],[-106.81940648510488,39.152651],[-106.81939902069048,39.15263702555768],[-106.819381,39.15263123715415],[-106.81936297930953,39.15263702555768],[-106.81935551489514,39.152651]]]}},{"type":"Feature","id":"pylon-aspen-mountain-73","properties":{"kind":"pylon","name":"Lift tower","height":13},"geometry":{"type":"Polygon","coordinates":[[[-106.81933931472629,39.1531172],[-106.81934677919014,39.153131174442315],[-106.8193648,39.15313696284585],[-106.81938282080986,39.153131174442315],[-106.81939028527371,39.1531172],[-106.81938282080986,39.15310322555768],[-106.8193648,39.153097437154145],[-106.81934677919014,39.15310322555768],[-106.81933931472629,39.1531172]]]}},{"type":"Feature","id":"pylon-aspen-mountain-74","properties":{"kind":"pylon","name":"Lift tower","height":13},"geometry":{"type":"Polygon","coordinates":[[[-106.81931221444529,39.1538931],[-106.81931967899145,39.153907074442316],[-106.8193377,39.15391286284585],[-106.81935572100856,39.153907074442316],[-106.81936318555472,39.1538931],[-106.81935572100856,39.15387912555768],[-106.8193377,39.153873337154145],[-106.81931967899145,39.15387912555768],[-106.81931221444529,39.1538931]]]}},{"type":"Feature","id":"pylon-aspen-mountain-75","properties":{"kind":"pylon","name":"Lift tower","height":13},"geometry":{"type":"Polygon","coordinates":[[[-106.81929731428983,39.1543223],[-106.81930477888152,39.154336274442315],[-106.8193228,39.15434206284585],[-106.81934082111847,39.154336274442315],[-106.81934828571016,39.1543223],[-106.81934082111847,39.15430832555768],[-106.8193228,39.154302537154145],[-106.81930477888152,39.15430832555768],[-106.81929731428983,39.1543223]]]}},{"type":"Feature","id":"pylon-aspen-mountain-76","properties":{"kind":"pylon","name":"Lift tower","height":13},"geometry":{"type":"Polygon","coordinates":[[[-106.81927001400624,39.1551053],[-106.81927747868097,39.15511927444232],[-106.8192955,39.155125062845855],[-106.81931352131902,39.15511927444232],[-106.81932098599376,39.1551053],[-106.81931352131902,39.155091325557684],[-106.8192955,39.15508553715415],[-106.81927747868097,39.155091325557684],[-106.81927001400624,39.1551053]]]}},{"type":"Feature","id":"pylon-aspen-mountain-77","properties":{"kind":"pylon","name":"Lift tower","height":13},"geometry":{"type":"Polygon","coordinates":[[[-106.81925531385342,39.1555272],[-106.81926277857293,39.15554117444232],[-106.8192808,39.155546962845854],[-106.81929882142707,39.15554117444232],[-106.81930628614658,39.1555272],[-106.81929882142707,39.155513225557684],[-106.8192808,39.15550743715415],[-106.81926277857293,39.155513225557684],[-106.81925531385342,39.1555272]]]}},{"type":"Feature","id":"pylon-aspen-mountain-78","properties":{"kind":"pylon","name":"Lift tower","height":13},"geometry":{"type":"Polygon","coordinates":[[[-106.8192061133412,39.1569413],[-106.81921357821074,39.15695527444232],[-106.8192316,39.15696106284585],[-106.81924962178925,39.15695527444232],[-106.8192570866588,39.1569413],[-106.81924962178925,39.15692732555768],[-106.8192316,39.15692153715415],[-106.81921357821074,39.15692732555768],[-106.8192061133412,39.1569413]]]}},{"type":"Feature","id":"pylon-aspen-mountain-79","properties":{"kind":"pylon","name":"Lift tower","height":13},"geometry":{"type":"Polygon","coordinates":[[[-106.81920351331495,39.1570138],[-106.81921097819217,39.15702777444232],[-106.819229,39.157033562845854],[-106.81924702180784,39.15702777444232],[-106.81925448668507,39.1570138],[-106.81924702180784,39.15699982555768],[-106.819229,39.15699403715415],[-106.81921097819217,39.15699982555768],[-106.81920351331495,39.1570138]]]}},{"type":"Feature","id":"pylon-aspen-mountain-80","properties":{"kind":"pylon","name":"Lift tower","height":13},"geometry":{"type":"Polygon","coordinates":[[[-106.81911971244357,39.1594192],[-106.81912717757601,39.15943317444232],[-106.8191452,39.159438962845854],[-106.81916322242398,39.15943317444232],[-106.81917068755642,39.1594192],[-106.81916322242398,39.159405225557684],[-106.8191452,39.15939943715415],[-106.81912717757601,39.159405225557684],[-106.81911971244357,39.1594192]]]}},{"type":"Feature","id":"pylon-aspen-mountain-81","properties":{"kind":"pylon","name":"Lift tower","height":13},"geometry":{"type":"Polygon","coordinates":[[[-106.81902311143789,39.162195],[-106.81903057686489,39.162208974442315],[-106.8190486,39.16221476284585],[-106.81906662313511,39.162208974442315],[-106.81907408856212,39.162195],[-106.81906662313511,39.16218102555768],[-106.8190486,39.162175237154145],[-106.81903057686489,39.16218102555768],[-106.81902311143789,39.162195]]]}},{"type":"Feature","id":"pylon-aspen-mountain-82","properties":{"kind":"pylon","name":"Lift tower","height":13},"geometry":{"type":"Polygon","coordinates":[[[-106.81899201111526,39.1630854],[-106.81899947663675,39.16309937444232],[-106.8190175,39.16310516284585],[-106.81903552336325,39.16309937444232],[-106.81904298888475,39.1630854],[-106.81903552336325,39.16307142555768],[-106.8190175,39.16306563715415],[-106.81899947663675,39.16307142555768],[-106.81899201111526,39.1630854]]]}},{"type":"Feature","id":"pylon-aspen-mountain-83","properties":{"kind":"pylon","name":"Lift tower","height":13},"geometry":{"type":"Polygon","coordinates":[[[-106.81897901097956,39.1634599],[-106.8189864765408,39.16347387444232],[-106.8190045,39.16347966284585],[-106.81902252345921,39.16347387444232],[-106.81902998902045,39.1634599],[-106.81902252345921,39.16344592555768],[-106.8190045,39.16344013715415],[-106.8189864765408,39.16344592555768],[-106.81897901097956,39.1634599]]]}},{"type":"Feature","id":"pylon-aspen-mountain-84","properties":{"kind":"pylon","name":"Lift tower","height":13},"geometry":{"type":"Polygon","coordinates":[[[-106.81896761086088,39.1637874],[-106.81897507645688,39.163801374442315],[-106.8189931,39.16380716284585],[-106.81901112354312,39.163801374442315],[-106.81901858913912,39.1637874],[-106.81901112354312,39.16377342555768],[-106.8189931,39.163767637154145],[-106.81897507645688,39.16377342555768],[-106.81896761086088,39.1637874]]]}},{"type":"Feature","id":"pylon-aspen-mountain-85","properties":{"kind":"pylon","name":"Lift tower","height":13},"geometry":{"type":"Polygon","coordinates":[[[-106.81894531062937,39.1644263],[-106.81895277629317,39.16444027444232],[-106.8189708,39.164446062845855],[-106.81898882370683,39.16444027444232],[-106.81899628937063,39.1644263],[-106.81898882370683,39.164412325557684],[-106.8189708,39.16440653715415],[-106.81895277629317,39.164412325557684],[-106.81894531062937,39.1644263]]]}},{"type":"Feature","id":"pylon-aspen-mountain-86","properties":{"kind":"pylon","name":"Lift tower","height":13},"geometry":{"type":"Polygon","coordinates":[[[-106.81945181080472,39.1639424],[-106.81945927641718,39.16395637444232],[-106.8194773,39.163962162845856],[-106.81949532358283,39.16395637444232],[-106.81950278919528,39.1639424],[-106.81949532358283,39.163928425557685],[-106.8194773,39.16392263715415],[-106.81945927641718,39.163928425557685],[-106.81945181080472,39.1639424]]]}},{"type":"Feature","id":"pylon-aspen-mountain-87","properties":{"kind":"pylon","name":"Lift tower","height":13},"geometry":{"type":"Polygon","coordinates":[[[-106.81939871037414,39.1651306],[-106.81940617611271,39.165144574442316],[-106.8194242,39.16515036284585],[-106.8194422238873,39.165144574442316],[-106.81944968962586,39.1651306],[-106.8194422238873,39.16511662555768],[-106.8194242,39.165110837154145],[-106.81940617611271,39.16511662555768],[-106.81939871037414,39.1651306]]]}},{"type":"Feature","id":"pylon-aspen-mountain-88","properties":{"kind":"pylon","name":"Lift tower","height":13},"geometry":{"type":"Polygon","coordinates":[[[-106.81889481010344,39.1658776],[-106.81890227592129,39.16589157444232],[-106.8189203,39.165897362845854],[-106.81893832407872,39.16589157444232],[-106.81894578989656,39.1658776],[-106.81893832407872,39.165863625557684],[-106.8189203,39.16585783715415],[-106.81890227592129,39.165863625557684],[-106.81889481010344,39.1658776]]]}},{"type":"Feature","id":"pylon-aspen-mountain-89","properties":{"kind":"pylon","name":"Lift tower","height":13},"geometry":{"type":"Polygon","coordinates":[[[-106.81935931005397,39.1660141],[-106.81936677588631,39.166028074442316],[-106.8193848,39.16603386284585],[-106.81940282411368,39.166028074442316],[-106.81941028994602,39.1660141],[-106.81940282411368,39.16600012555768],[-106.8193848,39.165994337154146],[-106.81936677588631,39.16600012555768],[-106.81935931005397,39.1660141]]]}},{"type":"Feature","id":"pylon-aspen-mountain-90","properties":{"kind":"pylon","name":"Lift tower","height":13},"geometry":{"type":"Polygon","coordinates":[[[-106.81888831003654,39.1660622],[-106.818895775874,39.16607617444232],[-106.8189138,39.16608196284585],[-106.81893182412601,39.16607617444232],[-106.81893928996347,39.1660622],[-106.81893182412601,39.16604822555768],[-106.8189138,39.16604243715415],[-106.818895775874,39.16604822555768],[-106.81888831003654,39.1660622]]]}},{"type":"Feature","id":"pylon-aspen-mountain-91","properties":{"kind":"pylon","name":"Lift tower","height":13},"geometry":{"type":"Polygon","coordinates":[[[-106.81931920972886,39.1669112],[-106.81932667565643,39.16692517444232],[-106.8193447,39.16693096284585],[-106.81936272434358,39.16692517444232],[-106.81937019027114,39.1669112],[-106.81936272434358,39.16689722555768],[-106.8193447,39.16689143715415],[-106.81932667565643,39.16689722555768],[-106.81931920972886,39.1669112]]]}},{"type":"Feature","id":"pylon-aspen-mountain-92","properties":{"kind":"pylon","name":"Lift tower","height":13},"geometry":{"type":"Polygon","coordinates":[[[-106.81885520969145,39.1670144],[-106.81886267562997,39.16702837444232],[-106.8188807,39.16703416284585],[-106.81889872437002,39.16702837444232],[-106.81890619030854,39.1670144],[-106.81889872437002,39.16700042555768],[-106.8188807,39.16699463715415],[-106.81886267562997,39.16700042555768],[-106.81885520969145,39.1670144]]]}},{"type":"Feature","id":"pylon-aspen-mountain-93","properties":{"kind":"pylon","name":"Lift tower","height":13},"geometry":{"type":"Polygon","coordinates":[[[-106.81928190942537,39.1677486],[-106.81928937544181,39.16776257444232],[-106.8193074,39.167768362845855],[-106.81932542455819,39.16776257444232],[-106.81933289057463,39.1677486],[-106.81932542455819,39.167734625557685],[-106.8193074,39.16772883715415],[-106.81928937544181,39.167734625557685],[-106.81928190942537,39.1677486]]]}},{"type":"Feature","id":"pylon-aspen-mountain-94","properties":{"kind":"pylon","name":"Lift tower","height":13},"geometry":{"type":"Polygon","coordinates":[[[-106.81881460926981,39.1681778],[-106.81882207533182,39.16819177444232],[-106.8188401,39.168197562845855],[-106.81885812466818,39.16819177444232],[-106.8188655907302,39.1681778],[-106.81885812466818,39.168163825557684],[-106.8188401,39.16815803715415],[-106.81882207533182,39.168163825557684],[-106.81881460926981,39.1681778]]]}},{"type":"Feature","id":"pylon-aspen-mountain-95","properties":{"kind":"pylon","name":"Lift tower","height":13},"geometry":{"type":"Polygon","coordinates":[[[-106.81880750919565,39.1683824],[-106.81881497527938,39.16839637444232],[-106.818833,39.16840216284585],[-106.81885102472062,39.16839637444232],[-106.81885849080435,39.1683824],[-106.81885102472062,39.16836842555768],[-106.818833,39.16836263715415],[-106.81881497527938,39.16836842555768],[-106.81880750919565,39.1683824]]]}},{"type":"Feature","id":"pylon-aspen-mountain-96","properties":{"kind":"pylon","name":"Lift tower","height":13},"geometry":{"type":"Polygon","coordinates":[[[-106.81924480912433,39.1685792],[-106.81925227522895,39.16859317444232],[-106.8192703,39.168598962845856],[-106.81928832477105,39.16859317444232],[-106.81929579087567,39.1685792],[-106.81928832477105,39.168565225557685],[-106.8192703,39.16855943715415],[-106.81925227522895,39.168565225557685],[-106.81924480912433,39.1685792]]]}},{"type":"Feature","id":"pylon-aspen-mountain-97","properties":{"kind":"pylon","name":"Lift tower","height":13},"geometry":{"type":"Polygon","coordinates":[[[-106.819207008817,39.1694271],[-106.81921447501163,39.16944107444232],[-106.8192325,39.16944686284585],[-106.81925052498836,39.16944107444232],[-106.819257991183,39.1694271],[-106.81925052498836,39.16941312555768],[-106.8192325,39.16940733715415],[-106.81921447501163,39.16941312555768],[-106.819207008817,39.1694271]]]}},{"type":"Feature","id":"pylon-aspen-mountain-98","properties":{"kind":"pylon","name":"Lift tower","height":13},"geometry":{"type":"Polygon","coordinates":[[[-106.81874990859619,39.1700363],[-106.81875737485551,39.17005027444232],[-106.8187754,39.17005606284585],[-106.8187934251445,39.17005027444232],[-106.81880089140382,39.1700363],[-106.8187934251445,39.17002232555768],[-106.8187754,39.17001653715415],[-106.81875737485551,39.17002232555768],[-106.81874990859619,39.1700363]]]}},{"type":"Feature","id":"pylon-aspen-mountain-99","properties":{"kind":"pylon","name":"Lift tower","height":13},"geometry":{"type":"Polygon","coordinates":[[[-106.81917280854003,39.1701912],[-106.81918027481579,39.170205174442316],[-106.8191983,39.17021096284585],[-106.8192163251842,39.170205174442316],[-106.81922379145996,39.1701912],[-106.8192163251842,39.17017722555768],[-106.8191983,39.170171437154146],[-106.81918027481579,39.17017722555768],[-106.81917280854003,39.1701912]]]}},{"type":"Feature","id":"pylon-aspen-mountain-100","properties":{"kind":"pylon","name":"Lift tower","height":13},"geometry":{"type":"Polygon","coordinates":[[[-106.81913800825691,39.1709723],[-106.8191454746156,39.17098627444232],[-106.8191635,39.170992062845855],[-106.81918152538441,39.17098627444232],[-106.81918899174309,39.1709723],[-106.81918152538441,39.170958325557685],[-106.8191635,39.17095253715415],[-106.8191454746156,39.170958325557685],[-106.81913800825691,39.1709723]]]}},{"type":"Feature","id":"pylon-aspen-mountain-101","properties":{"kind":"pylon","name":"Lift tower","height":13},"geometry":{"type":"Polygon","coordinates":[[[-106.81910120795854,39.1717954],[-106.81910867440462,39.17180937444232],[-106.8191267,39.17181516284585],[-106.81914472559538,39.17180937444232],[-106.81915219204146,39.1717954],[-106.81914472559538,39.17178142555768],[-106.8191267,39.17177563715415],[-106.81910867440462,39.17178142555768],[-106.81910120795854,39.1717954]]]}},{"type":"Feature","id":"pylon-aspen-mountain-102","properties":{"kind":"pylon","name":"Lift tower","height":13},"geometry":{"type":"Polygon","coordinates":[[[-106.81904880753275,39.1729699],[-106.81905627410354,39.172983874442316],[-106.8190743,39.17298966284585],[-106.81909232589645,39.172983874442316],[-106.81909979246724,39.1729699],[-106.81909232589645,39.17295592555768],[-106.8190743,39.172950137154146],[-106.81905627410354,39.17295592555768],[-106.81904880753275,39.1729699]]]}},{"type":"Feature","id":"pylon-aspen-mountain-103","properties":{"kind":"pylon","name":"Lift tower","height":13},"geometry":{"type":"Polygon","coordinates":[[[-106.81864700752537,39.1729903],[-106.81865447409832,39.17300427444232],[-106.8186725,39.173010062845854],[-106.81869052590169,39.17300427444232],[-106.81869799247464,39.1729903],[-106.81869052590169,39.172976325557684],[-106.8186725,39.17297053715415],[-106.81865447409832,39.172976325557684],[-106.81864700752537,39.1729903]]]}},{"type":"Feature","id":"pylon-aspen-mountain-104","properties":{"kind":"pylon","name":"Lift tower","height":13},"geometry":{"type":"Polygon","coordinates":[[[-106.81901200723352,39.1737953],[-106.81901947389196,39.17380927444232],[-106.8190375,39.173815062845854],[-106.81905552610803,39.17380927444232],[-106.81906299276646,39.1737953],[-106.81905552610803,39.173781325557684],[-106.8190375,39.17377553715415],[-106.81901947389196,39.173781325557684],[-106.81901200723352,39.1737953]]]}},{"type":"Feature","id":"pylon-aspen-mountain-105","properties":{"kind":"pylon","name":"Lift tower","height":13},"geometry":{"type":"Polygon","coordinates":[[[-106.81861750721852,39.1738367],[-106.81862497388134,39.17385067444232],[-106.818643,39.173856462845855],[-106.81866102611865,39.17385067444232],[-106.81866849278147,39.1738367],[-106.81866102611865,39.173822725557685],[-106.818643,39.17381693715415],[-106.81862497388134,39.173822725557685],[-106.81861750721852,39.1738367]]]}},{"type":"Feature","id":"pylon-aspen-mountain-106","properties":{"kind":"pylon","name":"Lift tower","height":13},"geometry":{"type":"Polygon","coordinates":[[[-106.81897950696946,39.1745237],[-106.81898697370522,39.17453767444232],[-106.819005,39.174543462845854],[-106.81902302629479,39.17453767444232],[-106.81903049303055,39.1745237],[-106.81902302629479,39.174509725557684],[-106.819005,39.17450393715415],[-106.81898697370522,39.174509725557684],[-106.81897950696946,39.1745237]]]}},{"type":"Feature","id":"pylon-aspen-mountain-107","properties":{"kind":"pylon","name":"Lift tower","height":13},"geometry":{"type":"Polygon","coordinates":[[[-106.8185887069185,39.1746642],[-106.8185961736692,39.17467817444232],[-106.8186142,39.174683962845855],[-106.81863222633079,39.17467817444232],[-106.8186396930815,39.1746642],[-106.81863222633079,39.174650225557684],[-106.8186142,39.17464443715415],[-106.8185961736692,39.174650225557684],[-106.8185887069185,39.1746642]]]}},{"type":"Feature","id":"pylon-aspen-mountain-108","properties":{"kind":"pylon","name":"Lift tower","height":13},"geometry":{"type":"Polygon","coordinates":[[[-106.81893690662412,39.1754762],[-106.81894437346104,39.17549017444232],[-106.8189624,39.17549596284585],[-106.81898042653897,39.17549017444232],[-106.81898789337589,39.1754762],[-106.81898042653897,39.17546222555768],[-106.8189624,39.175456437154146],[-106.81894437346104,39.17546222555768],[-106.81893690662412,39.1754762]]]}},{"type":"Feature","id":"pylon-aspen-mountain-109","properties":{"kind":"pylon","name":"Lift tower","height":13},"geometry":{"type":"Polygon","coordinates":[[[-106.8185355063651,39.1761906],[-106.81854297327787,39.176204574442316],[-106.818561,39.17621036284585],[-106.81857902672213,39.176204574442316],[-106.81858649363491,39.1761906],[-106.81857902672213,39.17617662555768],[-106.818561,39.176170837154146],[-106.81854297327787,39.17617662555768],[-106.8185355063651,39.1761906]]]}},{"type":"Feature","id":"pylon-aspen-mountain-110","properties":{"kind":"pylon","name":"Lift tower","height":13},"geometry":{"type":"Polygon","coordinates":[[[-106.81852600626603,39.1764638],[-106.81853347320782,39.17647777444232],[-106.8185515,39.17648356284585],[-106.81856952679217,39.17647777444232],[-106.81857699373397,39.1764638],[-106.81856952679217,39.17644982555768],[-106.8185515,39.17644403715415],[-106.81853347320782,39.17644982555768],[-106.81852600626603,39.1764638]]]}},{"type":"Feature","id":"pylon-aspen-mountain-111","properties":{"kind":"pylon","name":"Lift tower","height":13},"geometry":{"type":"Polygon","coordinates":[[[-106.81887350610896,39.176897],[-106.81888097309677,39.176910974442315],[-106.818899,39.17691676284585],[-106.81891702690324,39.176910974442315],[-106.81892449389105,39.176897],[-106.81891702690324,39.17688302555768],[-106.818899,39.176877237154144],[-106.81888097309677,39.17688302555768],[-106.81887350610896,39.176897]]]}},{"type":"Feature","id":"pylon-aspen-mountain-112","properties":{"kind":"pylon","name":"Lift tower","height":13},"geometry":{"type":"Polygon","coordinates":[[[-106.81884780590025,39.1774726],[-106.81885527294918,39.17748657444232],[-106.8188733,39.177492362845854],[-106.81889132705084,39.17748657444232],[-106.81889879409977,39.1774726],[-106.81889132705084,39.17745862555768],[-106.8188733,39.17745283715415],[-106.81885527294918,39.17745862555768],[-106.81884780590025,39.1774726]]]}},{"type":"Feature","id":"pylon-aspen-mountain-113","properties":{"kind":"pylon","name":"Lift tower","height":13},"geometry":{"type":"Polygon","coordinates":[[[-106.81849170590952,39.177447],[-106.81849917295574,39.17746097444232],[-106.8185172,39.17746676284585],[-106.81853522704426,39.17746097444232],[-106.81854269409048,39.177447],[-106.81853522704426,39.17743302555768],[-106.8185172,39.17742723715415],[-106.81849917295574,39.17743302555768],[-106.81849170590952,39.177447]]]}},{"type":"Feature","id":"pylon-aspen-mountain-114","properties":{"kind":"pylon","name":"Lift tower","height":13},"geometry":{"type":"Polygon","coordinates":[[[-106.81845130548906,39.1786065],[-106.81845877265843,39.17862047444232],[-106.8184768,39.17862626284585],[-106.81849482734157,39.17862047444232],[-106.81850229451094,39.1786065],[-106.81849482734157,39.17859252555768],[-106.8184768,39.17858673715415],[-106.81845877265843,39.17859252555768],[-106.81845130548906,39.1786065]]]}},{"type":"Feature","id":"pylon-aspen-mountain-115","properties":{"kind":"pylon","name":"Lift tower","height":13},"geometry":{"type":"Polygon","coordinates":[[[-106.81879120544062,39.1787401],[-106.81879867262418,39.17875407444232],[-106.8188167,39.17875986284585],[-106.81883472737582,39.17875407444232],[-106.81884219455938,39.1787401],[-106.81883472737582,39.17872612555768],[-106.8188167,39.17872033715415],[-106.81879867262418,39.17872612555768],[-106.81879120544062,39.1787401]]]}},{"type":"Feature","id":"pylon-aspen-mountain-116","properties":{"kind":"pylon","name":"Lift tower","height":13},"geometry":{"type":"Polygon","coordinates":[[[-106.81874850509377,39.1796966],[-106.81875597237891,39.17971057444232],[-106.818774,39.17971636284585],[-106.8187920276211,39.17971057444232],[-106.81879949490624,39.1796966],[-106.8187920276211,39.17968262555768],[-106.818774,39.17967683715415],[-106.81875597237891,39.17968262555768],[-106.81874850509377,39.1796966]]]}},{"type":"Feature","id":"pylon-aspen-mountain-117","properties":{"kind":"pylon","name":"Lift tower","height":13},"geometry":{"type":"Polygon","coordinates":[[[-106.8183916048683,39.1803183],[-106.81839907221949,39.18033227444232],[-106.8184171,39.180338062845856],[-106.81843512778052,39.18033227444232],[-106.81844259513171,39.1803183],[-106.81843512778052,39.180304325557685],[-106.8184171,39.18029853715415],[-106.81839907221949,39.180304325557685],[-106.8183916048683,39.1803183]]]}},{"type":"Feature","id":"pylon-aspen-mountain-118","properties":{"kind":"pylon","name":"Lift tower","height":13},"geometry":{"type":"Polygon","coordinates":[[[-106.8187078047627,39.1806095],[-106.81871527214481,39.18062347444232],[-106.8187333,39.180629262845855],[-106.8187513278552,39.18062347444232],[-106.81875879523731,39.1806095],[-106.8187513278552,39.180595525557685],[-106.8187333,39.18058973715415],[-106.81871527214481,39.180595525557685],[-106.8187078047627,39.1806095]]]}},{"type":"Feature","id":"pylon-aspen-mountain-119","properties":{"kind":"pylon","name":"Lift tower","height":13},"geometry":{"type":"Polygon","coordinates":[[[-106.81836090454871,39.1811995],[-106.8183683719935,39.181213474442316],[-106.8183864,39.18121926284585],[-106.81840442800649,39.181213474442316],[-106.81841189545128,39.1811995],[-106.81840442800649,39.18118552555768],[-106.8183864,39.181179737154146],[-106.8183683719935,39.18118552555768],[-106.81836090454871,39.1811995]]]}},{"type":"Feature","id":"pylon-aspen-mountain-120","properties":{"kind":"pylon","name":"Lift tower","height":13},"geometry":{"type":"Polygon","coordinates":[[[-106.81835130444836,39.1814762],[-106.81835877192255,39.18149017444232],[-106.8183768,39.18149596284585],[-106.81839482807744,39.18149017444232],[-106.81840229555164,39.1814762],[-106.81839482807744,39.18146222555768],[-106.8183768,39.18145643715415],[-106.81835877192255,39.18146222555768],[-106.81835130444836,39.1814762]]]}},{"type":"Feature","id":"pylon-aspen-mountain-121","properties":{"kind":"pylon","name":"Lift tower","height":13},"geometry":{"type":"Polygon","coordinates":[[[-106.81828460375449,39.1833893],[-106.81829207143191,39.18340327444232],[-106.8183101,39.183409062845854],[-106.8183281285681,39.18340327444232],[-106.81833559624552,39.1833893],[-106.8183281285681,39.183375325557684],[-106.8183101,39.18336953715415],[-106.81829207143191,39.183375325557684],[-106.81828460375449,39.1833893]]]}},{"type":"Feature","id":"pylon-aspen-mountain-122","properties":{"kind":"pylon","name":"Lift tower","height":13},"geometry":{"type":"Polygon","coordinates":[[[-106.81824810337476,39.1844362],[-106.81825557116339,39.18445017444232],[-106.8182736,39.18445596284585],[-106.8182916288366,39.18445017444232],[-106.81829909662524,39.1844362],[-106.8182916288366,39.18442222555768],[-106.8182736,39.18441643715415],[-106.81825557116339,39.18442222555768],[-106.81824810337476,39.1844362]]]}},{"type":"Feature","id":"pylon-aspen-mountain-123","properties":{"kind":"pylon","name":"Lift tower","height":13},"geometry":{"type":"Polygon","coordinates":[[[-106.8182172030529,39.1853235],[-106.8182246709358,39.18533747444232],[-106.8182427,39.185343262845855],[-106.81826072906419,39.18533747444232],[-106.8182681969471,39.1853235],[-106.81826072906419,39.185309525557685],[-106.8182427,39.18530373715415],[-106.8182246709358,39.185309525557685],[-106.8182172030529,39.1853235]]]}},{"type":"Feature","id":"pylon-aspen-mountain-124","properties":{"kind":"pylon","name":"Lift tower","height":13},"geometry":{"type":"Polygon","coordinates":[[[-106.81820020287613,39.1858108],[-106.8182076708108,39.18582477444232],[-106.8182257,39.18583056284585],[-106.81824372918919,39.18582477444232],[-106.81825119712387,39.1858108],[-106.81824372918919,39.18579682555768],[-106.8182257,39.18579103715415],[-106.8182076708108,39.18579682555768],[-106.81820020287613,39.1858108]]]}},{"type":"Feature","id":"pylon-aspen-mountain-125","properties":{"kind":"pylon","name":"Lift tower","height":13},"geometry":{"type":"Polygon","coordinates":[[[-106.8190016032273,39.1848427],[-106.81900907105913,39.184856674442315],[-106.8190271,39.18486246284585],[-106.81904512894087,39.184856674442315],[-106.81905259677269,39.1848427],[-106.81904512894087,39.18482872555768],[-106.8190271,39.184822937154145],[-106.81900907105913,39.18482872555768],[-106.8190016032273,39.1848427]]]}},{"type":"Feature","id":"pylon-aspen-mountain-126","properties":{"kind":"pylon","name":"Lift tower","height":13},"geometry":{"type":"Polygon","coordinates":[[[-106.81922650349102,39.1841157],[-106.81923397124561,39.18412967444232],[-106.819252,39.18413546284585],[-106.8192700287544,39.18412967444232],[-106.81927749650899,39.1841157],[-106.8192700287544,39.18410172555768],[-106.819252,39.18409593715415],[-106.81923397124561,39.18410172555768],[-106.81922650349102,39.1841157]]]}},{"type":"Feature","id":"pylon-aspen-mountain-127","properties":{"kind":"pylon","name":"Lift tower","height":13},"geometry":{"type":"Polygon","coordinates":[[[-106.81954960386972,39.1830716],[-106.81955707151339,39.183085574442316],[-106.8195751,39.18309136284585],[-106.8195931284866,39.183085574442316],[-106.81960059613027,39.1830716],[-106.8195931284866,39.18305762555768],[-106.8195751,39.183051837154146],[-106.81955707151339,39.18305762555768],[-106.81954960386972,39.1830716]]]}},{"type":"Feature","id":"pylon-aspen-mountain-128","properties":{"kind":"pylon","name":"Lift tower","height":13},"geometry":{"type":"Polygon","coordinates":[[[-106.81977280413138,39.1823502],[-106.8197802716984,39.18236417444232],[-106.8197983,39.182369962845854],[-106.8198163283016,39.18236417444232],[-106.81982379586863,39.1823502],[-106.8198163283016,39.182336225557684],[-106.8197983,39.18233043715415],[-106.8197802716984,39.182336225557684],[-106.81977280413138,39.1823502]]]}},{"type":"Feature","id":"pylon-aspen-mountain-129","properties":{"kind":"pylon","name":"Lift tower","height":13},"geometry":{"type":"Polygon","coordinates":[[[-106.82009330450713,39.1813142],[-106.82010077196409,39.18132817444232],[-106.8201188,39.181333962845855],[-106.82013682803591,39.18132817444232],[-106.82014429549288,39.1813142],[-106.82013682803591,39.181300225557685],[-106.8201188,39.18129443715415],[-106.82010077196409,39.181300225557685],[-106.82009330450713,39.1813142]]]}},{"type":"Feature","id":"pylon-aspen-mountain-130","properties":{"kind":"pylon","name":"Lift tower","height":13},"geometry":{"type":"Polygon","coordinates":[[[-106.82023490467303,39.1808567],[-106.82024237208141,39.18087067444232],[-106.8202604,39.18087646284585],[-106.82027842791858,39.18087067444232],[-106.82028589532696,39.1808567],[-106.82027842791858,39.18084272555768],[-106.8202604,39.18083693715415],[-106.82024237208141,39.18084272555768],[-106.82023490467303,39.1808567]]]}},{"type":"Feature","id":"pylon-aspen-mountain-131","properties":{"kind":"pylon","name":"Lift tower","height":13},"geometry":{"type":"Polygon","coordinates":[[[-106.84762070233822,39.1872936],[-106.84762817043044,39.187307574442315],[-106.8476462,39.18731336284585],[-106.84766422956956,39.187307574442315],[-106.84767169766178,39.1872936],[-106.84766422956956,39.18727962555768],[-106.8476462,39.187273837154144],[-106.84762817043044,39.18727962555768],[-106.84762070233822,39.1872936]]]}},{"type":"Feature","id":"pylon-aspen-mountain-132","properties":{"kind":"pylon","name":"Lift tower","height":13},"geometry":{"type":"Polygon","coordinates":[[[-106.84777250249638,39.1868576],[-106.84777997054229,39.18687157444232],[-106.847798,39.186877362845856],[-106.8478160294577,39.18687157444232],[-106.84782349750361,39.1868576],[-106.8478160294577,39.186843625557685],[-106.847798,39.18683783715415],[-106.84777997054229,39.186843625557685],[-106.84777250249638,39.1868576]]]}},{"type":"Feature","id":"pylon-aspen-mountain-133","properties":{"kind":"pylon","name":"Lift tower","height":13},"geometry":{"type":"Polygon","coordinates":[[[-106.8480946028319,39.1859327],[-106.84810207077955,39.18594667444232],[-106.8481201,39.185952462845854],[-106.84813812922046,39.18594667444232],[-106.8481455971681,39.1859327],[-106.84813812922046,39.185918725557684],[-106.8481201,39.18591293715415],[-106.84810207077955,39.185918725557684],[-106.8480946028319,39.1859327]]]}},{"type":"Feature","id":"pylon-aspen-mountain-134","properties":{"kind":"pylon","name":"Lift tower","height":13},"geometry":{"type":"Polygon","coordinates":[[[-106.84845050320257,39.1849109],[-106.84845797104164,39.184924874442316],[-106.848476,39.18493066284585],[-106.84849402895837,39.184924874442316],[-106.84850149679744,39.1849109],[-106.84849402895837,39.18489692555768],[-106.848476,39.184891137154146],[-106.84845797104164,39.18489692555768],[-106.84845050320257,39.1849109]]]}},{"type":"Feature","id":"pylon-aspen-mountain-135","properties":{"kind":"pylon","name":"Lift tower","height":13},"geometry":{"type":"Polygon","coordinates":[[[-106.84884910361782,39.1837661],[-106.84885657133526,39.18378007444232],[-106.8488746,39.18378586284585],[-106.84889262866474,39.18378007444232],[-106.84890009638218,39.1837661],[-106.84889262866474,39.18375212555768],[-106.8488746,39.18374633715415],[-106.84885657133526,39.18375212555768],[-106.84884910361782,39.1837661]]]}},{"type":"Feature","id":"pylon-aspen-mountain-136","properties":{"kind":"pylon","name":"Lift tower","height":13},"geometry":{"type":"Polygon","coordinates":[[[-106.84919790398118,39.1827643],[-106.8492053715922,39.18277827444232],[-106.8492234,39.182784062845855],[-106.8492414284078,39.18277827444232],[-106.84924889601882,39.1827643],[-106.8492414284078,39.182750325557684],[-106.8492234,39.18274453715415],[-106.8492053715922,39.182750325557684],[-106.84919790398118,39.1827643]]]}},{"type":"Feature","id":"pylon-aspen-mountain-137","properties":{"kind":"pylon","name":"Lift tower","height":13},"geometry":{"type":"Polygon","coordinates":[[[-106.84963350443483,39.1815135],[-106.84964097191299,39.18152747444232],[-106.849659,39.18153326284585],[-106.84967702808702,39.18152747444232],[-106.84968449556517,39.1815135],[-106.84967702808702,39.18149952555768],[-106.849659,39.18149373715415],[-106.84964097191299,39.18149952555768],[-106.84963350443483,39.1815135]]]}},{"type":"Feature","id":"pylon-aspen-mountain-138","properties":{"kind":"pylon","name":"Lift tower","height":13},"geometry":{"type":"Polygon","coordinates":[[[-106.8501182049397,39.1801214],[-106.85012567226998,39.180135374442315],[-106.8501437,39.18014116284585],[-106.85016172773003,39.180135374442315],[-106.8501691950603,39.1801214],[-106.85016172773003,39.18010742555768],[-106.8501437,39.180101637154145],[-106.85012567226998,39.18010742555768],[-106.8501182049397,39.1801214]]]}},{"type":"Feature","id":"pylon-aspen-mountain-139","properties":{"kind":"pylon","name":"Lift tower","height":13},"geometry":{"type":"Polygon","coordinates":[[[-106.8504042052376,39.1793],[-106.85041167248062,39.179313974442316],[-106.8504297,39.17931976284585],[-106.8504477275194,39.179313974442316],[-106.85045519476242,39.1793],[-106.8504477275194,39.17928602555768],[-106.8504297,39.179280237154146],[-106.85041167248062,39.17928602555768],[-106.8504042052376,39.1793]]]}},{"type":"Feature","id":"pylon-aspen-mountain-140","properties":{"kind":"pylon","name":"Lift tower","height":13},"geometry":{"type":"Polygon","coordinates":[[[-106.85086610571868,39.1779733],[-106.85087357282079,39.177987274442316],[-106.8508916,39.17799306284585],[-106.8509096271792,39.177987274442316],[-106.85091709428131,39.1779733],[-106.8509096271792,39.17795932555768],[-106.8508916,39.177953537154146],[-106.85087357282079,39.17795932555768],[-106.85086610571868,39.1779733]]]}},{"type":"Feature","id":"pylon-aspen-mountain-141","properties":{"kind":"pylon","name":"Lift tower","height":13},"geometry":{"type":"Polygon","coordinates":[[[-106.85114830601258,39.1771628],[-106.85115577302861,39.177176774442316],[-106.8511738,39.17718256284585],[-106.85119182697139,39.177176774442316],[-106.85119929398742,39.1771628],[-106.85119182697139,39.17714882555768],[-106.8511738,39.177143037154146],[-106.85115577302861,39.17714882555768],[-106.85114830601258,39.1771628]]]}},{"type":"Feature","id":"marker-aspen-mountain-summit","properties":{"kind":"marker","markerType":"summit","name":"Upper mountain · 3417 m","height":26},"geometry":{"type":"Polygon","coordinates":[[[-106.8159188771858,39.181999999999995],[-106.81593437026467,39.18203696098424],[-106.81597493167178,39.18205980412876],[-106.81602506832823,39.18205980412876],[-106.81606562973533,39.18203696098424],[-106.81608112281421,39.181999999999995],[-106.81606562973533,39.18196303901575],[-106.81602506832823,39.18194019587123],[-106.81597493167178,39.18194019587123],[-106.81593437026467,39.18196303901575],[-106.8159188771858,39.181999999999995]]]}},{"type":"Feature","id":"marker-aspen-mountain-base","properties":{"kind":"marker","markerType":"base","name":"Base · 2422 m","height":18},"geometry":{"type":"Polygon","coordinates":[[[-106.81191888180136,39.178],[-106.81193437399874,39.178036960984244],[-106.81197493309807,39.178059804128765],[-106.81202506690192,39.178059804128765],[-106.81206562600126,39.178036960984244],[-106.81208111819863,39.178],[-106.81206562600126,39.17796303901575],[-106.81202506690192,39.17794019587123],[-106.81197493309807,39.17794019587123],[-106.81193437399874,39.17796303901575],[-106.81191888180136,39.178]]]}}]}