{"type":"FeatureCollection","features":[{"type":"Feature","id":165348070,"properties":{"kind":"run","name":"Mapped ski run","subtype":"nordic","pisteType":"nordic","featured":false},"geometry":{"type":"LineString","coordinates":[[19.5779138,69.5451295],[19.5777139,69.5451566],[19.577125,69.5452147],[19.5768479,69.5452436],[19.5762317,69.5453149],[19.5761029,69.5453326],[19.5756995,69.5453812],[19.5755735,69.5453931],[19.575441,69.545408],[19.5752884,69.5454212],[19.5748766,69.5454653],[19.574649,69.545495],[19.5745508,69.5455102],[19.574259,69.5455509],[19.5736855,69.5456378],[19.5735421,69.5456572],[19.573027,69.5457171],[19.5727706,69.545751],[19.5726565,69.5457678],[19.5725471,69.5457865],[19.5723022,69.545836],[19.5719792,69.5459082],[19.5717244,69.5459616],[19.5714732,69.5460164],[19.5713414,69.5460469],[19.5710273,69.5461273],[19.5708733,69.5461713],[19.5705615,69.546265],[19.5701847,69.5463692],[19.5700198,69.546412],[19.5697046,69.5464884],[19.5695756,69.5465172],[19.5694703,69.546537],[19.5693431,69.5465585],[19.5691822,69.5465803],[19.5690229,69.5465987],[19.5685146,69.5466492],[19.5682248,69.5466693],[19.5680627,69.5466828],[19.5679028,69.5466936],[19.5675841,69.5467117],[19.5670907,69.546746],[19.5669949,69.5467558],[19.5666903,69.5467823],[19.5658506,69.5468363],[19.5654763,69.5468626],[19.565285,69.5468777],[19.5651232,69.546893],[19.5649955,69.5469074],[19.5648473,69.5469294],[19.56469,69.5469561],[19.5644256,69.5470048],[19.5640901,69.547057],[19.5637603,69.5471207],[19.5631899,69.5472382],[19.5630504,69.5472629],[19.56289,69.5472857],[19.5625454,69.5473305],[19.5618721,69.547408],[19.5615593,69.5474383],[19.5613663,69.5474551],[19.5609683,69.5474861],[19.5603185,69.5475403],[19.5596918,69.547586],[19.5591981,69.5476304],[19.5587591,69.5476655],[19.5584718,69.5476845],[19.5581343,69.5477021],[19.5577481,69.5477314],[19.5573921,69.5477663],[19.556887,69.5478292],[19.556518,69.5478789],[19.5559362,69.5479454],[19.5555921,69.5479965],[19.5551297,69.5480559],[19.5548013,69.5480932],[19.5545477,69.5481309],[19.5543344,69.5481531],[19.5540529,69.5481788],[19.5536706,69.5482076],[19.552633,69.5483024],[19.552218,69.5483399],[19.5518227,69.5483689],[19.5515705,69.548394],[19.5512523,69.5483943]]}},{"type":"Feature","id":165348123,"properties":{"kind":"run","name":"Mapped ski run","subtype":"nordic","pisteType":"nordic","featured":false},"geometry":{"type":"LineString","coordinates":[[19.6347386,69.5377499],[19.6346539,69.5377958],[19.6344332,69.5379158],[19.6342658,69.537985],[19.6340307,69.5380743],[19.6338428,69.5381254],[19.6335923,69.5381729],[19.6334477,69.5381912],[19.6332045,69.5382092],[19.6330347,69.53822],[19.6322561,69.53822],[19.6318112,69.5382183],[19.6311059,69.5382175],[19.6301226,69.5382164],[19.6296322,69.5382177],[19.6290984,69.5382328],[19.6285859,69.5382509],[19.6274607,69.5382996],[19.6268495,69.5383365],[19.6263258,69.538368],[19.6259388,69.5384029],[19.6255784,69.5384116],[19.625115,69.5384194],[19.6246919,69.5384351],[19.6236866,69.5384797],[19.6234242,69.538502],[19.6230127,69.5385713],[19.6227129,69.5386467],[19.6223239,69.5387604],[19.621931,69.5388804],[19.621623,69.538965],[19.6214865,69.5389875],[19.6214513,69.5389885],[19.6213792,69.5389904],[19.621155,69.5389873],[19.6210629,69.5389772],[19.6209659,69.5389564],[19.620802,69.5388879],[19.6206548,69.538801],[19.6204901,69.538693],[19.6204265,69.5386605],[19.6203648,69.538601],[19.6202798,69.5385763],[19.6196278,69.5384012],[19.6192232,69.5382887],[19.6183637,69.5381047],[19.6180251,69.5380598],[19.6177913,69.538048],[19.6174712,69.5380528],[19.6170945,69.5380934],[19.6167992,69.5381417],[19.6162843,69.5382083],[19.6160687,69.5382329],[19.6154787,69.5382854],[19.6149022,69.5383402],[19.6143877,69.538397],[19.6141411,69.5384269],[19.6138469,69.5384625],[19.6126426,69.5385968],[19.611492,69.5386947],[19.6108889,69.5387574],[19.6103979,69.5388396],[19.6098964,69.5389212],[19.6092666,69.5390151],[19.6086732,69.5391108],[19.6080401,69.5392255],[19.6074712,69.5393394],[19.6068258,69.5394446],[19.6061116,69.5395524],[19.6054003,69.5396503],[19.6039789,69.5398506],[19.6032139,69.5399732],[19.6024758,69.5401015],[19.6017515,69.5402222],[19.6003036,69.5404195],[19.5996261,69.5405308],[19.5993721,69.5405624],[19.5991756,69.5405868],[19.5986971,69.5406201],[19.5981126,69.5406534],[19.5978467,69.5406686],[19.597123,69.5407209],[19.5963778,69.5407927],[19.5957805,69.540883],[19.5950984,69.5409972],[19.5944635,69.5411155],[19.5932228,69.5413208],[19.5929325,69.5413688],[19.5922578,69.5414819],[19.5919074,69.5415729],[19.5915428,69.541694],[19.591247,69.54186],[19.5910741,69.5419523],[19.5908905,69.5420186],[19.5906831,69.5420736],[19.5904174,69.5421286],[19.5901855,69.5421735],[19.5899293,69.542212],[19.5896629,69.5422565],[19.5891629,69.5423539],[19.5889428,69.5424083],[19.5887539,69.5424692],[19.5885942,69.5425331],[19.5884363,69.5426054],[19.5881211,69.5427676],[19.5879766,69.5428332],[19.5877747,69.5429124],[19.5876223,69.5429642],[19.5874487,69.5430269],[19.587233,69.5431277],[19.5870349,69.5431986],[19.5868467,69.5432781],[19.5866308,69.5433476],[19.5863654,69.5434211],[19.5861252,69.5434778],[19.5859114,69.5435245],[19.585394,69.5436069],[19.5851952,69.5436454],[19.5849795,69.5436905],[19.5847662,69.5437375],[19.5845517,69.5437892],[19.5842245,69.5438715],[19.5839794,69.5439305],[19.5837831,69.5439859],[19.5835901,69.5440433],[19.5832231,69.5441404],[19.5829512,69.5441968],[19.5825034,69.5442991],[19.5822944,69.5443336],[19.5820039,69.5443791],[19.5813216,69.5444999],[19.5811045,69.5445437],[19.5805773,69.544639],[19.5803393,69.5446858],[19.5800278,69.5447502],[19.579779,69.5448042],[19.579059,69.544938],[19.5788164,69.5449797],[19.5785904,69.5450226],[19.5783443,69.5450746],[19.5780802,69.5451088],[19.5779138,69.5451295]]}},{"type":"Feature","id":170825929,"properties":{"kind":"run","name":"Mapped ski run","subtype":"nordic","pisteType":"nordic","featured":false},"geometry":{"type":"LineString","coordinates":[[19.5720586,69.6554903],[19.5722102,69.6551724],[19.5722114,69.6549697],[19.5722507,69.6547949],[19.5723152,69.6546907],[19.572448,69.6545911],[19.5730957,69.6544212],[19.5738418,69.6542452],[19.5749164,69.654073],[19.5752335,69.654031],[19.5755861,69.6540297],[19.5761552,69.6540818],[19.5764156,69.654076],[19.578495,69.6540762],[19.5795411,69.6540817],[19.5800614,69.6540836],[19.5805339,69.6540541],[19.5806301,69.654037],[19.5812899,69.6540127],[19.5815592,69.6540277],[19.5817443,69.6540784]]}},{"type":"Feature","id":170825936,"properties":{"kind":"run","name":"Mapped ski run","subtype":"nordic","pisteType":"nordic","featured":false},"geometry":{"type":"LineString","coordinates":[[19.5728863,69.6557078],[19.5725771,69.6557046],[19.5721462,69.6557221],[19.5718726,69.6557622],[19.5717439,69.6557836],[19.5717299,69.6558004],[19.5716903,69.655848]]}},{"type":"Feature","id":262604807,"properties":{"kind":"lift","name":"T-Bar","subtype":"t-bar","status":"active"},"geometry":{"type":"LineString","coordinates":[[20.1982484,69.5776378],[20.1983003,69.5776671],[20.1989464,69.578013],[20.1999155,69.5785593],[20.2016671,69.5795387],[20.2026357,69.5800694],[20.2030896,69.5803244],[20.2036788,69.580654],[20.2048539,69.5813131],[20.2056258,69.5817581]]}},{"type":"Feature","id":263845858,"properties":{"kind":"run","name":"Mapped ski run","subtype":"nordic","pisteType":"nordic","featured":false},"geometry":{"type":"LineString","coordinates":[[19.8530942,69.6643401],[19.8549889,69.6646124],[19.8568327,69.6649603],[19.8574912,69.6650518],[19.8594667,69.6649877],[19.8629963,69.6649877],[19.864208,69.664942],[19.8660781,69.6647223],[19.8671844,69.664466],[19.868159,69.6644751],[19.8691072,69.6644111],[19.8698711,69.6640632],[19.8711881,69.6637886],[19.8723998,69.6635872],[19.8737431,69.6633126],[19.8748231,69.6629647],[19.8768346,69.6620455],[19.8799637,69.6605954],[19.8835397,69.6585237],[19.8855513,69.6565813],[19.8865943,69.655364],[19.8866688,69.6550272],[19.886706,69.6542502]]}},{"type":"Feature","id":263856362,"properties":{"kind":"run","name":"Eidebakken","subtype":"intermediate","pisteType":"nordic","featured":false},"geometry":{"type":"LineString","coordinates":[[20.1924307,69.5743229],[20.1925217,69.5743981],[20.192509,69.5744481],[20.1924815,69.5744783],[20.1923053,69.57453],[20.1920517,69.5745373],[20.191825,69.5744959],[20.1916289,69.5744242],[20.1911545,69.5741402],[20.1908353,69.5739763],[20.1907963,69.5739412],[20.1907682,69.5738836],[20.1907894,69.5738243],[20.1908852,69.5737628],[20.1913178,69.5736336],[20.1914804,69.5735715],[20.1916869,69.5734667],[20.1919216,69.5733824],[20.1921442,69.5733206],[20.1926672,69.5731844],[20.1930361,69.5730897],[20.1936436,69.5729148],[20.1942514,69.5727664],[20.1944724,69.5727182],[20.1947701,69.5726976],[20.1951673,69.5726944],[20.1955211,69.5726929],[20.1959154,69.5727108],[20.1966745,69.5727378],[20.1971278,69.5727482],[20.1975274,69.5727359],[20.1982928,69.5726477],[20.1989463,69.5725684],[20.1993594,69.5724786],[20.1995551,69.5724058],[20.1998662,69.5722807],[20.2006012,69.5721013],[20.2009204,69.5720039],[20.2012449,69.5719187],[20.2016097,69.5718551],[20.2019423,69.5717923],[20.2024412,69.5716786],[20.2028856,69.5715579],[20.2032217,69.5714366],[20.2035812,69.5712859],[20.2039218,69.5711389],[20.2042519,69.5710269],[20.2045117,69.5709816],[20.2047855,69.5709882],[20.2051368,69.5710303],[20.2055671,69.5710735],[20.2057913,69.5710855],[20.2061588,69.5710705],[20.2066739,69.5710335],[20.2069634,69.571005],[20.2072891,69.5709963],[20.2076608,69.5710068],[20.207937,69.5710293],[20.2081927,69.5710773],[20.2083635,69.571122],[20.2085057,69.5711773],[20.2088505,69.5713602],[20.2089487,69.5713782],[20.2090421,69.5713954],[20.2092233,69.5714018],[20.2095088,69.5713786],[20.209795,69.5713502],[20.2104342,69.5713608],[20.2115807,69.5713181],[20.2118692,69.5712797],[20.212128,69.5712231],[20.2123198,69.5711595],[20.2125183,69.5710893],[20.2126417,69.5710219],[20.212875,69.5708543],[20.213103,69.5707653],[20.2134088,69.5706726],[20.2135885,69.5705987],[20.2138406,69.570462],[20.2140738,69.5703393],[20.2142779,69.570277],[20.2144012,69.5702438],[20.2149054,69.5701409],[20.2152729,69.5700276],[20.215642,69.5699012],[20.216276,69.5695847],[20.2168715,69.5692608],[20.2181358,69.5686299],[20.2182448,69.5685501],[20.2182904,69.568464],[20.2182367,69.5683095],[20.2181107,69.5679919],[20.218218,69.5676784],[20.2182904,69.5673769],[20.218462,69.5670613],[20.2185532,69.5669208],[20.2185424,69.5667567],[20.2185452,69.5666156],[20.2185237,69.5664414],[20.2183843,69.5662728],[20.2182863,69.5660824],[20.2179792,69.5655986],[20.2178076,69.5653514],[20.2178183,69.5652503],[20.2178478,69.56518],[20.2178481,69.5651223],[20.2174884,69.5648438],[20.2172953,69.5647052],[20.2170959,69.5645931],[20.217011,69.5644711],[20.2170002,69.5643437],[20.2170621,69.5640617],[20.2170271,69.5639054],[20.2169493,69.563823],[20.2168527,69.5637612],[20.2167159,69.5636114],[20.216614,69.5634671],[20.2163807,69.5631731],[20.2163002,69.5630363],[20.2162741,69.5628944],[20.2162936,69.5628576],[20.2163833,69.5628677],[20.2164155,69.562909],[20.2164598,69.563003],[20.2165174,69.5631581],[20.216679,69.5634114],[20.2167696,69.5635571],[20.216909,69.5636825],[20.2171236,69.5638848],[20.2171678,69.5639938],[20.2171397,69.5642239],[20.2171665,69.5644636],[20.2172431,69.5645909],[20.2176601,69.5649],[20.2179506,69.5651878],[20.217939,69.5653139],[20.2179766,69.5654544],[20.218116,69.5656436],[20.2183896,69.5660818],[20.2186364,69.5665182],[20.2187115,69.5667467],[20.21869,69.566874],[20.218619,69.5669817],[20.2185452,69.5670782],[20.2183896,69.5672945],[20.2183413,69.567507],[20.2182797,69.5676643],[20.2182233,69.5678291],[20.2181804,69.5680005],[20.2182466,69.5681225],[20.2183253,69.5683095],[20.21835,69.5684812],[20.2182823,69.5685688],[20.2181305,69.5686746],[20.2175367,69.5689789],[20.217191,69.569142],[20.2168449,69.5693206],[20.2166194,69.5694752],[20.2165067,69.5696212],[20.2163029,69.5698815],[20.2161205,69.5700838],[20.2159971,69.5702092],[20.2158137,69.5702825],[20.2154865,69.570369],[20.2151563,69.5704613],[20.2146817,69.5707033],[20.2143518,69.570799],[20.2138835,69.5708814],[20.2128366,69.5710404],[20.212537,69.5711192],[20.2123225,69.5711997],[20.2119456,69.57132],[20.2117001,69.5713545],[20.2111447,69.5713777],[20.2102728,69.5714142],[20.2099943,69.5714544],[20.20971,69.5715162],[20.2092433,69.5716435],[20.2087578,69.5717624],[20.2084842,69.5718232],[20.2082081,69.5718603],[20.2079989,69.5718638],[20.2078244,69.5718598],[20.2076957,69.5718326],[20.2076356,69.5717904],[20.2076554,69.57171],[20.2077264,69.5716215],[20.2080819,69.5714123],[20.2081302,69.5713514],[20.2081441,69.5712775],[20.2080814,69.5711476],[20.2078995,69.5710799],[20.2076647,69.5710348],[20.2071378,69.5710256],[20.2067944,69.571049],[20.2061239,69.5710986],[20.2058154,69.5711094],[20.2055717,69.5711047],[20.2048969,69.5710329],[20.2045923,69.5710106],[20.2042904,69.5710445],[20.2041417,69.5710874],[20.2040076,69.5711379],[20.2037287,69.571255],[20.2031815,69.5714872],[20.2025543,69.5717136],[20.2017277,69.5719637],[20.2011698,69.5721415],[20.2006334,69.5723662],[20.2000914,69.572518],[20.1994318,69.5726508],[20.1985994,69.5727471],[20.1980799,69.5727725],[20.1975134,69.5727798],[20.1969159,69.5727763],[20.1963285,69.5727772],[20.1955345,69.5727422],[20.1951248,69.5727419],[20.1949176,69.5727725],[20.1946869,69.5728259],[20.1943436,69.5729232],[20.1938036,69.5730764],[20.1934853,69.5731217],[20.1930803,69.5731441],[20.1927875,69.5731893],[20.1926699,69.5732265],[20.1926297,69.573293],[20.1926941,69.573381],[20.1927692,69.5735345],[20.1927789,69.5736346],[20.1926892,69.5737493],[20.1925814,69.5738097],[20.1924214,69.5738709],[20.1922563,69.5739558],[20.1921979,69.5740316],[20.1922328,69.5741355],[20.1924307,69.5743229]]}},{"type":"Feature","id":265977134,"properties":{"kind":"run","name":"Mapped ski run","subtype":"nordic","pisteType":"nordic","featured":false},"geometry":{"type":"LineString","coordinates":[[20.2657286,69.6047965],[20.265824,69.6049647],[20.2661184,69.605206],[20.2661475,69.6054879],[20.2660925,69.6058994],[20.2662834,69.6061801],[20.2662995,69.6065239],[20.2659792,69.6068272],[20.2653451,69.6074574],[20.264779,69.6080999],[20.2646463,69.6088248],[20.2644393,69.6094447],[20.2643651,69.6110062],[20.2642552,69.6140537],[20.2660122,69.6171008],[20.2644749,69.6210142],[20.2634866,69.6223652],[20.2644749,69.6232064],[20.266122,69.6241749]]}},{"type":"Feature","id":303086268,"properties":{"kind":"run","name":"Mapped ski run","subtype":"nordic","pisteType":"nordic","featured":false},"geometry":{"type":"LineString","coordinates":[[20.1214104,69.4394177],[20.1215404,69.439364],[20.1216853,69.4393433],[20.1219508,69.4393197],[20.1231605,69.4392519],[20.1240295,69.4391765],[20.1241396,69.4391741],[20.1248583,69.4391586],[20.1252794,69.4391681],[20.1256067,69.4391681],[20.126068,69.4391907],[20.1263591,69.439209],[20.126622,69.4392297],[20.1270577,69.439266],[20.127487,69.4393211],[20.1278196,69.4393804],[20.1281415,69.4394388],[20.1283988,69.4394648],[20.1288387,69.4395242],[20.1290561,69.4395387],[20.1293029,69.4395481],[20.1295818,69.4395537],[20.1297855,69.4395712],[20.1299466,69.4395933],[20.1301585,69.4396329],[20.1305152,69.4396819],[20.1312822,69.4397775],[20.1324838,69.4399141],[20.1331961,69.4400233],[20.1338518,69.4401157],[20.1344017,69.4401787],[20.1348361,69.4402438],[20.1357803,69.4403945],[20.1361692,69.4404407],[20.1364535,69.4404501],[20.1367351,69.4404378],[20.1370275,69.4403926],[20.1373252,69.4403229],[20.1375344,69.4402918],[20.1379234,69.4402683],[20.138433,69.4402787],[20.1391788,69.4403412],[20.1395355,69.4403704],[20.1397312,69.4403917],[20.1400438,69.4404373],[20.1402074,69.4404646],[20.1403535,69.4405111],[20.1406109,69.4406149],[20.1408818,69.440694],[20.1416597,69.4408297],[20.1432341,69.4411462],[20.1445752,69.4414457],[20.1448461,69.4414994],[20.1460022,69.4416256],[20.1467183,69.4417217],[20.1479843,69.4419157],[20.148532,69.4419784]]}},{"type":"Feature","id":493281404,"properties":{"kind":"run","name":"Mapped ski run","subtype":"nordic","pisteType":"nordic","featured":false},"geometry":{"type":"LineString","coordinates":[[20.5297699,69.5266455],[20.530244,69.5267219],[20.5304253,69.5267322],[20.5329078,69.5264522],[20.5333424,69.5264502],[20.5333355,69.5263633],[20.5332909,69.5262774],[20.5332,69.5261109],[20.5330965,69.5259822],[20.5329518,69.5258751]]}},{"type":"Feature","id":494771208,"properties":{"kind":"run","name":"Mapped ski run","subtype":"nordic","pisteType":"nordic","featured":false},"geometry":{"type":"LineString","coordinates":[[19.767387,69.6016499],[19.7676974,69.6016925],[19.7680427,69.6017594],[19.7684054,69.6018212],[19.7689217,69.6018926],[19.7694293,69.6019541],[19.7699437,69.6020305],[19.7704278,69.6020857],[19.7708022,69.6021238],[19.7713459,69.6021824],[19.7723564,69.6022907],[19.7733445,69.6024026],[19.7736149,69.6024473],[19.7738215,69.6024859],[19.7740368,69.6025122],[19.7742172,69.6025326],[19.7744001,69.6025464],[19.7746094,69.6025491],[19.7747756,69.6025436],[19.7749616,69.6025354],[19.7752559,69.6025143],[19.7755338,69.6025048],[19.775827,69.6025182],[19.7759971,69.6025297],[19.7762955,69.6025611],[19.7766535,69.6025945],[19.777023,69.602633],[19.777253,69.6026699],[19.7776138,69.6027499],[19.778003,69.6028301],[19.7784257,69.6028986],[19.7786564,69.602939],[19.7789899,69.6029892],[19.7794385,69.6030354],[19.7798804,69.6030807],[19.7801948,69.6031232],[19.7803192,69.603151],[19.7803778,69.6031672],[19.7804387,69.603196],[19.7804541,69.6032185],[19.7804526,69.6032355],[19.7804168,69.603261],[19.7803638,69.6032806],[19.7802548,69.6033123],[19.7800678,69.6033517],[19.7796039,69.6034616],[19.7794957,69.6034852],[19.7794391,69.6035083],[19.7793811,69.6035486],[19.7793757,69.603582],[19.7793817,69.6036888],[19.7794236,69.6037605],[19.7794503,69.6038335],[19.7794703,69.6039571],[19.7794834,69.6040844],[19.779474,69.6041916],[19.7793114,69.6044316],[19.7792301,69.6045975],[19.7792017,69.6047008]]}},{"type":"Feature","id":551613408,"properties":{"kind":"run","name":"Storåsveien","subtype":"unknown","pisteType":"skitour","featured":false},"geometry":{"type":"LineString","coordinates":[[19.8080988,69.6669144],[19.8081505,69.6669256],[19.8082759,69.666977],[19.8084076,69.667022],[19.808585,69.6670745],[19.8094488,69.6673036],[19.8096591,69.6673665],[19.8103579,69.6675493],[19.8109684,69.6676982],[19.8111244,69.6677486],[19.8111911,69.6677775],[19.8112604,69.6678216],[19.8112796,69.6678558],[19.8112903,69.667916],[19.8112686,69.667998],[19.811213,69.6680576],[19.8110633,69.668241],[19.8109821,69.6683639],[19.810975,69.6684117],[19.8109813,69.6684943],[19.811009,69.6685263],[19.8110516,69.668559],[19.8111888,69.6686212],[19.8114805,69.6687019],[19.8117624,69.6687593],[19.8123337,69.6688338],[19.8132524,69.6689553],[19.8137367,69.6690169],[19.8143513,69.6691036],[19.8157668,69.6692823],[19.8169087,69.669433],[19.8171566,69.6694766],[19.817479,69.6695413],[19.8178436,69.6696437],[19.8180057,69.6696969],[19.8183315,69.6698561],[19.8184381,69.6699494],[19.818621,69.6701512],[19.8187568,69.670248],[19.81896,69.6703458],[19.8191139,69.6703858],[19.8192805,69.6704019],[19.8195876,69.6703989],[19.8196946,69.6703806],[19.8199918,69.6703114],[19.8203581,69.6702167],[19.8206722,69.6700965],[19.8213053,69.6697878],[19.8215948,69.6696395],[19.8218719,69.6694594],[19.8220979,69.6691456],[19.8222054,69.6690726],[19.8224888,69.668954],[19.822694,69.6688899],[19.8231593,69.6687756],[19.8242652,69.6685446],[19.8250554,69.6683583],[19.8252678,69.6683372],[19.825496,69.6683399],[19.8260657,69.6683665],[19.8262164,69.6683695],[19.8263747,69.6683607],[19.8267603,69.6683051],[19.8270053,69.6682571],[19.8279189,69.6680447],[19.8281983,69.6679661],[19.8286191,69.6678835],[19.8291193,69.6678094],[19.8295031,69.66778],[19.8299062,69.6677562],[19.8302604,69.6677105],[19.8306417,69.6676362],[19.8309661,69.6675508],[19.8314509,69.6674314],[19.8324839,69.6672105],[19.8329881,69.6670968],[19.8334944,69.6669929],[19.8340485,69.6668716],[19.8345186,69.666756],[19.8356693,69.6664617],[19.8362553,69.666299],[19.8367266,69.6661773],[19.8379488,69.6659133],[19.8385184,69.6657807],[19.8390164,69.665686],[19.8396237,69.6655938],[19.8402022,69.6655004],[19.8408531,69.665407],[19.8420141,69.6652831],[19.8426447,69.6652252],[19.8432141,69.6651942],[19.8439114,69.6651794],[19.8451213,69.6651676],[19.8457213,69.6651572],[19.8461673,69.6651287],[19.8466941,69.6650692],[19.847344,69.6649379],[19.8477199,69.6648745],[19.8483098,69.664797],[19.8495108,69.6646109],[19.8503008,69.6644929]]}},{"type":"Feature","id":553676918,"properties":{"kind":"run","name":"Mapped ski run","subtype":"nordic","pisteType":"nordic","featured":false},"geometry":{"type":"LineString","coordinates":[[19.5716903,69.655848],[19.5720363,69.6559006],[19.5723367,69.6559617],[19.5725727,69.6560298],[19.5726773,69.6560811],[19.5727202,69.6561408],[19.5727202,69.656193],[19.5726719,69.6562592],[19.5726371,69.6563011],[19.5725352,69.656359],[19.5723796,69.6564084],[19.5721811,69.6564298],[19.5720068,69.6564326],[19.571823,69.6564172],[19.5715789,69.6563848],[19.570834,69.6562571],[19.5702955,69.6561375],[19.5701346,69.656061],[19.5700823,69.6560042],[19.5700675,69.6559449],[19.5701011,69.6558941],[19.5701654,69.655855],[19.5702432,69.655813],[19.570329,69.6557897],[19.5704404,69.6557678],[19.5706321,69.6557533],[19.570836,69.6557552],[19.5712571,69.6557785],[19.5716903,69.655848]]}},{"type":"Feature","id":553676919,"properties":{"kind":"run","name":"Mapped ski run","subtype":"nordic","pisteType":"nordic","featured":false},"geometry":{"type":"LineString","coordinates":[[19.5728863,69.6557078],[19.5723616,69.6555875],[19.5720586,69.6554903]]}},{"type":"Feature","id":553676920,"properties":{"kind":"run","name":"Mapped ski run","subtype":"nordic","pisteType":"nordic","featured":false},"geometry":{"type":"LineString","coordinates":[[19.5712571,69.6557785],[19.5713657,69.6557696],[19.5714647,69.6557602],[19.5717184,69.6556918],[19.5719225,69.6556155],[19.5720586,69.6554903]]}},{"type":"Feature","id":553678897,"properties":{"kind":"run","name":"Mapped ski run","subtype":"nordic","pisteType":"nordic","featured":false},"geometry":{"type":"LineString","coordinates":[[19.5727953,69.6492225],[19.5727122,69.6487664],[19.5726398,69.6486656],[19.5725405,69.6485593],[19.5724305,69.648494],[19.5721596,69.6484315],[19.571709,69.6483475],[19.5715266,69.6482916],[19.5714354,69.6482151],[19.5714569,69.6481694],[19.5715749,69.6480584],[19.5717305,69.6479763],[19.5721704,69.6478251],[19.5728677,69.6476097],[19.5732084,69.6475126],[19.5733881,69.6474707],[19.5735437,69.6474082],[19.573895,69.6472617],[19.5741203,69.6471507],[19.5742893,69.6470341],[19.5744422,69.6469557],[19.5746782,69.6468876],[19.5751262,69.6467981],[19.5756465,69.6466796],[19.5763546,69.6464576],[19.5769072,69.6462318],[19.5785218,69.6454201],[19.5787418,69.645297],[19.5788169,69.6452037],[19.5788008,69.6450899],[19.5789188,69.6449705],[19.5790476,69.6448622],[19.5792863,69.6447661],[19.5796108,69.6446775],[19.5801473,69.6445898],[19.5808768,69.6444573],[19.5812255,69.6443538],[19.5816439,69.6441308],[19.5819068,69.6439236],[19.5822608,69.6435126],[19.5824218,69.6432714],[19.5824727,69.6430624],[19.5824003,69.6425987],[19.5824084,69.6423962],[19.5825773,69.6420109],[19.5845032,69.6399897],[19.5846909,69.6398161],[19.5847499,69.6397191],[19.5847607,69.6396519],[19.5846641,69.6395249],[19.5844549,69.6394148],[19.5843047,69.6393346],[19.5840901,69.63923],[19.5838273,69.6391367],[19.5836127,69.6390789],[19.5834035,69.6390378],[19.5825666,69.6389837],[19.5819175,69.6389463],[19.5812362,69.6388997],[19.5806596,69.6388418]]}},{"type":"Feature","id":553678898,"properties":{"kind":"run","name":"Mapped ski run","subtype":"nordic","pisteType":"nordic","featured":false},"geometry":{"type":"LineString","coordinates":[[19.5722549,69.6494118],[19.572334,69.6493997],[19.5726478,69.6493634],[19.5727618,69.6493298],[19.5728074,69.6492943],[19.5727953,69.6492225]]}},{"type":"Feature","id":553678899,"properties":{"kind":"run","name":"Mapped ski run","subtype":"nordic","pisteType":"nordic","featured":false},"geometry":{"type":"LineString","coordinates":[[19.5727953,69.6492225],[19.5726103,69.6491283],[19.5724467,69.6490864],[19.5721248,69.6490639],[19.5717385,69.6490099],[19.5710331,69.6488354],[19.570722,69.648715],[19.5706603,69.6486031],[19.5707113,69.6484884],[19.570907,69.6482897],[19.5713335,69.6479875],[19.5717895,69.6476927],[19.5718566,69.647632],[19.5719022,69.647563],[19.5718726,69.6473326],[19.5719129,69.6472384],[19.5720176,69.6471869],[19.5721878,69.6471372],[19.5733854,69.6470257],[19.5736,69.6469846],[19.5738414,69.6469165],[19.5748016,69.6465891],[19.5758343,69.6462691],[19.5767945,69.645937],[19.5774114,69.6457019],[19.5777574,69.645548],[19.5780015,69.6453754],[19.5780578,69.6452923],[19.5781423,69.6451976],[19.5782644,69.6451113],[19.5784762,69.6450134],[19.5785969,69.6449247],[19.5786855,69.6448426],[19.5786962,69.6447955],[19.5786586,69.6447176],[19.5783475,69.6445254],[19.5781919,69.6444573],[19.5780954,69.6444144],[19.5775831,69.6443043],[19.5769393,69.6441923],[19.5766631,69.6441616],[19.5762098,69.6441354],[19.5753729,69.6441755],[19.5749572,69.6441905],[19.57452,69.6441718],[19.5740426,69.6441382],[19.5737261,69.6441345],[19.5731735,69.64417],[19.5728195,69.6441513],[19.5724547,69.6440561],[19.5723313,69.643933],[19.5724708,69.6430559],[19.5725486,69.6429122],[19.5726988,69.6427592],[19.5730931,69.642455],[19.5734739,69.6421994],[19.5735329,69.6421266],[19.5735061,69.6420333],[19.5733237,69.6419409],[19.5730448,69.6418634],[19.5719665,69.6416936],[19.5710009,69.6415742],[19.5703787,69.6414762],[19.5697618,69.6412858],[19.5695391,69.6412336],[19.5672405,69.6410479],[19.5661247,69.640893],[19.5657492,69.6408258],[19.56554,69.6407176],[19.5655024,69.6406168],[19.5655829,69.6405384],[19.5658404,69.6405104],[19.5661059,69.6405272],[19.5678923,69.6408202],[19.5690054,69.6410012],[19.5692521,69.6410292],[19.5706388,69.6411468],[19.5711592,69.6412326],[19.5717064,69.6413801],[19.5720524,69.6414809],[19.5722857,69.6415322],[19.5726076,69.6415732],[19.5730823,69.6416087],[19.574756,69.641688],[19.5756304,69.6417701],[19.5760623,69.6418084],[19.5765451,69.6418784],[19.5768777,69.6418998],[19.577347,69.6419073],[19.5776273,69.641904],[19.5779613,69.6418854],[19.5781919,69.6418466],[19.5783167,69.6418112],[19.5785192,69.6417151],[19.5787713,69.641534],[19.5788062,69.6414389],[19.5787927,69.6413344],[19.5787472,69.641256],[19.5786989,69.6411487],[19.5784467,69.6409732],[19.5782697,69.6408911],[19.5774946,69.6406625],[19.5773028,69.6405561],[19.5770091,69.6402678],[19.5768562,69.640055],[19.5768455,69.6399775],[19.5768777,69.6399141],[19.5769823,69.6398152],[19.5772793,69.6396843],[19.5777011,69.6395735],[19.5780659,69.6394783],[19.5784011,69.6393775],[19.5788196,69.6390966],[19.5790234,69.639007],[19.5792085,69.6389547],[19.5794311,69.6389202],[19.579702,69.6388932],[19.5806596,69.6388418]]}},{"type":"Feature","id":553678900,"properties":{"kind":"run","name":"Mapped ski run","subtype":"nordic","pisteType":"nordic","featured":false},"geometry":{"type":"LineString","coordinates":[[19.5722549,69.6494118],[19.5726237,69.6498232],[19.5727283,69.6500088],[19.5729858,69.6505451],[19.5732057,69.6509891],[19.5734686,69.6517465],[19.5735222,69.6518882],[19.5736188,69.6522893],[19.5736992,69.6524665],[19.5736697,69.6528815],[19.57349,69.6529356],[19.5733371,69.6529636],[19.5732084,69.6529664],[19.5730206,69.6529412],[19.5729509,69.6528978],[19.5729683,69.6528484],[19.5729938,69.6527759],[19.5729871,69.6527206],[19.5729549,69.6526549],[19.5727685,69.6524968],[19.5726371,69.6523998],[19.5723648,69.6522664],[19.5721301,69.6521923],[19.5715776,69.652044],[19.5712101,69.6519181],[19.5706603,69.6516663],[19.5698315,69.6512559],[19.5697832,69.6511794],[19.5698637,69.6510675],[19.5701614,69.6508791],[19.5717788,69.649993],[19.5718673,69.6499016],[19.5718713,69.6498778],[19.5717707,69.6496115],[19.5717654,69.6495536],[19.5718217,69.6495107],[19.5720135,69.6494464],[19.5722334,69.6494151],[19.5722549,69.6494118]]}},{"type":"Feature","id":553681875,"properties":{"kind":"run","name":"Mapped ski run","subtype":"nordic","pisteType":"nordic","featured":false},"geometry":{"type":"LineString","coordinates":[[19.5772981,69.6383348],[19.5768589,69.6381848],[19.5764995,69.6380112],[19.5763493,69.6379384],[19.576242,69.6378152],[19.5761669,69.6376528],[19.5756519,69.6370518],[19.5746326,69.6362603],[19.5738816,69.6356013],[19.5737529,69.6353867],[19.5737851,69.6351701],[19.5739514,69.6349629],[19.5743269,69.6347669],[19.5748901,69.6346082],[19.5755285,69.6344608],[19.5759952,69.6344197],[19.5764136,69.6344308],[19.5771486,69.634485],[19.5787418,69.6345476],[19.5793399,69.6345433],[19.5801794,69.634569],[19.5810431,69.6345392],[19.581778,69.6344533],[19.5821965,69.6343935],[19.5833015,69.634009],[19.5841277,69.6336543],[19.5845193,69.6334284]]}},{"type":"Feature","id":553681876,"properties":{"kind":"run","name":"Mapped ski run","subtype":"nordic","pisteType":"nordic","featured":false},"geometry":{"type":"LineString","coordinates":[[19.5806596,69.6388418],[19.5802545,69.638784],[19.579348,69.6386477],[19.5782376,69.6384667],[19.5772981,69.6383348],[19.5765424,69.6382464],[19.5751476,69.6380896],[19.5735383,69.637959],[19.5721328,69.6379104],[19.5692468,69.6377648],[19.5673907,69.6375745],[19.5663714,69.6373691],[19.5655131,69.6371003],[19.5646548,69.6368502],[19.5641506,69.6367307],[19.562906,69.6365067],[19.5612001,69.6363499],[19.55899,69.6361969],[19.5573807,69.6360662],[19.5557928,69.6358347],[19.5546341,69.6355472],[19.5538616,69.6353195],[19.552896,69.6351477],[19.5518339,69.6350768],[19.550482,69.6349723],[19.5482182,69.634737],[19.5450747,69.6343263],[19.5434332,69.634065],[19.5423174,69.6338932],[19.5410299,69.6337625],[19.5399141,69.6337178],[19.5382297,69.6337028],[19.5370817,69.6336431],[19.5359981,69.6335161],[19.5320713,69.6328888],[19.5314813,69.6327917],[19.5308804,69.6326312],[19.530462,69.6324108],[19.5298397,69.6321046],[19.5288956,69.6318619],[19.5270931,69.6312532],[19.5250547,69.6306595],[19.5244646,69.6305064],[19.522469,69.6301815],[19.5195508,69.6295279],[19.5181989,69.629274],[19.5179897,69.629175],[19.5178342,69.6289957],[19.5174748,69.6288202],[19.5172334,69.6287754],[19.515683,69.6286297],[19.5154095,69.6285681],[19.5148891,69.6283889],[19.5146692,69.6283235],[19.5145404,69.6282805],[19.5142776,69.6282432],[19.5139503,69.6282133],[19.5137036,69.6281704],[19.51343,69.6280938],[19.5131242,69.6279986],[19.5129311,69.6279201],[19.5127702,69.6278118],[19.5126897,69.6277511],[19.5124671,69.6276699],[19.5114908,69.6273814],[19.5106754,69.6271937],[19.5105439,69.6271526],[19.5102999,69.6270723],[19.5101336,69.6270331],[19.5087871,69.6267352],[19.5082104,69.6265709],[19.5070034,69.6262898],[19.504745,69.6257706],[19.5029694,69.6253765],[19.4998956,69.6247826],[19.4979429,69.6243848],[19.4973528,69.6242895],[19.4966769,69.6242073]]}},{"type":"Feature","id":553786860,"properties":{"kind":"run","name":"Mapped ski run","subtype":"nordic","pisteType":"nordic","featured":false},"geometry":{"type":"LineString","coordinates":[[19.8599124,69.7405838],[19.8603147,69.7407157],[19.8604488,69.7408048],[19.8617159,69.742173]]}},{"type":"Feature","id":553786861,"properties":{"kind":"run","name":"Mapped ski run","subtype":"nordic","pisteType":"nordic","featured":false},"geometry":{"type":"LineString","coordinates":[[19.8727275,69.7449598],[19.8731006,69.7449055],[19.873656,69.7448371],[19.8739082,69.7448223],[19.8747879,69.7448241],[19.8758554,69.744839],[19.8766977,69.7449114],[19.8803294,69.7453683],[19.881295,69.7455057],[19.8817241,69.7455725],[19.8824,69.7457285],[19.883033,69.745892],[19.8834515,69.7459662],[19.8838591,69.7459737],[19.8843098,69.7459068],[19.8847711,69.7457954],[19.8849696,69.7457285]]}},{"type":"Feature","id":553786862,"properties":{"kind":"run","name":"Mapped ski run","subtype":"nordic","pisteType":"nordic","featured":false},"geometry":{"type":"LineString","coordinates":[[19.8574743,69.7398342],[19.8581475,69.7400079],[19.858979,69.7402643],[19.8599124,69.7405838],[19.860025,69.7407082],[19.8601323,69.7408531],[19.8602879,69.7410686],[19.8603147,69.7412228],[19.8602772,69.7415051],[19.8603147,69.7417168],[19.8604381,69.7418264],[19.8606366,69.7419304],[19.8610336,69.7420549],[19.8617159,69.742173],[19.8618919,69.7422035],[19.8640966,69.7423669],[19.8653197,69.7424412]]}},{"type":"Feature","id":553786863,"properties":{"kind":"run","name":"Mapped ski run","subtype":"nordic","pisteType":"nordic","featured":false},"geometry":{"type":"LineString","coordinates":[[19.8849696,69.7457285],[19.8850554,69.7456468],[19.8850661,69.7455558],[19.885447,69.7449745],[19.8856079,69.7446105],[19.8856187,69.7443282],[19.8855436,69.7442317],[19.8854148,69.7441555],[19.8850501,69.7440664],[19.8831993,69.7438825],[19.8825395,69.7438286],[19.8822069,69.7437748],[19.8811018,69.7435185],[19.8797607,69.7432882],[19.8788381,69.7431693],[19.8785645,69.7431136],[19.8773253,69.7427366],[19.8769391,69.7426548],[19.8766655,69.7426103],[19.8763007,69.742601],[19.8742247,69.742809],[19.8740208,69.7428127],[19.8737687,69.7427978],[19.8735917,69.7427681],[19.8721915,69.7424004],[19.8719555,69.7423576],[19.8716336,69.7423186],[19.871285,69.7422889],[19.8710692,69.7422783],[19.8699599,69.7422239],[19.8697185,69.7421998],[19.8691821,69.7421403],[19.8690158,69.7421403],[19.8687959,69.7421478],[19.8686564,69.7421812],[19.8677498,69.7424412],[19.8675245,69.7425007],[19.8673207,69.7425341],[19.8671275,69.7425341],[19.866929,69.742536],[19.8659366,69.7424617],[19.8653197,69.7424412]]}},{"type":"Feature","id":553786864,"properties":{"kind":"run","name":"Mapped ski run","subtype":"nordic","pisteType":"nordic","featured":false},"geometry":{"type":"LineString","coordinates":[[19.8574743,69.7398342],[19.8569512,69.7397404],[19.8564523,69.7397088],[19.8554385,69.7397516],[19.8545963,69.7397553],[19.853754,69.7397349],[19.8534697,69.7397181],[19.853223,69.7396773],[19.8529977,69.7396104],[19.8527616,69.7394878],[19.8525417,69.739328],[19.8524022,69.7390438],[19.8523539,69.7388618],[19.8523384,69.7386528],[19.85237,69.738336],[19.8524183,69.738128],[19.8524666,69.7379923],[19.8526221,69.7379032],[19.8528957,69.737853],[19.8532766,69.737866],[19.8535716,69.7379106],[19.8539954,69.7379793],[19.8543709,69.7381187],[19.8551488,69.7385441],[19.8556316,69.7387744],[19.856109,69.7389974],[19.8563558,69.7391757],[19.8564362,69.7392909],[19.8563719,69.7394599],[19.8563772,69.7395287],[19.8564953,69.7395732],[19.856801,69.7396364],[19.8570639,69.7396893],[19.8574743,69.7398342]]}},{"type":"Feature","id":553809512,"properties":{"kind":"run","name":"Mapped ski run","subtype":"nordic","pisteType":"nordic","featured":false},"geometry":{"type":"LineString","coordinates":[[19.9076342,69.7588393],[19.9082565,69.7594814],[19.9088788,69.7600382],[19.9093562,69.7603963],[19.909898,69.7607341],[19.9103164,69.7608862],[19.9105525,69.7610032],[19.9110031,69.7613224],[19.9119794,69.7618568],[19.9122906,69.7620869],[19.9126339,69.762458],[19.9129987,69.7627624],[19.9134654,69.7632151]]}},{"type":"Feature","id":553809515,"properties":{"kind":"run","name":"Mapped ski run","subtype":"nordic","pisteType":"nordic","featured":false},"geometry":{"type":"LineString","coordinates":[[19.9076342,69.7588393],[19.908058,69.7588931],[19.9095547,69.7591752],[19.9098337,69.7592104],[19.9100965,69.7592086],[19.910531,69.7591603],[19.9124139,69.7587706],[19.9127519,69.7586203],[19.9129021,69.7584811],[19.912945,69.7583233],[19.9128377,69.7581971],[19.9127465,69.7580486],[19.9127358,69.7579874],[19.9128216,69.7579131],[19.912945,69.7578574],[19.9132669,69.7578055],[19.9134868,69.7577999],[19.9136692,69.7578138],[19.914946,69.7579966],[19.9153483,69.7580226],[19.9156755,69.7579985],[19.9159813,69.7579372],[19.9164158,69.7577943],[19.9167055,69.7576588],[19.9168879,69.7576199],[19.9172151,69.7576124],[19.9180788,69.7577034],[19.9187493,69.7577424],[19.9198919,69.7577646],[19.9206537,69.7577368],[19.9213269,69.757747],[19.9214798,69.7577693],[19.9216139,69.7578222],[19.9225795,69.7583734],[19.9229228,69.7584718],[19.9236631,69.7586425],[19.9247038,69.7588411],[19.9252403,69.7589933],[19.9258518,69.7592067],[19.9262756,69.7594573],[19.9264875,69.7595937],[19.9268523,69.7599546],[19.9275577,69.7608343],[19.9276328,69.7612945],[19.9278367,69.7615506],[19.9278313,69.7617065],[19.9276864,69.7618772],[19.9271071,69.7621686],[19.9265385,69.7623133],[19.9261308,69.7623764],[19.9213135,69.7627624],[19.9204284,69.7628013],[19.9190175,69.7630017],[19.9184865,69.7630926],[19.9166357,69.7631372],[19.9148869,69.7631594],[19.9134654,69.7632151]]}},{"type":"Feature","id":553809520,"properties":{"kind":"run","name":"Mapped ski run","subtype":"nordic","pisteType":"nordic","featured":false},"geometry":{"type":"LineString","coordinates":[[19.9215646,69.7719442],[19.9215659,69.7719188],[19.9215763,69.7717583],[19.921562,69.7716751],[19.9215107,69.7715443],[19.9213741,69.7713378],[19.9213107,69.7712108],[19.920927,69.770647],[19.9206722,69.7702234],[19.9204094,69.7698323],[19.9203124,69.7697173],[19.9198963,69.7692703],[19.91975,69.7691224],[19.9192457,69.7686427],[19.9190009,69.7683951],[19.9187382,69.7681048],[19.9184175,69.7676564]]}},{"type":"Feature","id":553809525,"properties":{"kind":"run","name":"Mapped ski run","subtype":"nordic","pisteType":"nordic","featured":false},"geometry":{"type":"LineString","coordinates":[[19.9030209,69.7540095],[19.903332,69.7541952],[19.9035466,69.7543455],[19.9035841,69.7545664],[19.9034071,69.7548282],[19.9033588,69.7549953],[19.9034553,69.7551252],[19.9044263,69.7556691],[19.9057138,69.7563002],[19.9062663,69.7567716],[19.9066419,69.7570964],[19.9073982,69.7581451],[19.907645,69.7586926],[19.9076342,69.7588393]]}},{"type":"Feature","id":553809527,"properties":{"kind":"run","name":"Mapped ski run","subtype":"nordic","pisteType":"nordic","featured":false},"geometry":{"type":"LineString","coordinates":[[19.89241,69.7496875],[19.8931396,69.7499103],[19.8939979,69.7502111],[19.8945826,69.7503967],[19.8950601,69.7505044],[19.8957467,69.7506121],[19.8968249,69.7507421],[19.8978388,69.7509445],[19.8982411,69.7510614],[19.8987347,69.7511914],[19.8990083,69.7513251],[19.8990029,69.7514606]]}},{"type":"Feature","id":553809530,"properties":{"kind":"run","name":"Mapped ski run","subtype":"nordic","pisteType":"nordic","featured":false},"geometry":{"type":"LineString","coordinates":[[19.8849696,69.7457285],[19.8855382,69.7458623],[19.8859781,69.745996],[19.8864073,69.7461742],[19.8869061,69.7464676],[19.8872602,69.7466236],[19.8889124,69.7473312],[19.8895669,69.747801],[19.8905164,69.7485715],[19.8911869,69.7490636],[19.8914337,69.7491936],[19.89241,69.7496875],[19.8927211,69.7499233],[19.8932254,69.7502185],[19.8934346,69.7503448],[19.8938208,69.7504841],[19.8945558,69.7506493],[19.8953605,69.7508126],[19.8963904,69.7509575],[19.8977208,69.7510819],[19.898268,69.7511784],[19.8987132,69.7513344],[19.8990029,69.7514606],[19.899019,69.751559],[19.8989546,69.7517521],[19.8991263,69.751882],[19.9000168,69.7521791],[19.9016905,69.7526729],[19.9020874,69.7528474],[19.9022591,69.7529996],[19.9029672,69.7540133],[19.9031389,69.7543882],[19.9031603,69.754559],[19.9029779,69.7547669],[19.903053,69.7550417],[19.903729,69.755747],[19.9049628,69.7569424],[19.905113,69.7572728],[19.9054134,69.7576143],[19.9057352,69.7578519],[19.9064755,69.7581191],[19.9070763,69.7584235],[19.9076342,69.7588393]]}},{"type":"Feature","id":554970158,"properties":{"kind":"run","name":"Mapped ski run","subtype":"nordic","pisteType":"nordic","featured":false},"geometry":{"type":"LineString","coordinates":[[19.9134654,69.7632151],[19.9137282,69.7637216],[19.9142593,69.7642672],[19.9151391,69.7651466],[19.9155253,69.7655121],[19.9158687,69.7658517],[19.916566,69.7664788],[19.9167698,69.7666977],[19.9169845,69.7668628],[19.9172044,69.7669908],[19.9180359,69.767412],[19.918178,69.7675149],[19.9183872,69.7676392],[19.9184175,69.7676564]]}},{"type":"Feature","id":554970170,"properties":{"kind":"run","name":"Mapped ski run","subtype":"nordic","pisteType":"nordic","featured":false},"geometry":{"type":"LineString","coordinates":[[19.8700582,69.7447541],[19.8702226,69.7447741],[19.870662,69.7448666],[19.8709119,69.7449027],[19.8713047,69.7449406],[19.8718093,69.7449744],[19.8720523,69.7449836],[19.8722691,69.7449844],[19.8725204,69.7449696],[19.8727275,69.7449598]]}},{"type":"Feature","id":554970172,"properties":{"kind":"run","name":"Mapped ski run","subtype":"nordic","pisteType":"nordic","featured":false},"geometry":{"type":"LineString","coordinates":[[19.8653197,69.7424412],[19.8656416,69.7425192],[19.8661351,69.7426678],[19.8663765,69.7427756],[19.8667145,69.7429539],[19.8670739,69.7431266],[19.8678356,69.7434628],[19.8681414,69.7436188],[19.8685062,69.7438435],[19.868812,69.7440478],[19.8690534,69.7441852],[19.8693055,69.7443041],[19.8695951,69.7444796],[19.8698097,69.7445818],[19.8699251,69.7446662],[19.870008,69.7447249],[19.8700582,69.7447541]]}},{"type":"Feature","id":554970275,"properties":{"kind":"run","name":"Leirskoleveien","subtype":"unknown","pisteType":"skitour","featured":false},"geometry":{"type":"LineString","coordinates":[[19.9106639,69.7429424],[19.910731,69.7429297],[19.9109994,69.7428898],[19.9112014,69.7428546],[19.9114197,69.7428223],[19.9122205,69.7426614],[19.9126505,69.7425578],[19.9135409,69.7423692],[19.9139648,69.7422728],[19.9145152,69.7421513],[19.9150208,69.7420266],[19.9155178,69.7418985],[19.9160875,69.7417818],[19.9166565,69.7416958],[19.9172013,69.7416284],[19.9179112,69.7415564],[19.9186693,69.7414911],[19.9194489,69.741418],[19.92013,69.7413675],[19.920448,69.7413289],[19.9209062,69.7412684],[19.9213753,69.7411878],[19.9219262,69.741069],[19.9223814,69.740951],[19.9228782,69.7408337],[19.9233491,69.7407163],[19.9238293,69.7406056],[19.9243629,69.7405125],[19.9250139,69.7404224],[19.9257326,69.7403329],[19.9263961,69.7402406],[19.9269975,69.74016],[19.9271992,69.7401236],[19.9274355,69.7400577],[19.9277893,69.739928],[19.928141,69.7397672],[19.9285546,69.7395829],[19.9289045,69.7394141],[19.9290555,69.7393387],[19.9291803,69.7392506],[19.9292165,69.7392056],[19.9292487,69.739077],[19.9292505,69.7389069],[19.9291962,69.738752],[19.9290723,69.7385656],[19.9289673,69.7383717],[19.9288675,69.7381776],[19.928772,69.7379797],[19.9287103,69.7378284],[19.9286736,69.7377469],[19.9285975,69.7375098],[19.9285476,69.7372629],[19.9285676,69.737115],[19.9286558,69.7369371],[19.9288302,69.7367004],[19.9289469,69.7365674],[19.9293332,69.7360935],[19.9293798,69.735915],[19.9293894,69.7358005],[19.9293327,69.7357023],[19.9292434,69.7355861],[19.9291461,69.7354917],[19.9288878,69.7352634],[19.9285885,69.7350479],[19.9283093,69.7348075],[19.9279035,69.734425],[19.9278424,69.7343188],[19.9278227,69.7342006],[19.9278117,69.7340426],[19.927839,69.7339591],[19.9279748,69.7337853],[19.9280397,69.7336298],[19.9280577,69.7335071],[19.9280705,69.7333726],[19.9280842,69.7333534],[19.9281496,69.7333336],[19.9283321,69.7333041],[19.9286626,69.7332643],[19.9287444,69.7332368],[19.9289664,69.7331325],[19.9292228,69.7330084],[19.9294327,69.7328741],[19.929514,69.7328363]]}},{"type":"Feature","id":555047217,"properties":{"kind":"run","name":"Mapped ski run","subtype":"unknown","pisteType":"downhill","featured":false},"geometry":{"type":"LineString","coordinates":[[20.2054453,69.5817865],[20.1977098,69.5777222]]}},{"type":"Feature","id":555052605,"properties":{"kind":"run","name":"Mapped ski run","subtype":"nordic","pisteType":"nordic","featured":false},"geometry":{"type":"LineString","coordinates":[[20.2045119,69.5732181],[20.2046701,69.5732743],[20.2047345,69.5732981],[20.2056947,69.5735336],[20.2062044,69.5736983],[20.2064538,69.5738013],[20.2066576,69.5739726],[20.2071807,69.5742356],[20.2073288,69.5743779]]}},{"type":"Feature","id":555052608,"properties":{"kind":"run","name":"Mapped ski run","subtype":"nordic","pisteType":"nordic","featured":false},"geometry":{"type":"LineString","coordinates":[[20.2033023,69.5732099],[20.2033666,69.5733595],[20.2033451,69.5735195],[20.2033237,69.5736759],[20.2033666,69.5737601],[20.2035315,69.5738462],[20.2036598,69.5739241]]}},{"type":"Feature","id":555052611,"properties":{"kind":"run","name":"Mapped ski run","subtype":"nordic","pisteType":"nordic","featured":false},"geometry":{"type":"LineString","coordinates":[[20.2114534,69.5727182],[20.2111706,69.5731819]]}},{"type":"Feature","id":555052614,"properties":{"kind":"run","name":"Mapped ski run","subtype":"nordic","pisteType":"nordic","featured":false},"geometry":{"type":"LineString","coordinates":[[20.1924214,69.5738709],[20.1926699,69.5739436],[20.1929489,69.5741065],[20.1930508,69.5741561],[20.1931661,69.574171],[20.1935429,69.5741543],[20.1954192,69.5740157],[20.1976508,69.5738434],[20.1984823,69.5737704],[20.1992387,69.5736993],[20.200333,69.5735514],[20.2018243,69.5733379],[20.202527,69.5732761],[20.2030313,69.5732228],[20.2033023,69.5732099],[20.2033666,69.5732069],[20.2039781,69.5732172],[20.2045119,69.5732181],[20.2090394,69.5730683],[20.2100587,69.5730459],[20.2103201,69.573018],[20.2107775,69.5729429],[20.2110511,69.5728736],[20.2113193,69.5727931],[20.2114534,69.5727182],[20.2115098,69.5726546],[20.2114212,69.5725432],[20.2112389,69.57234],[20.2112174,69.5722108],[20.2112469,69.5720741],[20.2113408,69.5719019],[20.2115848,69.5716922],[20.2116224,69.5716294],[20.2111447,69.5713777]]}},{"type":"Feature","id":555052620,"properties":{"kind":"run","name":"Mapped ski run","subtype":"nordic","pisteType":"nordic","featured":false},"geometry":{"type":"LineString","coordinates":[[20.1902413,69.5738387],[20.1907963,69.5739412]]}},{"type":"Feature","id":555061671,"properties":{"kind":"run","name":"Mapped ski run","subtype":"nordic","pisteType":"nordic","featured":false},"geometry":{"type":"LineString","coordinates":[[20.1866725,69.5648972],[20.1865411,69.565298],[20.1864767,69.5655686],[20.1865625,69.5656585],[20.186643,69.5658009],[20.1865679,69.5660032],[20.1861441,69.5662672],[20.1857579,69.5664995],[20.1856935,69.5665781],[20.1856613,69.5667542],[20.185554,69.5668253],[20.1854145,69.5670332],[20.1854896,69.5671718],[20.1858973,69.5672598],[20.1866591,69.5673366],[20.1877642,69.5674977],[20.1886868,69.5676531],[20.1890302,69.5677598],[20.1891589,69.567846],[20.1891911,69.5679658],[20.1891696,69.568081],[20.1889899,69.5684986],[20.1889524,69.5686353],[20.1888317,69.5688095],[20.1886788,69.5689906],[20.1886305,69.5690726],[20.1886091,69.5692514],[20.1885983,69.5693993],[20.1885782,69.5695295],[20.1885286,69.5696048],[20.1884589,69.5696896],[20.1884159,69.5697528],[20.1884106,69.5698183],[20.188432,69.5699265],[20.1884374,69.5699747],[20.188483,69.5700632],[20.1885688,69.570139],[20.1887083,69.5702027],[20.188719,69.5702654],[20.1886681,69.5704367],[20.1886278,69.5705856],[20.1885447,69.5707485],[20.1885474,69.570961],[20.188719,69.5711192],[20.1888666,69.5712475],[20.1889282,69.5713673],[20.1889202,69.571474],[20.1888853,69.5715677],[20.1888639,69.5716117],[20.18877,69.5716622],[20.1885474,69.5717137],[20.1883703,69.5717549],[20.1879841,69.5717952],[20.1875174,69.5718635],[20.1869917,69.5719786],[20.1865518,69.5720835],[20.1862675,69.5721902],[20.1861884,69.572244],[20.1861575,69.572304],[20.1861548,69.5723952]]}},{"type":"Feature","id":555061673,"properties":{"kind":"run","name":"Mapped ski run","subtype":"nordic","pisteType":"nordic","featured":false},"geometry":{"type":"LineString","coordinates":[[20.1832822,69.5621427],[20.1832205,69.5620979],[20.1828664,69.5619312],[20.182625,69.5617963],[20.1823729,69.5616071],[20.1822227,69.561416],[20.1819894,69.5612034],[20.181815,69.5610872],[20.181646,69.5609702],[20.1813832,69.5608728],[20.1808011,69.5607454],[20.1801789,69.5606311],[20.1800974,69.5606033],[20.1799643,69.560558],[20.1796478,69.5604681],[20.179055,69.5603894],[20.1786795,69.5603463],[20.1779741,69.5603398],[20.1773787,69.5602911],[20.1768207,69.5602171],[20.176354,69.5602002],[20.1760054,69.5601646],[20.175544,69.560071],[20.1751471,69.5601047],[20.1749217,69.5603014],[20.1745731,69.560425],[20.1741493,69.5604325],[20.173704,69.5604138],[20.1732749,69.5603314],[20.1728457,69.5603257],[20.1724648,69.5603763],[20.172084,69.5603126],[20.1715153,69.560322]]}},{"type":"Feature","id":555061676,"properties":{"kind":"run","name":"Mapped ski run","subtype":"nordic","pisteType":"nordic","featured":false},"geometry":{"type":"LineString","coordinates":[[20.2091389,69.5697422],[20.2090555,69.5696943],[20.2088705,69.5696137],[20.2087525,69.5695388],[20.2086639,69.5694995],[20.2084534,69.5694789],[20.2082375,69.5694223],[20.2080336,69.5693375],[20.2078834,69.5692561],[20.2076957,69.5691362],[20.2075294,69.5689593],[20.2072933,69.568773],[20.2063948,69.568301],[20.2060676,69.5681194],[20.2057296,69.5679864],[20.2053273,69.5678497],[20.2050483,69.5677842],[20.204705,69.567698],[20.2044743,69.56761],[20.204308,69.5675295],[20.2042463,69.567463],[20.2042262,69.5673726],[20.2042195,69.5672729],[20.2041981,69.5671868],[20.2041444,69.5671259],[20.204072,69.5670791],[20.2039567,69.5670323],[20.2037984,69.5669958],[20.2036026,69.5669752],[20.2031547,69.5669742],[20.2029386,69.5669837],[20.2025597,69.5669999],[20.201399,69.5669443],[20.2003622,69.566964],[20.1997036,69.5668001],[20.1990298,69.5669476],[20.1986136,69.5667243],[20.1983062,69.5666745],[20.1981229,69.5666053],[20.1978082,69.5665726],[20.1976371,69.5665182],[20.1967603,69.5663272],[20.1964867,69.566256],[20.1957786,69.5660837],[20.1953816,69.5659994],[20.1949739,69.5659414],[20.1946601,69.565917],[20.1943436,69.5659086]]}},{"type":"Feature","id":617606474,"properties":{"kind":"run","name":"Mapped ski run","subtype":"nordic","pisteType":"nordic","featured":false},"geometry":{"type":"LineString","coordinates":[[20.1516938,69.4415776],[20.1511466,69.4415559],[20.1509348,69.4415606],[20.150696,69.4415983],[20.1504305,69.4416793],[20.1501703,69.4417782],[20.1500013,69.4418611],[20.1497117,69.441927],[20.1494595,69.4419505],[20.1487944,69.441975],[20.148532,69.4419784]]}},{"type":"Feature","id":640612901,"properties":{"kind":"run","name":"Mapped ski run","subtype":"nordic","pisteType":"nordic","featured":false},"geometry":{"type":"LineString","coordinates":[[19.6645483,69.4082521],[19.6645859,69.4082113],[19.6647307,69.4081474],[19.6650365,69.4080248],[19.6653798,69.4079389],[19.665644,69.4078517],[19.6658398,69.4077611],[19.6660128,69.4076512],[19.6661429,69.4075163]]}},{"type":"Feature","id":640612903,"properties":{"kind":"run","name":"Mapped ski run","subtype":"nordic","pisteType":"nordic","featured":false},"geometry":{"type":"LineString","coordinates":[[19.6579487,69.4090472],[19.6581756,69.4089968],[19.6586204,69.4089091],[19.6594243,69.4087851],[19.6605496,69.4086336],[19.6610068,69.4085674],[19.6613804,69.4085136],[19.6616633,69.4084815],[19.661844,69.4084738],[19.6620129,69.4084698],[19.6621712,69.4084752],[19.6623335,69.4084878],[19.6626753,69.4085218],[19.6629367,69.4085413],[19.6630771,69.4085406],[19.6632167,69.4085353],[19.663391,69.4085196],[19.6635404,69.4085016],[19.6640875,69.4083884],[19.6643552,69.4083158],[19.6645483,69.4082521]]}},{"type":"Feature","id":640644503,"properties":{"kind":"run","name":"Mapped ski run","subtype":"nordic","pisteType":"nordic","featured":false},"geometry":{"type":"LineString","coordinates":[[19.6614527,69.4258877],[19.6616243,69.42585],[19.6617692,69.4258029],[19.6619998,69.4257689],[19.6621929,69.4257199],[19.662526,69.4256608],[19.6627348,69.4256238],[19.6629869,69.4255465],[19.66318,69.4254673],[19.6632712,69.4253994],[19.6633248,69.425341],[19.6633999,69.4253052],[19.6635931,69.4252015],[19.663813,69.425028],[19.6639525,69.4248716],[19.664108,69.4247641],[19.6645694,69.4245784],[19.6648269,69.4245162],[19.6649234,69.4245162],[19.6652238,69.4244766],[19.6653258,69.4244804],[19.6653633,69.4244653],[19.6656584,69.4244257],[19.6659373,69.4243729],[19.6662699,69.4243003],[19.6664094,69.4242551],[19.6665703,69.4241457],[19.6666454,69.4240552],[19.6668385,69.4239497],[19.6670008,69.4238581]]}},{"type":"Feature","id":640767352,"properties":{"kind":"run","name":"Mapped ski run","subtype":"nordic","pisteType":"nordic","featured":false},"geometry":{"type":"LineString","coordinates":[[19.6930499,69.4672826],[19.6931673,69.4672599],[19.6932763,69.4672253],[19.6933469,69.4671762],[19.6933847,69.4671055],[19.6934209,69.467025],[19.693482,69.4669425],[19.6935508,69.466858],[19.6935937,69.4667863],[19.6937357,69.4666243],[19.6938549,69.4665266],[19.6939646,69.4664251],[19.6940858,69.4663449],[19.694224,69.466279],[19.6944041,69.4662266],[19.6945753,69.4661851],[19.6947959,69.4661408],[19.6952898,69.4660328],[19.6957509,69.4659517],[19.6959305,69.4659085],[19.6961266,69.46588],[19.6963381,69.4658461],[19.6965493,69.4658082],[19.6967747,69.4657585],[19.6970492,69.4656882],[19.697266,69.4656304],[19.6974693,69.4655682],[19.6976696,69.465503],[19.6978913,69.4654419],[19.6981075,69.4653974],[19.6983565,69.4653429],[19.6985544,69.4653042],[19.6987629,69.4652763],[19.6990304,69.4652431],[19.699317,69.4652235],[19.6996277,69.4652096],[19.6999338,69.4651915],[19.7002215,69.4651766],[19.7005259,69.465168],[19.7007692,69.4651519],[19.7010904,69.4651354],[19.701358,69.4651237],[19.7016473,69.4651189],[19.7019126,69.4651199],[19.7021275,69.4651341],[19.702567,69.4652043],[19.7028281,69.4652331],[19.7030777,69.4652558],[19.7033581,69.4652852],[19.7039025,69.4653525],[19.7041379,69.4653796],[19.7044022,69.4654015],[19.7046732,69.4654321],[19.7050867,69.4654948],[19.7052572,69.4655049],[19.7054328,69.4655011],[19.70562,69.4654823],[19.7057495,69.4654574],[19.7059459,69.4653977],[19.7060099,69.4653613],[19.7060582,69.4652785],[19.7061521,69.4650235],[19.7062674,69.4648297],[19.7065061,69.4646029],[19.7067368,69.4644655],[19.707689,69.463933],[19.7083595,69.4636187],[19.7085687,69.463534],[19.709757,69.4631915],[19.7099769,69.4631003],[19.7101647,69.462961],[19.710457,69.462723],[19.7109345,69.4624491],[19.7112027,69.4622638],[19.7112966,69.462149],[19.7114816,69.4617998],[19.7117633,69.4614404],[19.7120529,69.461143],[19.7122353,69.4608494]]}},{"type":"Feature","id":654312844,"properties":{"kind":"run","name":"Lyngdalen","subtype":"nordic","pisteType":"nordic","featured":false},"geometry":{"type":"LineString","coordinates":[[20.087412,69.4512069],[20.0868824,69.4512885],[20.0865444,69.4513648],[20.0864425,69.4514232],[20.0861112,69.4515696],[20.0859369,69.4516411],[20.0856687,69.4516909],[20.0854957,69.4517141],[20.0852972,69.4517536],[20.084978,69.4518402],[20.0846186,69.451956],[20.0843155,69.4521161],[20.0841076,69.4522192],[20.0839708,69.4523463],[20.0837938,69.4524357],[20.0836517,69.4524903],[20.0835336,69.4525873],[20.0831876,69.4527358],[20.0831313,69.4527873],[20.0830911,69.452873],[20.0830213,69.4530283],[20.0828899,69.453274]]}},{"type":"Feature","id":654312845,"properties":{"kind":"run","name":"Lyngdalen","subtype":"nordic","pisteType":"nordic","featured":false},"geometry":{"type":"LineString","coordinates":[[20.0909835,69.4496183],[20.0908963,69.449736],[20.0907971,69.4498292],[20.0907407,69.4498804],[20.0906844,69.4499083],[20.0906415,69.4499215],[20.0905798,69.4499356],[20.0904645,69.449945],[20.0903733,69.4499667],[20.0902231,69.4499883],[20.0901292,69.4500175],[20.0900192,69.4500467],[20.08992,69.4500693],[20.0898314,69.4501176],[20.0896585,69.4502162],[20.0896451,69.450268],[20.0896075,69.450315],[20.0895378,69.4503565],[20.0893929,69.4504054],[20.0892266,69.4504704],[20.0887036,69.4506964],[20.0880733,69.4509703],[20.0877246,69.4511078],[20.087569,69.4511699],[20.087412,69.4512069]]}},{"type":"Feature","id":654312847,"properties":{"kind":"run","name":"Lyngdalen","subtype":"nordic","pisteType":"nordic","featured":false},"geometry":{"type":"LineString","coordinates":[[20.0909835,69.4496183],[20.0910505,69.4495618],[20.0911337,69.4494724],[20.0912597,69.4492902]]}},{"type":"Feature","id":654312849,"properties":{"kind":"run","name":"Lyngdalen","subtype":"nordic","pisteType":"nordic","featured":false},"geometry":{"type":"LineString","coordinates":[[20.0967676,69.4451637],[20.096655,69.445268],[20.0966014,69.4453772],[20.0964807,69.4454516],[20.0963466,69.4455091],[20.0962151,69.4455452],[20.0959094,69.4456042],[20.0956787,69.4456437],[20.0955151,69.4456936],[20.0954024,69.4457363],[20.0951878,69.4458255],[20.0950323,69.4459206],[20.0948123,69.4461579],[20.0946608,69.4464277],[20.0946152,69.446487],[20.0945884,69.4465557],[20.0945991,69.4466226],[20.0945951,69.4466846],[20.0943349,69.4468637],[20.094123,69.4470106],[20.0939433,69.4471603],[20.0938226,69.4472865],[20.0937515,69.447472],[20.0936898,69.4475341],[20.093616,69.4475839],[20.0934484,69.447681],[20.0932178,69.4477893],[20.0931292,69.447826],[20.0930407,69.4478957],[20.092979,69.4479597],[20.0929415,69.4480256],[20.0929174,69.4481109],[20.0928583,69.4481815],[20.0927618,69.4483011],[20.0927189,69.4483858],[20.0926156,69.448453],[20.0924118,69.4485624],[20.0921409,69.4486669],[20.0919316,69.4487667],[20.0918217,69.4488251],[20.0917707,69.4488795],[20.091764,69.4489889],[20.0917291,69.449051],[20.0916433,69.4491414],[20.0915146,69.4492196],[20.0913885,69.4492652],[20.0912597,69.4492902]]}},{"type":"Feature","id":654312850,"properties":{"kind":"run","name":"Mapped ski run","subtype":"nordic","pisteType":"nordic","featured":false},"geometry":{"type":"LineString","coordinates":[[20.1211488,69.4395712],[20.1214104,69.4394177]]}},{"type":"Feature","id":654312851,"properties":{"kind":"run","name":"Mapped ski run","subtype":"nordic","pisteType":"nordic","featured":false},"geometry":{"type":"LineString","coordinates":[[20.1210281,69.4397531],[20.1210725,69.4396715],[20.1211488,69.4395712]]}},{"type":"Feature","id":677730919,"properties":{"kind":"run","name":"Mapped ski run","subtype":"nordic","pisteType":"nordic","featured":false},"geometry":{"type":"LineString","coordinates":[[19.6670008,69.4238581],[19.6670905,69.423814],[19.6671996,69.4237679],[19.6673709,69.4236502],[19.6674627,69.4235741],[19.6675311,69.4234948],[19.6675795,69.4234297],[19.667703,69.4233872],[19.6678382,69.423345],[19.6679218,69.4232827],[19.6679395,69.4232062],[19.6680926,69.4231112],[19.6683726,69.42298],[19.6686357,69.4228655],[19.6687363,69.4228329]]}},{"type":"Feature","id":794168834,"properties":{"kind":"run","name":"Mapped ski run","subtype":"nordic","pisteType":"nordic","featured":false},"geometry":{"type":"LineString","coordinates":[[19.7187906,69.4513056],[19.7185877,69.4515379],[19.7183961,69.4517363],[19.7180585,69.4520278],[19.7176432,69.452362],[19.7173113,69.4526077],[19.7168997,69.4529645],[19.7165924,69.4532354],[19.7162492,69.4534471],[19.7159571,69.4536874],[19.7157883,69.4539024],[19.7155133,69.4541926],[19.715261,69.454542],[19.7151245,69.4548289],[19.7150315,69.4551011],[19.7150088,69.4554093],[19.7148722,69.4555917],[19.714542,69.4558142]]}},{"type":"Feature","id":894044442,"properties":{"kind":"run","name":"Mapped ski run","subtype":"nordic","pisteType":"nordic","featured":false},"geometry":{"type":"LineString","coordinates":[[20.5337546,69.5288711],[20.5336835,69.5287495],[20.5336048,69.5286547],[20.5334512,69.5285448],[20.5334066,69.5284955],[20.5334123,69.5284476],[20.5335019,69.5283751],[20.5337228,69.5282675],[20.5339277,69.5281813],[20.5342885,69.5280776],[20.5346569,69.5279528],[20.5348319,69.5279068],[20.5350334,69.5278745],[20.5353672,69.5278443],[20.5356711,69.5278305],[20.5361458,69.5278234],[20.5367337,69.5278201],[20.536994,69.5278261],[20.5373563,69.5278451],[20.5376593,69.5278702],[20.5381794,69.5279312],[20.5383951,69.5279438],[20.5385687,69.527946],[20.5387408,69.5279398],[20.5389703,69.5279284],[20.5392799,69.5279213],[20.5394772,69.527902],[20.5396275,69.5278747],[20.5397455,69.5278493],[20.5399532,69.5277909],[20.5402045,69.5277218]]}},{"type":"Feature","id":894044446,"properties":{"kind":"run","name":"Mapped ski run","subtype":"nordic","pisteType":"nordic","featured":false},"geometry":{"type":"LineString","coordinates":[[20.5364791,69.5313243],[20.5364876,69.53125],[20.5365,69.5311213],[20.5363985,69.5309183],[20.5362619,69.5307973],[20.5359471,69.5305177]]}},{"type":"Feature","id":894044448,"properties":{"kind":"run","name":"Mapped ski run","subtype":"nordic","pisteType":"nordic","featured":false},"geometry":{"type":"LineString","coordinates":[[20.5308241,69.5320923],[20.5310279,69.5320745],[20.5311955,69.5320735],[20.5313565,69.5320895],[20.5314597,69.532119],[20.5315255,69.5321626],[20.5315362,69.5322771],[20.5315416,69.5324098],[20.5315898,69.5324858],[20.5316623,69.5325439],[20.5318232,69.5325899],[20.5320995,69.5326278],[20.5326077,69.5326982],[20.5330583,69.5327681],[20.5334084,69.5328009],[20.5337919,69.5328234],[20.5344141,69.5328746],[20.5346489,69.5328956],[20.5349118,69.5329228]]}},{"type":"Feature","id":907130948,"properties":{"kind":"run","name":"Mapped ski run","subtype":"nordic","pisteType":"nordic","featured":false},"geometry":{"type":"LineString","coordinates":[[19.5786817,69.6565218],[19.5784575,69.6565557],[19.5781563,69.6565611],[19.5776635,69.6565501],[19.577406,69.6565473],[19.5770563,69.6565274],[19.5764083,69.6564466],[19.5758371,69.6563425],[19.5754803,69.6562792],[19.5749384,69.6562303],[19.574662,69.6561875],[19.5740533,69.6560811],[19.5735016,69.6559164],[19.5728863,69.6557078]]}},{"type":"Feature","id":907130949,"properties":{"kind":"run","name":"Mapped ski run","subtype":"nordic","pisteType":"nordic","featured":false},"geometry":{"type":"LineString","coordinates":[[19.5817443,69.6540784],[19.581748,69.6542872],[19.5817565,69.6544763],[19.581719,69.6546114],[19.5817002,69.6547109],[19.5815246,69.6548413],[19.5813145,69.6549677],[19.580902,69.655232],[19.5800641,69.6557406],[19.5795545,69.6560549],[19.5793211,69.6562499],[19.5790647,69.6563744],[19.5788652,69.6564671],[19.5786817,69.6565218]]}},{"type":"Feature","id":932632812,"properties":{"kind":"run","name":"Mapped ski run","subtype":"nordic","pisteType":"nordic","featured":false},"geometry":{"type":"LineString","coordinates":[[19.6750975,69.4138733],[19.6749365,69.4138535],[19.6747434,69.4138247],[19.6743518,69.4137436],[19.673979,69.413605],[19.673641,69.4134946],[19.6733379,69.4133852],[19.6731046,69.41329],[19.6731167,69.4132065]]}},{"type":"Feature","id":932632813,"properties":{"kind":"run","name":"Mapped ski run","subtype":"nordic","pisteType":"nordic","featured":false},"geometry":{"type":"LineString","coordinates":[[19.6731167,69.4132065],[19.6730382,69.4130926],[19.6729933,69.4130585]]}},{"type":"Feature","id":932632814,"properties":{"kind":"run","name":"Mapped ski run","subtype":"nordic","pisteType":"nordic","featured":false},"geometry":{"type":"LineString","coordinates":[[19.6729933,69.4130585],[19.6728551,69.4129665],[19.6727398,69.4128736],[19.6727032,69.4128541]]}},{"type":"Feature","id":932632816,"properties":{"kind":"run","name":"Mapped ski run","subtype":"nordic","pisteType":"nordic","featured":false},"geometry":{"type":"LineString","coordinates":[[19.6726773,69.4128258],[19.672607,69.4127793],[19.6725688,69.4127387]]}},{"type":"Feature","id":932632817,"properties":{"kind":"run","name":"Mapped ski run","subtype":"nordic","pisteType":"nordic","featured":false},"geometry":{"type":"LineString","coordinates":[[19.6727032,69.4128541],[19.6726773,69.4128258]]}},{"type":"Feature","id":932632818,"properties":{"kind":"run","name":"Mapped ski run","subtype":"nordic","pisteType":"nordic","featured":false},"geometry":{"type":"LineString","coordinates":[[19.6725829,69.4125279],[19.6725279,69.4124647]]}},{"type":"Feature","id":932632819,"properties":{"kind":"run","name":"Mapped ski run","subtype":"nordic","pisteType":"nordic","featured":false},"geometry":{"type":"LineString","coordinates":[[19.6725688,69.4127387],[19.672548,69.4127133],[19.6725427,69.412693],[19.6725614,69.4126293],[19.6725829,69.4125279]]}},{"type":"Feature","id":932632820,"properties":{"kind":"run","name":"Mapped ski run","subtype":"nordic","pisteType":"nordic","featured":false},"geometry":{"type":"LineString","coordinates":[[19.6724253,69.4123843],[19.6722195,69.4122497],[19.6720113,69.4121563]]}},{"type":"Feature","id":932632821,"properties":{"kind":"run","name":"Mapped ski run","subtype":"nordic","pisteType":"nordic","featured":false},"geometry":{"type":"LineString","coordinates":[[19.6725279,69.4124647],[19.6724783,69.4124272],[19.6724253,69.4123843]]}},{"type":"Feature","id":932632823,"properties":{"kind":"run","name":"Mapped ski run","subtype":"nordic","pisteType":"nordic","featured":false},"geometry":{"type":"LineString","coordinates":[[19.6719582,69.4121333],[19.6719016,69.4121094],[19.6718218,69.4120971],[19.6717688,69.4120825],[19.6717165,69.4120537],[19.6717112,69.4120283],[19.6716414,69.4119847],[19.6715087,69.4119361],[19.6712565,69.4118488],[19.6712331,69.4118223],[19.6711814,69.411764],[19.6711212,69.4117175]]}},{"type":"Feature","id":932632824,"properties":{"kind":"run","name":"Mapped ski run","subtype":"nordic","pisteType":"nordic","featured":false},"geometry":{"type":"LineString","coordinates":[[19.6720113,69.4121563],[19.6719582,69.4121333]]}},{"type":"Feature","id":932632825,"properties":{"kind":"run","name":"Mapped ski run","subtype":"nordic","pisteType":"nordic","featured":false},"geometry":{"type":"LineString","coordinates":[[19.6653858,69.4096807],[19.6653557,69.4096478],[19.6651947,69.4094105],[19.6651787,69.4092596],[19.6652484,69.4090662],[19.6653154,69.4089134],[19.665345,69.4087974],[19.6653396,69.4086389],[19.6653315,69.4081276],[19.6653315,69.4080701],[19.6653798,69.4079389]]}},{"type":"Feature","id":932632826,"properties":{"kind":"run","name":"Mapped ski run","subtype":"nordic","pisteType":"nordic","featured":false},"geometry":{"type":"LineString","coordinates":[[19.6654095,69.4097063],[19.6653858,69.4096807]]}},{"type":"Feature","id":932632830,"properties":{"kind":"run","name":"Mapped ski run","subtype":"nordic","pisteType":"nordic","featured":false},"geometry":{"type":"LineString","coordinates":[[19.6708892,69.4116032],[19.6705216,69.4114291],[19.6703285,69.4113357],[19.6702427,69.4112914],[19.6701461,69.4112226],[19.6699771,69.4111584],[19.669379,69.4110028],[19.6692073,69.4109632],[19.6690276,69.4109368],[19.6685556,69.4108141],[19.6682686,69.4107236],[19.6681398,69.4106538],[19.667775,69.4105312],[19.6674237,69.41045],[19.66713,69.4104147],[19.6669047,69.4103812],[19.6661067,69.4100831],[19.665762,69.4099565],[19.6655884,69.4098871],[19.6654308,69.4097685],[19.6654095,69.4097063]]}},{"type":"Feature","id":932632831,"properties":{"kind":"run","name":"Mapped ski run","subtype":"nordic","pisteType":"nordic","featured":false},"geometry":{"type":"LineString","coordinates":[[19.670977,69.4116478],[19.6708892,69.4116032]]}},{"type":"Feature","id":932632832,"properties":{"kind":"run","name":"Mapped ski run","subtype":"nordic","pisteType":"nordic","featured":false},"geometry":{"type":"LineString","coordinates":[[19.6710137,69.4116667],[19.6709948,69.411658],[19.670977,69.4116478]]}},{"type":"Feature","id":932632833,"properties":{"kind":"run","name":"Mapped ski run","subtype":"nordic","pisteType":"nordic","featured":false},"geometry":{"type":"LineString","coordinates":[[19.6711212,69.4117175],[19.6710137,69.4116667]]}},{"type":"Feature","id":932632842,"properties":{"kind":"run","name":"Vedhøggaveien","subtype":"nordic","pisteType":"nordic","featured":false},"geometry":{"type":"LineString","coordinates":[[19.669688,69.4219829],[19.669762,69.4219299]]}},{"type":"Feature","id":932632843,"properties":{"kind":"run","name":"Vedhøggaveien","subtype":"nordic","pisteType":"nordic","featured":false},"geometry":{"type":"LineString","coordinates":[[19.6687363,69.4228329],[19.6687701,69.4227692],[19.6689016,69.4226683],[19.6691188,69.4225345],[19.6693093,69.4222875],[19.6696244,69.4220214],[19.669688,69.4219829]]}},{"type":"Feature","id":932632844,"properties":{"kind":"run","name":"Vedhøggaveien","subtype":"nordic","pisteType":"nordic","featured":false},"geometry":{"type":"LineString","coordinates":[[19.669762,69.4219299],[19.6697773,69.4219089],[19.670012,69.4217831],[19.6702909,69.4216615],[19.6708891,69.4212683],[19.6714765,69.4208893],[19.6717957,69.4207668],[19.6719941,69.4206716],[19.6722195,69.4204698],[19.6724367,69.4201766],[19.6726727,69.419724],[19.6728592,69.4194265],[19.6729892,69.4193139],[19.6730161,69.4192469],[19.6730858,69.4190159],[19.6732011,69.4188566],[19.6733943,69.4186972],[19.6737617,69.4183946],[19.6738556,69.4182776],[19.6742928,69.4177666],[19.6744591,69.417595],[19.6746415,69.4173064],[19.6748239,69.4169952],[19.6750385,69.4167916],[19.6751404,69.416602],[19.6752048,69.4163267],[19.6753147,69.4160966],[19.6754327,69.4158316],[19.6755615,69.4156152],[19.6756031,69.4155402],[19.6756312,69.4154737],[19.6756607,69.4154433],[19.6756951,69.4154187],[19.6757184,69.4154032],[19.6757726,69.4153765],[19.6758552,69.4153271],[19.6758914,69.415286],[19.6759289,69.4151941],[19.6759558,69.4151158],[19.6759531,69.4150611],[19.6759222,69.4150059],[19.6758699,69.4149286],[19.6758351,69.4147716],[19.6758002,69.4145726],[19.6757144,69.4144245],[19.6756232,69.4143019],[19.6754917,69.4141803],[19.6754274,69.4140652],[19.6753898,69.4139936],[19.6751887,69.4138964],[19.6750975,69.4138733]]}},{"type":"Feature","id":1092920495,"properties":{"kind":"run","name":"Mapped ski run","subtype":"nordic","pisteType":"nordic","featured":false},"geometry":{"type":"LineString","coordinates":[[20.5329518,69.5258751],[20.5327311,69.5257013],[20.5326158,69.5256328]]}},{"type":"Feature","id":1092920497,"properties":{"kind":"run","name":"Mapped ski run","subtype":"nordic","pisteType":"nordic","featured":false},"geometry":{"type":"LineString","coordinates":[[20.5312908,69.5282559],[20.5313766,69.5283609],[20.531677,69.5284772],[20.5319452,69.5286105],[20.5321169,69.5287624],[20.5321115,69.5288862],[20.5320686,69.5290551],[20.5319291,69.5291958],[20.5316019,69.529389],[20.5313766,69.5294547],[20.5311459,69.5294941],[20.5308938,69.5294866],[20.5307329,69.5294547],[20.530647,69.5294003],[20.5306524,69.5293065],[20.5310172,69.5291226],[20.5312532,69.5289594],[20.5312693,69.5288656],[20.5312264,69.5287943],[20.5310708,69.528738],[20.5307972,69.5287024],[20.5303252,69.5287024],[20.5300409,69.5287193],[20.5298048,69.5287699],[20.5296493,69.5288637],[20.5296332,69.5289913],[20.5298585,69.5293515],[20.5300409,69.5294772],[20.5303252,69.5295429],[20.5309206,69.5296348],[20.5318969,69.5297211],[20.5322671,69.5297286],[20.5325729,69.529708],[20.5327982,69.5296404],[20.5329162,69.5295729],[20.5329484,69.5294622],[20.5324817,69.5289106],[20.5321383,69.5285767],[20.5318916,69.528451],[20.5312908,69.5282559],[20.5310708,69.528147],[20.5309904,69.528027],[20.5309743,69.5279425],[20.5310547,69.5277962],[20.5312639,69.527663],[20.5315107,69.5275654],[20.5317306,69.5275223],[20.5319828,69.5274979],[20.5329323,69.5274678],[20.5336189,69.527496],[20.534209,69.527541],[20.5346757,69.5275467],[20.5356842,69.5274735],[20.5358827,69.5274491],[20.5360436,69.5274172],[20.5364835,69.5272089],[20.5371863,69.5268149],[20.5373096,69.5266836],[20.537315,69.5265991],[20.5371809,69.5264772],[20.5369878,69.5263984],[20.536682,69.5262952],[20.5364272,69.5261723],[20.5363923,69.5261394],[20.5362931,69.5260071],[20.5362221,69.5259457]]}},{"type":"Feature","id":1092920498,"properties":{"kind":"run","name":"Mapped ski run","subtype":"nordic","pisteType":"nordic","featured":false},"geometry":{"type":"LineString","coordinates":[[20.5362221,69.5259457],[20.5360059,69.5258525],[20.5358627,69.5258157],[20.5356749,69.5257958],[20.5353411,69.5257726],[20.5348727,69.5257411],[20.5344061,69.5257295],[20.5339063,69.5257175],[20.5334948,69.5257096],[20.5332169,69.5257195]]}},{"type":"Feature","id":1092920499,"properties":{"kind":"run","name":"Mapped ski run","subtype":"nordic","pisteType":"nordic","featured":false},"geometry":{"type":"LineString","coordinates":[[20.5402045,69.5277218],[20.5402708,69.5276255],[20.5403084,69.5275072],[20.5403835,69.5274153],[20.5405927,69.5272708],[20.5408233,69.5271451],[20.5410272,69.5270982],[20.5415851,69.5270382],[20.541923,69.5270382],[20.5423576,69.5270532],[20.5427358,69.5270551],[20.5429235,69.5270354],[20.5432025,69.5269856],[20.5433768,69.5269444],[20.5434385,69.5269153],[20.5434546,69.5268309],[20.5433553,69.5267136],[20.5432373,69.526631],[20.5431005,69.5265654],[20.5429074,69.5265091],[20.5426741,69.5264575],[20.5423924,69.5264124],[20.5422154,69.5264002],[20.5420679,69.5264087],[20.541687,69.5264537],[20.5414778,69.5264706],[20.5412981,69.5264706],[20.5411372,69.5264593],[20.5408931,69.5264162],[20.5405551,69.5263299],[20.5401984,69.5262032],[20.5400187,69.5261404],[20.5398336,69.5260897],[20.5395037,69.5260231],[20.5389994,69.525964],[20.53864,69.5259302],[20.5383638,69.5258955],[20.5382189,69.5258645],[20.5380875,69.5258289],[20.5377442,69.5257238],[20.5374652,69.5256281],[20.5373284,69.525554],[20.5372533,69.5254817],[20.5371889,69.5254011],[20.5371433,69.5253129],[20.5370548,69.5251862],[20.5369771,69.5251121],[20.5368456,69.5250652],[20.5366954,69.5250314],[20.5365264,69.5250136],[20.5363253,69.5249995],[20.5359444,69.5250023],[20.5350405,69.5250164],[20.5339006,69.5250361],[20.5337423,69.5250333],[20.533525,69.5250239],[20.5332461,69.5250079],[20.5329135,69.5249798],[20.5327204,69.5249695],[20.5325809,69.5249714],[20.5325004,69.5249807],[20.5324495,69.5250004],[20.5323771,69.5250445],[20.5321786,69.5253176],[20.5321759,69.5253767],[20.532192,69.5254405],[20.5323529,69.5255071],[20.5326158,69.5256328],[20.5327874,69.5256722],[20.5329403,69.525691],[20.5332169,69.5257195]]}},{"type":"Feature","id":1092920501,"properties":{"kind":"run","name":"Mapped ski run","subtype":"nordic","pisteType":"nordic","featured":false},"geometry":{"type":"LineString","coordinates":[[20.5447931,69.5276915],[20.5447823,69.5275917],[20.5447474,69.5274894],[20.544683,69.5273881],[20.5445865,69.5273037],[20.5442834,69.5271676],[20.5441439,69.5270569],[20.5441332,69.5269988],[20.5441788,69.5269265],[20.5441949,69.5268346],[20.544101,69.5267464],[20.5438194,69.5266629],[20.5434492,69.526586],[20.5431756,69.5265325],[20.5429664,69.5264687],[20.5426955,69.5263636],[20.5424005,69.526282],[20.5418184,69.5261432],[20.5412739,69.5260334],[20.5410674,69.5260034],[20.5408341,69.5259837],[20.5405551,69.525979],[20.540075,69.5260165],[20.5398095,69.5260278],[20.5395037,69.5260231]]}},{"type":"Feature","id":1092920502,"properties":{"kind":"run","name":"Mapped ski run","subtype":"nordic","pisteType":"nordic","featured":false},"geometry":{"type":"LineString","coordinates":[[20.5447931,69.5276915],[20.544874,69.5277168],[20.5450541,69.5277954],[20.5452035,69.5278669],[20.5453282,69.5279407],[20.545405,69.5279932],[20.5454453,69.5280436],[20.5454486,69.5280851],[20.5454354,69.5281345],[20.5453661,69.528204]]}},{"type":"Feature","id":1092920504,"properties":{"kind":"run","name":"Mapped ski run","subtype":"nordic","pisteType":"nordic","featured":false},"geometry":{"type":"LineString","coordinates":[[20.5336835,69.5287495],[20.5344129,69.5287061],[20.5352765,69.5286273],[20.5360919,69.5285354],[20.5371863,69.5284848],[20.5401152,69.5284135],[20.54313,69.5283028],[20.5453661,69.528204]]}},{"type":"Feature","id":1092920505,"properties":{"kind":"run","name":"Mapped ski run","subtype":"nordic","pisteType":"nordic","featured":false},"geometry":{"type":"LineString","coordinates":[[20.5337546,69.5288711],[20.5342573,69.5292521],[20.5348259,69.5295992],[20.5353865,69.5300841],[20.5355206,69.5302117],[20.5357298,69.5303665],[20.5359471,69.5305177]]}},{"type":"Feature","id":1092920508,"properties":{"kind":"run","name":"Mapped ski run","subtype":"nordic","pisteType":"nordic","featured":false},"geometry":{"type":"LineString","coordinates":[[20.536741,69.5360115],[20.5365533,69.5358587],[20.5360115,69.5354648],[20.5355769,69.5352004],[20.5353194,69.5350906],[20.5352095,69.5350419],[20.5350539,69.534995],[20.5348071,69.5349593],[20.5344182,69.5349143],[20.5342332,69.5348759],[20.5340588,69.5348234],[20.5339488,69.5347727],[20.5337208,69.5346489],[20.5334473,69.5344679],[20.5332997,69.5343638],[20.533222,69.5343263],[20.533112,69.5343029],[20.5329591,69.5342888],[20.5327284,69.534286],[20.5322269,69.534301],[20.5317333,69.5343216],[20.5314115,69.534362],[20.5311352,69.5344482],[20.5308777,69.5345486],[20.5301186,69.5350672],[20.5297726,69.5352182],[20.52955,69.5352894],[20.5292121,69.5353532],[20.5288419,69.5354057],[20.5284852,69.5354142],[20.5281231,69.5354029],[20.5279005,69.5353888],[20.5276188,69.5353316],[20.5273935,69.5352397],[20.5272406,69.5351469],[20.5271253,69.5350447],[20.5270636,69.5349584],[20.5270663,69.5348609],[20.5271628,69.5347652],[20.5273882,69.5346686],[20.5277556,69.5345392],[20.5285442,69.5342775],[20.5290779,69.5341303],[20.5295581,69.5340046],[20.529719,69.5339418],[20.5298048,69.5338808],[20.5298558,69.5338086],[20.5299684,69.5335245],[20.5301723,69.5329055],[20.5305397,69.532248],[20.5306497,69.5321673],[20.5307302,69.5321158],[20.5308241,69.5320923]]}},{"type":"Feature","id":1092920509,"properties":{"kind":"run","name":"Mapped ski run","subtype":"nordic","pisteType":"nordic","featured":false},"geometry":{"type":"LineString","coordinates":[[20.5367705,69.5361203],[20.5369797,69.5361925],[20.5372372,69.5362291],[20.5375162,69.5362741],[20.5377361,69.5363397],[20.5379695,69.5364569],[20.5380768,69.536531],[20.5381063,69.536607],[20.5381438,69.5366895],[20.5380875,69.5371143],[20.5382028,69.5375709],[20.5382538,69.537931],[20.538334,69.5380338]]}},{"type":"Feature","id":1092920510,"properties":{"kind":"run","name":"Mapped ski run","subtype":"nordic","pisteType":"nordic","featured":false},"geometry":{"type":"LineString","coordinates":[[20.536741,69.5360115],[20.5367705,69.5361203]]}},{"type":"Feature","id":1092920511,"properties":{"kind":"run","name":"Mapped ski run","subtype":"nordic","pisteType":"nordic","featured":false},"geometry":{"type":"LineString","coordinates":[[20.5310757,69.5403198],[20.5307597,69.5402966],[20.5306309,69.540261],[20.530529,69.5402],[20.5306041,69.5401382],[20.5307543,69.5401007],[20.5311513,69.5400857],[20.5313927,69.5400744],[20.5316287,69.540051],[20.5317521,69.5400135],[20.5318594,69.53996],[20.5318862,69.5398747],[20.5318272,69.5397716],[20.5318299,69.53972],[20.5318513,69.5396712],[20.5320525,69.5395897],[20.5326399,69.5394115],[20.5331227,69.5393178],[20.5336538,69.5392409],[20.5342036,69.5391293],[20.5346516,69.5390402],[20.5348688,69.5389718],[20.5349708,69.5388968],[20.5349976,69.5388593],[20.5350137,69.5387674],[20.5351022,69.5386849],[20.5353945,69.5386042],[20.5357003,69.5385124],[20.5359095,69.5384467],[20.5360061,69.5383736],[20.5360168,69.5383061],[20.5359095,69.5382329],[20.535754,69.5381767],[20.5355447,69.5381523],[20.5353409,69.5381711],[20.5350405,69.5382517],[20.5324387,69.5392662],[20.5313766,69.5396994],[20.5311459,69.5397388],[20.5309796,69.5397388],[20.5308402,69.5397181],[20.5307382,69.539675],[20.5306739,69.5396075],[20.5306846,69.53945],[20.5308723,69.5393206],[20.5317414,69.5390243],[20.5320632,69.5388912],[20.5322456,69.5387618],[20.5323422,69.5386511],[20.5325326,69.5382714],[20.532546,69.5381626],[20.5325058,69.5381101],[20.5323851,69.538036],[20.5323073,69.5379029],[20.5321491,69.5374941],[20.5318701,69.5369643],[20.5317119,69.5365667],[20.5317199,69.5364832],[20.5318326,69.5364466],[20.5319855,69.5364335],[20.5325782,69.5364288],[20.5334821,69.5364279],[20.5362985,69.5362928],[20.5365264,69.5362797],[20.536674,69.536245],[20.5367544,69.5361925],[20.5367705,69.5361203]]}},{"type":"Feature","id":1092920512,"properties":{"kind":"run","name":"Mapped ski run","subtype":"nordic","pisteType":"nordic","featured":false},"geometry":{"type":"LineString","coordinates":[[20.5346754,69.5401169],[20.5343511,69.5401454],[20.5334085,69.5401978],[20.5323407,69.5402482],[20.5317129,69.5402774],[20.5310757,69.5403198]]}},{"type":"Feature","id":1092920514,"properties":{"kind":"run","name":"Mapped ski run","subtype":"nordic","pisteType":"nordic","featured":false},"geometry":{"type":"LineString","coordinates":[[20.5409001,69.5380371],[20.5416951,69.5380388],[20.5440983,69.5380473],[20.5449513,69.5380688],[20.5454957,69.5380473],[20.5463433,69.5380182],[20.5479473,69.5380126],[20.5483898,69.5380173],[20.548583,69.5380342],[20.5487493,69.538067],[20.5489531,69.5381326],[20.5491945,69.5382292],[20.5494332,69.5383783],[20.5496827,69.538608],[20.5499375,69.539014],[20.5499348,69.5391565],[20.5497658,69.5392165],[20.5496532,69.5392334],[20.5494359,69.5392268],[20.5493233,69.5391987],[20.5491731,69.5391284],[20.5490148,69.5389324],[20.5489317,69.5387327],[20.5488485,69.5385452],[20.5487815,69.5384739],[20.5485937,69.5384073],[20.5480975,69.5383605],[20.5473867,69.538353],[20.54681,69.5383614],[20.5464292,69.5383839],[20.5461475,69.5384373],[20.5459651,69.5384898],[20.5458364,69.538563],[20.5457586,69.5387008],[20.545603,69.5389699],[20.545418,69.5392446],[20.5452409,69.5393722],[20.5449539,69.539479],[20.5446804,69.5395278],[20.5442244,69.5395822],[20.5429208,69.539675],[20.5425721,69.5396778],[20.5423146,69.5396647],[20.542202,69.5396403],[20.5421215,69.5395981],[20.5421081,69.5395362],[20.5421832,69.5394378],[20.5424648,69.539209],[20.5427331,69.5390787],[20.5431622,69.5389371],[20.5434948,69.5388668],[20.5436531,69.5388293],[20.5438033,69.5387918],[20.5438784,69.5387289],[20.5438516,69.5386633],[20.5437228,69.5385996],[20.5434278,69.5385545],[20.5430764,69.5385283],[20.5426928,69.5385255],[20.5418104,69.5385499],[20.5413464,69.5385902],[20.5406275,69.538698],[20.5400187,69.5388274],[20.5393857,69.5390009],[20.5391416,69.5390965],[20.5389753,69.539179],[20.5387929,69.5393731],[20.5385837,69.5396225],[20.5384657,69.5397369],[20.5382913,69.5398184],[20.5380204,69.5398906],[20.537543,69.5399581],[20.5365184,69.5400547],[20.5357379,69.5401007],[20.5346754,69.5401169]]}},{"type":"Feature","id":1092920515,"properties":{"kind":"run","name":"Mapped ski run","subtype":"nordic","pisteType":"nordic","featured":false},"geometry":{"type":"LineString","coordinates":[[20.5409001,69.5380371],[20.5397128,69.5380431],[20.538334,69.5380338]]}},{"type":"Feature","id":1092920517,"properties":{"kind":"run","name":"Mapped ski run","subtype":"nordic","pisteType":"nordic","featured":false},"geometry":{"type":"LineString","coordinates":[[20.5349118,69.5329228],[20.5352551,69.532928],[20.535585,69.5329242],[20.5362877,69.5329139],[20.536851,69.5329073],[20.5372077,69.5328876],[20.5376771,69.532837],[20.5380794,69.5327732],[20.5386186,69.5326532],[20.5390826,69.5325716],[20.5396673,69.5324928],[20.5402091,69.5324703],[20.5406865,69.532474],[20.5409038,69.532489],[20.5410781,69.5325322],[20.5411452,69.5325847],[20.5411318,69.5326429],[20.5410567,69.5327207],[20.5407804,69.532807],[20.5397826,69.5329167],[20.539493,69.5329205],[20.5391362,69.5329073],[20.5385032,69.5328914],[20.5382645,69.5328998],[20.5380607,69.5329186],[20.5379614,69.5329392],[20.5378488,69.5329955],[20.5376047,69.5333603],[20.5375054,69.5334757],[20.5373687,69.5335507],[20.5372104,69.5336154],[20.5367008,69.5337814],[20.5356896,69.5340834],[20.535593,69.5341397],[20.5355448,69.5341931],[20.5355608,69.5343141],[20.5356011,69.5343798],[20.5356333,69.5344182],[20.5357298,69.5344642],[20.5358586,69.5344886],[20.5360973,69.5345139],[20.5365264,69.5345064],[20.5370656,69.5344773],[20.5375296,69.5344473],[20.5377066,69.5344482],[20.5378193,69.5344642],[20.537881,69.534512],[20.5378836,69.5345636],[20.5378273,69.5346283],[20.5377066,69.534678],[20.5373928,69.5347802],[20.5370066,69.5348918],[20.53691,69.5349331],[20.5368429,69.5350344],[20.536741,69.5360115]]}},{"type":"Feature","id":1093169240,"properties":{"kind":"run","name":"Mapped ski run","subtype":"nordic","pisteType":"nordic","featured":false},"geometry":{"type":"LineString","coordinates":[[20.1291606,69.4382618],[20.1292598,69.437885],[20.1293617,69.4376815],[20.129571,69.4374931],[20.1299035,69.437365],[20.1300859,69.4373009],[20.130161,69.4372199],[20.1302737,69.4370447]]}},{"type":"Feature","id":1093169243,"properties":{"kind":"run","name":"Lyngdalen","subtype":"nordic","pisteType":"nordic","featured":false},"geometry":{"type":"LineString","coordinates":[[20.1015903,69.4438487],[20.1019779,69.4438417],[20.1024258,69.44382],[20.1027074,69.4437852],[20.1028871,69.4437767],[20.1030212,69.4437776],[20.1032358,69.4437871],[20.1034436,69.4437718],[20.1037602,69.4436948],[20.1039613,69.4436448],[20.1041384,69.4435987],[20.1043449,69.4435196],[20.1043731,69.4434833],[20.1044576,69.4434442],[20.1045608,69.443407],[20.1046668,69.4433915],[20.1048545,69.443367],[20.1050476,69.4433706]]}},{"type":"Feature","id":1093169244,"properties":{"kind":"run","name":"Lyngdalen","subtype":"nordic","pisteType":"nordic","featured":false},"geometry":{"type":"LineString","coordinates":[[20.0967676,69.4451637],[20.0969232,69.4450749],[20.0970117,69.4450354],[20.0971459,69.4449939],[20.0972947,69.444936],[20.0974396,69.4448578],[20.0976166,69.4447543]]}},{"type":"Feature","id":1093169245,"properties":{"kind":"run","name":"Mapped ski run","subtype":"nordic","pisteType":"nordic","featured":false},"geometry":{"type":"LineString","coordinates":[[20.1015903,69.4438487],[20.1011449,69.4439529],[20.1009732,69.4440339],[20.1000827,69.4442222],[20.0991172,69.4443597],[20.0987041,69.4444426],[20.0982481,69.4445707],[20.0978029,69.4447082],[20.0976166,69.4447543]]}},{"type":"Feature","id":1093169247,"properties":{"kind":"run","name":"Mapped ski run","subtype":"nordic","pisteType":"nordic","featured":false},"geometry":{"type":"LineString","coordinates":[[20.1283988,69.4394648],[20.1281655,69.4393367],[20.1280823,69.439266],[20.1280501,69.4391888],[20.1280957,69.4391181],[20.1282218,69.4389759],[20.1287851,69.4386368],[20.1290828,69.4384248],[20.1292062,69.438308],[20.1291606,69.4382618],[20.1289648,69.4382524],[20.1281601,69.4383749],[20.1277712,69.4384097],[20.1274896,69.4384135],[20.1273823,69.4383947],[20.1271731,69.4383353],[20.1269531,69.4382317],[20.1266313,69.4379905],[20.1263791,69.4379397],[20.1262397,69.4379406],[20.1261243,69.4379679],[20.1259473,69.4380904],[20.1257461,69.4382703],[20.1247269,69.4389213],[20.1244238,69.4390654],[20.1241396,69.4391741]]}},{"type":"Feature","id":1093169248,"properties":{"kind":"run","name":"Lyngdalen","subtype":"nordic","pisteType":"nordic","featured":false},"geometry":{"type":"LineString","coordinates":[[20.1210281,69.4397531],[20.1210671,69.4397949],[20.1211047,69.4398175],[20.1211637,69.4398382],[20.1213461,69.4398721],[20.1215151,69.439907],[20.121747,69.4399374],[20.1221856,69.4399673],[20.1226268,69.4400194],[20.1228173,69.4400648],[20.1230238,69.4401298],[20.1233993,69.4402663],[20.1240752,69.4404461],[20.124444,69.4405593],[20.1248035,69.4406676],[20.1251441,69.4407477],[20.1255182,69.4408238]]}},{"type":"Feature","id":1093169250,"properties":{"kind":"run","name":"Mapped ski run","subtype":"nordic","pisteType":"nordic","featured":false},"geometry":{"type":"LineString","coordinates":[[20.1255182,69.4408238],[20.1256388,69.4410331],[20.1258588,69.441214],[20.126068,69.4413732],[20.1264542,69.4416294],[20.1267144,69.441749],[20.1271301,69.441879],[20.1275083,69.4419553],[20.1276425,69.441976],[20.1278087,69.4419854],[20.1280609,69.4419779],[20.1292893,69.4418168],[20.1299813,69.4417433],[20.13055,69.4417188],[20.1313278,69.4417235],[20.1318991,69.4417358],[20.1324114,69.4417904],[20.1327842,69.4418432],[20.1331705,69.4419204],[20.1334602,69.4419505],[20.1338303,69.4419703],[20.1347584,69.4420692],[20.1351526,69.4421088],[20.1353511,69.4421154],[20.1355121,69.4420928],[20.1355442,69.4420589],[20.1355442,69.4420033],[20.1355013,69.4419713],[20.1352385,69.4419034],[20.1348871,69.4418705],[20.1337633,69.4418149],[20.1334521,69.4417527],[20.1333824,69.4417188],[20.1332456,69.4416115],[20.1329291,69.4414956],[20.1322371,69.4413195],[20.1319393,69.4412347],[20.1317918,69.4411518],[20.1317757,69.4410548],[20.1318428,69.4410039],[20.1319259,69.4409663],[20.1321647,69.4409465],[20.1326904,69.440954],[20.1330069,69.4409889],[20.1333287,69.441067],[20.1335406,69.4410793],[20.1337016,69.4410802],[20.1342514,69.4410388],[20.1346108,69.4410416],[20.134989,69.4410812],[20.1353297,69.4411415],[20.1355335,69.4411584],[20.1358661,69.4411584],[20.1368478,69.4410934],[20.1373816,69.4410755],[20.1380575,69.4410972],[20.1382855,69.4410981],[20.1384625,69.4410925],[20.1386395,69.441067],[20.1389748,69.4410265],[20.1395568,69.4410275],[20.1400852,69.441051],[20.1404473,69.4410878],[20.1416865,69.4413006],[20.1419252,69.4413543],[20.1420754,69.4414165],[20.1424402,69.4416407],[20.1428667,69.4417754],[20.1437303,69.4419374],[20.1457205,69.4422811],[20.1459646,69.4423075],[20.1462543,69.4423047],[20.1473325,69.4421653],[20.147582,69.4421596],[20.1479736,69.4421521],[20.1481399,69.4421342],[20.1483035,69.4420796],[20.148532,69.4419784]]}},{"type":"Feature","id":1093169251,"properties":{"kind":"run","name":"Mapped ski run","subtype":"nordic","pisteType":"nordic","featured":false},"geometry":{"type":"LineString","coordinates":[[20.148532,69.4419784],[20.149406,69.4420991],[20.1514444,69.4422858],[20.153558,69.4424544],[20.153802,69.4424365],[20.1541059,69.4423619],[20.1542345,69.4422945]]}},{"type":"Feature","id":1093179255,"properties":{"kind":"run","name":"Jøvikdalen","subtype":"nordic","pisteType":"nordic","featured":false},"geometry":{"type":"LineString","coordinates":[[19.8051563,69.6050221],[19.8050719,69.6049972],[19.8049834,69.6049972],[19.8049003,69.6050074],[19.8047501,69.6050392],[19.8045382,69.6050682],[19.8042914,69.6050822],[19.8039052,69.605086],[19.8033285,69.6051075],[19.803012,69.6051271],[19.8027089,69.6051346],[19.8025721,69.6051299],[19.8024494,69.6051135],[19.8023053,69.6050794],[19.8021333,69.6050319],[19.8016494,69.6049887],[19.8013853,69.604985],[19.801231,69.6050009],[19.8010741,69.6050229],[19.8009621,69.6050335],[19.8008622,69.6050375],[19.8004751,69.6050309],[19.8002949,69.6050378],[19.800185,69.6050247],[19.8000734,69.6049964],[19.8000093,69.6049018],[19.7999056,69.6048325],[19.7995329,69.6047786],[19.7988789,69.6046649],[19.79864,69.6046406],[19.7982884,69.604617],[19.7979105,69.6045976],[19.7976623,69.6045714],[19.7974353,69.604527],[19.7972184,69.6044746],[19.7969715,69.6044283],[19.7965774,69.6043597],[19.7962791,69.6043012]]}},{"type":"Feature","id":1093179256,"properties":{"kind":"run","name":"Mapped ski run","subtype":"nordic","pisteType":"nordic","featured":false},"geometry":{"type":"LineString","coordinates":[[19.7962791,69.6043012],[19.7958559,69.6041325],[19.7956225,69.6040362],[19.7953033,69.6039241],[19.7949627,69.6038446],[19.7941768,69.6037764],[19.7935572,69.6037334],[19.7927713,69.603682],[19.7923073,69.6036427],[19.7919694,69.6035988],[19.7916797,69.6035782],[19.7912425,69.6035866],[19.7909635,69.6035847],[19.7906578,69.603566],[19.790419,69.6035343],[19.7898021,69.6033856],[19.7894883,69.6033183],[19.7893381,69.6032435],[19.7892308,69.6031818],[19.788925,69.6031398],[19.7884369,69.6031173],[19.7878361,69.6030715],[19.787372,69.6030603],[19.78679,69.6030435],[19.7861248,69.6029911],[19.7852853,69.602907],[19.7842151,69.6028247],[19.783228,69.6027677],[19.7817528,69.6027257],[19.7814095,69.6027126],[19.7811413,69.6026686],[19.7807041,69.6026013],[19.7802079,69.6025247],[19.7797492,69.6024761],[19.7794273,69.6024546],[19.7789553,69.6024499],[19.7783947,69.6024948],[19.7773111,69.6026256],[19.777023,69.602633]]}},{"type":"Feature","id":1093179258,"properties":{"kind":"run","name":"Mapped ski run","subtype":"nordic","pisteType":"nordic","featured":false},"geometry":{"type":"LineString","coordinates":[[19.7644982,69.5961902],[19.7645223,69.5963473],[19.7645143,69.596554],[19.7644901,69.5966634],[19.7644258,69.5968093],[19.7643855,69.5969056],[19.7643667,69.5969795],[19.7643828,69.5970599],[19.7644365,69.5971955],[19.7644392,69.5973469],[19.7644633,69.597389],[19.7645116,69.5974395],[19.7646189,69.5975218],[19.7646725,69.5976022],[19.7647181,69.5977453],[19.7648174,69.5982053],[19.7648281,69.5983156],[19.7647932,69.5984101],[19.7648254,69.5985849],[19.764879,69.5989028],[19.7649246,69.5992188],[19.7649917,69.5993638],[19.7650373,69.5994367],[19.7651124,69.5995405],[19.7651473,69.5996601],[19.7651714,69.5997293],[19.7652036,69.5998172],[19.7653779,69.599964],[19.7654423,69.6000266],[19.7654986,69.6001388],[19.7657213,69.6003109],[19.7659358,69.6005007],[19.7661638,69.6006783],[19.7662765,69.600841],[19.7664884,69.6010513],[19.7666439,69.6011785],[19.7668692,69.6013318],[19.7669175,69.6013944],[19.7669631,69.6014692],[19.7670704,69.601529],[19.767387,69.6016499]]}},{"type":"Feature","id":1093179260,"properties":{"kind":"run","name":"Mapped ski run","subtype":"nordic","pisteType":"nordic","featured":false},"geometry":{"type":"LineString","coordinates":[[19.7682533,69.5905807],[19.7681218,69.5908753],[19.7680119,69.5911241],[19.7680092,69.5912598],[19.767977,69.5914328],[19.7678429,69.5917162],[19.7678402,69.5917761],[19.7678429,69.5918434],[19.7678187,69.591922],[19.7676712,69.5920978],[19.7675854,69.5922802],[19.7675532,69.5923952],[19.7675478,69.5925346],[19.7675076,69.592629],[19.7674111,69.5927422],[19.7671831,69.592918],[19.7671294,69.5930134],[19.766998,69.5933529],[19.7668907,69.593482],[19.7667915,69.5937467],[19.7667754,69.5938813],[19.766821,69.5940394],[19.7667861,69.5942376],[19.7666842,69.5944312],[19.7666064,69.5945743],[19.766601,69.5946697],[19.7666252,69.5948025],[19.7665849,69.5949325],[19.7665635,69.5950251],[19.7664964,69.5951139],[19.7664776,69.5952205],[19.7664669,69.5952588],[19.7664213,69.5953112],[19.7662818,69.5953888],[19.7658285,69.5955356],[19.7656864,69.595588],[19.7656542,69.5956179],[19.765614,69.5956684],[19.7655335,69.5957152],[19.7653457,69.5957685],[19.7651848,69.5958124],[19.7650158,69.5958835],[19.7647583,69.5959995],[19.7645867,69.5961098],[19.7644982,69.5961902]]}},{"type":"Feature","id":1093179261,"properties":{"kind":"run","name":"Mapped ski run","subtype":"nordic","pisteType":"nordic","featured":false},"geometry":{"type":"LineString","coordinates":[[19.7628781,69.5784167],[19.7628929,69.5785075],[19.7628593,69.5786099],[19.7627936,69.5786787],[19.7627628,69.5787704],[19.7627695,69.5788598],[19.7628205,69.5789478],[19.7629385,69.5790255],[19.7632174,69.5792239],[19.7635487,69.579397],[19.7637136,69.579485],[19.7638987,69.579623],[19.7642595,69.5799547],[19.7643158,69.5803155],[19.7642487,69.5804999],[19.7642863,69.5806224],[19.7644258,69.5809191],[19.7644365,69.5810108],[19.764525,69.5811399],[19.7645491,69.5812897],[19.7647208,69.5814544],[19.7647396,69.5815348],[19.7649085,69.5818212],[19.7650775,69.58194],[19.7654933,69.5822123],[19.7656703,69.582348],[19.7656703,69.5824079],[19.7656327,69.5824762],[19.7654638,69.5828065],[19.7654718,69.5829029],[19.7655067,69.5830413],[19.7656703,69.5832163],[19.7657695,69.5833623],[19.7658393,69.5834034],[19.7660243,69.5834792],[19.7661638,69.5835354],[19.766314,69.5836505],[19.7664562,69.5838367],[19.7666466,69.5841052],[19.7667405,69.5842961],[19.7668987,69.584573],[19.7670624,69.5847021],[19.7671589,69.5849098],[19.7672984,69.5852382],[19.7673306,69.5855292],[19.7673976,69.5858127],[19.7675425,69.5862028],[19.7676337,69.5863918],[19.767631,69.5865003],[19.7675747,69.5866528],[19.7675183,69.5867622],[19.767513,69.5868549],[19.7675559,69.5869503],[19.7675532,69.5870466],[19.7675291,69.5871449],[19.7675157,69.5872104],[19.7675452,69.5872702],[19.7677222,69.5874152],[19.767985,69.5875789],[19.7681728,69.5877408],[19.7682399,69.587824],[19.7682613,69.5878961],[19.7682935,69.5880775],[19.7683042,69.5883301],[19.7683954,69.5885771],[19.7685054,69.5887492],[19.7685376,69.5888708],[19.7685376,69.5890177],[19.7685483,69.5891879],[19.7686073,69.5892908],[19.7686529,69.5893666],[19.7686797,69.5894938],[19.7686315,69.5897632],[19.7685564,69.5900279],[19.7684035,69.5903076],[19.7682533,69.5905807]]}},{"type":"Feature","id":1093179264,"properties":{"kind":"run","name":"Mapped ski run","subtype":"nordic","pisteType":"nordic","featured":false},"geometry":{"type":"LineString","coordinates":[[19.7637133,69.5773047],[19.7636694,69.5773713],[19.7635835,69.5775032],[19.7635809,69.5775772],[19.7636023,69.5776801],[19.7634789,69.57793],[19.7634172,69.5780067],[19.7631329,69.5782192],[19.7628781,69.5784167]]}},{"type":"Feature","id":1093179265,"properties":{"kind":"run","name":"Mapped ski run","subtype":"nordic","pisteType":"nordic","featured":false},"geometry":{"type":"LineString","coordinates":[[19.7637133,69.5773047],[19.7636586,69.5772252],[19.7635809,69.5771588],[19.7633448,69.5770736],[19.7630364,69.5769941],[19.7627681,69.5769286],[19.7623712,69.5767975],[19.7619501,69.5766272],[19.7612339,69.5762827],[19.7609818,69.5761685]]}},{"type":"Feature","id":1093179266,"properties":{"kind":"run","name":"Mapped ski run","subtype":"nordic","pisteType":"nordic","featured":false},"geometry":{"type":"LineString","coordinates":[[19.7494054,69.5638141],[19.7498158,69.5639747],[19.7500598,69.5640768],[19.7501913,69.5641461],[19.7503576,69.5641958],[19.7506124,69.5642594],[19.7507223,69.5642903],[19.7507572,69.5643128],[19.7508135,69.5643849],[19.7510067,69.5645741],[19.7513124,69.5649262],[19.7513634,69.5650433],[19.7514117,69.5651285],[19.7514734,69.5651697],[19.7515646,69.5652006],[19.7516611,69.5652137],[19.7518086,69.5652259],[19.7519159,69.5652503],[19.7519883,69.5652849],[19.7520661,69.5653411],[19.752219,69.5656688],[19.752396,69.565976],[19.7524846,69.5660874],[19.752616,69.5662204],[19.7528762,69.5664245],[19.7531229,69.5666783],[19.7531792,69.5667794],[19.7534367,69.5670192],[19.7536567,69.5672505],[19.7538659,69.5673844],[19.7540054,69.5675089],[19.7541073,69.5676278],[19.7541234,69.5677299],[19.7541019,69.5679799],[19.7541824,69.568317],[19.7542548,69.5684312],[19.7544104,69.5686334],[19.7544479,69.5687336],[19.7544479,69.5689087],[19.7544238,69.5690763],[19.7545043,69.5692711],[19.754743,69.5694836],[19.7550863,69.5699115],[19.7552928,69.5702907],[19.7553197,69.5703974],[19.7553197,69.5704957],[19.7552311,69.5706698],[19.7552204,69.5707625],[19.7552526,69.5708973],[19.7553465,69.5710256],[19.7555047,69.5711651],[19.7557622,69.5713233],[19.7559714,69.5714469],[19.7563094,69.5715789],[19.7565293,69.5716725],[19.7566634,69.5717493],[19.7568297,69.5718888],[19.7569826,69.5720404],[19.7572106,69.5722464],[19.7573876,69.5725506],[19.7575942,69.5728755],[19.7578275,69.5732003],[19.7579589,69.5733061],[19.7580421,69.5734849],[19.7580367,69.5736833],[19.7580743,69.5738088],[19.7581977,69.5739398],[19.758718,69.5744594],[19.7588199,69.5746147],[19.758946,69.574772],[19.7592893,69.5750388],[19.7594851,69.5751633],[19.7595763,69.5753009],[19.759638,69.5753982],[19.7597453,69.5754927],[19.7600296,69.5756463],[19.7603273,69.5758072],[19.760491,69.5759402],[19.7606519,69.5760263],[19.7609818,69.5761685]]}},{"type":"Feature","id":1093179268,"properties":{"kind":"run","name":"Mapped ski run","subtype":"nordic","pisteType":"nordic","featured":false},"geometry":{"type":"LineString","coordinates":[[19.7484344,69.562126],[19.7487643,69.5622515],[19.7490004,69.5623564],[19.7491237,69.5624528],[19.7492391,69.5625924],[19.7494081,69.5628003],[19.7495663,69.5631122],[19.7495529,69.5632723],[19.7495019,69.5634999],[19.7494403,69.5636207],[19.7494563,69.5637387],[19.7494054,69.5638141]]}},{"type":"Feature","id":1093179269,"properties":{"kind":"run","name":"Mapped ski run","subtype":"nordic","pisteType":"nordic","featured":false},"geometry":{"type":"LineString","coordinates":[[19.7355732,69.5584289],[19.7359702,69.5587399],[19.7364074,69.5589638],[19.7366783,69.559063],[19.7369036,69.5591136],[19.7373703,69.5591848],[19.7378772,69.5592748],[19.7383493,69.5593422],[19.7386926,69.5593534],[19.7390976,69.5593225],[19.7419488,69.559078],[19.7442234,69.5588926],[19.7446203,69.5588907],[19.7448617,69.5589038],[19.7449744,69.5589375],[19.7451407,69.559005],[19.7454464,69.5592541],[19.7456235,69.5595483],[19.7466373,69.5605618],[19.7468734,69.5607023],[19.747265,69.5609196],[19.7474527,69.5611013],[19.7476888,69.5612512],[19.7479516,69.5614104],[19.7481018,69.5615977],[19.7483271,69.5619593],[19.7484344,69.562126],[19.7484398,69.5622365],[19.7484022,69.5623433],[19.7482359,69.5625399],[19.7479892,69.5627591],[19.747898,69.5628546],[19.7478765,69.5629183],[19.7479141,69.5630101],[19.7480482,69.5631693],[19.7483164,69.5633473],[19.7486758,69.563514],[19.7490674,69.5636619],[19.7492257,69.5637294],[19.7494054,69.5638141]]}},{"type":"Feature","id":1093179271,"properties":{"kind":"run","name":"Mapped ski run","subtype":"nordic","pisteType":"nordic","featured":false},"geometry":{"type":"LineString","coordinates":[[19.7269767,69.5517946],[19.7273791,69.5517833],[19.7279102,69.5517505],[19.7280979,69.5517599],[19.7282025,69.551774],[19.7283018,69.5517974],[19.7284922,69.5518827],[19.7294015,69.5524739],[19.7304931,69.5533013],[19.7332182,69.5554348],[19.73398,69.5559753],[19.7342992,69.5562948],[19.7343609,69.5564325],[19.7345513,69.5566049],[19.7349161,69.5569047],[19.7350287,69.5570359],[19.7351414,69.5572719],[19.7352272,69.5575698],[19.7352648,69.557716],[19.7352219,69.5578115],[19.7352701,69.5579633],[19.7354525,69.5582237],[19.7355732,69.5584289]]}},{"type":"Feature","id":1093179274,"properties":{"kind":"run","name":"Mapped ski run","subtype":"nordic","pisteType":"nordic","featured":false},"geometry":{"type":"LineString","coordinates":[[19.7270545,69.5519623],[19.726612,69.5521132],[19.7263062,69.5522313],[19.7261292,69.5523512],[19.7260755,69.5525105],[19.7261399,69.5526604],[19.7262633,69.5527766],[19.7265208,69.5528422],[19.7267193,69.5528759],[19.7269338,69.5528834],[19.7271752,69.5528741],[19.7274166,69.5528291],[19.72754,69.5527522],[19.7275615,69.5526585],[19.7274864,69.5524486],[19.7272718,69.5521732],[19.7270545,69.5519623]]}},{"type":"Feature","id":1093179275,"properties":{"kind":"run","name":"Mapped ski run","subtype":"nordic","pisteType":"nordic","featured":false},"geometry":{"type":"LineString","coordinates":[[19.7383855,69.5476276],[19.7384861,69.5476627],[19.7385854,69.547777]]}},{"type":"Feature","id":1093179276,"properties":{"kind":"run","name":"Mapped ski run","subtype":"nordic","pisteType":"nordic","featured":false},"geometry":{"type":"LineString","coordinates":[[19.7305655,69.5470713],[19.7306138,69.5471163],[19.7308552,69.5472363],[19.7311825,69.5473487],[19.7316411,69.5474415],[19.7322875,69.5474931],[19.7328669,69.5475662],[19.7335106,69.5476336],[19.7340685,69.5476655],[19.734503,69.547673],[19.7353238,69.5476618],[19.7357342,69.5476505],[19.7368956,69.5476187],[19.7372281,69.5476205],[19.7374695,69.5476093],[19.7377324,69.5475849],[19.7379456,69.5475826],[19.7382192,69.5475943],[19.7383855,69.5476276]]}},{"type":"Feature","id":1093179277,"properties":{"kind":"run","name":"Mapped ski run","subtype":"nordic","pisteType":"nordic","featured":false},"geometry":{"type":"LineString","coordinates":[[19.7411308,69.5495371],[19.7416002,69.5497161],[19.7418469,69.5498154],[19.7419757,69.5499054],[19.7420132,69.5500235],[19.7420186,69.5501491],[19.7420615,69.5502353],[19.7422278,69.5503159],[19.7425228,69.5504114],[19.7436547,69.5506907],[19.7441161,69.55079],[19.7444218,69.5508669],[19.7447652,69.5509775],[19.7449368,69.551074],[19.7453472,69.5512858],[19.7454733,69.551386],[19.7455993,69.5514516],[19.7457951,69.5514985],[19.7461331,69.55152],[19.7464979,69.5515285],[19.74675,69.5515125],[19.7468922,69.5514844],[19.7469914,69.5514291],[19.7470692,69.5513429],[19.7472542,69.5510571],[19.7473374,69.5508744],[19.7473481,69.550597],[19.7474098,69.5504246],[19.7474608,69.5502887],[19.7475788,69.5501275],[19.7477344,69.5499757],[19.7478685,69.5499344],[19.748008,69.5499026],[19.7481957,69.5498688],[19.7487429,69.5497808],[19.7493544,69.5497245],[19.7498694,69.5496889],[19.750151,69.5496992],[19.7505024,69.5497311],[19.7507894,69.5497433],[19.7509423,69.5497358],[19.7510603,69.5496899],[19.7510603,69.5496739],[19.7510201,69.5496271],[19.750886,69.5495924],[19.7506151,69.5495268],[19.7504568,69.5494181],[19.7502932,69.5493159],[19.75021,69.5492503],[19.7500598,69.5491988],[19.7498721,69.5491313],[19.7497326,69.5490563],[19.7496092,69.5489607],[19.7495395,69.5488389],[19.7495449,69.5486815],[19.749577,69.5485484],[19.7495073,69.5484547],[19.7492284,69.5482766],[19.7490191,69.5481435],[19.7487777,69.5480479],[19.7485524,69.5479392],[19.7483861,69.5478136],[19.7483191,69.5477339],[19.748185,69.5475502],[19.7480053,69.5474275],[19.7475895,69.5472081],[19.7473723,69.5470582],[19.7471711,69.5468942],[19.7470477,69.5467133],[19.7469753,69.5465708],[19.7467446,69.5463608],[19.7466239,69.5461846],[19.7465622,69.5461125],[19.7464925,69.5460712],[19.746176,69.5459241],[19.7460338,69.5458256],[19.7459614,69.5456963],[19.7457898,69.5454066],[19.7457871,69.5453223],[19.7457173,69.5452482],[19.7455779,69.5451779],[19.745205,69.5450373],[19.7443414,69.5447796],[19.743416,69.5445565],[19.7427562,69.5443531],[19.7425953,69.544279],[19.7425577,69.5442378],[19.7425711,69.5441899],[19.7427562,69.5439687],[19.7427589,69.5438769],[19.7427347,69.5438159],[19.742488,69.543605],[19.7423163,69.5434213],[19.7418469,69.5431297],[19.741348,69.5429019],[19.7408411,69.5426788],[19.7404548,69.5425532],[19.7403368,69.5425035],[19.7401893,69.5424745],[19.7387409,69.5423423],[19.7380248,69.5423132],[19.736563,69.5423498],[19.7354713,69.5424032],[19.7346425,69.5424107],[19.7343743,69.5423966],[19.7341678,69.5423648],[19.7339049,69.5422766],[19.7333121,69.5419954],[19.7327274,69.541806],[19.7323224,69.5416729],[19.7320783,69.5415951],[19.7318879,69.5415688],[19.731684,69.5415613],[19.7310564,69.5415913],[19.7300023,69.5416851],[19.7293103,69.541717],[19.7287551,69.5417676],[19.7284412,69.5418107],[19.7282079,69.5418717],[19.7280496,69.5419804],[19.7279826,69.5420732],[19.7279799,69.5421576]]}},{"type":"Feature","id":1093179278,"properties":{"kind":"run","name":"Mapped ski run","subtype":"nordic","pisteType":"nordic","featured":false},"geometry":{"type":"LineString","coordinates":[[19.7397199,69.5485512],[19.7393981,69.5482044],[19.739036,69.5477377],[19.7389582,69.5476636],[19.7388133,69.5475999],[19.7384754,69.5475268],[19.7379202,69.5474518],[19.7375393,69.5474303],[19.7371933,69.5474293],[19.7368875,69.5474696],[19.7363135,69.5475727],[19.7357342,69.5476505]]}},{"type":"Feature","id":1093179279,"properties":{"kind":"run","name":"Mapped ski run","subtype":"nordic","pisteType":"nordic","featured":false},"geometry":{"type":"LineString","coordinates":[[19.7404334,69.5491444],[19.7408518,69.5492822],[19.7410583,69.549375],[19.7411603,69.5494593],[19.7411737,69.5495099],[19.7411308,69.5495371],[19.7410718,69.5495399],[19.7409537,69.5495174],[19.7407901,69.5494378],[19.7405729,69.5492869],[19.7404334,69.5491444]]}},{"type":"Feature","id":1093179280,"properties":{"kind":"run","name":"Mapped ski run","subtype":"nordic","pisteType":"nordic","featured":false},"geometry":{"type":"LineString","coordinates":[[19.7404334,69.5491444],[19.740243,69.549016],[19.7400767,69.5488567],[19.7397199,69.5485512],[19.7390172,69.5481416],[19.7387919,69.547972],[19.7385854,69.547777]]}},{"type":"Feature","id":1093179281,"properties":{"kind":"run","name":"Mapped ski run","subtype":"nordic","pisteType":"nordic","featured":false},"geometry":{"type":"LineString","coordinates":[[19.7467446,69.5463608],[19.7464818,69.5464499],[19.7461948,69.5465277],[19.7458568,69.5466092],[19.7453365,69.5466964],[19.7447571,69.5467657],[19.7445533,69.5467826],[19.7444433,69.546807],[19.7443306,69.5468407],[19.7442234,69.5468942],[19.7440276,69.5470451],[19.7437942,69.5471528],[19.743408,69.5472494],[19.7431746,69.5472766],[19.7428742,69.5472869],[19.7424129,69.5472878],[19.7419596,69.5472794],[19.7416753,69.5472962],[19.7411066,69.5473487],[19.7408438,69.5473497],[19.7405648,69.5473506],[19.7403905,69.5473693],[19.7399238,69.547435],[19.7392398,69.5475671],[19.7390494,69.5475858],[19.7388133,69.5475999]]}},{"type":"Feature","id":1093179282,"properties":{"kind":"run","name":"Mapped ski run","subtype":"nordic","pisteType":"nordic","featured":false},"geometry":{"type":"LineString","coordinates":[[19.7258556,69.5493811],[19.7256759,69.549628],[19.7255471,69.5498267],[19.7255284,69.5499251],[19.7255793,69.5500553],[19.7256651,69.5501856],[19.7257751,69.5503243],[19.7258636,69.5504667],[19.7261506,69.5507891],[19.726325,69.5509831],[19.7267783,69.5515191],[19.7269767,69.5517946],[19.7270545,69.5519623]]}},{"type":"Feature","id":1093179283,"properties":{"kind":"run","name":"Mapped ski run","subtype":"nordic","pisteType":"nordic","featured":false},"geometry":{"type":"LineString","coordinates":[[19.7259159,69.5492962],[19.7258556,69.5493811]]}},{"type":"Feature","id":1093179284,"properties":{"kind":"run","name":"Mapped ski run","subtype":"nordic","pisteType":"nordic","featured":false},"geometry":{"type":"LineString","coordinates":[[19.7294685,69.5475512],[19.730123,69.5474762],[19.7305736,69.5474481],[19.7311503,69.5474387],[19.7316411,69.5474415]]}},{"type":"Feature","id":1093179285,"properties":{"kind":"run","name":"Mapped ski run","subtype":"nordic","pisteType":"nordic","featured":false},"geometry":{"type":"LineString","coordinates":[[19.7225377,69.5529837],[19.7226074,69.5528947],[19.7226343,69.5528141],[19.7225833,69.5527288],[19.7223446,69.5525124],[19.7222641,69.5524205],[19.7222561,69.5523272]]}},{"type":"Feature","id":1093179286,"properties":{"kind":"run","name":"Mapped ski run","subtype":"nordic","pisteType":"nordic","featured":false},"geometry":{"type":"LineString","coordinates":[[19.7257751,69.5503243],[19.7256491,69.5504724],[19.7255284,69.5505501],[19.7253594,69.5506345],[19.7238332,69.5513195],[19.7230715,69.5517599],[19.7227737,69.5520157],[19.7222561,69.5523272]]}},{"type":"Feature","id":1093179287,"properties":{"kind":"run","name":"Mapped ski run","subtype":"nordic","pisteType":"nordic","featured":false},"geometry":{"type":"LineString","coordinates":[[19.7305655,69.5470713],[19.7304636,69.5471622],[19.7303778,69.5472391],[19.7302383,69.5473169],[19.7300452,69.5473806],[19.7294685,69.5475512],[19.7289669,69.547703],[19.728511,69.5478473],[19.7282052,69.5479692],[19.7280443,69.5480723],[19.7278941,69.5482016],[19.727717,69.5484153],[19.7275561,69.5485727],[19.7274005,69.5486665],[19.727143,69.5487621],[19.7265691,69.5489289],[19.7262365,69.549047],[19.7260916,69.5491201],[19.7260058,69.5491894],[19.7259159,69.5492962]]}},{"type":"Feature","id":1093179288,"properties":{"kind":"run","name":"Mapped ski run","subtype":"nordic","pisteType":"nordic","featured":false},"geometry":{"type":"LineString","coordinates":[[19.7279799,69.5421576],[19.7280657,69.542482],[19.7281086,69.5426226],[19.7282159,69.5428082],[19.72835,69.5429882],[19.7285163,69.5433407],[19.728629,69.5434963],[19.7286987,69.5435919],[19.7287095,69.5436913],[19.728688,69.5438469],[19.728688,69.5439369],[19.7287309,69.5440156],[19.7287953,69.544085],[19.7290689,69.5442949],[19.7292137,69.5443643],[19.7294658,69.5444318],[19.7297287,69.544473],[19.7300452,69.5445124],[19.7303027,69.5445724],[19.7304851,69.5446436],[19.730646,69.5447393],[19.7306782,69.5448292],[19.7306782,69.5449586],[19.7306299,69.5452173],[19.7305763,69.5452998],[19.7304583,69.5454235],[19.7303832,69.5455716],[19.7303885,69.5456597],[19.7304422,69.5457535],[19.7306299,69.5460365],[19.7306943,69.5462259],[19.7306889,69.5464602],[19.7305387,69.5468014],[19.7305387,69.5469644],[19.7305655,69.5470713]]}},{"type":"Feature","id":1093179818,"properties":{"kind":"run","name":"Mapped ski run","subtype":"nordic","pisteType":"nordic","featured":false},"geometry":{"type":"LineString","coordinates":[[20.1902413,69.5738387],[20.189466,69.5736693],[20.1888084,69.5735377],[20.1886488,69.5735074],[20.1880561,69.5734098],[20.1878903,69.5733635],[20.1877971,69.5733321],[20.1873231,69.5731402],[20.1871764,69.5730663],[20.1869923,69.5729449],[20.1866446,69.5726898],[20.1863855,69.5725179],[20.1861548,69.5723952]]}},{"type":"Feature","id":1093179819,"properties":{"kind":"run","name":"Mapped ski run","subtype":"nordic","pisteType":"nordic","featured":false},"geometry":{"type":"LineString","coordinates":[[20.2116224,69.5716294],[20.2119456,69.57132]]}},{"type":"Feature","id":1093182405,"properties":{"kind":"run","name":"Mapped ski run","subtype":"nordic","pisteType":"nordic","featured":false},"geometry":{"type":"LineString","coordinates":[[19.5839533,69.6133248],[19.5838863,69.6135939],[19.583787,69.6137761],[19.5835188,69.614176],[19.5829073,69.6149338],[19.5827007,69.6151991],[19.5826122,69.6153859],[19.5825988,69.6156466],[19.5827195,69.6161035],[19.5826739,69.6168041],[19.5826095,69.6172282],[19.5825666,69.6173983],[19.5825076,69.6175253],[19.5823574,69.6177065],[19.5821911,69.6178224],[19.5819873,69.6179532],[19.5815796,69.6181456],[19.5808339,69.6186183],[19.5802867,69.6189396],[19.5795196,69.6193749],[19.5792353,69.6195785],[19.5789778,69.619812],[19.578495,69.6203183],[19.5784146,69.6204883],[19.578436,69.6206415],[19.5785057,69.6207779],[19.578613,69.6209516],[19.5786613,69.6210861],[19.5786345,69.6212262],[19.5785272,69.6215325],[19.5783663,69.621809],[19.5781302,69.6220799],[19.5779318,69.6222797],[19.5773041,69.6227262],[19.5769983,69.62304],[19.576816,69.6233426],[19.5764539,69.6237637],[19.5764297,69.6239365],[19.5765021,69.6241018],[19.5765907,69.6242447],[19.5767757,69.624354],[19.5769662,69.6244539],[19.5773873,69.6245958],[19.578098,69.6246687],[19.5790744,69.6247845],[19.5796966,69.6248891],[19.5802009,69.6250123],[19.5805871,69.6251618],[19.5813167,69.6254158],[19.5842457,69.6267642],[19.5847392,69.6270256],[19.5848894,69.6271339],[19.5849216,69.6272983],[19.5848679,69.6276269],[19.5848787,69.6278772],[19.5849216,69.6279967],[19.5850718,69.628105],[19.5854259,69.6282451],[19.586252,69.6283767],[19.5871881,69.628486],[19.5891595,69.628823],[19.5897777,69.628978],[19.5901358,69.6291265],[19.5902806,69.6292385],[19.5903289,69.6293954],[19.5903504,69.629724],[19.5903665,69.6301012],[19.5903182,69.6302431],[19.5902055,69.630385],[19.5899749,69.6305941],[19.5890522,69.6313111],[19.5881885,69.6319235],[19.58799,69.63203],[19.5877647,69.6321196],[19.5874536,69.6322073],[19.5865738,69.6324146],[19.5862573,69.6325023],[19.5858926,69.6326554],[19.5850503,69.6330811],[19.5845193,69.6334284]]}},{"type":"Feature","id":1093182406,"properties":{"kind":"run","name":"Mapped ski run","subtype":"nordic","pisteType":"nordic","featured":false},"geometry":{"type":"LineString","coordinates":[[19.5880142,69.6149926],[19.5875341,69.6148571],[19.5866597,69.6145825],[19.5855063,69.6141359],[19.5849055,69.6138967],[19.5843798,69.6136537],[19.5840204,69.6133865],[19.5839533,69.6133248],[19.5838889,69.6129988],[19.5837682,69.6128343],[19.5835215,69.6125942],[19.583213,69.6123624],[19.5824647,69.611884],[19.5816252,69.6112832],[19.5806918,69.6106608],[19.5799166,69.610188],[19.579238,69.6098759],[19.5785353,69.609603],[19.5780954,69.6094021],[19.5766792,69.6086881],[19.576191,69.6084086],[19.5759684,69.6083096],[19.5757323,69.6082432],[19.5753837,69.6081862],[19.574925,69.6081198],[19.5747721,69.6080825],[19.5746219,69.6080198],[19.5745388,69.6079544],[19.5744958,69.6078413],[19.5744771,69.6077021],[19.574461,69.6074937],[19.5744154,69.6073236],[19.5742732,69.6071535],[19.5733505,69.6062506],[19.5717868,69.6050916],[19.5707703,69.6043223],[19.5703143,69.6040157],[19.5700353,69.6038035],[19.5698905,69.6036735],[19.5697913,69.603467],[19.5697269,69.6030566],[19.5696491,69.602879],[19.5690617,69.6020778],[19.5684314,69.601358],[19.567675,69.6006783],[19.567498,69.6005268],[19.5674014,69.6003427],[19.5673692,69.6001557],[19.5674175,69.5999444],[19.5675167,69.5997864],[19.5679244,69.5992544],[19.5682463,69.5988804],[19.5691448,69.5981053],[19.5695686,69.5976592],[19.569802,69.5973806],[19.5698851,69.5972422],[19.5699361,69.5971235],[19.5699441,69.5970028],[19.5699012,69.5965456],[19.5698288,69.5962622],[19.569743,69.5955702],[19.5696598,69.5952121],[19.5694882,69.5948951],[19.5693567,69.5946968],[19.5686272,69.5940562],[19.5684421,69.5938636],[19.5683724,69.5937953],[19.5683482,69.5937298],[19.5683938,69.593641],[19.5685092,69.5935605],[19.568764,69.5934558],[19.5697215,69.5931921],[19.5702445,69.593077],[19.5704591,69.5930256],[19.5705825,69.5929807],[19.5706737,69.5929059],[19.5708856,69.5928198],[19.571465,69.5926936],[19.5716152,69.5926318],[19.5718673,69.5925271],[19.5723635,69.592384],[19.5730743,69.5922063],[19.5736483,69.5920997],[19.5744985,69.5919687],[19.5748258,69.591907],[19.5751235,69.5917994]]}},{"type":"Feature","id":1093182409,"properties":{"kind":"run","name":"Mapped ski run","subtype":"nordic","pisteType":"nordic","featured":false},"geometry":{"type":"LineString","coordinates":[[19.5930344,69.5438789],[19.592924,69.5439106],[19.5926169,69.543995],[19.5923236,69.5441206],[19.5921129,69.5441621],[19.5914713,69.544158],[19.5910223,69.5440973],[19.5903075,69.5439219],[19.5897555,69.5438077],[19.5895486,69.5437056],[19.5894457,69.5436335],[19.5892078,69.5435675],[19.5890647,69.5435453],[19.5884654,69.5433934],[19.5883029,69.5431877],[19.5881501,69.543117],[19.5876223,69.5429642]]}},{"type":"Feature","id":1093182410,"properties":{"kind":"run","name":"Mapped ski run","subtype":"nordic","pisteType":"nordic","featured":false},"geometry":{"type":"LineString","coordinates":[[19.596777,69.5452998],[19.5962647,69.5450177],[19.5959991,69.5448808],[19.5958248,69.544848],[19.5956531,69.5448321],[19.5954385,69.5448246],[19.5952481,69.5448105],[19.5951408,69.544788],[19.594996,69.5447393],[19.5948082,69.5446746],[19.5945159,69.5445583],[19.5943791,69.5444824],[19.5942235,69.5443812],[19.5941457,69.5442931],[19.5938212,69.5441225],[19.5934376,69.5440043],[19.5930344,69.5438789]]}},{"type":"Feature","id":1093187724,"properties":{"kind":"run","name":"Mapped ski run","subtype":"nordic","pisteType":"nordic","featured":false},"geometry":{"type":"LineString","coordinates":[[19.644435,69.3788394],[19.6446674,69.3788524],[19.6448833,69.378891],[19.6452846,69.3790285],[19.6459715,69.3792487],[19.6464139,69.3793486],[19.6467202,69.3794251],[19.6470128,69.3795154],[19.6475024,69.3796814],[19.6480815,69.3798333],[19.6486323,69.3799283]]}},{"type":"Feature","id":1093187725,"properties":{"kind":"run","name":"Mapped ski run","subtype":"nordic","pisteType":"nordic","featured":false},"geometry":{"type":"LineString","coordinates":[[19.6467824,69.3717942],[19.6465319,69.3719837],[19.6461457,69.3721463],[19.6459097,69.3723069],[19.645856,69.3725318],[19.6457487,69.3726962],[19.6457326,69.3730855],[19.6456736,69.3732669],[19.6456844,69.3734975],[19.6455556,69.373643],[19.6455556,69.3737488],[19.6456736,69.3740379],[19.6456468,69.3742193],[19.6455127,69.3744499],[19.6455288,69.3747012],[19.6452284,69.3751604],[19.6450674,69.375304],[19.644987,69.3754797],[19.6448314,69.3756177],[19.644708,69.3758558],[19.6446812,69.3760088],[19.6448958,69.3763773],[19.6450943,69.37657],[19.645164,69.3766871],[19.6451157,69.3771482],[19.6450674,69.3772407],[19.6450084,69.3772823],[19.6448529,69.3773787],[19.6448153,69.3774372],[19.644869,69.3775619],[19.6450353,69.377783],[19.6450245,69.377919],[19.644928,69.3781703],[19.6449065,69.3783649],[19.6447992,69.3784764],[19.6446222,69.3785671],[19.6443111,69.378705],[19.6442896,69.3787607],[19.644435,69.3788394]]}},{"type":"Feature","id":1093187726,"properties":{"kind":"run","name":"Mapped ski run","subtype":"nordic","pisteType":"nordic","featured":false},"geometry":{"type":"LineString","coordinates":[[19.6572205,69.4328454],[19.6567297,69.4328068],[19.6564025,69.4328237],[19.6561718,69.4328105],[19.6558821,69.4327314],[19.6553135,69.4326334],[19.6544927,69.432558],[19.6533877,69.4324261],[19.6526581,69.4322659],[19.6522558,69.4321114]]}},{"type":"Feature","id":1093187727,"properties":{"kind":"run","name":"Mapped ski run","subtype":"nordic","pisteType":"nordic","featured":false},"geometry":{"type":"LineString","coordinates":[[19.7122353,69.4608494],[19.712517,69.4607346],[19.7131097,69.4604551],[19.7135228,69.4602537],[19.714027,69.4600523],[19.7143301,69.4599065],[19.7147351,69.4595959],[19.7149229,69.4593766],[19.7152555,69.4591818],[19.7156659,69.4590698],[19.7160387,69.459035],[19.7164705,69.4589428],[19.7169158,69.458843],[19.717361,69.4587169],[19.7178063,69.4585889],[19.7181952,69.4584769],[19.7189811,69.4583273],[19.7193137,69.4582322],[19.7195819,69.4581202],[19.7197428,69.4579828],[19.7199011,69.4576026],[19.719885,69.4569644],[19.7199601,69.4567216],[19.7201532,69.456443],[19.7201317,69.4561681],[19.7201693,69.4560307],[19.7208238,69.4554716],[19.7216338,69.4549671],[19.7223473,69.4543947],[19.7229534,69.4538544],[19.7236294,69.4534647],[19.7239459,69.4532124],[19.7240853,69.4529413],[19.7243911,69.4526551],[19.7254211,69.4521656],[19.7266442,69.4518172],[19.7274756,69.4516666],[19.7279531,69.4515405],[19.7285485,69.4513201],[19.7298306,69.4507214],[19.7305387,69.4502638],[19.730882,69.4500623],[19.7313434,69.4498665],[19.7320783,69.4496066],[19.7326577,69.4493599],[19.7331351,69.4490944],[19.7333389,69.4489569],[19.7333604,69.4488345],[19.7331834,69.4487197],[19.7331405,69.4486293],[19.7333014,69.4485125],[19.7337359,69.4482564],[19.7345513,69.4479796],[19.7352916,69.447554],[19.7359997,69.4472413],[19.736681,69.446876],[19.7371204,69.4464553]]}},{"type":"Feature","id":1093187728,"properties":{"kind":"run","name":"Mapped ski run","subtype":"nordic","pisteType":"nordic","featured":false},"geometry":{"type":"LineString","coordinates":[[19.72467,69.4461245],[19.7248739,69.4460078],[19.7250456,69.445874],[19.725303,69.4457422],[19.7254533,69.445567],[19.7258019,69.445309],[19.7263652,69.4450604],[19.7271377,69.4448777],[19.7275346,69.4447553],[19.7278243,69.4446215],[19.7280014,69.444469],[19.7280657,69.4443108],[19.7280657,69.4442618],[19.7281891,69.4441469],[19.728393,69.4440282],[19.7288811,69.4438964],[19.7292995,69.4438474],[19.7298896,69.4437363],[19.7302169,69.4436685],[19.7306675,69.4434688],[19.7310001,69.4432936],[19.7311985,69.4431994],[19.7312629,69.4430864],[19.7319013,69.4429131],[19.7332209,69.4426984],[19.7336608,69.4425948],[19.7341382,69.4424573],[19.7349268,69.4422915],[19.7352165,69.4422727],[19.7357368,69.4423066],[19.7359192,69.4423367],[19.7360051,69.4423744],[19.7360372,69.4424234],[19.7360265,69.4425703],[19.7363001,69.4429659],[19.7364342,69.4430224],[19.7367775,69.4431015],[19.736976,69.44319],[19.7372389,69.443401],[19.7373086,69.4435705],[19.7374105,69.4436911],[19.7374105,69.4438286],[19.7373408,69.4439114],[19.7373408,69.4441205],[19.7372603,69.4441714],[19.7370565,69.4442411],[19.7369546,69.4443258],[19.7369546,69.4446498],[19.7370779,69.444776],[19.7373033,69.4448928],[19.73755,69.4449756],[19.7380811,69.4451244],[19.7389662,69.445326],[19.7394973,69.4454823],[19.7398245,69.4455256],[19.7404146,69.4455331],[19.7411603,69.4455369],[19.7415411,69.4455614],[19.7417879,69.4456085],[19.7419649,69.4456876],[19.7419864,69.4457403],[19.7419649,69.4458025],[19.7418201,69.4458929],[19.741407,69.4460021],[19.7404844,69.4461735],[19.7398299,69.4462884],[19.7397494,69.4463505],[19.7395778,69.446424],[19.7393686,69.4464729],[19.7393578,69.4465765],[19.739331,69.4466067],[19.7392666,69.446633],[19.7390413,69.4466142],[19.7384083,69.4465276],[19.7375071,69.4464786],[19.7371204,69.4464553],[19.7361606,69.4463976],[19.735415,69.4464296],[19.7350931,69.4464805],[19.7348946,69.446601],[19.7344655,69.4467423],[19.7337359,69.4468082],[19.733414,69.4468741],[19.7329259,69.4469946],[19.7326255,69.4471302],[19.7325289,69.4472131],[19.7322339,69.4472941],[19.7309571,69.4474297],[19.730705,69.4474316],[19.7304261,69.4474165],[19.7300988,69.4473261],[19.729777,69.4472658],[19.7294176,69.4471415],[19.7291386,69.4470718],[19.7287363,69.4469833],[19.7282803,69.446908],[19.7281194,69.4468967],[19.7279262,69.4468421],[19.7278672,69.4467649],[19.7274113,69.4466481],[19.7272772,69.446552],[19.727127,69.4464842],[19.7267568,69.4464277],[19.7263384,69.446407],[19.7257858,69.4462959],[19.7254157,69.4462206],[19.72467,69.4461245]]}},{"type":"Feature","id":1093187729,"properties":{"kind":"run","name":"Mapped ski run","subtype":"nordic","pisteType":"nordic","featured":false},"geometry":{"type":"LineString","coordinates":[[19.72467,69.4461245],[19.724375,69.4461848],[19.7241926,69.4462281],[19.723978,69.4463223],[19.7235435,69.4464315],[19.7232646,69.4465502],[19.7229266,69.4466594],[19.722814,69.4467366],[19.7226906,69.4469494],[19.7225457,69.4470605],[19.7222882,69.4472639],[19.7222078,69.4477122],[19.7222292,69.4479005],[19.7221488,69.4480926],[19.7220093,69.4482677],[19.7218001,69.4484127],[19.7214621,69.4485483],[19.7209042,69.4489569],[19.7207648,69.4491019],[19.7204751,69.4493016],[19.7200781,69.4494447],[19.7195685,69.4497271],[19.7193646,69.4498759],[19.7192842,69.4500623],[19.7191822,69.4501678],[19.719075,69.4504728],[19.7190052,69.4509911],[19.718918,69.4511441],[19.7187906,69.4513056]]}},{"type":"Feature","id":1093187730,"properties":{"kind":"run","name":"Mapped ski run","subtype":"nordic","pisteType":"nordic","featured":false},"geometry":{"type":"LineString","coordinates":[[19.7122353,69.4608494],[19.7123238,69.4605972],[19.7124687,69.4603036],[19.7127584,69.460041],[19.7128415,69.4599187],[19.7129756,69.4596364],[19.7130507,69.4592835],[19.7130641,69.4589569],[19.7130775,69.4587988],[19.7131178,69.4586435],[19.7130883,69.4584637],[19.712981,69.4582604],[19.7129756,69.4581428],[19.7130346,69.458027],[19.7130641,69.4579263],[19.7131205,69.4577541],[19.713268,69.4575386],[19.7133055,69.4573964],[19.7132948,69.4572195],[19.7132948,69.4570548],[19.7133243,69.456939],[19.713394,69.4568487],[19.7135442,69.4567592],[19.7138715,69.4566275],[19.714129,69.4564552],[19.7142068,69.4563291],[19.7143516,69.4560599],[19.714542,69.4558142]]}},{"type":"Feature","id":1093187731,"properties":{"kind":"run","name":"Mapped ski run","subtype":"nordic","pisteType":"nordic","featured":false},"geometry":{"type":"LineString","coordinates":[[19.6799389,69.4562689],[19.6804619,69.4568364],[19.6808213,69.4573748],[19.6813202,69.4578059],[19.681626,69.4582087],[19.6819478,69.4585701],[19.6820444,69.4587451],[19.6821088,69.4589089],[19.6824467,69.4594077],[19.6826667,69.4596599],[19.6831226,69.4600156],[19.6832782,69.4601888],[19.6834552,69.4604241],[19.6836752,69.4605934],[19.6837074,69.4606593],[19.683702,69.4607195],[19.6835893,69.4608231],[19.6834391,69.4609529],[19.6834177,69.461064],[19.6834391,69.4611807],[19.6835571,69.4613463],[19.68382,69.4615872],[19.6840668,69.4617095],[19.6843886,69.4618394],[19.6846622,69.4619636],[19.6848285,69.4620577],[19.6848875,69.462165],[19.6848822,69.4622741],[19.6846569,69.4625395],[19.6846086,69.4626561],[19.6846461,69.4627709],[19.684732,69.4628594],[19.6849412,69.4629911],[19.6852845,69.4631285],[19.6857029,69.4632565],[19.6875375,69.4639415],[19.6882403,69.464235],[19.6887445,69.464474],[19.6897423,69.464809],[19.6917218,69.4656858],[19.6918774,69.4657498],[19.6923655,69.4658345],[19.6926391,69.465874],[19.692961,69.4658684],[19.6945918,69.4656746],[19.6957129,69.465588],[19.696303,69.4655936],[19.6967483,69.4656444],[19.6970492,69.4656882]]}},{"type":"Feature","id":1093187732,"properties":{"kind":"run","name":"Mapped ski run","subtype":"nordic","pisteType":"nordic","featured":false},"geometry":{"type":"LineString","coordinates":[[19.6799389,69.4562689],[19.6799174,69.4562133],[19.6797511,69.4560364],[19.679684,69.4559225],[19.6796599,69.4558425],[19.6796921,69.4557709]]}},{"type":"Feature","id":1093187735,"properties":{"kind":"run","name":"Mapped ski run","subtype":"nordic","pisteType":"nordic","featured":false},"geometry":{"type":"LineString","coordinates":[[19.6789974,69.4515141],[19.6791556,69.4518991],[19.6792603,69.4520281],[19.6792871,69.4520912],[19.6793273,69.4522296],[19.6793112,69.4524452],[19.6793488,69.4526683],[19.6795097,69.452882],[19.6796545,69.4531079],[19.6797618,69.4532322],[19.6799389,69.4533498],[19.6800595,69.4534402],[19.6801427,69.4535165],[19.6803814,69.4538026],[19.6804753,69.4539005],[19.6805021,69.4539476],[19.6805075,69.4540239],[19.6805263,69.4541302],[19.6805504,69.4542046],[19.680537,69.4542771],[19.6805745,69.4545247],[19.6805584,69.4547364],[19.680537,69.4548042],[19.6805397,69.4548598],[19.6805236,69.4549078],[19.6804538,69.4549652],[19.6803197,69.4551694],[19.6802393,69.4553558],[19.6801159,69.455482],[19.6800569,69.455546],[19.6799844,69.4556043],[19.679912,69.4556674],[19.6796921,69.4557709]]}},{"type":"Feature","id":1093187736,"properties":{"kind":"run","name":"Mapped ski run","subtype":"nordic","pisteType":"nordic","featured":false},"geometry":{"type":"LineString","coordinates":[[19.6796921,69.4557709],[19.6795419,69.4557163],[19.6794051,69.4556439],[19.679212,69.4554744],[19.6788284,69.4551949],[19.6785441,69.4549812],[19.6782732,69.4547525],[19.6780694,69.4545981],[19.6780398,69.4545604],[19.6779701,69.4544795],[19.6773639,69.4540417],[19.677026,69.453732],[19.6765083,69.4534176],[19.6757117,69.4529356],[19.6749419,69.4524838],[19.6747085,69.4523105],[19.6746066,69.4522352],[19.6743759,69.4521401],[19.6735847,69.4516986],[19.6732575,69.4514906],[19.6727693,69.4512232],[19.6725279,69.4510895],[19.6723992,69.450985],[19.6723106,69.4509003],[19.6721953,69.450792],[19.6715596,69.4504483],[19.6711224,69.4501687],[19.6706557,69.4498674],[19.6705377,69.4497874],[19.6705109,69.44973],[19.670468,69.4495868],[19.6703795,69.4495049],[19.670248,69.4494061],[19.6700844,69.4493298],[19.6697518,69.4492036],[19.6695641,69.4491283],[19.6694541,69.4490436],[19.6691859,69.4487941],[19.668797,69.4484589],[19.6680352,69.4479946],[19.6675444,69.4477668],[19.6671286,69.4476199],[19.6666163,69.4474796],[19.6659458,69.4472564],[19.6656024,69.4471425],[19.6652886,69.4470766],[19.6648353,69.4470238],[19.6645027,69.4469777],[19.6642372,69.4468986],[19.6638912,69.4467743],[19.6633413,69.4464795],[19.6628827,69.4463232],[19.6624106,69.4462121],[19.6621639,69.4461697],[19.6620566,69.4461264],[19.6619359,69.446036],[19.6614987,69.445552],[19.6610266,69.4450999],[19.6600395,69.4442938],[19.6590739,69.4433256],[19.6578535,69.4423744],[19.6572661,69.4418592],[19.6571293,69.4417057],[19.6570542,69.4415634],[19.657132,69.4411066],[19.6570918,69.4409088],[19.6569684,69.4407534],[19.6568879,69.4406243],[19.6568906,69.4401468],[19.6568397,69.4400074],[19.6566734,69.4397973],[19.6565983,69.4396843],[19.6563354,69.4394375],[19.6560377,69.4390249],[19.6559599,69.4389203],[19.6559116,69.4387762],[19.6556675,69.4385916],[19.6555066,69.4384418],[19.6554798,69.4383203]]}},{"type":"Feature","id":1093187737,"properties":{"kind":"run","name":"Mapped ski run","subtype":"nordic","pisteType":"nordic","featured":false},"geometry":{"type":"LineString","coordinates":[[19.6742928,69.4177666],[19.674207,69.4183908],[19.6742123,69.4187774],[19.674105,69.4191243],[19.6742123,69.4196467],[19.6742606,69.4197297],[19.6743934,69.4198657],[19.6747327,69.4201181],[19.6754408,69.4205292],[19.6758699,69.4208139],[19.6761167,69.4209648],[19.676165,69.4210779],[19.6761757,69.4212797],[19.6762723,69.421538],[19.6763152,69.4215832],[19.6762347,69.4217058],[19.6758109,69.4220188],[19.6749633,69.4225354],[19.6741211,69.423512],[19.673869,69.423923],[19.6728659,69.4249543],[19.6725547,69.4252936],[19.6721578,69.4255595],[19.670983,69.4262984],[19.6706074,69.4264964],[19.6700388,69.4267],[19.6690679,69.4270317],[19.6687353,69.4270977],[19.6683115,69.4271976],[19.6678501,69.4273654],[19.6675229,69.4275859],[19.6671635,69.4277311],[19.665876,69.4281872],[19.6655112,69.4282834],[19.6648353,69.4284078],[19.6645242,69.4284756],[19.6642828,69.4285529],[19.6633601,69.4289563],[19.6630597,69.4291127],[19.6629041,69.4292616],[19.6627285,69.4295448],[19.6622711,69.4302125],[19.6621075,69.4303463],[19.6618661,69.4304623],[19.6616301,69.4305603],[19.661445,69.4306017],[19.6612707,69.4306262],[19.6610936,69.4306762],[19.6608254,69.4308364],[19.6604955,69.4310644],[19.6603185,69.431251],[19.6601817,69.4313462],[19.6598947,69.431414],[19.6597123,69.4314508],[19.6595433,69.4315017],[19.6593958,69.4315771],[19.6579608,69.4324638],[19.6577489,69.4326136],[19.6574753,69.4326956],[19.6573466,69.432754],[19.6572205,69.4328454],[19.6569765,69.4333231],[19.6566439,69.4339073],[19.6561718,69.4345593],[19.6559036,69.4351171],[19.6557587,69.4357088],[19.6557748,69.4359895],[19.6558285,69.4363344],[19.6559089,69.4367187],[19.6558768,69.4369034],[19.6557319,69.4372199],[19.6557051,69.4375572],[19.6556568,69.4379529],[19.6554798,69.4383203]]}},{"type":"Feature","id":1093187739,"properties":{"kind":"run","name":"Mapped ski run","subtype":"nordic","pisteType":"nordic","featured":false},"geometry":{"type":"LineString","coordinates":[[19.6576135,69.4282457],[19.6575712,69.4282843],[19.6574707,69.4283232],[19.6568879,69.4285449]]}},{"type":"Feature","id":1093187740,"properties":{"kind":"run","name":"Mapped ski run","subtype":"nordic","pisteType":"nordic","featured":false},"geometry":{"type":"LineString","coordinates":[[19.6585201,69.4272989],[19.6584141,69.4273965],[19.6583377,69.4275214],[19.6582881,69.4277113],[19.6582156,69.4278046],[19.6577114,69.4280704],[19.6576363,69.4281231],[19.6576262,69.4281813]]}},{"type":"Feature","id":1093187741,"properties":{"kind":"run","name":"Mapped ski run","subtype":"nordic","pisteType":"nordic","featured":false},"geometry":{"type":"LineString","coordinates":[[19.6585844,69.427241],[19.6585201,69.4272989]]}},{"type":"Feature","id":1093187742,"properties":{"kind":"run","name":"Mapped ski run","subtype":"nordic","pisteType":"nordic","featured":false},"geometry":{"type":"LineString","coordinates":[[19.6576262,69.4281813],[19.6576135,69.4282457]]}},{"type":"Feature","id":1093187743,"properties":{"kind":"run","name":"Mapped ski run","subtype":"nordic","pisteType":"nordic","featured":false},"geometry":{"type":"LineString","coordinates":[[19.6614527,69.4258877],[19.6612143,69.4260835],[19.6611124,69.4262419],[19.660989,69.4263795],[19.6609086,69.4264474],[19.6607369,69.4265303],[19.6604794,69.426617],[19.6597284,69.4268281],[19.6590605,69.427077],[19.6587735,69.4271458],[19.658677,69.4271877],[19.6585844,69.427241]]}},{"type":"Feature","id":1093187744,"properties":{"kind":"run","name":"Mapped ski run","subtype":"nordic","pisteType":"nordic","featured":false},"geometry":{"type":"LineString","coordinates":[[19.6568879,69.4285449],[19.6568102,69.4286095],[19.6566975,69.4287414],[19.6566009,69.4291844],[19.6564937,69.4292899],[19.656204,69.4295802],[19.6561986,69.4297611],[19.6561396,69.429878],[19.6558392,69.4302738],[19.6559036,69.4303756],[19.6560109,69.430434],[19.6561557,69.4305],[19.6561933,69.4305678],[19.655866,69.431038],[19.6556675,69.4312096],[19.655225,69.4315102],[19.6548226,69.4317175],[19.6546242,69.4317636],[19.6544176,69.4317834],[19.6541548,69.4317844],[19.6535432,69.431757],[19.6531221,69.4317561],[19.6529558,69.4317749],[19.6527359,69.4318192],[19.6525696,69.4318927],[19.6523738,69.4320134],[19.6522558,69.4321114]]}},{"type":"Feature","id":1093187747,"properties":{"kind":"run","name":"Mapped ski run","subtype":"nordic","pisteType":"nordic","featured":false},"geometry":{"type":"LineString","coordinates":[[19.6697009,69.4015609],[19.6695346,69.4014118],[19.6695614,69.4013212],[19.6697867,69.4012362],[19.6700442,69.4011607],[19.6701622,69.4010834],[19.6702373,69.4009852],[19.6704519,69.400889],[19.6707737,69.4007682],[19.67116,69.4007229],[19.6715462,69.4007323],[19.6718681,69.4007587],[19.6720719,69.4008003],[19.6722972,69.4008984],[19.6728229,69.4012325],[19.6732789,69.4016043],[19.673928,69.4023931],[19.6742177,69.4028932],[19.6742874,69.403048],[19.674325,69.4031801],[19.6743196,69.4033141],[19.6742284,69.4034801],[19.6739763,69.4037104],[19.6734989,69.4039293],[19.6725225,69.4042501],[19.6717447,69.4044577],[19.6712565,69.4045294],[19.6706933,69.4045445],[19.6698564,69.4045595],[19.6695775,69.4045539],[19.6693575,69.4045671],[19.6691483,69.4045973],[19.6686977,69.4046841],[19.6676731,69.4048351],[19.6670723,69.4049596],[19.6666378,69.4050973],[19.6664607,69.4052351],[19.6663856,69.4053728],[19.6664232,69.4055672],[19.666332,69.405771],[19.6661925,69.406088],[19.6660638,69.4061823],[19.6658653,69.4062823],[19.6655863,69.4063786],[19.6654154,69.40646]]}},{"type":"Feature","id":1093187748,"properties":{"kind":"run","name":"Mapped ski run","subtype":"nordic","pisteType":"nordic","featured":false},"geometry":{"type":"LineString","coordinates":[[19.6529531,69.4000104],[19.6542701,69.399866],[19.6578026,69.3994498],[19.6588111,69.3993262],[19.6598142,69.399179],[19.6611017,69.3990544],[19.6623945,69.3989411],[19.6630704,69.3988543],[19.6633816,69.398826],[19.6637303,69.3988071],[19.6638483,69.3988241],[19.6639878,69.3988732],[19.665007,69.3994225],[19.6653557,69.399715],[19.6656936,69.3999056],[19.6661711,69.4001133],[19.6666217,69.4003794],[19.666847,69.4005304],[19.6670079,69.4006719],[19.66726,69.4008097],[19.6681774,69.4011419],[19.6691108,69.4014155],[19.6697009,69.4015609],[19.6702051,69.4016986]]}},{"type":"Feature","id":1093187749,"properties":{"kind":"run","name":"Mapped ski run","subtype":"nordic","pisteType":"nordic","featured":false},"geometry":{"type":"LineString","coordinates":[[19.6588111,69.3993262],[19.6598142,69.4000831],[19.6603185,69.4005247],[19.6609944,69.401257],[19.6621746,69.4023478],[19.66277,69.4028706],[19.6630302,69.403115],[19.6631831,69.403449],[19.6633118,69.4036085],[19.6635908,69.4038557],[19.663682,69.40395],[19.6638375,69.4040331],[19.6639824,69.4041199],[19.6640146,69.404184],[19.6639824,69.4042652],[19.6639529,69.4043624],[19.6639985,69.4044435],[19.6641514,69.4045558],[19.6643364,69.404636],[19.6645403,69.4047322],[19.6646529,69.4048266],[19.6647227,69.4049671],[19.6649453,69.4051766],[19.6652108,69.4053945],[19.665243,69.4054455],[19.6652564,69.4056908],[19.6652216,69.4058333],[19.6652108,69.4059748],[19.6652806,69.406205],[19.6653986,69.4063569],[19.6654154,69.40646],[19.6654308,69.406554],[19.6655434,69.4067644],[19.6656427,69.4069163],[19.6657929,69.4070295],[19.665994,69.4071739],[19.6661496,69.4073437],[19.6661791,69.407438],[19.6661429,69.4075163]]}},{"type":"Feature","id":1093187750,"properties":{"kind":"run","name":"Mapped ski run","subtype":"nordic","pisteType":"nordic","featured":false},"geometry":{"type":"LineString","coordinates":[[19.6486323,69.3799283],[19.648785,69.3803033],[19.6487957,69.3805281],[19.6488601,69.3806282],[19.6490639,69.3807038],[19.6493751,69.3807397],[19.6496004,69.3807397],[19.6498311,69.380717],[19.6501261,69.3806905],[19.650228,69.3806924],[19.650507,69.3807151],[19.6508181,69.3808171],[19.6508771,69.3809002],[19.6508503,69.3809305],[19.6507269,69.3809928],[19.650684,69.3810608],[19.6506196,69.3813442],[19.6506089,69.3815454],[19.6505097,69.381824],[19.6504533,69.3818797],[19.6503299,69.3820167],[19.6502656,69.3823425],[19.6502072,69.3824663],[19.6501476,69.3825928],[19.6501422,69.3826608],[19.6501878,69.3827401],[19.6502709,69.3828251],[19.650684,69.3835033],[19.6507215,69.3836525],[19.6507698,69.3838461],[19.6508798,69.3841776],[19.6508959,69.3843268],[19.6508557,69.3846479],[19.6507591,69.3848726],[19.6506357,69.3851201],[19.6504131,69.3853996],[19.6500725,69.3859785],[19.649764,69.3866659],[19.6495762,69.3874081],[19.6495762,69.3876895],[19.6496057,69.387851],[19.6495575,69.3880162],[19.6495092,69.3881513],[19.6495655,69.3883382],[19.6496782,69.3885951],[19.6498525,69.3888472],[19.6499222,69.3890842],[19.6503487,69.3899103],[19.6505767,69.3901473],[19.6508422,69.3903361],[19.6509442,69.3904541],[19.6510246,69.3906392],[19.651081,69.3909224],[19.6511641,69.3911594],[19.6511427,69.3913369],[19.6510541,69.3915502],[19.6510568,69.3916937],[19.6510327,69.39255],[19.6510568,69.3927841],[19.6511212,69.392954],[19.6511024,69.3931334],[19.6510568,69.393309],[19.6511078,69.3934987],[19.6512017,69.3937376],[19.6512473,69.394135],[19.6512392,69.3945975],[19.6513304,69.3948477],[19.6515369,69.3952545],[19.6518883,69.3958737],[19.6519875,69.3960077],[19.6521512,69.3961776],[19.652245,69.396373],[19.6524033,69.3967543],[19.6524891,69.3970856],[19.6524972,69.3973046],[19.6524864,69.3974433],[19.6523899,69.3976425],[19.6522182,69.3979077],[19.6522236,69.3980436],[19.6523014,69.3981691],[19.6524918,69.3983315],[19.6527359,69.3985353],[19.652811,69.3986325],[19.6528405,69.3987354],[19.6528834,69.3993432],[19.6528754,69.3997716],[19.6528995,69.3999],[19.6529531,69.4000104],[19.6531329,69.4001991],[19.6536049,69.4005351],[19.653908,69.4008673],[19.6542835,69.4014335],[19.6545383,69.4016345],[19.654879,69.4019232],[19.6551794,69.4021204],[19.6555066,69.4024309],[19.6558633,69.4027385],[19.6562844,69.4029876],[19.6567512,69.403298],[19.6577838,69.4039227],[19.6581513,69.4040746],[19.6585563,69.4041727],[19.6589854,69.4042812],[19.6592912,69.4044114],[19.6595648,69.4045926],[19.6598518,69.4047926],[19.6603534,69.4050568],[19.6610722,69.4054861],[19.6614853,69.4056955],[19.6621558,69.4060748],[19.6628478,69.4063654],[19.6631321,69.4065286],[19.6634889,69.4067852],[19.6640602,69.4070946],[19.6642989,69.4071993],[19.6644357,69.4073041],[19.6646047,69.4074324],[19.6648031,69.4075022],[19.665074,69.4075739],[19.6651947,69.4076625],[19.6653101,69.407789],[19.6653798,69.4079389]]}},{"type":"Feature","id":1162744463,"properties":{"kind":"run","name":"Ski touring route","subtype":"expert","pisteType":"skitour","featured":false},"geometry":{"type":"LineString","coordinates":[[20.5878718,69.6953412],[20.5760077,69.6923193],[20.5658928,69.6902604],[20.5533997,69.6869892]]}},{"type":"Feature","id":1262609091,"properties":{"kind":"run","name":"Mapped ski run","subtype":"nordic","pisteType":"nordic","featured":false},"geometry":{"type":"LineString","coordinates":[[20.5337651,69.6060106],[20.5330431,69.6062901],[20.5323028,69.6064191],[20.5322095,69.6064993],[20.5326196,69.6067276],[20.5330581,69.6070437],[20.5332315,69.6071384]]}},{"type":"Feature","id":1262609097,"properties":{"kind":"run","name":"Mapped ski run","subtype":"nordic","pisteType":"nordic","featured":false},"geometry":{"type":"LineString","coordinates":[[20.5338437,69.6060137],[20.5334687,69.6063839],[20.5333953,69.6065966],[20.5334907,69.6067935],[20.533724,69.6069082],[20.5340176,69.6069912],[20.5344348,69.6070694],[20.5349507,69.6071101],[20.5352982,69.607111],[20.5355654,69.6070639],[20.5357153,69.6069927],[20.5360304,69.6066854],[20.5364622,69.6062994],[20.5367757,69.6060392],[20.5370897,69.6057159]]}},{"type":"Feature","id":1262611038,"properties":{"kind":"run","name":"Ski touring route","subtype":"unknown","pisteType":"skitour","featured":false},"geometry":{"type":"LineString","coordinates":[[20.5355218,69.6216185],[20.5332036,69.621804],[20.5300741,69.6211585],[20.5277607,69.6199307],[20.5267919,69.6183417]]}},{"type":"Feature","id":1365622081,"properties":{"kind":"run","name":"Gillavárri","subtype":"unknown","pisteType":"skitour","featured":false},"geometry":{"type":"LineString","coordinates":[[20.5814949,69.6226945],[20.5786565,69.6217652],[20.5739505,69.6216659],[20.5717402,69.6214158],[20.5705355,69.6210558],[20.5666033,69.6217792],[20.5630026,69.620896],[20.5624298,69.6207555],[20.5617217,69.6204753],[20.5608312,69.6206957],[20.5585674,69.6203371],[20.5572048,69.6207025],[20.5556104,69.6206037],[20.5531359,69.6201428],[20.5510357,69.620012],[20.5496165,69.619763],[20.5476526,69.6196373],[20.5460814,69.6196084],[20.5437938,69.6197878],[20.543032,69.6201764],[20.5414763,69.6202437],[20.5410794,69.6199186],[20.5394379,69.6198401],[20.5385152,69.619601],[20.5374638,69.6197916],[20.535796,69.6205062],[20.5334512,69.6207107],[20.5313483,69.6206845],[20.5299214,69.6196795],[20.5297712,69.6178187],[20.527561,69.6175609],[20.5263471,69.6175447]]}},{"type":"Feature","id":1365622082,"properties":{"kind":"run","name":"Ski touring route","subtype":"unknown","pisteType":"skitour","featured":false},"geometry":{"type":"LineString","coordinates":[[20.5334512,69.6207107],[20.5355218,69.6216185],[20.5390838,69.622545],[20.5455855,69.6236807],[20.5513683,69.624256],[20.5540076,69.6243157],[20.5567971,69.6232922],[20.5587605,69.6230232],[20.5616144,69.6230344],[20.5648974,69.622758],[20.5666033,69.6217792]]}},{"type":"Feature","id":1365622083,"properties":{"kind":"run","name":"Ski touring route","subtype":"unknown","pisteType":"skitour","featured":false},"geometry":{"type":"LineString","coordinates":[[20.5460814,69.6196084],[20.5485145,69.6188948],[20.5535892,69.6188948],[20.5603376,69.6176543],[20.5644575,69.6179084],[20.5652515,69.6186183],[20.5672256,69.6188575],[20.5698112,69.6196272],[20.5711267,69.6208001],[20.5739505,69.6216659]]}},{"type":"Feature","id":1365622084,"properties":{"kind":"run","name":"Ski touring route","subtype":"unknown","pisteType":"skitour","featured":false},"geometry":{"type":"LineString","coordinates":[[20.5630026,69.620896],[20.5644039,69.6205014],[20.5692104,69.6208003],[20.5705355,69.6210558]]}},{"type":"Feature","id":1365622085,"properties":{"kind":"run","name":"Ski touring route","subtype":"unknown","pisteType":"skitour","featured":false},"geometry":{"type":"LineString","coordinates":[[20.5263471,69.6175447],[20.5246879,69.6169728],[20.5225071,69.6166669],[20.5248359,69.6153094],[20.5251034,69.6150508],[20.5253616,69.6148012],[20.5246427,69.6144646],[20.5240205,69.6141733],[20.5256406,69.6126709],[20.5247716,69.6124765],[20.524793,69.6120504],[20.5232051,69.611957],[20.5238918,69.6110524],[20.5263497,69.6104041],[20.5268209,69.6100854]]}},{"type":"Feature","id":1365622086,"properties":{"kind":"run","name":"Ski touring route","subtype":"unknown","pisteType":"skitour","featured":false},"geometry":{"type":"LineString","coordinates":[[19.9054173,69.6101086],[19.9070266,69.6108712],[19.9075631,69.6116262],[19.9083892,69.6125382],[19.9088827,69.6131287],[19.913303,69.6140033],[19.9158135,69.614889],[19.9180344,69.6163763],[19.9221221,69.6169929],[19.9247721,69.6168397],[19.9268857,69.6171162],[19.9283019,69.6197393],[19.9322179,69.6218539],[19.9397174,69.6216708],[19.9445132,69.6212898],[19.9475494,69.621641],[19.9513689,69.6211777],[19.9554137,69.6213309],[19.9614433,69.6231969],[19.9663678,69.6251656],[19.9760881,69.6274179]]}},{"type":"Feature","id":1365622087,"properties":{"kind":"run","name":"Ski touring route","subtype":"unknown","pisteType":"skitour","featured":false},"geometry":{"type":"LineString","coordinates":[[20.1854896,69.5671718],[20.1820282,69.5667411],[20.1790134,69.5651979],[20.1768998,69.5655762],[20.1682201,69.5656099],[20.1650873,69.5660294],[20.1605705,69.5659845],[20.158768,69.5666063],[20.1557854,69.5659957],[20.1512793,69.5661605],[20.1461724,69.5664639],[20.1398424,69.5668685],[20.1284591,69.5680296],[20.1242495,69.5680134],[20.1226119,69.5680071],[20.1229552,69.5703048],[20.1229445,69.5723494],[20.1229552,69.5732069],[20.1188782,69.5735514],[20.1128915,69.5733043]]}},{"type":"Feature","id":1365622088,"properties":{"kind":"run","name":"Ski touring route","subtype":"unknown","pisteType":"skitour","featured":false},"geometry":{"type":"LineString","coordinates":[[20.1226119,69.5680071],[20.1222256,69.5668179],[20.12332,69.5659302],[20.1315168,69.5640947],[20.1371602,69.5632555]]}},{"type":"Feature","id":1365622090,"properties":{"kind":"run","name":"Ski touring route","subtype":"unknown","pisteType":"skitour","featured":false},"geometry":{"type":"LineString","coordinates":[[20.0515977,69.4280384],[20.0502244,69.4324638],[20.0472203,69.4342579],[20.0423816,69.4390023],[20.0418666,69.4427851],[20.0434223,69.4452563],[20.0470809,69.4477348],[20.0509754,69.4507327],[20.0531641,69.4530411],[20.054752,69.4551347],[20.0595692,69.4572996],[20.0602559,69.4583876],[20.0613073,69.4586925],[20.0636247,69.4586774],[20.06856,69.4584892],[20.0719503,69.4581654],[20.074611,69.4579772],[20.0757268,69.4565353],[20.0772611,69.4557861],[20.0785271,69.4545247],[20.08225,69.4534441],[20.0853506,69.451855],[20.0886229,69.4509436],[20.0921956,69.4489137],[20.0943628,69.4472],[20.0969592,69.4452827],[20.0994698,69.4444012],[20.1064435,69.443207],[20.1115504,69.4413723],[20.1125697,69.4404153],[20.120509,69.4398991]]}},{"type":"Feature","id":1365624327,"properties":{"kind":"run","name":"Ski touring route","subtype":"unknown","pisteType":"skitour","featured":false},"geometry":{"type":"LineString","coordinates":[[20.2193015,69.5890358],[20.2183345,69.5889541],[20.2155236,69.589912],[20.2132491,69.5903834],[20.2115646,69.5905555],[20.2074126,69.5917266],[20.2008787,69.5935372],[20.1957289,69.5941058],[20.1906541,69.5949026],[20.1862231,69.5953328],[20.1834014,69.595834],[20.178831,69.5959986],[20.1736489,69.5959724],[20.1726082,69.5957854],[20.1679197,69.5958452]]}},{"type":"Feature","id":1365624328,"properties":{"kind":"run","name":"Ski touring route","subtype":"unknown","pisteType":"skitour","featured":false},"geometry":{"type":"LineString","coordinates":[[20.1052514,69.5899112],[20.1040402,69.59214],[20.1017014,69.5929368],[20.1000062,69.5967112],[20.0992552,69.5976649],[20.0960258,69.6002455],[20.0969163,69.6020143],[20.098075,69.6032184],[20.1019267,69.605544],[20.1005212,69.6075405],[20.1017014,69.608819],[20.1067117,69.6091255],[20.1098982,69.6089947],[20.1163248,69.6087592]]}},{"type":"Feature","id":1365624329,"properties":{"kind":"run","name":"Ski touring route","subtype":"unknown","pisteType":"skitour","featured":false},"geometry":{"type":"LineString","coordinates":[[20.1680592,69.6292628],[20.1715783,69.6274253],[20.1795605,69.625935],[20.1876608,69.6248854],[20.1934866,69.6240599],[20.1916734,69.6223713],[20.1897422,69.6207723],[20.1887015,69.6191209],[20.1909438,69.6185754],[20.1945165,69.6186239],[20.1981107,69.6185529],[20.2015225,69.6175852],[20.2083567,69.6152795],[20.2101377,69.6140051],[20.2108565,69.6130184],[20.2109638,69.6120728],[20.2137641,69.6107983],[20.2179376,69.6095573],[20.2193538,69.6086078],[20.2233878,69.6080246],[20.230265,69.6069329],[20.2337411,69.6059759],[20.2401355,69.605344],[20.2441374,69.6045439],[20.2503494,69.6037923],[20.2550492,69.6028315]]}},{"type":"Feature","id":1365682868,"properties":{"kind":"run","name":"Ski touring route","subtype":"unknown","pisteType":"skitour","featured":false},"geometry":{"type":"LineString","coordinates":[[19.708575,69.4738409],[19.7101451,69.4738459],[19.7126342,69.4731762],[19.7166146,69.472879],[19.7205843,69.4723523],[19.7255088,69.4713741],[19.7306586,69.4708211],[19.7343386,69.4714155],[19.7384585,69.4712462],[19.7414411,69.4706969],[19.7435011,69.4695155],[19.7480715,69.4683565],[19.7496487,69.4681684],[19.7516657,69.4675701],[19.7552599,69.4674685],[19.7562147,69.4677582],[19.7584678,69.4679276],[19.7633172,69.4693048],[19.7636391,69.4700949],[19.7656668,69.4704975],[19.7679092,69.4710995],[19.7699584,69.4721454],[19.7710956,69.4734471],[19.7755266,69.4748352],[19.7800327,69.4752753],[19.7832729,69.4755349],[19.7845603,69.4753054],[19.7874678,69.4756929],[19.7883476,69.4757944],[19.7890021,69.4763511],[19.7934545,69.477205],[19.7945059,69.4779309],[19.7984971,69.4784048],[19.8012329,69.4782619],[19.8026921,69.4774796],[19.8026813,69.4759261],[19.8017908,69.4748202],[19.8007609,69.4740076],[19.8000313,69.4727511],[19.798658,69.4714268],[19.7971131,69.4703207]]}},{"type":"Feature","id":1365682869,"properties":{"kind":"run","name":"Ski touring route","subtype":"unknown","pisteType":"skitour","featured":false},"geometry":{"type":"LineString","coordinates":[[19.7971131,69.4703207],[19.8006107,69.4703771],[19.8049773,69.4699406],[19.8087324,69.4696961],[19.8119832,69.469459],[19.8164035,69.469015],[19.8186887,69.4686199],[19.8195685,69.4682662],[19.8189784,69.4678674],[19.820341,69.4678636],[19.821328,69.4673932],[19.822476,69.4674798],[19.8253621,69.4667949],[19.8290313,69.4661288],[19.8329581,69.4659218],[19.836166,69.4658052],[19.8390628,69.4657449],[19.8413159,69.4655493],[19.8445882,69.4661363],[19.8494161,69.4666519],[19.8554136,69.4672615],[19.8643829,69.4683716],[19.869361,69.4690715],[19.8704125,69.4689172],[19.8732878,69.4690602],[19.876839,69.4692935],[19.8781801,69.4691731]]}},{"type":"Feature","id":1365682870,"properties":{"kind":"run","name":"Ski touring route","subtype":"unknown","pisteType":"skitour","featured":false},"geometry":{"type":"LineString","coordinates":[[19.8413159,69.4655493],[19.8314024,69.4635376],[19.8249866,69.4625553],[19.8235811,69.4624537],[19.8235704,69.463229],[19.8184634,69.4647269],[19.8117043,69.4650167],[19.8022093,69.4651146],[19.7951497,69.4645915],[19.7921349,69.4646592],[19.788927,69.4639253],[19.7848822,69.4640947],[19.7790242,69.4633193],[19.776342,69.4631425],[19.7733916,69.4638688],[19.7715892,69.4633758],[19.7670401,69.4643995],[19.7627486,69.4654495],[19.7603775,69.4663791],[19.7594012,69.4669699],[19.7567512,69.4673387],[19.7552599,69.4674685]]}},{"type":"Feature","id":1365682874,"properties":{"kind":"run","name":"Ski touring route","subtype":"unknown","pisteType":"skitour","featured":false},"geometry":{"type":"LineString","coordinates":[[19.6507847,69.4114877],[19.6542801,69.4107244],[19.6568443,69.4099999],[19.6634961,69.4088604],[19.667498,69.4084189],[19.6709527,69.4082265],[19.6737851,69.4077209],[19.6791066,69.407302],[19.6845247,69.4052302],[19.6896423,69.4045094],[19.6914877,69.4043282],[19.6938158,69.4045735],[19.6991588,69.4068228],[19.7027851,69.4075661],[19.7068192,69.4080341],[19.7144045,69.4076907],[19.7181059,69.4079624],[19.720477,69.4067171],[19.7263349,69.4046377],[19.7288715,69.4032091]]}},{"type":"Feature","id":1365682875,"properties":{"kind":"run","name":"Ski touring route","subtype":"unknown","pisteType":"skitour","featured":false},"geometry":{"type":"LineString","coordinates":[[19.7288715,69.4032091],[19.7286845,69.4021958],[19.7250367,69.4002405],[19.7225798,69.3988136]]}},{"type":"Feature","id":1365682876,"properties":{"kind":"run","name":"Ski touring route","subtype":"unknown","pisteType":"skitour","featured":false},"geometry":{"type":"LineString","coordinates":[[19.7288715,69.4032091],[19.7355832,69.4032488],[19.7429002,69.4033205],[19.7482539,69.4024751],[19.7505821,69.4024071],[19.7516657,69.4032488]]}},{"type":"Feature","id":1365704566,"properties":{"kind":"run","name":"Ski touring route","subtype":"unknown","pisteType":"skitour","featured":false},"geometry":{"type":"LineString","coordinates":[[20.52017,69.6117597],[20.5191984,69.6114592],[20.5167872,69.609675]]}},{"type":"Feature","id":1365704567,"properties":{"kind":"run","name":"Ski touring route","subtype":"unknown","pisteType":"skitour","featured":false},"geometry":{"type":"LineString","coordinates":[[20.5229298,69.6139845],[20.5191736,69.613752],[20.5201202,69.6131342],[20.5203394,69.6125511]]}},{"type":"Feature","id":1365704568,"properties":{"kind":"run","name":"Ski touring route","subtype":"unknown","pisteType":"skitour","featured":false},"geometry":{"type":"LineString","coordinates":[[20.5256406,69.6126709],[20.5270792,69.6130224],[20.5246427,69.6144646]]}},{"type":"Feature","id":1365704569,"properties":{"kind":"run","name":"Ski touring route","subtype":"unknown","pisteType":"skitour","featured":false},"geometry":{"type":"LineString","coordinates":[[20.5191736,69.613752],[20.5158147,69.613422]]}},{"type":"Feature","id":1365704570,"properties":{"kind":"run","name":"Ski touring route","subtype":"unknown","pisteType":"skitour","featured":false},"geometry":{"type":"LineString","coordinates":[[20.5224386,69.6103649],[20.5226309,69.6106246],[20.5210368,69.6112321],[20.52017,69.6117597],[20.5203394,69.6125511],[20.5231689,69.6125684],[20.5235077,69.6131099],[20.5229298,69.6139845],[20.5240205,69.6141733]]}},{"type":"Feature","id":1365704571,"properties":{"kind":"run","name":"Ski touring route","subtype":"unknown","pisteType":"skitour","featured":false},"geometry":{"type":"LineString","coordinates":[[20.5189649,69.6144548],[20.5219335,69.6144322],[20.5235276,69.6146647],[20.5251034,69.6150508]]}},{"type":"Feature","id":1365704575,"properties":{"kind":"run","name":"Ski touring route","subtype":"unknown","pisteType":"skitour","featured":false},"geometry":{"type":"LineString","coordinates":[[20.5410794,69.6199186],[20.5423268,69.6195729],[20.5437938,69.6197878]]}},{"type":"Feature","id":1365789721,"properties":{"kind":"run","name":"Ski touring route","subtype":"unknown","pisteType":"skitour","featured":false},"geometry":{"type":"LineString","coordinates":[[20.5267919,69.6183417],[20.5266451,69.6181877],[20.5265391,69.618051],[20.5266213,69.6177863],[20.5263471,69.6175447]]}},{"type":"Feature","id":1365789722,"properties":{"kind":"run","name":"Ski touring route","subtype":"unknown","pisteType":"skitour","featured":false},"geometry":{"type":"LineString","coordinates":[[20.5263471,69.6175447],[20.5256304,69.6173922],[20.5251927,69.6172959],[20.5245025,69.6170656],[20.5236992,69.6169877],[20.5230258,69.6169416],[20.5223269,69.6167428]]}},{"type":"Feature","id":1365789726,"properties":{"kind":"run","name":"Ski touring route","subtype":"unknown","pisteType":"skitour","featured":false},"geometry":{"type":"LineString","coordinates":[[20.5223269,69.6167428],[20.5222634,69.61648],[20.5224678,69.6162782],[20.522475,69.6160713],[20.522095,69.6159866],[20.5218365,69.6154014],[20.5215527,69.615295],[20.5209996,69.6151945],[20.5205185,69.6148443],[20.5197995,69.6146089],[20.5189649,69.6144548],[20.5184454,69.6145335],[20.5176446,69.6144623],[20.5169134,69.614345],[20.5161535,69.6140669],[20.5158384,69.6137946],[20.5158147,69.613422],[20.5158036,69.6132468],[20.515717,69.6131492],[20.5162425,69.6129477],[20.5163736,69.6126596],[20.5164813,69.6124315],[20.5163852,69.6121874]]}},{"type":"Feature","id":1371232415,"properties":{"kind":"run","name":"Breidalfjellet","subtype":"unknown","pisteType":"skitour","featured":false},"geometry":{"type":"LineString","coordinates":[[19.4944742,69.6432375],[19.495301,69.6437808],[19.4960175,69.644292],[19.497193,69.6446032],[19.4981027,69.6448096],[19.4982496,69.645749],[19.4973586,69.6462506],[19.4961644,69.6471945],[19.4949427,69.6478111],[19.4926277,69.6489699],[19.4915185,69.6502076],[19.4890931,69.6513053],[19.4853011,69.6525112],[19.4829975,69.6536342],[19.4786706,69.6552613],[19.4753954,69.6565454],[19.4729822,69.6574267],[19.4707517,69.6588206],[19.4691792,69.6598912],[19.4680945,69.6605521],[19.4654984,69.6613485],[19.4620247,69.6618654],[19.4585633,69.662217],[19.4541965,69.6626872],[19.4519782,69.6630133],[19.4466885,69.6637665],[19.4450187,69.6643383],[19.4437146,69.6644442],[19.4421285,69.6641562],[19.440861,69.663703],[19.4409463,69.6631989],[19.440605,69.662555],[19.439764,69.661962],[19.438082,69.6613266],[19.4376067,69.6607674],[19.4378017,69.6604878],[19.4397762,69.6593489],[19.4401053,69.6592514],[19.440154,69.6589633],[19.4406659,69.6586201],[19.4423723,69.658493],[19.4431889,69.6582346],[19.4437374,69.6577007],[19.4443346,69.6571923],[19.4451025,69.6563186],[19.4455778,69.6557847],[19.4454316,69.6553185],[19.4441274,69.6549372],[19.4409463,69.6544244],[19.438789,69.6540049],[19.4358881,69.6539032],[19.433455,69.6539668],[19.4309808,69.6542295],[19.4287625,69.65456],[19.4272634,69.6549456]]}},{"type":"Feature","id":1371235121,"properties":{"kind":"run","name":"Selnesåsen","subtype":"unknown","pisteType":"skitour","featured":false},"geometry":{"type":"LineString","coordinates":[[19.8710692,69.7422783],[19.872557,69.7431462],[19.8728884,69.7449135],[19.8733581,69.7455146],[19.8725937,69.7467556],[19.8717913,69.7480253],[19.8703322,69.7501866],[19.869667,69.75136],[19.8692378,69.752032],[19.8704824,69.7529751],[19.8714265,69.753933],[19.8727569,69.7547572],[19.8748598,69.7561456],[19.8751602,69.7568436],[19.8759756,69.758146],[19.8754072,69.7583485],[19.8747542,69.7584175],[19.8739371,69.7581831],[19.8736152,69.758532],[19.8734221,69.7594971],[19.8735427,69.7597444]]}},{"type":"Feature","id":1371235837,"properties":{"kind":"run","name":"Forholtaksla","subtype":"unknown","pisteType":"skitour","featured":false},"geometry":{"type":"LineString","coordinates":[[19.929514,69.7328363],[19.9308191,69.73241],[19.9322807,69.7323189],[19.9342913,69.7321618],[19.9358519,69.7318078],[19.9370747,69.7313281],[19.9381036,69.7307182],[19.9382513,69.7304272],[19.9383974,69.7301414],[19.9393436,69.729594],[19.940795,69.7288716],[19.9420902,69.728461],[19.9451763,69.7276644],[19.9461592,69.7274512],[19.9468757,69.7270947],[19.9490755,69.7263357],[19.9507209,69.7257191],[19.9525613,69.7247097],[19.9540239,69.723903],[19.9555962,69.7236876],[19.9563275,69.7233117],[19.9569247,69.7231638],[19.9577292,69.7229906],[19.9592925,69.7224489],[19.9599629,69.7219884],[19.9613036,69.7215449],[19.9629343,69.7210476],[19.9650698,69.720417],[19.9660326,69.7199396],[19.9672271,69.7197495],[19.9676537,69.7196186],[19.9697504,69.7197411],[19.9717614,69.7200664],[19.9733094,69.7200706],[19.9740772,69.7196693],[19.9759298,69.719458],[19.9777337,69.7196059],[19.9785259,69.7197368],[19.9793426,69.7196819],[19.9800373,69.7197833],[19.9800495,69.7205057]]}},{"type":"Feature","id":1371235838,"properties":{"kind":"run","name":"Ski touring route","subtype":"unknown","pisteType":"skitour","featured":false},"geometry":{"type":"LineString","coordinates":[[19.9733094,69.7200706],[19.9744794,69.7204635],[19.9753692,69.720455],[19.9765271,69.7203621],[19.976844,69.7198087],[19.9774777,69.7197031],[19.9785259,69.7197368]]}},{"type":"Feature","id":1371236252,"properties":{"kind":"run","name":"Stormheimfjellet","subtype":"unknown","pisteType":"skitour","featured":false},"geometry":{"type":"LineString","coordinates":[[19.5953935,69.6250557],[19.5894173,69.6254657],[19.5849808,69.6257076],[19.5826285,69.6256439],[19.5799128,69.6253962],[19.5758185,69.6250558],[19.5729265,69.6246473],[19.5706948,69.6242757],[19.5694333,69.6236958],[19.568723,69.6232392],[19.5671908,69.6229299],[19.5650399,69.6230088],[19.5629214,69.6220628],[19.5601075,69.6214208],[19.5572971,69.6209074],[19.554839,69.6208117],[19.5517663,69.6206484],[19.5493405,69.6207948],[19.5485319,69.6208117],[19.5479012,69.6196009],[19.5432437,69.6196459],[19.5417705,69.6194319],[19.5399108,69.6188011],[19.5382289,69.6180239],[19.5344788,69.616859],[19.531115,69.6151804],[19.5282364,69.6136538],[19.5239268,69.6121073],[19.521776,69.6116904],[19.5218083,69.610434],[19.5216951,69.6095325],[19.5219053,69.6088],[19.5220185,69.6081858],[19.5220024,69.6074608],[19.5205631,69.6064408],[19.5184607,69.604412],[19.517264,69.6034876],[19.5151253,69.602046],[19.5130229,69.6012907],[19.5105486,69.6001013],[19.5089637,69.599453],[19.5069163,69.5977502],[19.5059945,69.5970229],[19.5047978,69.5963464],[19.5036334,69.5956021],[19.5005792,69.5943678],[19.4992208,69.5937701],[19.4990429,69.5937137]]}},{"type":"Feature","id":1371237778,"properties":{"kind":"run","name":"Skitravers Lyngen Alps","subtype":"unknown","pisteType":"skitour","featured":false},"geometry":{"type":"LineString","coordinates":[[19.8503008,69.6644929],[19.8522654,69.6642657],[19.8553314,69.6646374],[19.8579367,69.6649767],[19.8610481,69.6649319],[19.8639663,69.6650512],[19.866391,69.6643652],[19.8685001,69.6643966],[19.8711881,69.6637886],[19.8751887,69.6632243],[19.8788579,69.6632466],[19.8821195,69.6632019],[19.884394,69.6630378],[19.8870118,69.6624711],[19.8893722,69.6623741],[19.8915848,69.6624711],[19.8964557,69.662829],[19.8980221,69.6631721],[19.8991165,69.6643428],[19.9006185,69.6654017],[19.9076137,69.6675491],[19.9105534,69.6684803],[19.9133858,69.6693526],[19.9159178,69.6701204],[19.9192452,69.6704186],[19.9230647,69.6708883],[19.9257684,69.6712312],[19.9302745,69.6709927],[19.9333215,69.670605],[19.9357891,69.6703665],[19.9394798,69.671015],[19.9408746,69.6710672],[19.9434775,69.6711417],[19.9472326,69.670851],[19.9516743,69.6702695],[19.9545496,69.6697104],[19.957897,69.6692706],[19.9615751,69.6696841],[19.9644631,69.669867],[19.9665445,69.6697328],[19.9681303,69.6696433],[19.9692461,69.6697402],[19.973838,69.6694868],[19.9762627,69.6689276],[19.978151,69.6684952],[19.9808761,69.6687338],[19.9839017,69.6686443],[19.9875495,69.6688083],[19.9887296,69.6689351],[19.9907037,69.6685921],[19.9931691,69.6684654],[19.9947999,69.6682044],[20.0019882,69.6682417],[20.0103781,69.6683536],[20.015528,69.6685325],[20.0283838,69.6685101],[20.0359369,69.6690618],[20.037439,69.6689798],[20.0424386,69.6693004],[20.0465156,69.6697701],[20.0562565,69.6706199],[20.0619642,69.6707019],[20.0696031,69.6712088],[20.076019,69.6721108],[20.0773206,69.6720586],[20.0782647,69.6716859],[20.0808826,69.6718425],[20.0832429,69.6720363],[20.0849381,69.6716487],[20.0886717,69.6715368],[20.0926414,69.6711268],[20.0977912,69.6705603],[20.0996366,69.6705379],[20.1037142,69.6703366],[20.1118038,69.6694048],[20.1176188,69.668443],[20.1226399,69.6678615],[20.1262019,69.6675931],[20.1297424,69.6670712],[20.1367899,69.6659975],[20.1420685,69.6648119],[20.1490852,69.6635736],[20.1543638,69.6628055],[20.1571747,69.6620598],[20.1614973,69.660859],[20.1642224,69.6606726],[20.1662609,69.6604787],[20.1717326,69.6600983],[20.1752731,69.6595389],[20.176865,69.6592606],[20.1779553,69.6589795],[20.1801225,69.6588527],[20.184077,69.6587259],[20.192424,69.6589347],[20.1970374,69.6587632],[20.1997802,69.6584287],[20.2021229,69.6582858],[20.2071429,69.6584126],[20.2106619,69.6585618],[20.2152324,69.6585096],[20.218215,69.6588303],[20.2230645,69.6590914],[20.2237511,69.6591511],[20.2215994,69.6595643],[20.2209741,69.6601127],[20.2210835,69.6602411],[20.2223233,69.6604576],[20.2234312,69.6607456],[20.2236384,69.6609998],[20.2247353,69.6612582],[20.2268683,69.6617878],[20.2284771,69.6621478],[20.2301835,69.6623257],[20.2310123,69.6623385],[20.232097,69.6621139],[20.2364876,69.6635542],[20.2382686,69.6636139],[20.2421954,69.663517],[20.2435472,69.663502],[20.248976,69.6628831],[20.2501623,69.6628802],[20.253617,69.662127],[20.2579085,69.6613961],[20.2605478,69.6611724],[20.2613203,69.6613961],[20.2634518,69.661428],[20.2659122,69.6607771],[20.2669636,69.6601953],[20.2674205,69.6600584]]}},{"type":"Feature","id":1394166534,"properties":{"kind":"run","name":"Ski touring route","subtype":"unknown","pisteType":"skitour","featured":false},"geometry":{"type":"LineString","coordinates":[[20.2550492,69.6028315],[20.2562181,69.6025958],[20.2576879,69.6024313],[20.2581383,69.6024814],[20.2586807,69.6026065]]}},{"type":"Feature","id":1394166537,"properties":{"kind":"run","name":"Mapped ski run","subtype":"nordic","pisteType":"nordic","featured":false},"geometry":{"type":"LineString","coordinates":[[20.2657849,69.6040705],[20.2655813,69.6041417],[20.2656331,69.6043582],[20.2656622,69.6046795],[20.2657286,69.6047965]]}},{"type":"Feature","id":1394174120,"properties":{"kind":"run","name":"Mapped ski run","subtype":"nordic","pisteType":"nordic","featured":false},"geometry":{"type":"LineString","coordinates":[[20.2089487,69.5713782],[20.2091548,69.5712447],[20.2093479,69.5711202],[20.2094324,69.5710298],[20.2094699,69.5709933],[20.209474,69.5709367],[20.2092031,69.5707082],[20.2090958,69.5706263],[20.2090931,69.570579],[20.2091441,69.5704629],[20.2092674,69.5703914],[20.2093184,69.5703618],[20.2094901,69.5702476],[20.2095973,69.5701652],[20.2096309,69.5701086],[20.209596,69.5700463],[20.2095169,69.5699592],[20.2091389,69.5697422]]}},{"type":"Feature","id":1394174121,"properties":{"kind":"run","name":"Mapped ski run","subtype":"nordic","pisteType":"nordic","featured":false},"geometry":{"type":"LineString","coordinates":[[20.1886654,69.5652325],[20.1884267,69.565121],[20.1881853,69.5650433],[20.1880458,69.5650011],[20.1878151,69.5649815],[20.187386,69.5649431],[20.1870266,69.5649356],[20.1867986,69.5649272],[20.1866725,69.5648972],[20.1866376,69.5648532],[20.1865947,69.5646284],[20.1866215,69.5644524],[20.1866054,69.5643287],[20.1864499,69.5642014],[20.1863641,69.5640553],[20.1862326,69.5638839],[20.1860717,69.5637078],[20.1858732,69.5636254],[20.1855648,69.5635205],[20.1851222,69.5633042],[20.1849157,69.5631656],[20.1843953,69.5628809],[20.1839715,69.5626018],[20.1836029,69.5623657],[20.1832822,69.5621427]]}},{"type":"Feature","id":1394174122,"properties":{"kind":"run","name":"Mapped ski run","subtype":"nordic","pisteType":"nordic","featured":false},"geometry":{"type":"LineString","coordinates":[[20.1943436,69.5659086],[20.1941237,69.5659357],[20.1939037,69.5660135],[20.1935363,69.5661942],[20.1933646,69.5662419],[20.1931554,69.566286],[20.1927745,69.5663421],[20.1921228,69.5664199],[20.1918304,69.5664395],[20.1915863,69.5664451],[20.1912725,69.5664283],[20.1909587,69.566389],[20.1905885,69.5663187],[20.1903149,69.5662494],[20.1901004,69.5661783],[20.1899019,69.5661071],[20.1897597,69.5660425],[20.1895586,69.5659123],[20.1891471,69.5655875],[20.1889524,69.5654338],[20.1888129,69.5653167],[20.1886654,69.5652325]]}},{"type":"Feature","id":1394909492,"properties":{"kind":"run","name":"Mapped ski run","subtype":"nordic","pisteType":"nordic","featured":false},"geometry":{"type":"LineString","coordinates":[[19.886706,69.6542502],[19.8873053,69.6539295],[19.8873798,69.6538388]]}}]}