{"type":"FeatureCollection","features":[{"type":"Feature","id":30852720,"properties":{"kind":"lift","name":"Hornbahn I","subtype":"gondola","status":"active"},"geometry":{"type":"LineString","coordinates":[[12.3948475,47.4501798],[12.3949649,47.4503026],[12.3954361,47.4507954],[12.396588,47.4520001],[12.3973601,47.4528076],[12.3990374,47.4545617],[12.400253,47.455833],[12.4011336,47.4567539],[12.4017737,47.4574232],[12.4024612,47.4581422],[12.4031091,47.4588197],[12.4033548,47.4590766],[12.404429,47.4601999],[12.4057262,47.4615564],[12.4065297,47.4623966],[12.4072486,47.4631483],[12.4072853,47.4631866],[12.4073276,47.4632308],[12.4076359,47.4635532],[12.4077649,47.4635953]]}},{"type":"Feature","id":30852722,"properties":{"kind":"lift","name":"Brunelle","subtype":"chair_lift","status":"active"},"geometry":{"type":"LineString","coordinates":[[12.4265724,47.4654167],[12.4266539,47.4656776],[12.4266973,47.4658164],[12.4269192,47.4665269],[12.4274069,47.4680882],[12.4276389,47.4688308],[12.4279034,47.4696775],[12.4282437,47.4707667],[12.4284085,47.4713011],[12.4288442,47.472714],[12.4289964,47.4732074],[12.4293907,47.4744863],[12.4295669,47.4750493],[12.4296586,47.4753549]]}},{"type":"Feature","id":30852808,"properties":{"kind":"lift","name":"Eggl","subtype":"t-bar","status":"active"},"geometry":{"type":"LineString","coordinates":[[12.4298127,47.4612224],[12.4347949,47.4573949],[12.4353643,47.4569575]]}},{"type":"Feature","id":30852809,"properties":{"kind":"lift","name":"Alpenhaus","subtype":"chair_lift","status":"active"},"geometry":{"type":"LineString","coordinates":[[12.4295659,47.4616302],[12.4295668,47.4617618],[12.4295692,47.4621012],[12.4295735,47.4627341],[12.4295796,47.4636194],[12.4295848,47.4643635],[12.4295884,47.4648947],[12.4295949,47.4658314],[12.4296011,47.4667192],[12.4296022,47.4668822]]}},{"type":"Feature","id":30852880,"properties":{"kind":"lift","name":"Hornköpfl","subtype":"chair_lift","status":"active"},"geometry":{"type":"LineString","coordinates":[[12.4296707,47.4616],[12.4298993,47.4619776],[12.4302362,47.4625342],[12.4306243,47.4631752],[12.4309988,47.4637939],[12.4313647,47.4643983],[12.4316644,47.4648932],[12.4318306,47.4651678],[12.4323561,47.4660357],[12.4326978,47.4666002],[12.4328908,47.4669374]]}},{"type":"Feature","id":30853380,"properties":{"kind":"run","name":"Eggl","subtype":"easy","pisteType":"downhill","featured":false},"geometry":{"type":"LineString","coordinates":[[12.4347949,47.4573949],[12.4350453,47.4573895],[12.4354995,47.4572687],[12.4361797,47.4571464],[12.4364714,47.4571994],[12.4365438,47.4572974],[12.4365599,47.4574281],[12.4364714,47.4575968],[12.4363667,47.4577547],[12.4362459,47.4578799],[12.4360849,47.4579779],[12.4353361,47.4581467],[12.4351273,47.4581992],[12.4347571,47.4583067],[12.4344568,47.4584302],[12.4340937,47.4585571],[12.4338707,47.4586421],[12.4336874,47.4587552],[12.4333554,47.4590014],[12.43251,47.4594477],[12.4322527,47.4596174],[12.4318498,47.4598832],[12.4307548,47.4607433],[12.4300577,47.4612337],[12.4299684,47.4612662],[12.4298793,47.4612579],[12.4298127,47.4612224]]}},{"type":"Feature","id":30853382,"properties":{"kind":"run","name":"Hornköpfl-Süd","subtype":"intermediate","pisteType":"downhill","featured":false},"geometry":{"type":"LineString","coordinates":[[12.4328908,47.4669374],[12.4330585,47.466917],[12.4332864,47.4668627],[12.4335768,47.4667065],[12.4338479,47.466487],[12.4340013,47.466214],[12.4339302,47.4658078],[12.4337822,47.4654509],[12.4338328,47.4651799],[12.4339957,47.4649059],[12.4342765,47.4647189],[12.4348451,47.464576],[12.4356275,47.4643496],[12.4358549,47.4641085],[12.4360654,47.4638899],[12.4361454,47.4635255],[12.4361712,47.4632554],[12.4362643,47.4622312],[12.4359908,47.4613897],[12.4359156,47.4607286],[12.4358403,47.4603217],[12.4356625,47.4601136],[12.4354027,47.4599795],[12.4348624,47.4598362],[12.4342675,47.459716],[12.4338845,47.4596143],[12.4336657,47.459531],[12.4333716,47.4594062],[12.4330297,47.4593322],[12.43251,47.4594477]]}},{"type":"Feature","id":30853760,"properties":{"kind":"lift","name":"Pengelstein I","subtype":"gondola","status":"active"},"geometry":{"type":"LineString","coordinates":[[12.3153837,47.4170768],[12.3156393,47.4167188],[12.3170233,47.4148519],[12.3180165,47.4135121],[12.3199836,47.4108583],[12.3206833,47.4099143],[12.3226671,47.4072379],[12.324212,47.4051536],[12.3243411,47.4049793],[12.3256376,47.40323],[12.3263746,47.4022356],[12.3266924,47.4018067],[12.327865,47.4002246],[12.3291349,47.3985109],[12.3308096,47.3962511],[12.3310992,47.3958603],[12.3316688,47.3951028]]}},{"type":"Feature","id":30853847,"properties":{"kind":"lift","name":"Pengelstein II","subtype":"chair_lift","status":"active"},"geometry":{"type":"LineString","coordinates":[[12.3238367,47.4000589],[12.3245068,47.3997926],[12.3253708,47.3994493],[12.3266096,47.3989571],[12.3280334,47.3983913],[12.3285295,47.3981942],[12.3291218,47.3979669],[12.3307119,47.3973566],[12.3320622,47.3968344],[12.3333121,47.3963532],[12.3339382,47.3961062],[12.3353354,47.3955551],[12.3366721,47.3950277],[12.3372152,47.3948135],[12.3380768,47.3944751],[12.3401839,47.3936476],[12.3410426,47.3933103],[12.3420358,47.3929202],[12.3437854,47.3922331],[12.3450167,47.3917495],[12.3458838,47.3914089],[12.3465534,47.3911436],[12.3473111,47.3908434],[12.3476097,47.3907251],[12.3480256,47.3905585]]}},{"type":"Feature","id":30853972,"properties":{"kind":"lift","name":"Hochsaukaser","subtype":"chair_lift","status":"active"},"geometry":{"type":"LineString","coordinates":[[12.3539472,47.3791405],[12.352388,47.3799359],[12.3510656,47.3806104],[12.350195,47.3810546],[12.3492017,47.3815612],[12.3482076,47.3820683],[12.3473895,47.3824856],[12.3462547,47.3830644],[12.3456606,47.3833675],[12.3454812,47.383459],[12.3452516,47.3835761]]}},{"type":"Feature","id":30854125,"properties":{"kind":"run","name":"Kampen","subtype":"intermediate","pisteType":"downhill","featured":false},"geometry":{"type":"LineString","coordinates":[[12.3699513,47.4312504],[12.3687951,47.4312974],[12.3677446,47.4314298],[12.3671972,47.4315597],[12.3667969,47.4316991],[12.366529,47.4318189],[12.3663931,47.4319885],[12.3663158,47.4321136],[12.366182,47.432212],[12.3657271,47.4323686],[12.3655039,47.4324837],[12.3653673,47.4326258],[12.3651046,47.4330118],[12.364789,47.4333043],[12.3642838,47.4335647],[12.3638244,47.4337342],[12.3629421,47.4339737],[12.3623889,47.4342295],[12.3622009,47.4344677],[12.3619821,47.4348975],[12.3618206,47.4351453],[12.3617476,47.4352475],[12.3617832,47.4354009],[12.3618155,47.4358105],[12.3617087,47.4361315],[12.3616301,47.436441],[12.3617188,47.4368458],[12.3617747,47.4370721],[12.3619156,47.4372475],[12.3622384,47.4374566],[12.3633588,47.4379505],[12.3634649,47.438046],[12.3634786,47.4381283],[12.3634568,47.4382539],[12.3634385,47.4383434],[12.3634912,47.4384212],[12.3635537,47.4384763],[12.363782,47.4386131],[12.3642507,47.4388409],[12.364819,47.4390262],[12.3657223,47.4394861],[12.3663212,47.4399049],[12.3668617,47.4403675],[12.3673377,47.4408963],[12.3676838,47.4413454],[12.3681458,47.4417611],[12.3687367,47.4425649],[12.3692087,47.4431581],[12.3694776,47.4438725],[12.3703223,47.444895],[12.3706579,47.4453028],[12.3709699,47.4454446],[12.3714064,47.4456006],[12.3717323,47.4455958],[12.3720862,47.4454673],[12.3724846,47.4453414],[12.3728379,47.4450925],[12.3730401,47.4448306],[12.3731143,47.4447977],[12.3733376,47.4447899],[12.3737243,47.4448467],[12.3739793,47.4448036],[12.3741144,47.4447174],[12.3742485,47.4445321],[12.3743151,47.4443323],[12.3743123,47.4442677],[12.3743267,47.4442082],[12.374374,47.4441865],[12.3744342,47.4441908],[12.3744958,47.4442361],[12.3745357,47.4443133],[12.3746237,47.4445812],[12.3747602,47.4449618],[12.3748244,47.4451561],[12.3748379,47.4453055],[12.3749091,47.4454286],[12.3754387,47.4458251],[12.3758174,47.4461036],[12.3760952,47.446365],[12.3762161,47.4465145],[12.3764109,47.446568],[12.3765985,47.4465613],[12.3768316,47.4464309],[12.3771087,47.4462648],[12.3773041,47.4462476],[12.377474,47.4462648],[12.3780157,47.446465],[12.3782037,47.4465721],[12.3783215,47.4465964],[12.3785286,47.4465929],[12.3788777,47.4465262],[12.3794012,47.4465294],[12.3799927,47.4466169],[12.3806516,47.4465627],[12.3812344,47.4463375],[12.3818746,47.4459597],[12.3823371,47.4458168],[12.383147,47.4455347],[12.3833976,47.44542],[12.3835888,47.4453729],[12.3838367,47.4454125],[12.3839474,47.4454574],[12.3840685,47.4455232],[12.3840639,47.4456613]]}},{"type":"Feature","id":30854221,"properties":{"kind":"lift","name":"3S Bahn","subtype":"cable_car","status":"active"},"geometry":{"type":"LineString","coordinates":[[12.3469532,47.3892365],[12.3474562,47.3888828],[12.3568757,47.3822587],[12.3800231,47.3659771],[12.380563,47.3655973]]}},{"type":"Feature","id":30854288,"properties":{"kind":"lift","name":"Fleckalmbahn","subtype":"gondola","status":"active"},"geometry":{"type":"LineString","coordinates":[[12.3350822,47.4503755],[12.335264,47.4501164],[12.3355089,47.4497672],[12.3361588,47.4487987],[12.3377035,47.4465363],[12.3384207,47.4454839],[12.3401132,47.4430162],[12.3411307,47.4415306],[12.3424192,47.4396509],[12.3435444,47.4380021],[12.3447944,47.4361671],[12.3460319,47.4343594],[12.3472838,47.4325457],[12.349084,47.4300113],[12.3504494,47.4280995],[12.3522766,47.4255848],[12.352916,47.4247048],[12.3547436,47.4221894],[12.3557879,47.4207519],[12.3565052,47.4197646],[12.3571057,47.4189381],[12.3575779,47.418288],[12.3578362,47.4179325]]}},{"type":"Feature","id":30857742,"properties":{"kind":"lift","name":"Steinbergkogel","subtype":"chair_lift","status":"active"},"geometry":{"type":"LineString","coordinates":[[12.367437,47.4132543],[12.3674363,47.4129408],[12.3674347,47.4122362],[12.3674322,47.4110999],[12.3674297,47.4099819],[12.3674271,47.4088049],[12.3674321,47.4072624],[12.3674311,47.4061711],[12.3674304,47.4052366],[12.3674293,47.4039357],[12.3674282,47.4026361],[12.3674281,47.4024896],[12.3674279,47.4022648]]}},{"type":"Feature","id":30857859,"properties":{"kind":"lift","name":"Ehrenbachhöhe","subtype":"chair_lift","status":"active"},"geometry":{"type":"LineString","coordinates":[[12.3684522,47.4139699],[12.3674109,47.4145022],[12.3660014,47.4152226],[12.3648045,47.4158344],[12.3637303,47.4163835],[12.3624065,47.4170601],[12.3613522,47.4175989],[12.3607951,47.4178837],[12.3598371,47.4183733],[12.3596421,47.418473],[12.3593155,47.4186399]]}},{"type":"Feature","id":30857860,"properties":{"kind":"lift","name":"Sonnenrast","subtype":"chair_lift","status":"active"},"geometry":{"type":"LineString","coordinates":[[12.3601427,47.4088077],[12.3600985,47.4091281],[12.3599689,47.4100679],[12.3597608,47.4115761],[12.359606,47.412698],[12.3593437,47.414599],[12.3593017,47.4149035],[12.3590904,47.4164349],[12.3589581,47.4173942],[12.3588553,47.418139],[12.3588108,47.4184612]]}},{"type":"Feature","id":30858188,"properties":{"kind":"run","name":"Hochsaukaser","subtype":"advanced","pisteType":"downhill","featured":false},"geometry":{"type":"LineString","coordinates":[[12.3448734,47.3800592],[12.3463777,47.3798964],[12.3476843,47.3797631],[12.349407,47.3795878],[12.3507146,47.3794378],[12.3516246,47.3793332],[12.3525472,47.3792247],[12.3531577,47.3791569],[12.3537037,47.3790431],[12.3538669,47.3790053],[12.3539543,47.3789757],[12.354005,47.378975],[12.3540356,47.3789876],[12.3540548,47.3790059],[12.3540644,47.3790357],[12.3540542,47.3790622],[12.3540273,47.3790827],[12.3539472,47.3791405]]}},{"type":"Feature","id":30860532,"properties":{"kind":"run","name":"Hochsaukaser","subtype":"advanced","pisteType":"downhill","featured":false},"geometry":{"type":"LineString","coordinates":[[12.3452516,47.3835761],[12.3451964,47.3835798],[12.3451484,47.3835712],[12.3451096,47.3835528],[12.3450981,47.3835055],[12.3451114,47.3834484],[12.3451621,47.3832968],[12.3451213,47.3830806],[12.3450851,47.3826471],[12.3450373,47.3822487],[12.3449778,47.3820602],[12.3448832,47.381824],[12.3447827,47.3815238],[12.3447472,47.3812956],[12.3447118,47.3809994],[12.3447535,47.3807568],[12.3448734,47.3800592]]}},{"type":"Feature","id":30860754,"properties":{"kind":"lift","name":"Ganslern","subtype":"chair_lift","status":"active"},"geometry":{"type":"LineString","coordinates":[[12.3840639,47.4456613],[12.3835287,47.4454291],[12.381101,47.4443759],[12.379677,47.4437704],[12.3772033,47.4427187],[12.3760133,47.4422127]]}},{"type":"Feature","id":30860855,"properties":{"kind":"run","name":"Ganslernhang","subtype":"intermediate","pisteType":"downhill","featured":false},"geometry":{"type":"LineString","coordinates":[[12.3760133,47.4422127],[12.3763779,47.4421223],[12.3775616,47.4420026],[12.3785611,47.4419599]]}},{"type":"Feature","id":30900307,"properties":{"kind":"run","name":"Griesalm","subtype":"advanced","pisteType":"downhill","featured":false},"geometry":{"type":"LineString","coordinates":[[12.3674279,47.4022648],[12.3675371,47.4021981],[12.3676967,47.4021795],[12.3679002,47.4022172],[12.3681315,47.4022498],[12.368483,47.4022751],[12.3689188,47.4022593],[12.3691147,47.4022452],[12.3694202,47.4021958],[12.3697938,47.4021372],[12.3702923,47.4021437],[12.3708962,47.4021728],[12.3713275,47.4022215],[12.3717685,47.402374],[12.3720992,47.4025751],[12.3724874,47.4028314],[12.3731392,47.4032434],[12.3738283,47.4036811],[12.3744188,47.4041246],[12.3745346,47.4043382],[12.3745743,47.4044995],[12.3745512,47.4046609],[12.3744477,47.4048957],[12.3740438,47.4052111],[12.3738726,47.4053321],[12.3733707,47.4057488],[12.3729863,47.4056167],[12.3726808,47.4054904],[12.3724126,47.4052882],[12.3721332,47.405062],[12.3719388,47.4049507],[12.3718039,47.4048735],[12.3717743,47.4048566],[12.371668,47.4048148],[12.3713961,47.4047079],[12.3712894,47.4046659],[12.3707555,47.4044985],[12.3702467,47.4044254],[12.3699881,47.404466],[12.3698281,47.4045284],[12.3694072,47.4048612],[12.3690605,47.4052238],[12.3687655,47.4056348],[12.3685284,47.405966],[12.3684754,47.4062249],[12.3685447,47.4076429],[12.3686065,47.4081499],[12.3686265,47.408473],[12.3684892,47.4088871],[12.3683379,47.4091578],[12.3681243,47.4094551],[12.3678518,47.4098533],[12.3677844,47.409932],[12.3672946,47.4105792],[12.3670582,47.4109254],[12.3668491,47.4113189],[12.3668139,47.4115727],[12.3668554,47.411922],[12.3669084,47.4121735],[12.3669622,47.4127953],[12.3669694,47.4128751],[12.366979,47.4129862],[12.3670368,47.4131201],[12.3671336,47.4132185],[12.3672627,47.4133364],[12.3673235,47.4133279],[12.367392,47.4132984],[12.367437,47.4132543]]}},{"type":"Feature","id":30900308,"properties":{"kind":"run","name":"Jufen","subtype":"intermediate","pisteType":"downhill","featured":false},"geometry":{"type":"LineString","coordinates":[[12.3603417,47.4043695],[12.3609622,47.4045725],[12.3611332,47.4046852],[12.3613067,47.4048593],[12.3612549,47.4051157],[12.3611412,47.405293],[12.3609275,47.4054726],[12.3607344,47.4057199],[12.3606586,47.4060325],[12.3607205,47.4062301],[12.3607654,47.4063737],[12.3608844,47.4066629],[12.3609299,47.4067732],[12.3609524,47.4068869],[12.3608481,47.4070509],[12.3603715,47.4076493],[12.3602026,47.4079276],[12.3601288,47.408052],[12.360079,47.4081513],[12.3600571,47.4082142],[12.3600775,47.4083025],[12.3601605,47.4083626]]}},{"type":"Feature","id":30900309,"properties":{"kind":"run","name":"Direttissima","subtype":"advanced","pisteType":"downhill","featured":false},"geometry":{"type":"LineString","coordinates":[[12.3642243,47.4004059],[12.3625622,47.4019129],[12.362428,47.4020598],[12.3623179,47.4023417],[12.3626959,47.4029564],[12.3630042,47.4037704],[12.3631574,47.4040912],[12.3633778,47.4042825],[12.3635019,47.4044815],[12.3636694,47.4050966],[12.3637956,47.405438],[12.3639192,47.4056025],[12.3640543,47.4057583]]}},{"type":"Feature","id":30900310,"properties":{"kind":"run","name":"Direttissima","subtype":"advanced","pisteType":"downhill","featured":false},"geometry":{"type":"LineString","coordinates":[[12.3640543,47.4057583],[12.3640265,47.405798],[12.3636662,47.4063119],[12.3635376,47.4065197],[12.3633043,47.4068408],[12.3630579,47.4074183],[12.3629097,47.407931],[12.3631086,47.4081527],[12.3633933,47.4083797],[12.3636949,47.4086336],[12.3641719,47.40915],[12.3644974,47.4096336],[12.3650062,47.4107121],[12.3653236,47.4110808],[12.3656516,47.4115004],[12.3658524,47.4117511],[12.3662231,47.4121257],[12.3665328,47.4125044],[12.366739,47.4129334],[12.3668804,47.4131842],[12.3669855,47.4132659],[12.3671206,47.4133237],[12.3672627,47.4133364]]}},{"type":"Feature","id":30900313,"properties":{"kind":"run","name":"Streiteck","subtype":"easy","pisteType":"downhill","featured":false},"geometry":{"type":"LineString","coordinates":[[12.3615865,47.3997491],[12.3611823,47.3997149],[12.3605929,47.3997567],[12.3601734,47.399788],[12.3598327,47.3998997],[12.3591925,47.4000861],[12.3587593,47.4001649],[12.3583193,47.4002506],[12.3579563,47.4003576],[12.3577501,47.4004433],[12.357587,47.4005326],[12.3574888,47.4006097],[12.35746,47.4006996],[12.357547,47.4008358]]}},{"type":"Feature","id":30900317,"properties":{"kind":"run","name":"Direttissima","subtype":"advanced","pisteType":"downhill","featured":false},"geometry":{"type":"LineString","coordinates":[[12.3640543,47.4057583],[12.3644052,47.4060043],[12.3648434,47.4062276],[12.3651183,47.4063092],[12.3654015,47.4063584],[12.3657058,47.4063816],[12.3663639,47.4062709],[12.3666682,47.4061936],[12.3670524,47.4063095],[12.3671678,47.406351],[12.3672765,47.4063902],[12.3675276,47.4065372],[12.3677082,47.4067351],[12.367791,47.407088],[12.3678374,47.4079157],[12.3678303,47.4086233],[12.3678029,47.409017],[12.367827,47.4093402],[12.3678162,47.4095318],[12.3678518,47.4098533]]}},{"type":"Feature","id":30900319,"properties":{"kind":"run","name":"Streiteck","subtype":"easy","pisteType":"downhill","featured":false},"geometry":{"type":"LineString","coordinates":[[12.3529597,47.3986833],[12.3529437,47.3987269],[12.3529663,47.3987647],[12.3530166,47.3988107],[12.3531116,47.3988423],[12.3532511,47.3988449],[12.3534259,47.3988268],[12.3535854,47.3987931],[12.3536579,47.3987737],[12.3538626,47.398746],[12.3540515,47.3987641],[12.3540883,47.3987676],[12.3543061,47.3988041],[12.3544937,47.3988522],[12.3545794,47.3988848],[12.3547188,47.3989377],[12.3549338,47.39903],[12.3551077,47.399127],[12.3551823,47.3991759],[12.3552196,47.399216],[12.3552344,47.3992319],[12.3553105,47.399351],[12.3553787,47.3994852],[12.3554079,47.3995427],[12.3556644,47.3999414],[12.3558514,47.4001938],[12.3559435,47.4003116],[12.3563188,47.400531],[12.3565815,47.4006533],[12.3568237,47.4007342],[12.3571648,47.4008057],[12.357547,47.4008358],[12.3579154,47.4008338],[12.3583093,47.4008116],[12.3587625,47.4007821],[12.3590981,47.4007556],[12.3593751,47.4007294],[12.3597166,47.4007446],[12.3600958,47.4007475],[12.3603082,47.4007611],[12.3604494,47.40081],[12.3606853,47.4009472],[12.3609808,47.4010948],[12.361181,47.40117],[12.361595,47.4014108],[12.3617635,47.4015593],[12.3619546,47.4017517],[12.3621411,47.4019405],[12.3622286,47.4020536],[12.3623179,47.4023417],[12.3615821,47.4029193],[12.3614979,47.4030044],[12.3611347,47.4033715],[12.3607839,47.4037259],[12.3603417,47.4043695],[12.3597934,47.4048613],[12.3593282,47.4051007],[12.3585704,47.4055106],[12.3583657,47.4058639],[12.3583626,47.4062631],[12.3583686,47.4066975],[12.3582768,47.4072736],[12.3582111,47.40762],[12.3579582,47.4081773],[12.3576925,47.4086455],[12.3576671,47.4086902],[12.3573294,47.4089572],[12.3571565,47.4090163],[12.3570217,47.4090262],[12.356756,47.4090044],[12.3566426,47.4089475],[12.3565519,47.4088836],[12.3564498,47.4086932],[12.356336,47.4084845],[12.3561387,47.4084074],[12.3559499,47.4084049],[12.3558106,47.408429],[12.3557199,47.4084905],[12.3556442,47.4086799],[12.3556695,47.4088751],[12.3556535,47.4090748],[12.3555541,47.4092],[12.3552719,47.4094202],[12.353039,47.4116072],[12.3526016,47.4121417],[12.3524214,47.412479],[12.3523207,47.4127703],[12.3522466,47.412886],[12.3521676,47.4129485],[12.3520556,47.4129822],[12.3513739,47.4130857],[12.3511209,47.4131947],[12.3509604,47.4133122],[12.3509009,47.4135415],[12.3508926,47.4137324],[12.3508738,47.4138493],[12.3507954,47.4139678],[12.3506171,47.4140163],[12.3504108,47.4140736],[12.3503179,47.4141276],[12.3501734,47.4143198],[12.3498338,47.414487],[12.3492697,47.4147995],[12.3489526,47.4151714],[12.3486302,47.415671]]}},{"type":"Feature","id":30900770,"properties":{"kind":"run","name":"Hahnenkamm","subtype":"easy","pisteType":"downhill","featured":false},"geometry":{"type":"LineString","coordinates":[[12.3588108,47.4184612],[12.3587945,47.4185594],[12.3587617,47.4186295],[12.3586986,47.4187149],[12.3585409,47.4188323],[12.3583621,47.4190031],[12.3582517,47.4191454],[12.3582201,47.4192379],[12.3581991,47.4194798],[12.3583042,47.4196613],[12.3585093,47.4198214],[12.3586244,47.4198801],[12.3588828,47.4200118],[12.3589877,47.4201047],[12.3590903,47.4202487],[12.3592245,47.4204725],[12.3593717,47.4207394],[12.3594453,47.4208817],[12.3595558,47.4209457],[12.3598397,47.4210667],[12.3603981,47.421201],[12.3606442,47.421235],[12.3610448,47.4212489],[12.3619616,47.421607],[12.3626121,47.4218491],[12.3635586,47.4223753],[12.3641499,47.4226293],[12.3646651,47.4228879],[12.3653576,47.4233305],[12.3658513,47.4235766],[12.3664277,47.4237162],[12.3671058,47.4238879],[12.3677688,47.4240903],[12.3681582,47.4242798],[12.3683734,47.424373],[12.3690661,47.4246022],[12.3698195,47.4248394]]}},{"type":"Feature","id":30900772,"properties":{"kind":"run","name":"Melkalm","subtype":"easy","pisteType":"downhill","featured":false},"geometry":{"type":"LineString","coordinates":[[12.3698195,47.4248394],[12.370079,47.4247098],[12.3702244,47.4245278],[12.370289,47.4243662],[12.370348,47.4240745],[12.3703876,47.4237243],[12.370411,47.4235282],[12.3705046,47.422996],[12.3705028,47.4228721],[12.3705063,47.4228387],[12.3705007,47.4226402],[12.3704848,47.4224158],[12.3703793,47.4221466],[12.3701483,47.4218112],[12.3698817,47.4214786],[12.3694398,47.4211061],[12.3689642,47.4208873],[12.3684798,47.4207397],[12.3682349,47.4205444],[12.367553,47.4200448],[12.3672845,47.4198712],[12.3671282,47.4196972],[12.36691,47.4195815],[12.3665765,47.4194702],[12.3665281,47.4193935],[12.3666883,47.4191812],[12.3670467,47.418912],[12.3673892,47.4186102],[12.3678483,47.4180792],[12.3680497,47.4178564],[12.3682362,47.417635],[12.3683273,47.417397],[12.3682765,47.4171638],[12.3682508,47.4170331],[12.3682966,47.4169459],[12.3683985,47.416926],[12.3685529,47.4169746],[12.3687156,47.4171437],[12.3689083,47.417564],[12.3689753,47.4180792],[12.3690667,47.4183265],[12.36916,47.4183293],[12.369213,47.4179871],[12.3693283,47.4175011],[12.3694931,47.4168838],[12.369487,47.4165087],[12.3691198,47.4157778],[12.3689634,47.4156129],[12.3688251,47.4154873],[12.3683885,47.4151525],[12.3676671,47.4143712],[12.3674706,47.4140496],[12.3673948,47.4138104],[12.3674062,47.4135958]]}},{"type":"Feature","id":30902539,"properties":{"kind":"run","name":"Jufen-Steilhang","subtype":"advanced","pisteType":"downhill","featured":false},"geometry":{"type":"LineString","coordinates":[[12.357547,47.4008358],[12.3576977,47.4009418],[12.3582644,47.4010945],[12.3584894,47.4011992],[12.3587452,47.4013594],[12.3590982,47.4018941],[12.3592598,47.4023044],[12.3594139,47.4025615],[12.3597955,47.4029846],[12.3599294,47.4032512],[12.3600137,47.4034686],[12.3600932,47.403868],[12.3601397,47.4039933],[12.3603417,47.4043695]]}},{"type":"Feature","id":30902541,"properties":{"kind":"run","name":"Silberstube","subtype":"easy","pisteType":"downhill","featured":false},"geometry":{"type":"LineString","coordinates":[[12.3615865,47.3997491],[12.3611987,47.3996454],[12.3605506,47.3995583],[12.3597893,47.39944],[12.3591514,47.3993599],[12.3586936,47.3993459],[12.3583696,47.3993285],[12.3579992,47.3993738],[12.357706,47.3994574],[12.357454,47.3995688],[12.3572637,47.399621],[12.3570116,47.3996384],[12.3567904,47.3996489],[12.3565678,47.3995935],[12.3563323,47.3994969],[12.3560894,47.3993736],[12.3559558,47.3992533],[12.3558654,47.3991389],[12.3558147,47.39904],[12.3557856,47.3988506],[12.3557267,47.3986594],[12.3556382,47.3985616],[12.3550153,47.3982028],[12.3546506,47.3979846],[12.3541825,47.3977234],[12.3537967,47.3974414],[12.3537375,47.3973347],[12.3536013,47.3973056],[12.3534624,47.3972081],[12.3534141,47.3971504],[12.3534069,47.3970808],[12.353407,47.3968713],[12.3534366,47.3967032],[12.3535131,47.3963972],[12.3536508,47.3961061],[12.3537284,47.395902]]}},{"type":"Feature","id":30903071,"properties":{"kind":"run","name":"Schroll-Skirast","subtype":"easy","pisteType":"downhill","featured":false},"geometry":{"type":"LineString","coordinates":[[12.3250751,47.3975231],[12.3240944,47.3978373],[12.3238289,47.397889],[12.3233296,47.3979524],[12.3227064,47.3981036],[12.3222236,47.3982734],[12.3211835,47.39869],[12.3208933,47.3988151],[12.3203687,47.3990814],[12.3202667,47.3993082],[12.3202667,47.3994365],[12.3204562,47.3997816],[12.3204885,47.4000769],[12.3205885,47.4004045],[12.3208704,47.4007984],[12.3212872,47.4013207],[12.3216458,47.4018347],[12.3218053,47.4022253],[12.321969,47.4025383],[12.3221703,47.402735],[12.3223273,47.4028662],[12.3224485,47.4030315],[12.322451,47.4031641],[12.3222885,47.4032792],[12.322064,47.4034385],[12.3216254,47.4036957],[12.3212484,47.403902],[12.3206164,47.40419],[12.3199759,47.4043519],[12.3195003,47.4045032],[12.3188015,47.4047926],[12.318405,47.4050446],[12.3181143,47.4054713],[12.317975,47.4061509],[12.317901,47.4069968],[12.3177584,47.4078218],[12.3177008,47.4082683],[12.3176353,47.4085685],[12.3175855,47.4087711],[12.3174379,47.4090677],[12.3173144,47.4093928],[12.3171909,47.4097643],[12.3171956,47.4100321],[12.3172646,47.4103756],[12.3173289,47.4108248],[12.3173066,47.4111459],[12.3173555,47.4114118],[12.3174361,47.4115393],[12.3175579,47.4117554],[12.3176257,47.4119271],[12.3177094,47.4120624],[12.3178359,47.4121861],[12.3179512,47.4122643],[12.3179943,47.4123064],[12.3180829,47.4123927],[12.3180858,47.4125783],[12.3179605,47.4127709],[12.3175404,47.4131217],[12.3171289,47.4134976],[12.3167793,47.4138787],[12.316444,47.4142465],[12.3161345,47.4145818],[12.3158378,47.4148875],[12.3157005,47.4151715],[12.3156984,47.415443],[12.315698,47.4159999],[12.3156618,47.4162668],[12.3154692,47.4167013],[12.3150389,47.4173491]]}},{"type":"Feature","id":47039743,"properties":{"kind":"run","name":"Kaser","subtype":"easy","pisteType":"downhill","featured":false},"geometry":{"type":"LineString","coordinates":[[12.3583718,47.417938],[12.3583277,47.4177025],[12.3581189,47.417469],[12.3579218,47.4172713],[12.3577581,47.4170998],[12.3573607,47.4166837],[12.3570666,47.4164778],[12.356747,47.4162964],[12.3561558,47.4161448],[12.3550586,47.4159018],[12.354213,47.4156944],[12.3532139,47.4153909],[12.3521692,47.4152267],[12.3508831,47.4152848],[12.3486302,47.415671],[12.3469731,47.4160785],[12.346013,47.4165405],[12.3457421,47.4166628],[12.3453364,47.4169522],[12.344941,47.4173287],[12.3435387,47.4182575],[12.3431805,47.4184526],[12.3430764,47.4184978],[12.3430019,47.4186384],[12.3430008,47.4187715]]}},{"type":"Feature","id":52029319,"properties":{"kind":"lift","name":"Horngipfelbahn","subtype":"cable_car","status":"active"},"geometry":{"type":"LineString","coordinates":[[12.4080103,47.4637956],[12.4248409,47.4728054],[12.4286757,47.474858],[12.4292479,47.4751549]]}},{"type":"Feature","id":77244852,"properties":{"kind":"run","name":"Fleck","subtype":"easy","pisteType":"downhill","featured":false},"geometry":{"type":"LineString","coordinates":[[12.3562597,47.4213448],[12.3562452,47.4213622],[12.3562347,47.4213916],[12.3562645,47.4214361],[12.3566332,47.4217217],[12.3567862,47.4219578],[12.3569085,47.4222555],[12.3571011,47.4230191],[12.3571522,47.4233785],[12.3571892,47.4234948],[12.3571978,47.4235219],[12.3571409,47.4235353],[12.3570867,47.4235271],[12.3569853,47.4234722],[12.3569205,47.4234557],[12.3568727,47.4234706],[12.3568351,47.4235529],[12.3568534,47.4237764],[12.3570002,47.4242047],[12.3573739,47.4244246],[12.3573809,47.4244993],[12.3573577,47.4245726],[12.3572716,47.4247876],[12.3571562,47.4250676],[12.3569452,47.4252786],[12.3569379,47.4253173],[12.3569823,47.4253504],[12.3570888,47.4253658],[12.3572706,47.4253331],[12.3576425,47.4251731],[12.3580215,47.4248565],[12.3580967,47.4247257],[12.3580983,47.4245386],[12.3581451,47.4244495],[12.3582664,47.4244592],[12.3583521,47.4245228],[12.3583581,47.4246517],[12.3582021,47.4251545],[12.3577067,47.4258994],[12.3571611,47.4263059],[12.3568528,47.4264786],[12.3565943,47.4265509],[12.3556964,47.4266539],[12.3553741,47.426735],[12.3552727,47.4267599],[12.355115,47.4268379],[12.3549901,47.4269144],[12.3549226,47.426936],[12.3548556,47.4269349],[12.3548185,47.4269083],[12.3547745,47.426849],[12.3547854,47.4267845],[12.3548167,47.4266716],[12.3548736,47.4264918],[12.354789,47.4261352],[12.3547484,47.4259552],[12.3546003,47.4258319],[12.3545505,47.4257069],[12.3545596,47.4253035],[12.3545624,47.4252079],[12.3544713,47.4251257],[12.3542435,47.4249562],[12.3540091,47.4245648],[12.3538532,47.424602],[12.3535412,47.425409],[12.3533788,47.4257325],[12.3532828,47.4258538],[12.3531672,47.4259452],[12.3529228,47.4261852],[12.3528508,47.4262759],[12.3527853,47.4264127],[12.3526419,47.4266703],[12.3525868,47.4267954],[12.3525515,47.4269215],[12.3523026,47.4274077],[12.352103,47.4277579],[12.3520766,47.4278559],[12.3520406,47.4280949],[12.3519915,47.4281743],[12.3515256,47.4285683],[12.3513792,47.4287204],[12.351246,47.4289281],[12.3512101,47.4290399],[12.3512217,47.4291558],[12.3512924,47.4292763],[12.3514502,47.4293734],[12.3518937,47.4294328],[12.3523745,47.429708],[12.3525495,47.4297579],[12.3529079,47.4298074],[12.3532412,47.4297822],[12.3535088,47.4296982],[12.3539719,47.4294617],[12.3541922,47.4294346],[12.35449,47.4295093],[12.3553105,47.4296476],[12.355583,47.4296254],[12.3557432,47.4295432],[12.3558473,47.4295404],[12.3558811,47.4296077],[12.3558152,47.429674],[12.3554392,47.4298059],[12.3551489,47.4298565],[12.3547784,47.4298607],[12.3543096,47.4299308],[12.3542373,47.4299702],[12.3540464,47.4302071],[12.3535605,47.4304577],[12.353249,47.4305966],[12.3527892,47.4307089],[12.3523858,47.4307581],[12.3522358,47.4307804],[12.3520978,47.4307686],[12.3518235,47.4307181],[12.351626,47.4307072],[12.3514821,47.4307459],[12.3513309,47.4308632],[12.3512227,47.4309548],[12.3511488,47.4310173],[12.3509521,47.4311151],[12.3506391,47.4312304],[12.3502512,47.4313257],[12.3498852,47.4314421],[12.3496441,47.4315294],[12.3494212,47.4316696],[12.348891,47.4321329],[12.3488063,47.4322238],[12.3487008,47.4322921],[12.3486322,47.432312],[12.3484683,47.432343]]}},{"type":"Feature","id":90190612,"properties":{"kind":"run","name":"Kapellenabfahrt","subtype":"intermediate","pisteType":"downhill","featured":false},"geometry":{"type":"LineString","coordinates":[[12.3610448,47.4212489],[12.3612977,47.4210062],[12.3616685,47.4208451],[12.362217,47.4206683],[12.3625238,47.4205997],[12.36303,47.4204829],[12.3632426,47.4204487],[12.3633822,47.4204509],[12.363607,47.4205415],[12.3638049,47.4207107],[12.3639511,47.4208213],[12.3641223,47.4209542],[12.3643047,47.4210526],[12.3645687,47.4211053],[12.3649182,47.4211484],[12.3651674,47.4204106],[12.3651425,47.4200378],[12.3649737,47.4197059],[12.3649464,47.4195439],[12.3650267,47.4194248],[12.3653934,47.4192651],[12.3659099,47.4190422],[12.3664743,47.4184915],[12.3666632,47.4180565],[12.366634,47.4172535],[12.3666611,47.4171028],[12.3668297,47.4168669],[12.367248,47.4166696],[12.3677414,47.4165282],[12.3681973,47.416392],[12.3686001,47.4162558],[12.368877,47.416118],[12.3690424,47.4159805],[12.3691198,47.4157778]]}},{"type":"Feature","id":90647712,"properties":{"kind":"run","name":"Hieslegg","subtype":"intermediate","pisteType":"downhill","featured":false},"geometry":{"type":"LineString","coordinates":[[12.3391864,47.3906851],[12.3386998,47.3905385],[12.3385501,47.3903746],[12.3383645,47.3898859],[12.3381706,47.3894133],[12.3381122,47.3890322],[12.3380592,47.3886965],[12.3379658,47.3884864],[12.3377266,47.3882199],[12.3374587,47.3880134],[12.3373164,47.3879115],[12.3371967,47.3878795],[12.3370531,47.3878947],[12.3369695,47.3879501],[12.3369338,47.3880072],[12.3369788,47.3883216],[12.3369942,47.388447],[12.3370363,47.3887656],[12.3369983,47.3888692],[12.3369139,47.3889216],[12.3368143,47.3889347],[12.3367008,47.3889084],[12.3365879,47.3888658],[12.3362703,47.3886747],[12.3354409,47.3882684],[12.3351548,47.3880919],[12.3350877,47.3879394],[12.3349918,47.3873101],[12.3349017,47.387074],[12.3347274,47.386852],[12.3345263,47.3867552],[12.3343134,47.3867001],[12.3337951,47.3866529],[12.3329662,47.3867047],[12.3322291,47.3867555],[12.3319814,47.386826],[12.3315345,47.3872427],[12.3310174,47.3879515],[12.3308657,47.3881338],[12.3307933,47.3882922],[12.3308606,47.3888422],[12.3308381,47.3892782],[12.3307154,47.3895037],[12.3306306,47.3896666],[12.3306868,47.3901918],[12.3306899,47.3903346],[12.3306272,47.3907106],[12.3303081,47.3911892],[12.3302209,47.391345],[12.3299272,47.391631],[12.3295469,47.3917889],[12.3294373,47.3918515],[12.3293788,47.3919244],[12.3293909,47.3920133],[12.3294908,47.3922059],[12.3294863,47.3922773],[12.3294551,47.392354],[12.3292417,47.3924366],[12.328826,47.3926804]]}},{"type":"Feature","id":90647721,"properties":{"kind":"run","name":"Kasereck","subtype":"easy","pisteType":"downhill","featured":false},"geometry":{"type":"LineString","coordinates":[[12.348331,47.3905897],[12.3485958,47.3904169],[12.3488167,47.3904233],[12.3491047,47.3905563],[12.3492255,47.3906433],[12.3496857,47.3905625],[12.3509044,47.3905547],[12.3509218,47.3907899],[12.3507768,47.39102],[12.3504259,47.3914276],[12.3504337,47.392542],[12.3505339,47.3931477],[12.3506006,47.3932927],[12.3507493,47.3934661],[12.3509975,47.393614],[12.3513994,47.3937674],[12.3520999,47.3938609],[12.3526578,47.3938291],[12.3535037,47.3937233],[12.3543494,47.3937324],[12.3568433,47.3941384]]}},{"type":"Feature","id":91087227,"properties":{"kind":"run","name":"Pengelstein II","subtype":"easy","pisteType":"downhill","featured":false},"geometry":{"type":"LineString","coordinates":[[12.3328212,47.3951743],[12.332789,47.3954863],[12.3327636,47.3959317],[12.3326864,47.3961527],[12.3325187,47.3963668],[12.3322574,47.3965197],[12.331724,47.3967608],[12.3309622,47.3970526],[12.3299872,47.3974672],[12.3290825,47.3981341],[12.3280274,47.3984964],[12.3272119,47.3985871],[12.3265169,47.3986748],[12.3257193,47.3986652],[12.3252032,47.3986749],[12.3246741,47.3987545],[12.3243552,47.3988476],[12.3240151,47.3990906]]}},{"type":"Feature","id":94961889,"properties":{"kind":"run","name":"Hieslegg","subtype":"intermediate","pisteType":"downhill","featured":false},"geometry":{"type":"LineString","coordinates":[[12.3456848,47.3842483],[12.3457728,47.3841748],[12.345792,47.384123],[12.3457787,47.3841021],[12.34575,47.3840797],[12.345619,47.3840439],[12.3454905,47.3840453],[12.3453258,47.3841452],[12.345207,47.3842351],[12.3451567,47.3843326],[12.3450767,47.3844984],[12.3449654,47.3846826],[12.3448849,47.3847791],[12.3447661,47.3849008],[12.3444478,47.3850216],[12.3441891,47.3851193],[12.3439584,47.3852295],[12.3437842,47.3853618],[12.3435278,47.3855872],[12.3432999,47.3858178],[12.343003,47.3860604],[12.3429074,47.3861451],[12.3428259,47.3862526],[12.3428187,47.386325],[12.3427944,47.3865537],[12.3427684,47.3868874],[12.3425737,47.3874606],[12.3423086,47.3879308],[12.3420089,47.3882784],[12.3415666,47.3887891],[12.3412109,47.3893984],[12.341104,47.3898549],[12.3408852,47.3900268],[12.3406505,47.3901151],[12.3403165,47.3902594],[12.3396954,47.390488],[12.3391864,47.3906851],[12.3390535,47.3908091],[12.3388465,47.3911119],[12.3388074,47.3915021],[12.3388704,47.3919399]]}},{"type":"Feature","id":96426129,"properties":{"kind":"run","name":"Mapped ski run","subtype":"unknown","pisteType":"sled","featured":false},"geometry":{"type":"LineString","coordinates":[[12.3015402,47.4394368],[12.3015943,47.4394994],[12.3016024,47.4395429],[12.3015541,47.4395737],[12.3013824,47.439659],[12.301369,47.4398422],[12.301361,47.4400454],[12.3014924,47.4404028],[12.3016292,47.4405189],[12.3018169,47.4405878],[12.3021066,47.4405806],[12.3025358,47.4405443],[12.3031299,47.4406229],[12.3034558,47.4406931],[12.3037429,47.4407886],[12.3039086,47.4408342],[12.3042741,47.4409421],[12.3045735,47.4410885],[12.3047562,47.4412338],[12.3050429,47.4414212],[12.3051707,47.4415525],[12.3052454,47.4420546],[12.3052553,47.4422579],[12.3054888,47.4423071],[12.3059108,47.4419843],[12.306971,47.4416796],[12.3072877,47.4416215],[12.3075054,47.4416819],[12.3076008,47.4417624],[12.3076575,47.4419339],[12.3075898,47.4422453],[12.3073429,47.4425374],[12.3070597,47.4428641],[12.3068089,47.4430496],[12.3068005,47.4431763],[12.306918,47.4432747],[12.3071323,47.4433035],[12.3072432,47.4432889],[12.3073183,47.4432561],[12.3074652,47.4431726]]}},{"type":"Feature","id":127393736,"properties":{"kind":"lift","name":"Schatzerlift","subtype":"platter","status":"active"},"geometry":{"type":"LineString","coordinates":[[12.3113841,47.4452003],[12.3110469,47.4428023]]}},{"type":"Feature","id":139921083,"properties":{"kind":"lift","name":"Hieslegg","subtype":"chair_lift","status":"active"},"geometry":{"type":"LineString","coordinates":[[12.3288655,47.392474],[12.3298451,47.3919949],[12.3319224,47.3909791],[12.3322525,47.3908176],[12.3335011,47.390207],[12.3346366,47.3896517],[12.3357798,47.3890926],[12.3373308,47.3883341],[12.3382755,47.3878721],[12.3384815,47.3877713],[12.3407049,47.3866839],[12.3422099,47.3859479],[12.342389,47.3858602],[12.3436019,47.385267],[12.3440346,47.3850554],[12.3456848,47.3842483]]}},{"type":"Feature","id":145012973,"properties":{"kind":"run","name":"Kasereck","subtype":"easy","pisteType":"downhill","featured":false},"geometry":{"type":"LineString","coordinates":[[12.348331,47.3905897],[12.3482145,47.3906947],[12.3481826,47.3907674],[12.3481707,47.3910403],[12.3482279,47.3911706],[12.3483434,47.391434],[12.3483973,47.3915656],[12.3483791,47.3916609],[12.3482247,47.3918208],[12.348068,47.3919099],[12.3479431,47.392016],[12.3478659,47.3921313],[12.3478594,47.3924043],[12.3480415,47.392677],[12.3481072,47.3929107],[12.3481036,47.3930929],[12.3481573,47.3932161],[12.3482931,47.3933411],[12.3486799,47.3936675],[12.3488669,47.3938983],[12.3490533,47.3943383],[12.3491461,47.3945025],[12.3494236,47.3950563],[12.3495288,47.3952072],[12.3496511,47.3952671],[12.3497871,47.3952857],[12.3500412,47.3952897],[12.3511755,47.395069],[12.3520384,47.3948269],[12.3522187,47.3947554],[12.3524871,47.3946491],[12.3530812,47.3943574],[12.353342,47.394242],[12.3537623,47.3941311],[12.3550491,47.3940706],[12.3568433,47.3941384],[12.3569113,47.3940353],[12.3570267,47.3939466],[12.3569236,47.3939027]]}},{"type":"Feature","id":145012977,"properties":{"kind":"run","name":"Kapellenabfahrt","subtype":"intermediate","pisteType":"downhill","featured":false},"geometry":{"type":"LineString","coordinates":[[12.3657659,47.4237993],[12.3658513,47.4235766],[12.3662963,47.4227978],[12.3663765,47.4224662],[12.366319,47.4221087],[12.3657694,47.4215221],[12.3655652,47.4213651],[12.3653019,47.4212534],[12.3649182,47.4211484]]}},{"type":"Feature","id":145012982,"properties":{"kind":"run","name":"Pengelstein II","subtype":"easy","pisteType":"downhill","featured":false},"geometry":{"type":"LineString","coordinates":[[12.3451681,47.3897011],[12.3443918,47.3893994],[12.3440178,47.3892435],[12.3437698,47.389006],[12.3435229,47.3886445],[12.3435051,47.3885886],[12.3435257,47.3885134],[12.3435277,47.3884856],[12.3435138,47.3884585],[12.3434786,47.3884489],[12.3434435,47.3884621],[12.343381,47.3885325],[12.3433356,47.3885921],[12.3432637,47.3886638],[12.343028,47.3889035],[12.34286,47.3890533],[12.3427827,47.3891381],[12.3427094,47.3892632],[12.3426191,47.3894034],[12.3425048,47.3895033],[12.342188,47.3897818],[12.3416718,47.390147]]}},{"type":"Feature","id":145634136,"properties":{"kind":"lift","name":"KiWest","subtype":"gondola","status":"active"},"geometry":{"type":"LineString","coordinates":[[12.3060146,47.4043698],[12.3056234,47.4043334],[12.3024122,47.4040345],[12.3014557,47.4039455],[12.2983536,47.4036568],[12.296933,47.4035245],[12.2934932,47.4032044],[12.2917468,47.4030418],[12.289391,47.4028225],[12.2872422,47.4026225],[12.2862105,47.4025265],[12.2838558,47.4023073],[12.2813199,47.4020713],[12.279537,47.4019054],[12.2775208,47.4017177],[12.2755722,47.4015363],[12.2722121,47.4012235],[12.2712157,47.4011308],[12.2704029,47.4010597],[12.2677769,47.4008302]]}},{"type":"Feature","id":149949035,"properties":{"kind":"lift","name":"Maierlbahn","subtype":"gondola","status":"active"},"geometry":{"type":"LineString","coordinates":[[12.3252112,47.4389813],[12.3255296,47.4386855],[12.3261016,47.438154],[12.3285431,47.4358854],[12.3303979,47.4341619],[12.3321564,47.4325278],[12.3331056,47.4316458],[12.3335874,47.431198],[12.3365877,47.4284098],[12.3379559,47.4271382],[12.33889,47.4262701],[12.3400988,47.4251467],[12.3421996,47.4231942],[12.3442218,47.4213147],[12.3459041,47.419751]]}},{"type":"Feature","id":149949038,"properties":{"kind":"run","name":"Ochsalm","subtype":"advanced","pisteType":"downhill","featured":false},"geometry":{"type":"LineString","coordinates":[[12.3573607,47.4166837],[12.3568058,47.4167263],[12.3566355,47.4167673],[12.3558617,47.4170034],[12.3558069,47.4170838],[12.3558221,47.4172672],[12.3560087,47.417657],[12.3561348,47.4179914],[12.3561408,47.4181448],[12.3561512,47.4182833],[12.3560745,47.4183288],[12.3560077,47.4183377],[12.3559373,47.4183312],[12.3558623,47.4182884],[12.3556873,47.4181723],[12.3552825,47.4179638],[12.3549263,47.4178493],[12.3545676,47.4178666],[12.3539348,47.4178694],[12.3535186,47.4178753],[12.3531958,47.4178044],[12.3530371,47.4178048],[12.3523824,47.4178047],[12.3519652,47.4178777],[12.3517968,47.4183469],[12.3517112,47.4186378],[12.3516167,47.4189449],[12.3512409,47.4194533],[12.3508638,47.4197376],[12.3504906,47.419885],[12.3503936,47.4199209],[12.3499045,47.4201018],[12.3493838,47.4203128],[12.3490573,47.4204536],[12.3485351,47.420682],[12.3483061,47.4207099],[12.3479457,47.4207014],[12.3474943,47.4206685],[12.347107,47.4206237],[12.3467624,47.4206427],[12.3464534,47.420692],[12.3461898,47.4207623],[12.3462028,47.4208864],[12.3461982,47.4210591],[12.3461473,47.421265],[12.3460691,47.4215346],[12.3456726,47.4221358],[12.3452568,47.4227446],[12.3448699,47.4233797],[12.3447749,47.4236061],[12.3446411,47.4250219],[12.3445802,47.4251985],[12.3445032,47.4252922],[12.3443778,47.4253367],[12.3442615,47.4253717],[12.3426333,47.4256107],[12.342181,47.4257214],[12.34113,47.4259079],[12.3399411,47.4265024],[12.3393553,47.4266073],[12.3387625,47.4268101],[12.3385541,47.4268813],[12.3379683,47.427196],[12.337601,47.4274207],[12.3370954,47.4279049],[12.3367249,47.4282507],[12.3365318,47.4283647],[12.3361207,47.4285099],[12.3358411,47.4286079],[12.3356416,47.4287019],[12.335475,47.4287948],[12.3352206,47.4288946],[12.3349183,47.428922],[12.3344722,47.4289768],[12.3340227,47.4291518]]}},{"type":"Feature","id":149949042,"properties":{"kind":"run","name":"Powder Heaven","subtype":"advanced","pisteType":"downhill","featured":false},"geometry":{"type":"LineString","coordinates":[[12.3718039,47.4048735],[12.3716732,47.4049668],[12.3717256,47.4049417],[12.3715358,47.4051308],[12.3710554,47.4057412],[12.3702352,47.406949],[12.3700087,47.4073735],[12.3696786,47.4079039],[12.3692473,47.4083392],[12.3690298,47.4085528],[12.3683379,47.4091578],[12.3684173,47.4097619],[12.3682428,47.4102387],[12.3678614,47.410803],[12.3676739,47.4113017],[12.3676273,47.4118791],[12.3676799,47.4122744],[12.3678113,47.4125738],[12.3678349,47.4126458],[12.36789,47.4128136],[12.3679136,47.4129175],[12.3680081,47.4130214],[12.3682247,47.4131227],[12.3684176,47.4132373],[12.3684334,47.4133385],[12.3684019,47.4134504],[12.3683231,47.4135303],[12.3681378,47.4136211]]}},{"type":"Feature","id":150132238,"properties":{"kind":"run","name":"Asten","subtype":"easy","pisteType":"downhill","featured":false},"geometry":{"type":"LineString","coordinates":[[12.3705028,47.4228721],[12.3706874,47.4229387],[12.3707671,47.4229689],[12.3708306,47.4229886],[12.3710393,47.4230643],[12.3715045,47.4233703],[12.3722828,47.4242607],[12.3725925,47.4244297],[12.3730072,47.4245178],[12.3735645,47.4247001],[12.3738277,47.4249687],[12.3741441,47.4252499],[12.37453,47.4254053],[12.3754711,47.4257037],[12.3756514,47.425726],[12.3757521,47.4257209],[12.375805,47.4256673],[12.3757804,47.4255655],[12.3753901,47.4250543],[12.3753127,47.4247534],[12.3754428,47.4244909],[12.3758936,47.424087],[12.3759823,47.4237921],[12.3759527,47.4230645],[12.3760108,47.422965],[12.3761982,47.4229577],[12.3773799,47.423782],[12.3774258,47.4237646],[12.3771466,47.4230564],[12.3771608,47.4229912],[12.3772178,47.422988],[12.3773775,47.4231203],[12.3776682,47.4233582],[12.3778739,47.423527],[12.378058,47.4236932],[12.3781768,47.4238931],[12.3783163,47.4240642],[12.3786053,47.4242125],[12.3790382,47.4243403],[12.3796605,47.4244631],[12.3799274,47.4244627],[12.3803341,47.4244969],[12.3804155,47.424501],[12.3806866,47.4245629],[12.3811069,47.4246968],[12.3814815,47.4249111],[12.3816308,47.4250595],[12.3817861,47.4253047],[12.3821194,47.4258087],[12.3823557,47.4261661],[12.38254,47.4263539],[12.3826699,47.4263967],[12.382799,47.4263938],[12.3829428,47.4262877],[12.3832498,47.4259928],[12.3837657,47.4256388],[12.3840273,47.4254465],[12.3841725,47.4254277],[12.3844017,47.4254657],[12.3845225,47.4255723],[12.3847256,47.4259763],[12.3848328,47.4260427],[12.3850367,47.4260896],[12.3854503,47.4260345],[12.3859657,47.426],[12.3863323,47.4260061],[12.386897,47.4261071],[12.3869668,47.4261047],[12.3870095,47.4260766],[12.3870135,47.4258417],[12.3868821,47.425626],[12.3866624,47.4254599],[12.3864938,47.4249502],[12.3864421,47.4248788],[12.3861126,47.4246384],[12.3860759,47.4245588],[12.3860974,47.4245121],[12.3861675,47.4244874],[12.3862832,47.4245368],[12.3863868,47.4246337],[12.387149,47.4250437],[12.3876218,47.4253874],[12.3879112,47.4257026],[12.3882249,47.4258902],[12.388333,47.4260282],[12.3887504,47.4267967],[12.3890175,47.4271172],[12.389424,47.4278793],[12.3898382,47.4283875],[12.38992,47.4285153],[12.3899803,47.4286697],[12.3900492,47.4289859],[12.3901397,47.4294346],[12.3901784,47.4298921],[12.3901397,47.4300699],[12.3898941,47.4304225],[12.3897681,47.4305631],[12.3894198,47.4308516],[12.3892001,47.4310056],[12.3888498,47.4312323],[12.3885513,47.4315547],[12.3883107,47.4318205],[12.3882655,47.4319546],[12.388244,47.4325891],[12.3881578,47.4327081],[12.3880535,47.432772],[12.3874924,47.4329902],[12.3863522,47.4335467],[12.3849409,47.4341473],[12.3845015,47.4344145],[12.3843558,47.4345048],[12.3840973,47.434665],[12.3838183,47.4348078],[12.3833322,47.4349037],[12.3828707,47.4349309],[12.3825018,47.4350169],[12.382415,47.4351892],[12.3824431,47.4353313],[12.3824657,47.4354452],[12.3825693,47.4356202],[12.3828099,47.4357395],[12.3829786,47.4357688],[12.3832135,47.4357304],[12.3834076,47.43568],[12.3836703,47.435674],[12.3842373,47.4358342],[12.3846856,47.4360097],[12.3851767,47.4361821],[12.385345,47.4362719],[12.3856354,47.4364268],[12.3859116,47.4366922],[12.3860026,47.4368901],[12.3859955,47.4370219],[12.385923,47.4371158],[12.3857676,47.4371941]]}},{"type":"Feature","id":150132241,"properties":{"kind":"run","name":"Brunn","subtype":"easy","pisteType":"downhill","featured":false},"geometry":{"type":"LineString","coordinates":[[12.361181,47.40117],[12.3609658,47.4015379],[12.3608167,47.4017517],[12.3606265,47.4020287],[12.3604781,47.4021538],[12.3602138,47.4021681],[12.3599761,47.4021252],[12.3597929,47.4021488],[12.3595829,47.4021884],[12.3594443,47.4022591],[12.3594139,47.4025615],[12.3592239,47.402897],[12.3586663,47.4031927],[12.358422,47.4033004],[12.3578485,47.4035143],[12.3573132,47.4036054],[12.3563755,47.4037059],[12.3555172,47.4037639],[12.354975,47.4037833],[12.3547695,47.4037627],[12.3545245,47.4036881],[12.3538652,47.4034246],[12.3534207,47.4032771],[12.3530656,47.4032209],[12.3525978,47.4031807],[12.3520949,47.4030758],[12.3515762,47.4029714],[12.3505798,47.4028671],[12.350138,47.4028443],[12.3495704,47.4028394],[12.3489283,47.4028219],[12.3484224,47.4027086],[12.348057,47.4025239],[12.3475823,47.4022615],[12.3472871,47.402197],[12.3456151,47.4020968],[12.3446997,47.4020195],[12.3437895,47.4017977],[12.3435468,47.4017753],[12.3433493,47.4018054],[12.3427549,47.4020238],[12.3407605,47.4024298],[12.3402634,47.4024509],[12.3396669,47.4025778],[12.3393149,47.4025524],[12.339075,47.4024903],[12.3388379,47.4023741],[12.3385751,47.4022315],[12.3382526,47.4021373],[12.337939,47.4021153],[12.3376158,47.4021463],[12.3372763,47.4022304],[12.336895,47.4023118],[12.3363448,47.4024027],[12.3360571,47.402273],[12.3360019,47.4022273],[12.335988,47.4021666],[12.3360252,47.4021212],[12.3361204,47.4020983]]}},{"type":"Feature","id":150132245,"properties":{"kind":"lift","name":"Starthaus","subtype":"magic_carpet","status":"active"},"geometry":{"type":"LineString","coordinates":[[12.371554,47.4263659],[12.3709218,47.4258976]]}},{"type":"Feature","id":150132246,"properties":{"kind":"run","name":"Obwiesen","subtype":"advanced","pisteType":"downhill","featured":false},"geometry":{"type":"LineString","coordinates":[[12.3340227,47.4291518],[12.3335542,47.4291715],[12.3330664,47.4291611],[12.3322083,47.4291361],[12.331534,47.4290654],[12.3308899,47.4288901],[12.3300858,47.428445],[12.3297447,47.4283461],[12.3292086,47.4284862],[12.3290624,47.4295742],[12.3290552,47.4296596],[12.3291088,47.4298993],[12.3292318,47.4303622],[12.3292954,47.4306229],[12.3294234,47.4310886],[12.329461,47.4313059],[12.3293983,47.4314334],[12.3286795,47.4311986],[12.3280886,47.4308029],[12.3280094,47.4307576],[12.3274916,47.4307494],[12.3264621,47.4305887],[12.3260235,47.4304321],[12.3254509,47.4300694],[12.3251707,47.4299128],[12.3243666,47.4296656],[12.3236112,47.4296738],[12.3227584,47.4297892],[12.321869,47.4296903],[12.3201268,47.4291546],[12.319213,47.4290557],[12.3189084,47.429204],[12.3187744,47.429443],[12.3186405,47.4296408],[12.3187461,47.4299686],[12.3187009,47.4302061],[12.3185092,47.4303678],[12.3183196,47.4304713],[12.3181473,47.4304829],[12.3180009,47.4304596],[12.3172966,47.4303387]]}},{"type":"Feature","id":150132247,"properties":{"kind":"lift","name":"Walde","subtype":"chair_lift","status":"active"},"geometry":{"type":"LineString","coordinates":[[12.3654112,47.4278422],[12.3654336,47.4275869],[12.3654617,47.4272662],[12.3656046,47.4256378],[12.3657251,47.4242641],[12.3657659,47.4237993]]}},{"type":"Feature","id":156335491,"properties":{"kind":"lift","name":"Gaisberg","subtype":"chair_lift","status":"active"},"geometry":{"type":"LineString","coordinates":[[12.316406,47.4412701],[12.3154029,47.440802],[12.3141625,47.4402232],[12.3125816,47.4394855],[12.3106801,47.4385982],[12.3098027,47.4381887],[12.3085906,47.4376231],[12.3047786,47.4358441],[12.3037254,47.4353526],[12.3020926,47.4345906],[12.3005773,47.4338835],[12.3001727,47.4336946]]}},{"type":"Feature","id":156335495,"properties":{"kind":"lift","name":"Hahnenkammbahn","subtype":"gondola","status":"active"},"geometry":{"type":"LineString","coordinates":[[12.3893632,47.4432306],[12.3872771,47.4411972],[12.3855866,47.4395493],[12.384106,47.4381431],[12.3816528,47.4357573],[12.3801058,47.4342118],[12.37831,47.4324579],[12.376943,47.4311162],[12.3749828,47.4292105],[12.3740962,47.4283474],[12.3729985,47.4272502],[12.3725198,47.4268104]]}},{"type":"Feature","id":157595350,"properties":{"kind":"lift","name":"Usterkar","subtype":"t-bar","status":"active"},"geometry":{"type":"LineString","coordinates":[[12.3434655,47.3865963],[12.3459274,47.3889269],[12.3461748,47.3891611]]}},{"type":"Feature","id":157595351,"properties":{"kind":"lift","name":"Kasereck","subtype":"chair_lift","status":"active"},"geometry":{"type":"LineString","coordinates":[[12.3569236,47.3939027],[12.3566663,47.393809],[12.3565746,47.3937724],[12.3557246,47.3934333],[12.3539276,47.3927162],[12.3528902,47.3923023],[12.3511507,47.3916082],[12.3493796,47.3909015],[12.3490897,47.3907858],[12.3487691,47.3906567]]}},{"type":"Feature","id":157595352,"properties":{"kind":"lift","name":"Silberstube","subtype":"chair_lift","status":"active"},"geometry":{"type":"LineString","coordinates":[[12.3569249,47.3944628],[12.3567856,47.3946112],[12.3563698,47.3950539],[12.3558409,47.395617],[12.3554887,47.395992],[12.354455,47.3970927],[12.3539312,47.3976504],[12.3532705,47.3983538],[12.3532394,47.3983868],[12.3529597,47.3986833]]}},{"type":"Feature","id":183009202,"properties":{"kind":"run","name":"Streif-Rennstrecke","subtype":"expert","pisteType":"downhill","featured":true},"geometry":{"type":"LineString","coordinates":[[12.3700529,47.4341645],[12.3707301,47.4352989],[12.3708048,47.4355221],[12.3708348,47.4360707],[12.3709441,47.4364129],[12.3710922,47.4366819],[12.3712856,47.4369596],[12.3715338,47.4371954]]}},{"type":"Feature","id":198903416,"properties":{"kind":"run","name":"Kaser-Nord","subtype":"intermediate","pisteType":"downhill","featured":false},"geometry":{"type":"LineString","coordinates":[[12.3550586,47.4159018],[12.3537804,47.4164936],[12.3534855,47.416707],[12.3529493,47.4170319],[12.3527162,47.4171731],[12.3523644,47.4175873],[12.3521669,47.417726],[12.3519652,47.4178777],[12.3509172,47.4181727],[12.350294,47.4184294],[12.3498181,47.4185214],[12.3496012,47.4186444],[12.3492566,47.4189705],[12.34908,47.4190863],[12.3487322,47.4191963],[12.3484545,47.4192256],[12.3480174,47.4193099],[12.347685,47.4192815],[12.3474622,47.4191417],[12.3471943,47.4190085],[12.3470698,47.4189994],[12.3469452,47.419023],[12.3467083,47.4191381],[12.3465125,47.4193586],[12.3464943,47.4194973],[12.346508,47.4196017],[12.3466477,47.4197307],[12.3468516,47.4198055],[12.3469522,47.4198493],[12.3470029,47.4198885],[12.3469934,47.4199554],[12.3467195,47.4202229],[12.346543,47.4204077],[12.3463882,47.4205793],[12.3461898,47.4207623],[12.3455924,47.4209332],[12.3450561,47.421138],[12.3441336,47.4215238],[12.342974,47.4219096],[12.3417056,47.4223517],[12.3410073,47.4226074],[12.3405196,47.4228148],[12.3402679,47.4230233],[12.3399419,47.4233496],[12.3394896,47.4236997],[12.3392739,47.4238038],[12.3390381,47.4238635],[12.3388141,47.423849],[12.3386588,47.423777],[12.3385436,47.4236771],[12.3383322,47.4235406],[12.3381476,47.4234222],[12.3379065,47.4233899],[12.3376966,47.4233619],[12.3374686,47.4233798]]}},{"type":"Feature","id":198903417,"properties":{"kind":"run","name":"Kaser","subtype":"advanced","pisteType":"downhill","featured":false},"geometry":{"type":"LineString","coordinates":[[12.3351055,47.4280614],[12.3349382,47.4282514],[12.3347082,47.4284607],[12.3340227,47.4291518]]}},{"type":"Feature","id":198903418,"properties":{"kind":"lift","name":"Ochsalm","subtype":"chair_lift","status":"active"},"geometry":{"type":"LineString","coordinates":[[12.3430008,47.4187715],[12.3440974,47.4186904],[12.3447673,47.4186409],[12.3469485,47.4184797],[12.3481934,47.4183876],[12.3499333,47.4182591],[12.3500656,47.4182493],[12.3501438,47.4182435],[12.3529009,47.4180397],[12.3533716,47.4180049],[12.3551889,47.4178705],[12.3564916,47.4177742],[12.3573954,47.4177074],[12.3578731,47.4176821]]}},{"type":"Feature","id":210482337,"properties":{"kind":"run","name":"Mapped ski run","subtype":"unknown","pisteType":"sled","featured":false},"geometry":{"type":"LineString","coordinates":[[12.3074652,47.4431726],[12.3076659,47.4431201]]}},{"type":"Feature","id":226684568,"properties":{"kind":"run","name":"Mapped ski run","subtype":"easy","pisteType":"nordic","featured":false},"geometry":{"type":"LineString","coordinates":[[12.3467294,47.4572813],[12.3467133,47.4572749],[12.3465884,47.4572248],[12.3464586,47.4571627],[12.3462835,47.4570949],[12.3460127,47.456967],[12.34557,47.4567645],[12.3453067,47.4566443],[12.3450437,47.4565292],[12.3448626,47.4564488],[12.3446921,47.4563892]]}},{"type":"Feature","id":226684574,"properties":{"kind":"run","name":"Mapped ski run","subtype":"easy","pisteType":"nordic","featured":false},"geometry":{"type":"LineString","coordinates":[[12.3477143,47.4579608],[12.3479171,47.4579801],[12.3482207,47.4580755],[12.3484709,47.458156],[12.3487069,47.4581663],[12.3489046,47.458174],[12.3490216,47.4581785],[12.3492698,47.458201],[12.349648,47.4582154],[12.3497797,47.4582204]]}},{"type":"Feature","id":228965359,"properties":{"kind":"lift","name":"Goods","subtype":"goods","status":"active"},"geometry":{"type":"LineString","coordinates":[[12.3774394,47.4386832],[12.3777112,47.4387102],[12.381201,47.4390701],[12.3832516,47.439306],[12.3841768,47.4393879]]}},{"type":"Feature","id":229219551,"properties":{"kind":"run","name":"Streif-Rennstrecke","subtype":"expert","pisteType":"downhill","featured":true},"geometry":{"type":"LineString","coordinates":[[12.3716364,47.4263784],[12.3714678,47.4264378],[12.3713126,47.4265191],[12.3711757,47.4266278],[12.3710359,47.4267511],[12.3709525,47.4268447],[12.370907,47.4269475],[12.3708993,47.4270167]]}},{"type":"Feature","id":229219552,"properties":{"kind":"run","name":"Streif Familienabfahrt","subtype":"intermediate","pisteType":"downhill","featured":true},"geometry":{"type":"LineString","coordinates":[[12.3700529,47.4341645],[12.3698607,47.43465],[12.3697284,47.4348375],[12.369603,47.4350744],[12.3695364,47.4352809],[12.3695252,47.4353135],[12.3694785,47.4354939],[12.3695125,47.4357263],[12.3694705,47.4359838],[12.3694309,47.4362301],[12.3694067,47.4363333],[12.3694094,47.4364125],[12.3694348,47.4364789],[12.3695325,47.4366208],[12.3697846,47.4368622],[12.3701211,47.4370017],[12.370395,47.437096],[12.370557,47.43714],[12.3706732,47.4371529],[12.3708301,47.4371454],[12.3709714,47.4370917],[12.3710252,47.4370304],[12.3710483,47.4369388],[12.3710541,47.4367849],[12.3710922,47.4366819],[12.3711712,47.4365696],[12.3712843,47.4364893],[12.3715193,47.436436],[12.3717364,47.4364186],[12.3720472,47.4364592],[12.3724224,47.436629],[12.3728873,47.4369994],[12.3729202,47.4370407],[12.3732612,47.4374689],[12.3733591,47.4377558]]}},{"type":"Feature","id":229220044,"properties":{"kind":"run","name":"Streif-Rennstrecke","subtype":"expert","pisteType":"downhill","featured":true},"geometry":{"type":"LineString","coordinates":[[12.3680372,47.4279751],[12.3678714,47.4280099],[12.3677632,47.4280756],[12.3677218,47.428187],[12.3677421,47.4282968],[12.3678424,47.4284497],[12.3679907,47.4285492],[12.3681376,47.4286544],[12.3681561,47.4287247],[12.3681139,47.4287743],[12.3680268,47.4288129],[12.3676645,47.4289078],[12.3674644,47.4289994],[12.3673399,47.4290865],[12.3672588,47.4291936],[12.3672055,47.4292991],[12.3671921,47.4293921],[12.3672094,47.429484],[12.3672417,47.4295376],[12.3673176,47.4296086],[12.367472,47.4297262],[12.3676301,47.4298041],[12.3678623,47.4299185],[12.3684669,47.4302615],[12.3690957,47.4306527],[12.3699513,47.4312504]]}},{"type":"Feature","id":229220048,"properties":{"kind":"run","name":"Streif-Rennstrecke","subtype":"expert","pisteType":"downhill","featured":true},"geometry":{"type":"LineString","coordinates":[[12.3708993,47.4270167],[12.370913,47.4270719],[12.3709098,47.4271406],[12.3708823,47.427211],[12.3708154,47.4272805],[12.3705877,47.4274686],[12.3704222,47.427606],[12.3702267,47.4277954],[12.3700438,47.4279349],[12.3698811,47.4280265],[12.3696771,47.4280882],[12.3693997,47.428137],[12.3691763,47.4281646],[12.3688625,47.4281704]]}},{"type":"Feature","id":229220049,"properties":{"kind":"run","name":"Streif Familienabfahrt","subtype":"intermediate","pisteType":"downhill","featured":true},"geometry":{"type":"LineString","coordinates":[[12.3699513,47.4312504],[12.3702104,47.4314528],[12.370331,47.431566],[12.3704268,47.4316881],[12.3705059,47.4318274],[12.3705506,47.4319736],[12.370572,47.4322566],[12.3705418,47.432658],[12.3705249,47.4327491],[12.3704956,47.4328456],[12.370447,47.4329402],[12.3700364,47.43348],[12.370008,47.4335489],[12.3700014,47.4336043],[12.3700057,47.4337139],[12.3700529,47.4341645]]}},{"type":"Feature","id":246543211,"properties":{"kind":"run","name":"Mapped ski run","subtype":"intermediate","pisteType":"nordic","featured":false},"geometry":{"type":"LineString","coordinates":[[12.340836,47.4667019],[12.3408202,47.4667355]]}},{"type":"Feature","id":246543212,"properties":{"kind":"run","name":"Mapped ski run","subtype":"intermediate","pisteType":"nordic","featured":false},"geometry":{"type":"LineString","coordinates":[[12.3408641,47.4666317],[12.340836,47.4667019]]}},{"type":"Feature","id":246543213,"properties":{"kind":"run","name":"Mapped ski run","subtype":"intermediate","pisteType":"nordic","featured":false},"geometry":{"type":"LineString","coordinates":[[12.3408787,47.466569],[12.3408641,47.4666317]]}},{"type":"Feature","id":247225894,"properties":{"kind":"run","name":"Mapped ski run","subtype":"intermediate","pisteType":"nordic","featured":false},"geometry":{"type":"LineString","coordinates":[[12.3451365,47.4588116],[12.3450661,47.458841]]}},{"type":"Feature","id":248126492,"properties":{"kind":"run","name":"Mapped ski run","subtype":"easy","pisteType":"nordic","featured":false},"geometry":{"type":"LineString","coordinates":[[12.3431262,47.4564359],[12.3432747,47.4565478],[12.3433772,47.4566406],[12.3434422,47.4566995],[12.3435429,47.4568107],[12.3437333,47.4570446],[12.3438559,47.457203],[12.3438713,47.4572202],[12.34398,47.4573418],[12.3441133,47.4575157],[12.3441919,47.4576197],[12.3444037,47.4579487],[12.3444357,47.458027]]}},{"type":"Feature","id":305386920,"properties":{"kind":"lift","name":"Hausleiten","subtype":"t-bar","status":"active"},"geometry":{"type":"LineString","coordinates":[[12.4173255,47.3833387],[12.4170252,47.3831213],[12.4159742,47.3823603],[12.4154512,47.3819815],[12.4142837,47.3811361],[12.4130657,47.3802541],[12.4129654,47.3801815],[12.4126039,47.3799197]]}},{"type":"Feature","id":306018804,"properties":{"kind":"lift","name":"Mocking","subtype":"magic_carpet","status":"active"},"geometry":{"type":"LineString","coordinates":[[12.3865911,47.4435179],[12.3855754,47.4422342],[12.385504,47.442144]]}},{"type":"Feature","id":306018805,"properties":{"kind":"lift","name":"Rasmusleiten","subtype":"t-bar","status":"active"},"geometry":{"type":"LineString","coordinates":[[12.3861247,47.4433882],[12.3829341,47.4409814],[12.3825802,47.440714]]}},{"type":"Feature","id":311339389,"properties":{"kind":"run","name":"Pengelstein Süd","subtype":"intermediate","pisteType":"downhill","featured":false},"geometry":{"type":"LineString","coordinates":[[12.4107072,47.3871685],[12.4108908,47.3871841]]}},{"type":"Feature","id":311339391,"properties":{"kind":"run","name":"Pengelstein Süd","subtype":"intermediate","pisteType":"downhill","featured":false},"geometry":{"type":"LineString","coordinates":[[12.4108908,47.3871841],[12.4109258,47.3871925],[12.4109675,47.3872094],[12.4111643,47.3872953],[12.4113475,47.3874111],[12.4114094,47.3874382],[12.4114957,47.3874637],[12.4116808,47.3874927],[12.411804,47.3875199],[12.4118776,47.3875422],[12.4119368,47.3875665],[12.41199,47.3876127],[12.41205,47.3876708],[12.4121683,47.3877854],[12.4122447,47.3878487],[12.4123141,47.3878922],[12.4123973,47.3879297],[12.4124721,47.3879545],[12.4125726,47.3879744],[12.4126716,47.3879791],[12.4127829,47.3879667],[12.4128779,47.387946],[12.413109,47.3878894],[12.4133585,47.3878191],[12.4136121,47.3877787],[12.4136386,47.3877774],[12.4137381,47.3877724],[12.413844,47.387786],[12.413977,47.3877963],[12.4140677,47.3878005],[12.4141385,47.3877971],[12.4142843,47.3877914],[12.414433,47.3877752],[12.4146111,47.387747],[12.4147216,47.3877415],[12.4147752,47.3877388],[12.4149263,47.3877379],[12.4150631,47.3877288],[12.4152212,47.3876863],[12.4153391,47.3876218],[12.4154547,47.3875654],[12.4155309,47.3875399],[12.4155624,47.3875346],[12.4156075,47.3875373],[12.415757,47.3875519],[12.4158948,47.387559],[12.416045,47.3875711]]}},{"type":"Feature","id":318839613,"properties":{"kind":"run","name":"Asten","subtype":"easy","pisteType":"downhill","featured":false},"geometry":{"type":"LineString","coordinates":[[12.3857676,47.4371941],[12.3855314,47.4372837]]}},{"type":"Feature","id":318839614,"properties":{"kind":"run","name":"Asten","subtype":"easy","pisteType":"downhill","featured":false},"geometry":{"type":"LineString","coordinates":[[12.3855314,47.4372837],[12.3855035,47.4373481],[12.3855131,47.4374223],[12.3854813,47.4375732],[12.3854752,47.4377091],[12.3855483,47.4379522],[12.3855483,47.4380511],[12.385463,47.4381418],[12.3853392,47.4382758],[12.3852972,47.4383376],[12.3852458,47.4384248],[12.3851892,47.4387707],[12.3853106,47.4391542],[12.385499,47.43973],[12.3854849,47.4400266],[12.3855309,47.4401793],[12.3856438,47.4402942],[12.385844,47.4403846],[12.3862747,47.4404185],[12.3866171,47.4403879],[12.3870371,47.440468],[12.3873408,47.4406559],[12.3874958,47.4409283],[12.3876832,47.4415955],[12.3882927,47.4422335],[12.3883121,47.4423515],[12.3882841,47.4424228],[12.388185,47.442567],[12.3881167,47.4426911],[12.3881156,47.442749],[12.3881833,47.4428197],[12.388516,47.4430202],[12.3887718,47.4431744],[12.3888309,47.4431894],[12.3893632,47.4432306]]}},{"type":"Feature","id":319921373,"properties":{"kind":"run","name":"Streif Familienabfahrt","subtype":"intermediate","pisteType":"downhill","featured":true},"geometry":{"type":"LineString","coordinates":[[12.3678588,47.4264921],[12.3679747,47.4265628],[12.3684729,47.4270441],[12.3684604,47.4271183],[12.3683665,47.4272275],[12.3681925,47.4273384],[12.3679845,47.4274144],[12.3677102,47.4274981],[12.3674836,47.4275583],[12.3670721,47.427634],[12.3669337,47.4276513],[12.3666628,47.4276827],[12.3661295,47.4277905],[12.3659779,47.4278605],[12.3659084,47.4279212],[12.3658757,47.4279554],[12.3658441,47.4279995],[12.3658326,47.4280256],[12.3658045,47.4280929],[12.3657637,47.4281484],[12.365696,47.4282012],[12.3656249,47.4282459],[12.3655572,47.4282637],[12.3655241,47.4282666],[12.3654911,47.4282529],[12.3654367,47.4282125],[12.3653727,47.4281346],[12.3653034,47.4280415],[12.3652303,47.4279483],[12.3651829,47.4278879],[12.3650656,47.42774],[12.3650187,47.4276982],[12.3649771,47.4276643],[12.3649164,47.4276376],[12.3648513,47.4276383],[12.3648012,47.4276643],[12.3647788,47.4277191],[12.3647959,47.4277783],[12.3648289,47.4278432],[12.3648673,47.4278987],[12.3648897,47.4280033],[12.3649228,47.4282082],[12.365087,47.4286669],[12.3651424,47.4287261],[12.3652266,47.4287665],[12.3653546,47.4287917],[12.3654879,47.4288004],[12.3656798,47.4288004],[12.3657342,47.4288004],[12.3657896,47.4288112],[12.3658141,47.428835],[12.3657896,47.4288725],[12.3657235,47.428905],[12.3656425,47.428936],[12.3655209,47.4289677],[12.365361,47.4289937],[12.3652533,47.4290038],[12.3652021,47.4290023],[12.3651286,47.4289908],[12.3650262,47.4289728],[12.3649516,47.4289425],[12.3648972,47.4289136],[12.3647799,47.4288148],[12.3646487,47.4286756],[12.3646146,47.4286532],[12.3645645,47.4286381],[12.3644941,47.4286388],[12.3644334,47.4286619],[12.3644184,47.4287015],[12.3644334,47.4287362],[12.3644632,47.4287867],[12.3645059,47.4288451],[12.3645464,47.4289057],[12.3646029,47.428972],[12.3646893,47.4290449],[12.3647746,47.4291163],[12.3648289,47.4291632],[12.3648609,47.4292007],[12.3648695,47.4292418],[12.3648375,47.4292836],[12.3647703,47.4293197],[12.3647181,47.4293327],[12.3646519,47.4293262],[12.3645976,47.4293046],[12.3645475,47.4292671],[12.3645048,47.4292245],[12.3644579,47.4291827],[12.364395,47.4291329],[12.3643289,47.4291177],[12.3642734,47.4291257],[12.364251,47.4291574],[12.364251,47.4292036],[12.3642606,47.4292483],[12.364298,47.4293183],[12.364363,47.4294063],[12.364412,47.429451],[12.3644813,47.4294777],[12.364604,47.429508],[12.3648119,47.4295267],[12.3651264,47.4295419],[12.3653109,47.429544],[12.3656638,47.4295455],[12.3659815,47.4295296],[12.3662001,47.429521],[12.3663323,47.4295498],[12.3664496,47.4295888],[12.3665872,47.4296616],[12.3667951,47.4298297],[12.3670158,47.4299234],[12.3676243,47.4301265],[12.3682633,47.4303461],[12.3692196,47.4308632],[12.3694064,47.4309928],[12.3699513,47.4312504]]}},{"type":"Feature","id":319921374,"properties":{"kind":"run","name":"Walde","subtype":"easy","pisteType":"downhill","featured":false},"geometry":{"type":"LineString","coordinates":[[12.3680372,47.4279751],[12.3675022,47.4278184],[12.3670103,47.4277355],[12.366785,47.4277267],[12.3665727,47.4277484],[12.3661531,47.4278101],[12.3659779,47.4278605],[12.3658004,47.4279026],[12.3656613,47.427909],[12.3655509,47.4278972],[12.3654601,47.4278829],[12.3654112,47.4278422]]}},{"type":"Feature","id":319923954,"properties":{"kind":"run","name":"Streif Familienabfahrt","subtype":"intermediate","pisteType":"downhill","featured":true},"geometry":{"type":"LineString","coordinates":[[12.3699513,47.4312504],[12.3698363,47.4315712],[12.369838,47.4319468],[12.3698847,47.4322338],[12.3699126,47.4326272],[12.3696949,47.4329979],[12.3694864,47.4332708],[12.3693414,47.4335841],[12.3692256,47.4338334],[12.3691218,47.434156],[12.3689689,47.4345619],[12.3689424,47.4347106],[12.3689054,47.4349178],[12.3688911,47.4350609],[12.3688511,47.435125],[12.3687344,47.4353041],[12.3686739,47.4353942],[12.36851,47.4356433],[12.3683918,47.4359856],[12.3684119,47.4361631],[12.3685337,47.4363514],[12.3687525,47.4364851],[12.3691639,47.4366596],[12.3694139,47.4367324],[12.3697846,47.4368622]]}},{"type":"Feature","id":319923956,"properties":{"kind":"run","name":"Seidlalmhang","subtype":"advanced","pisteType":"downhill","featured":false},"geometry":{"type":"LineString","coordinates":[[12.3708301,47.4371454],[12.371009,47.4372788],[12.3711587,47.437412],[12.3712921,47.4375767],[12.3714277,47.4377769],[12.3714995,47.4379682],[12.3715069,47.4380724],[12.3715118,47.4381409],[12.3714643,47.4383892],[12.3714442,47.4385869],[12.3714746,47.4386705],[12.3715463,47.43874],[12.3719236,47.438876],[12.3726357,47.439131]]}},{"type":"Feature","id":319923958,"properties":{"kind":"run","name":"Waldehang","subtype":"advanced","pisteType":"downhill","featured":false},"geometry":{"type":"LineString","coordinates":[[12.3681855,47.4254582],[12.3681322,47.4255611],[12.3680769,47.4256418],[12.367984,47.4257773],[12.3678628,47.4259861],[12.3676202,47.4262914],[12.3673462,47.4265605],[12.3669943,47.4267837],[12.3666272,47.427071],[12.3662457,47.4274622],[12.3660068,47.427825],[12.3659779,47.4278605]]}},{"type":"Feature","id":319923961,"properties":{"kind":"run","name":"Rasmusleiten","subtype":"novice","pisteType":"downhill","featured":false},"geometry":{"type":"LineString","coordinates":[[12.3829341,47.4409814],[12.3828645,47.4410423],[12.3827871,47.4411143],[12.3827623,47.4411906],[12.3827392,47.4412678],[12.3827913,47.4412873],[12.3828768,47.4413014],[12.3829603,47.4413086],[12.3831696,47.4412848],[12.3834241,47.4412196],[12.3836013,47.4411989],[12.3837573,47.4412212],[12.3840081,47.4412891],[12.3845476,47.4415186],[12.3846695,47.4415571],[12.3847914,47.4415689],[12.3850782,47.4415276],[12.3852752,47.4415182],[12.3854637,47.4415259],[12.3856145,47.4415904],[12.3858286,47.4417801],[12.3861046,47.4420668]]}},{"type":"Feature","id":319923965,"properties":{"kind":"run","name":"Rasmusleiten","subtype":"novice","pisteType":"downhill","featured":false},"geometry":{"type":"LineString","coordinates":[[12.3828539,47.4414853],[12.3829268,47.4416599],[12.3830653,47.4417193],[12.3841735,47.4420026],[12.3849169,47.4426082],[12.3859162,47.4433316],[12.3862435,47.4435418],[12.386624,47.4438533],[12.3868586,47.444039],[12.3871424,47.4443079],[12.3870805,47.4444481],[12.3868367,47.4446573],[12.386633,47.4447483],[12.3862873,47.444645],[12.3860981,47.4445564],[12.3855414,47.4440962],[12.3855451,47.4440938],[12.3851608,47.4437863],[12.3849866,47.443678],[12.3847048,47.4435788],[12.3843967,47.4434855],[12.3839264,47.4433125],[12.383419,47.4430363],[12.3829281,47.4428355],[12.3825857,47.442615],[12.3819917,47.44223],[12.381892,47.4421595],[12.3818784,47.4420773],[12.3819207,47.4420208],[12.3821449,47.4418948],[12.3824306,47.4416994],[12.382601,47.4415639],[12.3828539,47.4414853]]}},{"type":"Feature","id":319925860,"properties":{"kind":"run","name":"Verbindung - Hausleiten","subtype":"easy","pisteType":"downhill","featured":false},"geometry":{"type":"LineString","coordinates":[[12.4129654,47.3801815],[12.4132427,47.3801298],[12.4137041,47.3801279],[12.4141605,47.3802153],[12.414694,47.3804609],[12.4158515,47.3814],[12.416721,47.3823572],[12.4172491,47.3830073],[12.4172969,47.3831619],[12.4173013,47.3832261],[12.4173255,47.3833387]]}},{"type":"Feature","id":319925862,"properties":{"kind":"run","name":"Verbindung - Hausleiten","subtype":"easy","pisteType":"downhill","featured":false},"geometry":{"type":"LineString","coordinates":[[12.4129654,47.3801815],[12.4133177,47.3803345],[12.4145179,47.3811977],[12.4155688,47.3819779],[12.4168544,47.3829206],[12.4173013,47.3832261],[12.4173078,47.3830795],[12.4173451,47.3829423],[12.4175318,47.3824258],[12.4174465,47.3818912],[12.4171157,47.3812339],[12.416593,47.3807499],[12.4161502,47.3803056],[12.4159733,47.3800631],[12.4156484,47.3798905],[12.4151966,47.3798299],[12.4144264,47.3797911],[12.4138682,47.3798245],[12.4135009,47.3799383],[12.4129654,47.3801815]]}},{"type":"Feature","id":320040031,"properties":{"kind":"run","name":"Kaser","subtype":"easy","pisteType":"downhill","featured":false},"geometry":{"type":"LineString","coordinates":[[12.3459041,47.419751],[12.3459374,47.4196902],[12.3459089,47.4196346],[12.3458174,47.4195954],[12.3455969,47.4195436],[12.3454279,47.4195118],[12.3453316,47.419466],[12.3452541,47.4194292],[12.3451884,47.4193497],[12.3451649,47.4191877],[12.3452289,47.4190406],[12.3453442,47.4188619],[12.3454633,47.4186376],[12.3455657,47.4184972],[12.3459494,47.4181723],[12.3461658,47.4179645],[12.3463249,47.4177646],[12.3464871,47.4175374],[12.3465241,47.4174633],[12.3464654,47.4173485],[12.3463637,47.4172586],[12.3462196,47.4171446],[12.3460759,47.4170891],[12.3453364,47.4169522]]}},{"type":"Feature","id":320430167,"properties":{"kind":"run","name":"Streif-Rennstrecke (nur während Rennen präpariert)","subtype":"expert","pisteType":"downhill","featured":true},"geometry":{"type":"LineString","coordinates":[[12.3786624,47.4397741],[12.3788406,47.4397981],[12.3789301,47.4397897],[12.3790278,47.4397806],[12.379233,47.4396836],[12.3795035,47.4394875],[12.3797567,47.4393978],[12.3798827,47.4394081],[12.3800079,47.4394184],[12.3802305,47.4395318],[12.3805973,47.4398904],[12.3808229,47.4402413],[12.3808877,47.4405121],[12.3808893,47.440588],[12.3808934,47.4407791],[12.3809372,47.4409726],[12.3811232,47.4411943],[12.3813359,47.4413874],[12.3814653,47.4414818],[12.3816507,47.441617],[12.3819933,47.4418263],[12.3821449,47.4418948]]}},{"type":"Feature","id":320431348,"properties":{"kind":"run","name":"Mapped ski run","subtype":"easy","pisteType":"downhill","featured":false},"geometry":{"type":"LineString","coordinates":[[12.3465745,47.3895412],[12.3466364,47.3895326],[12.3469255,47.3894923],[12.3469809,47.3894441],[12.3468723,47.3893442],[12.3469532,47.3892365]]}},{"type":"Feature","id":320431350,"properties":{"kind":"run","name":"Kasereck","subtype":"easy","pisteType":"downhill","featured":false},"geometry":{"type":"LineString","coordinates":[[12.3465745,47.3895412],[12.3465702,47.3897161],[12.3467866,47.3900197]]}},{"type":"Feature","id":325184322,"properties":{"kind":"run","name":"Gaisberg","subtype":"intermediate","pisteType":"downhill","featured":false},"geometry":{"type":"LineString","coordinates":[[12.3001727,47.4336946],[12.3000615,47.433677],[12.3000438,47.4337036],[12.3000514,47.4337433],[12.3000691,47.4337794],[12.3002209,47.4339622],[12.3003375,47.434104],[12.3006447,47.434273],[12.3015818,47.434557],[12.3022682,47.4347987],[12.3038043,47.4353217],[12.3047676,47.4356721],[12.3056052,47.4360018],[12.3061634,47.436193],[12.3064087,47.4362469],[12.3074383,47.4363604],[12.3080203,47.4364996],[12.3084945,47.4367354],[12.3086013,47.4369259],[12.3087047,47.4372043],[12.3087671,47.4374315],[12.3089326,47.4375812],[12.3091107,47.4376685],[12.3093612,47.437696],[12.3097581,47.4378279],[12.3101528,47.438063],[12.3105919,47.4384162],[12.3110731,47.4387217],[12.3118286,47.4392768],[12.3124623,47.4398267],[12.3130367,47.4400791],[12.3137461,47.4403363],[12.3143512,47.4405558],[12.3153347,47.440731],[12.3156523,47.4408093],[12.3159299,47.4409399],[12.3160419,47.4410033],[12.3163911,47.4411827],[12.316406,47.4412701]]}},{"type":"Feature","id":325184323,"properties":{"kind":"run","name":"Gaisberg","subtype":"advanced","pisteType":"downhill","featured":false},"geometry":{"type":"LineString","coordinates":[[12.3001727,47.4336946],[12.3001232,47.4336316],[12.3001293,47.4335771],[12.3001671,47.4335539],[12.3002367,47.4335434],[12.3002904,47.4335509],[12.3004142,47.4335898],[12.3009046,47.4338389],[12.3011822,47.4339812],[12.3013774,47.4340768],[12.3016701,47.4341947],[12.301968,47.4343134],[12.3022258,47.4344029],[12.3027407,47.434564],[12.303641,47.4348449],[12.3045539,47.4351243],[12.3056329,47.4352744],[12.3063284,47.4353079],[12.3067006,47.4353657],[12.3070119,47.4354111],[12.3077879,47.4356827],[12.3083677,47.4359391],[12.3092605,47.4365365],[12.3100547,47.437071],[12.3110354,47.4376816],[12.3119991,47.4382101],[12.3129587,47.4387551],[12.3137029,47.439135],[12.3144981,47.4394021],[12.3151727,47.4395702],[12.3154957,47.4397705],[12.3158243,47.4400779],[12.3159223,47.4403657],[12.3160419,47.4410033]]}},{"type":"Feature","id":325191555,"properties":{"kind":"run","name":"Fleck","subtype":"intermediate","pisteType":"downhill","featured":false},"geometry":{"type":"LineString","coordinates":[[12.3569823,47.4253504],[12.3566677,47.4257162],[12.3564014,47.4259847],[12.3558158,47.4263255],[12.3554528,47.4264955],[12.3551438,47.4266729],[12.3549761,47.4267938],[12.3548556,47.4269349],[12.3547177,47.4271592],[12.354459,47.4274287],[12.3541546,47.4276253],[12.353746,47.4278754],[12.3533948,47.4280999],[12.3530306,47.4283981],[12.3528116,47.4285747],[12.3525888,47.4286727],[12.3517304,47.4289564],[12.3513903,47.4291713],[12.3509035,47.429546],[12.3502082,47.4302029],[12.3492252,47.4310139],[12.3492067,47.4310915],[12.3492202,47.4312189],[12.349252,47.4312804],[12.3492672,47.4313273],[12.3491163,47.4315427],[12.3489011,47.4316441],[12.3486037,47.4318342],[12.3486119,47.4319468],[12.3486534,47.4320746],[12.3486761,47.4321166],[12.3487077,47.4321662],[12.3487087,47.4321964],[12.3486983,47.4322236],[12.3486668,47.4322542],[12.3484683,47.432343]]}},{"type":"Feature","id":325191973,"properties":{"kind":"run","name":"Kaser","subtype":"intermediate","pisteType":"downhill","featured":false},"geometry":{"type":"LineString","coordinates":[[12.3241884,47.4393439],[12.3238269,47.4395427],[12.3229849,47.4399873],[12.3221462,47.4402634],[12.3219498,47.4403281],[12.3209928,47.4405249],[12.3205309,47.4405296],[12.3201879,47.4404747],[12.3197046,47.4405533],[12.3192537,47.4405973],[12.318868,47.4405973]]}},{"type":"Feature","id":325289727,"properties":{"kind":"lift","name":"Trattalmulde","subtype":"magic_carpet","status":"active"},"geometry":{"type":"LineString","coordinates":[[12.4292153,47.4609402],[12.4288372,47.4599766]]}},{"type":"Feature","id":325289729,"properties":{"kind":"lift","name":"Sun Kid Horn","subtype":"magic_carpet","status":"active"},"geometry":{"type":"LineString","coordinates":[[12.4287457,47.4617862],[12.4284402,47.462067]]}},{"type":"Feature","id":325289730,"properties":{"kind":"run","name":"Trattalm","subtype":"novice","pisteType":"downhill","featured":false},"geometry":{"type":"LineString","coordinates":[[12.4288372,47.4599766],[12.4287241,47.4600794],[12.4286506,47.4601859],[12.4286016,47.4603231],[12.4286366,47.4603989],[12.4287325,47.4604701],[12.4288026,47.460516],[12.4288603,47.4606109],[12.4288991,47.4607751],[12.4288956,47.4608508],[12.4289341,47.4609052],[12.4290951,47.4609549],[12.4292153,47.4609402]]}},{"type":"Feature","id":325289732,"properties":{"kind":"run","name":"Trattalm","subtype":"novice","pisteType":"downhill","featured":false},"geometry":{"type":"LineString","coordinates":[[12.4288372,47.4599766],[12.4289726,47.4599966],[12.4290671,47.460025],[12.4290706,47.460025],[12.4292491,47.4601149],[12.4292876,47.4601551],[12.4293366,47.4602332],[12.4293296,47.4602971],[12.4292946,47.4603563],[12.4292759,47.4604308],[12.4292877,47.4605498],[12.4293751,47.4606402],[12.4294626,47.460697],[12.4294696,47.4607514],[12.4294696,47.4608153],[12.4294171,47.4608792],[12.4293191,47.4609289],[12.4292153,47.4609402]]}},{"type":"Feature","id":325289734,"properties":{"kind":"run","name":"Rote Teufel Trainingsstrecke","subtype":"intermediate","pisteType":"downhill","featured":false},"geometry":{"type":"LineString","coordinates":[[12.4338479,47.466487],[12.4337104,47.4660181],[12.4335036,47.4656751],[12.4333638,47.4654217],[12.4332871,47.4649692],[12.4332685,47.4647808],[12.4332983,47.4645469],[12.433256,47.4641549],[12.4330196,47.4636828],[12.4328417,47.4631699],[12.4326758,47.4626891],[12.4321068,47.4622162],[12.4315022,47.4618796],[12.4305349,47.4614804],[12.4301603,47.4614154],[12.4299094,47.4614151],[12.4298543,47.4614275],[12.4297255,47.4614564],[12.4296763,47.461495],[12.4296535,47.461546],[12.4296707,47.4616]]}},{"type":"Feature","id":325289741,"properties":{"kind":"run","name":"Brunellenfeld","subtype":"intermediate","pisteType":"downhill","featured":false},"geometry":{"type":"LineString","coordinates":[[12.4296586,47.4753549],[12.4298426,47.4752837],[12.4299902,47.4751221],[12.4300326,47.4749936],[12.4300619,47.4747321],[12.4299102,47.4742396],[12.4295053,47.4734653],[12.4293906,47.4731493],[12.429326,47.4728445],[12.4291274,47.4725888],[12.4290061,47.4724497],[12.4288959,47.4722703],[12.4285278,47.4711929],[12.4284728,47.4709021],[12.4286453,47.4702783],[12.4287404,47.4695481],[12.4293068,47.4687773],[12.4293972,47.4686543],[12.4300453,47.4677138],[12.4300807,47.4676017],[12.4302959,47.4669193],[12.4300559,47.4664342],[12.429781,47.4662374],[12.4293481,47.4660367],[12.4290856,47.4659149],[12.4281154,47.4656799],[12.4276469,47.4655994],[12.4270398,47.4655169],[12.4268412,47.4654496],[12.4267265,47.4653804],[12.4266163,47.4653825],[12.4265724,47.4654167]]}},{"type":"Feature","id":325289743,"properties":{"kind":"run","name":"Hornköpfl","subtype":"intermediate","pisteType":"downhill","featured":false},"geometry":{"type":"LineString","coordinates":[[12.4328908,47.4669374],[12.4328511,47.4670301],[12.4328472,47.4670946],[12.4328724,47.4671613],[12.4329655,47.4672389],[12.433044,47.4673351],[12.4330304,47.4674175],[12.4329309,47.467555],[12.4327578,47.4676922],[12.4325607,47.4678401],[12.4323764,47.46791],[12.4317998,47.4680673],[12.4312944,47.468077],[12.4308497,47.4679747],[12.4303793,47.4677679],[12.4300807,47.4676017],[12.4299473,47.4674432],[12.4297892,47.4672262],[12.4296022,47.4668822]]}},{"type":"Feature","id":325289750,"properties":{"kind":"run","name":"Hagstein","subtype":"easy","pisteType":"downhill","featured":false},"geometry":{"type":"LineString","coordinates":[[12.4287897,47.4649706],[12.4284399,47.4646592],[12.4276579,47.4639132],[12.4273152,47.4634205],[12.4272006,47.4631216],[12.4271421,47.4625398],[12.4271036,47.4623942],[12.4269879,47.4622964],[12.4263531,47.4620568],[12.4262046,47.4620589],[12.4260186,47.462112],[12.4258373,47.4622037],[12.4257285,47.46232],[12.4254495,47.4625594],[12.4247175,47.4628731],[12.4244206,47.4629581],[12.423871,47.4630321],[12.4236024,47.4630192],[12.4234061,47.4629097],[12.4228083,47.4625634],[12.4223442,47.4623108],[12.4219601,47.4621618],[12.420367,47.4617987],[12.4199423,47.4617613],[12.4184351,47.461715],[12.417549,47.4615756],[12.4169308,47.4616543],[12.4166228,47.4617529],[12.4163599,47.461816],[12.416232,47.4617874],[12.4161014,47.4617231],[12.4158929,47.4615651],[12.4156068,47.4614497],[12.4151685,47.4613889],[12.4148227,47.461349],[12.4143079,47.461257],[12.4140661,47.4611721],[12.4140297,47.4610592],[12.4140324,47.4609679],[12.4140923,47.4608632],[12.4141093,47.4607978],[12.4142653,47.4605747],[12.4143004,47.4603734],[12.4142838,47.4602228],[12.4142396,47.4598863],[12.4144827,47.459505],[12.414505,47.4590202],[12.4145437,47.4587548],[12.4147045,47.4585526],[12.4150932,47.4580475],[12.4160458,47.4573919],[12.4168464,47.456943],[12.4172189,47.4567648],[12.4174312,47.4565864],[12.4174714,47.4564515],[12.4174341,47.4563383],[12.4173716,47.4560707],[12.4172342,47.4558969],[12.41695,47.4555756],[12.4167704,47.4553945],[12.4166143,47.4552855],[12.4164397,47.455256],[12.416009,47.4554217],[12.4154164,47.4557381],[12.4145282,47.4561681],[12.4140719,47.4564216],[12.4135893,47.4565808],[12.4132774,47.4566712],[12.4128006,47.4568845],[12.4127265,47.4569236],[12.4126546,47.4569351],[12.4125811,47.4569309],[12.4125628,47.4569079],[12.4125698,47.4568672],[12.4127327,47.4567554],[12.4133377,47.4561312],[12.413946,47.4551979],[12.4141473,47.4543549],[12.4145292,47.4537856],[12.4151748,47.4532879],[12.4160225,47.4529596],[12.4164069,47.4528908],[12.4167099,47.452816],[12.4183042,47.451998],[12.4186013,47.4516033],[12.4188057,47.4515019],[12.4189965,47.4514788],[12.4191839,47.4515272],[12.4194054,47.4515871],[12.4201222,47.4516905],[12.4202505,47.4517111],[12.4203526,47.4516839],[12.4204514,47.4516424],[12.4205605,47.4514857],[12.4205809,47.4512484],[12.420473,47.451032],[12.4204944,47.4507898],[12.4203581,47.4505394],[12.4194241,47.4489992],[12.4189882,47.4487267],[12.4182989,47.4485599],[12.4172919,47.4485273],[12.4168799,47.448347],[12.4165112,47.4481534],[12.4157149,47.4481913],[12.4148541,47.4483509],[12.4141082,47.4483578],[12.4133724,47.4484679],[12.4126774,47.4486857],[12.4119579,47.448877],[12.4094081,47.4498833],[12.4085193,47.4501447],[12.4079272,47.4502151],[12.406516,47.450453],[12.4047402,47.4505617],[12.4036539,47.4505706],[12.4030428,47.4506694],[12.4022619,47.4507813],[12.4017229,47.4508045],[12.4006461,47.4508232],[12.3998986,47.4507895],[12.3997256,47.4507141],[12.3996447,47.4506022],[12.3994944,47.4505719],[12.3992295,47.4505792],[12.3990301,47.4506545],[12.3983732,47.4508091],[12.3978029,47.4509774],[12.3975598,47.4509799],[12.3974817,47.4509543],[12.3973344,47.4508696],[12.3970013,47.4505839],[12.3963422,47.4502397],[12.3960195,47.4501819],[12.3952586,47.4499698],[12.395165,47.4499437],[12.3948475,47.4501798]]}},{"type":"Feature","id":325289753,"properties":{"kind":"run","name":"Pletzerwald","subtype":"easy","pisteType":"downhill","featured":false},"geometry":{"type":"LineString","coordinates":[[12.4141093,47.4607978],[12.4140875,47.4607829],[12.4139761,47.460736],[12.4136501,47.4606118],[12.4131438,47.4606572],[12.412311,47.4610982],[12.4116349,47.4616601],[12.411137,47.4621824],[12.411063,47.4622768],[12.4111021,47.4623603],[12.411185,47.4624836],[12.4114274,47.462676],[12.4114767,47.4626983],[12.4114383,47.4627279],[12.4113451,47.4627242],[12.4110395,47.4626359],[12.4107869,47.4625468],[12.4106401,47.4625427],[12.410579,47.462582],[12.4104781,47.4627908],[12.4102855,47.4628528],[12.4099968,47.462871],[12.4096095,47.4627612],[12.4095539,47.4627706],[12.4094434,47.4628469],[12.4094501,47.4629167],[12.4094957,47.4629512],[12.4099997,47.4631841],[12.4102439,47.4633886],[12.4104371,47.4636523],[12.4105063,47.4637237],[12.4107403,47.4637609],[12.410806,47.4638226],[12.4107819,47.4638489],[12.4107618,47.4638616],[12.4106947,47.4638752],[12.4106357,47.4638706],[12.4105955,47.4638652],[12.4099786,47.4637473],[12.4090103,47.4635152],[12.4081681,47.4634644],[12.4077649,47.4635953]]}},{"type":"Feature","id":325289757,"properties":{"kind":"run","name":"Hagstein","subtype":"easy","pisteType":"downhill","featured":false},"geometry":{"type":"LineString","coordinates":[[12.4292153,47.4609402],[12.4291576,47.4611874],[12.4289144,47.4614961],[12.4284091,47.46161],[12.4280954,47.4616807],[12.4274756,47.4618653],[12.4263531,47.4620568]]}},{"type":"Feature","id":325441752,"properties":{"kind":"run","name":"Fleck","subtype":"easy","pisteType":"downhill","featured":false},"geometry":{"type":"LineString","coordinates":[[12.3484683,47.432343],[12.3482133,47.4326563],[12.3478116,47.433102],[12.3475834,47.4333482],[12.3469729,47.4340149],[12.3462235,47.4350044],[12.3450966,47.4361404],[12.3440159,47.4371501],[12.3438625,47.4373343],[12.343071,47.4386117],[12.3428391,47.4392518],[12.342576,47.4396818],[12.3422463,47.44],[12.341726,47.4403345],[12.3412184,47.4405321],[12.3403331,47.4408556],[12.3397962,47.4411571],[12.338942,47.4417786],[12.3370645,47.4430838],[12.3362828,47.4435692],[12.3337925,47.4446294],[12.3335501,47.4448556],[12.3333193,47.4450925],[12.3332006,47.445312],[12.3331952,47.4454429],[12.3334215,47.4459602],[12.3333952,47.4462872],[12.3334091,47.4464336],[12.3336985,47.4469618]]}},{"type":"Feature","id":325687050,"properties":{"kind":"run","name":"Mapped ski run","subtype":"easy","pisteType":"downhill","featured":false},"geometry":{"type":"LineString","coordinates":[[12.3459274,47.3889269],[12.3460872,47.3889562],[12.3462424,47.3890178],[12.3463715,47.3891109],[12.3464491,47.3892255],[12.3465745,47.3895412]]}},{"type":"Feature","id":325687051,"properties":{"kind":"run","name":"Selboden","subtype":"advanced","pisteType":"downhill","featured":false},"geometry":{"type":"LineString","coordinates":[[12.3733707,47.4057488],[12.3735493,47.4058564],[12.3736814,47.4061798],[12.3736575,47.4064299],[12.3734482,47.4067783],[12.3728674,47.4077272],[12.3725734,47.4084695],[12.3725995,47.4098889],[12.3724974,47.4106072],[12.3722116,47.4115052],[12.3717693,47.4123893],[12.3711947,47.4127907],[12.3705297,47.4130227],[12.370088,47.4132419],[12.3696109,47.4134531],[12.3693474,47.4134964],[12.3690614,47.4135067],[12.3687072,47.4135562],[12.3682077,47.4136997]]}},{"type":"Feature","id":325687902,"properties":{"kind":"run","name":"Skiroute Giggling","subtype":"advanced","pisteType":"downhill","featured":false},"geometry":{"type":"LineString","coordinates":[[12.3972242,47.4027617],[12.3973704,47.4023215],[12.3976662,47.4018961],[12.3982578,47.401821],[12.3989479,47.4017709],[12.3993915,47.4014957],[12.3995518,47.4008784],[12.3995148,47.3999358],[12.3997982,47.3994019],[12.4012894,47.3990683],[12.4035323,47.3995354],[12.4045182,47.3999859],[12.4059971,47.4004863],[12.4066502,47.4007866],[12.4066626,47.4007866],[12.4068967,47.4007616],[12.4069583,47.4004029],[12.4071555,47.3996855],[12.4078087,47.3996772],[12.4080059,47.4001277],[12.4086713,47.400428],[12.4098421,47.4004029],[12.4108034,47.4004697],[12.4113456,47.3999608],[12.4122576,47.3996855],[12.4127135,47.3995187],[12.4137364,47.3995854],[12.4150304,47.3999108],[12.4160163,47.3999024],[12.4174459,47.3998941],[12.4174828,47.3998941],[12.4195032,47.3996651],[12.4203491,47.3995793]]}},{"type":"Feature","id":329742715,"properties":{"kind":"run","name":"Fleck","subtype":"easy","pisteType":"downhill","featured":false},"geometry":{"type":"LineString","coordinates":[[12.3610448,47.4212489],[12.3610038,47.4212886],[12.3608821,47.4214004],[12.3604365,47.4215711],[12.3598674,47.4217949],[12.3596448,47.421842],[12.3595264,47.4218785]]}},{"type":"Feature","id":330691226,"properties":{"kind":"lift","name":"Märchenwald","subtype":"magic_carpet","status":"active"},"geometry":{"type":"LineString","coordinates":[[12.3698746,47.4250057],[12.3708366,47.4259857]]}},{"type":"Feature","id":330691235,"properties":{"kind":"run","name":"Streiteck","subtype":"easy","pisteType":"downhill","featured":false},"geometry":{"type":"LineString","coordinates":[[12.3621051,47.4020752],[12.3622845,47.4024004],[12.3622231,47.4025371],[12.3618626,47.4030141],[12.3616385,47.4032535],[12.3613886,47.4034615],[12.3606694,47.4042557],[12.3605643,47.4043641],[12.3603196,47.4046085],[12.3600653,47.4049751],[12.3591233,47.4053235],[12.3586326,47.4056072],[12.3582933,47.405544],[12.3587559,47.4052018],[12.3591335,47.4050446],[12.3594472,47.4049078],[12.3599204,47.4045192],[12.3602455,47.4039133],[12.3602704,47.4038669],[12.3608236,47.4032527],[12.3617829,47.4024103],[12.3621051,47.4020752]]}},{"type":"Feature","id":330691240,"properties":{"kind":"run","name":"Streiteck","subtype":"easy","pisteType":"downhill","featured":false},"geometry":{"type":"LineString","coordinates":[[12.3586248,47.4068391],[12.3585675,47.4071878],[12.3585115,47.4075468],[12.3587837,47.4078102],[12.3590564,47.4079439],[12.359452,47.4080463],[12.3597129,47.4081262],[12.3598928,47.4081577],[12.3599246,47.4084831],[12.3593636,47.4085685],[12.3587683,47.4086854],[12.3583228,47.408679],[12.3580156,47.4086746],[12.3576925,47.4086455],[12.35742,47.408628],[12.3575406,47.4083189],[12.3575795,47.4077998],[12.357833,47.407494],[12.3580887,47.4073492],[12.3580876,47.4068531],[12.3580976,47.4063814],[12.3580099,47.4060227],[12.3580779,47.405762],[12.3582933,47.405544],[12.3586326,47.4056072],[12.3585293,47.4057231],[12.3586058,47.4059199],[12.3586507,47.406014],[12.3586248,47.4068391]]}},{"type":"Feature","id":330691244,"properties":{"kind":"run","name":"Direttissima","subtype":"advanced","pisteType":"downhill","featured":false},"geometry":{"type":"LineString","coordinates":[[12.3644485,47.4005849],[12.3636176,47.4012907],[12.362759,47.4020359],[12.36276,47.4021273],[12.3627897,47.402218],[12.3628607,47.4023448],[12.3622845,47.4024004],[12.3621051,47.4020752],[12.3621252,47.4020088],[12.3638316,47.4004443],[12.3638887,47.4004409],[12.364159,47.4004418],[12.3643724,47.4005189],[12.3644559,47.4005609],[12.3644485,47.4005849]]}},{"type":"Feature","id":330751135,"properties":{"kind":"run","name":"Jufen-Steilhang","subtype":"advanced","pisteType":"downhill","featured":false},"geometry":{"type":"LineString","coordinates":[[12.357547,47.4008358],[12.3579022,47.4008632],[12.3583561,47.4008758],[12.3585681,47.4008607],[12.3587509,47.4009185],[12.3589543,47.4011067],[12.3593185,47.4014778],[12.3595435,47.4018121],[12.3595244,47.4022223],[12.3595134,47.4023318],[12.3596442,47.4025714],[12.3598283,47.4028097],[12.3599436,47.402934],[12.3600525,47.403196],[12.3600958,47.4033223],[12.3601845,47.4037492],[12.3602455,47.4039133],[12.3599204,47.4045192],[12.3598933,47.4042021],[12.3599124,47.4039794],[12.3599377,47.4038037],[12.3599992,47.4036756],[12.3599794,47.403617],[12.35993,47.4033995],[12.359881,47.403288],[12.3597813,47.40314],[12.3597569,47.4030282],[12.3597149,47.4029529],[12.3596803,47.4029194],[12.3595437,47.40289],[12.3592587,47.402784],[12.3591486,47.4027005],[12.3589991,47.4025871],[12.3588204,47.4024627],[12.3585507,47.402195],[12.3585192,47.4020547],[12.3584248,47.4019943],[12.3581946,47.4019119],[12.3579909,47.401641],[12.3573287,47.4010697],[12.3570452,47.4008591],[12.357547,47.4008358]]}},{"type":"Feature","id":330751137,"properties":{"kind":"run","name":"Silberstube","subtype":"easy","pisteType":"downhill","featured":false},"geometry":{"type":"LineString","coordinates":[[12.3525286,47.3981431],[12.3532068,47.3970992],[12.3532513,47.3964185],[12.3533698,47.3958405],[12.3536717,47.3955788],[12.3542729,47.3950603],[12.3548384,47.3945656],[12.3555215,47.3942528],[12.3559705,47.3942229],[12.3568433,47.3941384],[12.3567365,47.3944595],[12.3563183,47.3946976],[12.3555278,47.3949172],[12.3548838,47.3953556],[12.3542116,47.3959286],[12.3539052,47.396238],[12.3537568,47.3964215],[12.3536974,47.3968026],[12.353601,47.3971968],[12.3528834,47.3983345],[12.3525286,47.3981431]]}},{"type":"Feature","id":330751138,"properties":{"kind":"run","name":"Kasereck","subtype":"easy","pisteType":"downhill","featured":false},"geometry":{"type":"LineString","coordinates":[[12.3495288,47.3952072],[12.3495419,47.395344],[12.3497028,47.3953789],[12.3501481,47.395401],[12.3505751,47.3953988],[12.3511161,47.395306],[12.3517072,47.3951365],[12.3522737,47.3949312],[12.3527939,47.3947257],[12.3533246,47.3944651],[12.353487,47.3943473],[12.3538544,47.394253],[12.3543881,47.3942164],[12.3549295,47.3942478],[12.3555215,47.3942528],[12.3559705,47.3942229],[12.3568433,47.3941384],[12.3557455,47.3940279],[12.3547632,47.3939808],[12.3536533,47.3940331],[12.3528161,47.3941876],[12.3514449,47.3947355],[12.3505849,47.3949584],[12.3500516,47.3951357],[12.3498651,47.3951874],[12.3495288,47.3952072]]}},{"type":"Feature","id":330751139,"properties":{"kind":"run","name":"Kasereck","subtype":"easy","pisteType":"downhill","featured":false},"geometry":{"type":"LineString","coordinates":[[12.3504259,47.3914276],[12.3502801,47.3916988],[12.3503,47.3924948],[12.3504279,47.3932732],[12.3505094,47.3934048],[12.3506585,47.3935968],[12.3509742,47.3938354],[12.3512485,47.3940174],[12.3515217,47.3941007],[12.3519813,47.3941646],[12.3528161,47.3941876],[12.3536533,47.3940331],[12.3547632,47.3939808],[12.3557455,47.3940279],[12.3568433,47.3941384],[12.3568934,47.3939914],[12.3564821,47.3938711],[12.3559017,47.393723],[12.3552468,47.3935588],[12.3544207,47.3934183],[12.3536947,47.3934439],[12.3530235,47.3934848],[12.3521777,47.3935821],[12.351636,47.3935577],[12.3510767,47.3934455],[12.350816,47.3933141],[12.3506985,47.393065],[12.3506394,47.3925333],[12.3505165,47.3919726],[12.3504259,47.3914276]]}},{"type":"Feature","id":330751393,"properties":{"kind":"run","name":"Marchenwald","subtype":"novice","pisteType":"downhill","featured":false},"geometry":{"type":"LineString","coordinates":[[12.3708366,47.4259857],[12.3708387,47.425817],[12.3707178,47.4255746],[12.3704358,47.4252836],[12.3702126,47.4251325],[12.3698746,47.4250057]]}},{"type":"Feature","id":330751394,"properties":{"kind":"run","name":"Starthaus","subtype":"novice","pisteType":"downhill","featured":false},"geometry":{"type":"LineString","coordinates":[[12.3709218,47.4258976],[12.370904,47.4259639],[12.3709287,47.426065],[12.3710335,47.4261742],[12.3712409,47.4263131],[12.3713839,47.4263516],[12.371554,47.4263659]]}},{"type":"Feature","id":330751395,"properties":{"kind":"run","name":"Mapped ski run","subtype":"novice","pisteType":"downhill","featured":false},"geometry":{"type":"LineString","coordinates":[[12.3709218,47.4258976],[12.3708366,47.4259857]]}},{"type":"Feature","id":330754231,"properties":{"kind":"run","name":"Silberstube","subtype":"easy","pisteType":"downhill","featured":false},"geometry":{"type":"LineString","coordinates":[[12.3537284,47.395902],[12.3534594,47.3955139],[12.353226,47.3951656],[12.3530857,47.3950262],[12.3529613,47.3947793],[12.3530812,47.3943574]]}},{"type":"Feature","id":330754235,"properties":{"kind":"run","name":"Silberstube","subtype":"easy","pisteType":"downhill","featured":false},"geometry":{"type":"LineString","coordinates":[[12.3529597,47.3986833],[12.3528933,47.3987155],[12.3528576,47.3987232],[12.3528224,47.3987127],[12.3527765,47.3986144],[12.3526809,47.3985242],[12.3525645,47.3984143],[12.3521247,47.3979978],[12.3517833,47.3975929],[12.3517044,47.3974707],[12.3516083,47.3973222],[12.3516093,47.3971436],[12.3516212,47.3970728],[12.3517047,47.3969403],[12.3519669,47.3967835],[12.3525831,47.3964728],[12.3530395,47.3962554],[12.3537284,47.395902]]}},{"type":"Feature","id":330927335,"properties":{"kind":"run","name":"Jufen","subtype":"intermediate","pisteType":"downhill","featured":false},"geometry":{"type":"LineString","coordinates":[[12.3606694,47.4042557],[12.3612452,47.4045055],[12.361367,47.4040729],[12.3616385,47.4032535],[12.3618626,47.4030141],[12.3622231,47.4025371],[12.3623138,47.403],[12.3618828,47.4041925],[12.3615986,47.4048164],[12.3613514,47.4052043],[12.3611791,47.4055589],[12.3610791,47.4057199],[12.3609619,47.4059532],[12.3609688,47.4062285],[12.3610584,47.4063871],[12.3612148,47.4065225],[12.3613105,47.4066289],[12.3615717,47.4068473],[12.3619916,47.4070663],[12.3613079,47.4072564],[12.3608412,47.4074112],[12.3605561,47.407578],[12.3603715,47.4076493],[12.3605371,47.4072863],[12.3606173,47.4070883],[12.3606656,47.4068868],[12.3606422,47.4066386],[12.360388,47.4063436],[12.360316,47.4062275],[12.3602522,47.406036],[12.360273,47.4059328],[12.3602894,47.4057677],[12.3605964,47.4054164],[12.3609486,47.4052742],[12.3610378,47.405104],[12.3610718,47.4050198],[12.3610169,47.404929],[12.3606356,47.4046946],[12.3603196,47.4046085],[12.3606694,47.4042557]]}},{"type":"Feature","id":330927336,"properties":{"kind":"run","name":"Griesalm","subtype":"advanced","pisteType":"downhill","featured":false},"geometry":{"type":"LineString","coordinates":[[12.3707555,47.4044985],[12.3704719,47.4045715],[12.3703023,47.4046152],[12.3699969,47.404843],[12.3696542,47.4052689],[12.3692243,47.4058508],[12.3690187,47.4064244],[12.3689128,47.4071455],[12.3688648,47.4076683],[12.3689302,47.4079148],[12.3689227,47.4081295],[12.3688701,47.4084091],[12.3687645,47.408703],[12.3685993,47.4091048],[12.3682404,47.4097362],[12.3679315,47.4102883],[12.3676008,47.4107943],[12.3673277,47.4113251],[12.367291,47.4116222],[12.3672509,47.4120971],[12.3672574,47.412338],[12.3672638,47.4125727],[12.3672524,47.4126681],[12.3671897,47.4128204],[12.3671235,47.4128815],[12.3670118,47.4129549],[12.366979,47.4129862],[12.3668733,47.4128758],[12.3664788,47.4119975],[12.3663115,47.4114986],[12.3662069,47.4110976],[12.3666884,47.4106935],[12.367315,47.4101518],[12.3674822,47.4099816],[12.3678162,47.4095318],[12.3682637,47.4088678],[12.3684262,47.408481],[12.3682395,47.4076988],[12.3680919,47.40704],[12.3679527,47.4064259],[12.367523,47.4060424],[12.3679443,47.4055981],[12.3686555,47.4050342],[12.3693615,47.404599],[12.3699208,47.4043802],[12.3701967,47.4043672],[12.3707555,47.4044985]]}},{"type":"Feature","id":330987254,"properties":{"kind":"run","name":"Brunn-Kälberwald","subtype":"intermediate","pisteType":"downhill","featured":false},"geometry":{"type":"LineString","coordinates":[[12.3482279,47.3911706],[12.3480139,47.3912668],[12.3477687,47.3913672],[12.3475457,47.3915066],[12.3471093,47.3917407],[12.3468236,47.3919021],[12.3466367,47.3920441],[12.346372,47.3922428],[12.3460567,47.3924804]]}},{"type":"Feature","id":330990223,"properties":{"kind":"run","name":"Mapped ski run","subtype":"easy","pisteType":"downhill","featured":false},"geometry":{"type":"LineString","coordinates":[[12.3154692,47.4167013],[12.3151128,47.4168335],[12.3146993,47.4169449]]}},{"type":"Feature","id":331744508,"properties":{"kind":"lift","name":"Bichlalmlift","subtype":"chair_lift","status":"active"},"geometry":{"type":"LineString","coordinates":[[12.4258853,47.4315538],[12.4260813,47.4316268],[12.4266454,47.4318368],[12.4284181,47.4324967],[12.4307033,47.4333474],[12.4314963,47.4336426],[12.4329114,47.4341694],[12.4345305,47.4347721],[12.4358518,47.435264],[12.4359853,47.4353137],[12.4359978,47.4353183],[12.4360187,47.4353261],[12.4363419,47.4354464],[12.4377472,47.4359695],[12.4389949,47.436434],[12.4411354,47.4372307],[12.4425192,47.4377458],[12.4446114,47.4385246],[12.4461838,47.4391099],[12.448342,47.4399133],[12.4502828,47.4406357],[12.450835,47.4408412]]}},{"type":"Feature","id":332347449,"properties":{"kind":"run","name":"Pengelstein Süd","subtype":"advanced","pisteType":"downhill","featured":false},"geometry":{"type":"LineString","coordinates":[[12.3509044,47.3905547],[12.3517211,47.3904302],[12.3532319,47.3903032],[12.3538381,47.390326],[12.3543,47.3902738],[12.3545214,47.3901305],[12.3549083,47.3895735],[12.3563228,47.3890719],[12.3570734,47.3889025],[12.3579936,47.3888125],[12.3585584,47.3888217],[12.3590857,47.3888494],[12.359892,47.3887457],[12.3604332,47.3885989],[12.3619103,47.3878856],[12.3625734,47.3874371],[12.365064,47.3865203],[12.3662623,47.3861509],[12.3670706,47.3861835],[12.3678789,47.386216],[12.3715743,47.3844742],[12.3733642,47.3840116],[12.3748942,47.3839595],[12.3774083,47.3837486],[12.3802567,47.3838723],[12.381652,47.3837486],[12.3828741,47.3835335],[12.3834322,47.3835792],[12.3838845,47.3837681],[12.3838845,47.3839505],[12.383182,47.3844196],[12.3827105,47.3848757],[12.3825502,47.3852177],[12.3827416,47.3853713],[12.3832753,47.3850938],[12.3835825,47.3848837],[12.3839566,47.3846753],[12.3844696,47.3845463],[12.3849566,47.3845218],[12.3856264,47.3845854],[12.3866166,47.3845642],[12.3870619,47.3845048],[12.3876334,47.3845509],[12.3882524,47.3846337],[12.3888051,47.3847176],[12.3889843,47.3847606]]}},{"type":"Feature","id":332971324,"properties":{"kind":"run","name":"Stuckkogel","subtype":"expert","pisteType":"downhill","featured":false},"geometry":{"type":"LineString","coordinates":[[12.4654896,47.4413358],[12.4652294,47.4412905],[12.4649105,47.4413276],[12.4645361,47.4413888],[12.4643882,47.441461],[12.4642039,47.4414963],[12.4639432,47.4415291],[12.4636971,47.4414585],[12.4634485,47.4415274],[12.4634121,47.4415832],[12.4634631,47.4416619],[12.4634775,47.4418247],[12.4631671,47.442183],[12.4629116,47.4425228],[12.4627985,47.4426179],[12.4626476,47.4426446],[12.4624244,47.4425966],[12.4620558,47.4424613],[12.4614787,47.4422276],[12.4607669,47.4420578],[12.4604492,47.4420578],[12.4598187,47.442107],[12.4592997,47.4421512],[12.4586983,47.442148],[12.4574373,47.442184],[12.4568044,47.44223],[12.4558732,47.4423645],[12.4543704,47.4421908],[12.454068,47.4421589],[12.4537461,47.4420899],[12.4534591,47.4419884],[12.4531263,47.4419542],[12.4529224,47.4419995],[12.4527644,47.4420591],[12.4526006,47.442063],[12.4523913,47.4420775],[12.4521556,47.4420319],[12.451949,47.4419648],[12.4517905,47.4419088],[12.4516755,47.4418124],[12.4516725,47.4417038],[12.451694,47.4413573],[12.4517503,47.4410725],[12.4518288,47.440948],[12.4519612,47.4408164],[12.4520219,47.4407918],[12.4520356,47.4407203],[12.4520323,47.4406965],[12.4519995,47.4406536],[12.4519256,47.4406238],[12.4517123,47.440604],[12.4515326,47.4406209],[12.4513127,47.4407157],[12.450835,47.4408412]]}},{"type":"Feature","id":347370801,"properties":{"kind":"lift","name":"Hornbahn II","subtype":"gondola","status":"active"},"geometry":{"type":"LineString","coordinates":[[12.4077649,47.4635953],[12.4086698,47.4637289],[12.4104,47.4639845],[12.4107301,47.4640332],[12.4111622,47.464097],[12.4146386,47.4646104],[12.4158078,47.4647831],[12.4183543,47.4651592],[12.4184935,47.4651797],[12.4196053,47.4653439],[12.4209986,47.4655497],[12.423128,47.4658641],[12.4266139,47.4663789],[12.4278673,47.466564],[12.4287165,47.4666894],[12.4287865,47.4666998],[12.4292473,47.4667678]]}},{"type":"Feature","id":349891840,"properties":{"kind":"run","name":"Bichlalm-Standard","subtype":"easy","pisteType":"downhill","featured":false},"geometry":{"type":"LineString","coordinates":[[12.450835,47.4408412],[12.4508911,47.4408718],[12.4509151,47.4408997],[12.4508838,47.4409277],[12.4507626,47.4409362],[12.4505527,47.4408895],[12.450455,47.4408067],[12.4504083,47.4407063],[12.4504335,47.4405653],[12.4507075,47.4402765],[12.4510818,47.4400404],[12.4512917,47.4398631],[12.4512985,47.4396957],[12.4512809,47.4395354],[12.4508604,47.4393598],[12.4497474,47.4391339],[12.4483684,47.4390837],[12.4465442,47.4394392],[12.445394,47.4393765],[12.4447913,47.4395423],[12.444083,47.4398262],[12.4436938,47.4400746],[12.4434271,47.4402521],[12.4431691,47.4402225],[12.44278,47.4401456],[12.4425001,47.4400332],[12.4423077,47.4398232],[12.442041,47.4396783],[12.4415994,47.4396103],[12.4412715,47.4396162],[12.4410572,47.4396399],[12.4409916,47.43977],[12.4410834,47.4399474],[12.4413414,47.4401219],[12.4413195,47.4402166],[12.4411578,47.4403171],[12.4407074,47.4403467],[12.4403139,47.4402994],[12.4400471,47.4402816],[12.4397323,47.4405922],[12.4391245,47.4406779],[12.4384643,47.4405981],[12.4378565,47.4404443],[12.4374848,47.4400805],[12.4372968,47.4396606],[12.4370957,47.4391726],[12.4363494,47.4380179],[12.4363217,47.4378095],[12.4364573,47.4375489],[12.4366994,47.4370079],[12.4367661,47.4366086],[12.4367376,47.4362936],[12.4366454,47.4361184],[12.4361962,47.4360856],[12.435708,47.4361764],[12.4350146,47.4362984],[12.4346638,47.4362661],[12.4344444,47.4362005],[12.434291,47.4361402],[12.434247,47.4360374],[12.4342758,47.4359411],[12.4344544,47.4357473],[12.4345073,47.4356703],[12.4345121,47.4355998],[12.434473,47.4354827],[12.4341961,47.4351301],[12.4341316,47.4347601],[12.4341364,47.4346211],[12.4342893,47.4337318],[12.4341874,47.4332906],[12.4338816,47.4327184],[12.4330765,47.4318428],[12.4325465,47.4316084],[12.4319656,47.431567],[12.4314458,47.4315946],[12.430977,47.4318221],[12.4304063,47.4319186],[12.4296799,47.4321387],[12.4287253,47.4322793],[12.427973,47.4320471],[12.4267023,47.4315011],[12.4260674,47.4314195],[12.4259238,47.4314042],[12.4258775,47.4314071],[12.4258477,47.4314475],[12.4258251,47.4314805],[12.4258853,47.4315538]]}},{"type":"Feature","id":364307382,"properties":{"kind":"run","name":"Brunn-Kälberwald","subtype":"intermediate","pisteType":"downhill","featured":false},"geometry":{"type":"LineString","coordinates":[[12.3490533,47.3943383],[12.3487213,47.3941692],[12.3485017,47.3940452],[12.3484537,47.3940337],[12.3481559,47.3940473],[12.3479502,47.3940003],[12.3475128,47.3937688],[12.3470783,47.3937714],[12.3468503,47.3937655],[12.3466498,47.3936724],[12.3465388,47.393547],[12.346527,47.3933714],[12.346517,47.3928955],[12.3464369,47.392698],[12.3462603,47.3925931],[12.3460567,47.3924804]]}},{"type":"Feature","id":364341004,"properties":{"kind":"run","name":"Mapped ski run","subtype":"intermediate","pisteType":"downhill","featured":false},"geometry":{"type":"LineString","coordinates":[[12.4296707,47.4616],[12.4295659,47.4616302]]}},{"type":"Feature","id":364341005,"properties":{"kind":"run","name":"Mapped ski run","subtype":"easy","pisteType":"downhill","featured":false},"geometry":{"type":"LineString","coordinates":[[12.4295659,47.4616302],[12.4298127,47.4612224]]}},{"type":"Feature","id":364619005,"properties":{"kind":"run","name":"Streif Familienabfahrt","subtype":"intermediate","pisteType":"downhill","featured":true},"geometry":{"type":"LineString","coordinates":[[12.3681582,47.4242798],[12.3683659,47.4246347],[12.3684737,47.4249034],[12.3684757,47.4250637],[12.3684414,47.425189],[12.3683887,47.4252978],[12.3683097,47.4253801],[12.3681855,47.4254582],[12.3670566,47.4256065],[12.3666733,47.4256617],[12.3665232,47.42569],[12.3663074,47.4257149],[12.3661074,47.4257198],[12.3657887,47.4256761],[12.3656325,47.4256584],[12.3654829,47.4256582],[12.3654171,47.4256835],[12.3653723,47.4257319],[12.3653636,47.4257834],[12.3653853,47.4258289],[12.3654293,47.4258612],[12.3656182,47.4259112],[12.3658588,47.4259656],[12.3663553,47.4260665],[12.3669579,47.4261514],[12.3672731,47.4262175]]}},{"type":"Feature","id":364619006,"properties":{"kind":"run","name":"Kapellenabfahrt","subtype":"intermediate","pisteType":"downhill","featured":false},"geometry":{"type":"LineString","coordinates":[[12.3664743,47.4184915],[12.3664644,47.4183333],[12.3665939,47.4179627],[12.3664273,47.4174783],[12.3663412,47.4172089],[12.3661959,47.417082],[12.3664808,47.4167654],[12.3669969,47.4165081],[12.3676622,47.4162466],[12.368318,47.416041],[12.3684445,47.4159823],[12.3689634,47.4156129],[12.3691198,47.4157778],[12.3692718,47.4161036],[12.3691502,47.4162493],[12.3689126,47.4165473],[12.36868,47.4166747],[12.3682966,47.4169459],[12.3679114,47.4167447],[12.367346,47.4168836],[12.3669585,47.4170818],[12.3667107,47.4172018],[12.3667419,47.4173531],[12.3668092,47.4176473],[12.3667967,47.4180698],[12.3667213,47.4182952],[12.366638,47.418414],[12.3664743,47.4184915]]}},{"type":"Feature","id":364619007,"properties":{"kind":"run","name":"Kaser","subtype":"unknown","pisteType":"downhill","featured":false},"geometry":{"type":"LineString","coordinates":[[12.3340227,47.4291518],[12.3334044,47.4292604],[12.3328162,47.4292646],[12.3323533,47.4292844],[12.3320949,47.429377],[12.3319177,47.4295117],[12.3318617,47.4296405],[12.3319471,47.429981],[12.3321988,47.4303601],[12.3323793,47.4307103],[12.3327607,47.4311156]]}},{"type":"Feature","id":364619008,"properties":{"kind":"run","name":"Brunn","subtype":"easy","pisteType":"downhill","featured":false},"geometry":{"type":"LineString","coordinates":[[12.3283214,47.4081135],[12.3283277,47.4082282],[12.3283348,47.4084753],[12.3283039,47.4086306],[12.3282453,47.4087248],[12.3281059,47.4088243],[12.3279145,47.4088907],[12.3276275,47.4089474],[12.327362,47.408966],[12.3271502,47.4089478],[12.3269346,47.408974],[12.3267994,47.4090235],[12.3266382,47.4091064],[12.3263455,47.4092451],[12.325971,47.4093509],[12.3254054,47.4095885],[12.3252341,47.4098263],[12.3251414,47.4100076],[12.3250694,47.4101328],[12.3248588,47.4104704],[12.324498,47.4108335],[12.3240383,47.4110355],[12.3234103,47.4111393],[12.3229738,47.4112256],[12.3223567,47.4115257],[12.3221233,47.4116346],[12.3219334,47.4116672],[12.3218027,47.4116541],[12.3217056,47.4116044],[12.3216514,47.4115384],[12.3216342,47.4114528],[12.3216161,47.4112484],[12.3216034,47.4111879],[12.3215703,47.4111657],[12.3215013,47.4111652],[12.3214035,47.4112056],[12.3211346,47.4113638],[12.3209961,47.4114271],[12.3208972,47.4114667],[12.3208466,47.4115166],[12.3207846,47.4115783],[12.3207199,47.4116282],[12.3205097,47.4116998],[12.3200237,47.4118801],[12.3197925,47.4119928],[12.3196812,47.4120992],[12.3195842,47.4121887],[12.3194771,47.4122451],[12.3192299,47.4123418],[12.3190794,47.4123743],[12.3189698,47.412431],[12.3187992,47.4125],[12.3185177,47.4126231],[12.3179605,47.4127709]]}},{"type":"Feature","id":364619009,"properties":{"kind":"run","name":"Hieslegg","subtype":"easy","pisteType":"downhill","featured":false},"geometry":{"type":"LineString","coordinates":[[12.3456848,47.3842483],[12.3458974,47.3841961],[12.3459546,47.3842157],[12.3459756,47.3842925],[12.3459797,47.3843336],[12.3459352,47.3844039],[12.3458451,47.3844437],[12.3455514,47.3845167],[12.3452877,47.3846162],[12.3450778,47.3847095],[12.3447661,47.3849008],[12.3445379,47.3852523],[12.3442769,47.3855368],[12.3440712,47.3856962],[12.3440527,47.3857607],[12.3440563,47.3858126],[12.3441414,47.3860388],[12.344152,47.3861588],[12.3441301,47.3862654],[12.3440529,47.3863419],[12.3439442,47.3863961],[12.3435962,47.3865331],[12.3434655,47.3865963]]}},{"type":"Feature","id":364619010,"properties":{"kind":"run","name":"Hieslegg","subtype":"easy","pisteType":"downhill","featured":false},"geometry":{"type":"LineString","coordinates":[[12.341104,47.3898549],[12.3411902,47.3901974]]}},{"type":"Feature","id":364619012,"properties":{"kind":"run","name":"Pengelstein II","subtype":"intermediate","pisteType":"downhill","featured":false},"geometry":{"type":"LineString","coordinates":[[12.331779,47.3951374],[12.331817,47.3950835],[12.3318158,47.3950346],[12.331784,47.3949997],[12.3317056,47.3949522],[12.3312936,47.3947316],[12.3310243,47.3943755],[12.3307895,47.3939185],[12.3303552,47.3934942]]}},{"type":"Feature","id":364620630,"properties":{"kind":"run","name":"Bichlalm-Standard","subtype":"easy","pisteType":"downhill","featured":false},"geometry":{"type":"LineString","coordinates":[[12.4366454,47.4361184],[12.4364389,47.4357368],[12.4359978,47.4353183]]}},{"type":"Feature","id":364620631,"properties":{"kind":"run","name":"Bichlalm-Süd","subtype":"expert","pisteType":"downhill","featured":false},"geometry":{"type":"LineString","coordinates":[[12.4465442,47.4394392],[12.4461475,47.4392345],[12.4459336,47.4389026],[12.4460342,47.438426],[12.4457826,47.437609],[12.4453296,47.4372175],[12.4438952,47.4365196],[12.4420456,47.4361366],[12.4405941,47.4360562],[12.4394777,47.4357865],[12.4379924,47.435537],[12.4359978,47.4353183]]}},{"type":"Feature","id":364620632,"properties":{"kind":"run","name":"Golf","subtype":"expert","pisteType":"downhill","featured":false},"geometry":{"type":"LineString","coordinates":[[12.4378565,47.4404443],[12.4368334,47.4399787],[12.4367523,47.4398848],[12.4358955,47.4391016],[12.4349693,47.4387023],[12.4339852,47.4385143],[12.4311735,47.4391234],[12.4293882,47.4396399],[12.4286864,47.439954],[12.4258759,47.4402668],[12.4241335,47.4404003],[12.4227575,47.4406097],[12.4216796,47.4409664],[12.4205329,47.4413077],[12.4194092,47.4414783],[12.4187004,47.4419147],[12.4183694,47.4421573],[12.4178953,47.4421944],[12.4175434,47.4422417],[12.4173962,47.4422366],[12.4172864,47.4420864],[12.4167275,47.4418518],[12.4165105,47.441522],[12.4154424,47.4410515],[12.4149838,47.4407437],[12.4151579,47.4405218],[12.4152616,47.4402116],[12.4149235,47.440087],[12.4140639,47.4397772],[12.4131662,47.4393791],[12.4125113,47.4389411],[12.4108705,47.4376521],[12.4106645,47.4375526]]}},{"type":"Feature","id":364621241,"properties":{"kind":"run","name":"Horn-Standard","subtype":"advanced","pisteType":"downhill","featured":false},"geometry":{"type":"LineString","coordinates":[[12.4081681,47.4634644],[12.4081904,47.4632232],[12.4077156,47.4628958],[12.4065001,47.4627995],[12.4058258,47.4627931],[12.4049997,47.462684],[12.4040216,47.46244],[12.4030055,47.4622859],[12.4023882,47.4620933],[12.4023787,47.4617081],[12.4026921,47.4614705],[12.4029485,47.4611495],[12.4029485,47.4611431],[12.4018849,47.4601415],[12.4008878,47.4598655],[12.3996261,47.4594989],[12.3989267,47.4590725],[12.3982742,47.4585509],[12.3976309,47.4578708],[12.3971848,47.4575007],[12.3971364,47.4574052],[12.3972369,47.4572014],[12.3973224,47.4570228],[12.3975456,47.4566808],[12.3975605,47.45655],[12.3972815,47.4563739],[12.3966302,47.4563202],[12.3960026,47.456279],[12.3955334,47.4561677],[12.3946372,47.4561235],[12.3942732,47.4559296],[12.3941724,47.455477],[12.3942597,47.4549984],[12.3940922,47.454393],[12.394099,47.45401],[12.3940728,47.4535964],[12.3942266,47.4533704],[12.3945144,47.4530504],[12.3947259,47.4528228],[12.394712,47.4525853],[12.3948903,47.4523639],[12.394923,47.4519924],[12.3945155,47.4513601],[12.3943518,47.4511042],[12.3943409,47.4508287],[12.3943081,47.4505925],[12.3943258,47.4501962],[12.3948475,47.4501798]]}},{"type":"Feature","id":364621391,"properties":{"kind":"run","name":"Schatzer","subtype":"easy","pisteType":"downhill","featured":false},"geometry":{"type":"LineString","coordinates":[[12.3110469,47.4428023],[12.3113227,47.4427729],[12.3117696,47.4429881],[12.3119727,47.443272],[12.3121894,47.4439177],[12.3119456,47.4443024],[12.3113841,47.4452003]]}},{"type":"Feature","id":364622315,"properties":{"kind":"lift","name":"Brunn","subtype":"chair_lift","status":"active"},"geometry":{"type":"LineString","coordinates":[[12.3361204,47.4020983],[12.3371465,47.401938],[12.3394651,47.4015759],[12.3413653,47.4012791],[12.3438098,47.4008973],[12.344563,47.4007797],[12.3463623,47.4004987],[12.347224,47.4003641],[12.3482371,47.4002059],[12.3499005,47.399946],[12.3514211,47.3997086],[12.3521325,47.3995974],[12.3526352,47.3995189],[12.353764,47.3993426],[12.3543272,47.3992546]]}},{"type":"Feature","id":364622316,"properties":{"kind":"run","name":"Streiteck","subtype":"easy","pisteType":"downhill","featured":false},"geometry":{"type":"LineString","coordinates":[[12.3543272,47.3992546],[12.3544367,47.3991416],[12.3544772,47.3991213],[12.3545486,47.399115],[12.3546514,47.3991462],[12.3547115,47.3991847],[12.354743,47.3992049],[12.3548584,47.3992964],[12.3549516,47.3993752],[12.3551999,47.3996123],[12.3556644,47.3999414]]}},{"type":"Feature","id":364622317,"properties":{"kind":"run","name":"Brunn-Steilhang","subtype":"advanced","pisteType":"downhill","featured":false},"geometry":{"type":"LineString","coordinates":[[12.3535854,47.3987931],[12.3533857,47.398936],[12.3532964,47.3990394],[12.3532745,47.3992232],[12.3533286,47.3993568],[12.3533423,47.3994852],[12.3532381,47.399728],[12.3532166,47.3999277],[12.353241,47.4000883],[12.3532962,47.4002848],[12.3532892,47.4004724],[12.3531735,47.4008075],[12.3530516,47.4010973],[12.3528751,47.4015042],[12.3526089,47.4017635],[12.3524249,47.4019245],[12.3522632,47.4020973],[12.3521837,47.4022531],[12.351949,47.4026079],[12.3517461,47.4028752],[12.3515762,47.4029714]]}},{"type":"Feature","id":368642982,"properties":{"kind":"run","name":"Silberstube","subtype":"easy","pisteType":"downhill","featured":false},"geometry":{"type":"LineString","coordinates":[[12.3543272,47.3992546],[12.3542031,47.3990773],[12.3539899,47.3989559],[12.3538753,47.3989039],[12.3535854,47.3987931],[12.3532115,47.3985603],[12.3530285,47.398431],[12.3529508,47.3983362],[12.3528881,47.3981693],[12.3530052,47.397839],[12.3531793,47.3975328],[12.3534141,47.3971504]]}},{"type":"Feature","id":368650479,"properties":{"kind":"run","name":"Waldehang","subtype":"advanced","pisteType":"downhill","featured":false},"geometry":{"type":"LineString","coordinates":[[12.3676243,47.4301265],[12.3675395,47.430299],[12.367363,47.4305743],[12.3672026,47.4308889],[12.3671565,47.4309792],[12.3668798,47.4314415],[12.366529,47.4318189]]}},{"type":"Feature","id":368650480,"properties":{"kind":"run","name":"Pengelstein Süd","subtype":"intermediate","pisteType":"downhill","featured":false},"geometry":{"type":"LineString","coordinates":[[12.3953736,47.3862521],[12.3957196,47.386289],[12.3962032,47.386281],[12.3973433,47.3863243],[12.397559,47.3863532],[12.3979051,47.3864575],[12.3980686,47.3865201],[12.3983317,47.386541],[12.3986114,47.3866469],[12.3987799,47.3867261],[12.3989144,47.3867882],[12.3990233,47.3868203],[12.3991037,47.3868301],[12.3991757,47.3868279],[12.3992779,47.386821],[12.3993876,47.3867862],[12.3995161,47.3867338],[12.3996637,47.3866787],[12.3997533,47.3866521],[12.399876,47.3866172],[12.4000924,47.3865738],[12.4002813,47.3865509],[12.4004586,47.3865334],[12.400637,47.3865271],[12.4008326,47.3865353],[12.4011309,47.3865802],[12.4014021,47.3866242],[12.4016743,47.386687],[12.4019309,47.3867499],[12.4021549,47.3868413],[12.4023238,47.3869043],[12.4024797,47.3869607],[12.4026237,47.3870067],[12.4028557,47.3870795],[12.4031874,47.3872002],[12.4033793,47.3872651],[12.4035953,47.3873384],[12.4037977,47.3873996],[12.4039185,47.3874128],[12.4040449,47.387409],[12.4043772,47.3873738],[12.4048425,47.387362],[12.4050625,47.3873456],[12.4053461,47.3873421],[12.4056323,47.3873386],[12.4058528,47.3873659],[12.4060346,47.3874377],[12.4061193,47.3874691],[12.4062052,47.3874796],[12.406307,47.3874827],[12.4064003,47.3874686],[12.40648,47.3874546],[12.4065571,47.3874208],[12.4066302,47.3873811],[12.4066909,47.387332],[12.4068595,47.3872276],[12.4070403,47.3871412],[12.407168,47.3870923],[12.4072963,47.387069],[12.4074188,47.3870687],[12.4075373,47.3870793],[12.4076521,47.3871114],[12.407749,47.3871476],[12.4078573,47.3872067],[12.4079532,47.387275],[12.408029,47.3873329],[12.4081191,47.3873868],[12.4082074,47.3874183],[12.4083024,47.3874378],[12.4083924,47.3874437],[12.4085533,47.3874521],[12.4086928,47.387441],[12.4088922,47.3874079],[12.4091582,47.3873638],[12.4094604,47.3873193],[12.4098801,47.3872813],[12.4104682,47.3871822],[12.4105985,47.3871686],[12.4107072,47.3871685]]}},{"type":"Feature","id":369375237,"properties":{"kind":"run","name":"Hahnenkamm","subtype":"easy","pisteType":"downhill","featured":false},"geometry":{"type":"LineString","coordinates":[[12.3698195,47.4248394],[12.3698436,47.4248531],[12.369895,47.4248915],[12.3699429,47.4249135],[12.3701183,47.4249556],[12.3703333,47.4249864],[12.3705324,47.4250323],[12.3706127,47.4250611],[12.3707307,47.4251291],[12.3708756,47.4252442],[12.3709189,47.425294],[12.3710204,47.425411],[12.3710931,47.4255565],[12.3711732,47.4257317],[12.3712277,47.4258619],[12.3713437,47.4259975],[12.371493,47.4261529],[12.3717387,47.4263939]]}},{"type":"Feature","id":369895187,"properties":{"kind":"lift","name":"Übungslift Reith","subtype":"t-bar","status":"active"},"geometry":{"type":"LineString","coordinates":[[12.3388504,47.4755728],[12.3315044,47.4738391]]}},{"type":"Feature","id":369895189,"properties":{"kind":"run","name":"Übungswiese","subtype":"easy","pisteType":"downhill","featured":false},"geometry":{"type":"LineString","coordinates":[[12.3315044,47.4738391],[12.3314698,47.4736585],[12.3316156,47.4734026],[12.3318936,47.4733746],[12.3340385,47.4738907],[12.3358839,47.4743636],[12.3382175,47.4748619],[12.3382316,47.4748714],[12.3388504,47.4755728]]}},{"type":"Feature","id":371560800,"properties":{"kind":"run","name":"Pengelstein II","subtype":"easy","pisteType":"downhill","featured":false},"geometry":{"type":"LineString","coordinates":[[12.348331,47.3905897],[12.3484214,47.3903464],[12.3484209,47.3902217],[12.3483031,47.3900079],[12.3480928,47.3898216],[12.3477231,47.3896512],[12.3475495,47.389611],[12.3471451,47.3895968],[12.3469801,47.3895917],[12.3468256,47.3895755],[12.3465745,47.3895412],[12.3462449,47.3896685],[12.3455713,47.3896966],[12.3451681,47.3897011]]}},{"type":"Feature","id":371560801,"properties":{"kind":"run","name":"Kasereck","subtype":"easy","pisteType":"downhill","featured":false},"geometry":{"type":"LineString","coordinates":[[12.3467866,47.3900197],[12.346934,47.390352],[12.347013,47.3907209],[12.3471816,47.3909985],[12.3473718,47.3912653],[12.3475457,47.3915066],[12.3477484,47.3917721],[12.3478521,47.3919813],[12.3478659,47.3921313]]}},{"type":"Feature","id":371560802,"properties":{"kind":"run","name":"Pengelstein II","subtype":"easy","pisteType":"downhill","featured":false},"geometry":{"type":"LineString","coordinates":[[12.348331,47.3905897],[12.3481468,47.3904641],[12.3480135,47.3904237],[12.3475897,47.3903566],[12.3473429,47.3902857],[12.3470531,47.3901127],[12.3467866,47.3900197],[12.3465169,47.3899342],[12.3459986,47.3898195],[12.3451681,47.3897011],[12.3448437,47.3897116],[12.3442501,47.3897307],[12.3441119,47.3897572],[12.3433717,47.3898991],[12.3423804,47.3900508],[12.3421519,47.3900858],[12.3416718,47.390147],[12.3411902,47.3901974],[12.3404617,47.3906086],[12.339806,47.3910427],[12.3391129,47.3916731],[12.3388704,47.3919399],[12.3384919,47.3923562],[12.3380075,47.3930164],[12.3377678,47.3934479],[12.337524,47.3936861],[12.3373615,47.3937872],[12.3369959,47.3938293],[12.3365303,47.3937925],[12.335894,47.3937978],[12.3355386,47.3938996],[12.3352414,47.394021],[12.3350575,47.3941616],[12.3349039,47.3943391],[12.3348687,47.3944762],[12.3348804,47.3946281],[12.3349519,47.3947359],[12.3350413,47.3948852],[12.3350816,47.3949677],[12.3350824,47.395018],[12.3349784,47.395056],[12.3348554,47.3950709],[12.3345278,47.3950841],[12.3338854,47.395106],[12.3333016,47.3950889],[12.3330183,47.3951323],[12.3328212,47.3951743],[12.3325814,47.39526],[12.3320924,47.3954307],[12.3317099,47.395502],[12.3314342,47.3955414],[12.3312181,47.3955708],[12.3308634,47.3955539],[12.3302486,47.3955979],[12.3296907,47.3956666],[12.3292839,47.3957527],[12.3289314,47.3959066],[12.3283534,47.3962529],[12.3279527,47.3964133],[12.3275667,47.3965466],[12.3269736,47.3967345],[12.326197,47.3970102],[12.3250751,47.3975231],[12.3240151,47.3990906],[12.3239724,47.3992507],[12.3238138,47.399688],[12.3236374,47.3998922],[12.323578,47.4000217],[12.3236598,47.4001294],[12.3238367,47.4000589]]}},{"type":"Feature","id":371927264,"properties":{"kind":"run","name":"Streif Familienabfahrt","subtype":"intermediate","pisteType":"downhill","featured":true},"geometry":{"type":"LineString","coordinates":[[12.3672731,47.4262175],[12.3678588,47.4264921]]}},{"type":"Feature","id":371927267,"properties":{"kind":"run","name":"Sonnenrast","subtype":"easy","pisteType":"downhill","featured":false},"geometry":{"type":"LineString","coordinates":[[12.3593155,47.4186399],[12.3591733,47.4186587],[12.3591396,47.4186541],[12.3590978,47.4186171],[12.3590306,47.4185056],[12.3589376,47.4181625],[12.3588917,47.4180781],[12.3587462,47.4178109],[12.3585872,47.4175649],[12.3584807,47.4173899],[12.3583464,47.4172583],[12.3581204,47.4167312],[12.3580607,47.416275],[12.3579349,47.4152598],[12.3577363,47.4143888],[12.3574046,47.413611],[12.3572625,47.4130073],[12.3571318,47.4126779],[12.3570205,47.4120825],[12.3571427,47.4115861],[12.3571924,47.4112362],[12.3572568,47.4108533],[12.357266,47.4101321],[12.3574006,47.4094988],[12.3575438,47.4093693],[12.3576888,47.40921],[12.3580063,47.4090305],[12.358562,47.4089364],[12.3593013,47.4087849],[12.3599246,47.4084831],[12.3601605,47.4083626],[12.3603648,47.4083163],[12.3604468,47.4082644],[12.3605896,47.4081461]]}},{"type":"Feature","id":371927276,"properties":{"kind":"run","name":"Kaser","subtype":"easy","pisteType":"downhill","featured":false},"geometry":{"type":"LineString","coordinates":[[12.330986,47.4379283],[12.3301778,47.4379316],[12.3295642,47.438042],[12.3277122,47.438574],[12.3261801,47.4388844],[12.3260269,47.4388584],[12.3258032,47.438807],[12.3255832,47.4387001],[12.3255296,47.4386855],[12.3252494,47.4387329],[12.3251382,47.4387888],[12.3251523,47.4386938],[12.3252229,47.4386279],[12.3254679,47.4384985],[12.3257402,47.4384368],[12.3259768,47.4384094],[12.3263493,47.4384523],[12.3269537,47.4383842],[12.3273661,47.4382785],[12.3280234,47.4380378],[12.3283809,47.437939],[12.3291502,47.4377211],[12.3301085,47.4375053],[12.3309842,47.4375513],[12.3312954,47.4365993],[12.3315806,47.4356009],[12.3317988,47.4347914],[12.3320274,47.4339249],[12.3323852,47.4313306],[12.3323793,47.4307103],[12.3327856,47.4307469],[12.3332543,47.4307835],[12.3331833,47.4310796],[12.3330828,47.4314992],[12.3327818,47.4341057],[12.3325629,47.4349127],[12.3323199,47.4354641],[12.3322084,47.4358773],[12.3319225,47.4364906],[12.3318388,47.4368863],[12.3316538,47.4373196],[12.3315215,47.4376936],[12.3313051,47.4378861],[12.330986,47.4379283]]}},{"type":"Feature","id":371927277,"properties":{"kind":"run","name":"Kaser-Fleck","subtype":"easy","pisteType":"downhill","featured":false},"geometry":{"type":"LineString","coordinates":[[12.3305894,47.4375257],[12.3303585,47.4377793],[12.3302898,47.4380679],[12.330446,47.4384354],[12.330722,47.4386689],[12.3309815,47.4388894],[12.3313407,47.4394204],[12.3315532,47.439681],[12.331614,47.4399485],[12.3316317,47.4400265],[12.3316843,47.4402933],[12.3317965,47.4407022],[12.3319232,47.441012],[12.331953,47.4411627],[12.3319664,47.4413302],[12.3318609,47.4414669],[12.3316998,47.4415995],[12.3313724,47.4417822],[12.330882,47.4420641],[12.3303867,47.4424285],[12.3301958,47.4426163],[12.3301529,47.4427723],[12.3303631,47.4436655],[12.3310827,47.4442359],[12.331273,47.4445128],[12.3318308,47.4455697],[12.3321176,47.4458522],[12.3323499,47.446081],[12.332865,47.4463674],[12.3336985,47.4469618],[12.3340693,47.4475436],[12.3346652,47.4490927],[12.3349863,47.4496195],[12.3355115,47.450023],[12.3353304,47.4502104],[12.3350822,47.4503755]]}},{"type":"Feature","id":372062822,"properties":{"kind":"run","name":"Kaser","subtype":"easy","pisteType":"downhill","featured":false},"geometry":{"type":"LineString","coordinates":[[12.3430764,47.4184978],[12.3428955,47.4185759],[12.3426521,47.4186232],[12.3424734,47.4187599],[12.3423541,47.4188588],[12.3407334,47.4195373],[12.3391489,47.4201939],[12.3383247,47.4206779],[12.3380671,47.4210582],[12.3379491,47.4212923],[12.3377891,47.421887],[12.3377521,47.4221787],[12.3377759,47.4224137],[12.3377333,47.4228415],[12.3376524,47.4230236],[12.3375067,47.4232377],[12.3374686,47.4233798],[12.3374912,47.4235846],[12.3375454,47.4238769],[12.3375499,47.4240802],[12.3375242,47.4243262],[12.3375299,47.4245258],[12.3375743,47.4247345],[12.3375709,47.424881],[12.3374983,47.4250695],[12.337275,47.4257675],[12.3365234,47.4267084],[12.3359883,47.427306],[12.3357875,47.4274885],[12.3355945,47.4276107],[12.335493,47.427683],[12.3353083,47.4276766],[12.3351319,47.4276308],[12.3349335,47.427559],[12.3347872,47.4275004],[12.3347196,47.4275581],[12.3347265,47.4276311],[12.3347775,47.4277522],[12.3349364,47.4279034],[12.3351055,47.4280614],[12.3352348,47.4281495],[12.3353385,47.4281904],[12.33568,47.4281881],[12.3358802,47.4281205],[12.3362305,47.4279443],[12.3365501,47.4277708],[12.3366242,47.4277383],[12.3367389,47.4277132],[12.3368137,47.4277332],[12.3368381,47.4277754],[12.3368383,47.4278048],[12.3367586,47.427905],[12.3359237,47.4284432],[12.3353043,47.428792],[12.3348889,47.4288804],[12.3344452,47.4289401],[12.3340227,47.4291518],[12.3339055,47.4295229],[12.3336257,47.4301722],[12.3335008,47.4305092],[12.3332543,47.4307835],[12.3327607,47.4311156],[12.3325655,47.4327487],[12.3323397,47.4341349],[12.3320846,47.4350038],[12.3319254,47.4356703],[12.3314374,47.436881],[12.3311917,47.4372982],[12.3307132,47.4374994],[12.3305894,47.4375257],[12.3301098,47.4376276],[12.3290611,47.4379905],[12.327443,47.4384589],[12.3268292,47.4386886],[12.3260613,47.4385858],[12.3257358,47.4385694],[12.3254846,47.4386219],[12.3252416,47.4386977],[12.3251382,47.4387888],[12.3251564,47.4388775],[12.3252112,47.4389813]]}},{"type":"Feature","id":372064747,"properties":{"kind":"run","name":"SunKid","subtype":"novice","pisteType":"downhill","featured":false},"geometry":{"type":"LineString","coordinates":[[12.4284402,47.462067],[12.4284874,47.4620708],[12.4285835,47.4620465],[12.4287151,47.4619322],[12.4287457,47.4617862]]}},{"type":"Feature","id":372064748,"properties":{"kind":"run","name":"Mapped ski run","subtype":"easy","pisteType":"downhill","featured":false},"geometry":{"type":"LineString","coordinates":[[12.4295659,47.4616302],[12.4292153,47.4609402]]}},{"type":"Feature","id":397804883,"properties":{"kind":"run","name":"Mapped ski run","subtype":"easy","pisteType":"nordic","featured":false},"geometry":{"type":"LineString","coordinates":[[12.3507476,47.4940873],[12.351042,47.4940685],[12.3512328,47.4943694],[12.3513964,47.4946211],[12.3516599,47.4947991],[12.3519643,47.4948759],[12.3521869,47.4948759],[12.352405,47.4948544],[12.3526686,47.4947685],[12.352873,47.4946764],[12.3530684,47.494529],[12.3531592,47.4943755],[12.3531274,47.4942343],[12.3529548,47.4939396],[12.3525306,47.4933499],[12.3520971,47.4928298],[12.3520219,47.4927401],[12.351867,47.4924352],[12.3518068,47.4921243],[12.3516481,47.491537],[12.3512416,47.4899904],[12.351164,47.4898158],[12.3510933,47.4895103],[12.3509764,47.4892805],[12.3508709,47.4889264],[12.3507917,47.4885775],[12.350705,47.4880807],[12.3506296,47.4877521],[12.3505165,47.4871917],[12.3504576,47.4869823],[12.3504336,47.4868809],[12.350362,47.4865778],[12.3502766,47.4858817],[12.3502534,47.4857876],[12.3501527,47.4857169],[12.3498735,47.4856291],[12.3498761,47.4855105],[12.3498925,47.4852867],[12.3499415,47.4846168],[12.3499338,47.4844546],[12.3496939,47.4838021],[12.3493877,47.4833614],[12.3487549,47.4825092],[12.3485666,47.4821306],[12.3481358,47.4814108],[12.3482425,47.4811053],[12.3477658,47.480509],[12.3472545,47.479637],[12.3469979,47.4793195],[12.3465106,47.4787919],[12.3464479,47.4783799],[12.3463446,47.4780775],[12.3463528,47.477854],[12.3464355,47.477634],[12.3466198,47.4774991],[12.3465889,47.4774426]]}},{"type":"Feature","id":397908879,"properties":{"kind":"run","name":"Ki-West Abfahrt","subtype":"intermediate","pisteType":"downhill","featured":false},"geometry":{"type":"LineString","coordinates":[[12.2642962,47.4019577],[12.2644473,47.401998],[12.2646108,47.4019632],[12.2649096,47.4017514],[12.2655494,47.4012615],[12.2660118,47.401075],[12.2669878,47.4008632],[12.2674595,47.4007304],[12.2675846,47.4007016],[12.2678679,47.4007156],[12.2690123,47.4006797],[12.2694056,47.4006514],[12.269706,47.4006695],[12.2702841,47.400754],[12.2705053,47.4007966],[12.270657,47.400871],[12.2711125,47.4010478],[12.2718774,47.4014687],[12.2723985,47.4016957],[12.273368,47.4022353],[12.2738216,47.4030148],[12.2739766,47.403478],[12.2741738,47.4041039],[12.2741717,47.4044383],[12.2740196,47.4050942],[12.2740292,47.4053817],[12.2742148,47.4056436],[12.2745532,47.4061462],[12.274808,47.4064774],[12.27496,47.4067042],[12.2751813,47.4067807],[12.2758941,47.406967],[12.2770092,47.4071427],[12.279357,47.4074763],[12.2811378,47.4082187],[12.2815912,47.4082496],[12.282954,47.4081863],[12.283692,47.4082337],[12.2846582,47.4078753],[12.2857196,47.4077012],[12.2865465,47.4076891],[12.2872081,47.407911],[12.2888155,47.4085217],[12.289722,47.4085458],[12.2921771,47.4080163],[12.2931391,47.407754],[12.2962114,47.4062143],[12.2964065,47.4063382],[12.296474,47.4063904],[12.2965244,47.4064372],[12.2965655,47.4064996],[12.2965951,47.4065494],[12.2966322,47.4066007],[12.2966841,47.4066725],[12.2967387,47.4067533],[12.2967525,47.4069766],[12.2967141,47.4070995],[12.2966401,47.4072163],[12.2965594,47.4073891],[12.2965388,47.4075352],[12.2965335,47.4075739],[12.2965299,47.4075999],[12.2965689,47.4076753],[12.2966202,47.4077029],[12.2966998,47.4077137],[12.2967511,47.4077053],[12.2967782,47.4076809],[12.296791,47.4076426],[12.2968022,47.4075754],[12.2968393,47.4074891],[12.2968999,47.4074176],[12.2969813,47.4073533],[12.2970607,47.4073062],[12.2971026,47.4072739],[12.2971667,47.4072072],[12.2972096,47.4071401],[12.2972381,47.4070796],[12.2973303,47.406891],[12.2973734,47.4067679],[12.297367,47.4065411],[12.2973757,47.4064421],[12.2973985,47.4063473],[12.2974743,47.4061753],[12.2976057,47.4059865],[12.2976497,47.4057576],[12.2975842,47.4056269],[12.2975123,47.4055017],[12.297431,47.4053779],[12.2973334,47.4052183],[12.2972481,47.4051192],[12.2971329,47.4049894],[12.2970331,47.4049552],[12.2969421,47.4049267],[12.2968473,47.4048856],[12.2967572,47.4048349],[12.2967252,47.4047992],[12.2967084,47.4047639],[12.2966841,47.4047001],[12.2966593,47.4046518],[12.2966247,47.4046155],[12.2965836,47.4045856],[12.2965299,47.404556],[12.2964183,47.4044971],[12.2963766,47.4044721],[12.296348,47.4044509],[12.2963126,47.4044178],[12.2962887,47.4043766],[12.2962458,47.4042927],[12.2962125,47.4042564],[12.2961726,47.4042228],[12.2961106,47.4041841],[12.2960363,47.4041453],[12.2958783,47.4040745],[12.2958072,47.4040412],[12.2956826,47.4039637],[12.2955587,47.4038903],[12.2955074,47.4038682],[12.2954539,47.4038402],[12.295415,47.40381],[12.2953957,47.4037804],[12.2953974,47.4037538],[12.2954165,47.4037355],[12.2954456,47.4037245],[12.2954803,47.4037215],[12.2955358,47.4037294],[12.2955971,47.4037429],[12.2956643,47.4037528],[12.2959303,47.4037578],[12.2960656,47.403766],[12.2962065,47.4037785],[12.2963032,47.4037883],[12.2963902,47.4038085],[12.2964655,47.403838],[12.2965331,47.4038698],[12.2965883,47.4038924],[12.2966255,47.4039021],[12.2966626,47.4038982],[12.2976236,47.4040176],[12.2991095,47.403611],[12.2998391,47.4034367],[12.3005274,47.4034078],[12.3012505,47.4034311],[12.3017649,47.4034077],[12.3020398,47.4034176],[12.3022522,47.4033529],[12.3024356,47.4032729],[12.3025698,47.4031766],[12.3027364,47.4031381],[12.3040821,47.4034765],[12.3046984,47.4036892],[12.3059538,47.4041103],[12.3062012,47.4042559],[12.3061789,47.4043825],[12.3060146,47.4043698]]}},{"type":"Feature","id":399046602,"properties":{"kind":"run","name":"Kapellenabfahrt","subtype":"intermediate","pisteType":"downhill","featured":false},"geometry":{"type":"LineString","coordinates":[[12.3682966,47.4169459],[12.3686001,47.4162558]]}},{"type":"Feature","id":400723830,"properties":{"kind":"run","name":"Ki-West Abfahrt","subtype":"intermediate","pisteType":"downhill","featured":false},"geometry":{"type":"LineString","coordinates":[[12.2968699,47.4039886],[12.2966626,47.4038982],[12.2969289,47.4038415],[12.2973661,47.4038506],[12.2978742,47.4038631],[12.2998526,47.4033361],[12.3010948,47.4032571],[12.3020823,47.4033361],[12.3023796,47.4032499],[12.3024999,47.4031612],[12.3027158,47.4031062],[12.302914,47.4031109],[12.3037422,47.4033169],[12.3049243,47.4036906],[12.3063293,47.4040404],[12.3062012,47.4042559],[12.3060391,47.404208],[12.3053808,47.4040212],[12.3044288,47.4037457],[12.3039828,47.4035277],[12.3036431,47.4034104],[12.3028114,47.4032187],[12.3026273,47.4031972],[12.3024964,47.4032906],[12.3020256,47.4034966],[12.3015443,47.4035397],[12.3007905,47.4034822],[12.299426,47.4037017],[12.2981091,47.4039958],[12.2978194,47.4040213],[12.2975995,47.4040666],[12.297181,47.4040412],[12.2968699,47.4039886]]}},{"type":"Feature","id":432920486,"properties":{"kind":"run","name":"Powder Heaven","subtype":"advanced","pisteType":"downhill","featured":false},"geometry":{"type":"LineString","coordinates":[[12.3715673,47.4048584],[12.3717256,47.4049417],[12.3718436,47.4050278],[12.3712841,47.4058866],[12.371034,47.4062201],[12.3706548,47.4070492],[12.3702923,47.4078838],[12.3698454,47.4081933],[12.3693019,47.4083745],[12.3692051,47.4085205],[12.3692762,47.4087219],[12.369254,47.4091487],[12.3692193,47.4095847],[12.3688201,47.4101463],[12.368139,47.4110321],[12.3680046,47.4114529],[12.3679565,47.4123221],[12.3679233,47.4125329],[12.3678349,47.4126458],[12.3674916,47.4124793],[12.3672574,47.412338],[12.3672509,47.4120971],[12.367291,47.4116222],[12.3673277,47.4113251],[12.3676008,47.4107943],[12.3679315,47.4102883],[12.3685993,47.4091048],[12.3688701,47.4084091],[12.3691428,47.4083157],[12.3693233,47.4080808],[12.3695052,47.4072527],[12.3697022,47.4067161],[12.3701069,47.4062957],[12.3707192,47.4056596],[12.3708251,47.4055266],[12.3710281,47.4053213],[12.3713418,47.4050235],[12.3715673,47.4048584]]}},{"type":"Feature","id":432920487,"properties":{"kind":"run","name":"Powder Heaven","subtype":"advanced","pisteType":"downhill","featured":false},"geometry":{"type":"LineString","coordinates":[[12.3697022,47.4067161],[12.3696406,47.4063118],[12.3697864,47.4057045],[12.3702183,47.4050479],[12.370622,47.4047518],[12.3709361,47.4046448],[12.3715673,47.4048584],[12.3710819,47.4050593],[12.3704931,47.4054844],[12.370179,47.4058753],[12.3701069,47.4062957],[12.3697022,47.4067161]]}},{"type":"Feature","id":432920489,"properties":{"kind":"run","name":"Melkalm","subtype":"easy","pisteType":"downhill","featured":false},"geometry":{"type":"LineString","coordinates":[[12.3674062,47.4135958],[12.3672627,47.4133364]]}},{"type":"Feature","id":432920491,"properties":{"kind":"run","name":"Melkalm","subtype":"easy","pisteType":"downhill","featured":false},"geometry":{"type":"LineString","coordinates":[[12.3674062,47.4135958],[12.3675364,47.4135392],[12.3677785,47.4134666],[12.3679781,47.4134818],[12.368066,47.4135404],[12.3681378,47.4136211],[12.3682077,47.4136997]]}},{"type":"Feature","id":432920493,"properties":{"kind":"run","name":"Melkalm","subtype":"easy","pisteType":"downhill","featured":false},"geometry":{"type":"LineString","coordinates":[[12.3682077,47.4136997],[12.3684522,47.4139699]]}},{"type":"Feature","id":440394935,"properties":{"kind":"lift","name":"Magic Carpet","subtype":"magic_carpet","status":"active"},"geometry":{"type":"LineString","coordinates":[[12.3848442,47.4391376],[12.384155,47.4382095]]}},{"type":"Feature","id":441146120,"properties":{"kind":"lift","name":"Mini Streif","subtype":"magic_carpet","status":"active"},"geometry":{"type":"LineString","coordinates":[[12.3844847,47.4453223],[12.3843775,47.4443918]]}},{"type":"Feature","id":466719790,"properties":{"kind":"run","name":"Mapped ski run","subtype":"intermediate","pisteType":"nordic","featured":false},"geometry":{"type":"LineString","coordinates":[[12.3450661,47.458841],[12.3449486,47.4588901]]}},{"type":"Feature","id":466719791,"properties":{"kind":"run","name":"Mapped ski run","subtype":"intermediate","pisteType":"nordic","featured":false},"geometry":{"type":"LineString","coordinates":[[12.3449486,47.4588901],[12.3449136,47.4589048]]}},{"type":"Feature","id":474426155,"properties":{"kind":"run","name":"Mini Streif","subtype":"novice","pisteType":"downhill","featured":true},"geometry":{"type":"LineString","coordinates":[[12.3843775,47.4443918],[12.3842851,47.4444867],[12.3842294,47.444646],[12.3842541,47.4447483],[12.3843034,47.4448308],[12.3843347,47.4449742],[12.3843266,47.4451141],[12.3843378,47.4452357],[12.3843989,47.4452916],[12.3844847,47.4453223]]}},{"type":"Feature","id":474426156,"properties":{"kind":"run","name":"Verbindung - Rasmusleiten","subtype":"novice","pisteType":"downhill","featured":false},"geometry":{"type":"LineString","coordinates":[[12.3839474,47.4454574],[12.3841541,47.4454518],[12.3844847,47.4453223],[12.3846124,47.445186],[12.3847123,47.4448683],[12.3847763,47.4446394],[12.3848229,47.444581],[12.3849441,47.4445017],[12.3851234,47.4444643],[12.3853027,47.444427],[12.3859021,47.4442663],[12.3860606,47.4442318],[12.3862791,47.4441595],[12.3866023,47.4440489],[12.3867739,47.4440093],[12.3870343,47.4438878],[12.3875325,47.4435338],[12.3881518,47.443172],[12.388516,47.4430202]]}},{"type":"Feature","id":474426157,"properties":{"kind":"run","name":"Hieslegg","subtype":"intermediate","pisteType":"downhill","featured":false},"geometry":{"type":"LineString","coordinates":[[12.3452516,47.3835761],[12.345176,47.3836181],[12.3451327,47.3836554],[12.3451236,47.3836798],[12.3450792,47.3838258],[12.3451567,47.3843326]]}},{"type":"Feature","id":474756979,"properties":{"kind":"lift","name":"Harlasangeralm","subtype":"goods","status":"active"},"geometry":{"type":"LineString","coordinates":[[12.2865577,47.4144313],[12.2904089,47.4133134],[12.2949332,47.4119948],[12.2967321,47.4114705],[12.3046808,47.4091537],[12.3070759,47.40846]]}},{"type":"Feature","id":475593125,"properties":{"kind":"run","name":"Unterberg","subtype":"intermediate","pisteType":"downhill","featured":false},"geometry":{"type":"LineString","coordinates":[[12.4081681,47.4634644],[12.4081179,47.4632927],[12.4079869,47.4632311],[12.4076567,47.4632426],[12.4071955,47.463335],[12.4065863,47.4635544],[12.4059771,47.4637777],[12.4056013,47.4646938],[12.4054931,47.4649902],[12.405533,47.4652249],[12.4056298,47.4653751],[12.4059201,47.4654713],[12.4061706,47.4655098],[12.4062333,47.4656753],[12.406182,47.4658754],[12.405328,47.4661256],[12.4046789,47.4661641],[12.4041893,47.4661757],[12.4040526,47.4662565],[12.404121,47.4663681],[12.4044227,47.4665452],[12.4046562,47.4666722],[12.4047017,47.4667415],[12.4046618,47.4667992],[12.4044227,47.4668223],[12.4032989,47.4670027],[12.4027297,47.4669858],[12.4021605,47.4669224],[12.401266,47.4667025],[12.4003528,47.4665672],[12.3998336,47.4665249],[12.3991205,47.4664742],[12.3985575,47.4664911],[12.3977882,47.4665376],[12.3963307,47.46636],[12.395505,47.4662078],[12.3950922,47.4657807],[12.3948232,47.4652563],[12.3936415,47.4642924],[12.39309,47.4638511],[12.3929506,47.4636497],[12.3929126,47.4634054],[12.3928555,47.4624712],[12.3924774,47.4607456],[12.3925344,47.4603684],[12.3927182,47.4601284],[12.3931176,47.4597042],[12.3934599,47.4593185],[12.3939648,47.4590233],[12.3942058,47.4588659],[12.3943305,47.4587423],[12.3943596,47.4585793],[12.3943471,47.4582197],[12.3942931,47.4579191],[12.3943845,47.4572026],[12.3944926,47.4569104],[12.3945334,47.4564508],[12.3943059,47.4561696],[12.3942732,47.4559296]]}},{"type":"Feature","id":476091881,"properties":{"kind":"run","name":"Hochsaukaser","subtype":"advanced","pisteType":"downhill","featured":false},"geometry":{"type":"LineString","coordinates":[[12.3447535,47.3807568],[12.352673,47.3795328],[12.3531071,47.3794132],[12.3537026,47.3791163],[12.3538669,47.3790053],[12.3535358,47.3788788],[12.3530553,47.3788412],[12.3448144,47.379626],[12.3447535,47.3807568]]}},{"type":"Feature","id":479614752,"properties":{"kind":"run","name":"Powder Heaven","subtype":"advanced","pisteType":"downhill","featured":false},"geometry":{"type":"LineString","coordinates":[[12.3713961,47.4047079],[12.3710655,47.404819],[12.3708643,47.4048944],[12.3705959,47.4050714],[12.3703179,47.4053135],[12.3699765,47.4058321],[12.3698778,47.4063199],[12.3702352,47.406949]]}},{"type":"Feature","id":510433884,"properties":{"kind":"run","name":"Asten","subtype":"intermediate","pisteType":"downhill","featured":false},"geometry":{"type":"LineString","coordinates":[[12.3843558,47.4345048],[12.3843484,47.4346137],[12.3843543,47.4347997],[12.384443,47.4349796],[12.384644,47.4352976],[12.3847209,47.4354896],[12.3848451,47.4356496],[12.3851259,47.4359256],[12.3852915,47.4361615],[12.385345,47.4362719]]}},{"type":"Feature","id":510433886,"properties":{"kind":"lift","name":"Jufen","subtype":"chair_lift","status":"active"},"geometry":{"type":"LineString","coordinates":[[12.3605896,47.4081461],[12.3607856,47.4079328],[12.3611509,47.4075352],[12.3620112,47.4065988],[12.3620875,47.4065158],[12.3630936,47.4054207],[12.3639433,47.4044957],[12.3648707,47.4034863],[12.3653138,47.403004],[12.3657655,47.4025122],[12.366286,47.4019457],[12.3665638,47.4016433]]}},{"type":"Feature","id":510433888,"properties":{"kind":"run","name":"Direttissima","subtype":"advanced","pisteType":"downhill","featured":false},"geometry":{"type":"LineString","coordinates":[[12.3608844,47.4066629],[12.3610812,47.4068103],[12.361176,47.406869],[12.361419,47.4070335],[12.3616637,47.4071037],[12.3619274,47.4071972]]}},{"type":"Feature","id":510433889,"properties":{"kind":"run","name":"Jufen","subtype":"intermediate","pisteType":"downhill","featured":false},"geometry":{"type":"LineString","coordinates":[[12.3623179,47.4023417],[12.3622231,47.4025371],[12.361916,47.4032847],[12.3615997,47.4040628],[12.3613514,47.4047599],[12.3613067,47.4048593]]}},{"type":"Feature","id":510433890,"properties":{"kind":"run","name":"Brunn-Kälberwald","subtype":"intermediate","pisteType":"downhill","featured":false},"geometry":{"type":"LineString","coordinates":[[12.3460567,47.3924804],[12.3457662,47.3925892],[12.3453378,47.3926654],[12.344574,47.3927448],[12.3441305,47.3928484],[12.3439941,47.3929102],[12.3438994,47.3929903],[12.3438755,47.3930824],[12.3439027,47.3931521],[12.3439785,47.3931999],[12.3441588,47.3932624],[12.3442421,47.3933174],[12.3443024,47.3934017],[12.3443279,47.3934942],[12.3443077,47.39361],[12.3441233,47.3938086],[12.343989,47.3939339],[12.343538,47.3944024],[12.3433369,47.394537],[12.3429295,47.3947009],[12.3412232,47.3952396],[12.3410228,47.3953536],[12.340955,47.3954482],[12.3409615,47.3955551],[12.3410057,47.3956585],[12.3410586,47.3957128],[12.3411847,47.3957497],[12.3414122,47.395849],[12.3415462,47.3959721],[12.3416777,47.3962867],[12.3416105,47.3966055],[12.3416371,47.3968405],[12.3418667,47.3970991],[12.3421321,47.3981403],[12.3421303,47.3983954],[12.3420737,47.3987912],[12.3420073,47.3990951],[12.341886,47.3993163],[12.3417225,47.3994686],[12.3415739,47.399903],[12.3413183,47.4006328],[12.3409171,47.4010918],[12.3406792,47.401234],[12.3404785,47.4013053],[12.3400469,47.4014475],[12.3396472,47.4014832],[12.33924,47.4014479],[12.3389104,47.4013506],[12.3386372,47.4013261],[12.3383828,47.4013853],[12.3380381,47.4015736],[12.3371646,47.4020871],[12.3369797,47.4021969],[12.336778,47.4022785],[12.3363448,47.4024027]]}},{"type":"Feature","id":510433891,"properties":{"kind":"run","name":"Mapped ski run","subtype":"expert","pisteType":"downhill","featured":false},"geometry":{"type":"LineString","coordinates":[[12.3460567,47.3924804],[12.3453575,47.392159],[12.3442918,47.3919221],[12.3429954,47.3916529],[12.3417945,47.3915452],[12.3412971,47.3915169],[12.3405587,47.3915738],[12.3395915,47.3919597],[12.3384919,47.3923562]]}},{"type":"Feature","id":510780095,"properties":{"kind":"run","name":"Hahnenkamm","subtype":"easy","pisteType":"downhill","featured":false},"geometry":{"type":"LineString","coordinates":[[12.3698195,47.4248394],[12.3698746,47.4250057]]}},{"type":"Feature","id":510780097,"properties":{"kind":"run","name":"Kaser","subtype":"intermediate","pisteType":"downhill","featured":false},"geometry":{"type":"LineString","coordinates":[[12.3221462,47.4402634],[12.3218705,47.4402515],[12.3217031,47.4401855],[12.3215312,47.4400252],[12.3212709,47.4396448],[12.3210571,47.4393996],[12.3208898,47.4391858],[12.3206667,47.4390098],[12.3204756,47.4389132]]}},{"type":"Feature","id":510780101,"properties":{"kind":"run","name":"Larchenhang","subtype":"advanced","pisteType":"downhill","featured":false},"geometry":{"type":"LineString","coordinates":[[12.4228083,47.4625634],[12.4225141,47.4626351],[12.4223222,47.4626853],[12.4220296,47.4627374],[12.4216831,47.462804],[12.4213118,47.4628998],[12.4206183,47.4631073],[12.4197991,47.4632857],[12.4185611,47.4635565],[12.4173231,47.4635863],[12.4163574,47.4635941],[12.4156692,47.4635026],[12.4143553,47.4632587],[12.4136146,47.4631309],[12.412798,47.4632806],[12.4122115,47.4633635],[12.4112053,47.4637622],[12.4107618,47.4638616]]}},{"type":"Feature","id":521264152,"properties":{"kind":"run","name":"Eggl","subtype":"easy","pisteType":"downhill","featured":false},"geometry":{"type":"LineString","coordinates":[[12.4322527,47.4596174],[12.4316211,47.45977],[12.4311267,47.4597729],[12.4306323,47.4598243],[12.4303365,47.4600186],[12.4301126,47.4603043],[12.4297699,47.4608213],[12.4297361,47.4608748],[12.4296425,47.461023],[12.4296301,47.4611894],[12.4296921,47.4612368],[12.4297416,47.4612442],[12.4298127,47.4612224]]}},{"type":"Feature","id":521264153,"properties":{"kind":"run","name":"Eggl","subtype":"easy","pisteType":"downhill","featured":false},"geometry":{"type":"LineString","coordinates":[[12.4350453,47.4573895],[12.4350677,47.4574538],[12.434802,47.4577921],[12.4342274,47.4582651],[12.4338707,47.4586421]]}},{"type":"Feature","id":521264154,"properties":{"kind":"run","name":"Brunellenfeld","subtype":"intermediate","pisteType":"downhill","featured":false},"geometry":{"type":"LineString","coordinates":[[12.4293068,47.4687773],[12.4292406,47.4684924],[12.4291468,47.4682661],[12.4287987,47.4679448],[12.4284439,47.4676008],[12.428002,47.4672025],[12.4276271,47.466854],[12.4273995,47.4663607],[12.4272254,47.4658991],[12.4269777,47.4656411],[12.4268412,47.4654496]]}},{"type":"Feature","id":522944936,"properties":{"kind":"run","name":"Übungswiese","subtype":"easy","pisteType":"downhill","featured":false},"geometry":{"type":"LineString","coordinates":[[12.3315044,47.4738391],[12.3315141,47.4739679],[12.3316239,47.4740265],[12.3317976,47.474119],[12.3326283,47.4743603],[12.333529,47.4745993],[12.3363692,47.4751471],[12.3378777,47.4754912],[12.3383572,47.475581],[12.3385328,47.4756139],[12.3388504,47.4755728]]}},{"type":"Feature","id":522944938,"properties":{"kind":"run","name":"Übungswiese","subtype":"easy","pisteType":"downhill","featured":false},"geometry":{"type":"LineString","coordinates":[[12.3320773,47.4755467],[12.334018,47.4761104],[12.3372231,47.4769917],[12.338199,47.4773101],[12.3386869,47.4772476],[12.3391664,47.4766847],[12.3389477,47.4762924],[12.3387019,47.4760199],[12.3385328,47.4756139],[12.3383572,47.475581],[12.3378777,47.4754912],[12.3363692,47.4751471],[12.3350201,47.4747926],[12.334302,47.4746319],[12.3317819,47.4740167],[12.3316239,47.4740265],[12.3317316,47.4741682],[12.3326098,47.4744371],[12.3329894,47.4745577],[12.3326464,47.4746937],[12.3320655,47.4748668],[12.3315487,47.4751018],[12.3314301,47.4751754],[12.3313795,47.4752069],[12.3316585,47.4754295],[12.3320773,47.4755467]]}},{"type":"Feature","id":522944939,"properties":{"kind":"run","name":"Übungswiese","subtype":"easy","pisteType":"downhill","featured":false},"geometry":{"type":"LineString","coordinates":[[12.3315141,47.4739679],[12.3314779,47.4744322],[12.3313792,47.4747657],[12.331348,47.4750782],[12.3314301,47.4751754],[12.3325738,47.4754327],[12.3361369,47.4757768],[12.3383572,47.475581]]}},{"type":"Feature","id":541396249,"properties":{"kind":"run","name":"Pengelstein II","subtype":"easy","pisteType":"downhill","featured":false},"geometry":{"type":"LineString","coordinates":[[12.3384919,47.3923562],[12.3377753,47.3929556],[12.337438,47.3931841],[12.3371008,47.3932799],[12.3360739,47.3935207],[12.3342723,47.3938348],[12.3332564,47.3945421],[12.332961,47.3948986],[12.3328212,47.3951743]]}},{"type":"Feature","id":541396251,"properties":{"kind":"run","name":"Pengelstein II","subtype":"easy","pisteType":"downhill","featured":false},"geometry":{"type":"LineString","coordinates":[[12.331779,47.3951374],[12.3316877,47.3953084],[12.3317099,47.395502]]}},{"type":"Feature","id":543525772,"properties":{"kind":"run","name":"Direttissima","subtype":"advanced","pisteType":"downhill","featured":false},"geometry":{"type":"LineString","coordinates":[[12.3628607,47.4023448],[12.3631614,47.4030602],[12.3634112,47.4039478],[12.3635019,47.4044815],[12.3634093,47.404409],[12.363318,47.4043596],[12.3632011,47.4043299],[12.3630732,47.4043101],[12.3630221,47.4042977],[12.3629454,47.4042508],[12.3628431,47.4040999],[12.3626751,47.4036846],[12.3623138,47.403],[12.3622231,47.4025371],[12.3622845,47.4024004],[12.3628607,47.4023448]]}},{"type":"Feature","id":543525773,"properties":{"kind":"run","name":"Direttissima","subtype":"advanced","pisteType":"downhill","featured":false},"geometry":{"type":"LineString","coordinates":[[12.3640265,47.405798],[12.3643674,47.4061336],[12.3641795,47.4065204],[12.3640596,47.406891],[12.3638158,47.407294],[12.363636,47.4076267],[12.363616,47.4077349],[12.363608,47.4079296],[12.363652,47.4080757],[12.3638985,47.4082937],[12.3642039,47.4085765],[12.3646058,47.4088539],[12.364875,47.4091096],[12.3649554,47.4092619],[12.3649916,47.4095257],[12.3650327,47.4097498],[12.3651068,47.4101379],[12.3650368,47.4104781],[12.3652831,47.4108564],[12.3653236,47.4110808],[12.3649808,47.4108726],[12.3648692,47.4107366],[12.3646774,47.4105148],[12.3643936,47.4101172],[12.3641032,47.4098004],[12.3640468,47.4097421],[12.3639909,47.4096722],[12.3638653,47.4095399],[12.3637759,47.4094662],[12.3637005,47.4093509],[12.3636614,47.4092999],[12.3636272,47.4092424],[12.3633772,47.4088678],[12.3631512,47.408607],[12.3630306,47.4085821],[12.3628498,47.4084868],[12.3627024,47.4083214],[12.3625349,47.4081785],[12.3624176,47.4080606],[12.3623496,47.4079588],[12.3623157,47.4078754],[12.3623014,47.4078028],[12.3622965,47.407744],[12.3623042,47.4076289],[12.3623014,47.4075158],[12.3622753,47.4074469],[12.3624473,47.4072123],[12.3626271,47.4068905],[12.362855,47.4064874],[12.3632027,47.4060574],[12.3635144,47.4057436],[12.3640265,47.405798]]}},{"type":"Feature","id":543525774,"properties":{"kind":"run","name":"Direttissima","subtype":"advanced","pisteType":"downhill","featured":false},"geometry":{"type":"LineString","coordinates":[[12.3674822,47.4099816],[12.3678162,47.4095318],[12.3682637,47.4088678],[12.3684262,47.408481],[12.3682395,47.4076988],[12.3680919,47.40704],[12.3679527,47.4064259],[12.367523,47.4060424],[12.3671678,47.406351],[12.3673089,47.406552],[12.3673533,47.4066619],[12.3674936,47.407158],[12.367489,47.4073113],[12.3674751,47.4094579],[12.3674822,47.4099816]]}},{"type":"Feature","id":547439924,"properties":{"kind":"run","name":"Streif-Rennstrecke","subtype":"intermediate","pisteType":"downhill","featured":true},"geometry":{"type":"LineString","coordinates":[[12.3821449,47.4418948],[12.3829477,47.4422937],[12.3833373,47.442485],[12.3850171,47.4433657],[12.3862791,47.4441595],[12.3870423,47.4443561],[12.3875775,47.4441594]]}},{"type":"Feature","id":547439925,"properties":{"kind":"run","name":"Streif Familienabfahrt","subtype":"intermediate","pisteType":"downhill","featured":true},"geometry":{"type":"LineString","coordinates":[[12.3785611,47.4419599],[12.3791745,47.4419642],[12.3799073,47.4419027],[12.3809171,47.4418625],[12.3810662,47.4418566],[12.3821449,47.4418948]]}},{"type":"Feature","id":547439926,"properties":{"kind":"run","name":"Rasmusleiten","subtype":"novice","pisteType":"downhill","featured":false},"geometry":{"type":"LineString","coordinates":[[12.3827392,47.4412678],[12.3827536,47.4413993],[12.3827896,47.4415642],[12.3828264,47.4418987],[12.3828451,47.4420687],[12.3829477,47.4422937]]}},{"type":"Feature","id":547439927,"properties":{"kind":"run","name":"Rasmusleiten","subtype":"novice","pisteType":"downhill","featured":false},"geometry":{"type":"LineString","coordinates":[[12.3828264,47.4418987],[12.3831742,47.4420192],[12.3838754,47.4421558],[12.3843366,47.4424548],[12.384733,47.4427745],[12.3851522,47.443107],[12.3854724,47.4432204],[12.3861247,47.4433882]]}},{"type":"Feature","id":548403609,"properties":{"kind":"run","name":"Kaser-Fleck","subtype":"intermediate","pisteType":"downhill","featured":false},"geometry":{"type":"LineString","coordinates":[[12.3281123,47.4471763],[12.3277475,47.4473918],[12.3271187,47.4475762],[12.3267535,47.4476611],[12.3264864,47.4477054],[12.3261244,47.4476644],[12.325562,47.4475441],[12.3245211,47.4472862],[12.3233995,47.4469299]]}},{"type":"Feature","id":568734952,"properties":{"kind":"run","name":"Kaser-Nord","subtype":"intermediate","pisteType":"downhill","featured":false},"geometry":{"type":"LineString","coordinates":[[12.3459041,47.419751],[12.3460369,47.4196729],[12.3461202,47.4196437],[12.346508,47.4196017]]}},{"type":"Feature","id":579029875,"properties":{"kind":"run","name":"Alpenhaus","subtype":"easy","pisteType":"downhill","featured":false},"geometry":{"type":"LineString","coordinates":[[12.4296022,47.4668822],[12.4296868,47.4669199],[12.4297655,47.4669249],[12.4298644,47.4669103],[12.4299308,47.4668821],[12.429979,47.4667912],[12.4299621,47.4666907],[12.4297274,47.466442],[12.4295135,47.4662415],[12.4293481,47.4660367],[12.4292694,47.465928],[12.4290449,47.4654298],[12.428895,47.4651374],[12.4287897,47.4649706],[12.4289284,47.4646201],[12.4290597,47.4641688],[12.4291747,47.4637737],[12.4291625,47.4634744],[12.4289886,47.4630466],[12.4288975,47.4628258],[12.4289142,47.4623904],[12.4290177,47.4621022],[12.4290509,47.4620079],[12.4291265,47.4617934],[12.4292431,47.4616722],[12.4293251,47.4616122],[12.4293865,47.461587],[12.4294616,47.461586],[12.4295659,47.4616302]]}},{"type":"Feature","id":622407117,"properties":{"kind":"run","name":"Hornköpfl direkt","subtype":"advanced","pisteType":"downhill","featured":false},"geometry":{"type":"LineString","coordinates":[[12.4330585,47.466917],[12.4330873,47.4667984],[12.4331003,47.4665832],[12.4329769,47.4663813],[12.4329638,47.4663576],[12.4327561,47.4659818],[12.4324768,47.4654944],[12.4323469,47.4651125],[12.4320482,47.4646691],[12.4318404,47.4643617],[12.4316131,47.4639183],[12.4313338,47.4634002],[12.4310026,47.4627241],[12.4306649,47.4621577],[12.430522,47.4619601],[12.4302349,47.4616719],[12.4299885,47.4615146],[12.4298543,47.4614275]]}},{"type":"Feature","id":702275128,"properties":{"kind":"run","name":"Direttissima","subtype":"advanced","pisteType":"downhill","featured":false},"geometry":{"type":"LineString","coordinates":[[12.3601605,47.4083626],[12.3603989,47.4081404],[12.3605891,47.4078872],[12.3607206,47.4076608],[12.3609277,47.407526],[12.3614614,47.4073023],[12.3616127,47.4072376],[12.3619274,47.4071972],[12.3621566,47.407244],[12.3623719,47.4073348],[12.3625086,47.4074762],[12.3629097,47.407931]]}},{"type":"Feature","id":702275129,"properties":{"kind":"run","name":"Kaser","subtype":"easy","pisteType":"downhill","featured":false},"geometry":{"type":"LineString","coordinates":[[12.3577581,47.4170998],[12.3576764,47.417268],[12.3574235,47.4170646],[12.356917,47.4167147],[12.3562432,47.4164294],[12.3548901,47.4162538],[12.3539195,47.4160178],[12.3527382,47.415666],[12.3512016,47.4155502],[12.3503099,47.4156148],[12.3498493,47.4156949],[12.3488523,47.4159399],[12.3473026,47.416256],[12.3461973,47.4165664],[12.3457315,47.4167931],[12.3456668,47.4168306],[12.3448208,47.4173043],[12.3455291,47.4166301],[12.3459351,47.416324],[12.3463486,47.4161415],[12.346858,47.4158472],[12.34751,47.4156731],[12.3484695,47.4154691],[12.3494515,47.4152227],[12.3516832,47.4148691],[12.3520079,47.4148912],[12.3529499,47.4150181],[12.3535817,47.4151399],[12.3541943,47.4152954],[12.3548108,47.4155052],[12.3553813,47.4156244],[12.3560054,47.4157047],[12.3567023,47.4158498],[12.3571963,47.4160053],[12.3575102,47.4162048],[12.357658,47.4164177],[12.3578789,47.4170207],[12.3577581,47.4170998]]}},{"type":"Feature","id":702275131,"properties":{"kind":"run","name":"Mapped ski run","subtype":"easy","pisteType":"downhill","featured":false},"geometry":{"type":"LineString","coordinates":[[12.3591396,47.4186541],[12.3586986,47.4187149]]}},{"type":"Feature","id":704921357,"properties":{"kind":"run","name":"Mapped ski run","subtype":"easy","pisteType":"downhill","featured":false},"geometry":{"type":"LineString","coordinates":[[12.3487691,47.3906567],[12.3484433,47.3906125],[12.348331,47.3905897]]}},{"type":"Feature","id":720155231,"properties":{"kind":"run","name":"Hornköpfl direkt","subtype":"advanced","pisteType":"downhill","featured":false},"geometry":{"type":"LineString","coordinates":[[12.4329638,47.4663576],[12.4326931,47.4662464],[12.4321912,47.4660795],[12.4316735,47.4658015],[12.4311765,47.4652677],[12.4302544,47.4640106],[12.4294642,47.4633755],[12.4289886,47.4630466]]}},{"type":"Feature","id":759139665,"properties":{"kind":"lift","name":"Magic Carpet","subtype":"magic_carpet","status":"active"},"geometry":{"type":"LineString","coordinates":[[12.415775,47.3834571],[12.4155839,47.3831757]]}},{"type":"Feature","id":768998531,"properties":{"kind":"run","name":"Pengelstein Süd","subtype":"intermediate","pisteType":"downhill","featured":false},"geometry":{"type":"LineString","coordinates":[[12.3952617,47.3862452],[12.3953736,47.3862521]]}},{"type":"Feature","id":768998532,"properties":{"kind":"run","name":"Pengelstein Süd","subtype":"intermediate","pisteType":"downhill","featured":false},"geometry":{"type":"LineString","coordinates":[[12.3889843,47.3847606],[12.3891349,47.3848479],[12.3898294,47.3852892],[12.3899955,47.3853843],[12.3900801,47.3854262],[12.390169,47.3854527],[12.3906122,47.3855658],[12.3908452,47.3856161],[12.3910572,47.3856567],[12.3912164,47.3857012],[12.3913863,47.3857547],[12.391662,47.3858616],[12.3918885,47.3859374],[12.3928326,47.386196],[12.3929714,47.3862165],[12.3931014,47.386222],[12.3932616,47.3862184],[12.3934623,47.3861955],[12.3937167,47.3861655],[12.3938273,47.3861662],[12.3939727,47.3861799],[12.3940645,47.386222],[12.394186,47.3862842],[12.3943142,47.3863278],[12.3944563,47.3863477],[12.3945937,47.386342],[12.3949492,47.3862778],[12.3950712,47.3862542],[12.3951697,47.3862425],[12.3952617,47.3862452]]}},{"type":"Feature","id":772228649,"properties":{"kind":"run","name":"Mapped ski run","subtype":"intermediate","pisteType":"nordic","featured":false},"geometry":{"type":"LineString","coordinates":[[12.3451884,47.4593777],[12.345242,47.459485],[12.3452723,47.4595827],[12.3453132,47.4597057],[12.3453569,47.4598463],[12.3453766,47.4599106],[12.3453872,47.4599731],[12.3454027,47.4600474],[12.3454161,47.460107],[12.3454288,47.4601342],[12.345457,47.4601585],[12.3455007,47.4601942],[12.3455423,47.4602319],[12.3455839,47.4602743],[12.3456417,47.4603448],[12.3457129,47.4604339],[12.3457742,47.460514],[12.3458102,47.4605512],[12.3458539,47.460595],[12.34593,47.460664],[12.3459413,47.4606742],[12.3462938,47.4609678],[12.3463375,47.4610288],[12.3463468,47.4610816],[12.3463073,47.4611671],[12.3458924,47.4616498],[12.3458297,47.4618938],[12.345815,47.4619524],[12.3457513,47.4622073],[12.3456905,47.4624776],[12.345387,47.4638274],[12.345288,47.4641978]]}},{"type":"Feature","id":772228650,"properties":{"kind":"run","name":"Mapped ski run","subtype":"easy","pisteType":"nordic","featured":false},"geometry":{"type":"LineString","coordinates":[[12.3465889,47.4774426],[12.3465035,47.4773765],[12.3463736,47.4771159],[12.3461475,47.4769749],[12.3461187,47.476842],[12.3461489,47.4763935],[12.3461623,47.4762604],[12.3462294,47.4758578],[12.3462385,47.4752643],[12.3460598,47.4741335],[12.3457608,47.4734017],[12.3456959,47.473004],[12.3456397,47.472468],[12.3455808,47.4723182],[12.3454849,47.4721596],[12.3454044,47.471725],[12.3454553,47.471336],[12.3454903,47.4709113],[12.3457369,47.4699425],[12.3463005,47.467245],[12.3464676,47.4671326],[12.3467036,47.4671038],[12.3472466,47.4670844],[12.3476277,47.4668942],[12.3479811,47.4665162],[12.3485778,47.4655426],[12.3491248,47.4647854],[12.3498827,47.4628354],[12.3499836,47.4624009],[12.3501995,47.4620938],[12.3510333,47.4614986],[12.3519824,47.4606935],[12.352985,47.4598682],[12.3536679,47.4594081],[12.3544061,47.4592974],[12.3550983,47.4590475],[12.355185,47.4589841],[12.3552175,47.4589027],[12.3551562,47.4588491],[12.3546904,47.4585933],[12.3539328,47.45841],[12.3533435,47.4581552],[12.3530716,47.4581238],[12.3521523,47.4581158],[12.3502632,47.458098],[12.3499997,47.4581033],[12.3498324,47.4581715],[12.3497797,47.4582204]]}},{"type":"Feature","id":772228652,"properties":{"kind":"run","name":"Mapped ski run","subtype":"intermediate","pisteType":"nordic","featured":false},"geometry":{"type":"LineString","coordinates":[[12.3449136,47.4589048],[12.3448061,47.4589649],[12.3448076,47.4590442],[12.3449837,47.4591555],[12.3451884,47.4593777]]}},{"type":"Feature","id":772228654,"properties":{"kind":"run","name":"Mapped ski run","subtype":"easy","pisteType":"nordic","featured":false},"geometry":{"type":"LineString","coordinates":[[12.3477143,47.4579608],[12.3467435,47.4578978],[12.3464939,47.4578567],[12.3456546,47.4575759],[12.3454606,47.4575828],[12.3452801,47.4576685],[12.3451018,47.4577894],[12.3451131,47.4578996]]}},{"type":"Feature","id":772228656,"properties":{"kind":"run","name":"Mapped ski run","subtype":"intermediate","pisteType":"nordic","featured":false},"geometry":{"type":"LineString","coordinates":[[12.3453935,47.4586526],[12.3453436,47.4586833],[12.3453101,47.4587098],[12.3452604,47.4587464],[12.3452115,47.4587758],[12.3451365,47.4588116]]}},{"type":"Feature","id":772228658,"properties":{"kind":"run","name":"Mapped ski run","subtype":"intermediate","pisteType":"nordic","featured":false},"geometry":{"type":"LineString","coordinates":[[12.3390419,47.4749805],[12.3390185,47.4754875]]}},{"type":"Feature","id":772228659,"properties":{"kind":"run","name":"Mapped ski run","subtype":"intermediate","pisteType":"nordic","featured":false},"geometry":{"type":"LineString","coordinates":[[12.3375804,47.4778277],[12.3376271,47.4777223],[12.3379816,47.4774901],[12.3386785,47.477368],[12.339495,47.476972],[12.3404917,47.4762861],[12.3406673,47.4760113],[12.3406998,47.4757368],[12.3405918,47.4755421],[12.3399855,47.4753281],[12.3390419,47.4749805],[12.3380632,47.4740584],[12.3372452,47.4731747],[12.3371503,47.4729663],[12.3370793,47.4728159],[12.3371219,47.472394],[12.3373839,47.471477],[12.337801,47.4711066],[12.3381694,47.4709748],[12.3390349,47.4701232],[12.3393835,47.4698476],[12.3403256,47.4684556],[12.3405893,47.4677593],[12.3406017,47.4673555],[12.3408202,47.4667355]]}},{"type":"Feature","id":772228660,"properties":{"kind":"run","name":"Mapped ski run","subtype":"intermediate","pisteType":"nordic","featured":false},"geometry":{"type":"LineString","coordinates":[[12.3408787,47.466569],[12.3422984,47.4660113],[12.3429971,47.4654555],[12.3438173,47.4647882],[12.3445554,47.4642763],[12.3447656,47.4642166],[12.3450576,47.4642596],[12.345244,47.4642602],[12.345288,47.4641978]]}},{"type":"Feature","id":772379989,"properties":{"kind":"run","name":"Mapped ski run","subtype":"easy","pisteType":"nordic","featured":false},"geometry":{"type":"LineString","coordinates":[[12.3451131,47.4578996],[12.3445477,47.4581509]]}},{"type":"Feature","id":772379990,"properties":{"kind":"run","name":"Mapped ski run","subtype":"easy","pisteType":"nordic","featured":false},"geometry":{"type":"LineString","coordinates":[[12.3431262,47.4564359],[12.3432012,47.4563654],[12.3433587,47.4563282],[12.3437139,47.4563852],[12.3440179,47.4564818],[12.3444097,47.4565313],[12.3445379,47.4564768],[12.3446921,47.4563892]]}},{"type":"Feature","id":772379991,"properties":{"kind":"run","name":"Mapped ski run","subtype":"easy","pisteType":"nordic","featured":false},"geometry":{"type":"LineString","coordinates":[[12.3467294,47.4572813],[12.346845,47.4573756],[12.346878,47.4574376],[12.346878,47.4574995],[12.3469549,47.4575688],[12.347171,47.4576455],[12.3481268,47.4578387],[12.3485919,47.4579204],[12.3494232,47.4580467],[12.3499997,47.4581033]]}},{"type":"Feature","id":772379992,"properties":{"kind":"run","name":"Mapped ski run","subtype":"easy","pisteType":"nordic","featured":false},"geometry":{"type":"LineString","coordinates":[[12.3451131,47.4578996],[12.3455291,47.4582551],[12.3455819,47.4583506],[12.3455588,47.4584406],[12.3453935,47.4586526]]}},{"type":"Feature","id":821504767,"properties":{"kind":"lift","name":"Melkalm","subtype":"explosive","status":"active"},"geometry":{"type":"LineString","coordinates":[[12.3633061,47.4193621],[12.3631107,47.4182378],[12.3650951,47.4191001],[12.3633061,47.4193621]]}},{"type":"Feature","id":846205762,"properties":{"kind":"run","name":"Mapped ski run","subtype":"unknown","pisteType":"sled","featured":false},"geometry":{"type":"LineString","coordinates":[[12.3117806,47.4415649],[12.3125565,47.4412752],[12.3133736,47.4411005],[12.3143368,47.4407972],[12.3146308,47.4407333],[12.3148758,47.4407558],[12.3150618,47.4407997],[12.3151809,47.4408729],[12.3154211,47.4411699],[12.315539,47.441344],[12.3156169,47.4413843],[12.3156816,47.4414131],[12.3158507,47.4414367],[12.3162461,47.4414134],[12.316406,47.4412701]]}},{"type":"Feature","id":846205763,"properties":{"kind":"run","name":"Mapped ski run","subtype":"unknown","pisteType":"sled","featured":false},"geometry":{"type":"LineString","coordinates":[[12.3076659,47.4431201],[12.3079546,47.4430225]]}},{"type":"Feature","id":850463475,"properties":{"kind":"run","name":"Mapped ski run","subtype":"unknown","pisteType":"downhill","featured":false},"geometry":{"type":"LineString","coordinates":[[12.3316688,47.3951028],[12.331779,47.3951374]]}},{"type":"Feature","id":956695992,"properties":{"kind":"run","name":"Walde","subtype":"easy","pisteType":"downhill","featured":false},"geometry":{"type":"LineString","coordinates":[[12.3683734,47.424373],[12.3685102,47.4246242],[12.3685809,47.4248052],[12.368611,47.4250055],[12.3685859,47.425134],[12.3685511,47.4252351],[12.3685023,47.4253285],[12.3683935,47.4254239],[12.3682177,47.4255332],[12.3681322,47.4255611],[12.3672956,47.4256493],[12.3668656,47.4256934],[12.3664834,47.4257549],[12.3662091,47.4257751],[12.3659943,47.4257791],[12.3656516,47.4257462],[12.3655407,47.4257441],[12.365491,47.4257572],[12.3654657,47.4257687],[12.3654586,47.4257925],[12.365477,47.4258141],[12.365526,47.4258301],[12.3658282,47.4259219],[12.3662894,47.426017],[12.3665089,47.426049],[12.3669243,47.4261142],[12.3671943,47.4261537],[12.3673175,47.4261847]]}},{"type":"Feature","id":956695993,"properties":{"kind":"run","name":"Walde","subtype":"easy","pisteType":"downhill","featured":false},"geometry":{"type":"LineString","coordinates":[[12.3688625,47.4281704],[12.3687298,47.428162],[12.3685464,47.4281131],[12.3682256,47.4280005],[12.3680372,47.4279751]]}},{"type":"Feature","id":956695994,"properties":{"kind":"run","name":"Walde","subtype":"easy","pisteType":"downhill","featured":false},"geometry":{"type":"LineString","coordinates":[[12.3678992,47.4264524],[12.3680621,47.4265626],[12.3681587,47.4266466],[12.3683161,47.4267923],[12.368501,47.4269868],[12.3686805,47.4271322],[12.3689565,47.4274235],[12.369089,47.4275094],[12.3693954,47.427741],[12.3694369,47.4277858],[12.3694589,47.4278474],[12.3694534,47.4278979],[12.3694065,47.4279576],[12.3693209,47.4280193],[12.3690476,47.4281238],[12.3688625,47.4281704]]}},{"type":"Feature","id":956695995,"properties":{"kind":"run","name":"Walde","subtype":"easy","pisteType":"downhill","featured":false},"geometry":{"type":"LineString","coordinates":[[12.3673175,47.4261847],[12.3677808,47.4263979],[12.3678992,47.4264524]]}},{"type":"Feature","id":956695996,"properties":{"kind":"run","name":"Streif Familienabfahrt","subtype":"intermediate","pisteType":"downhill","featured":true},"geometry":{"type":"LineString","coordinates":[[12.3786624,47.4397741],[12.378885,47.4399728],[12.3789766,47.4401522],[12.3790081,47.4404125],[12.3789619,47.440687],[12.3788477,47.4409572],[12.3786997,47.4410839],[12.3782438,47.4413237],[12.3778966,47.4414461],[12.3777111,47.4415483],[12.3776807,47.4416304],[12.3777152,47.4417174],[12.3778018,47.4417731],[12.3779995,47.4418371],[12.3784692,47.4419248],[12.3785611,47.4419599],[12.3788077,47.4420541],[12.3790694,47.442267],[12.3794253,47.4424965],[12.3799603,47.4427285],[12.3808228,47.4430056],[12.381791,47.443198],[12.382489,47.44335],[12.3830656,47.4435116],[12.3838072,47.4437812],[12.383882,47.4438733],[12.3839679,47.4440873],[12.3839938,47.4444875],[12.3840863,47.4451452],[12.3841541,47.4454518],[12.3841187,47.4455339],[12.3840639,47.4456613]]}},{"type":"Feature","id":956695997,"properties":{"kind":"run","name":"Streif Familienabfahrt","subtype":"intermediate","pisteType":"downhill","featured":true},"geometry":{"type":"LineString","coordinates":[[12.3733591,47.4377558],[12.3734038,47.4380517],[12.3733487,47.4382665],[12.3731817,47.4384623],[12.3727808,47.4387824],[12.3726574,47.4389677],[12.3726357,47.439131],[12.3726886,47.4392729],[12.372856,47.439405],[12.3731362,47.4395049],[12.3735862,47.4395917],[12.3739168,47.439639],[12.3743735,47.4396918],[12.3749083,47.4397253],[12.3754328,47.4397099],[12.3759101,47.4396478],[12.3764563,47.4395133],[12.3769483,47.4393948],[12.3773882,47.4393328],[12.3777399,47.4393535],[12.3780889,47.4394359],[12.3783008,47.4395202],[12.3784832,47.439639],[12.3786624,47.4397741]]}},{"type":"Feature","id":1005821141,"properties":{"kind":"run","name":"Walde","subtype":"easy","pisteType":"downhill","featured":false},"geometry":{"type":"LineString","coordinates":[[12.3698195,47.4248394],[12.3694542,47.425024],[12.3692855,47.4251472],[12.3689893,47.4253055],[12.3683935,47.4254239],[12.3681855,47.4254582]]}},{"type":"Feature","id":1037424942,"properties":{"kind":"run","name":"Mapped ski run","subtype":"easy","pisteType":"downhill","featured":false},"geometry":{"type":"LineString","coordinates":[[12.3346652,47.4490927],[12.3350667,47.449392],[12.3355384,47.4495151],[12.3361105,47.4496967],[12.336393,47.4496967],[12.3366849,47.4497615],[12.337313,47.4499115],[12.3375068,47.4500299],[12.3374321,47.4501988],[12.3376282,47.4503773],[12.3379247,47.4504767],[12.3380485,47.450712]]}},{"type":"Feature","id":1037424943,"properties":{"kind":"run","name":"Streif-Rennstrecke (nur während Rennen präpariert)","subtype":"expert","pisteType":"downhill","featured":true},"geometry":{"type":"LineString","coordinates":[[12.3707607,47.4263265],[12.3707597,47.426342],[12.3707327,47.4267641],[12.3708019,47.4269029],[12.3708993,47.4270167]]}},{"type":"Feature","id":1037424944,"properties":{"kind":"run","name":"Rasmusleiten","subtype":"novice","pisteType":"downhill","featured":false},"geometry":{"type":"LineString","coordinates":[[12.3809171,47.4418625],[12.3814653,47.4414818],[12.3817509,47.4413525],[12.3820848,47.4412588],[12.3822933,47.4412409],[12.3825024,47.4412329],[12.3827392,47.4412678]]}},{"type":"Feature","id":1104049994,"properties":{"kind":"run","name":"Mapped ski run","subtype":"easy","pisteType":"downhill","featured":false},"geometry":{"type":"LineString","coordinates":[[12.3480256,47.3905585],[12.3482055,47.3905829],[12.348331,47.3905897]]}},{"type":"Feature","id":1315883218,"properties":{"kind":"run","name":"Hahnenkamm","subtype":"easy","pisteType":"downhill","featured":false},"geometry":{"type":"LineString","coordinates":[[12.3583718,47.417938],[12.3582539,47.4183462],[12.3582204,47.4184688],[12.3580437,47.4188651],[12.3579458,47.4190813],[12.3579477,47.4191903],[12.3580128,47.419487],[12.3581618,47.4196689],[12.3583516,47.4197984],[12.3586244,47.4198801]]}},{"type":"Feature","id":1315883219,"properties":{"kind":"run","name":"Fleck","subtype":"easy","pisteType":"downhill","featured":false},"geometry":{"type":"LineString","coordinates":[[12.3588917,47.4180781],[12.3585671,47.4179753],[12.3584607,47.4179535],[12.3583718,47.417938],[12.3577101,47.4183505],[12.3570053,47.419505],[12.3568425,47.4197808],[12.3567254,47.4199243],[12.3567072,47.4200895],[12.356683,47.4202931],[12.3566754,47.4205048],[12.3567355,47.4207438],[12.3568102,47.4208968],[12.3569324,47.4210883],[12.3570617,47.4211878],[12.3574053,47.4213836],[12.357686,47.421598],[12.3584295,47.4223031]]}},{"type":"Feature","id":1315883220,"properties":{"kind":"run","name":"Fleck","subtype":"intermediate","pisteType":"downhill","featured":false},"geometry":{"type":"LineString","coordinates":[[12.3598397,47.4210667],[12.3596685,47.4212719],[12.3593033,47.4215689],[12.3588506,47.4218788],[12.3584295,47.4223031],[12.3580748,47.4226882],[12.3577034,47.4230861],[12.3571892,47.4234948]]}},{"type":"Feature","id":1320392701,"properties":{"kind":"run","name":"Fleck","subtype":"easy","pisteType":"downhill","featured":false},"geometry":{"type":"LineString","coordinates":[[12.3595264,47.4218785],[12.3590426,47.4219941],[12.3589433,47.4220205],[12.3587355,47.4221069],[12.3585392,47.4222287],[12.3584295,47.4223031],[12.3582953,47.4223941],[12.3581891,47.4224127],[12.3580736,47.4223989],[12.3578468,47.4223129],[12.3576656,47.4222166],[12.3574638,47.422057],[12.3571631,47.4218061],[12.356969,47.4216906],[12.3566564,47.4215374],[12.3565379,47.4214652],[12.3563984,47.4213756],[12.3563629,47.4213474],[12.3562987,47.421339],[12.3562597,47.4213448]]}},{"type":"Feature","id":1323450711,"properties":{"kind":"lift","name":"B6 Förderband / magic carpet (summer / winter)","subtype":"magic_carpet","status":"active"},"geometry":{"type":"LineString","coordinates":[[12.3595885,47.4083903],[12.3582387,47.4080167]]}},{"type":"Feature","id":1323450712,"properties":{"kind":"run","name":"Brunn-Kälberwald","subtype":"intermediate","pisteType":"downhill","featured":false},"geometry":{"type":"LineString","coordinates":[[12.3406792,47.401234],[12.3407489,47.4012943],[12.3407919,47.4014904],[12.3407375,47.4015569],[12.340641,47.4016145],[12.3406507,47.4016606],[12.3406982,47.4017109],[12.3407775,47.4017467],[12.3408562,47.4017796],[12.3408936,47.401858],[12.3408813,47.4019474],[12.3408209,47.4020738],[12.3406545,47.402197],[12.3402634,47.4024509]]}},{"type":"Feature","id":1323450714,"properties":{"kind":"run","name":"Silberstube","subtype":"easy","pisteType":"downhill","featured":false},"geometry":{"type":"LineString","coordinates":[[12.3517044,47.3974707],[12.3519171,47.3976635],[12.3519201,47.3973548],[12.3520629,47.3971332],[12.3523161,47.3968748],[12.3532513,47.3964185],[12.3533698,47.3958405],[12.3519354,47.3965895],[12.3516571,47.3968127],[12.3515368,47.3969684],[12.3515207,47.3971166],[12.3515119,47.3972361],[12.3515419,47.3972978],[12.3517044,47.3974707]]}},{"type":"Feature","id":1323450715,"properties":{"kind":"run","name":"Silberstube","subtype":"easy","pisteType":"downhill","featured":false},"geometry":{"type":"LineString","coordinates":[[12.3526809,47.3985242],[12.3528881,47.3981693]]}},{"type":"Feature","id":1324043460,"properties":{"kind":"run","name":"Skiroute 56 Schwarzkogel","subtype":"advanced","pisteType":"downhill","featured":false},"geometry":{"type":"LineString","coordinates":[[12.3448734,47.3800592],[12.3448144,47.379626],[12.3447665,47.3792474],[12.344511,47.3790419],[12.3443672,47.3787932],[12.3442554,47.3785768],[12.3442394,47.3784254],[12.3442234,47.378274],[12.3442714,47.3780469],[12.3442075,47.3779279],[12.3440178,47.3778561],[12.3437223,47.3778297],[12.3433769,47.3778846]]}},{"type":"Feature","id":1344553556,"properties":{"kind":"run","name":"Streiteck","subtype":"easy","pisteType":"downhill","featured":false},"geometry":{"type":"LineString","coordinates":[[12.3582111,47.40762],[12.3583114,47.4078164],[12.3584192,47.4079016],[12.3588325,47.4080898],[12.3595067,47.4082869],[12.3599246,47.4084831],[12.3600983,47.4085541],[12.3601433,47.4086509],[12.3601427,47.4088077]]}},{"type":"Feature","id":1344553557,"properties":{"kind":"run","name":"Streiteck","subtype":"easy","pisteType":"downhill","featured":false},"geometry":{"type":"LineString","coordinates":[[12.3574006,47.4094988],[12.3573093,47.4093719],[12.3570468,47.4091798],[12.356756,47.4090044]]}},{"type":"Feature","id":1344553559,"properties":{"kind":"run","name":"Waldehang","subtype":"advanced","pisteType":"downhill","featured":false},"geometry":{"type":"LineString","coordinates":[[12.3684158,47.4255999],[12.3680707,47.426055],[12.3678496,47.4263538],[12.3677301,47.4265072],[12.3673854,47.4268201],[12.3670071,47.427091],[12.3666861,47.4273227],[12.3665616,47.4274486],[12.3663499,47.4277094],[12.3660068,47.427825],[12.365658,47.4278517],[12.3657649,47.4276161],[12.3660477,47.4272364],[12.3663653,47.4269071],[12.3667594,47.4265952],[12.3671355,47.4263588],[12.3673925,47.4261733],[12.3675022,47.4260707],[12.367729,47.4256927],[12.3680769,47.4256418],[12.3684158,47.4255999]]}},{"type":"Feature","id":1346483577,"properties":{"kind":"run","name":"Mapped ski run","subtype":"intermediate","pisteType":"downhill","featured":false},"geometry":{"type":"LineString","coordinates":[[12.3448864,47.3846928],[12.3437385,47.3853101],[12.3433565,47.3856436],[12.3431916,47.3858235],[12.3428843,47.3860398],[12.3427282,47.3862449],[12.342701,47.3867018],[12.3424683,47.3873267],[12.3423384,47.3876917],[12.3420941,47.3879818],[12.3417179,47.388377],[12.3412835,47.3888798],[12.3410591,47.3893173],[12.3408886,47.389848],[12.34032,47.3901105],[12.3396768,47.3903481],[12.3391357,47.3905331],[12.3389508,47.3904666],[12.338815,47.3902281],[12.3386919,47.3900774],[12.3383573,47.3901506],[12.3384462,47.3904102],[12.3386383,47.3906286],[12.3389446,47.3907427],[12.3387678,47.390966],[12.3386912,47.3913202],[12.3386493,47.3915677],[12.3386665,47.3918242],[12.3390057,47.3916664],[12.3389292,47.3914272],[12.3389543,47.3911357],[12.3390989,47.3909251],[12.3395256,47.3907301],[12.3401442,47.3904817],[12.3407517,47.3902831],[12.3409298,47.3902839],[12.341305,47.3898995],[12.3413584,47.3895196],[12.3414147,47.3891745],[12.3417188,47.3887717],[12.3419371,47.3884656],[12.3424308,47.3880332],[12.3428136,47.3872322],[12.3429855,47.3866704],[12.3430774,47.386261],[12.3434182,47.3859259],[12.3436464,47.3857293],[12.3440673,47.3853319],[12.3441917,47.3852536],[12.3445152,47.3850457],[12.3448864,47.3846928]]}},{"type":"Feature","id":1346483578,"properties":{"kind":"run","name":"Mapped ski run","subtype":"intermediate","pisteType":"downhill","featured":false},"geometry":{"type":"LineString","coordinates":[[12.3383573,47.3901506],[12.3381558,47.3896306],[12.3379963,47.3890383],[12.337914,47.3886864],[12.3377133,47.3883206],[12.3374483,47.3880959],[12.3371704,47.3880872],[12.3370752,47.3881952],[12.3370598,47.3884286],[12.3371061,47.388784],[12.3370315,47.3889617],[12.3367999,47.3890279],[12.3365709,47.3889651],[12.3358814,47.3886324],[12.3351995,47.388284],[12.3349242,47.3880036],[12.3347673,47.3876343],[12.3346849,47.3871988],[12.3345434,47.3869166],[12.3342321,47.3868173],[12.333594,47.3868051],[12.3329636,47.3868399],[12.332359,47.3868539],[12.3319756,47.3869323],[12.3314714,47.3872953],[12.3313384,47.3872406],[12.3316498,47.3867995],[12.3323367,47.3866411],[12.3331094,47.3865135],[12.3337616,47.3864528],[12.3343133,47.3865118],[12.3348516,47.3867175],[12.3350058,47.3869852],[12.3350772,47.3874116],[12.3351956,47.3876914],[12.3351666,47.3879137],[12.3354324,47.3881647],[12.3358367,47.3883946],[12.3363616,47.3886048],[12.3367458,47.3888241],[12.3369133,47.3887606],[12.3369558,47.3886366],[12.3369223,47.3884128],[12.3369513,47.388257],[12.3368757,47.3880046],[12.3370483,47.3877732],[12.3372157,47.387639],[12.3373887,47.3876278],[12.337577,47.3878038],[12.3377527,47.3879857],[12.3380524,47.388347],[12.3381534,47.3884997],[12.3382073,47.388714],[12.3382039,47.3889909],[12.338283,47.3892154],[12.3384783,47.3895277],[12.3386919,47.3900774],[12.3383573,47.3901506]]}},{"type":"Feature","id":1346483579,"properties":{"kind":"run","name":"Mapped ski run","subtype":"intermediate","pisteType":"downhill","featured":false},"geometry":{"type":"LineString","coordinates":[[12.334299,47.3937054],[12.3324814,47.3935246],[12.3315904,47.3934414],[12.3305367,47.3934731],[12.3308325,47.3937234],[12.3316317,47.3936406],[12.3328251,47.3937092],[12.3338614,47.3938996],[12.334299,47.3937054]]}},{"type":"Feature","id":1346483580,"properties":{"kind":"run","name":"Mapped ski run","subtype":"easy","pisteType":"downhill","featured":false},"geometry":{"type":"LineString","coordinates":[[12.341305,47.3898995],[12.3419206,47.3898974],[12.3426829,47.3897734],[12.343312,47.3896723],[12.3443044,47.3894936],[12.3449377,47.3895235],[12.3454559,47.3896284],[12.3461767,47.3896002],[12.3461509,47.3899451],[12.3451303,47.3897781],[12.3443722,47.3897774],[12.3438702,47.3898907],[12.3429588,47.3900822],[12.3423828,47.3900713],[12.3416348,47.3902543],[12.3411674,47.3903527],[12.3409004,47.3904011],[12.3406301,47.3905747],[12.3398913,47.3911099],[12.3391095,47.3917917],[12.3383618,47.3927624],[12.3378193,47.393564],[12.3376114,47.393778],[12.3374385,47.3939123],[12.3371566,47.3939481],[12.3368013,47.3938968],[12.336323,47.3938909],[12.335791,47.3939347],[12.3353461,47.3941034],[12.3351356,47.3939697],[12.3356053,47.3938143],[12.3359536,47.393738],[12.33638,47.393694],[12.3370136,47.3937402],[12.3373156,47.3936915],[12.3374624,47.3935839],[12.3376933,47.3934068],[12.3378662,47.3930263],[12.3380631,47.3924976],[12.3386665,47.3918242],[12.3390057,47.3916664],[12.3394248,47.3912344],[12.3397249,47.3910247],[12.3401957,47.390755],[12.3405338,47.3905169],[12.3409298,47.3902839],[12.341305,47.3898995]]}},{"type":"Feature","id":1346483581,"properties":{"kind":"run","name":"Mapped ski run","subtype":"easy","pisteType":"downhill","featured":false},"geometry":{"type":"LineString","coordinates":[[12.3351356,47.3939697],[12.3349284,47.394106],[12.3347843,47.3943008],[12.3347429,47.3945889],[12.3349365,47.3949462],[12.3349129,47.3950082],[12.3346387,47.3949963],[12.3342588,47.3950229],[12.3337667,47.3950349],[12.3333744,47.3949882],[12.3328986,47.3951213],[12.3331856,47.3954247],[12.3332074,47.3952501],[12.333391,47.3951623],[12.3336631,47.3951588],[12.3342762,47.3951342],[12.3348717,47.3951366],[12.3352273,47.3950892],[12.3353079,47.395008],[12.335268,47.3948441],[12.3352476,47.3946522],[12.3351249,47.3944403],[12.3351782,47.3942656],[12.3353461,47.3941034],[12.3351356,47.3939697]]}},{"type":"Feature","id":1346483582,"properties":{"kind":"run","name":"Mapped ski run","subtype":"easy","pisteType":"downhill","featured":false},"geometry":{"type":"LineString","coordinates":[[12.3328986,47.3951213],[12.3326184,47.3954125],[12.3327088,47.3958198],[12.3325476,47.3961472],[12.332347,47.3964081],[12.3315094,47.3967967],[12.3305224,47.3971694],[12.329728,47.3976059],[12.3291028,47.3980318],[12.3283438,47.3982155],[12.3272553,47.3984098],[12.3259562,47.3985369],[12.3253491,47.3985335],[12.3248799,47.398607],[12.3245912,47.3986212],[12.3245215,47.3987159],[12.3244832,47.3988432],[12.3250831,47.398812],[12.3253947,47.3987776],[12.3270258,47.3986556],[12.3280268,47.3985151],[12.3288738,47.3983096],[12.329341,47.398119],[12.3306606,47.3973336],[12.332037,47.3967924],[12.3326688,47.3965275],[12.332948,47.3962933],[12.3331138,47.3961339],[12.3332436,47.3956201],[12.3331856,47.3954247],[12.3328986,47.3951213]]}},{"type":"Feature","id":1346483583,"properties":{"kind":"run","name":"Mapped ski run","subtype":"easy","pisteType":"downhill","featured":false},"geometry":{"type":"LineString","coordinates":[[12.3249541,47.3974302],[12.3252684,47.3976075],[12.3254919,47.3974578],[12.325886,47.3973451],[12.3279117,47.3967128],[12.3289813,47.3962218],[12.3297447,47.3957951],[12.3304109,47.3957379],[12.3318265,47.395637],[12.3326184,47.3954125],[12.3328986,47.3951213],[12.3324608,47.3951583],[12.3318064,47.3953386],[12.3313715,47.3953736],[12.3304883,47.3953996],[12.3297622,47.3954939],[12.3288256,47.3958029],[12.3280876,47.3961359],[12.327077,47.3965272],[12.3262531,47.396796],[12.3255003,47.3970207],[12.3249541,47.3974302]]}},{"type":"Feature","id":1346483584,"properties":{"kind":"run","name":"Mapped ski run","subtype":"easy","pisteType":"downhill","featured":false},"geometry":{"type":"LineString","coordinates":[[12.3350492,47.3938543],[12.3342327,47.394033],[12.3338879,47.3942355],[12.3332779,47.3948576],[12.3333744,47.3949882],[12.3328986,47.3951213],[12.3324608,47.3951583],[12.3330695,47.394614],[12.3333734,47.3942049],[12.3338614,47.3938996],[12.334299,47.3937054],[12.3360138,47.3933524],[12.337327,47.3930121],[12.3380631,47.3924976],[12.3378662,47.3930263],[12.3374501,47.3933439],[12.3350492,47.3938543]]}},{"type":"Feature","id":1346483585,"properties":{"kind":"run","name":"Mapped ski run","subtype":"intermediate","pisteType":"downhill","featured":false},"geometry":{"type":"LineString","coordinates":[[12.3305367,47.3934731],[12.33007,47.3932079],[12.3293048,47.3927985],[12.3289048,47.392602],[12.3288477,47.3926152],[12.3287695,47.3925638],[12.3287204,47.3925321],[12.3286891,47.3926198],[12.3287137,47.3926984],[12.3290575,47.3929921],[12.3297033,47.3933206],[12.3303065,47.3936551],[12.3305665,47.393729],[12.3308325,47.3937234],[12.3305367,47.3934731]]}},{"type":"Feature","id":1346483587,"properties":{"kind":"run","name":"Pengelstein II","subtype":"easy","pisteType":"downhill","featured":false},"geometry":{"type":"LineString","coordinates":[[12.3240151,47.3990906],[12.323782,47.3991588],[12.3234923,47.3991077],[12.3231671,47.3989215],[12.3226585,47.3985446],[12.3223417,47.3984898],[12.3211835,47.39869]]}},{"type":"Feature","id":1346483588,"properties":{"kind":"run","name":"Mapped ski run","subtype":"easy","pisteType":"downhill","featured":false},"geometry":{"type":"LineString","coordinates":[[12.3249541,47.3974302],[12.324666,47.3978811],[12.3244521,47.3979591],[12.3243315,47.3983364],[12.3240618,47.3987431],[12.3238651,47.3991677],[12.323775,47.3993624],[12.3234909,47.3997653],[12.3234095,47.3999596],[12.3234385,47.4001053],[12.3235103,47.4001754],[12.3236945,47.4002063],[12.3237624,47.4001355],[12.3236499,47.3999845],[12.3237663,47.3998703],[12.3239683,47.3996505],[12.3243524,47.3992776],[12.3244832,47.3988432],[12.3245215,47.3987159],[12.3245912,47.3986212],[12.3248423,47.3982802],[12.3250232,47.3978919],[12.3252684,47.3976075],[12.3249541,47.3974302]]}},{"type":"Feature","id":1346483589,"properties":{"kind":"run","name":"Mapped ski run","subtype":"easy","pisteType":"downhill","featured":false},"geometry":{"type":"LineString","coordinates":[[12.3249541,47.3974302],[12.3246713,47.3975985],[12.324326,47.3975513],[12.3241252,47.3975539],[12.3238416,47.3976914],[12.3233142,47.3977785],[12.3223519,47.398052],[12.3215646,47.3984438],[12.3223422,47.3984171],[12.3231115,47.3981437],[12.3238886,47.3979939],[12.3244521,47.3979591],[12.324666,47.3978811],[12.3249541,47.3974302]]}},{"type":"Feature","id":1346483590,"properties":{"kind":"run","name":"Mapped ski run","subtype":"easy","pisteType":"downhill","featured":false},"geometry":{"type":"LineString","coordinates":[[12.3240618,47.3987431],[12.3238629,47.3988996],[12.3236139,47.3989885],[12.3232453,47.3988038],[12.3229263,47.3986035],[12.3223422,47.3984171],[12.3219203,47.3986784],[12.3224503,47.3986418],[12.3229443,47.3988194],[12.3232814,47.3990998],[12.323775,47.3993624],[12.3238651,47.3991677],[12.3240618,47.3987431]]}},{"type":"Feature","id":1346483591,"properties":{"kind":"run","name":"Mapped ski run","subtype":"easy","pisteType":"downhill","featured":false},"geometry":{"type":"LineString","coordinates":[[12.3219203,47.3986784],[12.321257,47.398824],[12.3208168,47.3989736],[12.3205647,47.3992431],[12.3204441,47.399485],[12.3205,47.3997663],[12.3205567,47.3999756],[12.3207087,47.4004208],[12.3211015,47.4009175],[12.3215372,47.4015394],[12.321715,47.4018744],[12.3219609,47.402351],[12.3221048,47.402596],[12.3226331,47.403017],[12.3226204,47.4031372],[12.3224027,47.4033728],[12.3219935,47.4036052],[12.3217611,47.403809],[12.321609,47.4039479],[12.3212561,47.4040843],[12.3199964,47.4044962],[12.3192003,47.4047211],[12.3186014,47.4051264],[12.3182587,47.4056816],[12.3181681,47.4061811],[12.3181339,47.4069572],[12.3178806,47.407964],[12.3177603,47.4085374],[12.3176703,47.4088935],[12.3175526,47.4093831],[12.3172791,47.4100226],[12.3173345,47.4105052],[12.317356,47.4112366],[12.317709,47.4118822],[12.3179945,47.4122197],[12.3178383,47.412232],[12.3175888,47.4120733],[12.3172883,47.4114836],[12.3171291,47.4106599],[12.317093,47.4100519],[12.317123,47.4095699],[12.3172793,47.4091428],[12.3174566,47.4086689],[12.3175618,47.408431],[12.3175525,47.4079465],[12.3176055,47.4073402],[12.3177408,47.4067464],[12.317762,47.4065363],[12.3177581,47.4061608],[12.3178431,47.4056236],[12.3181262,47.4051649],[12.3185198,47.4047144],[12.3191804,47.4044255],[12.3201612,47.4041558],[12.3209395,47.4039138],[12.3217329,47.4035558],[12.3221387,47.4031439],[12.3222798,47.4029965],[12.3220364,47.4027463],[12.3219349,47.4026194],[12.3217832,47.40227],[12.3215706,47.4019999],[12.3212912,47.401733],[12.321118,47.4013554],[12.3209027,47.4009269],[12.3206366,47.4005685],[12.3204654,47.400141],[12.3202803,47.3999096],[12.3202601,47.399622],[12.3201523,47.3995152],[12.3200282,47.3993286],[12.320004,47.3992326],[12.3201298,47.3990516],[12.3204068,47.3989058],[12.3210677,47.3986352],[12.3215646,47.3984438],[12.3223422,47.3984171],[12.3219203,47.3986784]]}},{"type":"Feature","id":1346483592,"properties":{"kind":"run","name":"Mapped ski run","subtype":"easy","pisteType":"downhill","featured":false},"geometry":{"type":"LineString","coordinates":[[12.3178383,47.412232],[12.317979,47.4123365],[12.3180126,47.4124449],[12.3179727,47.4125772],[12.3177052,47.4128783],[12.3172225,47.4132331],[12.3168583,47.4134399],[12.3164277,47.4140497],[12.3158096,47.4146082],[12.3156183,47.4151208],[12.3156222,47.4156227],[12.3156541,47.4160418],[12.3156195,47.41629],[12.315306,47.4168562],[12.3151718,47.4170761],[12.3150331,47.4172736],[12.3151058,47.4172972],[12.3152619,47.4170886],[12.3152833,47.4170354],[12.3154113,47.4168281],[12.3155644,47.4166477],[12.315985,47.416406],[12.3158898,47.4162773],[12.3160058,47.4160543],[12.3159818,47.4155398],[12.3160028,47.4150111],[12.3163995,47.4144986],[12.3171087,47.4138723],[12.3177758,47.4131728],[12.3181395,47.4128901],[12.3182416,47.4125668],[12.3180971,47.4123227],[12.3179945,47.4122197],[12.3178383,47.412232]]}},{"type":"Feature","id":1346483593,"properties":{"kind":"run","name":"Mapped ski run","subtype":"easy","pisteType":"downhill","featured":false},"geometry":{"type":"LineString","coordinates":[[12.3359066,47.4025179],[12.3348907,47.4031037],[12.3335221,47.4039905],[12.333191,47.4044372],[12.3328394,47.4048161],[12.3325458,47.4051835],[12.3322317,47.4054076],[12.3316923,47.4056525],[12.3309276,47.405775],[12.3301424,47.4061655],[12.3295655,47.406817],[12.3290967,47.4071839],[12.3294048,47.407331],[12.3295552,47.4074224],[12.3298898,47.4070019],[12.3305453,47.4064058],[12.3315489,47.4058628],[12.3322576,47.4055807],[12.3329523,47.4050078],[12.3335235,47.4043687],[12.3342259,47.4038881],[12.3352731,47.4032049],[12.3362119,47.4026827],[12.3359066,47.4025179]]}},{"type":"Feature","id":1346483594,"properties":{"kind":"run","name":"Mapped ski run","subtype":"easy","pisteType":"downhill","featured":false},"geometry":{"type":"LineString","coordinates":[[12.3281282,47.4080046],[12.3281107,47.4084359],[12.3279503,47.4086577],[12.3277011,47.4088241],[12.3273153,47.4088934],[12.3268612,47.4089072],[12.3263423,47.4091175],[12.3256493,47.4093185],[12.3253937,47.4094511],[12.3251921,47.4097514],[12.3251541,47.409852],[12.324975,47.4099821],[12.324783,47.4103464],[12.3246477,47.4105526],[12.3242457,47.410845],[12.3232298,47.4110808],[12.3225486,47.4112897],[12.3220655,47.4114923],[12.3218089,47.4114943],[12.3217308,47.4114172],[12.3216593,47.4111678],[12.3216369,47.4110831],[12.3215565,47.4110922],[12.3213309,47.4112131],[12.3210251,47.411392],[12.3208517,47.4114643],[12.3207927,47.4115059],[12.3207369,47.4115884],[12.3204807,47.4116813],[12.3200728,47.4118369],[12.3198119,47.4119542],[12.3196082,47.4121194],[12.3193725,47.4122607],[12.3191876,47.4123081],[12.3188885,47.4123553],[12.3187841,47.4124221],[12.3183153,47.412607],[12.3182416,47.4125668],[12.3181395,47.4128901],[12.3184617,47.4127893],[12.318616,47.4126051],[12.3187718,47.4124793],[12.3189373,47.4124114],[12.3190971,47.4124039],[12.3192646,47.4123575],[12.3195146,47.4122634],[12.3196321,47.4121956],[12.3198353,47.4120176],[12.3200256,47.4119127],[12.3204486,47.4117557],[12.3207744,47.4116298],[12.3211572,47.4114504],[12.3212828,47.4113568],[12.3215049,47.4113577],[12.3215822,47.4114375],[12.321567,47.4115895],[12.3216838,47.411702],[12.3219044,47.411743],[12.3223942,47.4116781],[12.3227074,47.4115289],[12.3230316,47.4113575],[12.3236957,47.4112467],[12.3243624,47.4110346],[12.3246203,47.4109212],[12.3250413,47.4105639],[12.3252508,47.4102013],[12.3252411,47.4100232],[12.3253612,47.4098959],[12.3254412,47.4098131],[12.3255093,47.4095925],[12.3257494,47.4095724],[12.326188,47.4094601],[12.3266267,47.4093157],[12.3271097,47.409091],[12.3273439,47.4091111],[12.3277203,47.4090228],[12.3280967,47.4089486],[12.3284494,47.408742],[12.3285798,47.408387],[12.328562,47.4081704],[12.3287813,47.4079838],[12.3281282,47.4080046]]}},{"type":"Feature","id":1346483595,"properties":{"kind":"run","name":"Mapped ski run","subtype":"easy","pisteType":"downhill","featured":false},"geometry":{"type":"LineString","coordinates":[[12.3290967,47.4071839],[12.3286043,47.4075633],[12.3282981,47.4077374],[12.3281282,47.4080046],[12.3287813,47.4079838],[12.3293453,47.4074048],[12.3294048,47.407331],[12.3290967,47.4071839]]}},{"type":"Feature","id":1346483596,"properties":{"kind":"run","name":"Mapped ski run","subtype":"intermediate","pisteType":"downhill","featured":false},"geometry":{"type":"LineString","coordinates":[[12.3479634,47.3910835],[12.3475196,47.3912153],[12.3470792,47.3914394],[12.3463384,47.3919271],[12.3458366,47.3923177],[12.3454337,47.3925118],[12.344413,47.3926875],[12.3438258,47.392766],[12.3435971,47.3929347],[12.3436449,47.3931682],[12.343819,47.3932491],[12.3440682,47.3932675],[12.3442184,47.3934224],[12.3442491,47.3935564],[12.3441296,47.3937298],[12.3437404,47.3939863],[12.3430201,47.3944115],[12.3409718,47.3953221],[12.3409069,47.395433],[12.3409615,47.3956918],[12.3410096,47.3957449],[12.3411864,47.3957768],[12.341412,47.3958748],[12.3414978,47.3959717],[12.3414389,47.3962189],[12.3414496,47.3966696],[12.3415636,47.3969704],[12.3417484,47.3972685],[12.3417956,47.3976012],[12.3417012,47.3991824],[12.3413709,47.400114],[12.341249,47.4005532],[12.3407929,47.4010403],[12.3409737,47.4011867],[12.3414496,47.4005931],[12.3416423,47.4001087],[12.3420473,47.3994246],[12.3422518,47.3984051],[12.3421967,47.3979766],[12.3420709,47.3974735],[12.3418782,47.396965],[12.3417992,47.3964343],[12.3417461,47.3959777],[12.3415384,47.3958507],[12.3413217,47.3957645],[12.3411207,47.3956949],[12.3410536,47.3956133],[12.3411162,47.3955316],[12.3412323,47.3954772],[12.3416992,47.3952852],[12.3423693,47.3949948],[12.3436224,47.394446],[12.3440066,47.3940619],[12.3443483,47.393767],[12.3444377,47.3936491],[12.3443908,47.3934631],[12.3443014,47.3932499],[12.3442701,47.3931924],[12.3441138,47.3931561],[12.3440624,47.3931032],[12.3440713,47.3930548],[12.3443059,47.3929611],[12.3447012,47.3929233],[12.3453334,47.3928915],[12.3459074,47.3927494],[12.3464869,47.3925616],[12.3468969,47.3922458],[12.3472236,47.3920044],[12.347522,47.3918288],[12.3481344,47.3913189],[12.3479634,47.3910835]]}},{"type":"Feature","id":1346483597,"properties":{"kind":"run","name":"Mapped ski run","subtype":"easy","pisteType":"downhill","featured":false},"geometry":{"type":"LineString","coordinates":[[12.3481102,47.3905961],[12.3479846,47.3907376],[12.3479816,47.390973],[12.3480109,47.391072],[12.3479634,47.3910835],[12.3481344,47.3913189],[12.3481599,47.3913134],[12.3482418,47.3914905],[12.3482627,47.3916217],[12.3481677,47.3917661],[12.3479021,47.3919932],[12.3479428,47.3921429],[12.3481348,47.3919644],[12.3483927,47.3917871],[12.3485032,47.3916414],[12.3485827,47.3913933],[12.3483675,47.3909338],[12.3483267,47.3907133],[12.3481102,47.3905961]]}},{"type":"Feature","id":1346483598,"properties":{"kind":"run","name":"Mapped ski run","subtype":"easy","pisteType":"downhill","featured":false},"geometry":{"type":"LineString","coordinates":[[12.3502801,47.3916988],[12.3503304,47.3913917],[12.3504436,47.3912474],[12.3505941,47.3910967],[12.3507305,47.3909262],[12.3507038,47.3907216],[12.3506063,47.3906663],[12.3502273,47.3906518],[12.3496754,47.3906754],[12.3494544,47.3906792],[12.34916,47.3906842],[12.3490329,47.3905861],[12.3487585,47.3904522],[12.348707,47.3905005],[12.3487226,47.3906005],[12.3486227,47.3902901],[12.3488437,47.3903911],[12.3491293,47.3905181],[12.3493528,47.3905598],[12.3499249,47.3905139],[12.3504193,47.390493],[12.351065,47.3904334],[12.3511337,47.3906656],[12.350875,47.3909973],[12.3506689,47.3911849],[12.3505172,47.3914195],[12.3505165,47.3919726],[12.3504259,47.3914276],[12.3502801,47.3916988]]}},{"type":"Feature","id":1346483599,"properties":{"kind":"run","name":"Mapped ski run","subtype":"intermediate","pisteType":"downhill","featured":false},"geometry":{"type":"LineString","coordinates":[[12.3407929,47.4010403],[12.3404721,47.401221],[12.3399031,47.4013915],[12.3394908,47.40141],[12.3391948,47.4013574],[12.3388332,47.4012831],[12.3383856,47.4013313],[12.3378314,47.4016462],[12.3370312,47.4020936],[12.3376713,47.4020186],[12.338089,47.4017359],[12.338605,47.4015197],[12.3394091,47.4015212],[12.3395767,47.4015318],[12.3399586,47.4015832],[12.3405394,47.4014396],[12.3409737,47.4011867],[12.3407929,47.4010403]]}},{"type":"Feature","id":1346483601,"properties":{"kind":"run","name":"Mapped ski run","subtype":"easy","pisteType":"downhill","featured":false},"geometry":{"type":"LineString","coordinates":[[12.3590788,47.4028226],[12.3585007,47.4031659],[12.3577693,47.403456],[12.3573131,47.4035066],[12.3562435,47.4036477],[12.3559761,47.4036876],[12.3552683,47.4036716],[12.3545801,47.4035545],[12.3540925,47.4034614],[12.3538054,47.4033123],[12.353424,47.4031925],[12.3527908,47.4031739],[12.352256,47.4029903],[12.351896,47.402889],[12.3513004,47.4027214],[12.3503606,47.4027135],[12.3492674,47.4027214],[12.348477,47.4025484],[12.3479304,47.4023036],[12.3472972,47.402096],[12.3467978,47.4020268],[12.3459956,47.4019283],[12.3451462,47.4019017],[12.3447923,47.4018218],[12.3443086,47.4017047],[12.3435142,47.4016142],[12.3426845,47.401718],[12.3410722,47.4021199],[12.3404344,47.4022893],[12.3399043,47.4023994],[12.3392672,47.4024313],[12.3388228,47.4022344],[12.3383116,47.4019868],[12.3376713,47.4020186],[12.3370312,47.4020936],[12.335964,47.402261],[12.336103,47.4024697],[12.3359066,47.4025179],[12.3362119,47.4026827],[12.3364479,47.4025459],[12.3365517,47.4024192],[12.3369711,47.4023431],[12.3375426,47.4022434],[12.3382386,47.4022141],[12.338911,47.4025016],[12.339265,47.4026613],[12.3401026,47.402624],[12.3409913,47.4024483],[12.3428867,47.4020597],[12.3438502,47.4019054],[12.345085,47.4021156],[12.3463276,47.4021742],[12.3470119,47.4022807],[12.3481759,47.4026985],[12.3488601,47.4029115],[12.3502364,47.4030073],[12.3510117,47.4030652],[12.3525222,47.4033135],[12.3532527,47.403309],[12.3539585,47.4035206],[12.3545058,47.4037414],[12.3547984,47.403823],[12.3554171,47.4038139],[12.356257,47.403752],[12.3570521,47.4037111],[12.3577826,47.4035993],[12.3584661,47.4034088],[12.3588123,47.4031956],[12.3593439,47.4029673],[12.3595437,47.40289],[12.3592587,47.402784],[12.3591486,47.4027005],[12.3590788,47.4028226]]}},{"type":"Feature","id":1346483602,"properties":{"kind":"run","name":"Mapped ski run","subtype":"advanced","pisteType":"downhill","featured":false},"geometry":{"type":"LineString","coordinates":[[12.3536713,47.3989798],[12.353458,47.3991846],[12.3533765,47.3996387],[12.3533106,47.3999459],[12.35333,47.4002097],[12.3533494,47.4005601],[12.353299,47.400778],[12.3531458,47.4010523],[12.3530527,47.40137],[12.3525815,47.4020065],[12.3522317,47.4024683],[12.351896,47.402889],[12.3513004,47.4027214],[12.3520895,47.4020511],[12.3526022,47.4013991],[12.3528571,47.4007692],[12.3530379,47.4002878],[12.3530882,47.3995255],[12.3530823,47.3991282],[12.3528582,47.3989065],[12.3536713,47.3989798]]}},{"type":"Feature","id":1346486604,"properties":{"kind":"run","name":"Mapped ski run","subtype":"easy","pisteType":"downhill","featured":false},"geometry":{"type":"LineString","coordinates":[[12.352884,47.3986827],[12.3529931,47.3987299],[12.3532126,47.3987755],[12.3532951,47.3987978],[12.353606,47.3987643],[12.3540551,47.3987033],[12.3543889,47.3987456],[12.354947,47.3989322],[12.3553382,47.399183],[12.3556939,47.3996544],[12.3559942,47.4002277],[12.3561667,47.4003505],[12.3565998,47.4005059],[12.3573433,47.4006454],[12.3570452,47.4008591],[12.3565569,47.4006854],[12.3560535,47.4004991],[12.3555973,47.4000945],[12.3551886,47.399799],[12.3545699,47.3991624],[12.3541857,47.3991987],[12.3536713,47.3989798],[12.3528582,47.3989065],[12.3526043,47.398798],[12.352884,47.3986827]]}},{"type":"Feature","id":1346486605,"properties":{"kind":"run","name":"Mapped ski run","subtype":"easy","pisteType":"downhill","featured":false},"geometry":{"type":"LineString","coordinates":[[12.3594798,47.4000975],[12.3589169,47.4001792],[12.3587002,47.4002306],[12.3583339,47.400409],[12.3584054,47.4006781],[12.3585528,47.4007371],[12.358937,47.4007008],[12.3585707,47.4008112],[12.3585681,47.4008607],[12.3583561,47.4008758],[12.3579022,47.4008632],[12.357547,47.4008358],[12.3570452,47.4008591],[12.3573433,47.4006454],[12.3576494,47.4003751],[12.358164,47.4001382],[12.3593475,47.3999902],[12.3596722,47.3999319],[12.3600347,47.3997255],[12.3601128,47.3998676],[12.3597424,47.4000345],[12.3594798,47.4000975]]}},{"type":"Feature","id":1346490331,"properties":{"kind":"run","name":"Mapped ski run","subtype":"intermediate","pisteType":"downhill","featured":false},"geometry":{"type":"LineString","coordinates":[[12.3593139,47.4209053],[12.3593987,47.4211985],[12.3589341,47.4215975],[12.35826,47.4220721],[12.3589967,47.4219239],[12.3594054,47.4216398],[12.3599616,47.4212393],[12.3596928,47.4211702],[12.3594713,47.421053],[12.3593139,47.4209053]]}},{"type":"Feature","id":1346490332,"properties":{"kind":"run","name":"Mapped ski run","subtype":"intermediate","pisteType":"downhill","featured":false},"geometry":{"type":"LineString","coordinates":[[12.3577238,47.4222965],[12.3570992,47.4227759],[12.3572499,47.4233974],[12.3582127,47.4224922],[12.3577238,47.4222965]]}},{"type":"Feature","id":1346490333,"properties":{"kind":"run","name":"Mapped ski run","subtype":"easy","pisteType":"downhill","featured":false},"geometry":{"type":"LineString","coordinates":[[12.3589925,47.4189324],[12.3590174,47.4188444],[12.3589896,47.418779],[12.358917,47.4187758],[12.358742,47.4188541],[12.3586014,47.4189725],[12.3584348,47.4191352],[12.3582777,47.4193057],[12.3583589,47.4195264],[12.3585366,47.4196528],[12.3587636,47.4197701],[12.3589668,47.4198541],[12.3591582,47.4200875],[12.3592883,47.4203219],[12.3594803,47.4206121],[12.3596039,47.4207857],[12.3598652,47.4209386],[12.3602284,47.4210913],[12.3604565,47.4211523],[12.3608475,47.4211466],[12.3606327,47.4214235],[12.3603623,47.421293],[12.3599616,47.4212393],[12.3596928,47.4211702],[12.3594713,47.421053],[12.3593139,47.4209053],[12.3593013,47.420671],[12.3592005,47.4204532],[12.3591011,47.4202756],[12.3589152,47.4200532],[12.3586535,47.4199403],[12.358332,47.4197129],[12.3581449,47.4194647],[12.3580821,47.4192175],[12.3582823,47.4190088],[12.3585834,47.4187299],[12.3586886,47.4186024],[12.3587076,47.4184936],[12.3588801,47.4185124],[12.3591884,47.4185173],[12.3592747,47.4185954],[12.3592147,47.4186399],[12.3591154,47.4185945],[12.3590554,47.4186577],[12.3591037,47.4187467],[12.3591504,47.4188486],[12.359073,47.4189653],[12.3589925,47.4189324]]}},{"type":"Feature","id":1346490334,"properties":{"kind":"run","name":"Mapped ski run","subtype":"intermediate","pisteType":"downhill","featured":false},"geometry":{"type":"LineString","coordinates":[[12.3608475,47.4211466],[12.360977,47.420963],[12.3620849,47.4206546],[12.3627059,47.4204808],[12.3632955,47.4204053],[12.3635859,47.4204763],[12.3638964,47.4206063],[12.3642248,47.4208043],[12.3645911,47.4208496],[12.3648993,47.4207091],[12.3650445,47.4203856],[12.3650065,47.420171],[12.3648703,47.4197811],[12.3648211,47.4195196],[12.3651071,47.4192627],[12.365632,47.4190632],[12.3659983,47.4188667],[12.3663512,47.4185266],[12.3664644,47.4183333],[12.3664743,47.4184915],[12.366638,47.418414],[12.3664517,47.4187186],[12.366139,47.418971],[12.3657303,47.4192279],[12.365326,47.4194048],[12.3650592,47.4194814],[12.3650129,47.4195262],[12.3650327,47.4196846],[12.3651398,47.4199072],[12.3651946,47.4201701],[12.3653469,47.4205888],[12.365426,47.4208483],[12.3649636,47.4212777],[12.3640865,47.4210799],[12.3636976,47.4206861],[12.3633999,47.420579],[12.3622867,47.4208639],[12.3612568,47.4211924],[12.3608475,47.4211466]]}},{"type":"Feature","id":1346490335,"properties":{"kind":"run","name":"Mapped ski run","subtype":"intermediate","pisteType":"downhill","featured":false},"geometry":{"type":"LineString","coordinates":[[12.3658874,47.4229902],[12.3659381,47.4228457],[12.3660243,47.4225085],[12.3659987,47.4220579],[12.3658799,47.4218941],[12.3654538,47.421538],[12.3649636,47.4212777],[12.365426,47.4208483],[12.3657565,47.4213616],[12.3661151,47.4217034],[12.3664108,47.4220627],[12.3665319,47.4224345],[12.3664015,47.4228299],[12.3663499,47.4231569],[12.3658874,47.4229902]]}},{"type":"Feature","id":1346490336,"properties":{"kind":"run","name":"Mapped ski run","subtype":"intermediate","pisteType":"downhill","featured":false},"geometry":{"type":"LineString","coordinates":[[12.3515701,47.4292834],[12.3514001,47.4289101],[12.3520405,47.4286864],[12.3527274,47.4284501],[12.3531488,47.428061],[12.3533631,47.4278326],[12.3540896,47.4274593],[12.3547276,47.4269725],[12.3547505,47.4269201],[12.3548022,47.4269737],[12.3548975,47.4270133],[12.3549951,47.4270086],[12.3547103,47.427286],[12.3542741,47.4276448],[12.3535601,47.4281842],[12.3530596,47.4286085],[12.3524293,47.4289743],[12.3515701,47.4292834]]}},{"type":"Feature","id":1346490337,"properties":{"kind":"run","name":"Mapped ski run","subtype":"intermediate","pisteType":"downhill","featured":false},"geometry":{"type":"LineString","coordinates":[[12.3548576,47.4268064],[12.3551227,47.4265714],[12.3554487,47.426391],[12.3555706,47.426326],[12.3558944,47.4260654],[12.3563412,47.425852],[12.3568486,47.4252995],[12.3569153,47.4253857],[12.3571458,47.4254377],[12.3568398,47.4258886],[12.3563022,47.4262733],[12.3556225,47.4265763],[12.3551625,47.4267666],[12.3549826,47.4268552],[12.3548576,47.4268064]]}},{"type":"Feature","id":1346490338,"properties":{"kind":"run","name":"Mapped ski run","subtype":"intermediate","pisteType":"downhill","featured":false},"geometry":{"type":"LineString","coordinates":[[12.351059,47.4290628],[12.3511338,47.4292324],[12.3513198,47.4294143],[12.3508609,47.4297315],[12.3504587,47.4302061],[12.3500523,47.4306929],[12.3494224,47.4312484],[12.3492467,47.4313046],[12.349065,47.4312157],[12.3490889,47.4310485],[12.3492885,47.4308867],[12.3498902,47.4303807],[12.3502791,47.4298854],[12.3507458,47.4293973],[12.351059,47.4290628]]}},{"type":"Feature","id":1346490339,"properties":{"kind":"run","name":"Mapped ski run","subtype":"easy","pisteType":"downhill","featured":false},"geometry":{"type":"LineString","coordinates":[[12.3485848,47.4322404],[12.3483806,47.4323675],[12.3481502,47.4325439],[12.3478732,47.4329227],[12.3475356,47.4332249],[12.3468411,47.4340087],[12.346082,47.4349105],[12.3452613,47.4357124],[12.3447195,47.4363492],[12.3435527,47.4375248],[12.3430699,47.4382578],[12.3424879,47.4396656],[12.3413979,47.4402496],[12.3404655,47.4406588],[12.3395366,47.4410801],[12.338654,47.4416529],[12.3376682,47.442156],[12.3361272,47.4433426],[12.3350311,47.443877],[12.333814,47.4444305],[12.3331983,47.4449865],[12.3330735,47.4452912],[12.333107,47.4454417],[12.3332457,47.445418],[12.3334574,47.4450471],[12.3340069,47.444688],[12.3350422,47.444261],[12.3359569,47.4437916],[12.3369249,47.4432356],[12.3379214,47.4425184],[12.3391421,47.4417],[12.3405051,47.4411416],[12.3421315,47.4404243],[12.3427864,47.4400343],[12.3430426,47.4394494],[12.343427,47.4384865],[12.3434745,47.4380321],[12.344417,47.437073],[12.3452818,47.4362714],[12.3462925,47.4353759],[12.3472605,47.4342974],[12.3480755,47.4331924],[12.3489235,47.4324081],[12.3496072,47.4317887],[12.3504267,47.4313927],[12.3511227,47.4311426],[12.3505652,47.4312084],[12.3497523,47.4314226],[12.3492333,47.4317646],[12.3485848,47.4322404]]}},{"type":"Feature","id":1346490340,"properties":{"kind":"run","name":"Mapped ski run","subtype":"easy","pisteType":"downhill","featured":false},"geometry":{"type":"LineString","coordinates":[[12.35826,47.4220721],[12.3577238,47.4222965],[12.3582127,47.4224922],[12.3587733,47.42212],[12.3591343,47.4219971],[12.3589967,47.4219239],[12.35826,47.4220721]]}},{"type":"Feature","id":1346490341,"properties":{"kind":"run","name":"Mapped ski run","subtype":"advanced","pisteType":"downhill","featured":false},"geometry":{"type":"LineString","coordinates":[[12.3706487,47.437388],[12.3710195,47.4376713],[12.3711429,47.4379627],[12.3711406,47.4382714],[12.3710475,47.4386258],[12.3710813,47.4386997],[12.3712063,47.4387801],[12.3714851,47.4388945],[12.3717578,47.4389285],[12.3720251,47.4390173],[12.3723655,47.4393359],[12.3725726,47.4389798],[12.3721233,47.4388991],[12.3717986,47.4387875],[12.3714582,47.4386973],[12.3714126,47.4385347],[12.3717859,47.4382906],[12.3717993,47.438053],[12.3715874,47.4374978],[12.371456,47.437242],[12.3706487,47.437388]]}},{"type":"Feature","id":1346490342,"properties":{"kind":"run","name":"Mapped ski run","subtype":"intermediate","pisteType":"downhill","featured":false},"geometry":{"type":"LineString","coordinates":[[12.3706487,47.437388],[12.3703016,47.4371849],[12.3692624,47.4368094],[12.3685542,47.436482],[12.3679812,47.4361498],[12.3683442,47.4357984],[12.368661,47.4359645],[12.3692731,47.4363568],[12.3698496,47.4365976],[12.3704155,47.4368455],[12.3707607,47.4366529],[12.3711771,47.4363978],[12.3719885,47.4363568],[12.3725544,47.4365157],[12.373221,47.4370004],[12.373594,47.4374508],[12.3736932,47.4379874],[12.3733485,47.4385942],[12.3728069,47.4389807],[12.3728258,47.4391999],[12.3723655,47.4393359],[12.3725726,47.4389798],[12.3727208,47.4387696],[12.3730269,47.4383742],[12.3731835,47.437977],[12.373066,47.4374835],[12.372639,47.4370935],[12.3721621,47.4368215],[12.3717172,47.4367975],[12.371456,47.437242],[12.3706487,47.437388]]}},{"type":"Feature","id":1346490343,"properties":{"kind":"run","name":"Mapped ski run","subtype":"intermediate","pisteType":"downhill","featured":false},"geometry":{"type":"LineString","coordinates":[[12.379049,47.4402972],[12.3790555,47.4398421],[12.3788873,47.4395935],[12.3776611,47.4392006],[12.376459,47.4393772],[12.3752623,47.4396494],[12.3742941,47.4396163],[12.3735598,47.4394323],[12.3728258,47.4391999],[12.372337,47.4393461],[12.3730268,47.4396384],[12.3738644,47.43994],[12.3748054,47.4401203],[12.375877,47.4399805],[12.3768017,47.4397156],[12.3776991,47.4397782],[12.3784008,47.4398738],[12.3788614,47.4402672],[12.379049,47.4402972]]}},{"type":"Feature","id":1346490344,"properties":{"kind":"run","name":"Mapped ski run","subtype":"intermediate","pisteType":"downhill","featured":false},"geometry":{"type":"LineString","coordinates":[[12.3760287,47.4421503],[12.3764913,47.4419434],[12.3771965,47.4418833],[12.3775332,47.4416083],[12.378213,47.4417952],[12.379023,47.4417888],[12.3798362,47.4417565],[12.3811385,47.4415073],[12.3818088,47.4414858],[12.382317,47.4415589],[12.382601,47.4415639],[12.3824306,47.4416994],[12.3821449,47.4418948],[12.3819207,47.4420208],[12.3818784,47.4420773],[12.381892,47.4421595],[12.3804524,47.4419628],[12.3794645,47.4421497],[12.3783909,47.4420938],[12.3772823,47.4421798],[12.3762658,47.4422421],[12.3760287,47.4421503]]}},{"type":"Feature","id":1346618031,"properties":{"kind":"run","name":"Mapped ski run","subtype":"intermediate","pisteType":"downhill","featured":false},"geometry":{"type":"LineString","coordinates":[[12.3637166,47.4385445],[12.364311,47.4387582],[12.3653231,47.4390871],[12.3663031,47.4395473],[12.3670576,47.4400262],[12.3677783,47.4408985],[12.3679089,47.4413517],[12.3682082,47.4417565],[12.3685032,47.4420245],[12.3687814,47.4424178],[12.369578,47.4434098],[12.370168,47.4444132],[12.370737,47.4450431],[12.3714327,47.4454988],[12.3716147,47.4455555],[12.3714112,47.4456251],[12.3708989,47.4454778],[12.3705285,47.445274],[12.3698846,47.4445885],[12.3694052,47.4438907],[12.3691491,47.4431978],[12.3684832,47.4423787],[12.3680844,47.4418615],[12.3674075,47.4410993],[12.3667342,47.440295],[12.3656621,47.4394882],[12.3647474,47.4390354],[12.3638546,47.4387136],[12.3637166,47.4385445]]}},{"type":"Feature","id":1346618032,"properties":{"kind":"run","name":"Mapped ski run","subtype":"intermediate","pisteType":"downhill","featured":false},"geometry":{"type":"LineString","coordinates":[[12.3717322,47.4455827],[12.3722933,47.4453888],[12.3725136,47.4453016],[12.3726916,47.4452073],[12.3728221,47.4450846],[12.3729615,47.4449101],[12.373166,47.4446507],[12.3738411,47.4447203],[12.3740015,47.4446539],[12.3741116,47.4445341],[12.3742002,47.4443301],[12.374251,47.4441467],[12.3743383,47.4441308],[12.3744328,47.4441683],[12.3745261,47.4442354],[12.3745827,47.4443631],[12.3744127,47.4443695],[12.3743136,47.4444134],[12.3742415,47.4445755],[12.3741011,47.4447599],[12.3740031,47.4449419],[12.3732645,47.4450421],[12.3726411,47.44545],[12.3720381,47.4456078],[12.3717185,47.4456756],[12.3715071,47.445664],[12.3717322,47.4455827]]}},{"type":"Feature","id":1346618033,"properties":{"kind":"run","name":"Mapped ski run","subtype":"intermediate","pisteType":"downhill","featured":false},"geometry":{"type":"LineString","coordinates":[[12.3747767,47.4450861],[12.3748262,47.4454673],[12.3754919,47.4459175],[12.3761568,47.4465374],[12.3763659,47.4466074],[12.3765884,47.4465935],[12.376704,47.4465676],[12.3768491,47.4464383],[12.3770795,47.446268],[12.377367,47.4462736],[12.3777826,47.4464381],[12.3781757,47.4466097],[12.3784667,47.4466067],[12.3785503,47.4465971],[12.3783546,47.4465736],[12.3779604,47.4463328],[12.3775359,47.4461898],[12.3772837,47.4461527],[12.3770362,47.4462417],[12.3767167,47.4464684],[12.3765507,47.4465139],[12.376405,47.4464472],[12.3759425,47.4460599],[12.3753548,47.4456153],[12.3750484,47.445439],[12.3749206,47.4453029],[12.3747767,47.4450861]]}},{"type":"Feature","id":1346618034,"properties":{"kind":"run","name":"Mapped ski run","subtype":"intermediate","pisteType":"downhill","featured":false},"geometry":{"type":"LineString","coordinates":[[12.3787674,47.4464927],[12.3792827,47.4464817],[12.3800607,47.4465287],[12.3810772,47.446359],[12.3817442,47.4459938],[12.3828018,47.4456085],[12.3832348,47.4454444],[12.383312,47.4455003],[12.3819856,47.4459871],[12.3811362,47.4464291],[12.3806233,47.4466249],[12.3799615,47.4466603],[12.3793813,47.4465743],[12.3789386,47.4465351],[12.3787674,47.4464927]]}},{"type":"Feature","id":1346618035,"properties":{"kind":"run","name":"Mapped ski run","subtype":"intermediate","pisteType":"downhill","featured":false},"geometry":{"type":"LineString","coordinates":[[12.3661014,47.432146],[12.3659227,47.4322448],[12.3656359,47.4323205],[12.3654049,47.4324377],[12.3650275,47.4328099],[12.3647403,47.4330237],[12.3642351,47.4332763],[12.3638138,47.4334383],[12.3635313,47.4335581],[12.3631842,47.4337573],[12.3627389,47.4339532],[12.3622218,47.4342544],[12.3631989,47.4339418],[12.3640977,47.4336929],[12.3648288,47.4333149],[12.3653691,47.4327321],[12.3655358,47.432495],[12.3658439,47.432371],[12.3661323,47.4322704],[12.3663848,47.4321413],[12.3666011,47.431877],[12.3667389,47.4317678],[12.3671959,47.4316077],[12.3674428,47.4315542],[12.3679292,47.4314722],[12.3688257,47.4313973],[12.3691996,47.4313645],[12.3694927,47.4314409],[12.3695774,47.4313174],[12.3695483,47.4311814],[12.3693472,47.431049],[12.3692255,47.4310365],[12.36917,47.431126],[12.3688102,47.4312119],[12.3682891,47.4312602],[12.3677839,47.4313443],[12.3671358,47.4315107],[12.366731,47.4316449],[12.366448,47.4317612],[12.366284,47.4319384],[12.3661014,47.432146]]}},{"type":"Feature","id":1346618036,"properties":{"kind":"run","name":"Mapped ski run","subtype":"advanced","pisteType":"downhill","featured":false},"geometry":{"type":"LineString","coordinates":[[12.3678935,47.4302655],[12.3673781,47.4301252],[12.3669846,47.430847],[12.366448,47.4317612],[12.366731,47.4316449],[12.3671358,47.4315107],[12.3671459,47.4313194],[12.3675163,47.4307128],[12.36772,47.4304426],[12.3678935,47.4302655]]}},{"type":"Feature","id":1346618037,"properties":{"kind":"run","name":"Mapped ski run","subtype":"intermediate","pisteType":"downhill","featured":false},"geometry":{"type":"LineString","coordinates":[[12.37003,47.4344893],[12.3700856,47.4338112],[12.3700538,47.4337289],[12.3700512,47.4335875],[12.3701173,47.4334533],[12.3702866,47.4332439],[12.3703845,47.4330972],[12.3704956,47.4329147],[12.3705697,47.4327787],[12.3706067,47.4326159],[12.3706146,47.4323474],[12.3706411,47.4320576],[12.3706437,47.4319538],[12.3706332,47.4316216],[12.3706492,47.4314773],[12.3704518,47.4313545],[12.3698337,47.4310565],[12.3699434,47.4314193],[12.3701388,47.4314732],[12.3702983,47.4316243],[12.3704199,47.4317996],[12.3704059,47.4322703],[12.37039,47.4326708],[12.3703182,47.432919],[12.370075,47.4332413],[12.3698557,47.4335811],[12.3698756,47.4339277],[12.3699055,47.4341529],[12.3698238,47.434331],[12.3698018,47.4346142],[12.3699514,47.4345198],[12.37003,47.4344893]]}},{"type":"Feature","id":1346618038,"properties":{"kind":"run","name":"Mapped ski run","subtype":"intermediate","pisteType":"downhill","featured":false},"geometry":{"type":"LineString","coordinates":[[12.3685206,47.427443],[12.3685656,47.4273553],[12.3685973,47.4272139],[12.3683963,47.427035],[12.3681344,47.4272247],[12.3674678,47.4274412],[12.3667641,47.4276184],[12.3664599,47.4276703],[12.3671979,47.4277043],[12.3679016,47.4275898],[12.3685206,47.427443]]}},{"type":"Feature","id":1346618039,"properties":{"kind":"run","name":"Mapped ski run","subtype":"expert","pisteType":"downhill","featured":false},"geometry":{"type":"LineString","coordinates":[[12.3675947,47.4280318],[12.3675736,47.4281445],[12.3676265,47.4283271],[12.3677746,47.4284935],[12.3678963,47.4285865],[12.3679862,47.4286868],[12.3678566,47.428778],[12.3674836,47.4289033],[12.367227,47.4290429],[12.3671027,47.4291986],[12.3671106,47.4294509],[12.3672403,47.429603],[12.3677385,47.4298816],[12.3682493,47.4301618],[12.3684668,47.4303004],[12.3688914,47.4305747],[12.3694881,47.430874],[12.3691298,47.430593],[12.3688772,47.430415],[12.3685968,47.4302253],[12.3680723,47.4298741],[12.3677227,47.4296329],[12.3676033,47.429483],[12.3676812,47.4293753],[12.3685003,47.4288717],[12.3684655,47.4287065],[12.3682439,47.4284724],[12.3683418,47.4283895],[12.3687276,47.428311],[12.3681838,47.4281458],[12.3675947,47.4280318]]}},{"type":"Feature","id":1346618040,"properties":{"kind":"run","name":"Mapped ski run","subtype":"expert","pisteType":"downhill","featured":false},"geometry":{"type":"LineString","coordinates":[[12.3690552,47.4282834],[12.3694511,47.4282188],[12.3698562,47.4281369],[12.3702451,47.4279604],[12.3704686,47.427847],[12.3705879,47.4275703],[12.3706671,47.4274868],[12.3709642,47.4272757],[12.3710248,47.4270284],[12.3712134,47.4267574],[12.3714136,47.4266235],[12.3715121,47.4264806],[12.3712439,47.4264259],[12.3708804,47.426707],[12.3706941,47.4269764],[12.3707244,47.4271513],[12.3705614,47.4273387],[12.3701469,47.4276601],[12.3698116,47.4279421],[12.3694181,47.4281784],[12.3690552,47.4282834]]}},{"type":"Feature","id":1346618041,"properties":{"kind":"run","name":"Mapped ski run","subtype":"easy","pisteType":"downhill","featured":false},"geometry":{"type":"LineString","coordinates":[[12.3685973,47.4272139],[12.3685656,47.4273553],[12.3685206,47.427443],[12.3686597,47.4275301],[12.3688572,47.4276191],[12.3690441,47.4276625],[12.3692487,47.4277155],[12.3693412,47.4278057],[12.3692469,47.4279081],[12.3688216,47.4280513],[12.3683109,47.4279574],[12.3679337,47.4278972],[12.3676597,47.4278407],[12.3674479,47.4277588],[12.3671979,47.4277043],[12.3664599,47.4276703],[12.3663499,47.4277094],[12.3660068,47.427825],[12.365658,47.4278517],[12.3654877,47.4278579],[12.3654711,47.4279107],[12.3657985,47.4279867],[12.3661353,47.4280263],[12.3664737,47.4279453],[12.3671481,47.4278607],[12.3675262,47.4279637],[12.3675947,47.4280318],[12.3681838,47.4281458],[12.3687276,47.428311],[12.3690552,47.4282834],[12.3694181,47.4281784],[12.3698116,47.4279421],[12.3695469,47.4276895],[12.3692242,47.4275053],[12.3689127,47.4273004],[12.3687656,47.4271341],[12.3682725,47.4266861],[12.3679938,47.4264858],[12.3679211,47.426439],[12.3678865,47.4264179],[12.3678017,47.4265163],[12.3679592,47.4266006],[12.3683963,47.427035],[12.3685973,47.4272139]]}},{"type":"Feature","id":1346618042,"properties":{"kind":"run","name":"Mapped ski run","subtype":"intermediate","pisteType":"downhill","featured":false},"geometry":{"type":"LineString","coordinates":[[12.3647745,47.4275736],[12.364932,47.4275885],[12.3651015,47.427695],[12.3652151,47.4278177],[12.3652131,47.4278865],[12.3653543,47.4280595],[12.3654513,47.428172],[12.3655482,47.4281919],[12.365704,47.4281146],[12.3657985,47.4279867],[12.3661353,47.4280263],[12.3659947,47.4281778],[12.365768,47.4283207],[12.3656157,47.4283523],[12.3654513,47.4283113],[12.3653594,47.4282217],[12.3652464,47.4280229],[12.364976,47.4277302],[12.3649357,47.4277349],[12.3649701,47.4277934],[12.3650099,47.4279802],[12.3650393,47.4281793],[12.3650601,47.4284263],[12.365138,47.4285996],[12.3652608,47.4286909],[12.3654789,47.4287366],[12.3658095,47.4287471],[12.3659168,47.4287788],[12.3659376,47.4288396],[12.3658757,47.4289011],[12.3657774,47.4289285],[12.3656622,47.4289734],[12.3654894,47.429014],[12.3653726,47.4290335],[12.3652934,47.4290335],[12.365231,47.42904],[12.3651758,47.4290514],[12.3651094,47.4290519],[12.365003,47.4290319],[12.3649382,47.4290048],[12.3648407,47.4289475],[12.3645966,47.4287575],[12.3644955,47.4285908],[12.3646664,47.42862],[12.3649025,47.4288335],[12.3650225,47.4289174],[12.3652351,47.4289394],[12.3654868,47.4289112],[12.3657047,47.4288591],[12.3656864,47.4288318],[12.3652847,47.4288521],[12.365149,47.4288362],[12.3650472,47.4287612],[12.3649116,47.4283138],[12.3648542,47.4279625],[12.364802,47.4278549],[12.3647146,47.427801],[12.3646846,47.4277481],[12.3646833,47.4276298],[12.3647745,47.4275736]]}},{"type":"Feature","id":1346618043,"properties":{"kind":"run","name":"Mapped ski run","subtype":"intermediate","pisteType":"downhill","featured":false},"geometry":{"type":"LineString","coordinates":[[12.3644955,47.4285908],[12.364379,47.4286081],[12.3643278,47.4286786],[12.3644882,47.4289118],[12.3647477,47.4291855],[12.3647033,47.4292455],[12.3645847,47.4292398],[12.3644558,47.4291243],[12.3643645,47.4290452],[12.3642544,47.4290157],[12.3641921,47.4290423],[12.3641614,47.4291797],[12.3642672,47.4293518],[12.3643252,47.4294453],[12.3643952,47.4294903],[12.3644575,47.4295106],[12.3646359,47.4295337],[12.3648254,47.429536],[12.3649935,47.429551],[12.3652905,47.42957],[12.3656882,47.429566],[12.366132,47.4295498],[12.3662959,47.429566],[12.3664546,47.4296382],[12.3666245,47.4297444],[12.3667431,47.4298587],[12.3668728,47.4299216],[12.3673781,47.4301252],[12.3678935,47.4302655],[12.3681555,47.4303398],[12.3685833,47.430571],[12.3691612,47.4308833],[12.3692551,47.4309433],[12.3692255,47.4310365],[12.3694881,47.430874],[12.3688914,47.4305747],[12.3683485,47.4303345],[12.3679155,47.4301633],[12.3674602,47.4300265],[12.3668902,47.4298244],[12.3667532,47.4297529],[12.3666502,47.4296488],[12.3665563,47.4295729],[12.3664102,47.4295006],[12.3662158,47.4294838],[12.3655897,47.4295112],[12.3651749,47.4295023],[12.3645918,47.4294564],[12.3644679,47.4293867],[12.3643752,47.4292958],[12.364357,47.4292332],[12.3643961,47.4292111],[12.3644339,47.4292191],[12.3644939,47.4292641],[12.3645513,47.4293144],[12.3646531,47.4293541],[12.3647274,47.4293514],[12.3648553,47.4293073],[12.3649388,47.4292552],[12.3649388,47.4291679],[12.3646557,47.4288961],[12.3645966,47.4287575],[12.3644955,47.4285908]]}},{"type":"Feature","id":1346618044,"properties":{"kind":"run","name":"Mapped ski run","subtype":"intermediate","pisteType":"downhill","featured":false},"geometry":{"type":"LineString","coordinates":[[12.3692255,47.4310365],[12.3693472,47.431049],[12.3695483,47.4311814],[12.3695774,47.4313174],[12.3694927,47.4314409],[12.369629,47.4317428],[12.3698865,47.4320929],[12.3698724,47.4317624],[12.3699434,47.4314193],[12.3698337,47.4310565],[12.3694881,47.430874],[12.3692255,47.4310365]]}},{"type":"Feature","id":1346618045,"properties":{"kind":"run","name":"Mapped ski run","subtype":"easy","pisteType":"downhill","featured":false},"geometry":{"type":"LineString","coordinates":[[12.367315,47.4261722],[12.3672448,47.4262411],[12.3666887,47.4261354],[12.3664181,47.4260887],[12.3661746,47.4260634],[12.3659357,47.4260059],[12.3658281,47.4259691],[12.3653627,47.4258466],[12.3653287,47.4257493],[12.3654125,47.4256458],[12.3655269,47.4256397],[12.3657828,47.4256611],[12.3660999,47.4257079],[12.3664396,47.4256864],[12.3669413,47.4255163],[12.3679036,47.4253993],[12.3685488,47.4253209],[12.3684158,47.4255999],[12.3680769,47.4256418],[12.367729,47.4256927],[12.3673476,47.4256945],[12.3669755,47.4256968],[12.3667176,47.4257553],[12.3661845,47.4258162],[12.3659578,47.4258162],[12.3655735,47.4257774],[12.3655373,47.4257943],[12.3655668,47.4258157],[12.3660005,47.4259176],[12.3664376,47.4260027],[12.3670446,47.4261],[12.367315,47.4261722]]}},{"type":"Feature","id":1346618046,"properties":{"kind":"run","name":"Mapped ski run","subtype":"easy","pisteType":"downhill","featured":false},"geometry":{"type":"LineString","coordinates":[[12.3685488,47.4253209],[12.3689336,47.4252278],[12.3694958,47.4248245],[12.3697546,47.4250727],[12.3690889,47.4254336],[12.3684158,47.4255999],[12.3685488,47.4253209]]}},{"type":"Feature","id":1346628838,"properties":{"kind":"run","name":"Mapped ski run","subtype":"easy","pisteType":"downhill","featured":false},"geometry":{"type":"LineString","coordinates":[[12.3606327,47.4214235],[12.3609874,47.4214078],[12.3611485,47.4214007],[12.3615281,47.4215142],[12.3628903,47.4220624],[12.3633932,47.4223318],[12.3645901,47.4228943],[12.3652863,47.4233574],[12.3656166,47.4235177],[12.3656675,47.4236661],[12.3659062,47.4236839],[12.3659088,47.4238994],[12.3665857,47.424019],[12.3675326,47.4241192],[12.3680399,47.4244837],[12.3681676,47.4249482],[12.3680991,47.425206],[12.3679036,47.4253993],[12.3685488,47.4253209],[12.3689336,47.4252278],[12.3694958,47.4248245],[12.3687994,47.4246169],[12.3685007,47.4241358],[12.3663499,47.4231569],[12.3658874,47.4229902],[12.3646193,47.4224982],[12.3635697,47.4221144],[12.3628684,47.4217298],[12.3612568,47.4211924],[12.3608475,47.4211466],[12.3606327,47.4214235]]}},{"type":"Feature","id":1346628839,"properties":{"kind":"run","name":"Mapped ski run","subtype":"easy","pisteType":"downhill","featured":false},"geometry":{"type":"LineString","coordinates":[[12.3606327,47.4214235],[12.3605119,47.4214889],[12.3600117,47.4216967],[12.3596783,47.4218071],[12.3592115,47.4219044],[12.3589967,47.4219239],[12.3591343,47.4219971],[12.3596432,47.4218961],[12.3600416,47.421794],[12.360561,47.421623],[12.3609874,47.4214078],[12.3606327,47.4214235]]}},{"type":"Feature","id":1346628840,"properties":{"kind":"run","name":"Mapped ski run","subtype":"easy","pisteType":"downhill","featured":false},"geometry":{"type":"LineString","coordinates":[[12.3694958,47.4248245],[12.3687994,47.4246169],[12.3685007,47.4241358],[12.3691782,47.4243297],[12.3697606,47.424615],[12.3701099,47.4247861],[12.3698919,47.4249659],[12.3698508,47.4249998],[12.3697546,47.4250727],[12.3694958,47.4248245]]}},{"type":"Feature","id":1346628841,"properties":{"kind":"run","name":"Mapped ski run","subtype":"novice","pisteType":"downhill","featured":false},"geometry":{"type":"LineString","coordinates":[[12.3707876,47.4259581],[12.3708296,47.4259312],[12.3699983,47.4250683],[12.3698919,47.4249659],[12.3701099,47.4247861],[12.3702633,47.4249206],[12.3707673,47.4253625],[12.3709344,47.4258119],[12.3709153,47.4258819],[12.3709009,47.4258974],[12.3708501,47.426016],[12.3707876,47.4259581]]}},{"type":"Feature","id":1346628842,"properties":{"kind":"run","name":"Mapped ski run","subtype":"novice","pisteType":"downhill","featured":false},"geometry":{"type":"LineString","coordinates":[[12.3708501,47.426016],[12.370865,47.4262039],[12.370865,47.4263337],[12.3712439,47.4264259],[12.3715121,47.4264806],[12.3716724,47.4265387],[12.3718322,47.426496],[12.3719674,47.4265138],[12.3720834,47.4265086],[12.3721899,47.4264305],[12.3718808,47.4263555],[12.3715808,47.4263588],[12.3715468,47.4263802],[12.3709279,47.4259318],[12.3709316,47.4259186],[12.3709009,47.4258974],[12.3708501,47.426016]]}},{"type":"Feature","id":1346628843,"properties":{"kind":"run","name":"Mapped ski run","subtype":"easy","pisteType":"downhill","featured":false},"geometry":{"type":"LineString","coordinates":[[12.3697606,47.424615],[12.3700533,47.424575],[12.3702406,47.4243473],[12.3702304,47.4238953],[12.3703013,47.4233475],[12.370351,47.4225268],[12.3700852,47.4218565],[12.3690834,47.4210405],[12.3683409,47.4206971],[12.3685888,47.4207386],[12.3692408,47.4209337],[12.3695475,47.42109],[12.3700023,47.421386],[12.3703607,47.4218083],[12.3707191,47.4222933],[12.3707469,47.422843],[12.370716,47.4236792],[12.3707006,47.4242979],[12.3707778,47.4248623],[12.3707673,47.4253625],[12.3702633,47.4249206],[12.3701099,47.4247861],[12.3697606,47.424615]]}},{"type":"Feature","id":1346628844,"properties":{"kind":"run","name":"Mapped ski run","subtype":"easy","pisteType":"downhill","featured":false},"geometry":{"type":"LineString","coordinates":[[12.3668187,47.4196417],[12.3663784,47.4194489],[12.3665277,47.4191696],[12.3667166,47.4189747],[12.3671748,47.4186317],[12.3675725,47.4182458],[12.3678286,47.4180113],[12.3679327,47.4178176],[12.3682316,47.4175518],[12.3681415,47.4170963],[12.3679114,47.4167447],[12.3682966,47.4169459],[12.36868,47.4166747],[12.3684267,47.4170864],[12.3684089,47.4175921],[12.3678493,47.4182671],[12.367396,47.4186851],[12.3671081,47.4188962],[12.3668105,47.4191816],[12.3666452,47.4193078],[12.3666372,47.4194206],[12.3666884,47.4194594],[12.3668758,47.4195242],[12.3670124,47.4195815],[12.3672207,47.4197684],[12.3674201,47.4199397],[12.3675786,47.4200442],[12.3678218,47.420194],[12.3680541,47.4203774],[12.3684179,47.4206674],[12.3685888,47.4207386],[12.3683409,47.4206971],[12.3681807,47.4205878],[12.3680292,47.4204408],[12.3677301,47.420227],[12.3674091,47.4200233],[12.367124,47.4198001],[12.3668187,47.4196417]]}},{"type":"Feature","id":1346628845,"properties":{"kind":"run","name":"Mapped ski run","subtype":"advanced","pisteType":"downhill","featured":false},"geometry":{"type":"LineString","coordinates":[[12.372241,47.4026251],[12.3732084,47.4031717],[12.3740201,47.4037044],[12.3749425,47.4043176],[12.374881,47.4047837],[12.3745654,47.4053275],[12.3740078,47.4057132],[12.3734492,47.4058416],[12.3727732,47.4056928],[12.3724541,47.4054549],[12.3718436,47.4050278],[12.3715673,47.4048584],[12.3709361,47.4046448],[12.3704719,47.4045715],[12.3707555,47.4044985],[12.3712444,47.4045854],[12.3718157,47.4048268],[12.3722878,47.4050973],[12.3727035,47.4054568],[12.37313,47.4056419],[12.3734545,47.4054495],[12.3740956,47.4048014],[12.3742365,47.4043662],[12.3736782,47.40383],[12.3726277,47.4031085],[12.3716854,47.4025084],[12.372241,47.4026251]]}},{"type":"Feature","id":1346628846,"properties":{"kind":"run","name":"Mapped ski run","subtype":"easy","pisteType":"downhill","featured":false},"geometry":{"type":"LineString","coordinates":[[12.3483267,47.3907133],[12.3486529,47.3906688],[12.3487226,47.3906005],[12.3486227,47.3902901],[12.3484948,47.3902488],[12.3483586,47.3902587],[12.3482038,47.3903106],[12.3481813,47.3902909],[12.3480729,47.3903249],[12.3478449,47.3901969],[12.3477819,47.3901046],[12.3477303,47.3901431],[12.347725,47.3902139],[12.3476774,47.3902622],[12.3475716,47.3902792],[12.3474187,47.3902965],[12.3471132,47.3901157],[12.3471587,47.3902644],[12.3475231,47.3903889],[12.3479776,47.390452],[12.3481102,47.3905961],[12.3483267,47.3907133]]}},{"type":"Feature","id":1346628847,"properties":{"kind":"run","name":"Mapped ski run","subtype":"easy","pisteType":"downhill","featured":false},"geometry":{"type":"LineString","coordinates":[[12.3466171,47.3892924],[12.3468974,47.3894595],[12.3473895,47.3895677],[12.3473849,47.3897726],[12.3472242,47.3898861],[12.3471132,47.3901157],[12.3471587,47.3902644],[12.346674,47.3901129],[12.3461509,47.3899451],[12.3461767,47.3896002],[12.3463626,47.3894384],[12.3465116,47.3892304],[12.3466171,47.3892924]]}},{"type":"Feature","id":1346628848,"properties":{"kind":"run","name":"Mapped ski run","subtype":"advanced","pisteType":"downhill","featured":false},"geometry":{"type":"LineString","coordinates":[[12.3351946,47.4282142],[12.3349259,47.4279618],[12.3342685,47.4285813],[12.3339227,47.4290951],[12.3344741,47.4288628],[12.3351946,47.4282142]]}},{"type":"Feature","id":1346628849,"properties":{"kind":"run","name":"Mapped ski run","subtype":"easy","pisteType":"downhill","featured":false},"geometry":{"type":"LineString","coordinates":[[12.3323793,47.4307103],[12.3331815,47.430578],[12.333497,47.4303442],[12.3336118,47.4300937],[12.3336414,47.4297227],[12.3339227,47.4290951],[12.3344741,47.4288628],[12.3353633,47.4287414],[12.3356607,47.4287272],[12.3351676,47.4289496],[12.3345368,47.4290034],[12.3341646,47.4292027],[12.3340927,47.4293308],[12.3338579,47.4297862],[12.3337666,47.4300297],[12.3336388,47.4303862],[12.3334901,47.4306863],[12.3331833,47.4310796],[12.3332543,47.4307835],[12.3327856,47.4307469],[12.3323793,47.4307103]]}},{"type":"Feature","id":1346746514,"properties":{"kind":"run","name":"Mapped ski run","subtype":"advanced","pisteType":"downhill","featured":false},"geometry":{"type":"LineString","coordinates":[[12.3716364,47.4263784],[12.3715106,47.4265961],[12.3715222,47.4268467],[12.3716114,47.4270199],[12.3719585,47.4272429],[12.3721931,47.42742],[12.3722881,47.4275827],[12.372261,47.4276338],[12.3720225,47.4275787],[12.3716967,47.4274646],[12.3714524,47.4274226],[12.3712972,47.4274698],[12.3711809,47.4275092],[12.3708978,47.4274725],[12.3703858,47.4274357],[12.369521,47.4271825],[12.3689043,47.4269936],[12.3685999,47.4269267],[12.3685243,47.4269359],[12.368501,47.4269868],[12.3684729,47.4270441]]}},{"type":"Feature","id":1354429705,"properties":{"kind":"run","name":"Pengelstein II","subtype":"intermediate","pisteType":"downhill","featured":false},"geometry":{"type":"LineString","coordinates":[[12.3411902,47.3901974],[12.3406505,47.3901151]]}},{"type":"Feature","id":1354429706,"properties":{"kind":"run","name":"Mapped ski run","subtype":"advanced","pisteType":"downhill","featured":false},"geometry":{"type":"LineString","coordinates":[[12.3457787,47.3841021],[12.3457911,47.3839553],[12.3455548,47.3836056],[12.3453691,47.3833518],[12.3451213,47.3830806]]}},{"type":"Feature","id":1354429707,"properties":{"kind":"run","name":"Brunn","subtype":"easy","pisteType":"downhill","featured":false},"geometry":{"type":"LineString","coordinates":[[12.3294152,47.4071734],[12.3291459,47.4073778],[12.3286016,47.4077856],[12.3283214,47.4081135]]}},{"type":"Feature","id":1354429708,"properties":{"kind":"run","name":"Brunn","subtype":"easy","pisteType":"downhill","featured":false},"geometry":{"type":"LineString","coordinates":[[12.3363448,47.4024027],[12.3361385,47.4024829],[12.3358265,47.4026023],[12.3352931,47.4030263],[12.334755,47.4033897],[12.3335371,47.4041039],[12.3327195,47.4051556],[12.332311,47.4054386],[12.331746,47.4057095],[12.3311731,47.4058495],[12.3308185,47.405979],[12.3304581,47.4062226],[12.3301824,47.4064325],[12.3297267,47.4068838],[12.3294152,47.4071734]]}},{"type":"Feature","id":1354429709,"properties":{"kind":"run","name":"Brunn","subtype":"easy","pisteType":"downhill","featured":false},"geometry":{"type":"LineString","coordinates":[[12.3294152,47.4071734],[12.3295843,47.4074035],[12.3298754,47.4076381],[12.3302309,47.407768],[12.330639,47.4077689],[12.3307115,47.4078129],[12.3306824,47.4078718],[12.3305208,47.4079661],[12.3300395,47.4081913],[12.3297699,47.4082497],[12.3296225,47.4082377],[12.3293737,47.4081785],[12.3290378,47.4081023],[12.3287645,47.4080713],[12.3285319,47.4080563],[12.3284124,47.4080692],[12.3283214,47.4081135]]}},{"type":"Feature","id":1354429710,"properties":{"kind":"run","name":"Mapped ski run","subtype":"easy","pisteType":"downhill","featured":false},"geometry":{"type":"LineString","coordinates":[[12.3469532,47.3892365],[12.3467243,47.3892851],[12.3466181,47.3893555],[12.3465745,47.3895412]]}},{"type":"Feature","id":1354429711,"properties":{"kind":"run","name":"Kasereck","subtype":"easy","pisteType":"downhill","featured":false},"geometry":{"type":"LineString","coordinates":[[12.3473429,47.3902857],[12.3471768,47.3902296],[12.3470655,47.3902322],[12.3470123,47.3902673],[12.347013,47.3907209]]}},{"type":"Feature","id":1354429712,"properties":{"kind":"run","name":"Mapped ski run","subtype":"intermediate","pisteType":"downhill","featured":false},"geometry":{"type":"LineString","coordinates":[[12.3567365,47.3944595],[12.3568742,47.3943762],[12.3569172,47.3943659],[12.3570159,47.3944079],[12.3570235,47.3943822],[12.3569602,47.3942973],[12.3569058,47.3942117],[12.356902,47.3941483],[12.3569223,47.3940618],[12.3569855,47.3940412],[12.3570134,47.3940044],[12.3569286,47.3939692],[12.3568934,47.3939914],[12.3567365,47.3944595]]}},{"type":"Feature","id":1354429713,"properties":{"kind":"run","name":"Mapped ski run","subtype":"easy","pisteType":"downhill","featured":false},"geometry":{"type":"LineString","coordinates":[[12.3605482,47.4018911],[12.3604454,47.4020468],[12.3603883,47.4021161],[12.3601701,47.402132],[12.36016,47.4021934],[12.3605966,47.4021832],[12.360704,47.4020786],[12.3608719,47.4018582],[12.3609962,47.4016843],[12.3611725,47.4014808],[12.3613135,47.4012638],[12.3610398,47.4011331],[12.3608232,47.4015808],[12.3605482,47.4018911]]}},{"type":"Feature","id":1354429714,"properties":{"kind":"run","name":"Mapped ski run","subtype":"easy","pisteType":"downhill","featured":false},"geometry":{"type":"LineString","coordinates":[[12.3579582,47.4081773],[12.3579603,47.4083872],[12.358199,47.4085608],[12.3586763,47.408665],[12.3592871,47.4086702],[12.3599246,47.4084831]]}},{"type":"Feature","id":1354429715,"properties":{"kind":"run","name":"Skimovie Strecke","subtype":"easy","pisteType":"downhill","featured":false},"geometry":{"type":"LineString","coordinates":[[12.3597934,47.4048613],[12.3597092,47.4052859],[12.3593778,47.4062393],[12.3591361,47.4071646],[12.3591085,47.4077768],[12.3595067,47.4082869]]}},{"type":"Feature","id":1354429716,"properties":{"kind":"run","name":"Mapped ski run","subtype":"easy","pisteType":"downhill","featured":false},"geometry":{"type":"LineString","coordinates":[[12.3591059,47.4180303],[12.3592292,47.4183348],[12.3592604,47.4184554],[12.3592747,47.4185954],[12.3591884,47.4185173],[12.3588801,47.4185124],[12.3589246,47.4184121],[12.3589159,47.4182879],[12.3588994,47.4181233],[12.3587342,47.4180818],[12.3584849,47.4181168],[12.3583354,47.4182666],[12.3582995,47.4184123],[12.358144,47.4184015],[12.3581042,47.4181087],[12.3580264,47.417955],[12.3579723,47.417713],[12.3580197,47.4177101],[12.358005,47.4176174],[12.358051,47.4176143],[12.3580435,47.4175177],[12.3579473,47.4174648],[12.3576764,47.417268],[12.3577581,47.4170998],[12.3578789,47.4170207],[12.3579879,47.4170092],[12.3586742,47.4178921],[12.3589376,47.4181625],[12.3591059,47.4180303]]}},{"type":"Feature","id":1354429718,"properties":{"kind":"run","name":"Mapped ski run","subtype":"intermediate","pisteType":"downhill","featured":false},"geometry":{"type":"LineString","coordinates":[[12.3522432,47.4175762],[12.3520996,47.4176968],[12.3518728,47.4177706],[12.3513761,47.4178935],[12.3509746,47.4180317],[12.3507755,47.4181383],[12.350348,47.4183245],[12.3501576,47.4183913],[12.3499378,47.418451],[12.3497495,47.4185231],[12.3500746,47.4184954],[12.3504502,47.4184937],[12.3509371,47.4183295],[12.3514795,47.4180855],[12.3519032,47.4179381],[12.3522053,47.417815],[12.3523134,47.4176402],[12.3523753,47.4175386],[12.3524261,47.4174551],[12.3522432,47.4175762]]}},{"type":"Feature","id":1354429719,"properties":{"kind":"run","name":"Mapped ski run","subtype":"intermediate","pisteType":"downhill","featured":false},"geometry":{"type":"LineString","coordinates":[[12.3483512,47.4192242],[12.3481273,47.4192547],[12.347938,47.4192221],[12.3472919,47.4189619],[12.3471266,47.4189436],[12.3468627,47.418997],[12.346565,47.4191644],[12.3463682,47.4192936],[12.346565,47.419444],[12.346828,47.4192356],[12.3470443,47.4190872],[12.3472337,47.4190638],[12.3473418,47.4191411],[12.3475492,47.4192824],[12.3478061,47.4193474],[12.3480541,47.4193749],[12.3483512,47.4192242]]}},{"type":"Feature","id":1354443781,"properties":{"kind":"run","name":"Mapped ski run","subtype":"intermediate","pisteType":"downhill","featured":false},"geometry":{"type":"LineString","coordinates":[[12.3465125,47.4193586],[12.3463146,47.4194272],[12.3460005,47.419475],[12.3452541,47.4194292]]}},{"type":"Feature","id":1354443782,"properties":{"kind":"run","name":"Mapped ski run","subtype":"intermediate","pisteType":"downhill","featured":false},"geometry":{"type":"LineString","coordinates":[[12.3458644,47.4196704],[12.3459765,47.4195754],[12.3459222,47.4195279],[12.3456968,47.4195072],[12.3455292,47.4195149],[12.3453412,47.4195118],[12.3451748,47.4194567],[12.3450887,47.4193494],[12.3450751,47.419203],[12.3450989,47.4190866],[12.3452393,47.4188896],[12.3453186,47.4187226],[12.3454364,47.4185196],[12.3455949,47.418338],[12.3458101,47.4181548],[12.3459992,47.4180016],[12.3461589,47.4178131],[12.3462574,47.4176422],[12.3464114,47.417456],[12.3463774,47.4173656],[12.3460943,47.4172399],[12.3458191,47.4171648],[12.3455032,47.4171319],[12.3451151,47.417345],[12.3447881,47.4175622],[12.3441342,47.4179925],[12.3436617,47.4183028],[12.3433686,47.4184606],[12.3431533,47.4185955],[12.3430218,47.4186607],[12.3430322,47.4187208],[12.3428979,47.4187296],[12.3428796,47.4186687],[12.3427922,47.4185283],[12.3429735,47.4184745],[12.3431587,47.4183245],[12.34377,47.4180235],[12.3445594,47.4175275],[12.3448208,47.4173043],[12.3456668,47.4168306],[12.346041,47.4169292],[12.3463404,47.4170767],[12.3464875,47.4171728],[12.3466381,47.4173461],[12.3464526,47.4175681],[12.3462993,47.4177863],[12.3461823,47.4179991],[12.3459208,47.4182579],[12.3456318,47.4184781],[12.3454489,47.4187116],[12.3453378,47.4189198],[12.345271,47.4190987],[12.3453132,47.419265],[12.3455167,47.4193448],[12.3458775,47.4193535],[12.3461449,47.4193515],[12.3463632,47.4192969],[12.346565,47.419444],[12.3462472,47.4196548],[12.3460329,47.4196887],[12.3459876,47.4197233],[12.3458644,47.4196704]]}},{"type":"Feature","id":1354443783,"properties":{"kind":"run","name":"Mapped ski run","subtype":"easy","pisteType":"downhill","featured":false},"geometry":{"type":"LineString","coordinates":[[12.3427922,47.4185283],[12.3426866,47.418556],[12.3425686,47.4186159],[12.3424772,47.4187137],[12.3423248,47.4188428],[12.342093,47.4190132],[12.3416567,47.4191841],[12.3409172,47.4194793],[12.34004,47.4198414],[12.339436,47.4200232],[12.3389009,47.4202407],[12.3384003,47.420494],[12.3380972,47.4208669],[12.3378078,47.4214154],[12.3376999,47.4217774],[12.3376716,47.4220741],[12.3377054,47.4224145],[12.3377267,47.422653],[12.3377165,47.4228124],[12.3376154,47.4230418],[12.3375372,47.4231621],[12.3374387,47.4233475],[12.3374427,47.4235835],[12.3374653,47.4237543],[12.33762,47.4237126],[12.337623,47.423431],[12.3377778,47.4230792],[12.3378604,47.4228891],[12.3378532,47.4225348],[12.337802,47.4223962],[12.3377764,47.4222074],[12.3378225,47.4219383],[12.3379446,47.4215036],[12.3381234,47.4210969],[12.3383217,47.4208641],[12.3385952,47.420612],[12.3389498,47.4204666],[12.3399896,47.4200447],[12.3403889,47.4199527],[12.3407684,47.4197837],[12.3412416,47.4194551],[12.3416578,47.4193087],[12.342065,47.4191704],[12.3423339,47.4190322],[12.3425107,47.4188561],[12.3426233,47.4187054],[12.3426834,47.4186598],[12.3427853,47.4186576],[12.3428467,47.41866],[12.3428796,47.4186687],[12.3427922,47.4185283]]}},{"type":"Feature","id":1354443784,"properties":{"kind":"run","name":"Mapped ski run","subtype":"easy","pisteType":"downhill","featured":false},"geometry":{"type":"LineString","coordinates":[[12.3374653,47.4237543],[12.3374996,47.4239732],[12.3374722,47.4243456],[12.3374918,47.4246271],[12.3375218,47.4248663],[12.3374057,47.4251708],[12.3372505,47.4255714],[12.3370126,47.4259105],[12.3365514,47.4264463],[12.336176,47.4268203],[12.3357587,47.4270057],[12.3359128,47.4269878],[12.3360278,47.4269744],[12.3361616,47.4270313],[12.3361242,47.4271242],[12.3360317,47.42723],[12.3359694,47.4272928],[12.3358709,47.427328],[12.3357367,47.4272883],[12.3354912,47.427393],[12.3353438,47.4275684],[12.3351667,47.4277029],[12.3355697,47.4277799],[12.3358123,47.4275786],[12.3360301,47.4273554],[12.3361707,47.4272015],[12.3362894,47.4270775],[12.3364427,47.4268864],[12.3367743,47.426482],[12.337278,47.4259384],[12.3374171,47.4255946],[12.3375002,47.4253507],[12.3375898,47.4250726],[12.3376589,47.4248497],[12.3376079,47.424521],[12.3375909,47.4242222],[12.3376113,47.4238835],[12.33762,47.4237126],[12.3374653,47.4237543]]}},{"type":"Feature","id":1354443785,"properties":{"kind":"run","name":"Mapped ski run","subtype":"easy","pisteType":"downhill","featured":false},"geometry":{"type":"LineString","coordinates":[[12.3357587,47.4270057],[12.3357001,47.4270731],[12.3356208,47.4272004],[12.3354912,47.427393],[12.3357367,47.4272883],[12.3357471,47.4272151],[12.3357862,47.4270545],[12.3359128,47.4269878],[12.3357587,47.4270057]]}},{"type":"Feature","id":1354443786,"properties":{"kind":"run","name":"Kaser","subtype":"easy","pisteType":"downhill","featured":false},"geometry":{"type":"LineString","coordinates":[[12.335493,47.427683],[12.3352965,47.4278748],[12.3351055,47.4280614]]}},{"type":"Feature","id":1354443787,"properties":{"kind":"run","name":"Mapped ski run","subtype":"intermediate","pisteType":"downhill","featured":false},"geometry":{"type":"LineString","coordinates":[[12.3351667,47.4277029],[12.3349259,47.4279618],[12.3351946,47.4282142],[12.3355697,47.4277799],[12.3351667,47.4277029]]}},{"type":"Feature","id":1354443788,"properties":{"kind":"run","name":"Mapped ski run","subtype":"advanced","pisteType":"downhill","featured":false},"geometry":{"type":"LineString","coordinates":[[12.3669579,47.4261514],[12.3671596,47.4263185],[12.3673462,47.4265605]]}},{"type":"Feature","id":1354443789,"properties":{"kind":"run","name":"Mapped ski run","subtype":"easy","pisteType":"downhill","featured":false},"geometry":{"type":"LineString","coordinates":[[12.3600659,47.3995743],[12.3600347,47.3997255],[12.3601128,47.3998676],[12.3603719,47.3998056],[12.3606824,47.3997951],[12.3610711,47.3998374],[12.361835,47.3998843],[12.3624292,47.3999447],[12.3633226,47.4002622],[12.3638408,47.400418],[12.3638887,47.4004409],[12.364159,47.4004418],[12.3643724,47.4005189],[12.3644559,47.4005609],[12.3645083,47.4005872],[12.3648971,47.4006683],[12.3650535,47.4007187],[12.3651967,47.4008078],[12.3654729,47.400967],[12.3657769,47.4012549],[12.3659552,47.4013578],[12.3665485,47.4015655],[12.3666698,47.4016278],[12.3671229,47.4017811],[12.3672837,47.401883],[12.3673553,47.4019918],[12.3673611,47.4021897],[12.3675,47.4021946],[12.367538,47.4020195],[12.3674386,47.4019147],[12.3673728,47.4018177],[12.3670118,47.401521],[12.3667268,47.401332],[12.3664521,47.4012242],[12.3661876,47.4011431],[12.3658719,47.4009472],[12.365543,47.4007306],[12.3652098,47.4005773],[12.3647261,47.4004042],[12.3644323,47.4003369],[12.3641327,47.4002815],[12.3638375,47.4001816],[12.3635306,47.4000985],[12.363136,47.3999946],[12.3627546,47.3998334],[12.3625368,47.3997493],[12.3622065,47.3996286],[12.3617578,47.3995653],[12.3613969,47.3995277],[12.3608693,47.3994674],[12.3604221,47.3994941],[12.360064,47.3994565],[12.3598433,47.399404],[12.3599734,47.3995702],[12.3600659,47.3995743]]}},{"type":"Feature","id":1354443790,"properties":{"kind":"run","name":"Mapped ski run","subtype":"easy","pisteType":"downhill","featured":false},"geometry":{"type":"LineString","coordinates":[[12.3563323,47.3994702],[12.3566488,47.3995841],[12.3569956,47.3996046],[12.3572346,47.3995659],[12.3576387,47.3994394],[12.3580528,47.3993471],[12.3584484,47.3993004],[12.358972,47.3992628],[12.3592851,47.3992878],[12.3598433,47.399404],[12.3599734,47.3995702],[12.3596133,47.3994747],[12.3590696,47.3994063],[12.3586942,47.39942],[12.3581689,47.3994576],[12.3577228,47.3995784],[12.3574434,47.3997083],[12.3570932,47.3997265],[12.3568053,47.399706],[12.3563559,47.3995511],[12.3563323,47.3994702]]}},{"type":"Feature","id":1354443791,"properties":{"kind":"run","name":"Silberstube","subtype":"easy","pisteType":"downhill","featured":false},"geometry":{"type":"LineString","coordinates":[[12.3537284,47.395902],[12.3541411,47.39556],[12.3546038,47.3951889],[12.3551264,47.3948074],[12.3558331,47.3944256],[12.3568433,47.3941384],[12.3568947,47.3942792],[12.3570034,47.3943889],[12.3569249,47.3944628]]}},{"type":"Feature","id":1354485523,"properties":{"kind":"run","name":"Mapped ski run","subtype":"easy","pisteType":"nordic","featured":false},"geometry":{"type":"LineString","coordinates":[[12.406863,47.4289044],[12.4082775,47.4277678],[12.4089837,47.4272655],[12.4094386,47.4267395],[12.4099366,47.4257098],[12.4102723,47.4250976],[12.4114326,47.4236466],[12.4122406,47.4227626],[12.41328,47.4219343],[12.4135595,47.4217545],[12.4135878,47.4216862],[12.4135654,47.4216184],[12.4134604,47.4215037],[12.413348,47.421347],[12.4133504,47.4213014],[12.4134206,47.4212163],[12.4141603,47.4208153],[12.4144501,47.4205618],[12.4146419,47.4203503],[12.4150234,47.4200725],[12.4154112,47.4198746],[12.4162526,47.4194762],[12.4175512,47.4188781],[12.4181954,47.4185922],[12.4192602,47.4182705],[12.4197072,47.418181],[12.4202775,47.4180091],[12.4215785,47.417633],[12.4219485,47.4174552],[12.4222356,47.4172961],[12.4225782,47.4170302],[12.4227955,47.4167601],[12.4229172,47.4165323],[12.4229775,47.4162332],[12.423045,47.4159515],[12.423204,47.4157684],[12.4234297,47.4156584],[12.4237847,47.4155091],[12.4242744,47.4151144],[12.4243607,47.4149938],[12.4243865,47.4148476],[12.4243956,47.4146758],[12.4245006,47.4143671],[12.4245929,47.414207],[12.4248588,47.4139994],[12.4250519,47.4138294],[12.42511,47.4137161]]}},{"type":"Feature","id":1354485524,"properties":{"kind":"run","name":"Mapped ski run","subtype":"easy","pisteType":"nordic","featured":false},"geometry":{"type":"LineString","coordinates":[[12.4225506,47.4009576],[12.4223941,47.4007956],[12.422331,47.4007395],[12.4221959,47.4005341],[12.421821,47.3999237],[12.4213723,47.3993267],[12.4213211,47.3992384],[12.4212949,47.3991311],[12.4213052,47.3988435],[12.42132,47.3983392],[12.4213515,47.3980071],[12.4215273,47.3974474],[12.4216669,47.3971447],[12.4221769,47.3963707],[12.4227832,47.3954349],[12.4230261,47.3949894],[12.4231779,47.3948453],[12.4233321,47.3947322],[12.4233795,47.3946591],[12.4233714,47.3946036],[12.4233324,47.3945562],[12.4232202,47.3945183],[12.4231143,47.394477]]}},{"type":"Feature","id":1354485525,"properties":{"kind":"run","name":"Mapped ski run","subtype":"easy","pisteType":"nordic","featured":false},"geometry":{"type":"LineString","coordinates":[[12.4229294,47.3944156],[12.4228488,47.3943863],[12.4227485,47.3943601]]}},{"type":"Feature","id":1354485526,"properties":{"kind":"run","name":"Mapped ski run","subtype":"easy","pisteType":"nordic","featured":false},"geometry":{"type":"LineString","coordinates":[[12.4227485,47.3943601],[12.4220844,47.3953572],[12.4215068,47.3960926],[12.4211954,47.3964586],[12.4211285,47.3964961],[12.4210427,47.3965181],[12.4209236,47.3965143],[12.4206214,47.3964533],[12.4202969,47.3964397],[12.420162,47.3964087],[12.4200955,47.3963458],[12.4200814,47.3962673],[12.4200934,47.3961801],[12.4202877,47.3955672],[12.4204782,47.3951864],[12.420847,47.3945802],[12.4213245,47.3937353],[12.421943,47.3926284],[12.4223659,47.3918426],[12.4227812,47.3910237],[12.4228306,47.390871],[12.4229446,47.3908176],[12.4230576,47.3908071],[12.4231561,47.3908145],[12.4232437,47.3908633],[12.4232906,47.3909403],[12.4232964,47.3910919],[12.4232564,47.3916938],[12.4231758,47.3919202],[12.4231185,47.3920544],[12.4231198,47.3921682],[12.4231696,47.3922575],[12.4232953,47.3923548],[12.4237196,47.3925455],[12.4237863,47.3926021],[12.423807,47.3926697],[12.4237859,47.3927328],[12.4235882,47.3929601],[12.4234552,47.3931992],[12.4230766,47.3937857],[12.4227485,47.3943601]]}},{"type":"Feature","id":1354485527,"properties":{"kind":"run","name":"Mapped ski run","subtype":"easy","pisteType":"nordic","featured":false},"geometry":{"type":"LineString","coordinates":[[12.4231143,47.394477],[12.4229294,47.3944156]]}},{"type":"Feature","id":1354485528,"properties":{"kind":"run","name":"Mapped ski run","subtype":"easy","pisteType":"nordic","featured":false},"geometry":{"type":"LineString","coordinates":[[12.4251556,47.4135993],[12.4251862,47.4134554],[12.4251719,47.4132208],[12.425195,47.4130521],[12.4252969,47.4129022],[12.4255377,47.4126446],[12.4257222,47.4124047],[12.4258058,47.4122445],[12.4259073,47.4119105],[12.426067,47.411379],[12.4261054,47.4112086],[12.4261573,47.4107529],[12.4261487,47.4101637],[12.426097,47.4091376],[12.4260729,47.4086082],[12.425885,47.4075273],[12.4257759,47.4071966],[12.4255535,47.4067086],[12.4252915,47.4062965],[12.4241211,47.4047443],[12.4238653,47.404411],[12.4237578,47.4041404],[12.4237363,47.4040485],[12.4237083,47.4040053],[12.4235355,47.4038692],[12.4233717,47.4037464],[12.4232635,47.4036043],[12.4231945,47.4034385],[12.4229861,47.4028995],[12.422859,47.4024844],[12.4228648,47.4024155],[12.422768,47.4023],[12.4226352,47.4022041],[12.422487,47.4021035],[12.4224266,47.4019951],[12.4223861,47.4018685],[12.4221534,47.4015284],[12.4219473,47.401187],[12.4219139,47.4011182],[12.4219083,47.4010647],[12.42191,47.4009991]]}},{"type":"Feature","id":1354485529,"properties":{"kind":"run","name":"Mapped ski run","subtype":"easy","pisteType":"nordic","featured":false},"geometry":{"type":"LineString","coordinates":[[12.42511,47.4137161],[12.4251556,47.4135993]]}},{"type":"Feature","id":1361000523,"properties":{"kind":"run","name":"Streiteck","subtype":"easy","pisteType":"downhill","featured":false},"geometry":{"type":"LineString","coordinates":[[12.3674279,47.4022648],[12.367424,47.4021861],[12.3674087,47.4020728],[12.367388,47.4019935],[12.3673121,47.4018646],[12.3671884,47.4017992],[12.3669853,47.4017192],[12.3667207,47.4016657],[12.3665638,47.4016433]]}},{"type":"Feature","id":1361000524,"properties":{"kind":"run","name":"Streiteck","subtype":"easy","pisteType":"downhill","featured":false},"geometry":{"type":"LineString","coordinates":[[12.3665638,47.4016433],[12.3663415,47.4014575],[12.3661728,47.4013563],[12.3659258,47.4011625],[12.3656901,47.4009802],[12.3654711,47.4008396],[12.3651287,47.4006648],[12.3649474,47.4006165],[12.3647414,47.400566],[12.3642243,47.4004059]]}},{"type":"Feature","id":1361000525,"properties":{"kind":"run","name":"Streiteck","subtype":"easy","pisteType":"downhill","featured":false},"geometry":{"type":"LineString","coordinates":[[12.3642243,47.4004059],[12.3637227,47.4002683],[12.3632504,47.4001869],[12.3630069,47.4001061],[12.3627149,47.4000036],[12.3623724,47.3998593],[12.3620132,47.3997985],[12.3615865,47.3997491]]}},{"type":"Feature","id":1435911219,"properties":{"kind":"run","name":"Mapped ski run","subtype":"easy","pisteType":"downhill","featured":false},"geometry":{"type":"LineString","coordinates":[[12.4297361,47.4608748],[12.4293191,47.4609289]]}},{"type":"Feature","id":1435911220,"properties":{"kind":"run","name":"Mapped ski run","subtype":"easy","pisteType":"downhill","featured":false},"geometry":{"type":"LineString","coordinates":[[12.4290509,47.4620079],[12.4287457,47.4617862],[12.4284091,47.46161]]}},{"type":"Feature","id":1471122715,"properties":{"kind":"run","name":"Hieslegg","subtype":"intermediate","pisteType":"downhill","featured":false},"geometry":{"type":"LineString","coordinates":[[12.3342723,47.3938348],[12.333392,47.3936937],[12.3319998,47.3935415],[12.3316926,47.3935319],[12.3312224,47.3935553],[12.3307768,47.3935801],[12.3303552,47.3934942],[12.3299506,47.3934114],[12.3294415,47.3931226],[12.3292415,47.3929291],[12.328826,47.3926804],[12.3287609,47.3926163],[12.3288655,47.392474]]}},{"type":"Feature","id":1472105872,"properties":{"kind":"run","name":"Mapped ski run","subtype":"expert","pisteType":"downhill","featured":false},"geometry":{"type":"LineString","coordinates":[[12.3688625,47.4281704],[12.3683637,47.4282997],[12.3681926,47.4284817],[12.3681376,47.4286544]]}},{"type":"Feature","id":1472105873,"properties":{"kind":"run","name":"Mapped ski run","subtype":"expert","pisteType":"downhill","featured":false},"geometry":{"type":"LineString","coordinates":[[12.3716364,47.4263784],[12.3712622,47.4263702],[12.3708573,47.4262754],[12.3707617,47.4262756],[12.3707607,47.4263265]]}},{"type":"Feature","id":1472105874,"properties":{"kind":"run","name":"Streif-Rennstrecke (nur während Rennen präpariert)","subtype":"expert","pisteType":"downhill","featured":true},"geometry":{"type":"LineString","coordinates":[[12.3715338,47.4371954],[12.3716859,47.43728],[12.371848,47.4373397],[12.372077,47.4374093],[12.3723128,47.4374321],[12.3726542,47.4374328],[12.3727309,47.4374448],[12.3729713,47.4374823],[12.3732233,47.4376033],[12.3733591,47.4377558]]}},{"type":"Feature","id":1472105875,"properties":{"kind":"run","name":"Mapped ski run","subtype":"intermediate","pisteType":"downhill","featured":false},"geometry":{"type":"LineString","coordinates":[[12.3729202,47.4370407],[12.3727309,47.4374448],[12.3726514,47.4375611],[12.3723618,47.4376398],[12.3719795,47.4378072],[12.371804,47.4379261],[12.3715069,47.4380724]]}},{"type":"Feature","id":1472105876,"properties":{"kind":"run","name":"Mapped ski run","subtype":"expert","pisteType":"downhill","featured":false},"geometry":{"type":"LineString","coordinates":[[12.3681139,47.4287743],[12.3678657,47.429085],[12.3675918,47.4293708],[12.3675468,47.4296103],[12.3676301,47.4298041]]}},{"type":"Feature","id":1472107191,"properties":{"kind":"run","name":"Mapped ski run","subtype":"expert","pisteType":"downhill","featured":false},"geometry":{"type":"LineString","coordinates":[[12.3789301,47.4397897],[12.3794614,47.439821],[12.3801211,47.4400197],[12.3805594,47.4402411],[12.3808893,47.440588]]}},{"type":"Feature","id":1518564758,"properties":{"kind":"run","name":"Mapped ski run","subtype":"easy","pisteType":"nordic","featured":false},"geometry":{"type":"LineString","coordinates":[[12.3444877,47.4580845],[12.3445477,47.4581509]]}},{"type":"Feature","id":1518564759,"properties":{"kind":"run","name":"Mapped ski run","subtype":"easy","pisteType":"nordic","featured":false},"geometry":{"type":"LineString","coordinates":[[12.3444357,47.458027],[12.3444877,47.4580845]]}},{"type":"Feature","id":1551211793,"properties":{"kind":"run","name":"Kaser","subtype":"intermediate","pisteType":"downhill","featured":false},"geometry":{"type":"LineString","coordinates":[[12.3268292,47.4386886],[12.3261801,47.4388844],[12.325885,47.4390187],[12.3256826,47.439114],[12.3254965,47.4391724],[12.3253319,47.4391943],[12.3249705,47.4392581],[12.3245902,47.4392563],[12.3241884,47.4393439]]}},{"type":"Feature","id":1551211794,"properties":{"kind":"run","name":"Kaser-Fleck","subtype":"intermediate","pisteType":"downhill","featured":false},"geometry":{"type":"LineString","coordinates":[[12.3321176,47.4458522],[12.3318836,47.4460498],[12.3313095,47.446232],[12.3309475,47.4462624],[12.3302,47.4463258],[12.3298893,47.4463697],[12.3292798,47.4466436],[12.328921,47.4468058],[12.3285472,47.4469082],[12.3283683,47.4469624],[12.3282425,47.4470539],[12.3281123,47.4471763]]}},{"type":"Feature","id":1551211795,"properties":{"kind":"run","name":"Skiroute Giggling","subtype":"advanced","pisteType":"downhill","featured":false},"geometry":{"type":"LineString","coordinates":[[12.3744188,47.4041246],[12.3750093,47.4043973],[12.3757309,47.4046283],[12.3764534,47.4051419],[12.3769054,47.4050316],[12.3772844,47.405313],[12.3777401,47.4050073],[12.378627,47.404905],[12.3792802,47.4045188],[12.3803636,47.4042066],[12.3822245,47.4035977],[12.3836541,47.4034225],[12.3850343,47.4031306],[12.3861065,47.4029054],[12.3871294,47.4027052],[12.3876359,47.4019121],[12.3886487,47.4014647],[12.3903081,47.4010822],[12.3921082,47.401454],[12.3946048,47.4020677],[12.3953272,47.402262],[12.3960272,47.4024883],[12.3967296,47.4027135],[12.3967419,47.4027135],[12.3972242,47.4027617]]}}]}