{"type":"FeatureCollection","features":[{"type":"Feature","id":"building-228967980","properties":{"kind":"building","name":"Alpine building","height":7.2},"geometry":{"type":"Polygon","coordinates":[[[12.3764026,47.4275867],[12.3764126,47.4275544],[12.3764524,47.42756],[12.3764441,47.4275869],[12.3764384,47.4275861],[12.3764367,47.4275915],[12.3764026,47.4275867]]]}},{"type":"Feature","id":"building-228967978","properties":{"kind":"building","name":"Alpine building","height":7.2},"geometry":{"type":"Polygon","coordinates":[[[12.3764828,47.4276585],[12.3764885,47.4276416],[12.3765213,47.4276466],[12.3765156,47.4276636],[12.3764828,47.4276585]]]}},{"type":"Feature","id":"building-228967983","properties":{"kind":"building","name":"Alpine building","height":7.2},"geometry":{"type":"Polygon","coordinates":[[[12.3764701,47.4275057],[12.3765596,47.4275189],[12.3765424,47.4275721],[12.3765328,47.4276016],[12.3765364,47.4276021],[12.3765213,47.4276466],[12.3764885,47.4276416],[12.3764236,47.4276321],[12.3764367,47.4275915],[12.3764384,47.4275861],[12.3764441,47.4275869],[12.3764524,47.42756],[12.3764701,47.4275057]]]}},{"type":"Feature","id":"building-228967981","properties":{"kind":"building","name":"Alpine building","height":7.2},"geometry":{"type":"Polygon","coordinates":[[[12.3766035,47.4275757],[12.3765424,47.4275721],[12.3765328,47.4276016],[12.3765364,47.4276021],[12.3765213,47.4276466],[12.3765833,47.4276459],[12.3766035,47.4275757]]]}},{"type":"Feature","id":"building-228967979","properties":{"kind":"building","name":"Alpine building","height":7.2},"geometry":{"type":"Polygon","coordinates":[[[12.3767841,47.42756],[12.3768005,47.4274984],[12.376888,47.427509],[12.3768716,47.4275707],[12.3767841,47.42756]]]}},{"type":"Feature","id":"building-228963408","properties":{"kind":"building","name":"Alpine building","height":7.2},"geometry":{"type":"Polygon","coordinates":[[[12.3723832,47.427655],[12.3723846,47.4276485],[12.3723964,47.4275922],[12.3725321,47.4276052],[12.3725359,47.427587],[12.3725882,47.427592],[12.3725731,47.4276642],[12.3725151,47.4276586],[12.3725132,47.4276675],[12.3723832,47.427655]]]}},{"type":"Feature","id":"building-228963415","properties":{"kind":"building","name":"Hocheckhütte","height":7.2},"geometry":{"type":"Polygon","coordinates":[[[12.3723537,47.4274791],[12.3723468,47.4275106],[12.3724082,47.4275176],[12.3723964,47.4275922],[12.3725321,47.4276052],[12.3725359,47.427587],[12.3725511,47.4275121],[12.3725402,47.4275044],[12.3724983,47.4274888],[12.3724639,47.4274749],[12.3724151,47.4274725],[12.3723543,47.4274725],[12.3723537,47.4274791]]]}},{"type":"Feature","id":"building-228963411","properties":{"kind":"building","name":"Alpine building","height":7.2},"geometry":{"type":"Polygon","coordinates":[[[12.3723399,47.4275292],[12.3723245,47.427601],[12.3723273,47.4276228],[12.3723382,47.427636],[12.3723583,47.4276453],[12.3723846,47.4276485],[12.3723964,47.4275922],[12.3724082,47.4275176],[12.3723468,47.4275106],[12.3723399,47.4275292]]]}},{"type":"Feature","id":"building-228963416","properties":{"kind":"building","name":"Alpine building","height":7.2},"geometry":{"type":"Polygon","coordinates":[[[12.371824,47.4274426],[12.3719329,47.4273377],[12.3721695,47.4275156],[12.3721752,47.4275125],[12.3722338,47.4275762],[12.3722074,47.427596],[12.371824,47.4274426]]]}},{"type":"Feature","id":"building-306131978","properties":{"kind":"building","name":"Alpine building","height":7.2},"geometry":{"type":"Polygon","coordinates":[[[12.3721859,47.427166],[12.3720542,47.4271076],[12.3720812,47.4270778],[12.3720256,47.4270548],[12.3720629,47.4270083],[12.3722679,47.4270809],[12.3721859,47.427166]]]}},{"type":"Feature","id":"building-306126447","properties":{"kind":"building","name":"Alpine building","height":7.2},"geometry":{"type":"Polygon","coordinates":[[[12.3719986,47.4270846],[12.3720256,47.4270548],[12.3720812,47.4270778],[12.3720542,47.4271076],[12.3719986,47.4270846]]]}},{"type":"Feature","id":"building-228963407","properties":{"kind":"building","name":"Alpine building","height":7.2},"geometry":{"type":"Polygon","coordinates":[[[12.3721219,47.4264893],[12.3721526,47.4264636],[12.3721641,47.426456],[12.3721849,47.4264524],[12.3722016,47.4264513],[12.3722171,47.4264514],[12.3722513,47.4264582],[12.3722799,47.4264726],[12.3723269,47.4265123],[12.3723651,47.426515],[12.3724185,47.4265628],[12.3724524,47.4265959],[12.3724691,47.4266015],[12.3725027,47.426603],[12.3725368,47.4266096],[12.3725539,47.4266145],[12.3725644,47.4266238],[12.3726634,47.4267254],[12.3726707,47.4267335],[12.3726553,47.4267397],[12.3725498,47.4266332],[12.3724881,47.4266579],[12.3722645,47.4267548],[12.3722393,47.4267322],[12.3722066,47.4267482],[12.3721376,47.4266908],[12.3721225,47.4266993],[12.3721031,47.426682],[12.3720163,47.4266081],[12.3720994,47.4265656],[12.3720953,47.4265568],[12.3720855,47.4265481],[12.3720563,47.4265382],[12.3720279,47.4265387],[12.3720052,47.4265459],[12.3719791,47.4265713],[12.3719426,47.4265558],[12.3719677,47.4265312],[12.3719865,47.4265202],[12.372005,47.4265165],[12.3720568,47.4265179],[12.3720861,47.4265195],[12.3721219,47.4264893]]]}},{"type":"Feature","id":"building-228963417","properties":{"kind":"building","name":"Alpine building","height":7.2},"geometry":{"type":"Polygon","coordinates":[[[12.3714254,47.4276895],[12.3714746,47.4276299],[12.3715319,47.4276516],[12.3715505,47.427629],[12.3716692,47.4276739],[12.3716254,47.4277268],[12.3715822,47.4277105],[12.3715582,47.4277396],[12.3714254,47.4276895]]]}},{"type":"Feature","id":"building-228967552","properties":{"kind":"building","name":"Alpine building","height":7.2},"geometry":{"type":"Polygon","coordinates":[[[12.3718794,47.4262513],[12.3719001,47.4262236],[12.3719605,47.4262442],[12.3719398,47.4262719],[12.3718794,47.4262513]]]}},{"type":"Feature","id":"building-538203226","properties":{"kind":"building","name":"Alpine building","height":7.2},"geometry":{"type":"Polygon","coordinates":[[[12.3713433,47.4261508],[12.3712964,47.4260956],[12.3713323,47.4260816],[12.3713791,47.4261369],[12.3713433,47.4261508]]]}},{"type":"Feature","id":"building-229219549","properties":{"kind":"building","name":"Alpine building","height":7.2},"geometry":{"type":"Polygon","coordinates":[[[12.37008,47.4281228],[12.3701478,47.4280825],[12.3702359,47.4281502],[12.3701681,47.4281905],[12.37008,47.4281228]]]}},{"type":"Feature","id":"building-228967982","properties":{"kind":"building","name":"Alpine building","height":7.2},"geometry":{"type":"Polygon","coordinates":[[[12.3759214,47.424792],[12.3760497,47.4246278],[12.3762342,47.4246938],[12.3762072,47.4247282],[12.3762462,47.4247422],[12.3761937,47.4248093],[12.3761542,47.4247952],[12.3761053,47.4248578],[12.3759214,47.424792]]]}},{"type":"Feature","id":"building-228967553","properties":{"kind":"building","name":"Hahnenkamm Race Start","height":7.2},"geometry":{"type":"Polygon","coordinates":[[[12.3706771,47.4263266],[12.3706783,47.4261837],[12.3706784,47.4261735],[12.3706823,47.4261212],[12.3708424,47.4261252],[12.3708535,47.4263264],[12.3707607,47.4263265],[12.3706771,47.4263266]]]}},{"type":"Feature","id":"building-228966867","properties":{"kind":"building","name":"Alpine building","height":7.2},"geometry":{"type":"Polygon","coordinates":[[[12.3704791,47.4258456],[12.3704574,47.4257932],[12.3705604,47.4257737],[12.3705684,47.4257933],[12.3705732,47.4257924],[12.3705868,47.4258253],[12.3704791,47.4258456]]]}},{"type":"Feature","id":"building-228966868","properties":{"kind":"building","name":"Alpine building","height":7.2},"geometry":{"type":"Polygon","coordinates":[[[12.3699388,47.4263652],[12.3698819,47.4262923],[12.3699631,47.4262632],[12.3700201,47.4263361],[12.3699388,47.4263652]]]}},{"type":"Feature","id":"building-307512671","properties":{"kind":"building","name":"Alpine building","height":7.2},"geometry":{"type":"Polygon","coordinates":[[[12.3757659,47.4319139],[12.3756939,47.4318462],[12.3757565,47.4318157],[12.3758285,47.4318834],[12.3757659,47.4319139]]]}},{"type":"Feature","id":"building-228966871","properties":{"kind":"building","name":"Alpine building","height":7.2},"geometry":{"type":"Polygon","coordinates":[[[12.3695743,47.4259],[12.369557,47.4258321],[12.3696155,47.4258253],[12.3696209,47.4258465],[12.3696378,47.4258445],[12.3696417,47.4258596],[12.3696256,47.4258615],[12.3696336,47.425893],[12.3695743,47.4259]]]}},{"type":"Feature","id":"building-306126450","properties":{"kind":"building","name":"Alpine building","height":7.2},"geometry":{"type":"Polygon","coordinates":[[[12.3693584,47.4257912],[12.3693577,47.4257492],[12.3692816,47.4257498],[12.3692818,47.4257641],[12.3691865,47.4257648],[12.3691869,47.4257924],[12.3693584,47.4257912]]]}},{"type":"Feature","id":"building-228963405","properties":{"kind":"building","name":"Alpine building","height":7.2},"geometry":{"type":"Polygon","coordinates":[[[12.3705349,47.4313019],[12.370563,47.4312536],[12.3703197,47.4311889],[12.3702916,47.4312371],[12.3705349,47.4313019]]]}},{"type":"Feature","id":"building-228966870","properties":{"kind":"building","name":"Alpine building","height":7.2},"geometry":{"type":"Polygon","coordinates":[[[12.3691219,47.4257928],[12.3691213,47.4257503],[12.369153,47.42575],[12.369152,47.4256799],[12.3692806,47.425679],[12.3692816,47.4257498],[12.3692818,47.4257641],[12.3691865,47.4257648],[12.3691869,47.4257924],[12.3691219,47.4257928]]]}},{"type":"Feature","id":"building-228966851","properties":{"kind":"building","name":"Alpine building","height":7.2},"geometry":{"type":"Polygon","coordinates":[[[12.366621,47.4254691],[12.3666396,47.4253551],[12.3669611,47.4253791],[12.3669426,47.4254931],[12.366621,47.4254691]]]}},{"type":"Feature","id":"building-737673604","properties":{"kind":"building","name":"Alpine building","height":7.2},"geometry":{"type":"Polygon","coordinates":[[[12.3687787,47.4325626],[12.3688666,47.4325045],[12.3689196,47.4325412],[12.3688317,47.4325993],[12.3687787,47.4325626]]]}},{"type":"Feature","id":"building-307511699","properties":{"kind":"building","name":"Alpine building","height":7.2},"geometry":{"type":"Polygon","coordinates":[[[12.3833688,47.4255042],[12.3835678,47.4253767],[12.3834305,47.4252786],[12.3833651,47.4253205],[12.3833398,47.4253025],[12.3832886,47.4253353],[12.3833124,47.4253523],[12.38323,47.4254051],[12.3833688,47.4255042]]]}},{"type":"Feature","id":"building-306019571","properties":{"kind":"building","name":"Alpine building","height":7.2},"geometry":{"type":"Polygon","coordinates":[[[12.36535,47.4278792],[12.3653624,47.4277102],[12.3654725,47.4277139],[12.3654601,47.4278829],[12.36535,47.4278792]]]}},{"type":"Feature","id":"building-929268754","properties":{"kind":"building","name":"Alpine building","height":7.2},"geometry":{"type":"Polygon","coordinates":[[[12.3798074,47.4218785],[12.37987,47.4218695],[12.3798584,47.4218065],[12.3797897,47.4218152],[12.3798074,47.4218785]]]}},{"type":"Feature","id":"building-929268755","properties":{"kind":"building","name":"Alpine building","height":7.2},"geometry":{"type":"Polygon","coordinates":[[[12.3798035,47.4217983],[12.3798473,47.4217927],[12.3797847,47.4217394],[12.3797548,47.421757],[12.3798035,47.4217983]]]}},{"type":"Feature","id":"building-228966848","properties":{"kind":"building","name":"Alpine building","height":7.2},"geometry":{"type":"Polygon","coordinates":[[[12.3686933,47.4220449],[12.368697,47.4220195],[12.3687255,47.4220214],[12.3687218,47.4220468],[12.3686933,47.4220449]]]}},{"type":"Feature","id":"building-228966857","properties":{"kind":"building","name":"Alpine building","height":7.2},"geometry":{"type":"Polygon","coordinates":[[[12.3686376,47.4220148],[12.3686548,47.4219121],[12.3687644,47.4219206],[12.3687565,47.4219677],[12.3687478,47.421967],[12.3687385,47.4220226],[12.3687255,47.4220214],[12.368697,47.4220195],[12.3686376,47.4220148]]]}},{"type":"Feature","id":"building-228965342","properties":{"kind":"building","name":"Alpine building","height":7.2},"geometry":{"type":"Polygon","coordinates":[[[12.3674888,47.4336766],[12.3678599,47.4335202],[12.3679315,47.4335979],[12.3675603,47.4337543],[12.3674888,47.4336766]]]}},{"type":"Feature","id":"building-131821300","properties":{"kind":"building","name":"Alpine building","height":7.2},"geometry":{"type":"Polygon","coordinates":[[[12.3658783,47.4239193],[12.3659008,47.4236903],[12.3656641,47.4236796],[12.3656616,47.4237054],[12.3656202,47.4237036],[12.3656003,47.4239068],[12.3658783,47.4239193]]]}},{"type":"Feature","id":"building-228966862","properties":{"kind":"building","name":"Hahnenkamm Stüberl","height":7.2},"geometry":{"type":"Polygon","coordinates":[[[12.3651538,47.4235242],[12.3651783,47.4235112],[12.3652893,47.4234526],[12.3653256,47.4234848],[12.365344,47.4234761],[12.3654268,47.4235418],[12.3654134,47.4235512],[12.3654427,47.4235734],[12.3653571,47.4236798],[12.3651538,47.4235242]]]}},{"type":"Feature","id":"building-930374545","properties":{"kind":"building","name":"Ehrenbachkapelle","height":7.2},"geometry":{"type":"Polygon","coordinates":[[[12.3769482,47.4201921],[12.3768906,47.4201408],[12.3769715,47.4200992],[12.3770291,47.4201506],[12.3769482,47.4201921]]]}},{"type":"Feature","id":"building-228966856","properties":{"kind":"building","name":"Alpine building","height":7.2},"geometry":{"type":"Polygon","coordinates":[[[12.3653393,47.4237071],[12.3653571,47.4236798],[12.3651538,47.4235242],[12.3651783,47.4235112],[12.3651412,47.4234812],[12.3650955,47.4235083],[12.3653393,47.4237071]]]}},{"type":"Feature","id":"building-228966863","properties":{"kind":"building","name":"Alpine building","height":7.2},"geometry":{"type":"Polygon","coordinates":[[[12.3646426,47.4239058],[12.3646672,47.4238513],[12.3647391,47.4238652],[12.3647494,47.4238336],[12.3647916,47.4238382],[12.3648088,47.4237849],[12.3648584,47.4237911],[12.3648373,47.4239147],[12.364734,47.4239035],[12.3647226,47.4239243],[12.3646426,47.4239058]]]}},{"type":"Feature","id":"building-228966847","properties":{"kind":"building","name":"Alpine building","height":7.2},"geometry":{"type":"Polygon","coordinates":[[[12.3670179,47.4217379],[12.3670054,47.4216774],[12.3671813,47.4216608],[12.3671938,47.4217213],[12.3670179,47.4217379]]]}},{"type":"Feature","id":"building-858379821","properties":{"kind":"building","name":"Alpine building","height":7.2},"geometry":{"type":"Polygon","coordinates":[[[12.36439,47.4322987],[12.3644058,47.432317],[12.3644517,47.432299],[12.3644359,47.4322806],[12.36439,47.4322987]]]}},{"type":"Feature","id":"building-244540905","properties":{"kind":"building","name":"Alpine building","height":7.2},"geometry":{"type":"Polygon","coordinates":[[[12.3643209,47.4323259],[12.3643347,47.4323205],[12.36439,47.4322987],[12.3644359,47.4322806],[12.3645603,47.4322317],[12.3644786,47.4321368],[12.3643838,47.4321741],[12.3643615,47.4321828],[12.3642393,47.4322309],[12.3642674,47.4322636],[12.364295,47.4322957],[12.3643209,47.4323259]]]}},{"type":"Feature","id":"building-228966859","properties":{"kind":"building","name":"Alpine building","height":4.1},"geometry":{"type":"Polygon","coordinates":[[[12.366271,47.4216944],[12.3663847,47.4216359],[12.3664667,47.4217089],[12.366353,47.4217674],[12.366271,47.4216944]]]}},{"type":"Feature","id":"building-770040030","properties":{"kind":"building","name":"Alpine building","height":7.2},"geometry":{"type":"Polygon","coordinates":[[[12.3824287,47.4350725],[12.3823715,47.43502],[12.3824084,47.4350016],[12.3824656,47.4350541],[12.3824287,47.4350725]]]}},{"type":"Feature","id":"building-228966865","properties":{"kind":"building","name":"Berghaus Holzmeister","height":7.2},"geometry":{"type":"Polygon","coordinates":[[[12.364454,47.4230551],[12.3644065,47.4230232],[12.3643373,47.4230705],[12.3643163,47.4230564],[12.3642767,47.4230834],[12.3643445,47.4231289],[12.3643872,47.4230997],[12.364404,47.423111],[12.3644269,47.4230954],[12.3644108,47.4230846],[12.364454,47.4230551]]]}},{"type":"Feature","id":"building-228966853","properties":{"kind":"building","name":"Alpine building","height":7.2},"geometry":{"type":"Polygon","coordinates":[[[12.3663159,47.4214587],[12.3662597,47.4213951],[12.3662011,47.4214189],[12.3662573,47.4214824],[12.3663159,47.4214587]]]}},{"type":"Feature","id":"building-228966858","properties":{"kind":"building","name":"Sonnenbühel","height":7.2},"geometry":{"type":"Polygon","coordinates":[[[12.366131,47.4215351],[12.3662573,47.4214824],[12.3662011,47.4214189],[12.3661481,47.4213642],[12.3661079,47.4213822],[12.366022,47.4214177],[12.366131,47.4215351]]]}},{"type":"Feature","id":"building-228966852","properties":{"kind":"building","name":"Alpine building","height":7.2},"geometry":{"type":"Polygon","coordinates":[[[12.3660023,47.4213959],[12.3660882,47.4213604],[12.3661079,47.4213822],[12.366022,47.4214177],[12.3660023,47.4213959]]]}},{"type":"Feature","id":"building-403307156","properties":{"kind":"building","name":"Alpine building","height":7.2},"geometry":{"type":"Polygon","coordinates":[[[12.3628528,47.4234538],[12.3628602,47.4234425],[12.3628832,47.4234494],[12.3628758,47.4234607],[12.3628528,47.4234538]]]}},{"type":"Feature","id":"building-1349764071","properties":{"kind":"building","name":"Alpine building","height":7.2},"geometry":{"type":"Polygon","coordinates":[[[12.3724603,47.4373503],[12.3725054,47.43732],[12.37248,47.4373027],[12.3724349,47.437333],[12.3724603,47.4373503]]]}},{"type":"Feature","id":"building-244540904","properties":{"kind":"building","name":"Alpine building","height":7.2},"geometry":{"type":"Polygon","coordinates":[[[12.3624285,47.4323635],[12.3625364,47.4324013],[12.3625932,47.432327],[12.3624852,47.4322893],[12.3624285,47.4323635]]]}},{"type":"Feature","id":"building-228966850","properties":{"kind":"building","name":"Alpine building","height":7.2},"geometry":{"type":"Polygon","coordinates":[[[12.3631499,47.4227266],[12.3631494,47.4226949],[12.3632396,47.4226942],[12.3632401,47.4227258],[12.3631499,47.4227266]]]}},{"type":"Feature","id":"building-228966854","properties":{"kind":"building","name":"Berghaus Tyrol","height":7.2},"geometry":{"type":"Polygon","coordinates":[[[12.3628822,47.4225604],[12.3629193,47.4225158],[12.3630603,47.4225696],[12.3630847,47.4225403],[12.363114,47.4225515],[12.3630526,47.4226253],[12.3628822,47.4225604]]]}},{"type":"Feature","id":"building-228966866","properties":{"kind":"building","name":"Berghaus Tyrol","height":7.2},"geometry":{"type":"Polygon","coordinates":[[[12.3629133,47.4225127],[12.3629533,47.422466],[12.3629376,47.4224598],[12.3629717,47.42242],[12.3631337,47.4224834],[12.3630847,47.4225403],[12.3630603,47.4225696],[12.3629193,47.4225158],[12.3629133,47.4225127]]]}},{"type":"Feature","id":"building-1349764068","properties":{"kind":"building","name":"Alpine building","height":7.2},"geometry":{"type":"Polygon","coordinates":[[[12.3723691,47.437661],[12.3724023,47.4376993],[12.3723325,47.4377199],[12.3723204,47.4376779],[12.3723691,47.437661]]]}},{"type":"Feature","id":"building-228971075","properties":{"kind":"building","name":"Seidlalm","height":7.2},"geometry":{"type":"Polygon","coordinates":[[[12.3721228,47.4378314],[12.3722606,47.4377692],[12.3723038,47.4378129],[12.3723288,47.4378016],[12.3723988,47.4378725],[12.3723683,47.4378863],[12.3724055,47.4379239],[12.3722731,47.4379837],[12.3722684,47.4379791],[12.3722157,47.4379253],[12.3721228,47.4378314]]]}},{"type":"Feature","id":"building-228971076","properties":{"kind":"building","name":"Alpine building","height":7.2},"geometry":{"type":"Polygon","coordinates":[[[12.3719497,47.4378374],[12.3720357,47.4377969],[12.3720946,47.4378541],[12.3720336,47.4378828],[12.3720206,47.4378701],[12.3719955,47.4378819],[12.3719497,47.4378374]]]}},{"type":"Feature","id":"building-228971077","properties":{"kind":"building","name":"Alpine building","height":7.2},"geometry":{"type":"Polygon","coordinates":[[[12.3721927,47.4379357],[12.3722157,47.4379253],[12.3722684,47.4379791],[12.3722454,47.4379894],[12.3721927,47.4379357]]]}},{"type":"Feature","id":"building-1349764067","properties":{"kind":"building","name":"Alpine building","height":7.2},"geometry":{"type":"Polygon","coordinates":[[[12.3719114,47.4379001],[12.3719096,47.437937],[12.3719473,47.4379379],[12.3719491,47.437901],[12.3719114,47.4379001]]]}},{"type":"Feature","id":"building-307511697","properties":{"kind":"building","name":"Alpine building","height":7.2},"geometry":{"type":"Polygon","coordinates":[[[12.3889786,47.4318883],[12.3889328,47.431842],[12.3889804,47.4318204],[12.3890263,47.4318667],[12.3889786,47.4318883]]]}},{"type":"Feature","id":"building-1349764066","properties":{"kind":"building","name":"Alpine building","height":7.2},"geometry":{"type":"Polygon","coordinates":[[[12.3721004,47.4382155],[12.372154,47.4382059],[12.3721443,47.4381811],[12.3720907,47.4381907],[12.3721004,47.4382155]]]}},{"type":"Feature","id":"building-307511692","properties":{"kind":"building","name":"Alpine building","height":7.2},"geometry":{"type":"Polygon","coordinates":[[[12.3896387,47.4315824],[12.3896309,47.4315904],[12.3896286,47.4315999],[12.3896322,47.4316092],[12.3896411,47.4316167],[12.3896537,47.4316211],[12.3896679,47.4316217],[12.3896812,47.4316183],[12.3896913,47.4316115],[12.3896965,47.4316026],[12.3896958,47.431593],[12.3896894,47.4315844],[12.3896784,47.4315783],[12.3896647,47.4315758],[12.3896507,47.4315772],[12.3896387,47.4315824]]]}},{"type":"Feature","id":"building-307511693","properties":{"kind":"building","name":"Einsiedelei-Kapelle","height":4.1},"geometry":{"type":"Polygon","coordinates":[[[12.3896203,47.4318098],[12.38958,47.4317934],[12.3895753,47.4318003],[12.3895725,47.4317931],[12.3895663,47.43179],[12.389559,47.431789],[12.3895507,47.4317903],[12.389545,47.4317947],[12.3895439,47.4317993],[12.3895459,47.4318058],[12.3895539,47.4318098],[12.3895599,47.431811],[12.3895677,47.4318092],[12.3895553,47.4318239],[12.3896002,47.4318399],[12.3896174,47.4318445],[12.3896294,47.4318453],[12.3896391,47.4318434],[12.3896465,47.4318383],[12.3896495,47.4318324],[12.3896481,47.4318274],[12.3896445,47.4318209],[12.3896349,47.4318163],[12.3896203,47.4318098]]]}},{"type":"Feature","id":"building-228966861","properties":{"kind":"building","name":"Alpine building","height":7.2},"geometry":{"type":"Polygon","coordinates":[[[12.3633588,47.4207298],[12.3634189,47.4206761],[12.363491,47.420713],[12.3635247,47.4206829],[12.3636078,47.4207254],[12.3635214,47.4208026],[12.3635417,47.420813],[12.3635212,47.4208313],[12.3635013,47.4208212],[12.3634839,47.4208367],[12.3633977,47.4207925],[12.3634281,47.4207654],[12.3633588,47.4207298]]]}},{"type":"Feature","id":"building-161376111","properties":{"kind":"building","name":"Alpine building","height":7.2},"geometry":{"type":"Polygon","coordinates":[[[12.3897689,47.4318679],[12.3898987,47.4317503],[12.3897913,47.431696],[12.3897741,47.4317115],[12.389639,47.4316433],[12.3895263,47.4317453],[12.3897689,47.4318679]]]}},{"type":"Feature","id":"building-307511698","properties":{"kind":"building","name":"Alpine building","height":7.2},"geometry":{"type":"Polygon","coordinates":[[[12.389702,47.4316177],[12.3897368,47.4315881],[12.3898954,47.4316735],[12.3898891,47.4316788],[12.3899084,47.4316892],[12.3898798,47.4317134],[12.389702,47.4316177]]]}},{"type":"Feature","id":"building-1349764065","properties":{"kind":"building","name":"Alpine building","height":7.2},"geometry":{"type":"Polygon","coordinates":[[[12.3717403,47.4385279],[12.3717815,47.4385267],[12.3717802,47.4385061],[12.371739,47.4385073],[12.3717403,47.4385279]]]}},{"type":"Feature","id":"building-228965343","properties":{"kind":"building","name":"Alpine building","height":7.2},"geometry":{"type":"Polygon","coordinates":[[[12.3776285,47.4386177],[12.3776508,47.4385997],[12.3777146,47.4386358],[12.3776922,47.4386539],[12.3776285,47.4386177]]]}},{"type":"Feature","id":"building-228965357","properties":{"kind":"building","name":"Alpine building","height":7.2},"geometry":{"type":"Polygon","coordinates":[[[12.3773301,47.4386882],[12.3773429,47.4386272],[12.3775152,47.4386437],[12.3775024,47.4387047],[12.3773301,47.4386882]]]}},{"type":"Feature","id":"building-228965358","properties":{"kind":"building","name":"Alpine building","height":7.2},"geometry":{"type":"Polygon","coordinates":[[[12.3773706,47.4389044],[12.3774165,47.4387127],[12.3775932,47.438732],[12.377581,47.4387831],[12.377771,47.4388039],[12.3777374,47.4389445],[12.3773706,47.4389044]]]}},{"type":"Feature","id":"building-228965340","properties":{"kind":"building","name":"Alpine building","height":7.2},"geometry":{"type":"Polygon","coordinates":[[[12.3780663,47.43881],[12.3780704,47.4387748],[12.3781224,47.4387775],[12.3781184,47.4388127],[12.3780663,47.43881]]]}},{"type":"Feature","id":"building-228965355","properties":{"kind":"building","name":"Alpine building","height":7.2},"geometry":{"type":"Polygon","coordinates":[[[12.3812357,47.4381814],[12.3813118,47.4382448],[12.3813269,47.4382365],[12.3813782,47.4382794],[12.3814999,47.4382126],[12.3813725,47.4381064],[12.3812357,47.4381814]]]}},{"type":"Feature","id":"building-228965339","properties":{"kind":"building","name":"Alpine building","height":7.2},"geometry":{"type":"Polygon","coordinates":[[[12.3759588,47.4392898],[12.3760428,47.4392578],[12.3760726,47.4392935],[12.3759886,47.4393255],[12.3759588,47.4392898]]]}},{"type":"Feature","id":"building-228965356","properties":{"kind":"building","name":"Alpine building","height":7.2},"geometry":{"type":"Polygon","coordinates":[[[12.381436,47.4386333],[12.3812915,47.438512],[12.3814491,47.4384261],[12.3814848,47.4384561],[12.3815803,47.4384041],[12.3816891,47.4384955],[12.381436,47.4386333]]]}},{"type":"Feature","id":"building-306130682","properties":{"kind":"building","name":"Sankt Bernhard Kapelle","height":7.2},"geometry":{"type":"Polygon","coordinates":[[[12.3610598,47.4215034],[12.3611303,47.421461],[12.3611445,47.4214749],[12.3612249,47.421553],[12.3611776,47.4215796],[12.3610598,47.4215034]]]}},{"type":"Feature","id":"building-305197085","properties":{"kind":"building","name":"Alpine building","height":7.2},"geometry":{"type":"Polygon","coordinates":[[[12.3585792,47.4310297],[12.3585924,47.4310159],[12.3586152,47.4310259],[12.358602,47.4310397],[12.3585792,47.4310297]]]}},{"type":"Feature","id":"building-194141936","properties":{"kind":"building","name":"Alpine building","height":7.2},"geometry":{"type":"Polygon","coordinates":[[[12.3862216,47.4366922],[12.3863621,47.4368009],[12.386479,47.4367318],[12.3864061,47.4366755],[12.3864267,47.4366633],[12.3863666,47.4366168],[12.386339,47.4366332],[12.3863313,47.4366273],[12.3862216,47.4366922]]]}},{"type":"Feature","id":"building-228968955","properties":{"kind":"building","name":"Alpengasthof Melkalm","height":7.2},"geometry":{"type":"Polygon","coordinates":[[[12.367364,47.4178281],[12.3671837,47.4176238],[12.3672395,47.417607],[12.367181,47.4175241],[12.3671855,47.4175092],[12.3672606,47.4174863],[12.3673246,47.4175761],[12.3673548,47.4175637],[12.3675251,47.4177668],[12.367364,47.4178281]]]}},{"type":"Feature","id":"building-1530261481","properties":{"kind":"building","name":"Alpine building","height":7.2},"geometry":{"type":"Polygon","coordinates":[[[12.3845275,47.4385122],[12.3845523,47.4385052],[12.384569,47.4385011],[12.38416,47.4378559],[12.3840809,47.4378772],[12.384209,47.4380709],[12.3842432,47.4380627],[12.3845275,47.4385122]]]}},{"type":"Feature","id":"building-228968954","properties":{"kind":"building","name":"Alpine building","height":7.2},"geometry":{"type":"Polygon","coordinates":[[[12.3668587,47.4172564],[12.3669864,47.4171193],[12.3671585,47.4171926],[12.3670686,47.4172892],[12.3671156,47.4173093],[12.3670941,47.4173323],[12.3670438,47.4173109],[12.3670275,47.4173283],[12.3668587,47.4172564]]]}},{"type":"Feature","id":"building-194141868","properties":{"kind":"building","name":"Alpine building","height":7.2},"geometry":{"type":"Polygon","coordinates":[[[12.3873408,47.4368119],[12.3873784,47.4367338],[12.3874612,47.436752],[12.3874236,47.4368301],[12.3873408,47.4368119]]]}},{"type":"Feature","id":"building-228971079","properties":{"kind":"building","name":"Alpine building","height":7.2},"geometry":{"type":"Polygon","coordinates":[[[12.3809122,47.4396447],[12.3809429,47.4395854],[12.3810241,47.4396046],[12.3809933,47.439664],[12.3809122,47.4396447]]]}},{"type":"Feature","id":"building-1349764064","properties":{"kind":"building","name":"Alpine building","height":7.2},"geometry":{"type":"Polygon","coordinates":[[[12.3744753,47.4403274],[12.3745312,47.4403951],[12.3743949,47.4404466],[12.374339,47.4403789],[12.3744753,47.4403274]]]}},{"type":"Feature","id":"building-306130684","properties":{"kind":"building","name":"Alpine building","height":7.2},"geometry":{"type":"Polygon","coordinates":[[[12.3576224,47.4237024],[12.3576617,47.4237447],[12.3576262,47.4237598],[12.3575868,47.4237176],[12.3576224,47.4237024]]]}},{"type":"Feature","id":"building-244708784","properties":{"kind":"building","name":"Alpine building","height":7.2},"geometry":{"type":"Polygon","coordinates":[[[12.3574808,47.4238657],[12.3573966,47.4237806],[12.3575717,47.4237027],[12.3575868,47.4237176],[12.3576262,47.4237598],[12.3575794,47.4237793],[12.3576065,47.4238101],[12.3574808,47.4238657]]]}},{"type":"Feature","id":"building-230236361","properties":{"kind":"building","name":"Alpine building","height":7.2},"geometry":{"type":"Polygon","coordinates":[[[12.3888858,47.4363015],[12.3889119,47.4362774],[12.3889357,47.4362891],[12.3889096,47.4363133],[12.3888858,47.4363015]]]}},{"type":"Feature","id":"building-244708778","properties":{"kind":"building","name":"Alpine building","height":7.2},"geometry":{"type":"Polygon","coordinates":[[[12.3571954,47.424242],[12.3573709,47.424262],[12.3574164,47.4240794],[12.3572409,47.4240594],[12.3571954,47.424242]]]}},{"type":"Feature","id":"building-312054937","properties":{"kind":"building","name":"Alpine building","height":7.2},"geometry":{"type":"Polygon","coordinates":[[[12.3935204,47.4273912],[12.3935566,47.4273458],[12.3936176,47.427368],[12.3935813,47.4274135],[12.3935204,47.4273912]]]}},{"type":"Feature","id":"building-244708780","properties":{"kind":"building","name":"Alpine building","height":7.2},"geometry":{"type":"Polygon","coordinates":[[[12.3574082,47.4236818],[12.3575618,47.4236829],[12.3575637,47.4235599],[12.3574101,47.4235588],[12.3574082,47.4236818]]]}},{"type":"Feature","id":"building-318817663","properties":{"kind":"building","name":"Alpine building","height":7.2},"geometry":{"type":"Polygon","coordinates":[[[12.384554,47.438894],[12.3845152,47.4388263],[12.3845814,47.4388089],[12.3846202,47.4388766],[12.384554,47.438894]]]}},{"type":"Feature","id":"building-1530261480","properties":{"kind":"building","name":"Alpine building","height":7.2},"geometry":{"type":"Polygon","coordinates":[[[12.3845412,47.439007],[12.3845559,47.4390004],[12.3845734,47.4389923],[12.384441,47.4388517],[12.3844705,47.438839],[12.3844007,47.4387669],[12.384339,47.4387995],[12.3845412,47.439007]]]}},{"type":"Feature","id":"building-244708776","properties":{"kind":"building","name":"Alpine building","height":7.2},"geometry":{"type":"Polygon","coordinates":[[[12.3572283,47.423977],[12.357385,47.4239521],[12.357359,47.423877],[12.3572023,47.4239019],[12.3572283,47.423977]]]}},{"type":"Feature","id":"building-194148387","properties":{"kind":"building","name":"Alpine building","height":7.2},"geometry":{"type":"Polygon","coordinates":[[[12.3861181,47.4382256],[12.3860829,47.4381528],[12.3861821,47.4381308],[12.3862143,47.4381974],[12.3862372,47.4381924],[12.3862577,47.4382347],[12.3861803,47.4382519],[12.3861627,47.4382157],[12.3861181,47.4382256]]]}},{"type":"Feature","id":"building-306130683","properties":{"kind":"building","name":"Alpine building","height":7.2},"geometry":{"type":"Polygon","coordinates":[[[12.357288,47.4237171],[12.3572815,47.423707],[12.3573493,47.4236874],[12.3573556,47.4236972],[12.357288,47.4237171]]]}},{"type":"Feature","id":"building-194141955","properties":{"kind":"building","name":"Alpine building","height":7.2},"geometry":{"type":"Polygon","coordinates":[[[12.3893276,47.4363626],[12.3892946,47.4363392],[12.3892193,47.436286],[12.3891037,47.4363607],[12.3891342,47.4363823],[12.3891018,47.4364033],[12.3891796,47.4364583],[12.3893276,47.4363626]]]}},{"type":"Feature","id":"building-244708782","properties":{"kind":"building","name":"Alpine building","height":7.2},"geometry":{"type":"Polygon","coordinates":[[[12.357223,47.4237239],[12.3572815,47.423707],[12.3573493,47.4236874],[12.3573567,47.4236853],[12.3573326,47.4236471],[12.3573516,47.4236416],[12.3573239,47.4235976],[12.3573047,47.4236031],[12.3572981,47.4235927],[12.3571646,47.4236312],[12.357223,47.4237239]]]}},{"type":"Feature","id":"building-447695434","properties":{"kind":"building","name":"Alpine building","height":7.2},"geometry":{"type":"Polygon","coordinates":[[[12.3888235,47.436619],[12.38875,47.4366789],[12.388817,47.4367102],[12.3888863,47.4366544],[12.3888683,47.4366436],[12.3888235,47.436619]]]}},{"type":"Feature","id":"building-194141941","properties":{"kind":"building","name":"Alpine building","height":7.2},"geometry":{"type":"Polygon","coordinates":[[[12.3890769,47.436553],[12.3889578,47.4366497],[12.3889444,47.4366429],[12.3889023,47.4366176],[12.3888683,47.4366436],[12.3888235,47.436619],[12.3888085,47.4366107],[12.3889604,47.4364873],[12.3890769,47.436553]]]}},{"type":"Feature","id":"building-230236362","properties":{"kind":"building","name":"Alpine building","height":7.2},"geometry":{"type":"Polygon","coordinates":[[[12.3889104,47.4366689],[12.3888863,47.4366544],[12.3888683,47.4366436],[12.3889023,47.4366176],[12.3889444,47.4366429],[12.3889104,47.4366689]]]}},{"type":"Feature","id":"building-230236360","properties":{"kind":"building","name":"Alpine building","height":7.2},"geometry":{"type":"Polygon","coordinates":[[[12.3893189,47.4363185],[12.3893542,47.4363388],[12.3893276,47.4363626],[12.3892946,47.4363392],[12.3893189,47.4363185]]]}},{"type":"Feature","id":"building-194148375","properties":{"kind":"building","name":"Alpine building","height":7.2},"geometry":{"type":"Polygon","coordinates":[[[12.3863342,47.4384258],[12.3860844,47.4384109],[12.3860937,47.4383394],[12.3861071,47.4383402],[12.3861114,47.4383075],[12.3862264,47.4383143],[12.3862215,47.4383517],[12.3863428,47.4383589],[12.3863342,47.4384258]]]}},{"type":"Feature","id":"building-230229467","properties":{"kind":"building","name":"Alpine building","height":7.2},"geometry":{"type":"Polygon","coordinates":[[[12.3844466,47.4390937],[12.384473,47.4391454],[12.3845052,47.4391379],[12.3844788,47.4390862],[12.3844466,47.4390937]]]}},{"type":"Feature","id":"building-244708774","properties":{"kind":"building","name":"Alpine building","height":7.2},"geometry":{"type":"Polygon","coordinates":[[[12.3569851,47.4236833],[12.3569114,47.4237467],[12.357034,47.423812],[12.3570117,47.4238311],[12.3570617,47.4238577],[12.3570849,47.4238377],[12.3570966,47.4238439],[12.3571106,47.4238319],[12.357163,47.4238598],[12.3572217,47.4238092],[12.3569851,47.4236833]]]}},{"type":"Feature","id":"building-194145604","properties":{"kind":"building","name":"Alpine building","height":7.2},"geometry":{"type":"Polygon","coordinates":[[[12.3879955,47.4374832],[12.3881139,47.4373061],[12.3879858,47.4372669],[12.3878673,47.437444],[12.3879955,47.4374832]]]}},{"type":"Feature","id":"building-228965341","properties":{"kind":"building","name":"Alpine building","height":7.2},"geometry":{"type":"Polygon","coordinates":[[[12.3841879,47.4393581],[12.3841961,47.4393113],[12.3842437,47.4393151],[12.3842354,47.4393619],[12.3841879,47.4393581]]]}},{"type":"Feature","id":"building-194142005","properties":{"kind":"building","name":"Alpine building","height":7.2},"geometry":{"type":"Polygon","coordinates":[[[12.3892709,47.4367478],[12.3891424,47.4368046],[12.3890612,47.4367206],[12.3890999,47.4367034],[12.3890783,47.4366811],[12.3891808,47.4366358],[12.3892094,47.4366654],[12.3891967,47.436671],[12.3892709,47.4367478]]]}},{"type":"Feature","id":"building-194148352","properties":{"kind":"building","name":"Alpine building","height":7.2},"geometry":{"type":"Polygon","coordinates":[[[12.3861239,47.4386198],[12.3859813,47.4385914],[12.3860249,47.4384911],[12.3861675,47.4385195],[12.3861239,47.4386198]]]}},{"type":"Feature","id":"building-194141854","properties":{"kind":"building","name":"Alpine building","height":7.2},"geometry":{"type":"Polygon","coordinates":[[[12.3894756,47.4365466],[12.3893873,47.4364594],[12.3894876,47.4364129],[12.3895759,47.4365],[12.3894756,47.4365466]]]}},{"type":"Feature","id":"building-228965345","properties":{"kind":"building","name":"Alpine building","height":7.2},"geometry":{"type":"Polygon","coordinates":[[[12.3840861,47.4394159],[12.3841006,47.4393475],[12.3841675,47.439354],[12.384165,47.4393658],[12.38426,47.4393751],[12.3842419,47.4394604],[12.3841072,47.4394473],[12.3841133,47.4394186],[12.3840861,47.4394159]]]}},{"type":"Feature","id":"building-447695435","properties":{"kind":"building","name":"Alpine building","height":7.2},"geometry":{"type":"Polygon","coordinates":[[[12.3865924,47.4383613],[12.3865543,47.4383315],[12.3865849,47.4383135],[12.3866231,47.4383433],[12.3866055,47.4383536],[12.3865924,47.4383613]]]}},{"type":"Feature","id":"building-194141877","properties":{"kind":"building","name":"Alpine building","height":7.2},"geometry":{"type":"Polygon","coordinates":[[[12.3894845,47.436635],[12.3894005,47.4365262],[12.3892691,47.4365727],[12.3893531,47.4366814],[12.3894845,47.436635]]]}},{"type":"Feature","id":"building-194145603","properties":{"kind":"building","name":"Alpine building","height":7.2},"geometry":{"type":"Polygon","coordinates":[[[12.3879764,47.4375861],[12.3878617,47.4377621],[12.3877332,47.4377238],[12.387848,47.4375478],[12.3879764,47.4375861]]]}},{"type":"Feature","id":"building-230236356","properties":{"kind":"building","name":"Alpine building","height":7.2},"geometry":{"type":"Polygon","coordinates":[[[12.3881209,47.4375253],[12.3882221,47.4373637],[12.3882835,47.4373813],[12.3881822,47.4375429],[12.3881209,47.4375253]]]}},{"type":"Feature","id":"building-1524400384","properties":{"kind":"building","name":"Alpine building","height":7.2},"geometry":{"type":"Polygon","coordinates":[[[12.3885392,47.4372318],[12.3885597,47.4372407],[12.3885883,47.4372108],[12.3886168,47.4372232],[12.3886286,47.4372109],[12.3885796,47.4371895],[12.3885392,47.4372318]]]}},{"type":"Feature","id":"building-228965344","properties":{"kind":"building","name":"Alpine building","height":7.2},"geometry":{"type":"Polygon","coordinates":[[[12.3840505,47.4395164],[12.3840557,47.4394547],[12.3841367,47.4394585],[12.3841356,47.4395112],[12.3840902,47.4395146],[12.3840505,47.4395164]]]}},{"type":"Feature","id":"building-194148386","properties":{"kind":"building","name":"Alpine building","height":7.2},"geometry":{"type":"Polygon","coordinates":[[[12.3866904,47.4384674],[12.38673,47.4384475],[12.3866706,47.4383973],[12.3866055,47.4383536],[12.3865924,47.4383613],[12.3865632,47.4383796],[12.386539,47.4383997],[12.3865245,47.4384504],[12.3865491,47.4384528],[12.3866904,47.4384674]]]}},{"type":"Feature","id":"building-194141857","properties":{"kind":"building","name":"Alpine building","height":7.2},"geometry":{"type":"Polygon","coordinates":[[[12.3886243,47.4373076],[12.388679,47.4372511],[12.3886168,47.4372232],[12.3885883,47.4372108],[12.3885597,47.4372407],[12.3885337,47.4372673],[12.3886243,47.4373076]]]}},{"type":"Feature","id":"building-1168803206","properties":{"kind":"building","name":"Alpine building","height":7.2},"geometry":{"type":"Polygon","coordinates":[[[12.3848874,47.4391848],[12.3849123,47.4391776],[12.3849547,47.439245],[12.3849297,47.4392522],[12.3848874,47.4391848]]]}},{"type":"Feature","id":"building-194141871","properties":{"kind":"building","name":"Alpine building","height":7.2},"geometry":{"type":"Polygon","coordinates":[[[12.3893719,47.4367967],[12.3893531,47.4367682],[12.3892951,47.4367858],[12.3893139,47.4368142],[12.3893719,47.4367967]]]}},{"type":"Feature","id":"building-230236363","properties":{"kind":"building","name":"Alpine building","height":7.2},"geometry":{"type":"Polygon","coordinates":[[[12.3880283,47.4376934],[12.3881237,47.4375614],[12.3881804,47.4375802],[12.388085,47.4377121],[12.3880283,47.4376934]]]}},{"type":"Feature","id":"building-1168803203","properties":{"kind":"building","name":"Alpine building","height":7.2},"geometry":{"type":"Polygon","coordinates":[[[12.3870036,47.4383612],[12.3868679,47.4384],[12.3868074,47.4383048],[12.3869427,47.4382654],[12.3869494,47.438276],[12.3870036,47.4383612]]]}},{"type":"Feature","id":"building-194148368","properties":{"kind":"building","name":"Alpine building","height":7.2},"geometry":{"type":"Polygon","coordinates":[[[12.3859046,47.4386694],[12.3860731,47.4387013],[12.3860811,47.438685],[12.3862317,47.4387162],[12.3861804,47.4388311],[12.3860938,47.4388109],[12.3860796,47.4388449],[12.3858445,47.4387959],[12.3859046,47.4386694]]]}},{"type":"Feature","id":"building-194148337","properties":{"kind":"building","name":"Alpine building","height":7.2},"geometry":{"type":"Polygon","coordinates":[[[12.3866686,47.4385639],[12.3865273,47.4385493],[12.3865491,47.4384528],[12.3866904,47.4384674],[12.3866686,47.4385639]]]}},{"type":"Feature","id":"building-194148388","properties":{"kind":"building","name":"Alpine building","height":7.2},"geometry":{"type":"Polygon","coordinates":[[[12.3870853,47.4381936],[12.3871671,47.438171],[12.3871908,47.4382103],[12.3871689,47.4382164],[12.3872105,47.4382852],[12.3871425,47.438304],[12.3870853,47.4381936]]]}},{"type":"Feature","id":"building-194141901","properties":{"kind":"building","name":"Alpine building","height":7.2},"geometry":{"type":"Polygon","coordinates":[[[12.3891758,47.4370001],[12.3890985,47.4369812],[12.3890739,47.4370273],[12.3891512,47.4370462],[12.3891758,47.4370001]]]}},{"type":"Feature","id":"building-228965354","properties":{"kind":"building","name":"Alpine building","height":7.2},"geometry":{"type":"Polygon","coordinates":[[[12.3841122,47.4396492],[12.3840902,47.4395146],[12.3841356,47.4395112],[12.3841973,47.4395066],[12.3842016,47.4395324],[12.3842463,47.4395291],[12.3842641,47.4396378],[12.3842539,47.439639],[12.3841753,47.439644],[12.3841122,47.4396492]]]}},{"type":"Feature","id":"building-1168803202","properties":{"kind":"building","name":"Alpine building","height":7.2},"geometry":{"type":"Polygon","coordinates":[[[12.3869494,47.438276],[12.3870265,47.4382535],[12.3870428,47.4382792],[12.3871011,47.4382622],[12.3871308,47.4383088],[12.3870873,47.4383215],[12.3870955,47.4383344],[12.3870036,47.4383612],[12.3869494,47.438276]]]}},{"type":"Feature","id":"building-194148357","properties":{"kind":"building","name":"Alpine building","height":7.2},"geometry":{"type":"Polygon","coordinates":[[[12.3877187,47.4378644],[12.3875073,47.4380433],[12.3876075,47.4381043],[12.3878193,47.4379277],[12.3877187,47.4378644]]]}},{"type":"Feature","id":"building-230236357","properties":{"kind":"building","name":"Alpine building","height":7.2},"geometry":{"type":"Polygon","coordinates":[[[12.3878988,47.4378671],[12.3880069,47.4377243],[12.3880633,47.4377439],[12.3879552,47.4378867],[12.3878988,47.4378671]]]}},{"type":"Feature","id":"building-194148382","properties":{"kind":"building","name":"Alpine building","height":7.2},"geometry":{"type":"Polygon","coordinates":[[[12.3873946,47.4382555],[12.3872221,47.4383038],[12.3872105,47.4382852],[12.3871689,47.4382164],[12.3871908,47.4382103],[12.3873412,47.4381682],[12.3873946,47.4382555]]]}},{"type":"Feature","id":"building-230235365","properties":{"kind":"building","name":"Alpine building","height":7.2},"geometry":{"type":"Polygon","coordinates":[[[12.3873913,47.4381305],[12.3874475,47.4380953],[12.3875115,47.438142],[12.3874552,47.4381772],[12.3873913,47.4381305]]]}},{"type":"Feature","id":"building-194141969","properties":{"kind":"building","name":"Alpine building","height":7.2},"geometry":{"type":"Polygon","coordinates":[[[12.3887631,47.4374198],[12.3886996,47.4374551],[12.3886275,47.4375014],[12.3886178,47.4375063],[12.3885531,47.4374615],[12.388488,47.4374085],[12.3886001,47.4373422],[12.3886612,47.4373893],[12.3886981,47.4373685],[12.3887631,47.4374198]]]}},{"type":"Feature","id":"building-194141945","properties":{"kind":"building","name":"Alpine building","height":7.2},"geometry":{"type":"Polygon","coordinates":[[[12.3890825,47.4372073],[12.3889532,47.4373112],[12.3888698,47.4372637],[12.3889126,47.4372294],[12.388885,47.4372137],[12.3889716,47.4371442],[12.3890825,47.4372073]]]}},{"type":"Feature","id":"building-194148335","properties":{"kind":"building","name":"Alpine building","height":7.2},"geometry":{"type":"Polygon","coordinates":[[[12.3860571,47.4389121],[12.3859719,47.4390722],[12.3858066,47.439032],[12.3858774,47.438899],[12.3858918,47.4388718],[12.3859012,47.4388741],[12.3860571,47.4389121]]]}},{"type":"Feature","id":"building-230236367","properties":{"kind":"building","name":"Alpine building","height":4.1},"geometry":{"type":"Polygon","coordinates":[[[12.3887501,47.4373228],[12.3888245,47.4373815],[12.3887657,47.4374156],[12.3887631,47.4374198],[12.3886981,47.4373685],[12.3887342,47.4373476],[12.3887229,47.4373386],[12.3887501,47.4373228]]]}},{"type":"Feature","id":"building-447695431","properties":{"kind":"building","name":"Alpine building","height":7.2},"geometry":{"type":"Polygon","coordinates":[[[12.3841753,47.439644],[12.3841805,47.4396812],[12.3842592,47.4396762],[12.3842539,47.439639],[12.3841753,47.439644]]]}},{"type":"Feature","id":"building-194141859","properties":{"kind":"building","name":"Haus Wurzenrainer","height":7.2},"geometry":{"type":"Polygon","coordinates":[[[12.3894313,47.4370028],[12.3895559,47.4369487],[12.3894785,47.4368671],[12.3893538,47.4369211],[12.3894313,47.4370028]]]}},{"type":"Feature","id":"building-230236364","properties":{"kind":"building","name":"Alpine building","height":7.2},"geometry":{"type":"Polygon","coordinates":[[[12.388648,47.437516],[12.3886275,47.4375014],[12.3886996,47.4374551],[12.38872,47.4374696],[12.388648,47.437516]]]}},{"type":"Feature","id":"building-230229468","properties":{"kind":"building","name":"Alpine building","height":7.2},"geometry":{"type":"Polygon","coordinates":[[[12.3845451,47.4395426],[12.3845324,47.4396025],[12.3847762,47.4396261],[12.3848004,47.4395119],[12.3848058,47.4394864],[12.3845818,47.4394646],[12.3845621,47.4394627],[12.3845451,47.4395426]]]}},{"type":"Feature","id":"building-194141884","properties":{"kind":"building","name":"Alpine building","height":7.2},"geometry":{"type":"Polygon","coordinates":[[[12.3896557,47.4368159],[12.389621,47.4367972],[12.3896611,47.4367632],[12.3896958,47.436782],[12.3896557,47.4368159]]]}},{"type":"Feature","id":"building-194145602","properties":{"kind":"building","name":"Alpine building","height":7.2},"geometry":{"type":"Polygon","coordinates":[[[12.3884433,47.4377205],[12.3883096,47.4376116],[12.3884398,47.4375384],[12.3885189,47.4376028],[12.3885735,47.4376473],[12.3885538,47.4376584],[12.3884433,47.4377205]]]}},{"type":"Feature","id":"building-194148339","properties":{"kind":"building","name":"Alpine building","height":7.2},"geometry":{"type":"Polygon","coordinates":[[[12.3866754,47.4386938],[12.3866562,47.4386297],[12.386549,47.4386346],[12.3865588,47.4386916],[12.3865564,47.4387465],[12.3866731,47.4387488],[12.3866754,47.4386938]]]}},{"type":"Feature","id":"building-230234728","properties":{"kind":"building","name":"Alpine building","height":7.2},"geometry":{"type":"Polygon","coordinates":[[[12.38405,47.4397676],[12.384058,47.439727],[12.3841643,47.4397366],[12.3841562,47.4397772],[12.38405,47.4397676]]]}},{"type":"Feature","id":"building-194148344","properties":{"kind":"building","name":"Alpine building","height":7.2},"geometry":{"type":"Polygon","coordinates":[[[12.3864843,47.4387423],[12.3863403,47.4387013],[12.3862333,47.4388639],[12.3864041,47.4389319],[12.38646,47.438861],[12.3864843,47.4387423]]]}},{"type":"Feature","id":"building-194138513","properties":{"kind":"building","name":"Alpine building","height":7.2},"geometry":{"type":"Polygon","coordinates":[[[12.3931434,47.433235],[12.3932183,47.4331399],[12.3932062,47.4331355],[12.3930371,47.4330746],[12.3929622,47.4331698],[12.3930704,47.4332087],[12.3931434,47.433235]]]}},{"type":"Feature","id":"building-194145609","properties":{"kind":"building","name":"Alpine building","height":7.2},"geometry":{"type":"Polygon","coordinates":[[[12.3884218,47.4377622],[12.3882913,47.4376919],[12.3881671,47.437799],[12.3883024,47.4378713],[12.388333,47.4378458],[12.3884218,47.4377622]]]}},{"type":"Feature","id":"building-1521817646","properties":{"kind":"building","name":"Alpine building","height":7.2},"geometry":{"type":"Polygon","coordinates":[[[12.3885538,47.4376584],[12.3885623,47.4376648],[12.388522,47.4376893],[12.3885837,47.4377357],[12.3886968,47.437667],[12.38857,47.4375716],[12.3885189,47.4376028],[12.3885735,47.4376473],[12.3885538,47.4376584]]]}},{"type":"Feature","id":"building-230236368","properties":{"kind":"building","name":"Alpine building","height":7.2},"geometry":{"type":"Polygon","coordinates":[[[12.3891542,47.4373859],[12.3892049,47.4373462],[12.3891032,47.4373004],[12.3890965,47.437306],[12.3890312,47.4372803],[12.3890035,47.4373134],[12.389049,47.4373335],[12.3890931,47.4373603],[12.3890999,47.4373554],[12.3891542,47.4373859]]]}},{"type":"Feature","id":"building-1195193132","properties":{"kind":"building","name":"Alpine building","height":7.2},"geometry":{"type":"Polygon","coordinates":[[[12.3930704,47.4332087],[12.3930461,47.4332396],[12.3931735,47.4332855],[12.3932434,47.4331967],[12.3932121,47.4331854],[12.3932433,47.4331458],[12.3932932,47.4331638],[12.3933258,47.4331223],[12.3932407,47.4330917],[12.3932062,47.4331355],[12.3932183,47.4331399],[12.3931434,47.433235],[12.3930704,47.4332087]]]}},{"type":"Feature","id":"building-194145612","properties":{"kind":"building","name":"Alpine building","height":7.2},"geometry":{"type":"Polygon","coordinates":[[[12.3883024,47.4378713],[12.388333,47.4378458],[12.3883685,47.4378661],[12.3883249,47.437904],[12.3883209,47.4379015],[12.3882827,47.43793],[12.3881831,47.4378817],[12.3882123,47.4378567],[12.3882794,47.4378903],[12.3883024,47.4378713]]]}},{"type":"Feature","id":"building-230229475","properties":{"kind":"building","name":"Alpine building","height":7.2},"geometry":{"type":"Polygon","coordinates":[[[12.3845406,47.4397435],[12.3845474,47.4396608],[12.3845632,47.4396614],[12.3845646,47.4396439],[12.3846354,47.4396466],[12.384633,47.4396763],[12.3846422,47.4396767],[12.3846365,47.4397471],[12.3845406,47.4397435]]]}},{"type":"Feature","id":"building-194141867","properties":{"kind":"building","name":"Alpine building","height":7.2},"geometry":{"type":"Polygon","coordinates":[[[12.3891713,47.4372236],[12.3892861,47.4372706],[12.3892146,47.4373506],[12.3892049,47.4373462],[12.3891032,47.4373004],[12.3891713,47.4372236]]]}},{"type":"Feature","id":"building-194148363","properties":{"kind":"building","name":"Alpine building","height":7.2},"geometry":{"type":"Polygon","coordinates":[[[12.3874019,47.4383503],[12.3872709,47.4384315],[12.387348,47.4384884],[12.3874775,47.4384081],[12.3874703,47.4384024],[12.3874019,47.4383503]]]}},{"type":"Feature","id":"building-194148350","properties":{"kind":"building","name":"Alpine building","height":7.2},"geometry":{"type":"Polygon","coordinates":[[[12.3865868,47.4387852],[12.3865376,47.4388982],[12.3866404,47.4389187],[12.3866896,47.4388056],[12.3865868,47.4387852]]]}},{"type":"Feature","id":"building-318817666","properties":{"kind":"building","name":"Alpine building","height":7.2},"geometry":{"type":"Polygon","coordinates":[[[12.3858756,47.4392245],[12.3858349,47.4392075],[12.3858601,47.4391799],[12.3859008,47.439197],[12.3858756,47.4392245]]]}},{"type":"Feature","id":"building-304435611","properties":{"kind":"building","name":"Alpine building","height":7.2},"geometry":{"type":"Polygon","coordinates":[[[12.3640721,47.439244],[12.364043,47.4391639],[12.3641293,47.4391496],[12.3641584,47.4392297],[12.3640721,47.439244]]]}},{"type":"Feature","id":"building-230229466","properties":{"kind":"building","name":"Alpine building","height":7.2},"geometry":{"type":"Polygon","coordinates":[[[12.3847482,47.4396789],[12.3847523,47.4396564],[12.3847787,47.4396586],[12.3847746,47.4396811],[12.3847482,47.4396789]]]}},{"type":"Feature","id":"building-194148380","properties":{"kind":"building","name":"Alpine building","height":7.2},"geometry":{"type":"Polygon","coordinates":[[[12.3873178,47.4385477],[12.3872126,47.4386561],[12.3871351,47.4386218],[12.3871588,47.4385974],[12.3870947,47.4385689],[12.3871762,47.4384849],[12.3873178,47.4385477]]]}},{"type":"Feature","id":"building-230235367","properties":{"kind":"building","name":"Alpine building","height":7.2},"geometry":{"type":"Polygon","coordinates":[[[12.3875101,47.4384335],[12.3875383,47.438417],[12.3874984,47.4383859],[12.3874703,47.4384024],[12.3874775,47.4384081],[12.3875101,47.4384335]]]}},{"type":"Feature","id":"building-194148333","properties":{"kind":"building","name":"Alpine building","height":7.2},"geometry":{"type":"Polygon","coordinates":[[[12.3876118,47.4383787],[12.3875983,47.4383514],[12.3876393,47.4383421],[12.3876528,47.4383694],[12.3876118,47.4383787]]]}},{"type":"Feature","id":"building-230235364","properties":{"kind":"building","name":"Alpine building","height":7.2},"geometry":{"type":"Polygon","coordinates":[[[12.3877414,47.4382664],[12.3878002,47.438242],[12.3878335,47.4382786],[12.3877747,47.4383031],[12.3877414,47.4382664]]]}},{"type":"Feature","id":"building-194145611","properties":{"kind":"building","name":"Alpine building","height":4.1},"geometry":{"type":"Polygon","coordinates":[[[12.3890239,47.4376559],[12.3890034,47.4376679],[12.3889434,47.4377065],[12.3889033,47.4377301],[12.3887894,47.4376454],[12.3888102,47.4376326],[12.3886835,47.4375384],[12.3888676,47.4374251],[12.3889538,47.4374892],[12.3888695,47.4375411],[12.3890239,47.4376559]]]}},{"type":"Feature","id":"building-230236359","properties":{"kind":"building","name":"Alpine building","height":7.2},"geometry":{"type":"Polygon","coordinates":[[[12.3896165,47.4371182],[12.3896026,47.4370895],[12.3896398,47.4370812],[12.3896537,47.43711],[12.3896165,47.4371182]]]}},{"type":"Feature","id":"building-230234745","properties":{"kind":"building","name":"Alpine building","height":7.2},"geometry":{"type":"Polygon","coordinates":[[[12.3841636,47.4399744],[12.3841592,47.4399201],[12.3841517,47.4399204],[12.3841439,47.4398254],[12.3842778,47.4398204],[12.3842844,47.4399011],[12.3842736,47.4399015],[12.3842778,47.4399517],[12.3842793,47.4399701],[12.3842597,47.4399708],[12.3841636,47.4399744]]]}},{"type":"Feature","id":"building-230235368","properties":{"kind":"building","name":"Alpine building","height":7.2},"geometry":{"type":"Polygon","coordinates":[[[12.3879188,47.4381458],[12.3880182,47.4381458],[12.3880178,47.4382585],[12.3879914,47.4382395],[12.3879521,47.4382269],[12.3879236,47.4382461],[12.3879188,47.4381458]]]}},{"type":"Feature","id":"building-194145607","properties":{"kind":"building","name":"Alpine building","height":4.1},"geometry":{"type":"Polygon","coordinates":[[[12.3884797,47.437851],[12.3885803,47.4379196],[12.388515,47.4379633],[12.3884846,47.4379837],[12.3883841,47.437915],[12.3884797,47.437851]]]}},{"type":"Feature","id":"building-194145613","properties":{"kind":"building","name":"Alpine building","height":7.2},"geometry":{"type":"Polygon","coordinates":[[[12.388554,47.4377628],[12.3886779,47.437847],[12.3886949,47.4378586],[12.3886727,47.4378736],[12.3885956,47.4379255],[12.3885924,47.4379276],[12.3885803,47.4379196],[12.3884797,47.437851],[12.3884514,47.4378319],[12.388554,47.4377628]]]}},{"type":"Feature","id":"building-194148379","properties":{"kind":"building","name":"Alpine building","height":7.2},"geometry":{"type":"Polygon","coordinates":[[[12.3865051,47.43905],[12.3863811,47.4389965],[12.3862905,47.4390926],[12.3863571,47.4391213],[12.386363,47.439115],[12.3864204,47.4391398],[12.3865051,47.43905]]]}},{"type":"Feature","id":"building-194148336","properties":{"kind":"building","name":"Alpine building","height":7.2},"geometry":{"type":"Polygon","coordinates":[[[12.3883849,47.4380525],[12.3883728,47.4380446],[12.3882637,47.4379734],[12.3880761,47.4381048],[12.3881817,47.4381737],[12.3881971,47.4381839],[12.3882342,47.4381583],[12.3883561,47.4380727],[12.3883849,47.4380525]]]}},{"type":"Feature","id":"building-230234729","properties":{"kind":"building","name":"Alpine building","height":7.2},"geometry":{"type":"Polygon","coordinates":[[[12.3841235,47.4400253],[12.3841159,47.4399937],[12.3841815,47.4399866],[12.384189,47.4400182],[12.3841235,47.4400253]]]}},{"type":"Feature","id":"building-194148377","properties":{"kind":"building","name":"Alpine building","height":7.2},"geometry":{"type":"Polygon","coordinates":[[[12.388061,47.4382895],[12.3879346,47.4383779],[12.3878349,47.4383111],[12.3879236,47.4382461],[12.3879521,47.4382269],[12.3879914,47.4382395],[12.3880178,47.4382585],[12.388061,47.4382895]]]}},{"type":"Feature","id":"building-318817665","properties":{"kind":"building","name":"Alpine building","height":7.2},"geometry":{"type":"Polygon","coordinates":[[[12.3857171,47.439397],[12.3857152,47.4393379],[12.3858286,47.4393733],[12.3857966,47.4394238],[12.3857171,47.439397]]]}},{"type":"Feature","id":"building-230234736","properties":{"kind":"building","name":"Alpine building","height":7.2},"geometry":{"type":"Polygon","coordinates":[[[12.3842695,47.4400029],[12.3842597,47.4399708],[12.3842793,47.4399701],[12.3842778,47.4399517],[12.3843623,47.4399431],[12.3843742,47.4399872],[12.3842695,47.4400029]]]}},{"type":"Feature","id":"building-230235366","properties":{"kind":"building","name":"Alpine building","height":7.2},"geometry":{"type":"Polygon","coordinates":[[[12.3873577,47.4386154],[12.387392,47.4385815],[12.3874479,47.4386002],[12.3874436,47.4386031],[12.387397,47.4386328],[12.3873577,47.4386154]]]}},{"type":"Feature","id":"building-194145605","properties":{"kind":"building","name":"Alpine building","height":7.2},"geometry":{"type":"Polygon","coordinates":[[[12.3886779,47.437847],[12.3886949,47.4378586],[12.3886727,47.4378736],[12.3886987,47.4378909],[12.3887673,47.437844],[12.3887243,47.4378153],[12.3886779,47.437847]]]}},{"type":"Feature","id":"building-304435617","properties":{"kind":"building","name":"Alpine building","height":7.2},"geometry":{"type":"Polygon","coordinates":[[[12.3644888,47.4395574],[12.3644819,47.4395463],[12.3644354,47.4394816],[12.3645139,47.439456],[12.364568,47.4395321],[12.3645145,47.4395501],[12.3644888,47.4395574]]]}},{"type":"Feature","id":"building-230237573","properties":{"kind":"building","name":"Alpine building","height":7.2},"geometry":{"type":"Polygon","coordinates":[[[12.3883897,47.4380969],[12.3883561,47.4380727],[12.3883849,47.4380525],[12.3883728,47.4380446],[12.3884308,47.4380067],[12.3884841,47.4380308],[12.3883897,47.4380969]]]}},{"type":"Feature","id":"building-194145606","properties":{"kind":"building","name":"Alpine building","height":4.1},"geometry":{"type":"Polygon","coordinates":[[[12.388515,47.4379633],[12.3885803,47.4379196],[12.3885924,47.4379276],[12.3885956,47.4379255],[12.3886207,47.4379427],[12.3885519,47.4379886],[12.388515,47.4379633]]]}},{"type":"Feature","id":"building-320159819","properties":{"kind":"building","name":"Ehrenbachhöhe","height":13.4},"geometry":{"type":"Polygon","coordinates":[[[12.3609132,47.4182612],[12.3609596,47.4184265],[12.3609244,47.4184313],[12.3609341,47.4184615],[12.3609546,47.418459],[12.3609618,47.4184796],[12.3609617,47.4184931],[12.3609548,47.4185079],[12.3609397,47.4185207],[12.3609164,47.4185316],[12.3608853,47.4185377],[12.3608569,47.4185383],[12.3608318,47.4185322],[12.3608146,47.4185233],[12.3608032,47.4185095],[12.3607956,47.4184884],[12.360651,47.41851],[12.3606549,47.4185337],[12.3606477,47.4185498],[12.3606352,47.4185597],[12.3606203,47.4185676],[12.3605975,47.4185715],[12.3605738,47.4185709],[12.3605541,47.4185648],[12.3605395,47.4185585],[12.3605283,47.4185472],[12.360521,47.4185315],[12.3605058,47.4185341],[12.360461,47.418396],[12.3604369,47.4183293],[12.3609132,47.4182612]]]}},{"type":"Feature","id":"building-230236358","properties":{"kind":"building","name":"Alpine building","height":7.2},"geometry":{"type":"Polygon","coordinates":[[[12.3889624,47.43772],[12.3889434,47.4377065],[12.3890034,47.4376679],[12.3890225,47.4376814],[12.3889624,47.43772]]]}},{"type":"Feature","id":"building-230237572","properties":{"kind":"building","name":"Alpine building","height":7.2},"geometry":{"type":"Polygon","coordinates":[[[12.3882076,47.4382218],[12.3882676,47.4381805],[12.3882342,47.4381583],[12.3881971,47.4381839],[12.3881817,47.4381737],[12.3881588,47.4381894],[12.3882076,47.4382218]]]}},{"type":"Feature","id":"building-194148359","properties":{"kind":"building","name":"Alpine building","height":7.2},"geometry":{"type":"Polygon","coordinates":[[[12.3862347,47.4391429],[12.386138,47.4392424],[12.3862658,47.4392992],[12.3863625,47.4391997],[12.3862347,47.4391429]]]}},{"type":"Feature","id":"building-194148348","properties":{"kind":"building","name":"Alpine building","height":7.2},"geometry":{"type":"Polygon","coordinates":[[[12.3868448,47.4388536],[12.3867797,47.4389691],[12.386892,47.438998],[12.3869571,47.4388826],[12.3868448,47.4388536]]]}},{"type":"Feature","id":"building-194148358","properties":{"kind":"building","name":"Alpine building","height":7.2},"geometry":{"type":"Polygon","coordinates":[[[12.3874929,47.4386373],[12.3874436,47.4386031],[12.387397,47.4386328],[12.3874467,47.4386674],[12.3874929,47.4386373]]]}},{"type":"Feature","id":"building-194141888","properties":{"kind":"building","name":"Alpine building","height":7.2},"geometry":{"type":"Polygon","coordinates":[[[12.3895541,47.4374479],[12.3894507,47.4373379],[12.3892976,47.4374038],[12.389401,47.4375137],[12.3895541,47.4374479]]]}},{"type":"Feature","id":"building-194148373","properties":{"kind":"building","name":"Alpine building","height":7.2},"geometry":{"type":"Polygon","coordinates":[[[12.3876504,47.43858],[12.3875644,47.4385205],[12.3874479,47.4386002],[12.3874436,47.4386031],[12.3874929,47.4386373],[12.3875272,47.4386615],[12.3876504,47.43858]]]}},{"type":"Feature","id":"building-304435616","properties":{"kind":"building","name":"Alpine building","height":7.2},"geometry":{"type":"Polygon","coordinates":[[[12.3644811,47.4395807],[12.3644631,47.4395517],[12.3644819,47.4395463],[12.3644888,47.4395574],[12.3645145,47.4395501],[12.3645256,47.439568],[12.3644811,47.4395807]]]}},{"type":"Feature","id":"building-230229469","properties":{"kind":"building","name":"Alpine building","height":7.2},"geometry":{"type":"Polygon","coordinates":[[[12.3846521,47.4399426],[12.3846082,47.4398711],[12.3847041,47.4398442],[12.384748,47.4399157],[12.3846521,47.4399426]]]}},{"type":"Feature","id":"building-230237567","properties":{"kind":"building","name":"Alpine building","height":7.2},"geometry":{"type":"Polygon","coordinates":[[[12.3880154,47.4383558],[12.3880365,47.438342],[12.3880207,47.4383308],[12.3879995,47.4383446],[12.3880154,47.4383558]]]}},{"type":"Feature","id":"building-194141953","properties":{"kind":"building","name":"Alpine building","height":7.2},"geometry":{"type":"Polygon","coordinates":[[[12.389817,47.4373155],[12.3896543,47.4372203],[12.3897531,47.4371434],[12.389916,47.4372391],[12.3898697,47.4372758],[12.389817,47.4373155]]]}},{"type":"Feature","id":"building-194148340","properties":{"kind":"building","name":"Alpine building","height":7.2},"geometry":{"type":"Polygon","coordinates":[[[12.3859227,47.4395571],[12.3859917,47.4394653],[12.3858424,47.439414],[12.3857734,47.4395058],[12.3859227,47.4395571]]]}},{"type":"Feature","id":"building-230229473","properties":{"kind":"building","name":"Alpine building","height":7.2},"geometry":{"type":"Polygon","coordinates":[[[12.3848227,47.439983],[12.3847373,47.4398877],[12.3848668,47.4398346],[12.3849523,47.4399299],[12.3848227,47.439983]]]}},{"type":"Feature","id":"building-1549729519","properties":{"kind":"building","name":"Alpine building","height":7.2},"geometry":{"type":"Polygon","coordinates":[[[12.3883182,47.4383009],[12.3882994,47.4383112],[12.3882546,47.4382816],[12.3883156,47.4382359],[12.3883334,47.4382452],[12.3882994,47.4382833],[12.3883182,47.4383009]]]}},{"type":"Feature","id":"building-194148385","properties":{"kind":"building","name":"Alpine building","height":7.2},"geometry":{"type":"Polygon","coordinates":[[[12.386226,47.4393604],[12.3861453,47.4394455],[12.3861392,47.4394518],[12.3861331,47.4394492],[12.386025,47.4394022],[12.3861118,47.4393108],[12.386226,47.4393604]]]}},{"type":"Feature","id":"building-194145608","properties":{"kind":"building","name":"Alpine building","height":7.2},"geometry":{"type":"Polygon","coordinates":[[[12.388848,47.4380314],[12.3887692,47.4379759],[12.3887649,47.4379751],[12.3887399,47.437992],[12.3888229,47.4380483],[12.388848,47.4380314]]]}},{"type":"Feature","id":"building-230234731","properties":{"kind":"building","name":"Alpine building","height":7.2},"geometry":{"type":"Polygon","coordinates":[[[12.3841365,47.4401974],[12.3842043,47.4401778],[12.3842247,47.4402102],[12.3841569,47.4402297],[12.3841365,47.4401974]]]}},{"type":"Feature","id":"building-194148338","properties":{"kind":"building","name":"Alpine building","height":7.2},"geometry":{"type":"Polygon","coordinates":[[[12.3886575,47.4381959],[12.3887866,47.4381065],[12.3886609,47.4380235],[12.3885319,47.438113],[12.3886575,47.4381959]]]}},{"type":"Feature","id":"building-194145601","properties":{"kind":"building","name":"Alpine building","height":7.2},"geometry":{"type":"Polygon","coordinates":[[[12.38926,47.4377976],[12.3891603,47.4378627],[12.3891453,47.437872],[12.389076,47.4378207],[12.3890267,47.4377875],[12.3891512,47.4377063],[12.3892132,47.4377499],[12.3892022,47.437757],[12.38926,47.4377976]]]}},{"type":"Feature","id":"building-194145610","properties":{"kind":"building","name":"Alpine building","height":7.2},"geometry":{"type":"Polygon","coordinates":[[[12.3889209,47.4378709],[12.3887834,47.4379688],[12.3887692,47.4379759],[12.388848,47.4380314],[12.388893,47.4380532],[12.3890433,47.4379544],[12.3889209,47.4378709]]]}},{"type":"Feature","id":"building-230234748","properties":{"kind":"building","name":"Alpine building","height":7.2},"geometry":{"type":"Polygon","coordinates":[[[12.3843838,47.4401989],[12.3843362,47.4401251],[12.3841966,47.4401662],[12.3842043,47.4401778],[12.3842247,47.4402102],[12.3842442,47.4402401],[12.3843838,47.4401989]]]}},{"type":"Feature","id":"building-194141961","properties":{"kind":"building","name":"Alpine building","height":7.2},"geometry":{"type":"Polygon","coordinates":[[[12.389817,47.4373155],[12.3898697,47.4372758],[12.3899345,47.4373152],[12.3898653,47.4373673],[12.3898142,47.4373362],[12.3898306,47.4373238],[12.389817,47.4373155]]]}},{"type":"Feature","id":"building-194148341","properties":{"kind":"building","name":"Alpine building","height":7.2},"geometry":{"type":"Polygon","coordinates":[[[12.388203,47.4383377],[12.3880635,47.4384335],[12.3881665,47.4385021],[12.3883059,47.4384063],[12.388203,47.4383377]]]}},{"type":"Feature","id":"building-194148371","properties":{"kind":"building","name":"Alpine building","height":7.2},"geometry":{"type":"Polygon","coordinates":[[[12.3861331,47.4394492],[12.3861392,47.4394518],[12.3861453,47.4394455],[12.3861837,47.4394621],[12.3861766,47.4395036],[12.3861141,47.4394724],[12.3861331,47.4394492]]]}},{"type":"Feature","id":"building-230236366","properties":{"kind":"building","name":"Alpine building","height":7.2},"geometry":{"type":"Polygon","coordinates":[[[12.3891241,47.4379],[12.3890438,47.4378406],[12.389076,47.4378207],[12.3891453,47.437872],[12.3891603,47.4378627],[12.3891713,47.4378708],[12.3891241,47.4379]]]}},{"type":"Feature","id":"building-194148378","properties":{"kind":"building","name":"Alpine building","height":7.2},"geometry":{"type":"Polygon","coordinates":[[[12.3868546,47.4392541],[12.3865905,47.4391607],[12.3865562,47.4392052],[12.3866126,47.4392251],[12.3865861,47.4392594],[12.3867938,47.4393328],[12.3868546,47.4392541]]]}},{"type":"Feature","id":"building-194148353","properties":{"kind":"building","name":"Alpine building","height":7.2},"geometry":{"type":"Polygon","coordinates":[[[12.3880737,47.4385646],[12.3879131,47.438675],[12.3878098,47.4386062],[12.3879705,47.4384959],[12.3880737,47.4385646]]]}},{"type":"Feature","id":"building-194148389","properties":{"kind":"building","name":"Alpine building","height":7.2},"geometry":{"type":"Polygon","coordinates":[[[12.3875716,47.4388061],[12.3874476,47.4387438],[12.3873552,47.4388278],[12.3874015,47.4388511],[12.3873489,47.438899],[12.3874466,47.438948],[12.3875005,47.438899],[12.3874806,47.438889],[12.3875716,47.4388061]]]}},{"type":"Feature","id":"building-1549729518","properties":{"kind":"building","name":"Alpine building","height":7.2},"geometry":{"type":"Polygon","coordinates":[[[12.3885996,47.4382581],[12.3885036,47.4381935],[12.3884558,47.4382244],[12.3884329,47.43821],[12.3883501,47.4382701],[12.3883679,47.4382863],[12.3883384,47.43831],[12.3883836,47.4383468],[12.3884324,47.4383743],[12.388471,47.4383533],[12.3884792,47.4383605],[12.3885254,47.4383364],[12.3885645,47.4383048],[12.3885564,47.4382945],[12.3885996,47.4382581]]]}},{"type":"Feature","id":"building-230237569","properties":{"kind":"building","name":"Alpine building","height":7.2},"geometry":{"type":"Polygon","coordinates":[[[12.3865527,47.4393417],[12.3865024,47.4393245],[12.386537,47.439278],[12.3865874,47.4392951],[12.3865527,47.4393417]]]}},{"type":"Feature","id":"building-194148384","properties":{"kind":"building","name":"Alpine building","height":7.2},"geometry":{"type":"Polygon","coordinates":[[[12.3878179,47.4387199],[12.387791,47.438689],[12.3877777,47.4386943],[12.3877547,47.4386694],[12.387795,47.4386434],[12.3878342,47.4386697],[12.3878639,47.4387021],[12.3878179,47.4387199]]]}},{"type":"Feature","id":"building-194141976","properties":{"kind":"building","name":"Alpine building","height":7.2},"geometry":{"type":"Polygon","coordinates":[[[12.3897975,47.4375559],[12.3897629,47.4375183],[12.3897153,47.4374664],[12.3896633,47.4374882],[12.3896553,47.4374795],[12.3895825,47.4375101],[12.3896727,47.4376083],[12.3897975,47.4375559]]]}},{"type":"Feature","id":"building-194148334","properties":{"kind":"building","name":"Alpine building","height":7.2},"geometry":{"type":"Polygon","coordinates":[[[12.3870118,47.4391262],[12.3868891,47.439098],[12.386848,47.4391797],[12.3869707,47.439208],[12.3870118,47.4391262]]]}},{"type":"Feature","id":"building-230234732","properties":{"kind":"building","name":"Alpine building","height":7.2},"geometry":{"type":"Polygon","coordinates":[[[12.3841413,47.4402743],[12.3842133,47.4402387],[12.3842682,47.4402894],[12.3841962,47.4403251],[12.3841413,47.4402743]]]}},{"type":"Feature","id":"building-194148381","properties":{"kind":"building","name":"Alpine building","height":7.2},"geometry":{"type":"Polygon","coordinates":[[[12.387861,47.4387694],[12.3877428,47.4388165],[12.3876728,47.4387361],[12.3877777,47.4386943],[12.387791,47.438689],[12.3878179,47.4387199],[12.387861,47.4387694]]]}},{"type":"Feature","id":"building-194138528","properties":{"kind":"building","name":"Alpine building","height":7.2},"geometry":{"type":"Polygon","coordinates":[[[12.39291,47.4347373],[12.3929081,47.4347202],[12.3928976,47.4346244],[12.3927162,47.4346335],[12.3927286,47.4347464],[12.39291,47.4347373]]]}},{"type":"Feature","id":"building-194148342","properties":{"kind":"building","name":"Alpine building","height":7.2},"geometry":{"type":"Polygon","coordinates":[[[12.3865801,47.4393531],[12.3866188,47.4393089],[12.3866682,47.4393287],[12.3866296,47.4393729],[12.3865801,47.4393531]]]}},{"type":"Feature","id":"building-194138545","properties":{"kind":"building","name":"Alpine building","height":7.2},"geometry":{"type":"Polygon","coordinates":[[[12.3934292,47.4340005],[12.3933679,47.4340009],[12.3933664,47.4338915],[12.3934514,47.433891],[12.3934549,47.4339042],[12.3934554,47.43394],[12.3934284,47.4339402],[12.3934292,47.4340005]]]}},{"type":"Feature","id":"building-230233922","properties":{"kind":"building","name":"Alpine building","height":7.2},"geometry":{"type":"Polygon","coordinates":[[[12.3847854,47.4401495],[12.3847649,47.440122],[12.3847958,47.4401115],[12.3848163,47.4401389],[12.3847854,47.4401495]]]}},{"type":"Feature","id":"building-194138522","properties":{"kind":"building","name":"Alpine building","height":7.2},"geometry":{"type":"Polygon","coordinates":[[[12.3936335,47.4338537],[12.393634,47.433726],[12.3935282,47.4337258],[12.3935277,47.4338534],[12.3936335,47.4338537]]]}},{"type":"Feature","id":"building-194148383","properties":{"kind":"building","name":"Alpine building","height":7.2},"geometry":{"type":"Polygon","coordinates":[[[12.3865538,47.4394576],[12.3864699,47.4395583],[12.3863348,47.4395068],[12.3863722,47.4394619],[12.3864056,47.4394747],[12.3864522,47.4394189],[12.3865538,47.4394576]]]}},{"type":"Feature","id":"building-230236365","properties":{"kind":"building","name":"Alpine building","height":7.2},"geometry":{"type":"Polygon","coordinates":[[[12.3898882,47.437567],[12.3898263,47.4374859],[12.3897629,47.4375183],[12.3897975,47.4375559],[12.3898044,47.4375529],[12.3898372,47.4375881],[12.3898882,47.437567]]]}},{"type":"Feature","id":"building-194138525","properties":{"kind":"building","name":"Alpine building","height":7.2},"geometry":{"type":"Polygon","coordinates":[[[12.3934292,47.4340005],[12.3934307,47.4341152],[12.3933694,47.4341155],[12.3933679,47.4340009],[12.3934292,47.4340005]]]}},{"type":"Feature","id":"building-230234737","properties":{"kind":"building","name":"Alpine building","height":7.2},"geometry":{"type":"Polygon","coordinates":[[[12.3843152,47.4403132],[12.3843896,47.4402791],[12.3844126,47.440302],[12.3843629,47.4403248],[12.3843579,47.4403198],[12.3843331,47.4403312],[12.3843152,47.4403132]]]}},{"type":"Feature","id":"building-198005775","properties":{"kind":"building","name":"Alpine building","height":7.2},"geometry":{"type":"Polygon","coordinates":[[[12.3924417,47.4206025],[12.392327,47.4206982],[12.3921574,47.4206052],[12.3922721,47.4205095],[12.3924417,47.4206025]]]}},{"type":"Feature","id":"building-194138515","properties":{"kind":"building","name":"Alpine building","height":7.2},"geometry":{"type":"Polygon","coordinates":[[[12.3929081,47.4347202],[12.3928976,47.4346244],[12.3930334,47.4346176],[12.3930439,47.4347134],[12.3929081,47.4347202]]]}},{"type":"Feature","id":"building-230234766","properties":{"kind":"building","name":"Alpine building","height":7.2},"geometry":{"type":"Polygon","coordinates":[[[12.3844446,47.4404099],[12.3843629,47.4403248],[12.3844126,47.440302],[12.384504,47.4402625],[12.3845859,47.440348],[12.3844446,47.4404099]]]}},{"type":"Feature","id":"building-230229472","properties":{"kind":"building","name":"Alpine building","height":7.2},"geometry":{"type":"Polygon","coordinates":[[[12.3848813,47.4400707],[12.3850521,47.4399846],[12.3852135,47.4401311],[12.3850643,47.4402062],[12.3850236,47.4401687],[12.3849963,47.4401451],[12.3849757,47.440156],[12.3849613,47.4401436],[12.3848813,47.4400707]]]}},{"type":"Feature","id":"building-194138506","properties":{"kind":"building","name":"Alpine building","height":7.2},"geometry":{"type":"Polygon","coordinates":[[[12.3937535,47.4339382],[12.3937554,47.4340821],[12.3935826,47.4340832],[12.393583,47.4341142],[12.3934307,47.4341152],[12.3934292,47.4340005],[12.3934284,47.4339402],[12.3934554,47.43394],[12.3934549,47.4339042],[12.3935198,47.4339039],[12.3935203,47.4339396],[12.3937535,47.4339382]]]}},{"type":"Feature","id":"building-230229471","properties":{"kind":"building","name":"Alpine building","height":7.2},"geometry":{"type":"Polygon","coordinates":[[[12.3848742,47.4401897],[12.3849613,47.4401436],[12.3849757,47.440156],[12.3849963,47.4401451],[12.3850236,47.4401687],[12.3849272,47.4402197],[12.3849036,47.4401993],[12.3848922,47.4402053],[12.3848742,47.4401897]]]}},{"type":"Feature","id":"building-194138511","properties":{"kind":"building","name":"Alpine building","height":7.2},"geometry":{"type":"Polygon","coordinates":[[[12.3934799,47.4343543],[12.3934499,47.4342413],[12.3932165,47.4342697],[12.3932466,47.4343827],[12.3934799,47.4343543]]]}},{"type":"Feature","id":"building-194148345","properties":{"kind":"building","name":"Alpine building","height":7.2},"geometry":{"type":"Polygon","coordinates":[[[12.3867325,47.439389],[12.3866644,47.4394888],[12.3867908,47.4395283],[12.3868589,47.4394284],[12.3867325,47.439389]]]}},{"type":"Feature","id":"building-317069432","properties":{"kind":"building","name":"Alpine building","height":7.2},"geometry":{"type":"Polygon","coordinates":[[[12.3900382,47.4375515],[12.3900596,47.4375095],[12.3901007,47.4375191],[12.3900794,47.437561],[12.3900382,47.4375515]]]}},{"type":"Feature","id":"building-230237564","properties":{"kind":"building","name":"Alpine building","height":7.2},"geometry":{"type":"Polygon","coordinates":[[[12.3863372,47.4396425],[12.3863337,47.4396669],[12.3863982,47.4396711],[12.3864017,47.4396467],[12.3863372,47.4396425]]]}},{"type":"Feature","id":"building-194148331","properties":{"kind":"building","name":"Alpine building","height":7.2},"geometry":{"type":"Polygon","coordinates":[[[12.3866644,47.4394888],[12.3867908,47.4395283],[12.3867525,47.4395869],[12.3866224,47.4395452],[12.3866644,47.4394888]]]}},{"type":"Feature","id":"building-230237571","properties":{"kind":"building","name":"Alpine building","height":7.2},"geometry":{"type":"Polygon","coordinates":[[[12.3880442,47.4388482],[12.3880867,47.4388148],[12.3881233,47.4388361],[12.3880809,47.4388695],[12.3880442,47.4388482]]]}},{"type":"Feature","id":"building-194138508","properties":{"kind":"building","name":"Alpine building","height":7.2},"geometry":{"type":"Polygon","coordinates":[[[12.3930571,47.4350443],[12.3930988,47.4349625],[12.3929935,47.434938],[12.3930128,47.4349002],[12.39293,47.4348809],[12.3929054,47.4349292],[12.3928755,47.4349223],[12.3928392,47.4349935],[12.3928691,47.4350005],[12.3928464,47.4350449],[12.3929901,47.4350784],[12.3930127,47.435034],[12.3930571,47.4350443]]]}},{"type":"Feature","id":"building-228972269","properties":{"kind":"building","name":"Alpine building","height":7.2},"geometry":{"type":"Polygon","coordinates":[[[12.3826374,47.4410145],[12.3826765,47.4409791],[12.3827282,47.4410054],[12.3826891,47.4410407],[12.3826374,47.4410145]]]}},{"type":"Feature","id":"building-194148391","properties":{"kind":"building","name":"Alpine building","height":7.2},"geometry":{"type":"Polygon","coordinates":[[[12.3864135,47.4397088],[12.3863056,47.4398664],[12.3862668,47.4398542],[12.3862249,47.4398411],[12.386248,47.4398072],[12.3862166,47.4397974],[12.3862761,47.4397105],[12.3862916,47.4397153],[12.3863168,47.4396785],[12.3864135,47.4397088]]]}},{"type":"Feature","id":"building-194138521","properties":{"kind":"building","name":"Alpine building","height":7.2},"geometry":{"type":"Polygon","coordinates":[[[12.3939182,47.4338644],[12.3938209,47.4338693],[12.3938173,47.4338364],[12.3939146,47.4338315],[12.3939182,47.4338644]]]}},{"type":"Feature","id":"building-316221947","properties":{"kind":"building","name":"Alpine building","height":7.2},"geometry":{"type":"Polygon","coordinates":[[[12.3830419,47.4410036],[12.3830049,47.440975],[12.3830318,47.4409591],[12.3830688,47.4409877],[12.3830419,47.4410036]]]}},{"type":"Feature","id":"building-230234738","properties":{"kind":"building","name":"Alpine building","height":7.2},"geometry":{"type":"Polygon","coordinates":[[[12.3847848,47.4404924],[12.3847125,47.4403762],[12.3845867,47.440412],[12.3846183,47.4404629],[12.384657,47.4404519],[12.3846977,47.4405172],[12.3847354,47.4405065],[12.3847848,47.4404924]]]}},{"type":"Feature","id":"building-228963409","properties":{"kind":"building","name":"ehem. Bergstation Fleckalmbahn","height":7.2},"geometry":{"type":"Polygon","coordinates":[[[12.3584494,47.4193706],[12.3585985,47.4191768],[12.3586778,47.4190806],[12.3587254,47.4190219],[12.3587408,47.4190272],[12.3589994,47.4191172],[12.3589411,47.419185],[12.3589274,47.4191799],[12.3587087,47.4194645],[12.3584494,47.4193706]]]}},{"type":"Feature","id":"building-317069436","properties":{"kind":"building","name":"Alpine building","height":7.2},"geometry":{"type":"Polygon","coordinates":[[[12.3899659,47.437731],[12.3900347,47.437814],[12.3899491,47.4378465],[12.3899987,47.4379063],[12.3898898,47.4379476],[12.3899007,47.4379608],[12.3898076,47.4379962],[12.3897716,47.4379527],[12.3898574,47.4379202],[12.389815,47.437869],[12.3899048,47.437835],[12.3898538,47.4377735],[12.3899659,47.437731]]]}},{"type":"Feature","id":"building-228961284","properties":{"kind":"building","name":"Alpine building","height":7.2},"geometry":{"type":"Polygon","coordinates":[[[12.3604195,47.4179493],[12.3603873,47.4178084],[12.360534,47.417793],[12.3605661,47.417934],[12.3604195,47.4179493]]]}},{"type":"Feature","id":"building-194148346","properties":{"kind":"building","name":"Alpine building","height":7.2},"geometry":{"type":"Polygon","coordinates":[[[12.3862668,47.4398542],[12.3863056,47.4398664],[12.3862905,47.4398868],[12.3863041,47.4399043],[12.3862717,47.4399458],[12.386216,47.4399212],[12.3862668,47.4398542]]]}},{"type":"Feature","id":"building-228961280","properties":{"kind":"building","name":"Alpine building","height":7.2},"geometry":{"type":"Polygon","coordinates":[[[12.3594443,47.4186491],[12.3594127,47.418624],[12.3593221,47.4186703],[12.3593077,47.418678],[12.3592962,47.4186784],[12.3592882,47.4186753],[12.3592561,47.4186497],[12.3592507,47.4186453],[12.3592486,47.41864],[12.3592338,47.4186485],[12.3592803,47.4186878],[12.3592855,47.4186854],[12.3593159,47.4187128],[12.3594443,47.4186491]]]}},{"type":"Feature","id":"building-228961289","properties":{"kind":"building","name":"Alpine building","height":7.2},"geometry":{"type":"Polygon","coordinates":[[[12.3591816,47.4186742],[12.3592338,47.4186485],[12.3592803,47.4186878],[12.3592855,47.4186854],[12.3593159,47.4187128],[12.3592591,47.4187421],[12.3591816,47.4186742]]]}},{"type":"Feature","id":"building-228961282","properties":{"kind":"building","name":"Alpine building","height":7.2},"geometry":{"type":"Polygon","coordinates":[[[12.3594219,47.4185297],[12.3592538,47.4186229],[12.3592486,47.4186318],[12.3592486,47.41864],[12.3592507,47.4186453],[12.3592561,47.4186497],[12.3592882,47.4186753],[12.3592962,47.4186784],[12.3593077,47.418678],[12.3593221,47.4186703],[12.3594127,47.418624],[12.3594833,47.418588],[12.3594914,47.4185829],[12.3594954,47.4185748],[12.3594954,47.418567],[12.359473,47.4185456],[12.3594489,47.4185289],[12.3594397,47.4185274],[12.3594311,47.4185282],[12.3594219,47.4185297]]]}},{"type":"Feature","id":"building-194148370","properties":{"kind":"building","name":"Alpine building","height":7.2},"geometry":{"type":"Polygon","coordinates":[[[12.3865615,47.4396936],[12.3867045,47.4397306],[12.3866537,47.4398206],[12.3865869,47.4398033],[12.3865829,47.4398105],[12.3865066,47.4397908],[12.3865615,47.4396936]]]}},{"type":"Feature","id":"building-228972277","properties":{"kind":"building","name":"Alpine building","height":7.2},"geometry":{"type":"Polygon","coordinates":[[[12.3758542,47.4421671],[12.3759881,47.4420251],[12.3760797,47.4420617],[12.3759744,47.4421748],[12.3759488,47.4422022],[12.375934,47.4422011],[12.3758542,47.4421671]]]}},{"type":"Feature","id":"building-230234735","properties":{"kind":"building","name":"Alpine building","height":7.2},"geometry":{"type":"Polygon","coordinates":[[[12.3847037,47.4405866],[12.3846661,47.4405262],[12.3846977,47.4405172],[12.3847354,47.4405065],[12.384773,47.4405669],[12.3847037,47.4405866]]]}},{"type":"Feature","id":"building-305197080","properties":{"kind":"building","name":"Alpine building","height":7.2},"geometry":{"type":"Polygon","coordinates":[[[12.3557596,47.4338016],[12.3558349,47.4337734],[12.3558716,47.4338183],[12.3557964,47.4338465],[12.3557596,47.4338016]]]}},{"type":"Feature","id":"building-194138519","properties":{"kind":"building","name":"Alpine building","height":7.2},"geometry":{"type":"Polygon","coordinates":[[[12.3934129,47.4350455],[12.3933859,47.4349067],[12.3932235,47.4349212],[12.3932506,47.43506],[12.3934129,47.4350455]]]}},{"type":"Feature","id":"building-228972264","properties":{"kind":"building","name":"Alpine building","height":7.2},"geometry":{"type":"Polygon","coordinates":[[[12.3761756,47.4422454],[12.3760042,47.4421741],[12.3759904,47.4421737],[12.3759814,47.4421741],[12.3759744,47.4421748],[12.3759488,47.4422022],[12.3759484,47.4422077],[12.3759532,47.442217],[12.3759598,47.4422223],[12.3761295,47.442292],[12.3761756,47.4422454]]]}},{"type":"Feature","id":"building-228963399","properties":{"kind":"building","name":"Alpine building","height":7.2},"geometry":{"type":"Polygon","coordinates":[[[12.3585306,47.4191531],[12.3586528,47.4189959],[12.3586699,47.4189739],[12.3586774,47.41897],[12.3586888,47.4189684],[12.3587038,47.4189692],[12.3587216,47.4189758],[12.3587656,47.4189943],[12.3587408,47.4190272],[12.3587254,47.4190219],[12.3586778,47.4190806],[12.3585985,47.4191768],[12.3585306,47.4191531]]]}},{"type":"Feature","id":"building-194141869","properties":{"kind":"building","name":"Alpine building","height":7.2},"geometry":{"type":"Polygon","coordinates":[[[12.3903131,47.4378785],[12.3901868,47.4377722],[12.3903175,47.4377012],[12.3904437,47.4378075],[12.3903131,47.4378785]]]}},{"type":"Feature","id":"building-230233919","properties":{"kind":"building","name":"Alpine building","height":7.2},"geometry":{"type":"Polygon","coordinates":[[[12.3853609,47.4404274],[12.3853057,47.4403988],[12.3852431,47.440454],[12.3852982,47.4404826],[12.3853609,47.4404274]]]}},{"type":"Feature","id":"building-228961285","properties":{"kind":"building","name":"Alpine building","height":4.1},"geometry":{"type":"Polygon","coordinates":[[[12.3592977,47.4183982],[12.3593746,47.418357],[12.3594339,47.4184076],[12.3593569,47.4184489],[12.3592977,47.4183982]]]}},{"type":"Feature","id":"building-194148354","properties":{"kind":"building","name":"Alpine building","height":7.2},"geometry":{"type":"Polygon","coordinates":[[[12.3864763,47.4400916],[12.3863535,47.4400867],[12.386362,47.4399902],[12.3864848,47.4399952],[12.3864763,47.4400916]]]}},{"type":"Feature","id":"building-317069435","properties":{"kind":"building","name":"Alpine building","height":7.2},"geometry":{"type":"Polygon","coordinates":[[[12.3900297,47.437948],[12.3901245,47.438016],[12.3901943,47.4379821],[12.3902375,47.4380291],[12.3902781,47.4380697],[12.3902674,47.4380747],[12.3901488,47.4381289],[12.3900978,47.4380775],[12.3900085,47.4381168],[12.3899067,47.4380044],[12.3900297,47.437948]]]}},{"type":"Feature","id":"building-230234740","properties":{"kind":"building","name":"Alpine building","height":7.2},"geometry":{"type":"Polygon","coordinates":[[[12.3849894,47.440592],[12.3850368,47.4405645],[12.3850559,47.4405796],[12.3851069,47.44055],[12.3851874,47.4406134],[12.3852001,47.4406236],[12.3851128,47.4406735],[12.3851015,47.4406804],[12.3849894,47.440592]]]}},{"type":"Feature","id":"building-228961292","properties":{"kind":"building","name":"Alpine building","height":7.2},"geometry":{"type":"Polygon","coordinates":[[[12.3600896,47.4176755],[12.3601662,47.4176113],[12.3602774,47.4176721],[12.3603419,47.4176182],[12.3604647,47.4176853],[12.3603579,47.4177748],[12.3601871,47.4176814],[12.3601529,47.4177101],[12.3600896,47.4176755]]]}},{"type":"Feature","id":"building-312109440","properties":{"kind":"building","name":"Alpine building","height":7.2},"geometry":{"type":"Polygon","coordinates":[[[12.3644935,47.4155168],[12.3645114,47.4155016],[12.3645267,47.4155099],[12.3645088,47.4155251],[12.3644935,47.4155168]]]}},{"type":"Feature","id":"building-194138514","properties":{"kind":"building","name":"Alpine building","height":7.2},"geometry":{"type":"Polygon","coordinates":[[[12.3939499,47.4346236],[12.39392,47.4345211],[12.3938001,47.4345371],[12.39383,47.4346396],[12.3939499,47.4346236]]]}},{"type":"Feature","id":"building-230233927","properties":{"kind":"building","name":"Alpine building","height":7.2},"geometry":{"type":"Polygon","coordinates":[[[12.3854031,47.4405527],[12.3853978,47.4404515],[12.3855398,47.4404481],[12.3855451,47.4405493],[12.3854031,47.4405527]]]}},{"type":"Feature","id":"building-194138529","properties":{"kind":"building","name":"Alpine building","height":7.2},"geometry":{"type":"Polygon","coordinates":[[[12.3936774,47.4349746],[12.3936317,47.4348641],[12.3935042,47.4348882],[12.3935498,47.4349987],[12.3936298,47.4349831],[12.3936774,47.4349746]]]}},{"type":"Feature","id":"building-244979340","properties":{"kind":"building","name":"Alpine building","height":7.2},"geometry":{"type":"Polygon","coordinates":[[[12.3956517,47.4247431],[12.3957918,47.4246145],[12.395671,47.4245543],[12.3955309,47.4246829],[12.3956517,47.4247431]]]}},{"type":"Feature","id":"building-230233921","properties":{"kind":"building","name":"Alpine building","height":7.2},"geometry":{"type":"Polygon","coordinates":[[[12.3856167,47.4404777],[12.3856005,47.4404509],[12.3856375,47.4404406],[12.3856537,47.4404674],[12.3856167,47.4404777]]]}},{"type":"Feature","id":"building-228972273","properties":{"kind":"building","name":"Alpine building","height":7.2},"geometry":{"type":"Polygon","coordinates":[[[12.3758996,47.4423677],[12.3759226,47.4423604],[12.3759363,47.4423802],[12.3759134,47.4423875],[12.3758996,47.4423677]]]}},{"type":"Feature","id":"building-194138516","properties":{"kind":"building","name":"Alpine building","height":7.2},"geometry":{"type":"Polygon","coordinates":[[[12.3936298,47.4349831],[12.3935498,47.4349987],[12.3935323,47.4350021],[12.3935498,47.4350432],[12.3936473,47.4350243],[12.3936298,47.4349831]]]}},{"type":"Feature","id":"building-230234763","properties":{"kind":"building","name":"Alpine building","height":7.2},"geometry":{"type":"Polygon","coordinates":[[[12.3850542,47.440738],[12.3849573,47.4406402],[12.3848564,47.4406752],[12.3848646,47.4407484],[12.3849056,47.4407969],[12.3849157,47.4407929],[12.3849977,47.4407603],[12.3850542,47.440738]]]}},{"type":"Feature","id":"building-230234742","properties":{"kind":"building","name":"Alpine building","height":7.2},"geometry":{"type":"Polygon","coordinates":[[[12.3851519,47.4407114],[12.3851446,47.4407056],[12.3851494,47.4407028],[12.3851128,47.4406735],[12.3852001,47.4406236],[12.3851874,47.4406134],[12.3852009,47.4406057],[12.3852576,47.440651],[12.3851519,47.4407114]]]}},{"type":"Feature","id":"building-727320116","properties":{"kind":"building","name":"Alpine building","height":7.2},"geometry":{"type":"Polygon","coordinates":[[[12.3933397,47.4353656],[12.393276,47.435301],[12.393385,47.4352517],[12.3933616,47.435228],[12.3934615,47.4351829],[12.3934843,47.435206],[12.3935076,47.4351955],[12.3935719,47.4352607],[12.3933397,47.4353656]]]}},{"type":"Feature","id":"building-317069434","properties":{"kind":"building","name":"Alpine building","height":7.2},"geometry":{"type":"Polygon","coordinates":[[[12.3902674,47.4380747],[12.390285,47.4380923],[12.3903624,47.4380569],[12.3903042,47.4379986],[12.3902375,47.4380291],[12.3902781,47.4380697],[12.3902674,47.4380747]]]}},{"type":"Feature","id":"building-230234730","properties":{"kind":"building","name":"Alpine building","height":7.2},"geometry":{"type":"Polygon","coordinates":[[[12.3849418,47.4408229],[12.3850238,47.4407904],[12.3849977,47.4407603],[12.3849157,47.4407929],[12.3849418,47.4408229]]]}},{"type":"Feature","id":"building-194138532","properties":{"kind":"building","name":"Alpine building","height":7.2},"geometry":{"type":"Polygon","coordinates":[[[12.393188,47.4356892],[12.3931623,47.4356723],[12.3931118,47.4356393],[12.393187,47.4355867],[12.3932633,47.4356365],[12.393188,47.4356892]]]}},{"type":"Feature","id":"building-317069433","properties":{"kind":"building","name":"Alpine building","height":7.2},"geometry":{"type":"Polygon","coordinates":[[[12.3901652,47.4382095],[12.3902112,47.4381896],[12.3902347,47.4382144],[12.3901886,47.4382343],[12.3901652,47.4382095]]]}},{"type":"Feature","id":"building-194138512","properties":{"kind":"building","name":"Alpine building","height":7.2},"geometry":{"type":"Polygon","coordinates":[[[12.3939542,47.4347572],[12.3940536,47.4347418],[12.3940278,47.4346657],[12.3939284,47.4346812],[12.3939542,47.4347572]]]}},{"type":"Feature","id":"building-306131106","properties":{"kind":"building","name":"Alpine building","height":7.2},"geometry":{"type":"Polygon","coordinates":[[[12.3594712,47.4181074],[12.3594683,47.4180277],[12.3593563,47.4180247],[12.3593578,47.4180532],[12.3592938,47.4180464],[12.3593476,47.4181212],[12.3594712,47.4181074]]]}},{"type":"Feature","id":"building-194138542","properties":{"kind":"building","name":"Alpine building","height":7.2},"geometry":{"type":"Polygon","coordinates":[[[12.3934656,47.4354035],[12.3934286,47.4353627],[12.3935467,47.4353138],[12.3935836,47.4353546],[12.3934656,47.4354035]]]}},{"type":"Feature","id":"building-194138505","properties":{"kind":"building","name":"Alpine building","height":7.2},"geometry":{"type":"Polygon","coordinates":[[[12.3932818,47.4357505],[12.3932499,47.4357296],[12.393188,47.4356892],[12.3931623,47.4356723],[12.3930685,47.435738],[12.3929932,47.4357526],[12.3930354,47.4358524],[12.3930723,47.4358477],[12.3930813,47.4358795],[12.3932404,47.4358589],[12.3932227,47.4357963],[12.3932818,47.4357505]]]}},{"type":"Feature","id":"building-244540908","properties":{"kind":"building","name":"Alpine building","height":7.2},"geometry":{"type":"Polygon","coordinates":[[[12.3587764,47.4376166],[12.3588785,47.4376118],[12.3588704,47.4375323],[12.3587683,47.4375371],[12.3587764,47.4376166]]]}},{"type":"Feature","id":"building-194138524","properties":{"kind":"building","name":"Alpine building","height":7.2},"geometry":{"type":"Polygon","coordinates":[[[12.393826,47.4351289],[12.3937503,47.4351321],[12.3937546,47.4351589],[12.3936543,47.4351653],[12.3936535,47.4351565],[12.3935763,47.4351589],[12.3935821,47.4352356],[12.3936268,47.4352361],[12.3936745,47.4352054],[12.3937611,47.4352044],[12.3937611,47.4352176],[12.3938319,47.4352127],[12.393826,47.4351289]]]}},{"type":"Feature","id":"building-228961283","properties":{"kind":"building","name":"Alpine building","height":7.2},"geometry":{"type":"Polygon","coordinates":[[[12.3587599,47.4184802],[12.3587593,47.4184881],[12.3587627,47.4184936],[12.3587683,47.4184973],[12.358778,47.4184998],[12.3588383,47.4185035],[12.3588486,47.4185023],[12.3588584,47.4184981],[12.3588647,47.4184911],[12.358867,47.4184841],[12.3588894,47.4183256],[12.3588894,47.4183183],[12.3588853,47.4183121],[12.3588785,47.4183082],[12.3588647,47.4183047],[12.3588079,47.4183012],[12.3587964,47.418302],[12.3587861,47.4183055],[12.358782,47.4183109],[12.3587809,47.4183171],[12.3587599,47.4184802]]]}},{"type":"Feature","id":"building-230233918","properties":{"kind":"building","name":"Alpine building","height":7.2},"geometry":{"type":"Polygon","coordinates":[[[12.3858259,47.4406478],[12.3858451,47.4405347],[12.3859182,47.4405403],[12.3858989,47.4406535],[12.3858259,47.4406478]]]}},{"type":"Feature","id":"building-194142008","properties":{"kind":"building","name":"Alpine building","height":7.2},"geometry":{"type":"Polygon","coordinates":[[[12.3905903,47.438216],[12.3904982,47.4382869],[12.390394,47.4382249],[12.3904184,47.4382061],[12.3903717,47.4381784],[12.3903908,47.4381637],[12.3903539,47.4381418],[12.3904026,47.4381044],[12.3905903,47.438216]]]}},{"type":"Feature","id":"building-228961279","properties":{"kind":"building","name":"Alpine building","height":7.2},"geometry":{"type":"Polygon","coordinates":[[[12.3587516,47.4183916],[12.3587401,47.4183893],[12.3586603,47.4183823],[12.3586531,47.4184515],[12.3587281,47.4184603],[12.3587413,47.4184593],[12.3587505,47.4184542],[12.3587545,47.4184471],[12.3587608,47.4184052],[12.3587574,47.4183967],[12.3587516,47.4183916]]]}},{"type":"Feature","id":"building-194138539","properties":{"kind":"building","name":"Alpine building","height":7.2},"geometry":{"type":"Polygon","coordinates":[[[12.3935,47.4355827],[12.393406,47.4355138],[12.393379,47.4355064],[12.3934524,47.4354585],[12.3935647,47.4355191],[12.3935028,47.4355585],[12.3935194,47.4355704],[12.3935,47.4355827]]]}},{"type":"Feature","id":"building-230234760","properties":{"kind":"building","name":"Alpine building","height":7.2},"geometry":{"type":"Polygon","coordinates":[[[12.3849203,47.4410129],[12.3848612,47.440917],[12.3850448,47.4408652],[12.3851039,47.4409611],[12.3849203,47.4410129]]]}},{"type":"Feature","id":"building-194144718","properties":{"kind":"building","name":"Alpine building","height":7.2},"geometry":{"type":"Polygon","coordinates":[[[12.3939785,47.4349376],[12.3939722,47.4348775],[12.3940358,47.4348744],[12.3940421,47.4349345],[12.3939785,47.4349376]]]}},{"type":"Feature","id":"building-194138535","properties":{"kind":"building","name":"Alpine building","height":7.2},"geometry":{"type":"Polygon","coordinates":[[[12.3934114,47.4356983],[12.393273,47.4355968],[12.393406,47.4355138],[12.3935,47.4355827],[12.3935444,47.4356154],[12.3934114,47.4356983]]]}},{"type":"Feature","id":"building-194138531","properties":{"kind":"building","name":"Alpine building","height":7.2},"geometry":{"type":"Polygon","coordinates":[[[12.3932499,47.4357296],[12.3932818,47.4357505],[12.3933296,47.4357817],[12.393391,47.4357387],[12.3933113,47.4356866],[12.3932499,47.4357296]]]}},{"type":"Feature","id":"building-230234727","properties":{"kind":"building","name":"Alpine building","height":7.2},"geometry":{"type":"Polygon","coordinates":[[[12.3852402,47.4409092],[12.3851998,47.4408387],[12.3850992,47.4408651],[12.3851396,47.4409356],[12.3852402,47.4409092]]]}},{"type":"Feature","id":"building-228972276","properties":{"kind":"building","name":"Ganslernalm","height":7.2},"geometry":{"type":"Polygon","coordinates":[[[12.3802775,47.4421714],[12.3803815,47.4420652],[12.3805664,47.442148],[12.3804624,47.4422542],[12.3802775,47.4421714]]]}},{"type":"Feature","id":"building-447695433","properties":{"kind":"building","name":"Alpine building","height":7.2},"geometry":{"type":"Polygon","coordinates":[[[12.3854948,47.4408692],[12.3855581,47.4408461],[12.3854589,47.4407595],[12.385419,47.4407747],[12.3854948,47.4408692]]]}},{"type":"Feature","id":"building-194138538","properties":{"kind":"building","name":"Alpine building","height":7.2},"geometry":{"type":"Polygon","coordinates":[[[12.3937852,47.435417],[12.393707,47.4353311],[12.3935881,47.4353805],[12.3936662,47.4354665],[12.3937852,47.435417]]]}},{"type":"Feature","id":"building-244540907","properties":{"kind":"building","name":"Alpine building","height":7.2},"geometry":{"type":"Polygon","coordinates":[[[12.3585494,47.4376273],[12.3586796,47.4376273],[12.3586796,47.4375344],[12.3585494,47.4375344],[12.3585494,47.4376273]]]}},{"type":"Feature","id":"building-194141865","properties":{"kind":"building","name":"Alpine building","height":7.2},"geometry":{"type":"Polygon","coordinates":[[[12.3908297,47.4380544],[12.3907778,47.4380213],[12.3907245,47.4380595],[12.3907765,47.4380927],[12.3908297,47.4380544]]]}},{"type":"Feature","id":"building-305197086","properties":{"kind":"building","name":"Alpine building","height":7.2},"geometry":{"type":"Polygon","coordinates":[[[12.3542263,47.4322937],[12.3542257,47.43227],[12.3542884,47.4322692],[12.354289,47.432293],[12.3542263,47.4322937]]]}},{"type":"Feature","id":"building-230234757","properties":{"kind":"building","name":"Alpine building","height":7.2},"geometry":{"type":"Polygon","coordinates":[[[12.3853853,47.4409344],[12.385294,47.4408206],[12.385419,47.4407747],[12.3854948,47.4408692],[12.3855103,47.4408885],[12.3855007,47.4408913],[12.3853968,47.4409308],[12.3853853,47.4409344]]]}},{"type":"Feature","id":"building-228972274","properties":{"kind":"building","name":"Alpine building","height":7.2},"geometry":{"type":"Polygon","coordinates":[[[12.3829647,47.4416271],[12.383021,47.4415682],[12.3831017,47.4416034],[12.3830937,47.4416118],[12.3831481,47.4416355],[12.3831076,47.4416779],[12.3830573,47.441656],[12.3830495,47.4416642],[12.3829647,47.4416271]]]}},{"type":"Feature","id":"building-228972271","properties":{"kind":"building","name":"Alpine building","height":7.2},"geometry":{"type":"Polygon","coordinates":[[[12.3805855,47.4422145],[12.380629,47.4421572],[12.3806808,47.4421752],[12.3806373,47.4422325],[12.3805855,47.4422145]]]}},{"type":"Feature","id":"building-228967977","properties":{"kind":"building","name":"Alpine building","height":7.2},"geometry":{"type":"Polygon","coordinates":[[[12.3684466,47.413901],[12.3684848,47.4138782],[12.3684894,47.4138813],[12.3685767,47.4139604],[12.3683341,47.4140826],[12.3683153,47.4140845],[12.3683084,47.4140799],[12.3682662,47.4140432],[12.3682639,47.4140355],[12.368265,47.4140274],[12.3682725,47.4140204],[12.3684375,47.4139362],[12.3684477,47.4139346],[12.3684574,47.4139381],[12.368466,47.4139385],[12.3684671,47.4139207],[12.3684466,47.413901]]]}},{"type":"Feature","id":"building-230233926","properties":{"kind":"building","name":"Alpine building","height":7.2},"geometry":{"type":"Polygon","coordinates":[[[12.3859003,47.4407446],[12.3859618,47.4406555],[12.3859828,47.4406607],[12.3859854,47.4406545],[12.3860008,47.4406593],[12.3860443,47.4407206],[12.3860756,47.440713],[12.3860156,47.4407855],[12.3859003,47.4407446]]]}},{"type":"Feature","id":"building-230233928","properties":{"kind":"building","name":"Alpine building","height":7.2},"geometry":{"type":"Polygon","coordinates":[[[12.3860315,47.440598],[12.3861678,47.4406475],[12.3861526,47.4406702],[12.386128,47.4407068],[12.3861155,47.4407255],[12.3860756,47.440713],[12.3860443,47.4407206],[12.3860008,47.4406593],[12.3859854,47.4406545],[12.3860315,47.440598]]]}},{"type":"Feature","id":"building-447695430","properties":{"kind":"building","name":"Alpine building","height":7.2},"geometry":{"type":"Polygon","coordinates":[[[12.3853968,47.4409308],[12.3854194,47.440958],[12.3855232,47.4409185],[12.3855007,47.4408913],[12.3853968,47.4409308]]]}},{"type":"Feature","id":"building-304435612","properties":{"kind":"building","name":"Alpine building","height":7.2},"geometry":{"type":"Polygon","coordinates":[[[12.367431,47.4418892],[12.3673876,47.4418409],[12.3674794,47.441803],[12.3675229,47.4418513],[12.367431,47.4418892]]]}},{"type":"Feature","id":"building-230233920","properties":{"kind":"building","name":"Alpine building","height":7.2},"geometry":{"type":"Polygon","coordinates":[[[12.3858432,47.4408323],[12.3858197,47.4408026],[12.3858685,47.4407849],[12.3858921,47.4408146],[12.3858432,47.4408323]]]}},{"type":"Feature","id":"building-230233916","properties":{"kind":"building","name":"Alpine building","height":7.2},"geometry":{"type":"Polygon","coordinates":[[[12.3861519,47.4407141],[12.3861791,47.4406815],[12.3861526,47.4406702],[12.386128,47.4407068],[12.3861519,47.4407141]]]}},{"type":"Feature","id":"building-230234725","properties":{"kind":"building","name":"Alpine building","height":7.2},"geometry":{"type":"Polygon","coordinates":[[[12.3848538,47.4411088],[12.384869,47.4412157],[12.3849529,47.4411892],[12.3849837,47.441234],[12.3850039,47.4412259],[12.3849701,47.4411753],[12.3849727,47.4411569],[12.3849394,47.4411365],[12.3849727,47.4411171],[12.3849266,47.4410824],[12.3848538,47.4411088]]]}},{"type":"Feature","id":"building-228967976","properties":{"kind":"building","name":"Alpine building","height":7.2},"geometry":{"type":"Polygon","coordinates":[[[12.3687589,47.4139787],[12.3685591,47.4136866],[12.3684609,47.4137338],[12.3684449,47.4137484],[12.3684472,47.4137678],[12.3684552,47.4137848],[12.3685122,47.413869],[12.3684894,47.4138813],[12.3685767,47.4139604],[12.3685842,47.4139671],[12.3686184,47.4140243],[12.3687589,47.4139787]]]}},{"type":"Feature","id":"building-194138536","properties":{"kind":"building","name":"Alpine building","height":7.2},"geometry":{"type":"Polygon","coordinates":[[[12.3939983,47.435569],[12.3938466,47.4356499],[12.3937256,47.435546],[12.3938021,47.4355053],[12.3938199,47.4355206],[12.3938952,47.4354805],[12.3939983,47.435569]]]}},{"type":"Feature","id":"building-194142002","properties":{"kind":"building","name":"Alpine building","height":7.2},"geometry":{"type":"Polygon","coordinates":[[[12.3908704,47.4381],[12.3910373,47.4382177],[12.3909761,47.4382573],[12.3909593,47.4382683],[12.3907925,47.4381506],[12.3908704,47.4381]]]}},{"type":"Feature","id":"building-317069430","properties":{"kind":"building","name":"Alpine building","height":7.2},"geometry":{"type":"Polygon","coordinates":[[[12.390544,47.4383759],[12.3906161,47.4383129],[12.3906584,47.438335],[12.3907153,47.4382852],[12.3908218,47.438341],[12.3907421,47.4384107],[12.3907623,47.4384213],[12.3906982,47.4384774],[12.3906007,47.4384264],[12.3906156,47.4384134],[12.390544,47.4383759]]]}},{"type":"Feature","id":"building-194138544","properties":{"kind":"building","name":"Alpine building","height":7.2},"geometry":{"type":"Polygon","coordinates":[[[12.3934877,47.4360482],[12.3936325,47.4359915],[12.393708,47.4359619],[12.39356,47.4357891],[12.3934207,47.4358437],[12.393525,47.4359655],[12.393444,47.4359972],[12.3934877,47.4360482]]]}},{"type":"Feature","id":"building-230234754","properties":{"kind":"building","name":"Alpine building","height":7.2},"geometry":{"type":"Polygon","coordinates":[[[12.3849082,47.4413053],[12.3848853,47.441272],[12.3848912,47.4412702],[12.3848564,47.4412196],[12.384869,47.4412157],[12.3849529,47.4411892],[12.3849837,47.441234],[12.3850106,47.441273],[12.3849082,47.4413053]]]}},{"type":"Feature","id":"building-194138510","properties":{"kind":"building","name":"Hahnenhof","height":7.2},"geometry":{"type":"Polygon","coordinates":[[[12.393444,47.4359972],[12.3934877,47.4360482],[12.3935333,47.4361015],[12.3934973,47.4361156],[12.3935705,47.4362011],[12.3934267,47.4362574],[12.3933872,47.4362113],[12.3933219,47.4362369],[12.3933681,47.4362908],[12.3932697,47.4363294],[12.3932303,47.4362833],[12.3931398,47.4363188],[12.3930235,47.4361831],[12.3932664,47.436088],[12.3932801,47.436104],[12.3933971,47.4360581],[12.3933698,47.4360263],[12.393444,47.4359972]]]}},{"type":"Feature","id":"building-305197092","properties":{"kind":"building","name":"Alpine building","height":7.2},"geometry":{"type":"Polygon","coordinates":[[[12.3538533,47.4322908],[12.3538413,47.4322364],[12.354017,47.4322187],[12.3540289,47.4322732],[12.3538533,47.4322908]]]}},{"type":"Feature","id":"building-804327273","properties":{"kind":"building","name":"Alpine building","height":7.2},"geometry":{"type":"Polygon","coordinates":[[[12.3680213,47.4139164],[12.3680195,47.413852],[12.3680792,47.4138513],[12.368081,47.4139157],[12.3680213,47.4139164]]]}},{"type":"Feature","id":"building-738949739","properties":{"kind":"building","name":"Alpine building","height":7.2},"geometry":{"type":"Polygon","coordinates":[[[12.3914933,47.4182678],[12.3914644,47.418204],[12.3916576,47.4181639],[12.3916865,47.4182276],[12.3914933,47.4182678]]]}},{"type":"Feature","id":"building-228961293","properties":{"kind":"building","name":"Sonnenrast (Berggasthof)","height":7.2},"geometry":{"type":"Polygon","coordinates":[[[12.3595756,47.4172941],[12.3593711,47.4173127],[12.3593776,47.4173367],[12.3592461,47.417348],[12.3592876,47.4175779],[12.3592924,47.4175684],[12.3594079,47.4175572],[12.3594184,47.4176082],[12.3596429,47.417589],[12.3596375,47.4175424],[12.3596719,47.4175407],[12.3596391,47.4173095],[12.3595781,47.417315],[12.3595756,47.4172941]]]}},{"type":"Feature","id":"building-230233917","properties":{"kind":"building","name":"Alpine building","height":7.2},"geometry":{"type":"Polygon","coordinates":[[[12.3863895,47.4407345],[12.3864326,47.4406763],[12.3865251,47.4407076],[12.386482,47.4407658],[12.3863895,47.4407345]]]}},{"type":"Feature","id":"building-230234734","properties":{"kind":"building","name":"Alpine building","height":7.2},"geometry":{"type":"Polygon","coordinates":[[[12.3850847,47.4412312],[12.3851377,47.4412047],[12.3851561,47.4412216],[12.3851094,47.4412464],[12.3851037,47.4412486],[12.3850847,47.4412312]]]}},{"type":"Feature","id":"building-1168803201","properties":{"kind":"building","name":"Alpine building","height":7.2},"geometry":{"type":"Polygon","coordinates":[[[12.3909761,47.4382573],[12.3910274,47.4382934],[12.3910885,47.4382538],[12.3910373,47.4382177],[12.3909761,47.4382573]]]}},{"type":"Feature","id":"building-230234726","properties":{"kind":"building","name":"Alpine building","height":7.2},"geometry":{"type":"Polygon","coordinates":[[[12.3849788,47.4413631],[12.3849082,47.4413053],[12.3850106,47.441273],[12.385048,47.4413403],[12.3849788,47.4413631]]]}},{"type":"Feature","id":"building-229072871","properties":{"kind":"building","name":"Alpine building","height":7.2},"geometry":{"type":"Polygon","coordinates":[[[12.3915085,47.4380974],[12.3914335,47.4379929],[12.3913647,47.4380155],[12.3913547,47.4380015],[12.3913062,47.4380174],[12.3913171,47.4380326],[12.3912997,47.4380383],[12.3913107,47.4380536],[12.3913727,47.4381402],[12.3915085,47.4380974]]]}},{"type":"Feature","id":"building-194138520","properties":{"kind":"building","name":"Alpine building","height":7.2},"geometry":{"type":"Polygon","coordinates":[[[12.3940434,47.4356656],[12.3939722,47.4357292],[12.3938893,47.4356867],[12.3939605,47.4356231],[12.3940434,47.4356656]]]}},{"type":"Feature","id":"building-226299109","properties":{"kind":"building","name":"Alpine building","height":7.2},"geometry":{"type":"Polygon","coordinates":[[[12.3859574,47.4411104],[12.3860749,47.4409896],[12.3859203,47.4409208],[12.3858717,47.4409706],[12.3859009,47.4409836],[12.3858319,47.4410545],[12.3859574,47.4411104]]]}},{"type":"Feature","id":"building-229072866","properties":{"kind":"building","name":"Alpine building","height":7.2},"geometry":{"type":"Polygon","coordinates":[[[12.3913167,47.4381585],[12.3912548,47.4380719],[12.3913107,47.4380536],[12.3913727,47.4381402],[12.3913167,47.4381585]]]}},{"type":"Feature","id":"building-230234751","properties":{"kind":"building","name":"Alpine building","height":7.2},"geometry":{"type":"Polygon","coordinates":[[[12.3851094,47.4412464],[12.3851561,47.4412216],[12.3852578,47.4411675],[12.3853684,47.4412625],[12.3853223,47.441287],[12.3853409,47.4413031],[12.3852775,47.4413369],[12.3852595,47.4413214],[12.3852207,47.441342],[12.3851094,47.4412464]]]}},{"type":"Feature","id":"building-1168803200","properties":{"kind":"building","name":"Alpine building","height":7.2},"geometry":{"type":"Polygon","coordinates":[[[12.3910274,47.4382934],[12.3911106,47.4383521],[12.3911772,47.438309],[12.3910939,47.4382503],[12.3910885,47.4382538],[12.3910274,47.4382934]]]}},{"type":"Feature","id":"building-194138533","properties":{"kind":"building","name":"Alpine building","height":7.2},"geometry":{"type":"Polygon","coordinates":[[[12.3929816,47.436801],[12.3931782,47.4367181],[12.3931437,47.4366807],[12.3930913,47.4366239],[12.3930747,47.4366058],[12.3928781,47.4366887],[12.3929816,47.436801]]]}},{"type":"Feature","id":"building-194138517","properties":{"kind":"building","name":"Alpine building","height":7.2},"geometry":{"type":"Polygon","coordinates":[[[12.3931437,47.4366807],[12.3930913,47.4366239],[12.3931426,47.4366023],[12.393195,47.4366591],[12.3931437,47.4366807]]]}},{"type":"Feature","id":"building-194138543","properties":{"kind":"building","name":"Alpine building","height":7.2},"geometry":{"type":"Polygon","coordinates":[[[12.3933756,47.4364922],[12.3933676,47.4364828],[12.3933395,47.4364939],[12.3932996,47.4364473],[12.3933954,47.4364098],[12.3934433,47.4364656],[12.3933756,47.4364922]]]}},{"type":"Feature","id":"building-194138537","properties":{"kind":"building","name":"Alpine building","height":7.2},"geometry":{"type":"Polygon","coordinates":[[[12.3933387,47.4365327],[12.393314,47.4365039],[12.3933395,47.4364939],[12.3933676,47.4364828],[12.3933756,47.4364922],[12.3933923,47.4365117],[12.3933387,47.4365327]]]}},{"type":"Feature","id":"building-226299093","properties":{"kind":"building","name":"Alpine building","height":7.2},"geometry":{"type":"Polygon","coordinates":[[[12.3863137,47.4409229],[12.3864239,47.4407783],[12.3866012,47.4408408],[12.3864899,47.4409852],[12.3864539,47.4409727],[12.3863137,47.4409229]]]}},{"type":"Feature","id":"building-194138527","properties":{"kind":"building","name":"Alpine building","height":7.2},"geometry":{"type":"Polygon","coordinates":[[[12.3934067,47.436612],[12.3933387,47.4365327],[12.393314,47.4365039],[12.3931791,47.4365568],[12.3932718,47.4366649],[12.3934067,47.436612]]]}},{"type":"Feature","id":"building-229072870","properties":{"kind":"building","name":"Alpine building","height":7.2},"geometry":{"type":"Polygon","coordinates":[[[12.391681,47.438039],[12.3916421,47.4379884],[12.3915986,47.4379269],[12.3917409,47.4378797],[12.3918207,47.4379899],[12.391681,47.438039]]]}},{"type":"Feature","id":"building-229072867","properties":{"kind":"building","name":"Alpine building","height":7.2},"geometry":{"type":"Polygon","coordinates":[[[12.3916246,47.4380589],[12.3915857,47.4380083],[12.3916421,47.4379884],[12.391681,47.438039],[12.3916246,47.4380589]]]}},{"type":"Feature","id":"building-226299096","properties":{"kind":"building","name":"Alpine building","height":7.2},"geometry":{"type":"Polygon","coordinates":[[[12.3862293,47.4410315],[12.3863137,47.4409229],[12.3864539,47.4409727],[12.3863695,47.4410813],[12.3862293,47.4410315]]]}},{"type":"Feature","id":"building-329653245","properties":{"kind":"building","name":"Alpine building","height":7.2},"geometry":{"type":"Polygon","coordinates":[[[12.3906686,47.4387045],[12.3907746,47.4386443],[12.3908658,47.4387179],[12.3907598,47.438778],[12.3906686,47.4387045]]]}},{"type":"Feature","id":"building-194138540","properties":{"kind":"building","name":"Alpine building","height":7.2},"geometry":{"type":"Polygon","coordinates":[[[12.3937701,47.4363296],[12.3937027,47.4362795],[12.3936442,47.4363185],[12.3936514,47.4363254],[12.3936239,47.4363415],[12.3936037,47.4363229],[12.3934831,47.4363816],[12.3934968,47.4363923],[12.3934412,47.4364172],[12.3935048,47.4364773],[12.3935525,47.4364529],[12.3935705,47.436467],[12.3936897,47.4364104],[12.3936651,47.436383],[12.3937019,47.436364],[12.3937084,47.4363703],[12.3937701,47.4363296]]]}},{"type":"Feature","id":"building-229072869","properties":{"kind":"building","name":"Alpine building","height":7.2},"geometry":{"type":"Polygon","coordinates":[[[12.3919728,47.43793],[12.3919464,47.4378902],[12.3919024,47.4378272],[12.3920685,47.4377747],[12.3921396,47.4378777],[12.3920261,47.4379139],[12.3919728,47.43793]]]}},{"type":"Feature","id":"building-727320114","properties":{"kind":"building","name":"Alpine building","height":7.2},"geometry":{"type":"Polygon","coordinates":[[[12.3937298,47.4362638],[12.3937712,47.4362338],[12.3938438,47.4362795],[12.3938023,47.4363096],[12.3937298,47.4362638]]]}},{"type":"Feature","id":"building-229072868","properties":{"kind":"building","name":"Alpine building","height":7.2},"geometry":{"type":"Polygon","coordinates":[[[12.3919352,47.4379652],[12.3918957,47.4379055],[12.3919464,47.4378902],[12.3919728,47.43793],[12.3920261,47.4379139],[12.3920392,47.4379337],[12.3919352,47.4379652]]]}},{"type":"Feature","id":"building-230237566","properties":{"kind":"building","name":"Alpine building","height":7.2},"geometry":{"type":"Polygon","coordinates":[[[12.3861967,47.441159],[12.3861599,47.4411857],[12.3861317,47.4411727],[12.3861721,47.4411433],[12.3861967,47.441159]]]}},{"type":"Feature","id":"building-194138530","properties":{"kind":"building","name":"Alpine building","height":7.2},"geometry":{"type":"Polygon","coordinates":[[[12.3939616,47.4360162],[12.3941134,47.4360653],[12.3941533,47.4360088],[12.3941617,47.435939],[12.3940462,47.4359],[12.3939616,47.4360162]]]}},{"type":"Feature","id":"building-226299103","properties":{"kind":"building","name":"Alpine building","height":7.2},"geometry":{"type":"Polygon","coordinates":[[[12.3860411,47.4412204],[12.3861025,47.4411593],[12.3861317,47.4411727],[12.3861599,47.4411857],[12.3860985,47.4412468],[12.3860411,47.4412204]]]}},{"type":"Feature","id":"building-727320115","properties":{"kind":"building","name":"Alpine building","height":7.2},"geometry":{"type":"Polygon","coordinates":[[[12.3937639,47.4363799],[12.3937899,47.4363566],[12.3938447,47.4363847],[12.3938187,47.436408],[12.3937639,47.4363799]]]}},{"type":"Feature","id":"building-194138507","properties":{"kind":"building","name":"Alpine building","height":7.2},"geometry":{"type":"Polygon","coordinates":[[[12.3939797,47.4363679],[12.3941293,47.4363048],[12.3940719,47.4362427],[12.3940918,47.4362343],[12.3940295,47.4361668],[12.3939961,47.4361809],[12.3939765,47.4361598],[12.3938482,47.4362139],[12.3938713,47.4362388],[12.3938363,47.4362536],[12.3938914,47.4363134],[12.3939188,47.4363018],[12.3939797,47.4363679]]]}},{"type":"Feature","id":"building-173811605","properties":{"kind":"building","name":"Alpine building","height":7.2},"geometry":{"type":"Polygon","coordinates":[[[12.3902029,47.439392],[12.3900594,47.4393134],[12.3901692,47.4392216],[12.3903127,47.4393002],[12.3902029,47.439392]]]}},{"type":"Feature","id":"building-226299099","properties":{"kind":"building","name":"Alpine building","height":7.2},"geometry":{"type":"Polygon","coordinates":[[[12.3863023,47.4412519],[12.3862831,47.4411965],[12.3863898,47.4411795],[12.3864091,47.4412349],[12.3863023,47.4412519]]]}},{"type":"Feature","id":"building-173811610","properties":{"kind":"building","name":"Alpine building","height":7.2},"geometry":{"type":"Polygon","coordinates":[[[12.3905373,47.4392997],[12.390472,47.4392192],[12.3904907,47.4392122],[12.3904461,47.4391573],[12.3903238,47.4392027],[12.3902526,47.439115],[12.3903629,47.439074],[12.3903492,47.4390572],[12.3904921,47.4390041],[12.3906456,47.4391932],[12.3906398,47.4391954],[12.3906811,47.4392463],[12.3905373,47.4392997]]]}},{"type":"Feature","id":"building-173811616","properties":{"kind":"building","name":"Alpine building","height":7.2},"geometry":{"type":"Polygon","coordinates":[[[12.3908119,47.4391941],[12.3906604,47.4389975],[12.3906475,47.4390021],[12.3905771,47.4389108],[12.3908042,47.4388307],[12.3908731,47.4389199],[12.3908167,47.4389398],[12.3909698,47.4391384],[12.3908119,47.4391941]]]}},{"type":"Feature","id":"building-228972275","properties":{"kind":"building","name":"Alpine building","height":7.2},"geometry":{"type":"Polygon","coordinates":[[[12.3788991,47.4430723],[12.3789808,47.4430176],[12.3790602,47.4430717],[12.3789901,47.4431187],[12.3790062,47.4431296],[12.3789949,47.4431367],[12.3789159,47.4430847],[12.3788991,47.4430723]]]}},{"type":"Feature","id":"building-228972272","properties":{"kind":"building","name":"Alpine building","height":7.2},"geometry":{"type":"Polygon","coordinates":[[[12.3789191,47.4431893],[12.3789949,47.4431367],[12.3789159,47.4430847],[12.3788402,47.4431372],[12.3789191,47.4431893]]]}},{"type":"Feature","id":"building-226299113","properties":{"kind":"building","name":"Alpine building","height":7.2},"geometry":{"type":"Polygon","coordinates":[[[12.3859918,47.4413837],[12.3862029,47.4412755],[12.3862708,47.4413275],[12.3862263,47.4413521],[12.3862242,47.4413845],[12.3861992,47.4414227],[12.3861036,47.4414658],[12.3860895,47.4414722],[12.3860677,47.4414525],[12.3859918,47.4413837]]]}},{"type":"Feature","id":"building-228968726","properties":{"kind":"building","name":"Alpine building","height":7.2},"geometry":{"type":"Polygon","coordinates":[[[12.3671111,47.4134569],[12.367151,47.4135481],[12.3671542,47.4135729],[12.3671467,47.4135992],[12.3671327,47.4136211],[12.3671111,47.4136452],[12.3670842,47.4136627],[12.3670259,47.413686],[12.3669977,47.4136308],[12.3669692,47.4135745],[12.36693,47.4134978],[12.3670477,47.4134712],[12.3671111,47.4134569]]]}},{"type":"Feature","id":"building-312103003","properties":{"kind":"building","name":"Alpine building","height":7.2},"geometry":{"type":"Polygon","coordinates":[[[12.3669037,47.4136525],[12.3668753,47.4135962],[12.3669692,47.4135745],[12.3669977,47.4136308],[12.3669037,47.4136525]]]}},{"type":"Feature","id":"building-229008651","properties":{"kind":"building","name":"Alpine building","height":7.2},"geometry":{"type":"Polygon","coordinates":[[[12.3917368,47.4383956],[12.3917605,47.4384218],[12.3918472,47.4383859],[12.3918234,47.4383597],[12.3917368,47.4383956]]]}},{"type":"Feature","id":"building-194141979","properties":{"kind":"building","name":"Alpine building","height":7.2},"geometry":{"type":"Polygon","coordinates":[[[12.3913239,47.4387354],[12.3912491,47.4386311],[12.3913942,47.4385835],[12.3914398,47.4386471],[12.3914837,47.4386327],[12.3915335,47.4387022],[12.3914341,47.4387348],[12.3914135,47.4387061],[12.3913239,47.4387354]]]}},{"type":"Feature","id":"building-316221949","properties":{"kind":"building","name":"Alpine building","height":7.2},"geometry":{"type":"Polygon","coordinates":[[[12.382192,47.4426349],[12.3821754,47.4425916],[12.3822488,47.4425788],[12.3822654,47.442622],[12.382192,47.4426349]]]}},{"type":"Feature","id":"building-230233924","properties":{"kind":"building","name":"Alpine building","height":7.2},"geometry":{"type":"Polygon","coordinates":[[[12.3860605,47.4415224],[12.3860163,47.4414773],[12.3860677,47.4414525],[12.3860895,47.4414722],[12.3861036,47.4414658],[12.3861272,47.4414891],[12.3860605,47.4415224]]]}},{"type":"Feature","id":"building-229009746","properties":{"kind":"building","name":"Alpine building","height":7.2},"geometry":{"type":"Polygon","coordinates":[[[12.3901601,47.4395312],[12.3901948,47.4394495],[12.3902893,47.4394679],[12.3902545,47.4395496],[12.3901601,47.4395312]]]}},{"type":"Feature","id":"building-228968727","properties":{"kind":"building","name":"Alpine building","height":7.2},"geometry":{"type":"Polygon","coordinates":[[[12.367437,47.4134967],[12.3674385,47.4133479],[12.3675377,47.4133483],[12.3675362,47.4134972],[12.367437,47.4134967]]]}},{"type":"Feature","id":"building-228961281","properties":{"kind":"building","name":"Alpine building","height":7.2},"geometry":{"type":"Polygon","coordinates":[[[12.3577264,47.4175567],[12.3577367,47.4176217],[12.3579847,47.417603],[12.3579983,47.4177038],[12.3579499,47.4177065],[12.3579646,47.4177842],[12.3579997,47.4179692],[12.357948,47.4180325],[12.3579143,47.4180183],[12.3577948,47.418192],[12.3575356,47.4181112],[12.3575166,47.4180581],[12.3576308,47.4179037],[12.3576101,47.4177835],[12.3575998,47.4177848],[12.3575751,47.4176015],[12.3576224,47.4175642],[12.3577264,47.4175567]]]}},{"type":"Feature","id":"building-316221950","properties":{"kind":"building","name":"Alpine building","height":7.2},"geometry":{"type":"Polygon","coordinates":[[[12.3847334,47.4419949],[12.3847788,47.4419479],[12.3848471,47.4419781],[12.3848017,47.4420251],[12.3847334,47.4419949]]]}},{"type":"Feature","id":"building-318857368","properties":{"kind":"building","name":"Alpine building","height":7.2},"geometry":{"type":"Polygon","coordinates":[[[12.3771959,47.4434268],[12.3772254,47.4433802],[12.3772932,47.4433998],[12.3772637,47.4434464],[12.3771959,47.4434268]]]}},{"type":"Feature","id":"building-173811634","properties":{"kind":"building","name":"Alpine building","height":7.2},"geometry":{"type":"Polygon","coordinates":[[[12.3902124,47.4397124],[12.3900127,47.4396947],[12.3900406,47.4395514],[12.3902402,47.4395692],[12.3902124,47.4397124]]]}},{"type":"Feature","id":"building-228968733","properties":{"kind":"building","name":"Ehrenbachgraben","height":7.2},"geometry":{"type":"Polygon","coordinates":[[[12.3669858,47.4133439],[12.366713,47.4133984],[12.36682,47.4136094],[12.3668753,47.4135962],[12.3669692,47.4135745],[12.36693,47.4134978],[12.3670477,47.4134712],[12.3669858,47.4133439]]]}},{"type":"Feature","id":"building-229008653","properties":{"kind":"building","name":"Alpine building","height":7.2},"geometry":{"type":"Polygon","coordinates":[[[12.3917742,47.4385375],[12.3918636,47.4384827],[12.3919167,47.4385224],[12.3918274,47.4385771],[12.3917742,47.4385375]]]}},{"type":"Feature","id":"building-194141895","properties":{"kind":"building","name":"Alpine building","height":7.2},"geometry":{"type":"Polygon","coordinates":[[[12.3922889,47.4383847],[12.3920384,47.4384916],[12.3919378,47.4383839],[12.3921883,47.4382769],[12.3922889,47.4383847]]]}},{"type":"Feature","id":"building-173815720","properties":{"kind":"building","name":"Alpine building","height":7.2},"geometry":{"type":"Polygon","coordinates":[[[12.3904428,47.439467],[12.3904579,47.4394288],[12.3906093,47.4394562],[12.3905941,47.4394944],[12.390568,47.4394897],[12.3904428,47.439467]]]}},{"type":"Feature","id":"building-228961290","properties":{"kind":"building","name":"Alpine building","height":7.2},"geometry":{"type":"Polygon","coordinates":[[[12.3577264,47.4175567],[12.3580109,47.4175362],[12.3580211,47.4176012],[12.3579847,47.417603],[12.3577367,47.4176217],[12.3577264,47.4175567]]]}},{"type":"Feature","id":"building-230233915","properties":{"kind":"building","name":"Alpine building","height":7.2},"geometry":{"type":"Polygon","coordinates":[[[12.3865497,47.441292],[12.386435,47.4413947],[12.3865473,47.441449],[12.3864912,47.4415021],[12.3866416,47.4415787],[12.3867816,47.4415017],[12.3868142,47.4414822],[12.3867975,47.441466],[12.3867381,47.4414994],[12.3865026,47.4413866],[12.3865794,47.4413058],[12.3865497,47.441292]]]}},{"type":"Feature","id":"building-230233925","properties":{"kind":"building","name":"Alpine building","height":7.2},"geometry":{"type":"Polygon","coordinates":[[[12.386435,47.4413947],[12.3865473,47.441449],[12.3864912,47.4415021],[12.3864085,47.4415802],[12.3864035,47.4415778],[12.3863845,47.4415957],[12.386375,47.4415911],[12.3862772,47.4415438],[12.386435,47.4413947]]]}},{"type":"Feature","id":"building-229008663","properties":{"kind":"building","name":"Alpine building","height":7.2},"geometry":{"type":"Polygon","coordinates":[[[12.3915442,47.4387717],[12.3916842,47.4387189],[12.3917343,47.4387797],[12.3915942,47.4388325],[12.3915442,47.4387717]]]}},{"type":"Feature","id":"building-194141863","properties":{"kind":"building","name":"Alpine building","height":7.2},"geometry":{"type":"Polygon","coordinates":[[[12.3920282,47.4386096],[12.3918796,47.4386311],[12.3918533,47.438596],[12.3920136,47.4385717],[12.3920282,47.4386096]]]}},{"type":"Feature","id":"building-228968728","properties":{"kind":"building","name":"Alpine building","height":7.2},"geometry":{"type":"Polygon","coordinates":[[[12.3675328,47.4133399],[12.367535,47.4131169],[12.3673653,47.4131161],[12.3673651,47.4132195],[12.3673653,47.4133127],[12.3673651,47.4133391],[12.3675328,47.4133399]]]}},{"type":"Feature","id":"building-322916184","properties":{"kind":"building","name":"Alpine building","height":7.2},"geometry":{"type":"Polygon","coordinates":[[[12.3672669,47.4133102],[12.3672677,47.4132184],[12.3673651,47.4132195],[12.3673653,47.4133127],[12.3672669,47.4133102]]]}},{"type":"Feature","id":"building-173811596","properties":{"kind":"building","name":"Alpine building","height":7.2},"geometry":{"type":"Polygon","coordinates":[[[12.390742,47.4395083],[12.3907196,47.4394816],[12.3906788,47.4394973],[12.3906237,47.4394317],[12.39085,47.4393447],[12.3909275,47.439437],[12.390742,47.4395083]]]}},{"type":"Feature","id":"building-531671208","properties":{"kind":"building","name":"Alpine building","height":7.2},"geometry":{"type":"Polygon","coordinates":[[[12.3863474,47.4416203],[12.3864426,47.4416747],[12.3865513,47.4416283],[12.3866416,47.4415787],[12.3864912,47.4415021],[12.3864085,47.4415802],[12.3864035,47.4415778],[12.3863845,47.4415957],[12.386375,47.4415911],[12.3863474,47.4416203]]]}},{"type":"Feature","id":"building-194141852","properties":{"kind":"building","name":"Alpine building","height":7.2},"geometry":{"type":"Polygon","coordinates":[[[12.3917814,47.4388369],[12.3917343,47.4387797],[12.3915942,47.4388325],[12.3916413,47.4388897],[12.3917814,47.4388369]]]}},{"type":"Feature","id":"building-173815708","properties":{"kind":"building","name":"Alpine building","height":7.2},"geometry":{"type":"Polygon","coordinates":[[[12.3901911,47.4398051],[12.3902046,47.4397504],[12.3902983,47.4397571],[12.3902838,47.4398278],[12.3901911,47.4398051]]]}},{"type":"Feature","id":"building-173815707","properties":{"kind":"building","name":"Alpine building","height":7.2},"geometry":{"type":"Polygon","coordinates":[[[12.3905389,47.4396046],[12.3905613,47.4395411],[12.3906523,47.4395557],[12.39063,47.4396192],[12.3905389,47.4396046]]]}},{"type":"Feature","id":"building-194141917","properties":{"kind":"building","name":"Alpine building","height":7.2},"geometry":{"type":"Polygon","coordinates":[[[12.3927831,47.4380015],[12.3928928,47.4381235],[12.3927963,47.4381646],[12.3927341,47.4381918],[12.392618,47.4380713],[12.3927831,47.4380015]]]}},{"type":"Feature","id":"building-230233923","properties":{"kind":"building","name":"Alpine building","height":7.2},"geometry":{"type":"Polygon","coordinates":[[[12.386964,47.4415134],[12.386879,47.4414434],[12.3868142,47.4414822],[12.3867816,47.4415017],[12.386868,47.4415653],[12.386964,47.4415134]]]}},{"type":"Feature","id":"building-173811604","properties":{"kind":"building","name":"Alpine building","height":7.2},"geometry":{"type":"Polygon","coordinates":[[[12.3910774,47.4393605],[12.3910283,47.4392973],[12.3911779,47.4392441],[12.391227,47.4393073],[12.3910774,47.4393605]]]}},{"type":"Feature","id":"building-1168803199","properties":{"kind":"building","name":"Alpine building","height":7.2},"geometry":{"type":"Polygon","coordinates":[[[12.3915263,47.4390661],[12.3914959,47.4390287],[12.3915851,47.4389955],[12.3916155,47.439033],[12.3915263,47.4390661]]]}},{"type":"Feature","id":"building-307511696","properties":{"kind":"building","name":"Alpine building","height":7.2},"geometry":{"type":"Polygon","coordinates":[[[12.3978561,47.4308845],[12.3978035,47.4308406],[12.3978629,47.430808],[12.3979155,47.4308518],[12.3978561,47.4308845]]]}},{"type":"Feature","id":"building-173811593","properties":{"kind":"building","name":"Alpine building","height":7.2},"geometry":{"type":"Polygon","coordinates":[[[12.3906469,47.439771],[12.390484,47.4397412],[12.3905389,47.4396046],[12.39063,47.4396192],[12.3907018,47.4396333],[12.3906469,47.439771]]]}},{"type":"Feature","id":"building-194141848","properties":{"kind":"building","name":"Alpine building","height":7.2},"geometry":{"type":"Polygon","coordinates":[[[12.3919838,47.4388171],[12.3919129,47.4387206],[12.3919228,47.4387142],[12.3918892,47.4386859],[12.3919373,47.4386583],[12.3919503,47.4386719],[12.3919636,47.4386686],[12.392008,47.4387048],[12.3920327,47.438696],[12.3920772,47.4387582],[12.3920983,47.4387508],[12.3921208,47.4387754],[12.3920682,47.4387902],[12.3920761,47.4388009],[12.3920319,47.4388174],[12.3920223,47.4388041],[12.3919838,47.4388171]]]}},{"type":"Feature","id":"building-173811606","properties":{"kind":"building","name":"Alpine building","height":7.2},"geometry":{"type":"Polygon","coordinates":[[[12.3913817,47.4392658],[12.3912888,47.4391447],[12.3914254,47.4390968],[12.3914382,47.4391135],[12.3914793,47.4390991],[12.3915594,47.4392034],[12.3913817,47.4392658]]]}},{"type":"Feature","id":"building-226299098","properties":{"kind":"building","name":"Alpine building","height":7.2},"geometry":{"type":"Polygon","coordinates":[[[12.3866261,47.4416972],[12.3867386,47.4416429],[12.3867566,47.4416493],[12.3868067,47.4416013],[12.386868,47.4415653],[12.3867816,47.4415017],[12.3866416,47.4415787],[12.3865513,47.4416283],[12.3866261,47.4416972]]]}},{"type":"Feature","id":"building-173811636","properties":{"kind":"building","name":"Alpine building","height":7.2},"geometry":{"type":"Polygon","coordinates":[[[12.3900248,47.4400535],[12.3900125,47.4399327],[12.3902155,47.4399233],[12.3902278,47.440044],[12.3900248,47.4400535]]]}},{"type":"Feature","id":"building-194141972","properties":{"kind":"building","name":"Alpine building","height":7.2},"geometry":{"type":"Polygon","coordinates":[[[12.3927963,47.4381646],[12.3927341,47.4381918],[12.3927418,47.4382],[12.3927035,47.4382154],[12.3927257,47.4382472],[12.3928229,47.4382189],[12.3928331,47.4382147],[12.3927963,47.4381646]]]}},{"type":"Feature","id":"building-231144910","properties":{"kind":"building","name":"Alpine building","height":7.2},"geometry":{"type":"Polygon","coordinates":[[[12.3882828,47.4410032],[12.3883874,47.4408589],[12.3884448,47.4408779],[12.3883402,47.4410222],[12.3882828,47.4410032]]]}},{"type":"Feature","id":"building-229008667","properties":{"kind":"building","name":"Alpine building","height":7.2},"geometry":{"type":"Polygon","coordinates":[[[12.3922261,47.4387109],[12.3921526,47.4386245],[12.3922196,47.4385984],[12.3922155,47.4385935],[12.3922753,47.4385702],[12.3922784,47.4385739],[12.3923199,47.4385577],[12.3923388,47.4385788],[12.392394,47.4386456],[12.3923573,47.4386595],[12.3922261,47.4387109]]]}},{"type":"Feature","id":"building-194141906","properties":{"kind":"building","name":"Alpine building","height":7.2},"geometry":{"type":"Polygon","coordinates":[[[12.3929272,47.4381585],[12.3929153,47.4381146],[12.3929593,47.4381092],[12.3929712,47.4381531],[12.3929272,47.4381585]]]}},{"type":"Feature","id":"building-194141925","properties":{"kind":"building","name":"Alpine building","height":7.2},"geometry":{"type":"Polygon","coordinates":[[[12.3928229,47.4382189],[12.3927257,47.4382472],[12.3927656,47.4382946],[12.3928576,47.4382664],[12.3928502,47.4382541],[12.3928229,47.4382189]]]}},{"type":"Feature","id":"building-304435613","properties":{"kind":"building","name":"Alpine building","height":7.2},"geometry":{"type":"Polygon","coordinates":[[[12.3690231,47.4433649],[12.3690202,47.4432582],[12.3691347,47.4432568],[12.3691377,47.4433634],[12.3690231,47.4433649]]]}},{"type":"Feature","id":"building-194141958","properties":{"kind":"building","name":"Alpine building","height":7.2},"geometry":{"type":"Polygon","coordinates":[[[12.3919332,47.4390409],[12.3917515,47.4391062],[12.3916798,47.439015],[12.3918615,47.4389496],[12.3919332,47.4390409]]]}},{"type":"Feature","id":"building-229008660","properties":{"kind":"building","name":"Alpine building","height":7.2},"geometry":{"type":"Polygon","coordinates":[[[12.3923981,47.4385564],[12.3923388,47.4385788],[12.392394,47.4386456],[12.3923573,47.4386595],[12.3923729,47.4386784],[12.3924689,47.4386421],[12.3923981,47.4385564]]]}},{"type":"Feature","id":"building-205316192","properties":{"kind":"building","name":"Alpine building","height":7.2},"geometry":{"type":"Polygon","coordinates":[[[12.3911461,47.4395901],[12.3913056,47.4395296],[12.3912109,47.4394155],[12.3910027,47.4394945],[12.3910688,47.4395741],[12.3911175,47.4395556],[12.3911461,47.4395901]]]}},{"type":"Feature","id":"building-194141892","properties":{"kind":"building","name":"Alpine building","height":7.2},"geometry":{"type":"Polygon","coordinates":[[[12.3927097,47.4385732],[12.3925836,47.4386182],[12.3925363,47.4386342],[12.3924654,47.4385432],[12.392639,47.4384818],[12.3927097,47.4385732]]]}},{"type":"Feature","id":"building-231144911","properties":{"kind":"building","name":"Alpine building","height":7.2},"geometry":{"type":"Polygon","coordinates":[[[12.3879725,47.4412974],[12.3880283,47.4412065],[12.3880955,47.4412254],[12.3880398,47.4413163],[12.3879725,47.4412974]]]}},{"type":"Feature","id":"building-222631025","properties":{"kind":"building","name":"Alpine building","height":7.2},"geometry":{"type":"Polygon","coordinates":[[[12.3856668,47.4137333],[12.3852971,47.4135464],[12.3851825,47.4136502],[12.3855523,47.4138371],[12.3856668,47.4137333]]]}},{"type":"Feature","id":"building-194141903","properties":{"kind":"building","name":"Alpine building","height":7.2},"geometry":{"type":"Polygon","coordinates":[[[12.3921809,47.4388793],[12.3922556,47.4389679],[12.3921347,47.4390145],[12.39206,47.438926],[12.3921809,47.4388793]]]}},{"type":"Feature","id":"building-229008654","properties":{"kind":"building","name":"Alpine building","height":7.2},"geometry":{"type":"Polygon","coordinates":[[[12.3926104,47.4386544],[12.3925836,47.4386182],[12.3925363,47.4386342],[12.3925631,47.4386704],[12.3926104,47.4386544]]]}},{"type":"Feature","id":"building-194141964","properties":{"kind":"building","name":"Alpine building","height":7.2},"geometry":{"type":"Polygon","coordinates":[[[12.3931041,47.4383861],[12.3929955,47.4382098],[12.3928502,47.4382541],[12.3928576,47.4382664],[12.3929619,47.4384274],[12.393024,47.4384094],[12.3930646,47.4383976],[12.3931041,47.4383861]]]}},{"type":"Feature","id":"building-205316191","properties":{"kind":"building","name":"Alpine building","height":7.2},"geometry":{"type":"Polygon","coordinates":[[[12.3913627,47.4394148],[12.3914157,47.4395093],[12.391473,47.4394948],[12.391466,47.4394797],[12.3915488,47.4394584],[12.3915041,47.4393786],[12.3913627,47.4394148]]]}},{"type":"Feature","id":"building-231144928","properties":{"kind":"building","name":"Alpine building","height":7.2},"geometry":{"type":"Polygon","coordinates":[[[12.3880916,47.4413254],[12.3881476,47.4412272],[12.3882699,47.4412591],[12.3882139,47.4413573],[12.3880916,47.4413254]]]}},{"type":"Feature","id":"building-194141899","properties":{"kind":"building","name":"Alpine building","height":7.2},"geometry":{"type":"Polygon","coordinates":[[[12.392096,47.4391275],[12.3920584,47.4390648],[12.3919972,47.4390816],[12.3920348,47.4391443],[12.392096,47.4391275]]]}},{"type":"Feature","id":"building-229009750","properties":{"kind":"building","name":"Alpine building","height":7.2},"geometry":{"type":"Polygon","coordinates":[[[12.3913906,47.4395156],[12.3914157,47.4395093],[12.391473,47.4394948],[12.3914908,47.4395271],[12.3914084,47.4395479],[12.3913906,47.4395156]]]}},{"type":"Feature","id":"building-173811633","properties":{"kind":"building","name":"Alpine building","height":7.2},"geometry":{"type":"Polygon","coordinates":[[[12.3905545,47.440181],[12.3903776,47.4401503],[12.3904188,47.4400418],[12.3905957,47.4400724],[12.3905545,47.440181]]]}},{"type":"Feature","id":"building-222631026","properties":{"kind":"building","name":"Alpine building","height":7.2},"geometry":{"type":"Polygon","coordinates":[[[12.3851426,47.413491],[12.3850256,47.413358],[12.3847955,47.4134506],[12.384889,47.4135569],[12.3850596,47.4134882],[12.3850831,47.4135149],[12.3851426,47.413491]]]}},{"type":"Feature","id":"building-231144929","properties":{"kind":"building","name":"Alpine building","height":7.2},"geometry":{"type":"Polygon","coordinates":[[[12.3887037,47.4409337],[12.3888565,47.4409839],[12.3886521,47.4412683],[12.3884992,47.4412181],[12.3887037,47.4409337]]]}},{"type":"Feature","id":"building-447695428","properties":{"kind":"building","name":"Alpine building","height":7.2},"geometry":{"type":"Polygon","coordinates":[[[12.3930348,47.4384369],[12.393024,47.4384094],[12.3930646,47.4383976],[12.393075,47.4384329],[12.3930348,47.4384369]]]}},{"type":"Feature","id":"building-304434705","properties":{"kind":"building","name":"Alpine building","height":7.2},"geometry":{"type":"Polygon","coordinates":[[[12.3646215,47.4424864],[12.3645806,47.4424506],[12.3645692,47.4424402],[12.3646383,47.4424046],[12.3646918,47.442452],[12.3646215,47.4424864]]]}},{"type":"Feature","id":"building-194141993","properties":{"kind":"building","name":"Alpine building","height":7.2},"geometry":{"type":"Polygon","coordinates":[[[12.3924451,47.4387963],[12.3924913,47.4388537],[12.392555,47.4388302],[12.392622,47.4389134],[12.3924959,47.4389598],[12.3924777,47.4389372],[12.3924048,47.438964],[12.3923098,47.4388461],[12.3924451,47.4387963]]]}},{"type":"Feature","id":"building-194141890","properties":{"kind":"building","name":"Alpine building","height":7.2},"geometry":{"type":"Polygon","coordinates":[[[12.392094,47.4392674],[12.3920131,47.4391692],[12.3919029,47.4392107],[12.3919838,47.4393089],[12.392094,47.4392674]]]}},{"type":"Feature","id":"building-447695432","properties":{"kind":"building","name":"Alpine building","height":7.2},"geometry":{"type":"Polygon","coordinates":[[[12.3928156,47.438682],[12.39277,47.4386198],[12.3928386,47.4385968],[12.3928841,47.4386591],[12.3928156,47.438682]]]}},{"type":"Feature","id":"building-307511694","properties":{"kind":"building","name":"Alpine building","height":7.2},"geometry":{"type":"Polygon","coordinates":[[[12.3985555,47.4302735],[12.3985214,47.4302347],[12.3985735,47.4302138],[12.3986076,47.4302526],[12.3985555,47.4302735]]]}},{"type":"Feature","id":"building-194141861","properties":{"kind":"building","name":"Alpine building","height":7.2},"geometry":{"type":"Polygon","coordinates":[[[12.3923575,47.4390819],[12.3922303,47.439129],[12.392187,47.4390755],[12.3923142,47.4390284],[12.3923575,47.4390819]]]}},{"type":"Feature","id":"building-304434693","properties":{"kind":"building","name":"Alpine building","height":7.2},"geometry":{"type":"Polygon","coordinates":[[[12.3642876,47.4424063],[12.364282,47.4423694],[12.3643266,47.4423663],[12.3643322,47.4424033],[12.3642876,47.4424063]]]}},{"type":"Feature","id":"building-304434695","properties":{"kind":"building","name":"Alpine building","height":7.2},"geometry":{"type":"Polygon","coordinates":[[[12.3645357,47.442474],[12.3645806,47.4424506],[12.3646215,47.4424864],[12.3645766,47.4425098],[12.3645357,47.442474]]]}},{"type":"Feature","id":"building-231144920","properties":{"kind":"building","name":"Alpine building","height":7.2},"geometry":{"type":"Polygon","coordinates":[[[12.3879435,47.4416027],[12.3877784,47.4414553],[12.387883,47.4414044],[12.3879861,47.4415151],[12.3880312,47.4415007],[12.3880562,47.4415376],[12.3880117,47.4415481],[12.388028,47.4415675],[12.3879435,47.4416027]]]}},{"type":"Feature","id":"building-231144927","properties":{"kind":"building","name":"Alpine building","height":7.2},"geometry":{"type":"Polygon","coordinates":[[[12.3889988,47.4410156],[12.3891024,47.4409273],[12.389213,47.4409867],[12.3891095,47.441075],[12.3889988,47.4410156]]]}},{"type":"Feature","id":"building-231144909","properties":{"kind":"building","name":"Alpine building","height":7.2},"geometry":{"type":"Polygon","coordinates":[[[12.3888982,47.4411085],[12.3889425,47.4410553],[12.3889943,47.441075],[12.38895,47.4411282],[12.3888982,47.4411085]]]}},{"type":"Feature","id":"building-231144931","properties":{"kind":"building","name":"Alpine building","height":7.2},"geometry":{"type":"Polygon","coordinates":[[[12.3880956,47.4415958],[12.3880562,47.4415376],[12.3880312,47.4415007],[12.3880031,47.4414593],[12.388117,47.441424],[12.388149,47.4414713],[12.3881855,47.44146],[12.3882459,47.4415492],[12.3880956,47.4415958]]]}},{"type":"Feature","id":"building-229009753","properties":{"kind":"building","name":"Alpine building","height":7.2},"geometry":{"type":"Polygon","coordinates":[[[12.3918664,47.4394884],[12.3918389,47.4394506],[12.3917313,47.4394848],[12.3917402,47.4394951],[12.3917662,47.4394871],[12.3917858,47.4395001],[12.3918266,47.4395017],[12.3918664,47.4394884]]]}},{"type":"Feature","id":"building-343527604","properties":{"kind":"building","name":"Alpine building","height":7.2},"geometry":{"type":"Polygon","coordinates":[[[12.3906515,47.4402062],[12.3906935,47.4401007],[12.3908297,47.4401255],[12.3907877,47.440231],[12.3906515,47.4402062]]]}},{"type":"Feature","id":"building-194141856","properties":{"kind":"building","name":"Alpine building","height":7.2},"geometry":{"type":"Polygon","coordinates":[[[12.392819,47.4387026],[12.392653,47.4387629],[12.3927294,47.4388591],[12.3928617,47.438811],[12.3928554,47.438803],[12.392889,47.4387908],[12.392819,47.4387026]]]}},{"type":"Feature","id":"building-229009751","properties":{"kind":"building","name":"Alpine building","height":7.2},"geometry":{"type":"Polygon","coordinates":[[[12.3918757,47.4394446],[12.3919548,47.439417],[12.3919838,47.4394552],[12.3919273,47.4394741],[12.3918964,47.4394715],[12.3918757,47.4394446]]]}},{"type":"Feature","id":"building-173811631","properties":{"kind":"building","name":"Alpine building","height":7.2},"geometry":{"type":"Polygon","coordinates":[[[12.3913637,47.4400006],[12.3911599,47.4399644],[12.3912105,47.4398341],[12.3913167,47.439853],[12.3913393,47.4397947],[12.391228,47.4397749],[12.391247,47.4397259],[12.3914716,47.4397657],[12.3914239,47.4398889],[12.3914072,47.4398859],[12.3913817,47.4399525],[12.3913637,47.4400006]]]}},{"type":"Feature","id":"building-194141873","properties":{"kind":"building","name":"Alpine building","height":7.2},"geometry":{"type":"Polygon","coordinates":[[[12.3924517,47.4392239],[12.392379,47.4391449],[12.3922686,47.4391913],[12.3923413,47.4392704],[12.3924517,47.4392239]]]}},{"type":"Feature","id":"building-226299104","properties":{"kind":"building","name":"Alpine building","height":7.2},"geometry":{"type":"Polygon","coordinates":[[[12.38721,47.4419383],[12.3872832,47.4418863],[12.3873973,47.4419598],[12.3873274,47.4420123],[12.387216,47.4419436],[12.38721,47.4419383]]]}},{"type":"Feature","id":"building-194141922","properties":{"kind":"building","name":"Alpine building","height":7.2},"geometry":{"type":"Polygon","coordinates":[[[12.3926572,47.4390812],[12.392625,47.43903],[12.3926114,47.4390076],[12.3926436,47.438993],[12.3927149,47.4390313],[12.3926572,47.4390812]]]}},{"type":"Feature","id":"building-173811628","properties":{"kind":"building","name":"Alpine building","height":7.2},"geometry":{"type":"Polygon","coordinates":[[[12.3909059,47.4402525],[12.3907877,47.440231],[12.3908297,47.4401255],[12.3909482,47.440147],[12.3909419,47.4401628],[12.3909766,47.4401691],[12.3909602,47.4402103],[12.3909252,47.4402039],[12.3909059,47.4402525]]]}},{"type":"Feature","id":"building-194141983","properties":{"kind":"building","name":"Alpine building","height":7.2},"geometry":{"type":"Polygon","coordinates":[[[12.3926908,47.4391377],[12.3926572,47.4390812],[12.392625,47.43903],[12.3924837,47.4390734],[12.3924936,47.4390869],[12.392482,47.4390905],[12.3925437,47.4391805],[12.3926176,47.4391602],[12.3926908,47.4391377]]]}},{"type":"Feature","id":"building-226299111","properties":{"kind":"building","name":"Alpine building","height":7.2},"geometry":{"type":"Polygon","coordinates":[[[12.387093,47.4420348],[12.387216,47.4419436],[12.3873274,47.4420123],[12.3872878,47.4420417],[12.3872752,47.4420339],[12.3871918,47.4420958],[12.387093,47.4420348]]]}},{"type":"Feature","id":"building-231144923","properties":{"kind":"building","name":"Alpine building","height":7.2},"geometry":{"type":"Polygon","coordinates":[[[12.3889061,47.4412725],[12.3889925,47.4411534],[12.3891646,47.4412125],[12.3890749,47.4413299],[12.3889061,47.4412725]]]}},{"type":"Feature","id":"building-231144916","properties":{"kind":"building","name":"Alpine building","height":7.2},"geometry":{"type":"Polygon","coordinates":[[[12.3880699,47.4417288],[12.3880162,47.4416758],[12.3880936,47.44164],[12.3881484,47.4416941],[12.3881193,47.4417077],[12.3880699,47.4417288]]]}},{"type":"Feature","id":"building-194141950","properties":{"kind":"building","name":"Alpine building","height":7.2},"geometry":{"type":"Polygon","coordinates":[[[12.3933581,47.4387574],[12.3933064,47.4386284],[12.3932643,47.4386361],[12.3932379,47.4385702],[12.3930858,47.4385981],[12.3931638,47.438793],[12.3933581,47.4387574]]]}},{"type":"Feature","id":"building-304434699","properties":{"kind":"building","name":"Alpine building","height":7.2},"geometry":{"type":"Polygon","coordinates":[[[12.3731023,47.4443557],[12.3731141,47.4441866],[12.3732831,47.4441919],[12.3732713,47.4443611],[12.3731023,47.4443557]]]}},{"type":"Feature","id":"building-229009748","properties":{"kind":"building","name":"Alpine building","height":7.2},"geometry":{"type":"Polygon","coordinates":[[[12.3913536,47.4400274],[12.3913637,47.4400006],[12.3913817,47.4399525],[12.3914344,47.4399616],[12.3914062,47.4400365],[12.3913536,47.4400274]]]}},{"type":"Feature","id":"building-231144915","properties":{"kind":"building","name":"Alpine building","height":7.2},"geometry":{"type":"Polygon","coordinates":[[[12.3881,47.4417754],[12.3880604,47.4417328],[12.3880699,47.4417288],[12.3881193,47.4417077],[12.3881589,47.4417503],[12.3881,47.4417754]]]}},{"type":"Feature","id":"building-205316190","properties":{"kind":"building","name":"Alpine building","height":7.2},"geometry":{"type":"Polygon","coordinates":[[[12.3919743,47.4397147],[12.3920948,47.4396689],[12.3920082,47.4395646],[12.391887,47.4396107],[12.3919102,47.4396398],[12.3919743,47.4397147]]]}},{"type":"Feature","id":"building-205316189","properties":{"kind":"building","name":"Alpine building","height":7.2},"geometry":{"type":"Polygon","coordinates":[[[12.3922049,47.4395587],[12.3923158,47.4395151],[12.3922241,47.4394085],[12.3921132,47.4394521],[12.3922049,47.4395587]]]}},{"type":"Feature","id":"building-231144913","properties":{"kind":"building","name":"Alpine building","height":7.2},"geometry":{"type":"Polygon","coordinates":[[[12.3888103,47.4414015],[12.3889061,47.4412725],[12.3890749,47.4413299],[12.3889791,47.4414588],[12.3888103,47.4414015]]]}},{"type":"Feature","id":"building-231144930","properties":{"kind":"building","name":"Alpine building","height":7.2},"geometry":{"type":"Polygon","coordinates":[[[12.3884089,47.4417048],[12.388298,47.4416038],[12.388517,47.4414937],[12.3886279,47.4415947],[12.3884089,47.4417048]]]}},{"type":"Feature","id":"building-229009749","properties":{"kind":"building","name":"Alpine building","height":7.2},"geometry":{"type":"Polygon","coordinates":[[[12.3919412,47.4397337],[12.3918732,47.4396543],[12.3919102,47.4396398],[12.3919743,47.4397147],[12.3919782,47.4397192],[12.3919412,47.4397337]]]}},{"type":"Feature","id":"building-194141875","properties":{"kind":"building","name":"Alpine building","height":7.2},"geometry":{"type":"Polygon","coordinates":[[[12.3926176,47.4391602],[12.3926908,47.4391377],[12.392788,47.4391812],[12.3927432,47.4392271],[12.3926176,47.4391602]]]}},{"type":"Feature","id":"building-205316185","properties":{"kind":"building","name":"Alpine building","height":7.2},"geometry":{"type":"Polygon","coordinates":[[[12.3924345,47.4394217],[12.3925957,47.439365],[12.3925385,47.4392906],[12.3923773,47.4393473],[12.3924345,47.4394217]]]}},{"type":"Feature","id":"building-228999780","properties":{"kind":"building","name":"Alpine building","height":7.2},"geometry":{"type":"Polygon","coordinates":[[[12.382055,47.4437078],[12.382084,47.4436838],[12.3821116,47.4436991],[12.3820826,47.4437231],[12.382055,47.4437078]]]}},{"type":"Feature","id":"building-173811626","properties":{"kind":"building","name":"Alpine building","height":7.2},"geometry":{"type":"Polygon","coordinates":[[[12.3917458,47.4400904],[12.3914794,47.4400348],[12.3915393,47.4399035],[12.3915605,47.439908],[12.3915867,47.4398506],[12.3916684,47.4398676],[12.3916451,47.4399187],[12.3917089,47.439932],[12.3917316,47.4398822],[12.3918191,47.4399005],[12.3917925,47.4399587],[12.3918047,47.4399612],[12.3917458,47.4400904]]]}},{"type":"Feature","id":"building-229008657","properties":{"kind":"building","name":"Alpine building","height":7.2},"geometry":{"type":"Polygon","coordinates":[[[12.3931433,47.4388713],[12.3931669,47.4389305],[12.3932623,47.438914],[12.3932609,47.4388788],[12.3932558,47.438852],[12.3931433,47.4388713]]]}},{"type":"Feature","id":"building-228972267","properties":{"kind":"building","name":"Alpine building","height":7.2},"geometry":{"type":"Polygon","coordinates":[[[12.3850737,47.4429867],[12.3851012,47.4429288],[12.3851776,47.4429453],[12.3851501,47.4430033],[12.3850737,47.4429867]]]}},{"type":"Feature","id":"building-1195193124","properties":{"kind":"building","name":"Alpine building","height":7.2},"geometry":{"type":"Polygon","coordinates":[[[12.3975427,47.4341915],[12.397513,47.4342223],[12.3976121,47.434266],[12.3976276,47.43425],[12.3976418,47.4342352],[12.3975427,47.4341915]]]}},{"type":"Feature","id":"building-231258109","properties":{"kind":"building","name":"Alpine building","height":7.2},"geometry":{"type":"Polygon","coordinates":[[[12.3945734,47.4376503],[12.3946616,47.4377916],[12.3946919,47.4377829],[12.3947375,47.4377699],[12.3947302,47.4377583],[12.394774,47.4377458],[12.3947648,47.437731],[12.3947859,47.437725],[12.3947951,47.4377224],[12.3947233,47.4376075],[12.3945734,47.4376503]]]}},{"type":"Feature","id":"building-229008659","properties":{"kind":"building","name":"Alpine building","height":7.2},"geometry":{"type":"Polygon","coordinates":[[[12.3930762,47.4389891],[12.393265,47.4389875],[12.3932655,47.4390162],[12.393247,47.4390163],[12.3932474,47.4390381],[12.3930771,47.4390395],[12.3930762,47.4389891]]]}},{"type":"Feature","id":"building-231257489","properties":{"kind":"building","name":"Alpine building","height":7.2},"geometry":{"type":"Polygon","coordinates":[[[12.3977049,47.4342631],[12.3977963,47.4341683],[12.3977706,47.434157],[12.3976306,47.4340953],[12.3976187,47.43409],[12.3975274,47.4341848],[12.3975427,47.4341915],[12.3976418,47.4342352],[12.3977049,47.4342631]]]}},{"type":"Feature","id":"building-226299281","properties":{"kind":"building","name":"Alpine building","height":7.2},"geometry":{"type":"Polygon","coordinates":[[[12.3885199,47.4417252],[12.3886029,47.4416879],[12.3886607,47.4417468],[12.3885911,47.441778],[12.388582,47.4417687],[12.3885685,47.4417747],[12.3885199,47.4417252]]]}},{"type":"Feature","id":"building-1195193125","properties":{"kind":"building","name":"Alpine building","height":7.2},"geometry":{"type":"Polygon","coordinates":[[[12.3976306,47.4340953],[12.3976792,47.4340445],[12.3978195,47.434106],[12.3977706,47.434157],[12.3976306,47.4340953]]]}},{"type":"Feature","id":"building-173811621","properties":{"kind":"building","name":"Alpine building","height":7.2},"geometry":{"type":"Polygon","coordinates":[[[12.3915031,47.4403611],[12.3914377,47.4403588],[12.3914364,47.4403751],[12.3912866,47.4403698],[12.391299,47.4402105],[12.3913448,47.4402121],[12.3913464,47.4401924],[12.3914768,47.4401971],[12.391474,47.440233],[12.3915129,47.4402344],[12.3915031,47.4403611]]]}},{"type":"Feature","id":"building-231258096","properties":{"kind":"building","name":"Alpine building","height":7.2},"geometry":{"type":"Polygon","coordinates":[[[12.394838,47.4376901],[12.3948135,47.4376471],[12.3949068,47.4376228],[12.3949313,47.4376657],[12.394838,47.4376901]]]}},{"type":"Feature","id":"building-229008666","properties":{"kind":"building","name":"Alpine building","height":7.2},"geometry":{"type":"Polygon","coordinates":[[[12.3932655,47.4390162],[12.393265,47.4389875],[12.3932623,47.438914],[12.3932609,47.4388788],[12.3935423,47.4388747],[12.3935467,47.4390123],[12.3932655,47.4390162]]]}},{"type":"Feature","id":"building-531671210","properties":{"kind":"building","name":"Alpine building","height":7.2},"geometry":{"type":"Polygon","coordinates":[[[12.388943,47.4416177],[12.3890128,47.4415671],[12.3890705,47.4416036],[12.3890007,47.4416541],[12.388943,47.4416177]]]}},{"type":"Feature","id":"building-531671216","properties":{"kind":"building","name":"Alpine building","height":7.2},"geometry":{"type":"Polygon","coordinates":[[[12.3927695,47.4393923],[12.3927737,47.4393654],[12.392878,47.4393729],[12.3928736,47.4394008],[12.3928282,47.4393975],[12.3928244,47.4394221],[12.3927907,47.4394197],[12.3927947,47.4393942],[12.3927695,47.4393923]]]}},{"type":"Feature","id":"building-1195193136","properties":{"kind":"building","name":"Alpine building","height":7.2},"geometry":{"type":"Polygon","coordinates":[[[12.3946919,47.4377829],[12.3947669,47.4378957],[12.3948061,47.4379547],[12.3948987,47.4379274],[12.3948276,47.4378281],[12.3948496,47.4378202],[12.3947859,47.437725],[12.3947648,47.437731],[12.394774,47.4377458],[12.3947302,47.4377583],[12.3947375,47.4377699],[12.3946919,47.4377829]]]}},{"type":"Feature","id":"building-304435614","properties":{"kind":"building","name":"Alpine building","height":7.2},"geometry":{"type":"Polygon","coordinates":[[[12.3740081,47.4446116],[12.3740128,47.4445558],[12.3740716,47.4445581],[12.3740669,47.4446139],[12.3740081,47.4446116]]]}},{"type":"Feature","id":"building-228972529","properties":{"kind":"building","name":"Alpine building","height":7.2},"geometry":{"type":"Polygon","coordinates":[[[12.3819319,47.4439413],[12.3820031,47.4439009],[12.3820328,47.4439248],[12.3819617,47.4439653],[12.3819319,47.4439413]]]}},{"type":"Feature","id":"building-231257482","properties":{"kind":"building","name":"Alpine building","height":7.2},"geometry":{"type":"Polygon","coordinates":[[[12.3969742,47.4353167],[12.3970911,47.4352246],[12.3971319,47.4352482],[12.3971408,47.4352411],[12.3971714,47.4352588],[12.3970455,47.4353581],[12.3969742,47.4353167]]]}},{"type":"Feature","id":"building-228972528","properties":{"kind":"building","name":"Alpine building","height":7.2},"geometry":{"type":"Polygon","coordinates":[[[12.3813602,47.4440859],[12.3813949,47.4441087],[12.3815192,47.4440219],[12.3814845,47.4439991],[12.3813602,47.4440859]]]}},{"type":"Feature","id":"building-226299284","properties":{"kind":"building","name":"Alpine building","height":7.2},"geometry":{"type":"Polygon","coordinates":[[[12.3885143,47.4420099],[12.3883519,47.4418562],[12.3884729,47.4417977],[12.3886352,47.4419514],[12.3885447,47.4419952],[12.3885143,47.4420099]]]}},{"type":"Feature","id":"building-226299108","properties":{"kind":"building","name":"Alpine building","height":7.2},"geometry":{"type":"Polygon","coordinates":[[[12.3877024,47.4423496],[12.3877669,47.4423005],[12.3877401,47.4422844],[12.3878081,47.4422326],[12.3876627,47.4421453],[12.387544,47.4422357],[12.387671,47.4423119],[12.3876572,47.4423224],[12.3877024,47.4423496]]]}},{"type":"Feature","id":"building-226299287","properties":{"kind":"building","name":"Alpine building","height":7.2},"geometry":{"type":"Polygon","coordinates":[[[12.3887348,47.4419197],[12.3885911,47.441778],[12.3886607,47.4417468],[12.3887615,47.4416998],[12.3888862,47.4418234],[12.3889044,47.4418414],[12.3888916,47.4418473],[12.3887348,47.4419197]]]}},{"type":"Feature","id":"building-231257476","properties":{"kind":"building","name":"Alpine building","height":7.2},"geometry":{"type":"Polygon","coordinates":[[[12.3977616,47.4342855],[12.3977905,47.4342561],[12.3978535,47.4342844],[12.3978246,47.4343138],[12.3977616,47.4342855]]]}},{"type":"Feature","id":"building-727320117","properties":{"kind":"building","name":"Alpine building","height":7.2},"geometry":{"type":"Polygon","coordinates":[[[12.3949971,47.4378201],[12.3949232,47.4378402],[12.3948958,47.4377941],[12.3949697,47.437774],[12.3949971,47.4378201]]]}},{"type":"Feature","id":"building-205316188","properties":{"kind":"building","name":"Alpine building","height":7.2},"geometry":{"type":"Polygon","coordinates":[[[12.3924439,47.4398505],[12.3925348,47.4398131],[12.3925155,47.4397916],[12.3925403,47.4397814],[12.3924603,47.4396923],[12.3923445,47.4397399],[12.3924439,47.4398505]]]}},{"type":"Feature","id":"building-228972532","properties":{"kind":"building","name":"Alpine building","height":7.2},"geometry":{"type":"Polygon","coordinates":[[[12.3821216,47.4439968],[12.3822695,47.4438435],[12.3824178,47.4439089],[12.3822699,47.4440622],[12.3821216,47.4439968]]]}},{"type":"Feature","id":"building-231258110","properties":{"kind":"building","name":"Alpine building","height":7.2},"geometry":{"type":"Polygon","coordinates":[[[12.3949971,47.4378201],[12.3949697,47.437774],[12.3949358,47.4377171],[12.3950699,47.4376806],[12.3951223,47.4377688],[12.3950767,47.4377812],[12.3950855,47.437796],[12.3949971,47.4378201]]]}},{"type":"Feature","id":"building-231257478","properties":{"kind":"building","name":"Alpine building","height":7.2},"geometry":{"type":"Polygon","coordinates":[[[12.3971408,47.4352411],[12.3973278,47.4351009],[12.3974724,47.435189],[12.3972863,47.435332],[12.3971714,47.4352588],[12.3971408,47.4352411]]]}},{"type":"Feature","id":"building-228972531","properties":{"kind":"building","name":"Alpine building","height":7.2},"geometry":{"type":"Polygon","coordinates":[[[12.3818368,47.4441462],[12.3818129,47.4440517],[12.3819156,47.4440398],[12.381911,47.4440216],[12.3820339,47.4440074],[12.3820625,47.4441201],[12.3818368,47.4441462]]]}},{"type":"Feature","id":"building-205316194","properties":{"kind":"building","name":"Alpine building","height":7.2},"geometry":{"type":"Polygon","coordinates":[[[12.3928622,47.4396184],[12.3930514,47.4396028],[12.3930196,47.4394262],[12.3928304,47.4394418],[12.3928622,47.4396184]]]}},{"type":"Feature","id":"building-229008664","properties":{"kind":"building","name":"Alpine building","height":7.2},"geometry":{"type":"Polygon","coordinates":[[[12.3933016,47.4390938],[12.3935197,47.4391003],[12.393513,47.4392041],[12.3934585,47.4392025],[12.393454,47.4392726],[12.3933247,47.4392688],[12.3933294,47.439197],[12.3932949,47.439196],[12.3933016,47.4390938]]]}},{"type":"Feature","id":"building-229008650","properties":{"kind":"building","name":"Alpine building","height":7.2},"geometry":{"type":"Polygon","coordinates":[[[12.3935507,47.4390832],[12.3935515,47.4390456],[12.3936054,47.4390462],[12.3936045,47.4390838],[12.3935507,47.4390832]]]}},{"type":"Feature","id":"building-226299286","properties":{"kind":"building","name":"Alpine building","height":7.2},"geometry":{"type":"Polygon","coordinates":[[[12.388939,47.4418003],[12.389016,47.4418811],[12.3889509,47.4419095],[12.3888916,47.4418473],[12.3889044,47.4418414],[12.3888862,47.4418234],[12.388939,47.4418003]]]}},{"type":"Feature","id":"building-226299283","properties":{"kind":"building","name":"Alpine building","height":7.2},"geometry":{"type":"Polygon","coordinates":[[[12.388623,47.4420706],[12.3885447,47.4419952],[12.3885143,47.4420099],[12.3885225,47.4420179],[12.3884793,47.4420384],[12.3885492,47.4421057],[12.388623,47.4420706]]]}},{"type":"Feature","id":"building-231257488","properties":{"kind":"building","name":"Alpine building","height":7.2},"geometry":{"type":"Polygon","coordinates":[[[12.397433,47.4350226],[12.3975777,47.4351108],[12.3974724,47.435189],[12.3973278,47.4351009],[12.397433,47.4350226]]]}},{"type":"Feature","id":"building-231257475","properties":{"kind":"building","name":"Alpine building","height":7.2},"geometry":{"type":"Polygon","coordinates":[[[12.3972764,47.4353964],[12.3972344,47.4353703],[12.3972863,47.435332],[12.3973284,47.4353581],[12.3972764,47.4353964]]]}},{"type":"Feature","id":"building-231257485","properties":{"kind":"building","name":"Alpine building","height":7.2},"geometry":{"type":"Polygon","coordinates":[[[12.3978698,47.4342898],[12.3979536,47.4342056],[12.3980985,47.4342717],[12.3980543,47.4343161],[12.3980147,47.4343559],[12.3978698,47.4342898]]]}},{"type":"Feature","id":"building-770049307","properties":{"kind":"building","name":"Alpine building","height":7.2},"geometry":{"type":"Polygon","coordinates":[[[12.3657767,47.4124478],[12.3657366,47.4123711],[12.365846,47.4123449],[12.365886,47.4124216],[12.3657767,47.4124478]]]}},{"type":"Feature","id":"building-229008656","properties":{"kind":"building","name":"Alpine building","height":7.2},"geometry":{"type":"Polygon","coordinates":[[[12.3928515,47.4397301],[12.3928098,47.4396828],[12.3927272,47.439696],[12.3927758,47.4397556],[12.3928222,47.4397402],[12.3928515,47.4397301]]]}},{"type":"Feature","id":"building-231258108","properties":{"kind":"building","name":"Alpine building","height":7.2},"geometry":{"type":"Polygon","coordinates":[[[12.3948666,47.4381399],[12.3947999,47.4380334],[12.3949353,47.4379947],[12.3950019,47.4381011],[12.3948666,47.4381399]]]}},{"type":"Feature","id":"building-173811624","properties":{"kind":"building","name":"Alpine building","height":7.2},"geometry":{"type":"Polygon","coordinates":[[[12.3916343,47.4404921],[12.3916375,47.4404185],[12.3918419,47.4404227],[12.3918386,47.4404962],[12.3916343,47.4404921]]]}},{"type":"Feature","id":"building-226299282","properties":{"kind":"building","name":"Alpine building","height":7.2},"geometry":{"type":"Polygon","coordinates":[[[12.389209,47.4417186],[12.3890742,47.4417901],[12.3891907,47.4418905],[12.3892042,47.4418833],[12.3892609,47.4419322],[12.3893951,47.4418609],[12.3892683,47.4417516],[12.3892553,47.4417585],[12.389209,47.4417186]]]}},{"type":"Feature","id":"building-231257483","properties":{"kind":"building","name":"Alpine building","height":7.2},"geometry":{"type":"Polygon","coordinates":[[[12.3981365,47.4343541],[12.3980543,47.4343161],[12.3980147,47.4343559],[12.3980265,47.4343639],[12.3980069,47.4343824],[12.3980973,47.4344169],[12.3981365,47.4343541]]]}},{"type":"Feature","id":"building-229008655","properties":{"kind":"building","name":"Alpine building","height":7.2},"geometry":{"type":"Polygon","coordinates":[[[12.3928622,47.4397608],[12.3928428,47.4397674],[12.3928222,47.4397402],[12.3928515,47.4397301],[12.3928721,47.4397573],[12.3928622,47.4397608]]]}},{"type":"Feature","id":"building-531671214","properties":{"kind":"building","name":"Alpine building","height":7.2},"geometry":{"type":"Polygon","coordinates":[[[12.3925886,47.4399565],[12.3927275,47.4399041],[12.3926907,47.4398595],[12.3925518,47.4399119],[12.3925886,47.4399565]]]}},{"type":"Feature","id":"building-506294548","properties":{"kind":"building","name":"Alpine building","height":7.2},"geometry":{"type":"Polygon","coordinates":[[[12.3979098,47.4347784],[12.3977858,47.4347458],[12.3977713,47.4347711],[12.3977479,47.434765],[12.3977208,47.4348122],[12.3977436,47.4348183],[12.3977206,47.4348583],[12.3978299,47.434887],[12.3978456,47.4348598],[12.3978608,47.4348638],[12.3979098,47.4347784]]]}},{"type":"Feature","id":"building-226299107","properties":{"kind":"building","name":"Pension Kalberger","height":7.2},"geometry":{"type":"Polygon","coordinates":[[[12.3879905,47.4425015],[12.3881486,47.4423937],[12.3880055,47.4422977],[12.3878539,47.4424011],[12.3878385,47.4423908],[12.387779,47.4424314],[12.3878471,47.4424771],[12.3879001,47.4424409],[12.3879905,47.4425015]]]}},{"type":"Feature","id":"building-231258103","properties":{"kind":"building","name":"Alpine building","height":7.2},"geometry":{"type":"Polygon","coordinates":[[[12.3952232,47.4379092],[12.3952188,47.4379027],[12.395202,47.4378704],[12.3951907,47.4378516],[12.3951488,47.4378625],[12.3951813,47.43792],[12.3952232,47.4379092]]]}},{"type":"Feature","id":"building-506294547","properties":{"kind":"building","name":"Alpine building","height":7.2},"geometry":{"type":"Polygon","coordinates":[[[12.3977206,47.4348583],[12.3976923,47.4349075],[12.3978016,47.4349363],[12.3978299,47.434887],[12.3977206,47.4348583]]]}},{"type":"Feature","id":"building-231257099","properties":{"kind":"building","name":"Alpine building","height":7.2},"geometry":{"type":"Polygon","coordinates":[[[12.3987987,47.4333048],[12.3986199,47.4331514],[12.3986711,47.4331241],[12.3987149,47.4331616],[12.3988499,47.4332774],[12.3987987,47.4333048]]]}},{"type":"Feature","id":"building-727320118","properties":{"kind":"building","name":"Alpine building","height":7.2},"geometry":{"type":"Polygon","coordinates":[[[12.3952188,47.4379027],[12.3952678,47.4378911],[12.395251,47.4378588],[12.395202,47.4378704],[12.3952188,47.4379027]]]}},{"type":"Feature","id":"building-307511695","properties":{"kind":"building","name":"Alpine building","height":7.2},"geometry":{"type":"Polygon","coordinates":[[[12.3993485,47.4315683],[12.3993969,47.4315472],[12.3994712,47.4316249],[12.3994228,47.431646],[12.3993485,47.4315683]]]}},{"type":"Feature","id":"building-229008662","properties":{"kind":"building","name":"Alpine building","height":7.2},"geometry":{"type":"Polygon","coordinates":[[[12.3928622,47.4397608],[12.3929062,47.4398246],[12.3930254,47.4397869],[12.3929815,47.4397233],[12.3928721,47.4397573],[12.3928622,47.4397608]]]}},{"type":"Feature","id":"building-228999782","properties":{"kind":"building","name":"Alpine building","height":7.2},"geometry":{"type":"Polygon","coordinates":[[[12.3836465,47.4439029],[12.3836569,47.4438419],[12.383739,47.4438483],[12.3837345,47.4438692],[12.3837297,47.4439091],[12.3837033,47.4439076],[12.3836465,47.4439029]]]}},{"type":"Feature","id":"building-205316187","properties":{"kind":"building","name":"Alpine building","height":7.2},"geometry":{"type":"Polygon","coordinates":[[[12.3925352,47.4401508],[12.3926445,47.4401107],[12.3926323,47.4400954],[12.3927508,47.4400519],[12.3926867,47.439972],[12.3925881,47.4400082],[12.3925614,47.4399749],[12.3924321,47.4400224],[12.3925352,47.4401508]]]}},{"type":"Feature","id":"building-737673603","properties":{"kind":"building","name":"Alpine building","height":7.2},"geometry":{"type":"Polygon","coordinates":[[[12.3875186,47.4427984],[12.3876839,47.4426894],[12.3875723,47.442612],[12.3875238,47.442644],[12.387482,47.442615],[12.3874102,47.4426623],[12.3874574,47.442695],[12.3874124,47.4427247],[12.3875186,47.4427984]]]}},{"type":"Feature","id":"building-231258107","properties":{"kind":"building","name":"Alpine building","height":7.2},"geometry":{"type":"Polygon","coordinates":[[[12.3961801,47.4371452],[12.3960496,47.4370434],[12.3961761,47.4369691],[12.3963066,47.4370709],[12.3961801,47.4371452]]]}},{"type":"Feature","id":"building-228999781","properties":{"kind":"building","name":"Alpine building","height":7.2},"geometry":{"type":"Polygon","coordinates":[[[12.3837943,47.4439426],[12.3838027,47.4438729],[12.3837345,47.4438692],[12.3837297,47.4439091],[12.3837033,47.4439076],[12.3836997,47.4439374],[12.3837943,47.4439426]]]}},{"type":"Feature","id":"building-205316183","properties":{"kind":"building","name":"Alpine building","height":7.2},"geometry":{"type":"Polygon","coordinates":[[[12.3929563,47.4399003],[12.3931205,47.4398451],[12.3930712,47.4397729],[12.3930254,47.4397869],[12.3929062,47.4398246],[12.3929563,47.4399003]]]}},{"type":"Feature","id":"building-226305987","properties":{"kind":"building","name":"Alpine building","height":7.2},"geometry":{"type":"Polygon","coordinates":[[[12.3889844,47.4421763],[12.3888805,47.4420878],[12.3890145,47.4420158],[12.3890511,47.442047],[12.3890855,47.4420285],[12.3891001,47.4420409],[12.3891556,47.4420111],[12.389228,47.4420727],[12.3891161,47.4421328],[12.3890964,47.442116],[12.3889844,47.4421763]]]}},{"type":"Feature","id":"building-231257477","properties":{"kind":"building","name":"Alpine building","height":7.2},"geometry":{"type":"Polygon","coordinates":[[[12.3977982,47.4350917],[12.3978146,47.4350702],[12.3978586,47.4350856],[12.3978422,47.4351071],[12.3977982,47.4350917]]]}},{"type":"Feature","id":"building-231258099","properties":{"kind":"building","name":"Alpine building","height":7.2},"geometry":{"type":"Polygon","coordinates":[[[12.3952645,47.437995],[12.3953451,47.4379819],[12.3953539,47.4380068],[12.3952734,47.4380199],[12.3952645,47.437995]]]}},{"type":"Feature","id":"building-231257088","properties":{"kind":"building","name":"Alpine building","height":7.2},"geometry":{"type":"Polygon","coordinates":[[[12.3988499,47.4332774],[12.3987149,47.4331616],[12.3990461,47.4329919],[12.3991748,47.4331089],[12.3988499,47.4332774]]]}},{"type":"Feature","id":"building-231257474","properties":{"kind":"building","name":"Alpine building","height":7.2},"geometry":{"type":"Polygon","coordinates":[[[12.3975662,47.4354925],[12.3975862,47.43545],[12.397632,47.4354599],[12.3976121,47.4355024],[12.3975662,47.4354925]]]}},{"type":"Feature","id":"building-231257480","properties":{"kind":"building","name":"Alpine building","height":7.2},"geometry":{"type":"Polygon","coordinates":[[[12.3982784,47.4344059],[12.3983037,47.4343575],[12.3983286,47.4343634],[12.398327,47.4343664],[12.3984074,47.4343865],[12.3983841,47.4344312],[12.3982784,47.4344059]]]}},{"type":"Feature","id":"building-231258098","properties":{"kind":"building","name":"Alpine building","height":7.2},"geometry":{"type":"Polygon","coordinates":[[[12.396216,47.4372247],[12.3961581,47.4371783],[12.396216,47.4371452],[12.396274,47.4371916],[12.396216,47.4372247]]]}},{"type":"Feature","id":"building-226305985","properties":{"kind":"building","name":"Alpine building","height":7.2},"geometry":{"type":"Polygon","coordinates":[[[12.3886271,47.4422536],[12.3887211,47.4422086],[12.3887832,47.4422631],[12.3888623,47.4422246],[12.3889409,47.4422984],[12.3888093,47.4423625],[12.388751,47.4423077],[12.388708,47.4423286],[12.3886271,47.4422536]]]}},{"type":"Feature","id":"building-727320120","properties":{"kind":"building","name":"Alpine building","height":7.2},"geometry":{"type":"Polygon","coordinates":[[[12.3951693,47.4383847],[12.3952022,47.4383148],[12.3951409,47.4383016],[12.3951482,47.4382862],[12.3950394,47.4382628],[12.3950299,47.4382831],[12.3949822,47.4382728],[12.3949525,47.438336],[12.3950051,47.4383473],[12.3949862,47.4383874],[12.3950861,47.4384089],[12.3951042,47.4383707],[12.3951693,47.4383847]]]}},{"type":"Feature","id":"building-231258111","properties":{"kind":"building","name":"Alpine building","height":7.2},"geometry":{"type":"Polygon","coordinates":[[[12.3953086,47.4382336],[12.3953004,47.4382112],[12.3952663,47.4382169],[12.3952434,47.4381543],[12.3952767,47.4381487],[12.3952322,47.438027],[12.3952734,47.4380199],[12.3953539,47.4380068],[12.3954121,47.4379969],[12.3954338,47.4380559],[12.3953815,47.4380647],[12.3954045,47.4381276],[12.3953831,47.4381312],[12.3954141,47.4382159],[12.3953086,47.4382336]]]}},{"type":"Feature","id":"building-231257484","properties":{"kind":"building","name":"Alpine building","height":7.2},"geometry":{"type":"Polygon","coordinates":[[[12.3981961,47.4346542],[12.3981868,47.4345781],[12.3982945,47.4345762],[12.3982861,47.4346019],[12.3983336,47.434609],[12.3983333,47.4346467],[12.3981961,47.4346542]]]}},{"type":"Feature","id":"building-226299288","properties":{"kind":"building","name":"Alpine building","height":7.2},"geometry":{"type":"Polygon","coordinates":[[[12.3893219,47.4419701],[12.3894719,47.4418762],[12.3895955,47.4419665],[12.3895782,47.4419774],[12.3895636,47.4419667],[12.3894668,47.4420273],[12.3894456,47.4420406],[12.3894309,47.4420498],[12.3893219,47.4419701]]]}},{"type":"Feature","id":"building-317107911","properties":{"kind":"building","name":"Alpine building","height":7.2},"geometry":{"type":"Polygon","coordinates":[[[12.3802237,47.4447488],[12.3801741,47.4446928],[12.3802485,47.4446626],[12.3802981,47.4447186],[12.3802237,47.4447488]]]}},{"type":"Feature","id":"building-231257479","properties":{"kind":"building","name":"Alpine building","height":7.2},"geometry":{"type":"Polygon","coordinates":[[[12.398468,47.4342255],[12.3985244,47.4342406],[12.3985208,47.4342467],[12.3985418,47.4342524],[12.3985216,47.4342895],[12.3984422,47.4342696],[12.398468,47.4342255]]]}},{"type":"Feature","id":"building-231257487","properties":{"kind":"building","name":"Alpine building","height":7.2},"geometry":{"type":"Polygon","coordinates":[[[12.398327,47.4343664],[12.3983286,47.4343634],[12.3983872,47.4342559],[12.3984422,47.4342696],[12.3985216,47.4342895],[12.3985418,47.4342524],[12.3985437,47.4342489],[12.3986006,47.4342631],[12.3985601,47.4343374],[12.3985255,47.4343288],[12.3984837,47.4344055],[12.3984074,47.4343865],[12.398327,47.4343664]]]}},{"type":"Feature","id":"building-228999779","properties":{"kind":"building","name":"Alpine building","height":7.2},"geometry":{"type":"Polygon","coordinates":[[[12.3847151,47.4437079],[12.3846415,47.4437129],[12.3845843,47.4437392],[12.3845516,47.4437816],[12.3845379,47.4438244],[12.384527,47.4438558],[12.3845502,47.443859],[12.3845577,47.4438724],[12.3846163,47.4438788],[12.3846122,47.4438899],[12.3846508,47.4438968],[12.3846633,47.4438655],[12.3845895,47.4438554],[12.3846005,47.4438257],[12.3846108,47.4437872],[12.3846281,47.4437558],[12.3846659,47.4437418],[12.3847021,47.4437383],[12.3847136,47.4437382],[12.3847151,47.4437079]]]}},{"type":"Feature","id":"building-231257089","properties":{"kind":"building","name":"Alpine building","height":7.2},"geometry":{"type":"Polygon","coordinates":[[[12.3990125,47.4333735],[12.3989456,47.4333002],[12.3990354,47.4332627],[12.3991023,47.4333361],[12.3990125,47.4333735]]]}},{"type":"Feature","id":"building-229009747","properties":{"kind":"building","name":"Alpine building","height":7.2},"geometry":{"type":"Polygon","coordinates":[[[12.391639,47.4409109],[12.3916729,47.4408718],[12.3916218,47.4408515],[12.3915878,47.4408906],[12.391639,47.4409109]]]}},{"type":"Feature","id":"building-304434703","properties":{"kind":"building","name":"Alpine building","height":7.2},"geometry":{"type":"Polygon","coordinates":[[[12.3709422,47.4449239],[12.3709851,47.4448294],[12.3711205,47.4448575],[12.3710776,47.4449521],[12.3709422,47.4449239]]]}},{"type":"Feature","id":"building-231257120","properties":{"kind":"building","name":"Alpine building","height":7.2},"geometry":{"type":"Polygon","coordinates":[[[12.3991869,47.4329211],[12.3990461,47.4329919],[12.3991748,47.4331089],[12.3993156,47.4330381],[12.3991869,47.4329211]]]}},{"type":"Feature","id":"building-231257091","properties":{"kind":"building","name":"Alpine building","height":7.2},"geometry":{"type":"Polygon","coordinates":[[[12.3989484,47.4335932],[12.3988484,47.4334825],[12.3989528,47.4334416],[12.3990538,47.433549],[12.3989484,47.4335932]]]}},{"type":"Feature","id":"building-231257486","properties":{"kind":"building","name":"Alpine building","height":7.2},"geometry":{"type":"Polygon","coordinates":[[[12.3982861,47.4346019],[12.3982945,47.4345762],[12.3983306,47.4344663],[12.3984862,47.4344896],[12.398469,47.4345419],[12.3984983,47.4345463],[12.3984709,47.4346297],[12.3983336,47.434609],[12.3982861,47.4346019]]]}},{"type":"Feature","id":"building-228972530","properties":{"kind":"building","name":"Alpine building","height":7.2},"geometry":{"type":"Polygon","coordinates":[[[12.384813,47.4440602],[12.3849018,47.443828],[12.3847817,47.4438064],[12.3847813,47.4437837],[12.3847634,47.4437581],[12.3847294,47.4437421],[12.3847021,47.4437383],[12.3846659,47.4437418],[12.3846281,47.4437558],[12.3846108,47.4437872],[12.3846005,47.4438257],[12.3845895,47.4438554],[12.3846633,47.4438655],[12.3846508,47.4438968],[12.3845993,47.4440248],[12.384813,47.4440602]]]}},{"type":"Feature","id":"building-226299285","properties":{"kind":"building","name":"Alpine building","height":7.2},"geometry":{"type":"Polygon","coordinates":[[[12.3895636,47.4421318],[12.3896849,47.44206],[12.3895782,47.4419774],[12.3895636,47.4419667],[12.3894668,47.4420273],[12.3894456,47.4420406],[12.3895636,47.4421318]]]}},{"type":"Feature","id":"building-231258105","properties":{"kind":"building","name":"Alpine building","height":7.2},"geometry":{"type":"Polygon","coordinates":[[[12.3955797,47.437965],[12.3956181,47.4379284],[12.3956726,47.4379545],[12.3956344,47.437991],[12.3956228,47.4379857],[12.3955907,47.4379704],[12.3955797,47.437965]]]}},{"type":"Feature","id":"building-231258101","properties":{"kind":"building","name":"Alpine building","height":7.2},"geometry":{"type":"Polygon","coordinates":[[[12.3955666,47.4379938],[12.3955907,47.4379704],[12.3956228,47.4379857],[12.3955991,47.4380091],[12.3955666,47.4379938]]]}},{"type":"Feature","id":"building-229008665","properties":{"kind":"building","name":"Alpine building","height":7.2},"geometry":{"type":"Polygon","coordinates":[[[12.3920469,47.4406399],[12.3921553,47.4404654],[12.3924007,47.4405351],[12.3923415,47.4406303],[12.3922334,47.4405996],[12.3921841,47.4406789],[12.3920469,47.4406399]]]}},{"type":"Feature","id":"building-727320119","properties":{"kind":"building","name":"Alpine building","height":7.2},"geometry":{"type":"Polygon","coordinates":[[[12.3956364,47.4380321],[12.395664,47.4380047],[12.3956344,47.437991],[12.3956228,47.4379857],[12.3955991,47.4380091],[12.3955951,47.4380131],[12.3956364,47.4380321]]]}},{"type":"Feature","id":"building-226305979","properties":{"kind":"building","name":"Alpine building","height":7.2},"geometry":{"type":"Polygon","coordinates":[[[12.3887397,47.442476],[12.3888015,47.4424278],[12.3887633,47.4424054],[12.3887015,47.4424537],[12.3887397,47.442476]]]}},{"type":"Feature","id":"building-229009752","properties":{"kind":"building","name":"Alpine building","height":7.2},"geometry":{"type":"Polygon","coordinates":[[[12.3913124,47.4411061],[12.3913624,47.4411258],[12.3913447,47.4411463],[12.3913789,47.4411598],[12.3913353,47.4412102],[12.3912512,47.441177],[12.3913124,47.4411061]]]}},{"type":"Feature","id":"building-229009754","properties":{"kind":"building","name":"Alpine building","height":7.2},"geometry":{"type":"Polygon","coordinates":[[[12.3917479,47.4408315],[12.3918414,47.4407168],[12.3919859,47.4407707],[12.3919203,47.4408512],[12.3919925,47.4408781],[12.3919525,47.4409272],[12.3917971,47.4408692],[12.3918093,47.4408544],[12.3917479,47.4408315]]]}},{"type":"Feature","id":"building-173811614","properties":{"kind":"building","name":"Alpine building","height":7.2},"geometry":{"type":"Polygon","coordinates":[[[12.3925943,47.4405158],[12.3924685,47.4404324],[12.3924907,47.4404171],[12.3924755,47.440407],[12.3925245,47.4403732],[12.3925622,47.4403982],[12.3926105,47.4403648],[12.3927138,47.4404333],[12.3925943,47.4405158]]]}},{"type":"Feature","id":"building-205316186","properties":{"kind":"building","name":"Alpine building","height":7.2},"geometry":{"type":"Polygon","coordinates":[[[12.3928624,47.4403526],[12.3929918,47.4402557],[12.3928401,47.4401629],[12.3927407,47.4402373],[12.3927605,47.4402494],[12.3927304,47.4402719],[12.3928624,47.4403526]]]}},{"type":"Feature","id":"building-226305983","properties":{"kind":"building","name":"Alpine building","height":7.2},"geometry":{"type":"Polygon","coordinates":[[[12.3890653,47.4424043],[12.3889675,47.4423469],[12.3889314,47.4423743],[12.388953,47.4423849],[12.3889728,47.4423711],[12.3890515,47.4424167],[12.3890653,47.4424043]]]}},{"type":"Feature","id":"building-226299102","properties":{"kind":"building","name":"Alpine building","height":7.2},"geometry":{"type":"Polygon","coordinates":[[[12.3876758,47.4428548],[12.3878594,47.442732],[12.3880106,47.4428354],[12.3878404,47.4429493],[12.387827,47.4429582],[12.3876758,47.4428548]]]}},{"type":"Feature","id":"building-229009755","properties":{"kind":"building","name":"Alpine building","height":7.2},"geometry":{"type":"Polygon","coordinates":[[[12.3913447,47.4411463],[12.3913624,47.4411258],[12.3914545,47.4410248],[12.3916827,47.4411196],[12.3915728,47.4412407],[12.3913789,47.4411598],[12.3913447,47.4411463]]]}},{"type":"Feature","id":"building-231258097","properties":{"kind":"building","name":"Alpine building","height":7.2},"geometry":{"type":"Polygon","coordinates":[[[12.3968109,47.4368621],[12.3968407,47.4368197],[12.3968871,47.4368347],[12.3968573,47.4368771],[12.3968109,47.4368621]]]}},{"type":"Feature","id":"building-226305975","properties":{"kind":"building","name":"Alpine building","height":7.2},"geometry":{"type":"Polygon","coordinates":[[[12.3884208,47.4425478],[12.3884894,47.4425765],[12.38853,47.4425888],[12.388474,47.4426809],[12.3884293,47.4426571],[12.3883875,47.442687],[12.3883935,47.4426921],[12.3883666,47.4427077],[12.3883442,47.4426928],[12.3882828,47.4427478],[12.3883324,47.4426574],[12.3884208,47.4425478]]]}},{"type":"Feature","id":"building-226305976","properties":{"kind":"building","name":"Alpine building","height":7.2},"geometry":{"type":"Polygon","coordinates":[[[12.3894077,47.4422613],[12.3892639,47.4421673],[12.3890366,47.4423229],[12.3891584,47.4423996],[12.3891814,47.442387],[12.3890697,47.4423132],[12.3892583,47.4421862],[12.3893502,47.4422532],[12.3892834,47.4422975],[12.3893114,47.4423169],[12.3893175,47.4423211],[12.3894077,47.4422613]]]}},{"type":"Feature","id":"building-229073251","properties":{"kind":"building","name":"Alpine building","height":7.2},"geometry":{"type":"Polygon","coordinates":[[[12.3950913,47.4384632],[12.3953032,47.4383992],[12.3953149,47.4384169],[12.3953687,47.4384982],[12.3951567,47.4385623],[12.3950913,47.4384632]]]}},{"type":"Feature","id":"building-231258112","properties":{"kind":"building","name":"Alpine building","height":7.2},"geometry":{"type":"Polygon","coordinates":[[[12.3968388,47.4367013],[12.3969255,47.4365883],[12.3971979,47.4366839],[12.3971113,47.4367969],[12.3968388,47.4367013]]]}},{"type":"Feature","id":"building-226305986","properties":{"kind":"building","name":"Alpine building","height":7.2},"geometry":{"type":"Polygon","coordinates":[[[12.3891769,47.4424104],[12.3893114,47.4423169],[12.3892834,47.4422975],[12.3893502,47.4422532],[12.3892583,47.4421862],[12.3890697,47.4423132],[12.3891814,47.442387],[12.3891584,47.4423996],[12.3891769,47.4424104]]]}},{"type":"Feature","id":"building-231258100","properties":{"kind":"building","name":"Alpine building","height":7.2},"geometry":{"type":"Polygon","coordinates":[[[12.3964999,47.4372436],[12.3965468,47.43718],[12.396628,47.4372074],[12.3965811,47.4372709],[12.3964999,47.4372436]]]}},{"type":"Feature","id":"building-226299110","properties":{"kind":"building","name":"Alpine building","height":7.2},"geometry":{"type":"Polygon","coordinates":[[[12.3875659,47.4429256],[12.3876758,47.4428548],[12.387827,47.4429582],[12.3878404,47.4429493],[12.3878686,47.4429692],[12.3877428,47.4430506],[12.3875659,47.4429256]]]}},{"type":"Feature","id":"building-304434696","properties":{"kind":"building","name":"Alpine building","height":7.2},"geometry":{"type":"Polygon","coordinates":[[[12.3723432,47.4450881],[12.3724396,47.4451484],[12.3722817,47.4452638],[12.3721853,47.4452035],[12.3723432,47.4450881]]]}},{"type":"Feature","id":"building-229008661","properties":{"kind":"building","name":"Alpine building","height":7.2},"geometry":{"type":"Polygon","coordinates":[[[12.393099,47.4400489],[12.3932338,47.4399936],[12.3933179,47.440087],[12.3933357,47.4401074],[12.3932755,47.4401314],[12.3932009,47.4401624],[12.393099,47.4400489]]]}},{"type":"Feature","id":"building-226305981","properties":{"kind":"building","name":"Alpine building","height":7.2},"geometry":{"type":"Polygon","coordinates":[[[12.3889657,47.4425717],[12.3891165,47.4424516],[12.3890515,47.4424167],[12.3889728,47.4423711],[12.388953,47.4423849],[12.3888217,47.4424907],[12.3888379,47.4425001],[12.3888045,47.4425232],[12.3888984,47.442596],[12.3889433,47.4425625],[12.3889657,47.4425717]]]}},{"type":"Feature","id":"building-727320121","properties":{"kind":"building","name":"Alpine building","height":7.2},"geometry":{"type":"Polygon","coordinates":[[[12.3953149,47.4384169],[12.3954047,47.438391],[12.3954668,47.4384794],[12.3953737,47.4385048],[12.3953687,47.4384982],[12.3953149,47.4384169]]]}},{"type":"Feature","id":"building-231257473","properties":{"kind":"building","name":"Alpine building","height":7.2},"geometry":{"type":"Polygon","coordinates":[[[12.3986422,47.4346265],[12.3986632,47.4346002],[12.3986993,47.4346134],[12.3986783,47.4346397],[12.3986422,47.4346265]]]}},{"type":"Feature","id":"building-229008658","properties":{"kind":"building","name":"Alpine building","height":7.2},"geometry":{"type":"Polygon","coordinates":[[[12.3932981,47.4401574],[12.3932755,47.4401314],[12.3933357,47.4401074],[12.3933179,47.440087],[12.3933436,47.4400768],[12.393384,47.4401232],[12.3932981,47.4401574]]]}},{"type":"Feature","id":"building-312103002","properties":{"kind":"building","name":"Alpine building","height":7.2},"geometry":{"type":"Polygon","coordinates":[[[12.3597633,47.4140763],[12.3597267,47.4140211],[12.3598062,47.413997],[12.3598428,47.4140522],[12.3597633,47.4140763]]]}},{"type":"Feature","id":"building-304434716","properties":{"kind":"building","name":"Alpine building","height":7.2},"geometry":{"type":"Polygon","coordinates":[[[12.3721113,47.4452569],[12.3721853,47.4452035],[12.3722817,47.4452638],[12.3722105,47.4453196],[12.3721439,47.4452775],[12.3721113,47.4452569]]]}},{"type":"Feature","id":"building-93820411","properties":{"kind":"building","name":"Kaiserhof","height":10.3},"geometry":{"type":"Polygon","coordinates":[[[12.3882274,47.4427893],[12.3883243,47.4428606],[12.3883009,47.4428774],[12.3885053,47.4430133],[12.3886009,47.4429482],[12.388591,47.4429419],[12.3886689,47.4428885],[12.3886002,47.4428391],[12.3886392,47.4428106],[12.3886065,47.4427905],[12.3886188,47.4427798],[12.388474,47.4426809],[12.3884293,47.4426571],[12.3883875,47.442687],[12.3883935,47.4426921],[12.3883666,47.4427077],[12.3883442,47.4426928],[12.3882828,47.4427478],[12.3882274,47.4427893]]]}},{"type":"Feature","id":"building-304434706","properties":{"kind":"building","name":"Alpine building","height":7.2},"geometry":{"type":"Polygon","coordinates":[[[12.372054,47.4452733],[12.3720953,47.4452454],[12.3721113,47.4452569],[12.3721439,47.4452775],[12.372102,47.4453059],[12.372054,47.4452733]]]}},{"type":"Feature","id":"building-231144925","properties":{"kind":"building","name":"Alpine building","height":7.2},"geometry":{"type":"Polygon","coordinates":[[[12.3899806,47.4420506],[12.3900921,47.4419693],[12.3902233,47.4420514],[12.390171,47.4420886],[12.3901113,47.4421326],[12.3899806,47.4420506]]]}},{"type":"Feature","id":"building-318867146","properties":{"kind":"building","name":"Alpine building","height":7.2},"geometry":{"type":"Polygon","coordinates":[[[12.3881886,47.4429816],[12.3882417,47.4429395],[12.388181,47.4429045],[12.3881278,47.4429466],[12.3881886,47.4429816]]]}},{"type":"Feature","id":"building-231257090","properties":{"kind":"building","name":"Alpine building","height":7.2},"geometry":{"type":"Polygon","coordinates":[[[12.3998926,47.4322576],[12.3999541,47.4322358],[12.4000064,47.432303],[12.3999449,47.4323249],[12.3998926,47.4322576]]]}},{"type":"Feature","id":"building-231258106","properties":{"kind":"building","name":"Alpine building","height":7.2},"geometry":{"type":"Polygon","coordinates":[[[12.3974865,47.4365613],[12.3974329,47.436534],[12.39744,47.4365276],[12.3974282,47.4365216],[12.3973996,47.4365071],[12.3974367,47.4364736],[12.3974853,47.4364983],[12.3974808,47.4365024],[12.3975262,47.4365255],[12.3974865,47.4365613]]]}},{"type":"Feature","id":"building-304434702","properties":{"kind":"building","name":"Alpine building","height":7.2},"geometry":{"type":"Polygon","coordinates":[[[12.3719362,47.445299],[12.3719139,47.445267],[12.3718219,47.4452963],[12.3718441,47.4453283],[12.3719362,47.445299]]]}},{"type":"Feature","id":"building-319532751","properties":{"kind":"building","name":"Alpine building","height":7.2},"geometry":{"type":"Polygon","coordinates":[[[12.3529487,47.4370797],[12.3528997,47.4370081],[12.3529772,47.4369838],[12.3530262,47.4370554],[12.3529487,47.4370797]]]}},{"type":"Feature","id":"building-229009965","properties":{"kind":"building","name":"Alpine building","height":7.2},"geometry":{"type":"Polygon","coordinates":[[[12.3924464,47.4407539],[12.3925318,47.440627],[12.3927767,47.4407024],[12.3927053,47.4408085],[12.3925509,47.440761],[12.3925369,47.4407818],[12.3924464,47.4407539]]]}},{"type":"Feature","id":"building-229073250","properties":{"kind":"building","name":"Alpine building","height":7.2},"geometry":{"type":"Polygon","coordinates":[[[12.3952044,47.4387159],[12.3952866,47.4386235],[12.3953768,47.438654],[12.3954557,47.4386195],[12.3954397,47.4385984],[12.3955591,47.4385531],[12.39562,47.4386374],[12.3953999,47.4387128],[12.3953535,47.4387733],[12.3952044,47.4387159]]]}},{"type":"Feature","id":"building-231144914","properties":{"kind":"building","name":"Alpine building","height":7.2},"geometry":{"type":"Polygon","coordinates":[[[12.3902103,47.4421138],[12.390171,47.4420886],[12.3902233,47.4420514],[12.3902626,47.4420766],[12.3902103,47.4421138]]]}},{"type":"Feature","id":"building-231257101","properties":{"kind":"building","name":"Alpine building","height":7.2},"geometry":{"type":"Polygon","coordinates":[[[12.3995684,47.4331611],[12.3996746,47.433117],[12.3996915,47.4331356],[12.3996436,47.4331555],[12.3996767,47.433192],[12.3996184,47.4332162],[12.3995684,47.4331611]]]}},{"type":"Feature","id":"building-229009964","properties":{"kind":"building","name":"Alpine building","height":7.2},"geometry":{"type":"Polygon","coordinates":[[[12.3927099,47.4405416],[12.3929564,47.4403636],[12.3930792,47.4404413],[12.3930369,47.4404719],[12.3930426,47.4404755],[12.3929651,47.4405314],[12.3929594,47.4405278],[12.3929366,47.4405442],[12.3929621,47.4405604],[12.3930255,47.4406005],[12.3929979,47.4406205],[12.3929299,47.4406696],[12.3928434,47.4406148],[12.392835,47.4406208],[12.3927099,47.4405416]]]}},{"type":"Feature","id":"building-229011325","properties":{"kind":"building","name":"Alpine building","height":7.2},"geometry":{"type":"Polygon","coordinates":[[[12.3945918,47.4393558],[12.3945791,47.4392475],[12.3947603,47.4392378],[12.394773,47.4393461],[12.3945918,47.4393558]]]}},{"type":"Feature","id":"building-229009966","properties":{"kind":"building","name":"Alpine building","height":7.2},"geometry":{"type":"Polygon","coordinates":[[[12.3922955,47.4409744],[12.3923481,47.4408936],[12.3923407,47.4408914],[12.3923723,47.4408428],[12.3926125,47.4409143],[12.3925387,47.4410276],[12.3923829,47.4409811],[12.3923724,47.4409973],[12.3922955,47.4409744]]]}},{"type":"Feature","id":"building-231257085","properties":{"kind":"building","name":"Alpine building","height":7.2},"geometry":{"type":"Polygon","coordinates":[[[12.4000795,47.4327005],[12.3999855,47.4325998],[12.3999409,47.4325693],[12.3999186,47.4325799],[12.3999144,47.4325754],[12.3998282,47.4326169],[12.3998415,47.432628],[12.3998324,47.4326324],[12.3999509,47.4327478],[12.3999614,47.432758],[12.4000141,47.4327323],[12.4000795,47.4327005]]]}},{"type":"Feature","id":"building-317095894","properties":{"kind":"building","name":"Alpine building","height":7.2},"geometry":{"type":"Polygon","coordinates":[[[12.4000466,47.4325255],[12.4000087,47.4324788],[12.3999167,47.4325129],[12.3999546,47.4325596],[12.4000126,47.4325381],[12.4000466,47.4325255]]]}},{"type":"Feature","id":"building-318915572","properties":{"kind":"building","name":"Alpine building","height":7.2},"geometry":{"type":"Polygon","coordinates":[[[12.4008161,47.4283863],[12.4007976,47.4283379],[12.4009055,47.428319],[12.4009241,47.4283674],[12.4008161,47.4283863]]]}},{"type":"Feature","id":"building-231258102","properties":{"kind":"building","name":"Alpine building","height":7.2},"geometry":{"type":"Polygon","coordinates":[[[12.3975227,47.4365936],[12.3975408,47.4365732],[12.3975712,47.4365856],[12.3975531,47.436606],[12.3975227,47.4365936]]]}},{"type":"Feature","id":"building-231257094","properties":{"kind":"building","name":"Alpine building","height":7.2},"geometry":{"type":"Polygon","coordinates":[[[12.3997799,47.4330496],[12.3997533,47.4330203],[12.3997922,47.4330042],[12.3998187,47.4330336],[12.3997799,47.4330496]]]}},{"type":"Feature","id":"building-231257122","properties":{"kind":"building","name":"Alpine building","height":7.2},"geometry":{"type":"Polygon","coordinates":[[[12.3997307,47.4332471],[12.399892,47.433176],[12.3998046,47.4330852],[12.3996915,47.4331356],[12.3996436,47.4331555],[12.3996767,47.433192],[12.3997307,47.4332471]]]}},{"type":"Feature","id":"building-229009963","properties":{"kind":"building","name":"Alpine building","height":7.2},"geometry":{"type":"Polygon","coordinates":[[[12.3931214,47.4406114],[12.3930061,47.4406368],[12.3929979,47.4406205],[12.3930255,47.4406005],[12.3929621,47.4405604],[12.3929936,47.4405461],[12.3929908,47.440539],[12.3930707,47.4405226],[12.3930749,47.4405353],[12.393095,47.4405315],[12.3931214,47.4406114]]]}},{"type":"Feature","id":"building-447695438","properties":{"kind":"building","name":"Alpine building","height":7.2},"geometry":{"type":"Polygon","coordinates":[[[12.3896584,47.4423253],[12.3897713,47.4423966],[12.3898723,47.4423235],[12.3899433,47.4423683],[12.3898797,47.4424607],[12.3899336,47.4424948],[12.3901448,47.4423418],[12.3899316,47.4422071],[12.3898728,47.44217],[12.3896584,47.4423253]]]}},{"type":"Feature","id":"building-205316184","properties":{"kind":"building","name":"Alpine building","height":7.2},"geometry":{"type":"Polygon","coordinates":[[[12.3933502,47.4403925],[12.3934379,47.4403574],[12.3934497,47.4403694],[12.3934624,47.4403707],[12.3934762,47.4403647],[12.3934772,47.4403561],[12.3934733,47.4403441],[12.3935198,47.4403188],[12.3934335,47.440213],[12.393254,47.4402887],[12.3933502,47.4403925]]]}},{"type":"Feature","id":"building-231257098","properties":{"kind":"building","name":"Alpine building","height":7.2},"geometry":{"type":"Polygon","coordinates":[[[12.4001225,47.4323045],[12.4001146,47.4322367],[12.4002009,47.4322321],[12.4002089,47.4322999],[12.4001225,47.4323045]]]}},{"type":"Feature","id":"building-231257106","properties":{"kind":"building","name":"Alpine building","height":7.2},"geometry":{"type":"Polygon","coordinates":[[[12.3999144,47.4327661],[12.3999509,47.4327478],[12.3999614,47.432758],[12.4000141,47.4327323],[12.4000283,47.4327486],[12.4000289,47.4327649],[12.3999463,47.4327983],[12.3999144,47.4327661]]]}},{"type":"Feature","id":"building-226305980","properties":{"kind":"building","name":"Alpine building","height":7.2},"geometry":{"type":"Polygon","coordinates":[[[12.3887682,47.4428648],[12.3888232,47.4428286],[12.3888657,47.442858],[12.3888106,47.4428943],[12.3887682,47.4428648]]]}},{"type":"Feature","id":"building-231144918","properties":{"kind":"building","name":"Alpine building","height":7.2},"geometry":{"type":"Polygon","coordinates":[[[12.3902067,47.4422153],[12.3902307,47.4421983],[12.3902661,47.4422211],[12.3902538,47.4422299],[12.3902421,47.4422382],[12.3902067,47.4422153]]]}},{"type":"Feature","id":"building-531671212","properties":{"kind":"building","name":"Alpine building","height":7.2},"geometry":{"type":"Polygon","coordinates":[[[12.392913,47.440706],[12.3929398,47.440719],[12.3929091,47.4407479],[12.3928823,47.4407349],[12.392913,47.440706]]]}},{"type":"Feature","id":"building-231257124","properties":{"kind":"building","name":"Alpine building","height":7.2},"geometry":{"type":"Polygon","coordinates":[[[12.3998376,47.4329035],[12.3999823,47.4328457],[12.3999915,47.4328563],[12.3999803,47.4328607],[12.4000387,47.4329277],[12.3999938,47.4329461],[12.3999289,47.432971],[12.3999052,47.432981],[12.3998376,47.4329035]]]}},{"type":"Feature","id":"building-231257100","properties":{"kind":"building","name":"Alpine building","height":7.2},"geometry":{"type":"Polygon","coordinates":[[[12.4000408,47.4328372],[12.4000162,47.4328078],[12.3999666,47.4328268],[12.3999823,47.4328457],[12.3999915,47.4328563],[12.4000408,47.4328372]]]}},{"type":"Feature","id":"building-231257092","properties":{"kind":"building","name":"Alpine building","height":7.2},"geometry":{"type":"Polygon","coordinates":[[[12.3999456,47.4329909],[12.3999289,47.432971],[12.3999938,47.4329461],[12.4000105,47.432966],[12.3999456,47.4329909]]]}},{"type":"Feature","id":"building-231144924","properties":{"kind":"building","name":"Alpine building","height":7.2},"geometry":{"type":"Polygon","coordinates":[[[12.3902538,47.4422299],[12.3902661,47.4422211],[12.3902963,47.4421996],[12.3903033,47.4422042],[12.3903653,47.4421602],[12.3903562,47.4421543],[12.3903909,47.4421296],[12.3905415,47.4422267],[12.3904474,47.4422921],[12.3904012,47.4423248],[12.3902538,47.4422299]]]}},{"type":"Feature","id":"building-231257123","properties":{"kind":"building","name":"Alpine building","height":7.2},"geometry":{"type":"Polygon","coordinates":[[[12.4002098,47.4323065],[12.4002089,47.4322999],[12.4002009,47.4322321],[12.4001989,47.4322164],[12.400217,47.4322154],[12.4002159,47.4322066],[12.4003251,47.4322005],[12.4003261,47.4322083],[12.4003857,47.432205],[12.4003968,47.4322961],[12.4002098,47.4323065]]]}},{"type":"Feature","id":"building-229073247","properties":{"kind":"building","name":"Alpine building","height":7.2},"geometry":{"type":"Polygon","coordinates":[[[12.3954944,47.4387781],[12.3956445,47.4387026],[12.3957195,47.4387708],[12.3955694,47.4388463],[12.3954944,47.4387781]]]}},{"type":"Feature","id":"building-229011323","properties":{"kind":"building","name":"Alpine building","height":7.2},"geometry":{"type":"Polygon","coordinates":[[[12.394639,47.4396297],[12.3946107,47.4394292],[12.3947735,47.4394187],[12.3948017,47.4396193],[12.394639,47.4396297]]]}},{"type":"Feature","id":"building-229010018","properties":{"kind":"building","name":"Alpine building","height":7.2},"geometry":{"type":"Polygon","coordinates":[[[12.3930749,47.4407904],[12.3929637,47.4407228],[12.3929818,47.4407091],[12.3930941,47.440775],[12.3930749,47.4407904]]]}},{"type":"Feature","id":"building-226305984","properties":{"kind":"building","name":"Alpine building","height":7.2},"geometry":{"type":"Polygon","coordinates":[[[12.3887934,47.4430393],[12.3888674,47.4429807],[12.3887575,47.4429173],[12.3886633,47.4429919],[12.3886694,47.4429954],[12.3886268,47.4430292],[12.3886966,47.4430696],[12.3887596,47.4430197],[12.3887934,47.4430393]]]}},{"type":"Feature","id":"building-229010017","properties":{"kind":"building","name":"Alpine building","height":7.2},"geometry":{"type":"Polygon","coordinates":[[[12.3929762,47.4407058],[12.3930422,47.4406579],[12.3930568,47.4406673],[12.3930749,47.4406664],[12.3931437,47.4407091],[12.3931492,47.4407571],[12.3931402,47.4407627],[12.3931339,47.440758],[12.3931027,47.4407801],[12.3930941,47.440775],[12.3929818,47.4407091],[12.3929762,47.4407058]]]}},{"type":"Feature","id":"building-229073245","properties":{"kind":"building","name":"Alpine building","height":7.2},"geometry":{"type":"Polygon","coordinates":[[[12.3955272,47.4390167],[12.3954958,47.4389683],[12.3954848,47.4389716],[12.3954235,47.4388768],[12.3952699,47.4389222],[12.3953364,47.439025],[12.3953737,47.4390139],[12.3953798,47.4390233],[12.3954298,47.4390085],[12.3954393,47.4390232],[12.3954499,47.4390396],[12.3955272,47.4390167]]]}},{"type":"Feature","id":"building-318867147","properties":{"kind":"building","name":"Alpine building","height":7.2},"geometry":{"type":"Polygon","coordinates":[[[12.3884516,47.4431353],[12.38848,47.4431258],[12.3885074,47.4431059],[12.3884885,47.4430944],[12.3884403,47.4431277],[12.3884516,47.4431353]]]}},{"type":"Feature","id":"building-231257093","properties":{"kind":"building","name":"Alpine building","height":7.2},"geometry":{"type":"Polygon","coordinates":[[[12.4000275,47.4330726],[12.4001002,47.4330209],[12.4000528,47.4329904],[12.3999801,47.4330421],[12.4000275,47.4330726]]]}},{"type":"Feature","id":"building-231256224","properties":{"kind":"building","name":"Alpine building","height":7.2},"geometry":{"type":"Polygon","coordinates":[[[12.3888865,47.4429865],[12.3889221,47.4429584],[12.3889529,47.4429762],[12.3889173,47.4430043],[12.3888865,47.4429865]]]}},{"type":"Feature","id":"building-231257119","properties":{"kind":"building","name":"Alpine building","height":7.2},"geometry":{"type":"Polygon","coordinates":[[[12.4002583,47.4324901],[12.4002117,47.4324268],[12.4003723,47.4323726],[12.4003959,47.4324046],[12.4003702,47.4324133],[12.4004016,47.4324559],[12.4003107,47.4324865],[12.4003024,47.4324753],[12.4002583,47.4324901]]]}},{"type":"Feature","id":"building-231257086","properties":{"kind":"building","name":"Alpine building","height":7.2},"geometry":{"type":"Polygon","coordinates":[[[12.4000688,47.4331335],[12.4000482,47.4331153],[12.4000769,47.4331005],[12.4000975,47.4331188],[12.4000688,47.4331335]]]}},{"type":"Feature","id":"building-231144917","properties":{"kind":"building","name":"Alpine building","height":7.2},"geometry":{"type":"Polygon","coordinates":[[[12.390514,47.442336],[12.3904474,47.4422921],[12.3905415,47.4422267],[12.3905727,47.4422051],[12.3906393,47.442249],[12.390514,47.442336]]]}},{"type":"Feature","id":"building-231257116","properties":{"kind":"building","name":"Alpine building","height":7.2},"geometry":{"type":"Polygon","coordinates":[[[12.4000849,47.4327908],[12.4002532,47.4327341],[12.4003311,47.4328397],[12.4001628,47.4328965],[12.4000849,47.4327908]]]}},{"type":"Feature","id":"building-229010019","properties":{"kind":"building","name":"Hotel Ludwig","height":7.2},"geometry":{"type":"Polygon","coordinates":[[[12.3927,47.4410023],[12.3928264,47.4408821],[12.3928411,47.4408892],[12.3928903,47.4408425],[12.3930356,47.4409124],[12.3929711,47.4409737],[12.3929921,47.4409838],[12.3928987,47.4410726],[12.3928455,47.441047],[12.3928278,47.4410638],[12.3927,47.4410023]]]}},{"type":"Feature","id":"building-318915573","properties":{"kind":"building","name":"Alpine building","height":7.2},"geometry":{"type":"Polygon","coordinates":[[[12.4012503,47.4277933],[12.4012952,47.4277708],[12.40125,47.4277296],[12.4012052,47.4277521],[12.4012503,47.4277933]]]}},{"type":"Feature","id":"building-229073248","properties":{"kind":"building","name":"Alpine building","height":7.2},"geometry":{"type":"Polygon","coordinates":[[[12.3956443,47.4389788],[12.39555,47.4388918],[12.395743,47.4387961],[12.3958378,47.4388836],[12.395797,47.4389038],[12.3958122,47.4389178],[12.3957397,47.4389538],[12.3957241,47.4389393],[12.3956443,47.4389788]]]}},{"type":"Feature","id":"building-231257118","properties":{"kind":"building","name":"Alpine building","height":7.2},"geometry":{"type":"Polygon","coordinates":[[[12.400435,47.4325006],[12.4004016,47.4324559],[12.4003702,47.4324133],[12.4003959,47.4324046],[12.4004937,47.4323713],[12.4005586,47.4324586],[12.400435,47.4325006]]]}},{"type":"Feature","id":"building-231256225","properties":{"kind":"building","name":"Alpine building","height":7.2},"geometry":{"type":"Polygon","coordinates":[[[12.3876772,47.4436002],[12.3877173,47.4435729],[12.3876795,47.4435475],[12.3876394,47.4435747],[12.3876772,47.4436002]]]}},{"type":"Feature","id":"building-231144912","properties":{"kind":"building","name":"Alpine building","height":7.2},"geometry":{"type":"Polygon","coordinates":[[[12.3906941,47.4422508],[12.3907332,47.4422225],[12.3907679,47.4422445],[12.3907289,47.4422728],[12.3906941,47.4422508]]]}},{"type":"Feature","id":"building-229011321","properties":{"kind":"building","name":"Alpine building","height":7.2},"geometry":{"type":"Polygon","coordinates":[[[12.3946744,47.4398219],[12.3946664,47.4396913],[12.3948186,47.439687],[12.3948266,47.4398177],[12.3946744,47.4398219]]]}},{"type":"Feature","id":"building-229011319","properties":{"kind":"building","name":"Alpine building","height":7.2},"geometry":{"type":"Polygon","coordinates":[[[12.3933045,47.4406997],[12.3934269,47.4406651],[12.3934711,47.4407365],[12.393415,47.4407523],[12.3934208,47.4407617],[12.3933545,47.4407805],[12.3933045,47.4406997]]]}},{"type":"Feature","id":"building-447695425","properties":{"kind":"building","name":"Alpine building","height":7.2},"geometry":{"type":"Polygon","coordinates":[[[12.3899316,47.4422071],[12.3899845,47.4421677],[12.3904512,47.4424525],[12.390478,47.4424843],[12.3904914,47.4425187],[12.390482,47.4425505],[12.3904485,47.4425795],[12.3903653,47.4426294],[12.3903197,47.4425976],[12.3902674,47.4426285],[12.3902366,47.4426448],[12.3902124,47.4426267],[12.3901789,47.4426421],[12.3901373,47.4426058],[12.3901078,47.4426276],[12.3899336,47.4424948],[12.3901448,47.4423418],[12.3899316,47.4422071]]]}},{"type":"Feature","id":"building-93820409","properties":{"kind":"building","name":"Schweizerhof","height":7.2},"geometry":{"type":"Polygon","coordinates":[[[12.388476,47.4431643],[12.3882954,47.4432913],[12.3882786,47.4432803],[12.3882068,47.4433308],[12.3883376,47.4434159],[12.388361,47.4433994],[12.388431,47.443445],[12.3884494,47.4434321],[12.3885253,47.4433788],[12.3885402,47.4433683],[12.3886101,47.4434138],[12.3887292,47.4433301],[12.3886366,47.4432698],[12.3886482,47.4432617],[12.3885741,47.4432135],[12.3885633,47.4432211],[12.388476,47.4431643]]]}},{"type":"Feature","id":"building-231257096","properties":{"kind":"building","name":"Alpine building","height":7.2},"geometry":{"type":"Polygon","coordinates":[[[12.4002101,47.4331902],[12.4001805,47.4331455],[12.4003105,47.4331062],[12.40034,47.4331509],[12.4002101,47.4331902]]]}},{"type":"Feature","id":"building-226299101","properties":{"kind":"building","name":"Alpine building","height":7.2},"geometry":{"type":"Polygon","coordinates":[[[12.3880075,47.4434829],[12.3881095,47.4434183],[12.3882227,47.443492],[12.3881241,47.4435603],[12.3880075,47.4434829]]]}},{"type":"Feature","id":"building-229075296","properties":{"kind":"building","name":"Alpine building","height":7.2},"geometry":{"type":"Polygon","coordinates":[[[12.395864,47.4389383],[12.3958223,47.438902],[12.3958853,47.4388742],[12.3958925,47.4388818],[12.39599,47.4388608],[12.3960106,47.4388926],[12.395864,47.4389383]]]}},{"type":"Feature","id":"building-231257117","properties":{"kind":"building","name":"Alpine building","height":7.2},"geometry":{"type":"Polygon","coordinates":[[[12.4005188,47.4328146],[12.4004097,47.4326987],[12.4004134,47.4326971],[12.400343,47.4326224],[12.4004627,47.4325708],[12.4005346,47.4326472],[12.4005237,47.4326519],[12.4005883,47.4327205],[12.4005549,47.4327349],[12.4005978,47.4327805],[12.4005188,47.4328146]]]}},{"type":"Feature","id":"building-244535775","properties":{"kind":"building","name":"Alpine building","height":7.2},"geometry":{"type":"Polygon","coordinates":[[[12.3490855,47.4315056],[12.3491692,47.4314148],[12.3490314,47.4313567],[12.3490079,47.4313823],[12.3490323,47.4313926],[12.3490114,47.4314152],[12.3490189,47.4314183],[12.3489796,47.431461],[12.3490855,47.4315056]]]}},{"type":"Feature","id":"building-304434719","properties":{"kind":"building","name":"Alpine building","height":7.2},"geometry":{"type":"Polygon","coordinates":[[[12.3703182,47.4456509],[12.3703942,47.4456851],[12.3704725,47.4456053],[12.3704083,47.4455765],[12.3703858,47.4455994],[12.3703739,47.4455941],[12.3703182,47.4456509]]]}},{"type":"Feature","id":"building-304434717","properties":{"kind":"building","name":"Alpine building","height":7.2},"geometry":{"type":"Polygon","coordinates":[[[12.3707931,47.4457041],[12.3708771,47.4456245],[12.3709545,47.4456619],[12.3709777,47.4456398],[12.3710496,47.4456745],[12.3709424,47.4457762],[12.3707931,47.4457041]]]}},{"type":"Feature","id":"building-226299116","properties":{"kind":"building","name":"Alpine building","height":7.2},"geometry":{"type":"Polygon","coordinates":[[[12.3878162,47.4436028],[12.3877682,47.4436366],[12.387792,47.4436521],[12.3878659,47.4437002],[12.3879042,47.4436733],[12.3879142,47.4436663],[12.3878162,47.4436028]]]}},{"type":"Feature","id":"building-229011326","properties":{"kind":"building","name":"Alpine building","height":7.2},"geometry":{"type":"Polygon","coordinates":[[[12.3935918,47.4406093],[12.3937254,47.4407709],[12.3938995,47.440705],[12.3937658,47.4405434],[12.3935918,47.4406093]]]}},{"type":"Feature","id":"building-531671229","properties":{"kind":"building","name":"Alpine building","height":7.2},"geometry":{"type":"Polygon","coordinates":[[[12.3949749,47.4397732],[12.3949595,47.4397212],[12.3950771,47.4397053],[12.3950925,47.4397573],[12.3949749,47.4397732]]]}},{"type":"Feature","id":"building-226299100","properties":{"kind":"building","name":"Alpine building","height":7.2},"geometry":{"type":"Polygon","coordinates":[[[12.3877254,47.4436962],[12.387792,47.4436521],[12.3878659,47.4437002],[12.3877963,47.4437451],[12.3877254,47.4436962]]]}},{"type":"Feature","id":"building-231256226","properties":{"kind":"building","name":"Alpine building","height":7.2},"geometry":{"type":"Polygon","coordinates":[[[12.3884896,47.4434597],[12.3884494,47.4434321],[12.3885253,47.4433788],[12.3885658,47.4434065],[12.3885515,47.443416],[12.3885611,47.4434226],[12.3885242,47.4434472],[12.3885163,47.4434418],[12.3884896,47.4434597]]]}},{"type":"Feature","id":"building-229073253","properties":{"kind":"building","name":"Alpine building","height":7.2},"geometry":{"type":"Polygon","coordinates":[[[12.3955428,47.4393657],[12.3955133,47.4392279],[12.3956676,47.4392128],[12.395697,47.4393506],[12.3955428,47.4393657]]]}},{"type":"Feature","id":"building-226299117","properties":{"kind":"building","name":"Alpine building","height":7.2},"geometry":{"type":"Polygon","coordinates":[[[12.3884006,47.4435445],[12.3882707,47.4434587],[12.3882227,47.443492],[12.3881241,47.4435603],[12.3880737,47.4435952],[12.3881563,47.4436505],[12.3882055,47.4436813],[12.3884006,47.4435445]]]}},{"type":"Feature","id":"building-226305978","properties":{"kind":"building","name":"Alpine building","height":7.2},"geometry":{"type":"Polygon","coordinates":[[[12.3889861,47.4431772],[12.3889704,47.4431956],[12.3889671,47.4432114],[12.3889709,47.4432293],[12.3889823,47.4432439],[12.3889966,47.4432592],[12.3890183,47.4432763],[12.38904,47.4432889],[12.3890656,47.443299],[12.3890975,47.4433063],[12.3891188,47.4433089],[12.3891191,47.4432854],[12.3891266,47.4432691],[12.3891393,47.4432529],[12.3891556,47.4432411],[12.3891779,47.4432307],[12.3891997,47.4432254],[12.3892214,47.4432261],[12.3891649,47.443165],[12.389118,47.4431537],[12.3891022,47.4431505],[12.3890819,47.4431498],[12.389064,47.4431492],[12.3890417,47.4431522],[12.3890247,47.4431564],[12.3890095,47.4431619],[12.3889969,47.4431685],[12.3889861,47.4431772]]]}},{"type":"Feature","id":"building-197899570","properties":{"kind":"building","name":"Alpine building","height":7.2},"geometry":{"type":"Polygon","coordinates":[[[12.3974125,47.4186732],[12.3975573,47.418471],[12.397709,47.4185208],[12.3976646,47.4185827],[12.397703,47.4185953],[12.3976026,47.4187355],[12.3974125,47.4186732]]]}},{"type":"Feature","id":"building-226299112","properties":{"kind":"building","name":"Alpine building","height":7.2},"geometry":{"type":"Polygon","coordinates":[[[12.3879042,47.4436733],[12.3879142,47.4436663],[12.3879194,47.4436696],[12.3880362,47.4435871],[12.3880612,47.4436033],[12.3880737,47.4435952],[12.3881563,47.4436505],[12.3880816,47.4437051],[12.3880196,47.443748],[12.3879042,47.4436733]]]}},{"type":"Feature","id":"building-231144922","properties":{"kind":"building","name":"Alpine building","height":7.2},"geometry":{"type":"Polygon","coordinates":[[[12.3905336,47.4424404],[12.3906198,47.4423799],[12.3907065,47.4424398],[12.3907331,47.4424063],[12.39084,47.4423367],[12.39096,47.442415],[12.3909817,47.4424289],[12.390971,47.4424366],[12.3909261,47.442468],[12.3909044,47.4424538],[12.3907358,47.4425722],[12.3905336,47.4424404]]]}},{"type":"Feature","id":"building-229072688","properties":{"kind":"building","name":"Hotel Edelweiss","height":10.3},"geometry":{"type":"Polygon","coordinates":[[[12.3922222,47.441532],[12.3922872,47.4414593],[12.3923237,47.4414722],[12.392341,47.4414434],[12.3924667,47.4414915],[12.3925387,47.4414364],[12.3927755,47.4415836],[12.3926497,47.4416692],[12.3925058,47.4415819],[12.3924815,47.4416077],[12.3924546,47.4416],[12.3924624,47.4415895],[12.392426,47.4415736],[12.392406,47.4415971],[12.3922222,47.441532]]]}},{"type":"Feature","id":"building-320161705","properties":{"kind":"building","name":"Alpine building","height":7.2},"geometry":{"type":"Polygon","coordinates":[[[12.3489345,47.4315508],[12.3488971,47.4315255],[12.3489316,47.4315021],[12.3489691,47.4315274],[12.3489345,47.4315508]]]}},{"type":"Feature","id":"building-304434707","properties":{"kind":"building","name":"Alpine building","height":7.2},"geometry":{"type":"Polygon","coordinates":[[[12.371066,47.4458553],[12.3711343,47.4457833],[12.3710924,47.4457651],[12.3711073,47.4457493],[12.3710813,47.445738],[12.3710453,47.445776],[12.3710902,47.4457954],[12.3710429,47.4458452],[12.371066,47.4458553]]]}},{"type":"Feature","id":"building-229011318","properties":{"kind":"building","name":"Alpine building","height":7.2},"geometry":{"type":"Polygon","coordinates":[[[12.3933181,47.440862],[12.3935094,47.4408279],[12.3935269,47.4408729],[12.3935808,47.4408633],[12.3936107,47.4409401],[12.3935936,47.4409432],[12.3936017,47.4409639],[12.3935386,47.4409753],[12.3935071,47.4409809],[12.3935008,47.4409648],[12.3934441,47.440975],[12.3934126,47.4409805],[12.3934005,47.4409496],[12.3933554,47.4409576],[12.3933181,47.440862]]]}},{"type":"Feature","id":"building-244535739","properties":{"kind":"building","name":"Alpine building","height":7.2},"geometry":{"type":"Polygon","coordinates":[[[12.3488427,47.4314754],[12.3488342,47.4314809],[12.3488971,47.4315255],[12.3489316,47.4315021],[12.3489506,47.4314904],[12.3489373,47.431481],[12.3489509,47.4314722],[12.3488688,47.4314167],[12.3488114,47.4314573],[12.3488427,47.4314754]]]}},{"type":"Feature","id":"building-304434698","properties":{"kind":"building","name":"Alpine building","height":7.2},"geometry":{"type":"Polygon","coordinates":[[[12.3709962,47.4458214],[12.3710453,47.445776],[12.3710902,47.4457954],[12.3710429,47.4458452],[12.3709962,47.4458214]]]}},{"type":"Feature","id":"building-304664925","properties":{"kind":"building","name":"Alpine building","height":7.2},"geometry":{"type":"Polygon","coordinates":[[[12.3798752,47.4457138],[12.3799473,47.4456116],[12.3801202,47.4456674],[12.3800481,47.4457696],[12.3798752,47.4457138]]]}},{"type":"Feature","id":"building-226305988","properties":{"kind":"building","name":"Hahnenkammbahn Talstation","height":7.2},"geometry":{"type":"Polygon","coordinates":[[[12.3891428,47.4431429],[12.3892722,47.4430846],[12.3893147,47.4431262],[12.389337,47.4431158],[12.3894232,47.4432],[12.389435,47.4432116],[12.389526,47.4433006],[12.3893695,47.4433764],[12.3893508,47.4433578],[12.3892214,47.4432261],[12.3891649,47.443165],[12.3891428,47.4431429]]]}},{"type":"Feature","id":"building-318853978","properties":{"kind":"building","name":"Alpine building","height":7.2},"geometry":{"type":"Polygon","coordinates":[[[12.3706524,47.4457883],[12.3706236,47.44577],[12.3705913,47.4457931],[12.3706201,47.4458115],[12.3706524,47.4457883]]]}},{"type":"Feature","id":"building-317109527","properties":{"kind":"building","name":"Alpine building","height":7.2},"geometry":{"type":"Polygon","coordinates":[[[12.3881309,47.4437359],[12.3880816,47.4437051],[12.3881563,47.4436505],[12.3882055,47.4436813],[12.3881309,47.4437359]]]}},{"type":"Feature","id":"building-841590503","properties":{"kind":"building","name":"Alpine building","height":7.2},"geometry":{"type":"Polygon","coordinates":[[[12.3488114,47.4314573],[12.3487122,47.4313931],[12.3487753,47.4313484],[12.3488746,47.4314126],[12.3488688,47.4314167],[12.3488114,47.4314573]]]}},{"type":"Feature","id":"building-231144926","properties":{"kind":"building","name":"Alpine building","height":7.2},"geometry":{"type":"Polygon","coordinates":[[[12.3903823,47.4427107],[12.3905199,47.4426156],[12.390612,47.4426766],[12.3905255,47.4427364],[12.390497,47.4427176],[12.390446,47.4427529],[12.3903823,47.4427107]]]}},{"type":"Feature","id":"building-231144919","properties":{"kind":"building","name":"Alpine building","height":7.2},"geometry":{"type":"Polygon","coordinates":[[[12.39103,47.4425461],[12.3911339,47.4424722],[12.3910002,47.4423863],[12.39096,47.442415],[12.3909817,47.4424289],[12.390971,47.4424366],[12.390994,47.4424514],[12.3909411,47.4424891],[12.39103,47.4425461]]]}},{"type":"Feature","id":"building-229011314","properties":{"kind":"building","name":"Alpine building","height":7.2},"geometry":{"type":"Polygon","coordinates":[[[12.393353,47.4411352],[12.3933214,47.4410496],[12.3934641,47.4410254],[12.3934702,47.4410418],[12.3935011,47.4410366],[12.3935267,47.4411058],[12.393353,47.4411352]]]}},{"type":"Feature","id":"building-231257113","properties":{"kind":"building","name":"Alpine building","height":7.2},"geometry":{"type":"Polygon","coordinates":[[[12.4003871,47.4332441],[12.4004721,47.4331195],[12.4007489,47.4332059],[12.400664,47.4333305],[12.4003871,47.4332441]]]}},{"type":"Feature","id":"building-226299106","properties":{"kind":"building","name":"Alpine building","height":7.2},"geometry":{"type":"Polygon","coordinates":[[[12.3875321,47.4440837],[12.3873756,47.443916],[12.3874991,47.4438633],[12.3875805,47.4439506],[12.3876064,47.4439396],[12.3876814,47.44402],[12.3875321,47.4440837]]]}},{"type":"Feature","id":"building-226305977","properties":{"kind":"building","name":"Alpine building","height":7.2},"geometry":{"type":"Polygon","coordinates":[[[12.3892561,47.443372],[12.3892207,47.443372],[12.3891879,47.4433651],[12.3891585,47.4433533],[12.3891395,47.4433371],[12.3891188,47.4433089],[12.3891191,47.4432854],[12.3891266,47.4432691],[12.3891393,47.4432529],[12.3891556,47.4432411],[12.3891779,47.4432307],[12.3891997,47.4432254],[12.3892214,47.4432261],[12.3893508,47.4433578],[12.3893321,47.443347],[12.3893093,47.4433566],[12.3892903,47.4433634],[12.3892738,47.4433686],[12.3892561,47.443372]]]}},{"type":"Feature","id":"building-244535744","properties":{"kind":"building","name":"Alpine building","height":7.2},"geometry":{"type":"Polygon","coordinates":[[[12.3488766,47.431844],[12.3489441,47.4317154],[12.3488583,47.4316941],[12.3488223,47.4317177],[12.3487725,47.4318231],[12.3488766,47.431844]]]}},{"type":"Feature","id":"building-320635698","properties":{"kind":"building","name":"Alpine building","height":7.2},"geometry":{"type":"Polygon","coordinates":[[[12.4004685,47.4334264],[12.400479,47.4333782],[12.4005505,47.4333854],[12.40054,47.4334336],[12.4004685,47.4334264]]]}},{"type":"Feature","id":"building-447695427","properties":{"kind":"building","name":"Alpine building","height":7.2},"geometry":{"type":"Polygon","coordinates":[[[12.39006,47.4429733],[12.3900241,47.442942],[12.3900847,47.4429102],[12.3901206,47.4429416],[12.39006,47.4429733]]]}},{"type":"Feature","id":"building-229011302","properties":{"kind":"building","name":"Alpine building","height":7.2},"geometry":{"type":"Polygon","coordinates":[[[12.3935335,47.4411211],[12.3935267,47.4411058],[12.3935011,47.4410366],[12.3934702,47.4410418],[12.3934641,47.4410254],[12.3934441,47.440975],[12.3935008,47.4409648],[12.3935071,47.4409809],[12.3935386,47.4409753],[12.3936017,47.4409639],[12.3936064,47.4409631],[12.3936244,47.441009],[12.3936374,47.4410066],[12.3936699,47.4410895],[12.3936724,47.4410955],[12.3935876,47.4411121],[12.3935335,47.4411211]]]}},{"type":"Feature","id":"building-737673599","properties":{"kind":"building","name":"Alpine building","height":7.2},"geometry":{"type":"Polygon","coordinates":[[[12.3942439,47.4406982],[12.394184,47.4407112],[12.3941107,47.4407279],[12.3941068,47.4407279],[12.3940598,47.4406275],[12.3940972,47.4406195],[12.3940877,47.4405991],[12.3941226,47.4405916],[12.3941163,47.4405782],[12.394181,47.4405643],[12.3942439,47.4406982]]]}},{"type":"Feature","id":"building-226299114","properties":{"kind":"building","name":"Alpine building","height":7.2},"geometry":{"type":"Polygon","coordinates":[[[12.3877606,47.4439693],[12.3876531,47.4438828],[12.3877851,47.4438077],[12.3878369,47.4438494],[12.3879141,47.4438055],[12.3879819,47.4438601],[12.3879035,47.4439047],[12.3878914,47.443895],[12.3877606,47.4439693]]]}},{"type":"Feature","id":"building-229011320","properties":{"kind":"building","name":"Alpine building","height":7.2},"geometry":{"type":"Polygon","coordinates":[[[12.3947016,47.4402914],[12.3946961,47.4402799],[12.3946423,47.4401678],[12.3947844,47.4401367],[12.3948436,47.4402603],[12.3947016,47.4402914]]]}},{"type":"Feature","id":"building-229075293","properties":{"kind":"building","name":"Alpine building","height":7.2},"geometry":{"type":"Polygon","coordinates":[[[12.3960852,47.4390162],[12.3961695,47.4389816],[12.3963132,47.4391416],[12.3962289,47.4391763],[12.3960852,47.4390162]]]}},{"type":"Feature","id":"building-244535776","properties":{"kind":"building","name":"Alpine building","height":7.2},"geometry":{"type":"Polygon","coordinates":[[[12.3487591,47.4316838],[12.3488827,47.4315885],[12.3487704,47.4315218],[12.3487189,47.4315615],[12.3486855,47.4315872],[12.3486467,47.4316171],[12.3487591,47.4316838]]]}},{"type":"Feature","id":"building-229011317","properties":{"kind":"building","name":"Alpine building","height":7.2},"geometry":{"type":"Polygon","coordinates":[[[12.394641,47.4402934],[12.3946961,47.4402799],[12.3947016,47.4402914],[12.3947035,47.4402986],[12.3947022,47.4403094],[12.3946945,47.440316],[12.3946862,47.4403197],[12.3946577,47.4403249],[12.394641,47.4402934]]]}},{"type":"Feature","id":"building-229072685","properties":{"kind":"building","name":"Alpine building","height":7.2},"geometry":{"type":"Polygon","coordinates":[[[12.3933574,47.4411836],[12.3934327,47.441167],[12.3934491,47.4412012],[12.3934115,47.4412095],[12.3933738,47.4412178],[12.3933574,47.4411836]]]}},{"type":"Feature","id":"building-320161708","properties":{"kind":"building","name":"Alpine building","height":7.2},"geometry":{"type":"Polygon","coordinates":[[[12.3488714,47.4318854],[12.3487415,47.4318511],[12.3486667,47.4319808],[12.3487968,47.4320151],[12.3488318,47.4319544],[12.3488648,47.4319631],[12.3488955,47.4319099],[12.3488624,47.4319011],[12.3488714,47.4318854]]]}},{"type":"Feature","id":"building-226306792","properties":{"kind":"building","name":"Alpine building","height":7.2},"geometry":{"type":"Polygon","coordinates":[[[12.388853,47.443509],[12.388967,47.4434353],[12.3890548,47.4434974],[12.3889332,47.443576],[12.388875,47.4435363],[12.3888838,47.4435308],[12.388853,47.443509]]]}},{"type":"Feature","id":"building-229011303","properties":{"kind":"building","name":"Alpine building","height":7.2},"geometry":{"type":"Polygon","coordinates":[[[12.394181,47.4405643],[12.3942658,47.4405462],[12.3942695,47.4405541],[12.3943039,47.4405468],[12.3943137,47.4405677],[12.3943456,47.4405608],[12.3943909,47.4406577],[12.3943326,47.4406702],[12.3943366,47.4406787],[12.3943237,47.440681],[12.3942439,47.4406982],[12.394181,47.4405643]]]}},{"type":"Feature","id":"building-320161704","properties":{"kind":"building","name":"Alpine building","height":4.1},"geometry":{"type":"Polygon","coordinates":[[[12.3486477,47.4315672],[12.348679,47.4315402],[12.3487189,47.4315615],[12.3486855,47.4315872],[12.3486477,47.4315672]]]}},{"type":"Feature","id":"building-226299097","properties":{"kind":"building","name":"Haus Ingeborg","height":7.2},"geometry":{"type":"Polygon","coordinates":[[[12.3873237,47.4441784],[12.3873101,47.4441641],[12.3872438,47.4440942],[12.3873804,47.4440349],[12.3874603,47.4441192],[12.3873463,47.4441686],[12.3873237,47.4441784]]]}},{"type":"Feature","id":"building-229072686","properties":{"kind":"building","name":"Alpine building","height":7.2},"geometry":{"type":"Polygon","coordinates":[[[12.3933352,47.4413023],[12.3933024,47.4412348],[12.3933738,47.4412178],[12.3934115,47.4412095],[12.3934448,47.4412779],[12.3933352,47.4413023]]]}},{"type":"Feature","id":"building-488930015","properties":{"kind":"building","name":"Alpine building","height":7.2},"geometry":{"type":"Polygon","coordinates":[[[12.3896638,47.4432307],[12.3896532,47.4432214],[12.3896479,47.4432117],[12.3896473,47.4432013],[12.3896517,47.4431913],[12.3896604,47.4431827],[12.3896738,47.4431761],[12.3896896,47.443173],[12.3897061,47.4431736],[12.3897213,47.4431779],[12.3897334,47.4431855],[12.389741,47.4431954],[12.3897433,47.4432064],[12.3897399,47.4432174],[12.389732,47.4432263],[12.3897204,47.4432331],[12.3897061,47.4432371],[12.3896908,47.4432378],[12.3896802,47.4432493],[12.3896571,47.4432422],[12.3896638,47.4432307]]]}},{"type":"Feature","id":"building-304664922","properties":{"kind":"building","name":"Alpine building","height":7.2},"geometry":{"type":"Polygon","coordinates":[[[12.3807945,47.4456964],[12.3807246,47.4457188],[12.3807123,47.4457362],[12.3807074,47.445747],[12.3807393,47.445791],[12.3807823,47.445801],[12.3808497,47.4457802],[12.3808657,47.445757],[12.3808424,47.4457122],[12.3807945,47.4456964]]]}},{"type":"Feature","id":"building-304664924","properties":{"kind":"building","name":"Alpine building","height":7.2},"geometry":{"type":"Polygon","coordinates":[[[12.3804633,47.4458126],[12.3805332,47.4456823],[12.3807013,47.4457205],[12.3806976,47.4457346],[12.3807123,47.4457362],[12.3807074,47.445747],[12.3807393,47.445791],[12.3807823,47.445801],[12.3807332,47.4458806],[12.3804633,47.4458126]]]}},{"type":"Feature","id":"building-229011315","properties":{"kind":"building","name":"Alpine building","height":7.2},"geometry":{"type":"Polygon","coordinates":[[[12.394126,47.4407587],[12.3941107,47.4407279],[12.394184,47.4407112],[12.3941932,47.4407296],[12.3942445,47.4407179],[12.3942507,47.4407304],[12.394126,47.4407587]]]}},{"type":"Feature","id":"building-231257104","properties":{"kind":"building","name":"Alpine building","height":7.2},"geometry":{"type":"Polygon","coordinates":[[[12.4007672,47.4329905],[12.4008419,47.4329048],[12.4009002,47.4329273],[12.400893,47.4329359],[12.4009372,47.4329529],[12.4008765,47.4330265],[12.4007672,47.4329905]]]}},{"type":"Feature","id":"building-226306789","properties":{"kind":"building","name":"Alpine building","height":7.2},"geometry":{"type":"Polygon","coordinates":[[[12.3887822,47.4435987],[12.388875,47.4435363],[12.3889332,47.443576],[12.3889487,47.4435865],[12.3888444,47.4436565],[12.3887775,47.4436109],[12.3887889,47.4436033],[12.3887822,47.4435987]]]}},{"type":"Feature","id":"building-229011312","properties":{"kind":"building","name":"Alpine building","height":7.2},"geometry":{"type":"Polygon","coordinates":[[[12.3941932,47.4407296],[12.3942445,47.4407179],[12.3943322,47.4406987],[12.3943237,47.440681],[12.3942439,47.4406982],[12.394184,47.4407112],[12.3941932,47.4407296]]]}},{"type":"Feature","id":"building-229011313","properties":{"kind":"building","name":"Alpine building","height":7.2},"geometry":{"type":"Polygon","coordinates":[[[12.3937254,47.4411119],[12.3937122,47.4410812],[12.3936699,47.4410895],[12.3936724,47.4410955],[12.3935876,47.4411121],[12.3935982,47.4411369],[12.3937254,47.4411119]]]}},{"type":"Feature","id":"building-317109533","properties":{"kind":"building","name":"Alpine building","height":7.2},"geometry":{"type":"Polygon","coordinates":[[[12.3873791,47.44419],[12.3873463,47.4441686],[12.3873237,47.4441784],[12.3873101,47.4441641],[12.3872696,47.4441936],[12.3873248,47.4442273],[12.3873791,47.44419]]]}},{"type":"Feature","id":"building-229072689","properties":{"kind":"building","name":"Alpine building","height":7.2},"geometry":{"type":"Polygon","coordinates":[[[12.3927125,47.4416933],[12.3927743,47.4416492],[12.3927972,47.4416639],[12.3928099,47.4416548],[12.3928592,47.4416864],[12.3927906,47.4417243],[12.3927125,47.4416933]]]}},{"type":"Feature","id":"building-447695426","properties":{"kind":"building","name":"Alpine building","height":7.2},"geometry":{"type":"Polygon","coordinates":[[[12.3886713,47.4436783],[12.3887118,47.4437145],[12.3887629,47.4436883],[12.3887224,47.4436522],[12.3886713,47.4436783]]]}},{"type":"Feature","id":"building-1317331954","properties":{"kind":"building","name":"Alpine building","height":7.2},"geometry":{"type":"Polygon","coordinates":[[[12.3911132,47.4426534],[12.3909634,47.4427313],[12.3909579,47.4427283],[12.3909289,47.4427473],[12.3908563,47.4427027],[12.3908661,47.4426974],[12.39087,47.4426986],[12.3908913,47.4426837],[12.3909061,47.4426938],[12.3910572,47.4426121],[12.3911132,47.4426534]]]}},{"type":"Feature","id":"building-229011306","properties":{"kind":"building","name":"Alpine building","height":7.2},"geometry":{"type":"Polygon","coordinates":[[[12.3940666,47.4408982],[12.3940459,47.4408658],[12.3940775,47.4408565],[12.3940982,47.440889],[12.3940666,47.4408982]]]}},{"type":"Feature","id":"building-317109531","properties":{"kind":"building","name":"Alpine building","height":7.2},"geometry":{"type":"Polygon","coordinates":[[[12.3883831,47.4438771],[12.388375,47.4438704],[12.3883054,47.4438129],[12.3884751,47.443719],[12.3885528,47.4437832],[12.3883831,47.4438771]]]}},{"type":"Feature","id":"building-229011316","properties":{"kind":"building","name":"Alpine building","height":7.2},"geometry":{"type":"Polygon","coordinates":[[[12.3947695,47.4405169],[12.3947151,47.4404918],[12.3946703,47.4405362],[12.3946493,47.4405265],[12.3946154,47.4405601],[12.3945914,47.440549],[12.3945692,47.440571],[12.3944948,47.4405367],[12.3945185,47.4405132],[12.394502,47.4405056],[12.3946122,47.4403962],[12.3946405,47.4404093],[12.3946725,47.4403776],[12.3948346,47.4404523],[12.3947695,47.4405169]]]}},{"type":"Feature","id":"building-226299091","properties":{"kind":"building","name":"Rasmushof","height":7.2},"geometry":{"type":"Polygon","coordinates":[[[12.3850367,47.4449252],[12.3851339,47.4450019],[12.3852339,47.4450808],[12.3853206,47.4450306],[12.3853029,47.4450167],[12.3855634,47.4448658],[12.385611,47.4448382],[12.38563,47.4448532],[12.3857504,47.4447834],[12.3858304,47.444737],[12.3856329,47.4445813],[12.3856236,47.4445867],[12.3854447,47.4446904],[12.3854215,47.4446721],[12.3853075,47.4447381],[12.3853295,47.4447555],[12.3850367,47.4449252]]]}},{"type":"Feature","id":"building-447695429","properties":{"kind":"building","name":"Alpine building","height":7.2},"geometry":{"type":"Polygon","coordinates":[[[12.3881042,47.4439486],[12.3881505,47.443994],[12.388375,47.4438704],[12.3883054,47.4438129],[12.3881042,47.4439486]]]}},{"type":"Feature","id":"building-231257115","properties":{"kind":"building","name":"Alpine building","height":7.2},"geometry":{"type":"Polygon","coordinates":[[[12.4010612,47.4329974],[12.4011381,47.4329003],[12.4009696,47.4328393],[12.4009002,47.4329273],[12.400893,47.4329359],[12.4009372,47.4329529],[12.4010612,47.4329974]]]}},{"type":"Feature","id":"building-229072687","properties":{"kind":"building","name":"Alpine building","height":7.2},"geometry":{"type":"Polygon","coordinates":[[[12.3930203,47.4415115],[12.3931625,47.441493],[12.393186,47.441576],[12.3930438,47.4415945],[12.3930203,47.4415115]]]}},{"type":"Feature","id":"building-318867119","properties":{"kind":"building","name":"Alpine building","height":7.2},"geometry":{"type":"Polygon","coordinates":[[[12.3898426,47.4432902],[12.3899185,47.4432524],[12.3899005,47.4432359],[12.3898954,47.4432312],[12.3898195,47.4432689],[12.3898426,47.4432902]]]}},{"type":"Feature","id":"building-229075294","properties":{"kind":"building","name":"Alpine building","height":7.2},"geometry":{"type":"Polygon","coordinates":[[[12.3954225,47.4399438],[12.3954748,47.4398707],[12.395549,47.439895],[12.3954968,47.4399681],[12.3954225,47.4399438]]]}},{"type":"Feature","id":"building-317109529","properties":{"kind":"building","name":"Alpine building","height":7.2},"geometry":{"type":"Polygon","coordinates":[[[12.3889698,47.443676],[12.3889991,47.4436585],[12.3889627,47.4436307],[12.3889334,47.4436483],[12.3889698,47.443676]]]}},{"type":"Feature","id":"building-229011304","properties":{"kind":"building","name":"Alpine building","height":7.2},"geometry":{"type":"Polygon","coordinates":[[[12.3944578,47.4406938],[12.3944706,47.4406665],[12.3944988,47.4406726],[12.3944859,47.4406999],[12.3944578,47.4406938]]]}},{"type":"Feature","id":"building-304434720","properties":{"kind":"building","name":"Alpine building","height":7.2},"geometry":{"type":"Polygon","coordinates":[[[12.3660479,47.4452858],[12.3661381,47.4452348],[12.3662056,47.4452894],[12.3661155,47.4453404],[12.3660479,47.4452858]]]}},{"type":"Feature","id":"building-318853979","properties":{"kind":"building","name":"Alpine building","height":7.2},"geometry":{"type":"Polygon","coordinates":[[[12.3706911,47.4460742],[12.370691,47.4460608],[12.3707113,47.4460607],[12.3707115,47.4460742],[12.3706911,47.4460742]]]}},{"type":"Feature","id":"building-317109530","properties":{"kind":"building","name":"Alpine building","height":7.2},"geometry":{"type":"Polygon","coordinates":[[[12.3887673,47.4437846],[12.3887354,47.4437546],[12.388793,47.4437266],[12.3888249,47.4437565],[12.3887673,47.4437846]]]}},{"type":"Feature","id":"building-318857369","properties":{"kind":"building","name":"Alpine building","height":7.2},"geometry":{"type":"Polygon","coordinates":[[[12.3789017,47.4461257],[12.3788648,47.4461489],[12.3788202,47.4461164],[12.3788572,47.4460932],[12.3789017,47.4461257]]]}},{"type":"Feature","id":"building-226306787","properties":{"kind":"building","name":"Alpine building","height":7.2},"geometry":{"type":"Polygon","coordinates":[[[12.3890421,47.4436117],[12.3891259,47.4435711],[12.3891998,47.4436408],[12.389116,47.4436814],[12.3890421,47.4436117]]]}},{"type":"Feature","id":"building-226306788","properties":{"kind":"building","name":"Alpine building","height":7.2},"geometry":{"type":"Polygon","coordinates":[[[12.3894973,47.443468],[12.3897401,47.443344],[12.3897635,47.443365],[12.3895207,47.4434889],[12.3894973,47.443468]]]}},{"type":"Feature","id":"building-231257105","properties":{"kind":"building","name":"Alpine building","height":7.2},"geometry":{"type":"Polygon","coordinates":[[[12.4008291,47.4332447],[12.4009462,47.433131],[12.4010843,47.4331961],[12.4009294,47.4333464],[12.4009116,47.433338],[12.4009493,47.4333014],[12.4008291,47.4332447]]]}},{"type":"Feature","id":"building-306124010","properties":{"kind":"building","name":"Alpine building","height":7.2},"geometry":{"type":"Polygon","coordinates":[[[12.372138,47.40983],[12.3720828,47.4096959],[12.3719941,47.4097127],[12.372,47.409727],[12.3719196,47.4097421],[12.3719584,47.4098363],[12.3720544,47.4098182],[12.372065,47.4098438],[12.372138,47.40983]]]}},{"type":"Feature","id":"building-320161703","properties":{"kind":"building","name":"Alpine building","height":7.2},"geometry":{"type":"Polygon","coordinates":[[[12.3485392,47.4320427],[12.3485293,47.4320269],[12.3485491,47.4320212],[12.348559,47.432037],[12.3485392,47.4320427]]]}},{"type":"Feature","id":"building-229075295","properties":{"kind":"building","name":"Alpine building","height":7.2},"geometry":{"type":"Polygon","coordinates":[[[12.3964314,47.4391426],[12.3965635,47.4390503],[12.3966797,47.4391265],[12.3965476,47.4392187],[12.3964314,47.4391426]]]}},{"type":"Feature","id":"building-197896354","properties":{"kind":"building","name":"Alpine building","height":7.2},"geometry":{"type":"Polygon","coordinates":[[[12.4020413,47.429137],[12.4019238,47.4292034],[12.4019751,47.429245],[12.4020404,47.4292979],[12.4020566,47.429311],[12.4020853,47.4292948],[12.4021683,47.4292479],[12.4021741,47.4292446],[12.4021405,47.4292174],[12.4020905,47.4291769],[12.4020413,47.429137]]]}},{"type":"Feature","id":"building-304664916","properties":{"kind":"building","name":"Alpine building","height":7.2},"geometry":{"type":"Polygon","coordinates":[[[12.3817714,47.4457637],[12.3818369,47.4457215],[12.3818964,47.4457637],[12.3818308,47.4458059],[12.3817714,47.4457637]]]}},{"type":"Feature","id":"building-229011301","properties":{"kind":"building","name":"Alpine building","height":7.2},"geometry":{"type":"Polygon","coordinates":[[[12.3944951,47.4408549],[12.3944666,47.4408084],[12.3944076,47.4408305],[12.3943861,47.4408018],[12.3942992,47.4408357],[12.3942124,47.4408122],[12.3941832,47.4408944],[12.3942561,47.4409146],[12.3942554,47.4409254],[12.3943166,47.4409311],[12.3943652,47.4409193],[12.3943631,47.440909],[12.3944254,47.4408826],[12.3944807,47.4408617],[12.3944951,47.4408549]]]}},{"type":"Feature","id":"building-324881412","properties":{"kind":"building","name":"Alpine building","height":7.2},"geometry":{"type":"Polygon","coordinates":[[[12.3856889,47.4449723],[12.3858627,47.4448785],[12.3857504,47.4447834],[12.38563,47.4448532],[12.385611,47.4448382],[12.3855634,47.4448658],[12.3856129,47.4449078],[12.3856544,47.4449429],[12.3856889,47.4449723]]]}},{"type":"Feature","id":"building-229011309","properties":{"kind":"building","name":"Alpine building","height":7.2},"geometry":{"type":"Polygon","coordinates":[[[12.3947912,47.4406904],[12.3947124,47.4406166],[12.3946122,47.4406655],[12.394691,47.4407393],[12.3947912,47.4406904]]]}},{"type":"Feature","id":"building-320161172","properties":{"kind":"building","name":"Alpine building","height":7.2},"geometry":{"type":"Polygon","coordinates":[[[12.3478115,47.4269954],[12.3478304,47.4269587],[12.3478866,47.4269719],[12.3478677,47.4270087],[12.3478115,47.4269954]]]}},{"type":"Feature","id":"building-229011308","properties":{"kind":"building","name":"Alpine building","height":7.2},"geometry":{"type":"Polygon","coordinates":[[[12.3945459,47.4407627],[12.3945853,47.440715],[12.3946694,47.4407468],[12.39463,47.4407945],[12.3945459,47.4407627]]]}},{"type":"Feature","id":"building-320161706","properties":{"kind":"building","name":"Alpine building","height":7.2},"geometry":{"type":"Polygon","coordinates":[[[12.3484054,47.4320403],[12.3484617,47.4320172],[12.3484811,47.4320389],[12.3484683,47.4320441],[12.3484647,47.4320401],[12.3484212,47.4320579],[12.3484054,47.4320403]]]}},{"type":"Feature","id":"building-320161171","properties":{"kind":"building","name":"Alpine building","height":7.2},"geometry":{"type":"Polygon","coordinates":[[[12.347819,47.429396],[12.347823,47.4293359],[12.3479041,47.4293383],[12.3479002,47.4293984],[12.347819,47.429396]]]}},{"type":"Feature","id":"building-1195193119","properties":{"kind":"building","name":"Alpine building","height":7.2},"geometry":{"type":"Polygon","coordinates":[[[12.3951124,47.4404802],[12.3950292,47.4404933],[12.3950395,47.4404275],[12.3950954,47.4404179],[12.3951124,47.4404802]]]}},{"type":"Feature","id":"building-320161707","properties":{"kind":"building","name":"Alpine building","height":7.2},"geometry":{"type":"Polygon","coordinates":[[[12.3484647,47.4320401],[12.3484212,47.4320579],[12.3483237,47.4320975],[12.3484325,47.43222],[12.3485736,47.4321628],[12.3484683,47.4320441],[12.3484647,47.4320401]]]}},{"type":"Feature","id":"building-231257114","properties":{"kind":"building","name":"Alpine building","height":7.2},"geometry":{"type":"Polygon","coordinates":[[[12.4010865,47.433423],[12.4012452,47.4332737],[12.4010843,47.4331961],[12.4009294,47.4333464],[12.4010865,47.433423]]]}},{"type":"Feature","id":"building-229011310","properties":{"kind":"building","name":"Alpine building","height":7.2},"geometry":{"type":"Polygon","coordinates":[[[12.3944665,47.4409321],[12.3944254,47.4408826],[12.3944807,47.4408617],[12.3945217,47.4409111],[12.3944665,47.4409321]]]}},{"type":"Feature","id":"building-725496267","properties":{"kind":"building","name":"Alpine building","height":7.2},"geometry":{"type":"Polygon","coordinates":[[[12.4022532,47.4293081],[12.4022005,47.4293356],[12.4021139,47.4293162],[12.4020853,47.4292948],[12.4021683,47.4292479],[12.4021971,47.4292326],[12.4022782,47.4292957],[12.4022532,47.4293081]]]}},{"type":"Feature","id":"building-1015932729","properties":{"kind":"building","name":"Alpine building","height":7.2},"geometry":{"type":"Polygon","coordinates":[[[12.3899724,47.4434191],[12.3899561,47.4434054],[12.3899994,47.4433818],[12.3900157,47.4433954],[12.3899724,47.4434191]]]}},{"type":"Feature","id":"building-229075299","properties":{"kind":"building","name":"Alpine building","height":7.2},"geometry":{"type":"Polygon","coordinates":[[[12.3962566,47.439468],[12.3965006,47.4392787],[12.3966344,47.4393576],[12.3963904,47.4395469],[12.3962566,47.439468]]]}},{"type":"Feature","id":"building-229075297","properties":{"kind":"building","name":"Alpine building","height":7.2},"geometry":{"type":"Polygon","coordinates":[[[12.3955312,47.440166],[12.3955206,47.4401005],[12.3956624,47.4400866],[12.3956537,47.440123],[12.3956618,47.4401239],[12.3956671,47.4401543],[12.3955312,47.440166]]]}},{"type":"Feature","id":"building-737673601","properties":{"kind":"building","name":"Alpine building","height":7.2},"geometry":{"type":"Polygon","coordinates":[[[12.3951237,47.4405214],[12.3951124,47.4404802],[12.3950954,47.4404179],[12.3952465,47.440399],[12.3952748,47.4405025],[12.3951237,47.4405214]]]}},{"type":"Feature","id":"building-229075300","properties":{"kind":"building","name":"Alpine building","height":7.2},"geometry":{"type":"Polygon","coordinates":[[[12.3957642,47.4399114],[12.3958449,47.4399202],[12.3957933,47.4401381],[12.3956618,47.4401239],[12.3956537,47.440123],[12.3956624,47.4400866],[12.3956806,47.4400094],[12.3957395,47.4400158],[12.3957642,47.4399114]]]}},{"type":"Feature","id":"building-229011305","properties":{"kind":"building","name":"Alpine building","height":7.2},"geometry":{"type":"Polygon","coordinates":[[[12.3946962,47.4408488],[12.3946705,47.440813],[12.3946084,47.4408334],[12.3946342,47.4408692],[12.3946962,47.4408488]]]}},{"type":"Feature","id":"building-725496270","properties":{"kind":"building","name":"Alpine building","height":7.2},"geometry":{"type":"Polygon","coordinates":[[[12.4023176,47.4291188],[12.4022732,47.4291449],[12.4022204,47.4291759],[12.4022045,47.4291852],[12.4021656,47.4292081],[12.4021971,47.4292326],[12.4022782,47.4292957],[12.4024007,47.4292236],[12.4024301,47.4292063],[12.4023176,47.4291188]]]}},{"type":"Feature","id":"building-304434692","properties":{"kind":"building","name":"Alpine building","height":7.2},"geometry":{"type":"Polygon","coordinates":[[[12.3688512,47.4460542],[12.3688726,47.4459893],[12.3689898,47.446007],[12.3689683,47.4460719],[12.3688512,47.4460542]]]}},{"type":"Feature","id":"building-197899555","properties":{"kind":"building","name":"Alpine building","height":7.2},"geometry":{"type":"Polygon","coordinates":[[[12.3956961,47.4158177],[12.3954822,47.4158855],[12.3954172,47.4157829],[12.3956342,47.41572],[12.3956961,47.4158177]]]}},{"type":"Feature","id":"building-231256227","properties":{"kind":"building","name":"Alpine building","height":7.2},"geometry":{"type":"Polygon","coordinates":[[[12.3895801,47.4436535],[12.3896555,47.4436163],[12.3896141,47.443578],[12.3896412,47.4435647],[12.3896328,47.4435569],[12.3898253,47.4434621],[12.3899102,47.4435408],[12.3899289,47.4435582],[12.3897409,47.4436828],[12.3896803,47.4437228],[12.3895801,47.4436535]]]}},{"type":"Feature","id":"building-306124011","properties":{"kind":"building","name":"Alpine building","height":7.2},"geometry":{"type":"Polygon","coordinates":[[[12.3716044,47.4097728],[12.3717308,47.4097473],[12.3716,47.409451],[12.3714685,47.4094776],[12.3715291,47.4096149],[12.3714869,47.4096235],[12.3715298,47.4097208],[12.3715772,47.4097112],[12.3716044,47.4097728]]]}},{"type":"Feature","id":"building-226299092","properties":{"kind":"building","name":"Alpine building","height":7.2},"geometry":{"type":"Polygon","coordinates":[[[12.3852964,47.4453113],[12.3851817,47.4452239],[12.3851211,47.4451794],[12.3851378,47.4451702],[12.3850634,47.4451165],[12.3850864,47.4451039],[12.3850314,47.4450579],[12.3851339,47.4450019],[12.3852339,47.4450808],[12.3852566,47.4450983],[12.385405,47.4450171],[12.3854249,47.4450337],[12.3855463,47.4451352],[12.3855345,47.4451416],[12.3855597,47.4451627],[12.385486,47.445203],[12.3854948,47.4452104],[12.3853956,47.4452647],[12.3853901,47.44526],[12.3852964,47.4453113]]]}},{"type":"Feature","id":"building-231257102","properties":{"kind":"building","name":"Alpine building","height":7.2},"geometry":{"type":"Polygon","coordinates":[[[12.4011706,47.4330884],[12.4012615,47.433028],[12.4012679,47.4330328],[12.4014266,47.4331414],[12.4014307,47.4331446],[12.4013398,47.433205],[12.4011706,47.4330884]]]}},{"type":"Feature","id":"building-318873634","properties":{"kind":"building","name":"Alpine building","height":7.2},"geometry":{"type":"Polygon","coordinates":[[[12.3930998,47.4419104],[12.3930961,47.4418895],[12.3931213,47.4418874],[12.3931251,47.4419083],[12.3930998,47.4419104]]]}},{"type":"Feature","id":"building-737673600","properties":{"kind":"building","name":"Alpine building","height":7.2},"geometry":{"type":"Polygon","coordinates":[[[12.3950962,47.4405567],[12.3950432,47.4405636],[12.3950656,47.4406426],[12.3951443,47.4406324],[12.3951402,47.4406178],[12.3951144,47.4406212],[12.3950962,47.4405567]]]}},{"type":"Feature","id":"building-737673602","properties":{"kind":"building","name":"Alpine building","height":7.2},"geometry":{"type":"Polygon","coordinates":[[[12.3951144,47.4406212],[12.3950962,47.4405567],[12.3950885,47.4405254],[12.3951237,47.4405214],[12.3952748,47.4405025],[12.3953004,47.4405986],[12.3951402,47.4406178],[12.3951144,47.4406212]]]}},{"type":"Feature","id":"building-725496268","properties":{"kind":"building","name":"Alpine building","height":7.2},"geometry":{"type":"Polygon","coordinates":[[[12.4024007,47.4292236],[12.4024203,47.4292435],[12.4024577,47.4292815],[12.4023631,47.4293194],[12.4023471,47.4293004],[12.4022745,47.4293306],[12.4022532,47.4293081],[12.4022782,47.4292957],[12.4024007,47.4292236]]]}},{"type":"Feature","id":"building-231257087","properties":{"kind":"building","name":"Alpine building","height":7.2},"geometry":{"type":"Polygon","coordinates":[[[12.4013229,47.432996],[12.4012679,47.4330328],[12.4014266,47.4331414],[12.4014816,47.4331046],[12.4013229,47.432996]]]}},{"type":"Feature","id":"building-229075298","properties":{"kind":"building","name":"Alpine building","height":7.2},"geometry":{"type":"Polygon","coordinates":[[[12.3955368,47.4403394],[12.395486,47.4402476],[12.3955056,47.4402426],[12.3956686,47.4402014],[12.3957194,47.4402932],[12.3955368,47.4403394]]]}},{"type":"Feature","id":"building-318867149","properties":{"kind":"building","name":"Alpine building","height":7.2},"geometry":{"type":"Polygon","coordinates":[[[12.38943,47.4437473],[12.3894672,47.4437722],[12.389477,47.4437655],[12.3895903,47.4438413],[12.3894897,47.4439101],[12.3893392,47.4438094],[12.38943,47.4437473]]]}},{"type":"Feature","id":"building-197896357","properties":{"kind":"building","name":"Alpine building","height":7.2},"geometry":{"type":"Polygon","coordinates":[[[12.4025446,47.4291388],[12.4024688,47.4291839],[12.4024301,47.4292063],[12.4023176,47.4291188],[12.4024162,47.4290608],[12.402432,47.4290515],[12.4025446,47.4291388]]]}},{"type":"Feature","id":"building-244535736","properties":{"kind":"building","name":"Alpine building","height":7.2},"geometry":{"type":"Polygon","coordinates":[[[12.3473817,47.4283511],[12.347487,47.4283553],[12.3474905,47.428315],[12.347494,47.4282757],[12.3474855,47.4282754],[12.3473887,47.4282715],[12.3473817,47.4283511]]]}},{"type":"Feature","id":"building-304664911","properties":{"kind":"building","name":"Pulverturm","height":7.2},"geometry":{"type":"Polygon","coordinates":[[[12.3792008,47.4464492],[12.3792093,47.4464053],[12.3792809,47.4464116],[12.3792724,47.4464555],[12.3792008,47.4464492]]]}},{"type":"Feature","id":"building-306143063","properties":{"kind":"building","name":"Alpine building","height":7.2},"geometry":{"type":"Polygon","coordinates":[[[12.3838702,47.445616],[12.3840797,47.4457089],[12.3841253,47.4456619],[12.3839159,47.4455689],[12.3838702,47.445616]]]}},{"type":"Feature","id":"building-725496269","properties":{"kind":"building","name":"Alpine building","height":7.2},"geometry":{"type":"Polygon","coordinates":[[[12.4024688,47.4291839],[12.4024936,47.429203],[12.4025435,47.4292414],[12.4026193,47.4291964],[12.4025446,47.4291388],[12.4024688,47.4291839]]]}},{"type":"Feature","id":"building-202698106","properties":{"kind":"building","name":"Alpine building","height":4.1},"geometry":{"type":"Polygon","coordinates":[[[12.3932566,47.4419444],[12.3933465,47.4420048],[12.3934638,47.4419251],[12.3933739,47.4418647],[12.3932566,47.4419444]]]}},{"type":"Feature","id":"building-320633378","properties":{"kind":"building","name":"Alpine building","height":7.2},"geometry":{"type":"Polygon","coordinates":[[[12.4024372,47.4300639],[12.4024037,47.4300317],[12.4024543,47.4300019],[12.4024918,47.4300314],[12.4024535,47.4300527],[12.4024372,47.4300639]]]}},{"type":"Feature","id":"building-317107915","properties":{"kind":"building","name":"Alpine building","height":7.2},"geometry":{"type":"Polygon","coordinates":[[[12.3849269,47.4454424],[12.3849255,47.445415],[12.3849645,47.4454141],[12.3849659,47.4454415],[12.3849269,47.4454424]]]}},{"type":"Feature","id":"building-197899544","properties":{"kind":"building","name":"Alpine building","height":7.2},"geometry":{"type":"Polygon","coordinates":[[[12.4024812,47.4302747],[12.4024411,47.4302867],[12.4024245,47.4302917],[12.4023829,47.4302283],[12.4024397,47.4302113],[12.4024502,47.4302274],[12.4024812,47.4302747]]]}},{"type":"Feature","id":"building-319532753","properties":{"kind":"building","name":"Alpine building","height":7.2},"geometry":{"type":"Polygon","coordinates":[[[12.351868,47.4383176],[12.3518683,47.4382723],[12.3519339,47.4382725],[12.3519337,47.4383178],[12.351868,47.4383176]]]}},{"type":"Feature","id":"building-197899605","properties":{"kind":"building","name":"Alpine building","height":7.2},"geometry":{"type":"Polygon","coordinates":[[[12.4026084,47.4301091],[12.4025705,47.4300985],[12.4025496,47.4301083],[12.4024535,47.4300527],[12.4024372,47.4300639],[12.4024237,47.4300725],[12.4024467,47.4301591],[12.4024642,47.4301661],[12.4025395,47.4301942],[12.4026084,47.4301091]]]}},{"type":"Feature","id":"building-197899559","properties":{"kind":"building","name":"Alpine building","height":7.2},"geometry":{"type":"Polygon","coordinates":[[[12.4024642,47.4301661],[12.4025395,47.4301942],[12.4025503,47.4302182],[12.4024858,47.4302202],[12.4024642,47.4301661]]]}},{"type":"Feature","id":"building-202698923","properties":{"kind":"building","name":"Alpine building","height":7.2},"geometry":{"type":"Polygon","coordinates":[[[12.3936465,47.4417664],[12.3937215,47.4418604],[12.3939384,47.4417811],[12.3938633,47.4416872],[12.3936465,47.4417664]]]}},{"type":"Feature","id":"building-202698921","properties":{"kind":"building","name":"Alpine building","height":7.2},"geometry":{"type":"Polygon","coordinates":[[[12.3939276,47.4415938],[12.3939998,47.4416857],[12.3942137,47.4416087],[12.3941415,47.4415169],[12.3939276,47.4415938]]]}},{"type":"Feature","id":"building-197899577","properties":{"kind":"building","name":"Alpine building","height":7.2},"geometry":{"type":"Polygon","coordinates":[[[12.4025496,47.4301083],[12.4024535,47.4300527],[12.4024918,47.4300314],[12.4025666,47.4299923],[12.4025761,47.4300004],[12.4026434,47.4300579],[12.4025705,47.4300985],[12.4025496,47.4301083]]]}},{"type":"Feature","id":"building-197047929","properties":{"kind":"building","name":"Alpine building","height":7.2},"geometry":{"type":"Polygon","coordinates":[[[12.3839033,47.4456758],[12.3840343,47.4457539],[12.3841083,47.4457979],[12.3839366,47.4459315],[12.3837314,47.445813],[12.3838912,47.4456854],[12.3839033,47.4456758]]]}},{"type":"Feature","id":"building-463209301","properties":{"kind":"building","name":"Alpine building","height":7.2},"geometry":{"type":"Polygon","coordinates":[[[12.3842236,47.4457094],[12.3841083,47.4457979],[12.3840343,47.4457539],[12.3841496,47.4456653],[12.3842236,47.4457094]]]}},{"type":"Feature","id":"building-226306791","properties":{"kind":"building","name":"Alpine building","height":7.2},"geometry":{"type":"Polygon","coordinates":[[[12.3897757,47.4439334],[12.3896596,47.4438632],[12.3894267,47.4440396],[12.3895429,47.4441097],[12.3897757,47.4439334]]]}},{"type":"Feature","id":"building-244535793","properties":{"kind":"building","name":"Alpine building","height":7.2},"geometry":{"type":"Polygon","coordinates":[[[12.3474769,47.4307601],[12.3475569,47.43075],[12.3475407,47.4306911],[12.3474607,47.4307012],[12.3474769,47.4307601]]]}},{"type":"Feature","id":"building-197896343","properties":{"kind":"building","name":"Alpine building","height":7.2},"geometry":{"type":"Polygon","coordinates":[[[12.402769,47.4291268],[12.4028268,47.4290464],[12.402708,47.429002],[12.402633,47.4290862],[12.4027614,47.4291337],[12.402769,47.4291268]]]}},{"type":"Feature","id":"building-306124012","properties":{"kind":"building","name":"Alpine building","height":7.2},"geometry":{"type":"Polygon","coordinates":[[[12.3717071,47.4093854],[12.3716475,47.4092838],[12.3718291,47.409235],[12.3718627,47.4092935],[12.3718838,47.4093269],[12.371907,47.4093201],[12.3719266,47.4093536],[12.371849,47.4093745],[12.3718352,47.409351],[12.3717071,47.4093854]]]}},{"type":"Feature","id":"building-304434715","properties":{"kind":"building","name":"Alpine building","height":7.2},"geometry":{"type":"Polygon","coordinates":[[[12.3711226,47.446669],[12.3710961,47.4465855],[12.3713072,47.4465548],[12.3713337,47.4466383],[12.3711423,47.4466661],[12.3711226,47.446669]]]}},{"type":"Feature","id":"building-225790776","properties":{"kind":"building","name":"Alpine building","height":7.2},"geometry":{"type":"Polygon","coordinates":[[[12.394298,47.4415612],[12.3945227,47.4414958],[12.3944614,47.4413996],[12.3942367,47.4414651],[12.394298,47.4415612]]]}},{"type":"Feature","id":"building-725971553","properties":{"kind":"building","name":"Alpine building","height":7.2},"geometry":{"type":"Polygon","coordinates":[[[12.402717,47.4295265],[12.4026804,47.4295026],[12.4027137,47.4294793],[12.4027503,47.4295031],[12.402717,47.4295265]]]}},{"type":"Feature","id":"building-197896359","properties":{"kind":"building","name":"Alpine building","height":7.2},"geometry":{"type":"Polygon","coordinates":[[[12.4026591,47.4294732],[12.4028582,47.4293993],[12.4028077,47.429337],[12.4027657,47.4292852],[12.4027345,47.4292967],[12.4025666,47.429359],[12.4026591,47.4294732]]]}},{"type":"Feature","id":"building-306124009","properties":{"kind":"building","name":"Alpine building","height":7.2},"geometry":{"type":"Polygon","coordinates":[[[12.3719028,47.4092819],[12.3718627,47.4092935],[12.3718838,47.4093269],[12.371907,47.4093201],[12.3719239,47.4093152],[12.3719028,47.4092819]]]}},{"type":"Feature","id":"building-244540906","properties":{"kind":"building","name":"Alpine building","height":7.2},"geometry":{"type":"Polygon","coordinates":[[[12.3568772,47.4423931],[12.3571521,47.4423848],[12.3571425,47.44224],[12.3568676,47.4422483],[12.3568707,47.4422943],[12.3568754,47.442365],[12.3568772,47.4423931]]]}},{"type":"Feature","id":"building-317107925","properties":{"kind":"building","name":"Alpine building","height":7.2},"geometry":{"type":"Polygon","coordinates":[[[12.3849622,47.4455847],[12.3849575,47.4455244],[12.3849172,47.4454907],[12.384613,47.445658],[12.3845679,47.4456847],[12.3846638,47.4457505],[12.3849622,47.4455847]]]}},{"type":"Feature","id":"building-317065050","properties":{"kind":"building","name":"Alpine building","height":7.2},"geometry":{"type":"Polygon","coordinates":[[[12.4021047,47.4322833],[12.4020921,47.4322232],[12.4021609,47.4322166],[12.4021734,47.4322768],[12.4021047,47.4322833]]]}},{"type":"Feature","id":"building-316221948","properties":{"kind":"building","name":"Alpine building","height":7.2},"geometry":{"type":"Polygon","coordinates":[[[12.3870536,47.4450464],[12.3869884,47.4449848],[12.3871277,47.4449173],[12.387193,47.444979],[12.3870536,47.4450464]]]}},{"type":"Feature","id":"building-770068877","properties":{"kind":"building","name":"Alpine building","height":7.2},"geometry":{"type":"Polygon","coordinates":[[[12.3568754,47.442365],[12.3568393,47.4423661],[12.3568364,47.4423229],[12.3568528,47.4423224],[12.3568509,47.4422949],[12.3568707,47.4422943],[12.3568754,47.442365]]]}},{"type":"Feature","id":"building-197896331","properties":{"kind":"building","name":"Alpine building","height":7.2},"geometry":{"type":"Polygon","coordinates":[[[12.4028077,47.429337],[12.4027657,47.4292852],[12.4027345,47.4292967],[12.4027351,47.4292777],[12.4029083,47.429258],[12.4029162,47.4292893],[12.4029266,47.4293303],[12.4028077,47.429337]]]}},{"type":"Feature","id":"building-304434709","properties":{"kind":"building","name":"Alpine building","height":7.2},"geometry":{"type":"Polygon","coordinates":[[[12.3715263,47.4468107],[12.3716384,47.4466239],[12.3717831,47.4466636],[12.371671,47.4468505],[12.3715263,47.4468107]]]}},{"type":"Feature","id":"building-726951108","properties":{"kind":"building","name":"Alpine building","height":7.2},"geometry":{"type":"Polygon","coordinates":[[[12.3652164,47.4457932],[12.3651885,47.4457081],[12.3654791,47.4456646],[12.365507,47.4457496],[12.3652164,47.4457932]]]}},{"type":"Feature","id":"building-197896328","properties":{"kind":"building","name":"Alpine building","height":7.2},"geometry":{"type":"Polygon","coordinates":[[[12.4028268,47.4290464],[12.402769,47.4291268],[12.4029212,47.4291472],[12.4029352,47.4291146],[12.4029522,47.4290751],[12.4028268,47.4290464]]]}},{"type":"Feature","id":"building-197899553","properties":{"kind":"building","name":"Alpine building","height":7.2},"geometry":{"type":"Polygon","coordinates":[[[12.4028575,47.4302949],[12.4027871,47.4303406],[12.4027639,47.4303557],[12.4026461,47.4302727],[12.4027397,47.4302119],[12.4028575,47.4302949]]]}},{"type":"Feature","id":"building-317107913","properties":{"kind":"building","name":"Alpine building","height":7.2},"geometry":{"type":"Polygon","coordinates":[[[12.3790214,47.4467599],[12.3790058,47.44672],[12.3790586,47.4467106],[12.3790741,47.4467505],[12.3790214,47.4467599]]]}},{"type":"Feature","id":"building-202698107","properties":{"kind":"building","name":"Alpine building","height":7.2},"geometry":{"type":"Polygon","coordinates":[[[12.3928433,47.4425052],[12.3929685,47.4425641],[12.3930541,47.4426045],[12.3930741,47.4426139],[12.3932112,47.4424808],[12.3932419,47.4424511],[12.3931162,47.4423946],[12.3930111,47.4423423],[12.3928433,47.4425052]]]}},{"type":"Feature","id":"building-304434714","properties":{"kind":"building","name":"Alpine building","height":7.2},"geometry":{"type":"Polygon","coordinates":[[[12.3712984,47.4468601],[12.3712494,47.4468075],[12.371237,47.4467941],[12.3713436,47.4467487],[12.3714051,47.4468147],[12.3712984,47.4468601]]]}},{"type":"Feature","id":"building-320161174","properties":{"kind":"building","name":"Alpine building","height":7.2},"geometry":{"type":"Polygon","coordinates":[[[12.3470952,47.4300803],[12.347045,47.430025],[12.3471408,47.4299853],[12.3471909,47.4300406],[12.3470952,47.4300803]]]}},{"type":"Feature","id":"building-222140934","properties":{"kind":"building","name":"Bockberg-Kapelle","height":7.2},"geometry":{"type":"Polygon","coordinates":[[[12.3624948,47.4450157],[12.3625459,47.4450385],[12.3625663,47.444993],[12.3625152,47.4449702],[12.3624948,47.4450157]]]}},{"type":"Feature","id":"building-211154487","properties":{"kind":"building","name":"Alpine building","height":7.2},"geometry":{"type":"Polygon","coordinates":[[[12.3823294,47.4463831],[12.3823404,47.4463873],[12.38233,47.4463998],[12.3821808,47.4463433],[12.3820984,47.4463122],[12.3821887,47.4462031],[12.3823481,47.4462635],[12.3822811,47.4463444],[12.3823422,47.4463676],[12.3823294,47.4463831]]]}},{"type":"Feature","id":"building-304434711","properties":{"kind":"building","name":"Alpine building","height":7.2},"geometry":{"type":"Polygon","coordinates":[[[12.366948,47.4462175],[12.3670945,47.4461481],[12.3671918,47.4462422],[12.3670453,47.4463115],[12.366948,47.4462175]]]}},{"type":"Feature","id":"building-318917522","properties":{"kind":"building","name":"Alpine building","height":7.2},"geometry":{"type":"Polygon","coordinates":[[[12.4030448,47.4279618],[12.4030922,47.4279179],[12.4031373,47.4279402],[12.4030899,47.4279841],[12.4030448,47.4279618]]]}},{"type":"Feature","id":"building-197896370","properties":{"kind":"building","name":"Alpine building","height":7.2},"geometry":{"type":"Polygon","coordinates":[[[12.4028951,47.4299064],[12.4028256,47.4298013],[12.4029943,47.4297502],[12.4030574,47.4298454],[12.4029985,47.4298632],[12.403005,47.429873],[12.4028951,47.4299064]]]}},{"type":"Feature","id":"building-1015932726","properties":{"kind":"building","name":"Alpine building","height":7.2},"geometry":{"type":"Polygon","coordinates":[[[12.3946792,47.4415954],[12.3946482,47.4415399],[12.3946975,47.4415273],[12.3947285,47.4415828],[12.3946792,47.4415954]]]}},{"type":"Feature","id":"building-202698922","properties":{"kind":"building","name":"Alpine building","height":7.2},"geometry":{"type":"Polygon","coordinates":[[[12.3945815,47.4417381],[12.3947258,47.4416999],[12.3946358,47.4415443],[12.3944916,47.4415825],[12.3945815,47.4417381]]]}},{"type":"Feature","id":"building-507707543","properties":{"kind":"building","name":"Alpine building","height":7.2},"geometry":{"type":"Polygon","coordinates":[[[12.3915834,47.4433124],[12.3917115,47.4433809],[12.3917594,47.44334],[12.3916314,47.4432714],[12.3915834,47.4433124]]]}},{"type":"Feature","id":"building-304664921","properties":{"kind":"building","name":"Alpine building","height":7.2},"geometry":{"type":"Polygon","coordinates":[[[12.3861138,47.4455071],[12.3860794,47.4454747],[12.3861739,47.4454183],[12.3862133,47.4454482],[12.3861685,47.4454871],[12.3861482,47.4454822],[12.3861138,47.4455071]]]}},{"type":"Feature","id":"building-119062804","properties":{"kind":"building","name":"Alpine building","height":4.1},"geometry":{"type":"Polygon","coordinates":[[[12.347692,47.4328145],[12.3478104,47.4328767],[12.3478738,47.4328214],[12.3477554,47.4327592],[12.347692,47.4328145]]]}},{"type":"Feature","id":"building-202698109","properties":{"kind":"building","name":"Alpine building","height":7.2},"geometry":{"type":"Polygon","coordinates":[[[12.393876,47.4420075],[12.3939469,47.4420961],[12.3940545,47.4420567],[12.3940759,47.4420834],[12.3941415,47.4420594],[12.3940491,47.4419441],[12.393876,47.4420075]]]}},{"type":"Feature","id":"building-317107914","properties":{"kind":"building","name":"Alpine building","height":7.2},"geometry":{"type":"Polygon","coordinates":[[[12.3788884,47.4468984],[12.3788828,47.4468337],[12.3789233,47.4468321],[12.3789289,47.4468968],[12.3788884,47.4468984]]]}},{"type":"Feature","id":"building-507707537","properties":{"kind":"building","name":"Alpine building","height":7.2},"geometry":{"type":"Polygon","coordinates":[[[12.3916599,47.4434232],[12.3915301,47.4433509],[12.3914823,47.4433901],[12.391612,47.4434625],[12.3916599,47.4434232]]]}},{"type":"Feature","id":"building-225788641","properties":{"kind":"building","name":"Gschwantler Pop-Up Outlet","height":7.2},"geometry":{"type":"Polygon","coordinates":[[[12.3902632,47.4441136],[12.3901148,47.4440134],[12.3901203,47.4440072],[12.3902143,47.4439317],[12.3903824,47.4440463],[12.3902714,47.4441089],[12.3902632,47.4441136]]]}},{"type":"Feature","id":"building-229092641","properties":{"kind":"building","name":"Alpine building","height":7.2},"geometry":{"type":"Polygon","coordinates":[[[12.394318,47.4419012],[12.3943325,47.441864],[12.3943668,47.4418701],[12.3943523,47.4419073],[12.394318,47.4419012]]]}},{"type":"Feature","id":"building-304434697","properties":{"kind":"building","name":"Alpine building","height":7.2},"geometry":{"type":"Polygon","coordinates":[[[12.3668229,47.4464167],[12.3666566,47.4462559],[12.3668789,47.4461507],[12.366948,47.4462175],[12.3670453,47.4463115],[12.3668229,47.4464167]]]}},{"type":"Feature","id":"building-327746184","properties":{"kind":"building","name":"Alpine building","height":7.2},"geometry":{"type":"Polygon","coordinates":[[[12.3820407,47.4465126],[12.3821808,47.4463433],[12.38233,47.4463998],[12.3821886,47.4465686],[12.3820407,47.4465126]]]}},{"type":"Feature","id":"building-197899562","properties":{"kind":"building","name":"Alpine building","height":7.2},"geometry":{"type":"Polygon","coordinates":[[[12.4030938,47.4301981],[12.4030997,47.430203],[12.4030936,47.4302064],[12.4029775,47.4302735],[12.4028846,47.4301999],[12.4030069,47.4301293],[12.4030938,47.4301981]]]}},{"type":"Feature","id":"building-317109526","properties":{"kind":"building","name":"Alpine building","height":7.2},"geometry":{"type":"Polygon","coordinates":[[[12.389508,47.4442786],[12.3896848,47.4444007],[12.3897281,47.4444306],[12.3897489,47.4444173],[12.3898004,47.4444518],[12.3898561,47.444489],[12.3899921,47.4443955],[12.3900071,47.4444056],[12.3902156,47.444263],[12.390192,47.4442462],[12.390098,47.4441809],[12.3900589,47.4442045],[12.3898514,47.4440595],[12.3898584,47.4440346],[12.3898249,47.4440128],[12.389712,47.4440829],[12.3896993,47.4441079],[12.3895564,47.4442022],[12.389508,47.4442786]]]}},{"type":"Feature","id":"building-229092697","properties":{"kind":"building","name":"Alpine building","height":7.2},"geometry":{"type":"Polygon","coordinates":[[[12.3943367,47.4419474],[12.3944506,47.4419677],[12.3944874,47.441873],[12.3943735,47.4418527],[12.3943668,47.4418701],[12.3943523,47.4419073],[12.3943367,47.4419474]]]}},{"type":"Feature","id":"building-304434721","properties":{"kind":"building","name":"Alpine building","height":7.2},"geometry":{"type":"Polygon","coordinates":[[[12.3637131,47.445588],[12.3637653,47.4454913],[12.3639254,47.4455308],[12.3638733,47.4456275],[12.3637131,47.445588]]]}},{"type":"Feature","id":"building-211159962","properties":{"kind":"building","name":"Alpine building","height":7.2},"geometry":{"type":"Polygon","coordinates":[[[12.3863805,47.4456164],[12.3861558,47.4454982],[12.3861685,47.4454871],[12.3862133,47.4454482],[12.3862973,47.4453752],[12.3864059,47.4454323],[12.3864378,47.4454045],[12.386584,47.4454814],[12.3864997,47.4455548],[12.3865178,47.4455643],[12.3864818,47.4455956],[12.3864336,47.4455702],[12.3863805,47.4456164]]]}},{"type":"Feature","id":"building-225790775","properties":{"kind":"building","name":"Alpine building","height":7.2},"geometry":{"type":"Polygon","coordinates":[[[12.3948869,47.4416341],[12.3948993,47.4414719],[12.3950909,47.4414786],[12.3950785,47.4416408],[12.3948869,47.4416341]]]}},{"type":"Feature","id":"building-197899567","properties":{"kind":"building","name":"Alpine building","height":7.2},"geometry":{"type":"Polygon","coordinates":[[[12.4030936,47.4302064],[12.4030997,47.430203],[12.4030938,47.4301981],[12.4031348,47.4301756],[12.4031753,47.4302092],[12.4031282,47.4302352],[12.4030936,47.4302064]]]}},{"type":"Feature","id":"building-304434710","properties":{"kind":"building","name":"Alpine building","height":7.2},"geometry":{"type":"Polygon","coordinates":[[[12.3659202,47.4461579],[12.365937,47.4461682],[12.3660401,47.4462316],[12.3660656,47.4462126],[12.3661146,47.4462426],[12.3661016,47.4462524],[12.3661776,47.446299],[12.3661826,47.4463021],[12.3662643,47.4462412],[12.3661804,47.4461897],[12.3661575,47.4462068],[12.3661094,47.4461773],[12.3661831,47.4461223],[12.3660629,47.4460485],[12.3660346,47.4460696],[12.3660273,47.4460651],[12.3659765,47.4461029],[12.3659862,47.4461088],[12.3659202,47.4461579]]]}},{"type":"Feature","id":"building-197896350","properties":{"kind":"building","name":"Alpine building","height":7.2},"geometry":{"type":"Polygon","coordinates":[[[12.4032893,47.4297633],[12.4032211,47.429678],[12.4030838,47.4297282],[12.403152,47.4298135],[12.4031852,47.4298014],[12.4032315,47.4297844],[12.4032893,47.4297633]]]}},{"type":"Feature","id":"building-211154486","properties":{"kind":"building","name":"Alpine building","height":7.2},"geometry":{"type":"Polygon","coordinates":[[[12.3825144,47.4466713],[12.3823488,47.4465957],[12.3827167,47.4462268],[12.3828823,47.4463024],[12.3825144,47.4466713]]]}},{"type":"Feature","id":"building-304664918","properties":{"kind":"building","name":"Alpine building","height":7.2},"geometry":{"type":"Polygon","coordinates":[[[12.3829401,47.4463883],[12.3829806,47.4463422],[12.3830425,47.446367],[12.3830021,47.4464132],[12.3829401,47.4463883]]]}},{"type":"Feature","id":"building-725846124","properties":{"kind":"building","name":"Alpine building","height":7.2},"geometry":{"type":"Polygon","coordinates":[[[12.4030741,47.4303437],[12.4030854,47.4303294],[12.4031205,47.4303421],[12.4031369,47.4303488],[12.4031247,47.4303626],[12.4030741,47.4303437]]]}},{"type":"Feature","id":"building-197899563","properties":{"kind":"building","name":"Alpine building","height":7.2},"geometry":{"type":"Polygon","coordinates":[[[12.4030956,47.4305291],[12.4031954,47.4304064],[12.4032063,47.430393],[12.4031247,47.4303626],[12.4030741,47.4303437],[12.4029633,47.4304799],[12.4030956,47.4305291]]]}},{"type":"Feature","id":"building-211160013","properties":{"kind":"building","name":"Alpine building","height":7.2},"geometry":{"type":"Polygon","coordinates":[[[12.3860452,47.445773],[12.3859261,47.4457104],[12.3859756,47.4456673],[12.3859459,47.4456517],[12.3860366,47.4455728],[12.3861854,47.4456511],[12.3860452,47.445773]]]}},{"type":"Feature","id":"building-338114104","properties":{"kind":"building","name":"Fleckalm Schirmbar","height":4.1},"geometry":{"type":"Polygon","coordinates":[[[12.3475426,47.4329081],[12.3475347,47.4329238],[12.3475362,47.4329404],[12.3475467,47.4329554],[12.3475647,47.4329666],[12.3475876,47.4329724],[12.3476121,47.432972],[12.3476339,47.4329658],[12.3476509,47.4329546],[12.3476607,47.43294],[12.347662,47.4329241],[12.3476547,47.4329088],[12.347637,47.432895],[12.3476329,47.432885],[12.3475384,47.4328218],[12.3474814,47.432859],[12.3475483,47.4329038],[12.3475426,47.4329081]]]}},{"type":"Feature","id":"building-312103001","properties":{"kind":"building","name":"Alpine building","height":7.2},"geometry":{"type":"Polygon","coordinates":[[[12.360549,47.4114975],[12.3605586,47.4114523],[12.3606075,47.4114571],[12.360598,47.4115022],[12.360549,47.4114975]]]}},{"type":"Feature","id":"building-725496184","properties":{"kind":"building","name":"Alpine building","height":7.2},"geometry":{"type":"Polygon","coordinates":[[[12.4030904,47.430593],[12.4031325,47.430606],[12.4031128,47.4306351],[12.4030707,47.4306221],[12.4030904,47.430593]]]}},{"type":"Feature","id":"building-725846123","properties":{"kind":"building","name":"Alpine building","height":7.2},"geometry":{"type":"Polygon","coordinates":[[[12.4031205,47.4303421],[12.4031325,47.4303286],[12.4032241,47.4303659],[12.4032063,47.430393],[12.4031247,47.4303626],[12.4031369,47.4303488],[12.4031205,47.4303421]]]}},{"type":"Feature","id":"building-202698924","properties":{"kind":"building","name":"Alpine building","height":7.2},"geometry":{"type":"Polygon","coordinates":[[[12.3944874,47.441873],[12.3944506,47.4419677],[12.3945691,47.4419888],[12.394606,47.4418941],[12.3944874,47.441873]]]}},{"type":"Feature","id":"building-304434712","properties":{"kind":"building","name":"Alpine building","height":7.2},"geometry":{"type":"Polygon","coordinates":[[[12.3664283,47.446309],[12.3665313,47.4462465],[12.3666516,47.4463384],[12.3665345,47.4463982],[12.3664528,47.4463305],[12.3664283,47.446309]]]}},{"type":"Feature","id":"building-507707542","properties":{"kind":"building","name":"Alpine building","height":7.2},"geometry":{"type":"Polygon","coordinates":[[[12.3918997,47.4435042],[12.391784,47.443427],[12.3918405,47.4433882],[12.3919562,47.4434655],[12.3918997,47.4435042]]]}},{"type":"Feature","id":"building-304434713","properties":{"kind":"building","name":"Alpine building","height":7.2},"geometry":{"type":"Polygon","coordinates":[[[12.3707498,47.4470109],[12.3708237,47.4469282],[12.3709605,47.4469841],[12.370936,47.4470116],[12.3708866,47.4470668],[12.3707498,47.4470109]]]}},{"type":"Feature","id":"building-225788645","properties":{"kind":"building","name":"Prader","height":7.2},"geometry":{"type":"Polygon","coordinates":[[[12.3904126,47.4442204],[12.3902714,47.4441089],[12.3903824,47.4440463],[12.3903971,47.4440563],[12.3904069,47.4440497],[12.390508,47.4441185],[12.3905436,47.4441452],[12.3905299,47.4441539],[12.3904306,47.4442111],[12.3904126,47.4442204]]]}},{"type":"Feature","id":"building-210729140","properties":{"kind":"building","name":"Alpine building","height":7.2},"geometry":{"type":"Polygon","coordinates":[[[12.3791125,47.4470659],[12.3790782,47.4469256],[12.3791743,47.4469152],[12.3792125,47.4469892],[12.3792354,47.4470538],[12.3791374,47.4470635],[12.3791125,47.4470659]]]}},{"type":"Feature","id":"building-197899580","properties":{"kind":"building","name":"Alpine building","height":7.2},"geometry":{"type":"Polygon","coordinates":[[[12.4031954,47.4304064],[12.4030956,47.4305291],[12.4031133,47.4305396],[12.403089,47.430572],[12.4031406,47.4305919],[12.4031844,47.4305427],[12.4031958,47.4305118],[12.4032235,47.4304195],[12.4031954,47.4304064]]]}},{"type":"Feature","id":"building-507707536","properties":{"kind":"building","name":"Alpine building","height":7.2},"geometry":{"type":"Polygon","coordinates":[[[12.3917294,47.443463],[12.3918456,47.4435385],[12.3917862,47.4435803],[12.39167,47.4435048],[12.3917294,47.443463]]]}},{"type":"Feature","id":"building-726951107","properties":{"kind":"building","name":"Alpine building","height":7.2},"geometry":{"type":"Polygon","coordinates":[[[12.365937,47.4461682],[12.365887,47.4462079],[12.3659967,47.4462729],[12.3660368,47.4462436],[12.3661529,47.4463164],[12.3661776,47.446299],[12.3661016,47.4462524],[12.3661146,47.4462426],[12.3660656,47.4462126],[12.3660401,47.4462316],[12.365937,47.4461682]]]}},{"type":"Feature","id":"building-317109532","properties":{"kind":"building","name":"Alpine building","height":7.2},"geometry":{"type":"Polygon","coordinates":[[[12.389561,47.4445077],[12.3896848,47.4444007],[12.3897281,47.4444306],[12.3897489,47.4444173],[12.3898004,47.4444518],[12.3896693,47.4445615],[12.389561,47.4445077]]]}},{"type":"Feature","id":"building-199837299","properties":{"kind":"building","name":"Alpine building","height":10.3},"geometry":{"type":"Polygon","coordinates":[[[12.3941502,47.4422906],[12.3942355,47.4422115],[12.3941314,47.4421602],[12.3940464,47.442239],[12.3940928,47.4422615],[12.3941502,47.4422906]]]}},{"type":"Feature","id":"building-725496186","properties":{"kind":"building","name":"Alpine building","height":7.2},"geometry":{"type":"Polygon","coordinates":[[[12.4031388,47.4306746],[12.4031545,47.4306094],[12.4032143,47.430616],[12.4032132,47.4306204],[12.4031986,47.4306812],[12.4031388,47.4306746]]]}},{"type":"Feature","id":"building-1168803197","properties":{"kind":"building","name":"Alpine building","height":7.2},"geometry":{"type":"Polygon","coordinates":[[[12.3953323,47.4414331],[12.395367,47.4413516],[12.3954414,47.4413661],[12.3954547,47.4413348],[12.3955922,47.4413616],[12.3955463,47.4414694],[12.3954628,47.4414532],[12.3954516,47.4414795],[12.3953356,47.4414569],[12.3953448,47.4414355],[12.3953323,47.4414331]]]}},{"type":"Feature","id":"building-229092656","properties":{"kind":"building","name":"Alpine building","height":7.2},"geometry":{"type":"Polygon","coordinates":[[[12.3940544,47.4422961],[12.3940758,47.4422768],[12.3940928,47.4422615],[12.3941502,47.4422906],[12.3941119,47.4423252],[12.3940544,47.4422961]]]}},{"type":"Feature","id":"building-229076740","properties":{"kind":"building","name":"Alpine building","height":7.2},"geometry":{"type":"Polygon","coordinates":[[[12.3964732,47.4406811],[12.3964927,47.4405743],[12.396571,47.4405808],[12.3965516,47.4406876],[12.3964732,47.4406811]]]}},{"type":"Feature","id":"building-202698108","properties":{"kind":"building","name":"Alpine building","height":7.2},"geometry":{"type":"Polygon","coordinates":[[[12.3931719,47.4427371],[12.393363,47.4428267],[12.3933884,47.4428382],[12.3934221,47.4428073],[12.3934495,47.4427796],[12.3935519,47.4426766],[12.3933367,47.4425759],[12.3931937,47.4427157],[12.3931719,47.4427371]]]}},{"type":"Feature","id":"building-725496185","properties":{"kind":"building","name":"Alpine building","height":7.2},"geometry":{"type":"Polygon","coordinates":[[[12.4032132,47.4306204],[12.4032533,47.4306407],[12.4032399,47.430687],[12.4031986,47.4306812],[12.4032132,47.4306204]]]}},{"type":"Feature","id":"building-226299105","properties":{"kind":"building","name":"Alpine building","height":7.2},"geometry":{"type":"Polygon","coordinates":[[[12.3854794,47.4458831],[12.3855591,47.4458154],[12.3856683,47.4458742],[12.3856109,47.445923],[12.3856453,47.4459415],[12.385623,47.4459604],[12.3854794,47.4458831]]]}},{"type":"Feature","id":"building-317107917","properties":{"kind":"building","name":"Alpine building","height":7.2},"geometry":{"type":"Polygon","coordinates":[[[12.3791487,47.4471038],[12.3791374,47.4470635],[12.3792354,47.4470538],[12.379242,47.4470783],[12.3791487,47.4471038]]]}},{"type":"Feature","id":"building-318858265","properties":{"kind":"building","name":"Alpine building","height":7.2},"geometry":{"type":"Polygon","coordinates":[[[12.3850225,47.4460454],[12.3850611,47.4460157],[12.3851136,47.4460469],[12.385075,47.4460766],[12.3850225,47.4460454]]]}},{"type":"Feature","id":"building-226294736","properties":{"kind":"building","name":"Alpine building","height":7.2},"geometry":{"type":"Polygon","coordinates":[[[12.3866843,47.4456769],[12.3866612,47.4456646],[12.3866935,47.4456368],[12.386561,47.4455665],[12.3865451,47.4455802],[12.3865178,47.4455643],[12.3864818,47.4455956],[12.3864281,47.4456417],[12.3865401,47.4457011],[12.3865244,47.4457146],[12.3865962,47.4457528],[12.3866843,47.4456769]]]}},{"type":"Feature","id":"building-229092655","properties":{"kind":"building","name":"Alpine building","height":7.2},"geometry":{"type":"Polygon","coordinates":[[[12.3945214,47.4420707],[12.3945307,47.4420426],[12.3946021,47.4420535],[12.3945928,47.4420815],[12.3945214,47.4420707]]]}},{"type":"Feature","id":"building-304434691","properties":{"kind":"building","name":"Alpine building","height":7.2},"geometry":{"type":"Polygon","coordinates":[[[12.3662718,47.4464303],[12.3664528,47.4463305],[12.3665345,47.4463982],[12.3663535,47.4464981],[12.3662718,47.4464303]]]}},{"type":"Feature","id":"building-197896346","properties":{"kind":"building","name":"Alpine building","height":7.2},"geometry":{"type":"Polygon","coordinates":[[[12.4035454,47.4295798],[12.403447,47.4296431],[12.4033682,47.429587],[12.4034666,47.4295237],[12.4035454,47.4295798]]]}},{"type":"Feature","id":"building-197899558","properties":{"kind":"building","name":"Alpine building","height":7.2},"geometry":{"type":"Polygon","coordinates":[[[12.4034602,47.4301598],[12.4034503,47.430165],[12.4033225,47.4302322],[12.4032331,47.4301544],[12.4033709,47.430082],[12.4034008,47.430108],[12.4034472,47.4301485],[12.4034602,47.4301598]]]}},{"type":"Feature","id":"building-211159988","properties":{"kind":"building","name":"Alpine building","height":7.2},"geometry":{"type":"Polygon","coordinates":[[[12.3857739,47.4460057],[12.3856453,47.4459415],[12.3856109,47.445923],[12.3856683,47.4458742],[12.3857297,47.4458167],[12.385892,47.4458986],[12.3857739,47.4460057]]]}},{"type":"Feature","id":"building-229076726","properties":{"kind":"building","name":"Alpine building","height":7.2},"geometry":{"type":"Polygon","coordinates":[[[12.3967309,47.4405171],[12.396713,47.4405522],[12.3967498,47.4405608],[12.3967677,47.4405257],[12.3967309,47.4405171]]]}},{"type":"Feature","id":"building-229076729","properties":{"kind":"building","name":"Alpine building","height":7.2},"geometry":{"type":"Polygon","coordinates":[[[12.3966905,47.4405839],[12.3967047,47.4405511],[12.396713,47.4405522],[12.3967498,47.4405608],[12.396735,47.4405927],[12.3966905,47.4405839]]]}},{"type":"Feature","id":"building-531671233","properties":{"kind":"building","name":"Alpine building","height":7.2},"geometry":{"type":"Polygon","coordinates":[[[12.3936757,47.4425333],[12.3937955,47.4425877],[12.3937063,47.4426775],[12.3936968,47.4426732],[12.3935195,47.4428516],[12.3934221,47.4428073],[12.3934495,47.4427796],[12.3935519,47.4426766],[12.393598,47.4426302],[12.3935852,47.4426244],[12.3936757,47.4425333]]]}},{"type":"Feature","id":"building-29784255","properties":{"kind":"building","name":"Hallenbad - Aquarena","height":7.2},"geometry":{"type":"Polygon","coordinates":[[[12.3891272,47.4451518],[12.389244,47.4450811],[12.3892811,47.4450575],[12.3893862,47.4449938],[12.3893718,47.4449843],[12.3895906,47.4448548],[12.3896051,47.4448428],[12.389609,47.4448221],[12.3896058,47.4448061],[12.3895236,47.4447379],[12.3895274,47.4447179],[12.3895184,47.4446978],[12.389481,47.4446647],[12.3894295,47.4446333],[12.3894126,47.4446281],[12.3893932,47.4446263],[12.3893675,47.4446294],[12.3893619,47.4446318],[12.389343,47.4446398],[12.3892637,47.4446751],[12.3892289,47.4446869],[12.389198,47.444696],[12.3891715,47.4446995],[12.3891458,47.4447],[12.3891187,47.4446956],[12.389091,47.4446869],[12.3890391,47.4446644],[12.3889472,47.444739],[12.3886559,47.4445592],[12.3884435,47.4447215],[12.3888156,47.4449414],[12.3888262,47.4449338],[12.3889951,47.4450378],[12.388985,47.4450442],[12.3891272,47.4451518]]]}},{"type":"Feature","id":"building-318858267","properties":{"kind":"building","name":"Alpine building","height":7.2},"geometry":{"type":"Polygon","coordinates":[[[12.3851168,47.4460584],[12.3852221,47.4459695],[12.3853728,47.4460511],[12.3852963,47.4461158],[12.3852679,47.4461396],[12.3851168,47.4460584]]]}},{"type":"Feature","id":"building-225788637","properties":{"kind":"building","name":"Alpine building","height":7.2},"geometry":{"type":"Polygon","coordinates":[[[12.3905895,47.4443276],[12.3904306,47.4442111],[12.3905299,47.4441539],[12.3906069,47.4442162],[12.3906269,47.4442382],[12.3906697,47.4442776],[12.3905895,47.4443276]]]}},{"type":"Feature","id":"building-210729152","properties":{"kind":"building","name":"Alpine building","height":7.2},"geometry":{"type":"Polygon","coordinates":[[[12.3788719,47.447242],[12.3788902,47.4471165],[12.378997,47.4471038],[12.3790239,47.4472272],[12.3789363,47.4472368],[12.3788719,47.447242]]]}},{"type":"Feature","id":"building-320633381","properties":{"kind":"building","name":"Alpine building","height":7.2},"geometry":{"type":"Polygon","coordinates":[[[12.4035425,47.4288611],[12.4035815,47.4288296],[12.403609,47.4288452],[12.4035897,47.4288608],[12.4036593,47.4289003],[12.4036396,47.4289162],[12.4035425,47.4288611]]]}},{"type":"Feature","id":"building-725678685","properties":{"kind":"building","name":"Alpine building","height":7.2},"geometry":{"type":"Polygon","coordinates":[[[12.4034472,47.4301485],[12.4034709,47.4301364],[12.403493,47.4301252],[12.4035004,47.4301214],[12.4034524,47.4300801],[12.4034008,47.430108],[12.4034472,47.4301485]]]}},{"type":"Feature","id":"building-229092660","properties":{"kind":"building","name":"Alpine building","height":10.3},"geometry":{"type":"Polygon","coordinates":[[[12.3947875,47.4419245],[12.3949097,47.441819],[12.3950331,47.4418844],[12.3949215,47.4419806],[12.3949112,47.4419897],[12.394858,47.4419621],[12.3947875,47.4419245]]]}},{"type":"Feature","id":"building-197896373","properties":{"kind":"building","name":"Alpine building","height":7.2},"geometry":{"type":"Polygon","coordinates":[[[12.4036958,47.4294458],[12.4036071,47.4295154],[12.403477,47.4294397],[12.4034911,47.4294286],[12.4034829,47.4294238],[12.4035522,47.4293694],[12.4035613,47.4293747],[12.4035665,47.4293705],[12.4035938,47.4293864],[12.4036958,47.4294458]]]}},{"type":"Feature","id":"building-507707541","properties":{"kind":"building","name":"Alpine building","height":7.2},"geometry":{"type":"Polygon","coordinates":[[[12.3919624,47.4435472],[12.392071,47.4436287],[12.3921326,47.4435912],[12.392024,47.4435097],[12.3919624,47.4435472]]]}},{"type":"Feature","id":"building-197896367","properties":{"kind":"building","name":"Alpine building","height":7.2},"geometry":{"type":"Polygon","coordinates":[[[12.403649,47.4291648],[12.4036197,47.4291338],[12.4035626,47.4291598],[12.4035571,47.4291733],[12.4035629,47.4291836],[12.4035781,47.4291916],[12.4036,47.4291901],[12.403649,47.4291648]]]}},{"type":"Feature","id":"building-725678679","properties":{"kind":"building","name":"Alpine building","height":7.2},"geometry":{"type":"Polygon","coordinates":[[[12.403365,47.430565],[12.4033489,47.4305804],[12.4034009,47.4306335],[12.4034361,47.4305933],[12.403365,47.430565]]]}},{"type":"Feature","id":"building-316236983","properties":{"kind":"building","name":"Alpine building","height":7.2},"geometry":{"type":"Polygon","coordinates":[[[12.3843211,47.4463236],[12.3843408,47.4463064],[12.3843725,47.446323],[12.3843528,47.4463402],[12.3843211,47.4463236]]]}},{"type":"Feature","id":"building-507707533","properties":{"kind":"building","name":"Alpine building","height":7.2},"geometry":{"type":"Polygon","coordinates":[[[12.3918435,47.4436176],[12.3919044,47.4435813],[12.3920117,47.4436635],[12.3919508,47.4436999],[12.3918435,47.4436176]]]}},{"type":"Feature","id":"building-199834566","properties":{"kind":"building","name":"Alpine building","height":7.2},"geometry":{"type":"Polygon","coordinates":[[[12.3943902,47.4422965],[12.3945147,47.4423229],[12.3945721,47.4421988],[12.3944619,47.4421755],[12.3944485,47.4422044],[12.3943937,47.4421928],[12.3943543,47.4422779],[12.3943948,47.4422865],[12.3943902,47.4422965]]]}},{"type":"Feature","id":"building-225788636","properties":{"kind":"building","name":"Alpine building","height":7.2},"geometry":{"type":"Polygon","coordinates":[[[12.3901506,47.4445132],[12.3900071,47.4444056],[12.3902156,47.444263],[12.390246,47.4442417],[12.3904589,47.4443963],[12.3905015,47.4444734],[12.3904001,47.4445366],[12.3902703,47.4444349],[12.3901506,47.4445132]]]}},{"type":"Feature","id":"building-211159983","properties":{"kind":"building","name":"Alpine building","height":7.2},"geometry":{"type":"Polygon","coordinates":[[[12.386382,47.4459174],[12.3863118,47.445881],[12.3862338,47.4458378],[12.3861933,47.4458172],[12.3862356,47.4457747],[12.3862642,47.4457825],[12.3863011,47.4457458],[12.3864693,47.4458364],[12.386382,47.4459174]]]}},{"type":"Feature","id":"building-229092658","properties":{"kind":"building","name":"Alpine building","height":7.2},"geometry":{"type":"Polygon","coordinates":[[[12.3942668,47.4423564],[12.394313,47.4422675],[12.3943543,47.4422779],[12.3943948,47.4422865],[12.3943902,47.4422965],[12.3943744,47.4423267],[12.3943632,47.4423479],[12.3943371,47.4423417],[12.3943226,47.4423697],[12.3942668,47.4423564]]]}},{"type":"Feature","id":"building-531671243","properties":{"kind":"building","name":"Alpine building","height":7.2},"geometry":{"type":"Polygon","coordinates":[[[12.3932126,47.4429783],[12.393363,47.4428267],[12.3933884,47.4428382],[12.3934812,47.4428803],[12.3933308,47.4430319],[12.3932126,47.4429783]]]}},{"type":"Feature","id":"building-320633375","properties":{"kind":"building","name":"Alpine building","height":7.2},"geometry":{"type":"Polygon","coordinates":[[[12.403469,47.4303109],[12.4034714,47.4302877],[12.4034999,47.4302891],[12.4034975,47.4303123],[12.403469,47.4303109]]]}},{"type":"Feature","id":"building-725678684","properties":{"kind":"building","name":"Alpine building","height":7.2},"geometry":{"type":"Polygon","coordinates":[[[12.4034655,47.4300797],[12.4035234,47.430129],[12.4035456,47.430117],[12.4035672,47.4301054],[12.4035093,47.4300561],[12.4034655,47.4300797]]]}},{"type":"Feature","id":"building-229092657","properties":{"kind":"building","name":"Alpine building","height":7.2},"geometry":{"type":"Polygon","coordinates":[[[12.3947394,47.4420848],[12.3947637,47.4420198],[12.3947972,47.4420292],[12.3947903,47.4420597],[12.3948076,47.442066],[12.3948053,47.4420934],[12.3947394,47.4420848]]]}},{"type":"Feature","id":"building-197899606","properties":{"kind":"building","name":"Alpine building","height":7.2},"geometry":{"type":"Polygon","coordinates":[[[12.403551,47.4304163],[12.4036175,47.4304966],[12.4035106,47.4305382],[12.4034539,47.4306004],[12.4034361,47.4305933],[12.403365,47.430565],[12.4033457,47.4305572],[12.4033953,47.4305052],[12.403352,47.4304763],[12.4034454,47.4304137],[12.4034856,47.4304405],[12.403551,47.4304163]]]}},{"type":"Feature","id":"building-317065503","properties":{"kind":"building","name":"Alpine building","height":7.2},"geometry":{"type":"Polygon","coordinates":[[[12.4025899,47.4333404],[12.4025468,47.4333834],[12.4025782,47.4333978],[12.4026213,47.4333548],[12.4025899,47.4333404]]]}},{"type":"Feature","id":"building-210729135","properties":{"kind":"building","name":"Alpine building","height":7.2},"geometry":{"type":"Polygon","coordinates":[[[12.3792477,47.4472956],[12.379162,47.4471467],[12.3792843,47.4471145],[12.37937,47.4472635],[12.3792477,47.4472956]]]}},{"type":"Feature","id":"building-229075928","properties":{"kind":"building","name":"Alpine building","height":7.2},"geometry":{"type":"Polygon","coordinates":[[[12.3990067,47.4387062],[12.3989347,47.4386722],[12.3988972,47.4387217],[12.398974,47.4387479],[12.3990067,47.4387062]]]}},{"type":"Feature","id":"building-231257097","properties":{"kind":"building","name":"Alpine building","height":7.2},"geometry":{"type":"Polygon","coordinates":[[[12.4025316,47.4335351],[12.4026147,47.4334517],[12.4025626,47.4334279],[12.4024794,47.4335113],[12.4025316,47.4335351]]]}},{"type":"Feature","id":"building-1195193118","properties":{"kind":"building","name":"Alpine building","height":7.2},"geometry":{"type":"Polygon","coordinates":[[[12.3950904,47.4418416],[12.3951723,47.441768],[12.3951822,47.4417731],[12.3952124,47.4417459],[12.3953393,47.4418105],[12.3952272,47.4419112],[12.3950904,47.4418416]]]}},{"type":"Feature","id":"building-226294737","properties":{"kind":"building","name":"Alpine building","height":7.2},"geometry":{"type":"Polygon","coordinates":[[[12.3861378,47.4458828],[12.3862683,47.4459551],[12.3863301,47.4459041],[12.3863023,47.4458888],[12.3863118,47.445881],[12.3862338,47.4458378],[12.386223,47.4458468],[12.3861981,47.445833],[12.3861378,47.4458828]]]}},{"type":"Feature","id":"building-318911538","properties":{"kind":"building","name":"Alpine building","height":7.2},"geometry":{"type":"Polygon","coordinates":[[[12.360851,47.4449982],[12.3608503,47.4449206],[12.3610879,47.4449195],[12.3610886,47.4449971],[12.360851,47.4449982]]]}},{"type":"Feature","id":"building-317065502","properties":{"kind":"building","name":"Alpine building","height":7.2},"geometry":{"type":"Polygon","coordinates":[[[12.4026376,47.4333059],[12.4026645,47.4333329],[12.4026213,47.4333548],[12.4025899,47.4333404],[12.4026376,47.4333059]]]}},{"type":"Feature","id":"building-197896391","properties":{"kind":"building","name":"Alpine building","height":7.2},"geometry":{"type":"Polygon","coordinates":[[[12.4037348,47.4289137],[12.4037205,47.428906],[12.4037013,47.4289221],[12.4036593,47.4289003],[12.4036396,47.4289162],[12.4035664,47.4289783],[12.4036475,47.429027],[12.4036736,47.4290289],[12.4037121,47.4290318],[12.4037836,47.4289682],[12.4037672,47.4289599],[12.4037881,47.4289426],[12.4037348,47.4289137]]]}},{"type":"Feature","id":"building-197896322","properties":{"kind":"building","name":"Alpine building","height":7.2},"geometry":{"type":"Polygon","coordinates":[[[12.4038076,47.4288522],[12.4037671,47.4288864],[12.4037348,47.4289137],[12.4037205,47.428906],[12.4037013,47.4289221],[12.4036593,47.4289003],[12.4035897,47.4288608],[12.403609,47.4288452],[12.4036813,47.4287838],[12.4038026,47.4288495],[12.4038076,47.4288522]]]}},{"type":"Feature","id":"building-320633380","properties":{"kind":"building","name":"Alpine building","height":7.2},"geometry":{"type":"Polygon","coordinates":[[[12.4034913,47.4302715],[12.403522,47.4302443],[12.4035676,47.4302664],[12.4035806,47.430275],[12.4035494,47.4303018],[12.4034913,47.4302715]]]}},{"type":"Feature","id":"building-318858266","properties":{"kind":"building","name":"Alpine building","height":7.2},"geometry":{"type":"Polygon","coordinates":[[[12.3853672,47.4461544],[12.3853367,47.4461378],[12.3852963,47.4461158],[12.3852679,47.4461396],[12.3852765,47.4461443],[12.3852496,47.4461668],[12.3853121,47.4462008],[12.3853672,47.4461544]]]}},{"type":"Feature","id":"building-304434694","properties":{"kind":"building","name":"Alpine building","height":7.2},"geometry":{"type":"Polygon","coordinates":[[[12.3663937,47.446584],[12.3665554,47.4464929],[12.3666545,47.4465733],[12.3664927,47.4466644],[12.3663937,47.446584]]]}},{"type":"Feature","id":"building-317107918","properties":{"kind":"building","name":"Alpine building","height":7.2},"geometry":{"type":"Polygon","coordinates":[[[12.3788818,47.4472979],[12.3788719,47.447242],[12.3789363,47.4472368],[12.3789462,47.4472927],[12.3788818,47.4472979]]]}},{"type":"Feature","id":"building-197896347","properties":{"kind":"building","name":"Alpine building","height":7.2},"geometry":{"type":"Polygon","coordinates":[[[12.4036799,47.4292724],[12.4037693,47.4292],[12.4037285,47.4291745],[12.4036431,47.4292429],[12.4036557,47.4292609],[12.4036799,47.4292724]]]}},{"type":"Feature","id":"building-197899551","properties":{"kind":"building","name":"Alpine building","height":7.2},"geometry":{"type":"Polygon","coordinates":[[[12.4037176,47.4300466],[12.4036182,47.4301001],[12.4036052,47.4300891],[12.4035701,47.4301079],[12.4035672,47.4301054],[12.4035093,47.4300561],[12.4035023,47.4300502],[12.4036026,47.4299963],[12.4036178,47.4300092],[12.403652,47.4299908],[12.4037176,47.4300466]]]}},{"type":"Feature","id":"building-229092662","properties":{"kind":"building","name":"Alpine building","height":10.3},"geometry":{"type":"Polygon","coordinates":[[[12.3948075,47.4420064],[12.394858,47.4419621],[12.3949112,47.4419897],[12.3949215,47.4419806],[12.3950636,47.4420546],[12.3949838,47.4421247],[12.3949048,47.4420836],[12.3949238,47.4420669],[12.3948075,47.4420064]]]}},{"type":"Feature","id":"building-531671231","properties":{"kind":"building","name":"Alpine building","height":7.2},"geometry":{"type":"Polygon","coordinates":[[[12.3929141,47.4432162],[12.3928504,47.4431718],[12.3929308,47.4431269],[12.3929456,47.44314],[12.3929825,47.4431178],[12.3930033,47.4431337],[12.3930261,47.4431187],[12.3931193,47.4431826],[12.3930891,47.4432012],[12.3931434,47.4432384],[12.3931178,47.4432553],[12.392989,47.4431662],[12.3929141,47.4432162]]]}},{"type":"Feature","id":"building-319532752","properties":{"kind":"building","name":"Alpine building","height":7.2},"geometry":{"type":"Polygon","coordinates":[[[12.3513191,47.439103],[12.3513291,47.4390631],[12.3513852,47.4390696],[12.3513752,47.4391094],[12.3513191,47.439103]]]}},{"type":"Feature","id":"building-244535755","properties":{"kind":"building","name":"Alpine building","height":7.2},"geometry":{"type":"Polygon","coordinates":[[[12.3461568,47.4286413],[12.3462981,47.4286584],[12.3463243,47.4285598],[12.346183,47.4285427],[12.3461568,47.4286413]]]}},{"type":"Feature","id":"building-211159967","properties":{"kind":"building","name":"Alpine building","height":7.2},"geometry":{"type":"Polygon","coordinates":[[[12.386832,47.445846],[12.3866474,47.4457519],[12.3867439,47.4456653],[12.3869125,47.4457513],[12.3869277,47.445759],[12.386832,47.445846]]]}},{"type":"Feature","id":"building-173689299","properties":{"kind":"building","name":"Alpine building","height":7.2},"geometry":{"type":"Polygon","coordinates":[[[12.3884563,47.4453539],[12.3882702,47.445278],[12.3882793,47.445271],[12.3882109,47.4452307],[12.3882815,47.4451772],[12.3883357,47.4452119],[12.3885154,47.4452858],[12.3885046,47.4452957],[12.3884563,47.4453539]]]}},{"type":"Feature","id":"building-244535742","properties":{"kind":"building","name":"Alpine building","height":4.1},"geometry":{"type":"Polygon","coordinates":[[[12.346347,47.4296837],[12.3463507,47.4295858],[12.3462503,47.429584],[12.3462466,47.429682],[12.346347,47.4296837]]]}},{"type":"Feature","id":"building-229076738","properties":{"kind":"building","name":"Alpine building","height":7.2},"geometry":{"type":"Polygon","coordinates":[[[12.3971751,47.4405195],[12.3971881,47.4404776],[12.3972264,47.4404831],[12.3972483,47.4404126],[12.3971973,47.4404054],[12.3972088,47.4403683],[12.3971007,47.440353],[12.3970544,47.4405024],[12.3971751,47.4405195]]]}},{"type":"Feature","id":"building-317065501","properties":{"kind":"building","name":"Alpine building","height":7.2},"geometry":{"type":"Polygon","coordinates":[[[12.4027237,47.4332913],[12.4027043,47.4332723],[12.4027467,47.4332525],[12.4027661,47.4332715],[12.4027237,47.4332913]]]}},{"type":"Feature","id":"building-209612908","properties":{"kind":"building","name":"Alpine building","height":7.2},"geometry":{"type":"Polygon","coordinates":[[[12.3905895,47.4443276],[12.390716,47.44442],[12.3907916,47.444371],[12.3906697,47.4442776],[12.3905895,47.4443276]]]}},{"type":"Feature","id":"building-226294395","properties":{"kind":"building","name":"Alpine building","height":7.2},"geometry":{"type":"Polygon","coordinates":[[[12.3869754,47.4457667],[12.3870442,47.4457044],[12.386993,47.4456785],[12.3869125,47.4457513],[12.3869277,47.445759],[12.3869393,47.4457485],[12.3869754,47.4457667]]]}},{"type":"Feature","id":"building-725846127","properties":{"kind":"building","name":"Alpine building","height":7.2},"geometry":{"type":"Polygon","coordinates":[[[12.4037671,47.4288864],[12.4038336,47.4289207],[12.4038182,47.4289354],[12.4037836,47.4289682],[12.4037672,47.4289599],[12.4037881,47.4289426],[12.4037348,47.4289137],[12.4037671,47.4288864]]]}},{"type":"Feature","id":"building-747849079","properties":{"kind":"building","name":"Alpine building","height":7.2},"geometry":{"type":"Polygon","coordinates":[[[12.3461508,47.428917],[12.3461198,47.4289758],[12.3462356,47.4290037],[12.346298,47.4288853],[12.3462568,47.4288754],[12.3462254,47.428935],[12.3461508,47.428917]]]}},{"type":"Feature","id":"building-1168803198","properties":{"kind":"building","name":"Alpine building","height":7.2},"geometry":{"type":"Polygon","coordinates":[[[12.3955882,47.4416295],[12.3956036,47.4415932],[12.3955769,47.4415881],[12.3955997,47.4415343],[12.395622,47.4415386],[12.3956385,47.4414994],[12.3957719,47.4415252],[12.3957554,47.4415641],[12.3958024,47.4415732],[12.3957729,47.4416429],[12.3957353,47.4416356],[12.3957266,47.4416563],[12.3955882,47.4416295]]]}},{"type":"Feature","id":"building-229092693","properties":{"kind":"building","name":"Alpine building","height":4.1},"geometry":{"type":"Polygon","coordinates":[[[12.3947672,47.4421364],[12.3948192,47.4421427],[12.3948701,47.4422327],[12.3947486,47.44221],[12.3947672,47.4421364]]]}},{"type":"Feature","id":"building-244535753","properties":{"kind":"building","name":"Alpine building","height":7.2},"geometry":{"type":"Polygon","coordinates":[[[12.3462254,47.428935],[12.3462568,47.4288754],[12.3463091,47.4287739],[12.3461425,47.4287344],[12.3460592,47.4288954],[12.3461508,47.428917],[12.3462254,47.428935]]]}},{"type":"Feature","id":"building-229076756","properties":{"kind":"building","name":"Alpine building","height":4.1},"geometry":{"type":"Polygon","coordinates":[[[12.3973208,47.4401297],[12.3972282,47.4402646],[12.3973719,47.440312],[12.3973804,47.4403011],[12.3974844,47.4403286],[12.3974352,47.4404162],[12.3976101,47.440452],[12.3977642,47.4401758],[12.3975799,47.4401278],[12.3975231,47.4402263],[12.3974484,47.4402039],[12.3973567,47.440163],[12.3973719,47.4401425],[12.3973208,47.4401297]]]}},{"type":"Feature","id":"building-317109534","properties":{"kind":"building","name":"Alpine building","height":7.2},"geometry":{"type":"Polygon","coordinates":[[[12.3900405,47.4445479],[12.3899517,47.4446084],[12.3899758,47.4446246],[12.3899174,47.4446642],[12.389937,47.4446774],[12.3898659,47.4447258],[12.389972,47.4447971],[12.3899883,47.444786],[12.3900017,47.444795],[12.390136,47.4447037],[12.3902163,47.4446491],[12.3900778,47.4445559],[12.3900652,47.4445645],[12.3900405,47.4445479]]]}},{"type":"Feature","id":"building-725678678","properties":{"kind":"building","name":"Alpine building","height":7.2},"geometry":{"type":"Polygon","coordinates":[[[12.4035386,47.4306639],[12.4035876,47.4306009],[12.4036371,47.4306185],[12.4035881,47.4306815],[12.4035386,47.4306639]]]}},{"type":"Feature","id":"building-229075927","properties":{"kind":"building","name":"Alpine building","height":7.2},"geometry":{"type":"Polygon","coordinates":[[[12.3992363,47.4386541],[12.3992679,47.4386099],[12.3991934,47.4385856],[12.3991618,47.4386298],[12.3992363,47.4386541]]]}},{"type":"Feature","id":"building-197899599","properties":{"kind":"building","name":"Alpine building","height":7.2},"geometry":{"type":"Polygon","coordinates":[[[12.403843,47.4302604],[12.4037221,47.4303439],[12.4036572,47.430301],[12.4036389,47.4303136],[12.4035806,47.430275],[12.4035676,47.4302664],[12.4036186,47.4302312],[12.4036408,47.4302458],[12.403729,47.4301849],[12.403843,47.4302604]]]}},{"type":"Feature","id":"building-229076752","properties":{"kind":"building","name":"Alpine building","height":10.3},"geometry":{"type":"Polygon","coordinates":[[[12.3968875,47.4406615],[12.3969125,47.4405697],[12.3969521,47.4405747],[12.3969658,47.4405241],[12.3972136,47.440555],[12.3971586,47.4407566],[12.397077,47.4407465],[12.3969043,47.440725],[12.3969204,47.4406656],[12.3968875,47.4406615]]]}},{"type":"Feature","id":"building-197896351","properties":{"kind":"building","name":"Alpine building","height":7.2},"geometry":{"type":"Polygon","coordinates":[[[12.4037782,47.4294578],[12.4037395,47.4294879],[12.4037712,47.4295028],[12.4037911,47.4295016],[12.4038204,47.4294805],[12.4037782,47.4294578]]]}},{"type":"Feature","id":"building-211159970","properties":{"kind":"building","name":"Alpine building","height":7.2},"geometry":{"type":"Polygon","coordinates":[[[12.3844257,47.4464316],[12.3845012,47.4463331],[12.3846564,47.4463874],[12.3845892,47.4464752],[12.3845805,47.4464862],[12.3845249,47.446466],[12.3844257,47.4464316]]]}},{"type":"Feature","id":"building-197896402","properties":{"kind":"building","name":"Alpine building","height":7.2},"geometry":{"type":"Polygon","coordinates":[[[12.403805,47.4297419],[12.4037131,47.4296924],[12.4036486,47.4296575],[12.4036281,47.4296465],[12.4036595,47.4296198],[12.4036892,47.4296358],[12.4037981,47.4295434],[12.4039222,47.4296104],[12.4038781,47.4296478],[12.4039011,47.4296603],[12.403805,47.4297419]]]}},{"type":"Feature","id":"building-229075924","properties":{"kind":"building","name":"Alpine building","height":7.2},"geometry":{"type":"Polygon","coordinates":[[[12.3986298,47.4392468],[12.3986747,47.4391503],[12.3987388,47.4391639],[12.3986938,47.4392604],[12.3986298,47.4392468]]]}},{"type":"Feature","id":"building-211159974","properties":{"kind":"building","name":"Alpine building","height":7.2},"geometry":{"type":"Polygon","coordinates":[[[12.3860898,47.4461833],[12.385884,47.4460829],[12.3859392,47.4460311],[12.3859959,47.4460587],[12.3860269,47.4460296],[12.3861761,47.4461024],[12.3860898,47.4461833]]]}},{"type":"Feature","id":"building-531671218","properties":{"kind":"building","name":"Alpine building","height":7.2},"geometry":{"type":"Polygon","coordinates":[[[12.394267,47.4426201],[12.3942874,47.4425872],[12.3942478,47.4425768],[12.3942324,47.4425831],[12.3942172,47.4426076],[12.394267,47.4426201]]]}},{"type":"Feature","id":"building-229075919","properties":{"kind":"building","name":"Alpine building","height":4.1},"geometry":{"type":"Polygon","coordinates":[[[12.3990305,47.4387831],[12.3991204,47.438667],[12.3991821,47.4386888],[12.3991879,47.4386813],[12.3992526,47.4387042],[12.3991799,47.4387981],[12.3992048,47.4388069],[12.3991704,47.4388513],[12.3990664,47.4388145],[12.3990778,47.4387998],[12.3990305,47.4387831]]]}},{"type":"Feature","id":"building-197896372","properties":{"kind":"building","name":"Alpine building","height":7.2},"geometry":{"type":"Polygon","coordinates":[[[12.4038793,47.4285162],[12.4040104,47.4285886],[12.403989,47.4286063],[12.4039404,47.4286465],[12.403912,47.42867],[12.4038543,47.4286381],[12.403781,47.4285976],[12.4038793,47.4285162]]]}},{"type":"Feature","id":"building-229075934","properties":{"kind":"building","name":"Alpine building","height":7.2},"geometry":{"type":"Polygon","coordinates":[[[12.3980172,47.4397569],[12.398091,47.4396978],[12.3981161,47.4397122],[12.3982041,47.4396418],[12.3983401,47.4397196],[12.3981782,47.439849],[12.3980172,47.4397569]]]}},{"type":"Feature","id":"building-318867148","properties":{"kind":"building","name":"Alpine building","height":7.2},"geometry":{"type":"Polygon","coordinates":[[[12.3915071,47.4441162],[12.3916139,47.4440534],[12.3915943,47.4440382],[12.3915599,47.4440114],[12.3914658,47.4440668],[12.3914531,47.4440742],[12.3915071,47.4441162]]]}},{"type":"Feature","id":"building-197896335","properties":{"kind":"building","name":"Alpine building","height":7.2},"geometry":{"type":"Polygon","coordinates":[[[12.4039633,47.4287604],[12.4039393,47.4287814],[12.4039179,47.4288001],[12.4038982,47.4287898],[12.4038552,47.4287673],[12.4039007,47.4287276],[12.4039633,47.4287604]]]}},{"type":"Feature","id":"building-211159996","properties":{"kind":"building","name":"Alpine building","height":7.2},"geometry":{"type":"Polygon","coordinates":[[[12.385485,47.4463527],[12.3853253,47.4462536],[12.3854779,47.4461411],[12.3856377,47.4462402],[12.385485,47.4463527]]]}},{"type":"Feature","id":"building-197899576","properties":{"kind":"building","name":"Alpine building","height":7.2},"geometry":{"type":"Polygon","coordinates":[[[12.4037366,47.4306382],[12.4037317,47.4306445],[12.4037802,47.4306618],[12.4037707,47.4306739],[12.4037161,47.4307435],[12.4036101,47.4307055],[12.4035781,47.430694],[12.4035881,47.4306815],[12.4036371,47.4306185],[12.403647,47.4306061],[12.4037366,47.4306382]]]}},{"type":"Feature","id":"building-316236985","properties":{"kind":"building","name":"Alpine building","height":7.2},"geometry":{"type":"Polygon","coordinates":[[[12.3845059,47.4464899],[12.3845249,47.446466],[12.3845805,47.4464862],[12.3845892,47.4464752],[12.384612,47.4464834],[12.3845843,47.4465183],[12.3845059,47.4464899]]]}},{"type":"Feature","id":"building-229076732","properties":{"kind":"building","name":"Alpine building","height":7.2},"geometry":{"type":"Polygon","coordinates":[[[12.3985183,47.4396402],[12.398269,47.4395169],[12.3984047,47.4393915],[12.398471,47.4394243],[12.3983793,47.4395091],[12.3985622,47.4395996],[12.3985183,47.4396402]]]}},{"type":"Feature","id":"building-197896385","properties":{"kind":"building","name":"Alpine building","height":7.2},"geometry":{"type":"Polygon","coordinates":[[[12.4038543,47.4286381],[12.403912,47.42867],[12.4039404,47.4286465],[12.4040458,47.4287027],[12.4040269,47.428719],[12.4040019,47.4287404],[12.4038374,47.4286526],[12.4038543,47.4286381]]]}},{"type":"Feature","id":"building-231257121","properties":{"kind":"building","name":"Alpine building","height":7.2},"geometry":{"type":"Polygon","coordinates":[[[12.4030874,47.4331409],[12.403003,47.4330549],[12.4029066,47.4330982],[12.4029422,47.4331346],[12.4029021,47.4331526],[12.4029508,47.4332023],[12.4030874,47.4331409]]]}},{"type":"Feature","id":"building-1524400390","properties":{"kind":"building","name":"Kitz Grillhendl","height":7.2},"geometry":{"type":"Polygon","coordinates":[[[12.3998561,47.4380496],[12.3998333,47.4380888],[12.3998622,47.4380991],[12.3998851,47.4380592],[12.3998561,47.4380496]]]}},{"type":"Feature","id":"building-317864555","properties":{"kind":"building","name":"Grand Hotel","height":7.2},"geometry":{"type":"Polygon","coordinates":[[[12.3931178,47.4432553],[12.392989,47.4431662],[12.3929141,47.4432162],[12.3927442,47.4433296],[12.3928219,47.4433829],[12.3925886,47.4435385],[12.3924245,47.443648],[12.3925877,47.4437598],[12.3927271,47.4436665],[12.392825,47.4436018],[12.3931108,47.4434108],[12.3931308,47.4434245],[12.3931685,47.4433994],[12.393226,47.443361],[12.3931286,47.4432945],[12.3930947,47.4432713],[12.3931178,47.4432553]]]}},{"type":"Feature","id":"building-199834563","properties":{"kind":"building","name":"Alpine building","height":7.2},"geometry":{"type":"Polygon","coordinates":[[[12.3941688,47.4426957],[12.3943034,47.4427296],[12.3943518,47.4426414],[12.394267,47.4426201],[12.3942172,47.4426076],[12.3941688,47.4426957]]]}},{"type":"Feature","id":"building-229092698","properties":{"kind":"building","name":"Alpine building","height":7.2},"geometry":{"type":"Polygon","coordinates":[[[12.3950745,47.4420952],[12.395174,47.4420027],[12.3952963,47.4420629],[12.3951969,47.4421554],[12.3950745,47.4420952]]]}},{"type":"Feature","id":"building-304664923","properties":{"kind":"building","name":"Alpine building","height":7.2},"geometry":{"type":"Polygon","coordinates":[[[12.3840781,47.4465709],[12.3841962,47.4464449],[12.3844102,47.4465366],[12.384293,47.4466617],[12.3842502,47.4466434],[12.3842445,47.4466494],[12.384219,47.4466385],[12.3842045,47.4466539],[12.3841435,47.4466278],[12.3841576,47.4466128],[12.3841331,47.4466023],[12.3841383,47.4465967],[12.3840781,47.4465709]]]}},{"type":"Feature","id":"building-197896387","properties":{"kind":"building","name":"Alpine building","height":7.2},"geometry":{"type":"Polygon","coordinates":[[[12.4039352,47.429432],[12.4039446,47.4293995],[12.4039654,47.4294023],[12.4039772,47.4293619],[12.4039835,47.4293398],[12.4038553,47.4293228],[12.4038278,47.4294177],[12.4039352,47.429432]]]}},{"type":"Feature","id":"building-320633371","properties":{"kind":"building","name":"Alpine building","height":7.2},"geometry":{"type":"Polygon","coordinates":[[[12.4039789,47.4283411],[12.4039891,47.4283258],[12.4040293,47.4283382],[12.4040191,47.4283534],[12.4039789,47.4283411]]]}},{"type":"Feature","id":"building-197899593","properties":{"kind":"building","name":"Alpine building","height":7.2},"geometry":{"type":"Polygon","coordinates":[[[12.403856,47.4300329],[12.4039586,47.4299812],[12.4039853,47.4299678],[12.4039373,47.4299241],[12.4039557,47.4299148],[12.4039014,47.4298654],[12.4038283,47.4299022],[12.4038183,47.4298931],[12.4037311,47.429937],[12.4037931,47.4299934],[12.4038056,47.4299871],[12.4038298,47.4300092],[12.403856,47.4300329]]]}},{"type":"Feature","id":"building-197899541","properties":{"kind":"building","name":"Alpine building","height":7.2},"geometry":{"type":"Polygon","coordinates":[[[12.4038354,47.4304458],[12.403811,47.4304739],[12.4037707,47.4304579],[12.4037951,47.4304298],[12.4038354,47.4304458]]]}},{"type":"Feature","id":"building-317109528","properties":{"kind":"building","name":"Alpine building","height":7.2},"geometry":{"type":"Polygon","coordinates":[[[12.3893127,47.4451305],[12.389244,47.4450811],[12.3892811,47.4450575],[12.3893498,47.4451069],[12.3893127,47.4451305]]]}},{"type":"Feature","id":"building-229075922","properties":{"kind":"building","name":"Alpine building","height":10.3},"geometry":{"type":"Polygon","coordinates":[[[12.3987963,47.4390948],[12.3989576,47.4389483],[12.3989304,47.4389357],[12.3990176,47.4388665],[12.3990673,47.4388646],[12.3992023,47.4389116],[12.3992267,47.4389363],[12.3991911,47.4390079],[12.3991611,47.4390041],[12.3991404,47.4390441],[12.3991517,47.4390473],[12.3990954,47.4391671],[12.3990785,47.4391633],[12.3990439,47.4392191],[12.3987841,47.4391627],[12.3987926,47.4391544],[12.3987569,47.439143],[12.3987963,47.4390948]]]}},{"type":"Feature","id":"building-244535746","properties":{"kind":"building","name":"Alpine building","height":4.1},"geometry":{"type":"Polygon","coordinates":[[[12.3459658,47.4296341],[12.3460895,47.4296485],[12.3461472,47.4296552],[12.3461686,47.4295711],[12.3459872,47.42955],[12.3459723,47.4296085],[12.3459658,47.4296341]]]}},{"type":"Feature","id":"building-318858264","properties":{"kind":"building","name":"Alpine building","height":7.2},"geometry":{"type":"Polygon","coordinates":[[[12.3852232,47.446302],[12.3851617,47.4463542],[12.385389,47.446442],[12.3854332,47.4463836],[12.3852232,47.446302]]]}},{"type":"Feature","id":"building-173689293","properties":{"kind":"building","name":"Alpine building","height":7.2},"geometry":{"type":"Polygon","coordinates":[[[12.3886335,47.4454277],[12.3886241,47.4454393],[12.3884891,47.445389],[12.3885005,47.445375],[12.388454,47.4453577],[12.3884563,47.4453539],[12.3885046,47.4452957],[12.3887001,47.4453685],[12.3886476,47.445433],[12.3886335,47.4454277]]]}},{"type":"Feature","id":"building-197896368","properties":{"kind":"building","name":"Alpine building","height":7.2},"geometry":{"type":"Polygon","coordinates":[[[12.4040555,47.4290667],[12.4040508,47.4290647],[12.4040732,47.4290419],[12.4040205,47.4290085],[12.4039226,47.4290725],[12.4039528,47.4290928],[12.4039829,47.429113],[12.4040555,47.4290667]]]}},{"type":"Feature","id":"building-211160017","properties":{"kind":"building","name":"Alpine building","height":7.2},"geometry":{"type":"Polygon","coordinates":[[[12.3866217,47.4460922],[12.3865874,47.4460742],[12.3865649,47.4460629],[12.3865447,47.446081],[12.3864728,47.4460442],[12.3864973,47.4460222],[12.3864399,47.4459929],[12.3865369,47.445906],[12.3867236,47.4460015],[12.3866533,47.4460647],[12.3866217,47.4460922]]]}},{"type":"Feature","id":"building-229089754","properties":{"kind":"building","name":"Alpine building","height":7.2},"geometry":{"type":"Polygon","coordinates":[[[12.3947515,47.4424982],[12.394782,47.4424616],[12.3947216,47.4424386],[12.3947366,47.4424206],[12.3946897,47.4424027],[12.3946806,47.4424136],[12.394649,47.4424016],[12.3945865,47.4424766],[12.3947029,47.4425209],[12.3947289,47.4424896],[12.3947515,47.4424982]]]}},{"type":"Feature","id":"building-230856923","properties":{"kind":"building","name":"Alpine building","height":7.2},"geometry":{"type":"Polygon","coordinates":[[[12.4025981,47.4339326],[12.4027149,47.4339681],[12.4027175,47.4339641],[12.4027248,47.4339531],[12.4027541,47.4339089],[12.402765,47.4338927],[12.4027898,47.4338553],[12.402673,47.4338198],[12.4025981,47.4339326]]]}},{"type":"Feature","id":"building-229076734","properties":{"kind":"building","name":"Alpine building","height":7.2},"geometry":{"type":"Polygon","coordinates":[[[12.3968869,47.4408171],[12.3969043,47.440725],[12.397077,47.4407465],[12.3970608,47.4408094],[12.3972216,47.4408414],[12.3972055,47.440874],[12.3968869,47.4408171]]]}},{"type":"Feature","id":"building-210729150","properties":{"kind":"building","name":"Alpine building","height":7.2},"geometry":{"type":"Polygon","coordinates":[[[12.3793263,47.4475543],[12.3792175,47.4473778],[12.3794109,47.4473233],[12.3795198,47.4474998],[12.3793263,47.4475543]]]}},{"type":"Feature","id":"building-725678696","properties":{"kind":"building","name":"Alpine building","height":7.2},"geometry":{"type":"Polygon","coordinates":[[[12.4038199,47.4308045],[12.4038357,47.4307506],[12.403851,47.4307039],[12.4037707,47.4306739],[12.4037161,47.4307435],[12.403687,47.4307888],[12.4038199,47.4308045]]]}},{"type":"Feature","id":"building-194159785","properties":{"kind":"building","name":"Alpine building","height":7.2},"geometry":{"type":"Polygon","coordinates":[[[12.387157,47.4458957],[12.3870822,47.445963],[12.3869423,47.4458917],[12.3870172,47.4458245],[12.387157,47.4458957]]]}},{"type":"Feature","id":"building-197896392","properties":{"kind":"building","name":"Alpine building","height":7.2},"geometry":{"type":"Polygon","coordinates":[[[12.4040487,47.4294681],[12.4040552,47.4294456],[12.4040758,47.429375],[12.4039772,47.4293619],[12.4039654,47.4294023],[12.4039446,47.4293995],[12.4039352,47.429432],[12.4039293,47.4294522],[12.4040487,47.4294681]]]}},{"type":"Feature","id":"building-197899569","properties":{"kind":"building","name":"Alpine building","height":7.2},"geometry":{"type":"Polygon","coordinates":[[[12.4038654,47.4306921],[12.4039481,47.4305857],[12.4038143,47.4305381],[12.4037366,47.4306382],[12.4037317,47.4306445],[12.4037802,47.4306618],[12.4038654,47.4306921]]]}},{"type":"Feature","id":"building-197899602","properties":{"kind":"building","name":"Alpine building","height":7.2},"geometry":{"type":"Polygon","coordinates":[[[12.3881004,47.410317],[12.3878834,47.4103385],[12.3879052,47.4104396],[12.3879765,47.4104326],[12.3879803,47.4104501],[12.3880251,47.4104456],[12.3880217,47.4104297],[12.3881225,47.4104197],[12.3881004,47.410317]]]}},{"type":"Feature","id":"building-230856922","properties":{"kind":"building","name":"Alpine building","height":7.2},"geometry":{"type":"Polygon","coordinates":[[[12.4025147,47.4340755],[12.4025308,47.4340806],[12.4025923,47.4341003],[12.4026197,47.4341091],[12.4026802,47.4341285],[12.4027051,47.4341364],[12.402768,47.4341566],[12.4028279,47.434071],[12.4025746,47.4339899],[12.4025147,47.4340755]]]}},{"type":"Feature","id":"building-29784288","properties":{"kind":"building","name":"Franziskanerkirche","height":7.2},"geometry":{"type":"Polygon","coordinates":[[[12.3913773,47.4443319],[12.3911818,47.4444585],[12.3910959,47.4445142],[12.3910756,47.4445274],[12.3910357,47.4444992],[12.3909636,47.444546],[12.3908344,47.4444547],[12.3909419,47.444385],[12.390957,47.4443957],[12.3911032,47.444301],[12.3911619,47.4442629],[12.3911514,47.4442554],[12.3912164,47.4442133],[12.3912213,47.4442101],[12.3913253,47.4442835],[12.3913167,47.4442891],[12.3913773,47.4443319]]]}},{"type":"Feature","id":"building-229089756","properties":{"kind":"building","name":"Alpine building","height":10.3},"geometry":{"type":"Polygon","coordinates":[[[12.3946897,47.4424027],[12.3947528,47.4423256],[12.3947741,47.4423336],[12.3947811,47.4423249],[12.394957,47.4423906],[12.3949292,47.4424247],[12.3948874,47.4424759],[12.3948719,47.4424949],[12.394782,47.4424616],[12.3947216,47.4424386],[12.3947366,47.4424206],[12.3946897,47.4424027]]]}},{"type":"Feature","id":"building-229075937","properties":{"kind":"building","name":"Alpine building","height":10.3},"geometry":{"type":"Polygon","coordinates":[[[12.3988207,47.4391879],[12.3987787,47.4392861],[12.3988051,47.4392912],[12.3989322,47.4393161],[12.3989742,47.439218],[12.3988207,47.4391879]]]}},{"type":"Feature","id":"building-197899552","properties":{"kind":"building","name":"Alpine building","height":7.2},"geometry":{"type":"Polygon","coordinates":[[[12.4037214,47.4312221],[12.4037549,47.4311756],[12.4036997,47.4311574],[12.4036662,47.4312039],[12.4037214,47.4312221]]]}},{"type":"Feature","id":"building-197899554","properties":{"kind":"building","name":"Alpine building","height":7.2},"geometry":{"type":"Polygon","coordinates":[[[12.4039227,47.4303745],[12.4039069,47.4303879],[12.4038944,47.4303986],[12.4038895,47.4304027],[12.4038329,47.4303723],[12.4038661,47.430344],[12.4039227,47.4303745]]]}},{"type":"Feature","id":"building-197896363","properties":{"kind":"building","name":"Alpine building","height":7.2},"geometry":{"type":"Polygon","coordinates":[[[12.4042175,47.4285036],[12.4041721,47.4285429],[12.4041653,47.4285488],[12.4041253,47.4285834],[12.404062,47.42855],[12.4039973,47.4285158],[12.4040894,47.428436],[12.4042175,47.4285036]]]}},{"type":"Feature","id":"building-197899547","properties":{"kind":"building","name":"Alpine building","height":7.2},"geometry":{"type":"Polygon","coordinates":[[[12.4038443,47.4310054],[12.4038024,47.4309857],[12.403731,47.4310554],[12.403773,47.431075],[12.4038443,47.4310054]]]}},{"type":"Feature","id":"building-197896375","properties":{"kind":"building","name":"Alpine building","height":7.2},"geometry":{"type":"Polygon","coordinates":[[[12.4041653,47.4285488],[12.4041253,47.4285834],[12.404062,47.42855],[12.4040399,47.4285684],[12.4041211,47.428613],[12.4041283,47.428617],[12.4041602,47.4285905],[12.4041924,47.4285637],[12.4041653,47.4285488]]]}},{"type":"Feature","id":"building-1087411037","properties":{"kind":"building","name":"Alpine building","height":7.2},"geometry":{"type":"Polygon","coordinates":[[[12.3857247,47.4463046],[12.3857665,47.4462615],[12.3858773,47.4463106],[12.3858355,47.4463537],[12.3857247,47.4463046]]]}},{"type":"Feature","id":"building-229092647","properties":{"kind":"building","name":"Alpine building","height":7.2},"geometry":{"type":"Polygon","coordinates":[[[12.3961652,47.4416083],[12.3960974,47.4415513],[12.3961562,47.4415193],[12.396224,47.4415763],[12.3961652,47.4416083]]]}},{"type":"Feature","id":"building-197899566","properties":{"kind":"building","name":"Alpine building","height":7.2},"geometry":{"type":"Polygon","coordinates":[[[12.4039891,47.4301944],[12.4041095,47.4301175],[12.4040122,47.4300478],[12.4038917,47.4301247],[12.4039182,47.4301436],[12.4039891,47.4301944]]]}},{"type":"Feature","id":"building-317107932","properties":{"kind":"building","name":"Alpine building","height":7.2},"geometry":{"type":"Polygon","coordinates":[[[12.3791144,47.4474424],[12.3791474,47.4475983],[12.3790051,47.4476146],[12.3789983,47.4475655],[12.3789757,47.4475615],[12.3789716,47.4475157],[12.3789391,47.4475194],[12.3789319,47.4474657],[12.3791144,47.4474424]]]}},{"type":"Feature","id":"building-316752238","properties":{"kind":"building","name":"Alpine building","height":7.2},"geometry":{"type":"Polygon","coordinates":[[[12.4015294,47.4363332],[12.4014404,47.4362937],[12.4014791,47.4362538],[12.401444,47.4362381],[12.4014893,47.4361914],[12.4015069,47.4361733],[12.4015198,47.43616],[12.401644,47.4362152],[12.4015294,47.4363332]]]}},{"type":"Feature","id":"building-197899585","properties":{"kind":"building","name":"Alpine building","height":7.2},"geometry":{"type":"Polygon","coordinates":[[[12.4036754,47.4313486],[12.4038246,47.4313855],[12.4037873,47.4314546],[12.4037773,47.431473],[12.4036944,47.4314525],[12.4036281,47.4314362],[12.4036754,47.4313486]]]}},{"type":"Feature","id":"building-304664920","properties":{"kind":"building","name":"Alpine building","height":7.2},"geometry":{"type":"Polygon","coordinates":[[[12.3866505,47.446169],[12.3867263,47.446103],[12.3866936,47.4460858],[12.3866533,47.4460647],[12.3866217,47.4460922],[12.3865874,47.4460742],[12.3865432,47.4461126],[12.3866505,47.446169]]]}},{"type":"Feature","id":"building-317589550","properties":{"kind":"building","name":"Alpine building","height":7.2},"geometry":{"type":"Polygon","coordinates":[[[12.3882867,47.4454765],[12.3883739,47.445559],[12.388336,47.4455774],[12.3883475,47.4455883],[12.3882728,47.4456244],[12.3882659,47.4456178],[12.3882568,47.4456222],[12.388165,47.4455354],[12.3882867,47.4454765]]]}},{"type":"Feature","id":"building-244535795","properties":{"kind":"building","name":"Alpine building","height":7.2},"geometry":{"type":"Polygon","coordinates":[[[12.346159,47.4314177],[12.3462833,47.4314329],[12.3462873,47.4314181],[12.3462991,47.431374],[12.3463018,47.431364],[12.3461775,47.4313488],[12.346159,47.4314177]]]}},{"type":"Feature","id":"building-725442231","properties":{"kind":"building","name":"Alpine building","height":7.2},"geometry":{"type":"Polygon","coordinates":[[[12.4019723,47.4354542],[12.402096,47.4349965],[12.4021367,47.4349191],[12.4022681,47.4349386],[12.4022389,47.4350381],[12.402354,47.4350535],[12.4022995,47.4352392],[12.4022568,47.4352334],[12.4021888,47.4352243],[12.4021334,47.4354131],[12.4021157,47.4354735],[12.4019723,47.4354542]]]}},{"type":"Feature","id":"building-725496180","properties":{"kind":"building","name":"Alpine building","height":7.2},"geometry":{"type":"Polygon","coordinates":[[[12.4036861,47.4315499],[12.4036781,47.4315752],[12.4037453,47.4315849],[12.4037533,47.4315596],[12.4036861,47.4315499]]]}},{"type":"Feature","id":"building-197896399","properties":{"kind":"building","name":"Alpine building","height":7.2},"geometry":{"type":"Polygon","coordinates":[[[12.4043094,47.4290211],[12.4042176,47.4291175],[12.404143,47.429085],[12.4041297,47.429099],[12.4041239,47.4290965],[12.4040555,47.4290667],[12.4040508,47.4290647],[12.4040732,47.4290419],[12.404156,47.4289542],[12.404199,47.4289731],[12.4042547,47.4289971],[12.4043094,47.4290211]]]}},{"type":"Feature","id":"building-211160031","properties":{"kind":"building","name":"Alpine building","height":7.2},"geometry":{"type":"Polygon","coordinates":[[[12.3855671,47.4464427],[12.3855726,47.446437],[12.3855406,47.4464228],[12.3855985,47.446363],[12.3856282,47.4463762],[12.3857057,47.4462962],[12.3857247,47.4463046],[12.3858355,47.4463537],[12.3858504,47.4463603],[12.3857094,47.4465058],[12.3855671,47.4464427]]]}},{"type":"Feature","id":"building-725442227","properties":{"kind":"building","name":"Alpine building","height":7.2},"geometry":{"type":"Polygon","coordinates":[[[12.4029332,47.4334775],[12.4031036,47.4333255],[12.4032178,47.4333841],[12.4030474,47.4335361],[12.4029332,47.4334775]]]}},{"type":"Feature","id":"building-229075936","properties":{"kind":"building","name":"Alpine building","height":10.3},"geometry":{"type":"Polygon","coordinates":[[[12.3988051,47.4392912],[12.3989322,47.4393161],[12.398947,47.4393197],[12.3988398,47.4395596],[12.3987221,47.4395355],[12.3986981,47.4395306],[12.3988051,47.4392912]]]}},{"type":"Feature","id":"building-211159964","properties":{"kind":"building","name":"Alpine building","height":7.2},"geometry":{"type":"Polygon","coordinates":[[[12.3848226,47.4465626],[12.3848129,47.4464061],[12.384933,47.4464027],[12.3849351,47.4464372],[12.3850421,47.4464341],[12.3850437,47.4464612],[12.3851566,47.446458],[12.3851587,47.4464919],[12.3852743,47.4464886],[12.3852767,47.4465269],[12.3853863,47.4465238],[12.3853955,47.446672],[12.3852619,47.4466758],[12.3852595,47.4466366],[12.38515,47.4466397],[12.3851486,47.4466164],[12.3850339,47.4466196],[12.3850321,47.4465898],[12.3849284,47.4465927],[12.3849264,47.4465597],[12.3848226,47.4465626]]]}},{"type":"Feature","id":"building-197899568","properties":{"kind":"building","name":"Alpine building","height":7.2},"geometry":{"type":"Polygon","coordinates":[[[12.4040006,47.4300184],[12.4040768,47.4299725],[12.4041198,47.4300051],[12.4040587,47.4300419],[12.4040431,47.43003],[12.4040279,47.4300392],[12.4040006,47.4300184]]]}},{"type":"Feature","id":"building-845182618","properties":{"kind":"building","name":"Alpine building","height":7.2},"geometry":{"type":"Polygon","coordinates":[[[12.3460954,47.4251195],[12.3460956,47.4251052],[12.3461157,47.4251053],[12.3461155,47.4251196],[12.3460954,47.4251195]]]}},{"type":"Feature","id":"building-230856919","properties":{"kind":"building","name":"Alpine building","height":7.2},"geometry":{"type":"Polygon","coordinates":[[[12.4024344,47.4343123],[12.4028621,47.4344461],[12.4027814,47.4345641],[12.4027044,47.43454],[12.402725,47.4345098],[12.4026944,47.4345003],[12.4026672,47.4344917],[12.4025529,47.434456],[12.4025144,47.4344439],[12.4024933,47.4344747],[12.4024421,47.4344586],[12.4023533,47.4344309],[12.4024344,47.4343123]]]}},{"type":"Feature","id":"building-316752239","properties":{"kind":"building","name":"Alpine building","height":7.2},"geometry":{"type":"Polygon","coordinates":[[[12.4017809,47.4360502],[12.4017296,47.4360283],[12.4016005,47.4359732],[12.4016881,47.4358792],[12.401759,47.4359094],[12.4017488,47.4359204],[12.4018583,47.4359672],[12.4017809,47.4360502]]]}},{"type":"Feature","id":"building-230856917","properties":{"kind":"building","name":"Alpine building","height":7.2},"geometry":{"type":"Polygon","coordinates":[[[12.4022046,47.4348074],[12.4022685,47.4348275],[12.4022908,47.434795],[12.4023574,47.4348159],[12.4024882,47.4348569],[12.4024659,47.4348894],[12.4025576,47.4349181],[12.4025792,47.4348866],[12.4026518,47.4347808],[12.4022989,47.43467],[12.4022046,47.4348074]]]}},{"type":"Feature","id":"building-317864554","properties":{"kind":"building","name":"Alpine building","height":7.2},"geometry":{"type":"Polygon","coordinates":[[[12.3927969,47.4437317],[12.3927714,47.443714],[12.3927517,47.4437004],[12.3927642,47.4436921],[12.3927271,47.4436665],[12.392825,47.4436018],[12.3928548,47.4436224],[12.3928429,47.4436303],[12.3928664,47.4436465],[12.3928954,47.4436665],[12.3927969,47.4437317]]]}},{"type":"Feature","id":"building-229090564","properties":{"kind":"building","name":"Alpine building","height":7.2},"geometry":{"type":"Polygon","coordinates":[[[12.3959858,47.4417766],[12.3959518,47.4416952],[12.3960589,47.4416748],[12.3960929,47.4417561],[12.3959858,47.4417766]]]}},{"type":"Feature","id":"building-197899594","properties":{"kind":"building","name":"Alpine building","height":7.2},"geometry":{"type":"Polygon","coordinates":[[[12.4036688,47.4315478],[12.4036861,47.4315499],[12.4037533,47.4315596],[12.4038141,47.4315675],[12.4038407,47.4314699],[12.4037873,47.4314546],[12.4037773,47.431473],[12.4036944,47.4314525],[12.4036688,47.4315478]]]}},{"type":"Feature","id":"building-244535802","properties":{"kind":"building","name":"Alpine building","height":7.2},"geometry":{"type":"Polygon","coordinates":[[[12.3457307,47.4300008],[12.3457563,47.4299433],[12.3458479,47.4297375],[12.3460399,47.4297633],[12.3460027,47.4298499],[12.3460631,47.4298615],[12.3460246,47.4299533],[12.3459896,47.4300367],[12.3459545,47.43003],[12.3459492,47.4300427],[12.3457575,47.4300059],[12.3457307,47.4300008]]]}},{"type":"Feature","id":"building-725496182","properties":{"kind":"building","name":"Alpine building","height":7.2},"geometry":{"type":"Polygon","coordinates":[[[12.4038096,47.4311096],[12.4037737,47.431156],[12.4038628,47.4311978],[12.4038797,47.4311753],[12.4039033,47.4311439],[12.4038096,47.4311096]]]}},{"type":"Feature","id":"building-197896362","properties":{"kind":"building","name":"Alpine building","height":7.2},"geometry":{"type":"Polygon","coordinates":[[[12.4043432,47.4282716],[12.4042833,47.4283391],[12.4042301,47.4283989],[12.4042097,47.4283906],[12.4040659,47.4283321],[12.404179,47.4282048],[12.4043432,47.4282716]]]}},{"type":"Feature","id":"building-316752236","properties":{"kind":"building","name":"Alpine building","height":7.2},"geometry":{"type":"Polygon","coordinates":[[[12.4016282,47.4360985],[12.401654,47.4360692],[12.4016998,47.4360877],[12.401674,47.436117],[12.4016282,47.4360985]]]}},{"type":"Feature","id":"building-304664926","properties":{"kind":"building","name":"Alpine building","height":7.2},"geometry":{"type":"Polygon","coordinates":[[[12.3861425,47.4461963],[12.3861972,47.4461521],[12.3863588,47.4462435],[12.386429,47.4461868],[12.3863374,47.4461349],[12.3863889,47.4460933],[12.3865503,47.4461847],[12.3865032,47.4462228],[12.3864867,47.4462135],[12.3864592,47.4462358],[12.3864799,47.4462475],[12.3863786,47.4463294],[12.3862826,47.4462751],[12.386259,47.4462941],[12.3861866,47.4462531],[12.3862098,47.4462343],[12.3861425,47.4461963]]]}},{"type":"Feature","id":"building-231257108","properties":{"kind":"building","name":"Alpine building","height":7.2},"geometry":{"type":"Polygon","coordinates":[[[12.402733,47.4336149],[12.4028515,47.4335103],[12.4032079,47.433695],[12.4031632,47.4337345],[12.4031068,47.4337842],[12.4030917,47.4337976],[12.4030265,47.4337637],[12.4030542,47.4337393],[12.4028849,47.4336515],[12.4028548,47.4336781],[12.402733,47.4336149]]]}},{"type":"Feature","id":"building-197899561","properties":{"kind":"building","name":"Alpine building","height":7.2},"geometry":{"type":"Polygon","coordinates":[[[12.4039142,47.4311479],[12.4039857,47.4310587],[12.403874,47.4310178],[12.4038026,47.4311071],[12.4038096,47.4311096],[12.4039033,47.4311439],[12.4039142,47.4311479]]]}},{"type":"Feature","id":"building-229089761","properties":{"kind":"building","name":"Alpine building","height":10.3},"geometry":{"type":"Polygon","coordinates":[[[12.394502,47.4427082],[12.3944985,47.4426085],[12.3948029,47.4426036],[12.3948064,47.4427033],[12.394502,47.4427082]]]}},{"type":"Feature","id":"building-197896332","properties":{"kind":"building","name":"Alpine building","height":7.2},"geometry":{"type":"Polygon","coordinates":[[[12.4041868,47.428738],[12.404335,47.4288169],[12.4043259,47.4288257],[12.4042906,47.4288552],[12.4042616,47.4288816],[12.404241,47.4288695],[12.4042284,47.4288807],[12.4041882,47.4288574],[12.4041145,47.4288004],[12.4041868,47.428738]]]}},{"type":"Feature","id":"building-229089776","properties":{"kind":"building","name":"Alpine building","height":7.2},"geometry":{"type":"Polygon","coordinates":[[[12.395082,47.4424792],[12.3950799,47.4424488],[12.3950689,47.4424283],[12.3949292,47.4424247],[12.3948874,47.4424759],[12.395082,47.4424792]]]}},{"type":"Feature","id":"building-725971551","properties":{"kind":"building","name":"Alpine building","height":7.2},"geometry":{"type":"Polygon","coordinates":[[[12.404199,47.4289731],[12.4042144,47.4289567],[12.4042702,47.4289807],[12.4042547,47.4289971],[12.404199,47.4289731]]]}},{"type":"Feature","id":"building-197896364","properties":{"kind":"building","name":"Alpine building","height":7.2},"geometry":{"type":"Polygon","coordinates":[[[12.4042833,47.4283391],[12.4042301,47.4283989],[12.4042097,47.4283906],[12.4041881,47.4284149],[12.4042759,47.4284506],[12.4043146,47.4284071],[12.4043506,47.4283665],[12.4042833,47.4283391]]]}},{"type":"Feature","id":"building-211159975","properties":{"kind":"building","name":"Alpine building","height":7.2},"geometry":{"type":"Polygon","coordinates":[[[12.3844926,47.4467522],[12.3844932,47.4466585],[12.3847423,47.4466592],[12.3847417,47.4467529],[12.3844926,47.4467522]]]}},{"type":"Feature","id":"building-316752237","properties":{"kind":"building","name":"Alpine building","height":7.2},"geometry":{"type":"Polygon","coordinates":[[[12.4017655,47.4360951],[12.4017999,47.4360583],[12.4017809,47.4360502],[12.4017296,47.4360283],[12.4017128,47.4360464],[12.4016953,47.4360651],[12.4017655,47.4360951]]]}},{"type":"Feature","id":"building-725442230","properties":{"kind":"building","name":"Alpine building","height":7.2},"geometry":{"type":"Polygon","coordinates":[[[12.4021334,47.4354131],[12.4021967,47.435422],[12.4022107,47.4354074],[12.4022568,47.4352334],[12.4021888,47.4352243],[12.4021334,47.4354131]]]}},{"type":"Feature","id":"building-229075930","properties":{"kind":"building","name":"Alpine building","height":7.2},"geometry":{"type":"Polygon","coordinates":[[[12.3984132,47.4399876],[12.3982426,47.4398862],[12.3983295,47.4398193],[12.3984531,47.4398927],[12.3985001,47.4399206],[12.3984913,47.4399274],[12.3984132,47.4399876]]]}},{"type":"Feature","id":"building-229090573","properties":{"kind":"building","name":"Alpine building","height":7.2},"geometry":{"type":"Polygon","coordinates":[[[12.396437,47.4415177],[12.396473,47.4415237],[12.3965475,47.4415348],[12.3965769,47.4414778],[12.3966015,47.4414817],[12.3966325,47.4414197],[12.3966096,47.4414131],[12.3966235,47.4413893],[12.3966718,47.4413688],[12.3966497,47.4413384],[12.3966203,47.4413063],[12.396572,47.4413251],[12.3965671,47.4413185],[12.3965213,47.4413417],[12.3964992,47.4413876],[12.3964877,47.4413871],[12.3964477,47.4414712],[12.3964583,47.4414728],[12.396437,47.4415177]]]}},{"type":"Feature","id":"building-197899584","properties":{"kind":"building","name":"Alpine building","height":7.2},"geometry":{"type":"Polygon","coordinates":[[[12.4041471,47.4300067],[12.4041655,47.4299958],[12.404147,47.4299815],[12.4041755,47.4299647],[12.404149,47.4299442],[12.4041021,47.4299718],[12.4041471,47.4300067]]]}},{"type":"Feature","id":"building-197896361","properties":{"kind":"building","name":"Alpine building","height":7.2},"geometry":{"type":"Polygon","coordinates":[[[12.4042761,47.4286473],[12.4044445,47.4287369],[12.4043452,47.4288223],[12.404335,47.4288169],[12.4041868,47.428738],[12.4041767,47.4287327],[12.4041974,47.4287149],[12.4042761,47.4286473]]]}},{"type":"Feature","id":"building-244535801","properties":{"kind":"building","name":"Alpine building","height":4.1},"geometry":{"type":"Polygon","coordinates":[[[12.3457752,47.4301213],[12.3458127,47.4301294],[12.345839,47.430135],[12.345931,47.4301548],[12.3459735,47.4300643],[12.3459391,47.4300569],[12.3458177,47.4300308],[12.345801,47.4300663],[12.3457752,47.4301213]]]}},{"type":"Feature","id":"building-173689294","properties":{"kind":"building","name":"Alpine building","height":7.2},"geometry":{"type":"Polygon","coordinates":[[[12.3890175,47.4455558],[12.3888859,47.4455072],[12.3888744,47.4455206],[12.3888442,47.4455086],[12.388833,47.4455215],[12.3886907,47.4454651],[12.3887003,47.445454],[12.3886476,47.445433],[12.3887001,47.4453685],[12.3888486,47.4454266],[12.3890646,47.4455038],[12.3890175,47.4455558]]]}},{"type":"Feature","id":"building-435753145","properties":{"kind":"building","name":"FMZ Kitzbühel","height":7.2},"geometry":{"type":"Polygon","coordinates":[[[12.4014861,47.4373441],[12.4010076,47.4376881],[12.4004032,47.4380334],[12.4000087,47.4378785],[12.399997,47.4378739],[12.4001701,47.4377398],[12.4001836,47.4377312],[12.4011099,47.4371382],[12.4012028,47.4372137],[12.4014861,47.4373441]]]}},{"type":"Feature","id":"building-194159801","properties":{"kind":"building","name":"Alpine building","height":7.2},"geometry":{"type":"Polygon","coordinates":[[[12.3874468,47.4459704],[12.3872907,47.4458896],[12.3871858,47.4459823],[12.3871651,47.4459716],[12.3870955,47.4460332],[12.3871705,47.446072],[12.3872075,47.4460393],[12.3872715,47.4460724],[12.3873092,47.446092],[12.3874468,47.4459704]]]}},{"type":"Feature","id":"building-197899571","properties":{"kind":"building","name":"Alpine building","height":7.2},"geometry":{"type":"Polygon","coordinates":[[[12.4042147,47.4303349],[12.4040939,47.4302726],[12.4039668,47.4303853],[12.4040477,47.430427],[12.4040757,47.4304022],[12.4041156,47.4304228],[12.4041404,47.4304008],[12.4042147,47.4303349]]]}},{"type":"Feature","id":"building-725442229","properties":{"kind":"building","name":"Alpine building","height":7.2},"geometry":{"type":"Polygon","coordinates":[[[12.4023578,47.4349621],[12.4023884,47.4349217],[12.4025257,47.4349692],[12.4024952,47.4350096],[12.4023578,47.4349621]]]}},{"type":"Feature","id":"building-197896353","properties":{"kind":"building","name":"Alpine building","height":7.2},"geometry":{"type":"Polygon","coordinates":[[[12.4044295,47.4277803],[12.4043166,47.4275553],[12.404246,47.4275703],[12.4042413,47.4275843],[12.4043042,47.4277031],[12.4043825,47.4277941],[12.4044295,47.4277803]]]}},{"type":"Feature","id":"building-229090565","properties":{"kind":"building","name":"Alpine building","height":7.2},"geometry":{"type":"Polygon","coordinates":[[[12.3956013,47.4420252],[12.39577,47.4419429],[12.395774,47.4419467],[12.3958993,47.442064],[12.3957306,47.4421463],[12.3956013,47.4420252]]]}},{"type":"Feature","id":"building-229075935","properties":{"kind":"building","name":"Alpine building","height":10.3},"geometry":{"type":"Polygon","coordinates":[[[12.3987634,47.4398042],[12.3988772,47.4395693],[12.3988398,47.4395596],[12.3987221,47.4395355],[12.3986086,47.4397699],[12.3987634,47.4398042]]]}},{"type":"Feature","id":"building-225789436","properties":{"kind":"building","name":"Aufbahrungshalle","height":7.2},"geometry":{"type":"Polygon","coordinates":[[[12.3912565,47.4446371],[12.391348,47.4445824],[12.3913176,47.4445592],[12.3913463,47.444542],[12.3912553,47.4444723],[12.3912242,47.4444909],[12.3911818,47.4444585],[12.3910959,47.4445142],[12.3912565,47.4446371]]]}},{"type":"Feature","id":"building-229089787","properties":{"kind":"building","name":"Alpine building","height":10.3},"geometry":{"type":"Polygon","coordinates":[[[12.3952032,47.4422824],[12.395334,47.442219],[12.3954581,47.4423361],[12.3953556,47.4423858],[12.3953412,47.4423927],[12.3952892,47.4423436],[12.3952753,47.4423504],[12.3952032,47.4422824]]]}},{"type":"Feature","id":"building-229076743","properties":{"kind":"building","name":"Alpine building","height":7.2},"geometry":{"type":"Polygon","coordinates":[[[12.397568,47.4407574],[12.397531,47.4406511],[12.3975227,47.4406271],[12.3976507,47.4406068],[12.397692,47.4407255],[12.397696,47.440737],[12.397568,47.4407574]]]}},{"type":"Feature","id":"building-197896401","properties":{"kind":"building","name":"Alpine building","height":7.2},"geometry":{"type":"Polygon","coordinates":[[[12.4044433,47.4292997],[12.4043253,47.4293615],[12.404288,47.4293288],[12.4042748,47.4293357],[12.4041964,47.4292671],[12.4042873,47.4292195],[12.4042686,47.4292031],[12.4043079,47.4291825],[12.4043393,47.4291661],[12.4043965,47.4292161],[12.4043659,47.4292321],[12.4044433,47.4292997]]]}},{"type":"Feature","id":"building-194159791","properties":{"kind":"building","name":"Alpine building","height":7.2},"geometry":{"type":"Polygon","coordinates":[[[12.3868696,47.4460304],[12.3871173,47.4461615],[12.3869518,47.4463044],[12.3867042,47.4461733],[12.3868696,47.4460304]]]}},{"type":"Feature","id":"building-229090557","properties":{"kind":"building","name":"Alpine building","height":7.2},"geometry":{"type":"Polygon","coordinates":[[[12.3959058,47.4420715],[12.3958993,47.442064],[12.395774,47.4419467],[12.3957935,47.4419373],[12.3958086,47.4419483],[12.3958363,47.4419577],[12.3958624,47.4419616],[12.3958722,47.4419596],[12.3959309,47.4419354],[12.3960045,47.4420141],[12.395981,47.442023],[12.3959908,47.4420351],[12.3959058,47.4420715]]]}},{"type":"Feature","id":"building-229076713","properties":{"kind":"building","name":"Alpine building","height":7.2},"geometry":{"type":"Polygon","coordinates":[[[12.3973674,47.440929],[12.3973928,47.4406722],[12.397531,47.4406511],[12.397568,47.4407574],[12.39757,47.440764],[12.3975051,47.4407658],[12.3974984,47.4408241],[12.3977251,47.4408282],[12.3976368,47.4409453],[12.3976107,47.4409404],[12.3973674,47.440929]]]}},{"type":"Feature","id":"building-800522596","properties":{"kind":"building","name":"Alpine building","height":7.2},"geometry":{"type":"Polygon","coordinates":[[[12.3878785,47.4102425],[12.3878292,47.410028],[12.3880555,47.4100042],[12.3881047,47.4102187],[12.3878785,47.4102425]]]}},{"type":"Feature","id":"building-229089781","properties":{"kind":"building","name":"Alpine building","height":10.3},"geometry":{"type":"Polygon","coordinates":[[[12.3944518,47.4429079],[12.3944427,47.4427955],[12.3947607,47.4427837],[12.3947699,47.4428961],[12.3947449,47.442897],[12.3945812,47.4429031],[12.3944518,47.4429079]]]}},{"type":"Feature","id":"building-231257109","properties":{"kind":"building","name":"Alpine building","height":7.2},"geometry":{"type":"Polygon","coordinates":[[[12.4036003,47.4333426],[12.4032414,47.4331566],[12.4031249,47.4332595],[12.4032527,47.4333257],[12.4032837,47.4332984],[12.4034552,47.4333872],[12.4034238,47.4334149],[12.4034608,47.4334341],[12.4034834,47.4334458],[12.4035113,47.4334212],[12.4036003,47.4333426]]]}},{"type":"Feature","id":"building-171698095","properties":{"kind":"building","name":"Alpine building","height":4.1},"geometry":{"type":"Polygon","coordinates":[[[12.3997064,47.43849],[12.3998115,47.4383468],[12.3998356,47.4383544],[12.3998496,47.4383401],[12.4002491,47.4384803],[12.4003853,47.4385275],[12.4003427,47.4385837],[12.4002708,47.4386778],[12.400244,47.4386697],[12.4002361,47.4386733],[12.4000412,47.438606],[12.4000259,47.4385934],[12.3999285,47.4385611],[12.3999053,47.4385593],[12.3997382,47.4385011],[12.3997064,47.43849]]]}},{"type":"Feature","id":"building-197896324","properties":{"kind":"building","name":"Alpine building","height":7.2},"geometry":{"type":"Polygon","coordinates":[[[12.4048213,47.4275764],[12.4047318,47.4276002],[12.4047449,47.4276219],[12.4046134,47.4276586],[12.4046011,47.4276347],[12.404482,47.427667],[12.4043914,47.4275208],[12.4044561,47.4275042],[12.4044345,47.4274616],[12.4042673,47.4275036],[12.4042355,47.427446],[12.4042301,47.4273723],[12.4044121,47.4273236],[12.4044315,47.4273597],[12.4044489,47.4273553],[12.4044945,47.4274446],[12.4044769,47.4274487],[12.4044866,47.4274679],[12.4045668,47.4274493],[12.404611,47.4275248],[12.4047689,47.42748],[12.4048213,47.4275764]]]}},{"type":"Feature","id":"building-317588833","properties":{"kind":"building","name":"Alpine building","height":7.2},"geometry":{"type":"Polygon","coordinates":[[[12.390087,47.444915],[12.3902408,47.445049],[12.3902359,47.4450516],[12.3905497,47.4453272],[12.3904589,47.445375],[12.3904652,47.4453805],[12.3904107,47.4454089],[12.3903955,47.4453982],[12.3900917,47.4455572],[12.3899174,47.4454052],[12.3900594,47.4453297],[12.3900951,47.4453602],[12.3901668,47.4453226],[12.3901982,47.4453498],[12.390291,47.4453015],[12.3901708,47.4451953],[12.3901366,47.4452112],[12.3900743,47.4451549],[12.3900441,47.4451712],[12.3898792,47.445027],[12.390087,47.444915]]]}},{"type":"Feature","id":"pylon-kitzbuehel-0","properties":{"kind":"pylon","name":"Lift tower","height":13},"geometry":{"type":"Polygon","coordinates":[[[12.31804570463577,47.4135121],[12.318037150795996,47.413526074442316],[12.3180165,47.41353186284585],[12.317995849204005,47.413526074442316],[12.317987295364231,47.4135121],[12.317995849204005,47.41349812555768],[12.3180165,47.413492337154146],[12.318037150795996,47.41349812555768],[12.31804570463577,47.4135121]]]}},{"type":"Feature","id":"pylon-kitzbuehel-1","properties":{"kind":"pylon","name":"Lift tower","height":13},"geometry":{"type":"Polygon","coordinates":[[[12.320712502640713,47.4099143],[12.320703949385276,47.409928274442315],[12.3206833,47.40993406284585],[12.320662650614725,47.409928274442315],[12.320654097359288,47.4099143],[12.320662650614725,47.40990032555768],[12.3206833,47.409894537154145],[12.320703949385276,47.40990032555768],[12.320712502640713,47.4099143]]]}},{"type":"Feature","id":"pylon-kitzbuehel-2","properties":{"kind":"pylon","name":"Lift tower","height":13},"geometry":{"type":"Polygon","coordinates":[[[12.324241200001396,47.4051536],[12.324232647518997,47.405167574442316],[12.324212,47.40517336284585],[12.324191352481002,47.405167574442316],[12.324182799998603,47.4051536],[12.324191352481002,47.40513962555768],[12.324212,47.405133837154146],[12.324232647518997,47.40513962555768],[12.324241200001396,47.4051536]]]}},{"type":"Feature","id":"pylon-kitzbuehel-3","properties":{"kind":"pylon","name":"Lift tower","height":13},"geometry":{"type":"Polygon","coordinates":[[[12.32789419726949,47.4002246],[12.327885645587248,47.40023857444232],[12.327865,47.400244362845854],[12.32784435441275,47.40023857444232],[12.327835802730508,47.4002246],[12.32784435441275,47.40021062555768],[12.327865,47.40020483715415],[12.327885645587248,47.40021062555768],[12.32789419726949,47.4002246]]]}},{"type":"Feature","id":"pylon-kitzbuehel-4","properties":{"kind":"pylon","name":"Lift tower","height":13},"geometry":{"type":"Polygon","coordinates":[[[12.30060651593947,47.4338835],[12.300597958788918,47.43389747444232],[12.3005773,47.43390326284585],[12.300556641211083,47.43389747444232],[12.30054808406053,47.4338835],[12.300556641211083,47.43386952555768],[12.3005773,47.43386373715415],[12.300597958788918,47.43386952555768],[12.30060651593947,47.4338835]]]}},{"type":"Feature","id":"pylon-kitzbuehel-5","properties":{"kind":"pylon","name":"Lift tower","height":13},"geometry":{"type":"Polygon","coordinates":[[[12.302121816332049,47.4345906],[12.302113259066514,47.43460457444232],[12.3020926,47.43461036284585],[12.302071940933486,47.43460457444232],[12.302063383667951,47.4345906],[12.302071940933486,47.43457662555768],[12.3020926,47.43457083715415],[12.302113259066514,47.43457662555768],[12.302121816332049,47.4345906]]]}},{"type":"Feature","id":"pylon-kitzbuehel-6","properties":{"kind":"pylon","name":"Lift tower","height":13},"geometry":{"type":"Polygon","coordinates":[[[12.303754616755127,47.4353526],[12.303746059365674,47.43536657444232],[12.3037254,47.435372362845854],[12.303704740634325,47.43536657444232],[12.303696183244872,47.4353526],[12.303704740634325,47.435338625557684],[12.3037254,47.43533283715415],[12.303746059365674,47.435338625557684],[12.303754616755127,47.4353526]]]}},{"type":"Feature","id":"pylon-kitzbuehel-7","properties":{"kind":"pylon","name":"Lift tower","height":13},"geometry":{"type":"Polygon","coordinates":[[[12.304807817028026,47.4358441],[12.304799259558644,47.435858074442315],[12.3047786,47.43586386284585],[12.304757940441357,47.435858074442315],[12.304749382971975,47.4358441],[12.304757940441357,47.43583012555768],[12.3047786,47.435824337154145],[12.304799259558644,47.43583012555768],[12.304807817028026,47.4358441]]]}},{"type":"Feature","id":"pylon-kitzbuehel-8","properties":{"kind":"pylon","name":"Lift tower","height":13},"geometry":{"type":"Polygon","coordinates":[[[12.308619818015854,47.4376231],[12.308611260257145,47.43763707444232],[12.3085906,47.437642862845856],[12.308569939742856,47.43763707444232],[12.308561381984147,47.4376231],[12.308569939742856,47.437609125557685],[12.3085906,47.43760333715415],[12.308611260257145,47.437609125557685],[12.308619818015854,47.4376231]]]}},{"type":"Feature","id":"pylon-kitzbuehel-9","properties":{"kind":"pylon","name":"Lift tower","height":13},"geometry":{"type":"Polygon","coordinates":[[[12.309831918329936,47.4381887],[12.309823360479234,47.438202674442316],[12.3098027,47.43820846284585],[12.309782039520767,47.438202674442316],[12.309773481670065,47.4381887],[12.309782039520767,47.43817472555768],[12.3098027,47.438168937154146],[12.309823360479234,47.43817472555768],[12.309831918329936,47.4381887]]]}},{"type":"Feature","id":"pylon-kitzbuehel-10","properties":{"kind":"pylon","name":"Lift tower","height":13},"geometry":{"type":"Polygon","coordinates":[[[12.310709318557342,47.4385982],[12.310700760640032,47.43861217444232],[12.3106801,47.43861796284585],[12.31065943935997,47.43861217444232],[12.31065088144266,47.4385982],[12.31065943935997,47.43858422555768],[12.3106801,47.43857843715415],[12.310700760640032,47.43858422555768],[12.310709318557342,47.4385982]]]}},{"type":"Feature","id":"pylon-kitzbuehel-11","properties":{"kind":"pylon","name":"Lift tower","height":13},"geometry":{"type":"Polygon","coordinates":[[[12.312610819050095,47.4394855],[12.312602260988461,47.43949947444232],[12.3125816,47.439505262845856],[12.312560939011538,47.43949947444232],[12.312552380949905,47.4394855],[12.312560939011538,47.439471525557686],[12.3125816,47.43946573715415],[12.312602260988461,47.439471525557686],[12.312610819050095,47.4394855]]]}},{"type":"Feature","id":"pylon-kitzbuehel-12","properties":{"kind":"pylon","name":"Lift tower","height":13},"geometry":{"type":"Polygon","coordinates":[[[12.314191719459787,47.4402232],[12.314183161278159,47.440237174442316],[12.3141625,47.44024296284585],[12.314141838721842,47.440237174442316],[12.314133280540213,47.4402232],[12.314141838721842,47.44020922555768],[12.3141625,47.440203437154146],[12.314183161278159,47.44020922555768],[12.314191719459787,47.4402232]]]}},{"type":"Feature","id":"pylon-kitzbuehel-13","properties":{"kind":"pylon","name":"Lift tower","height":13},"geometry":{"type":"Polygon","coordinates":[[[12.315432119781244,47.440802],[12.315423561505463,47.440815974442316],[12.3154029,47.44082176284585],[12.315382238494538,47.440815974442316],[12.315373680218757,47.440802],[12.315382238494538,47.44078802555768],[12.3154029,47.440782237154146],[12.315423561505463,47.44078802555768],[12.315432119781244,47.440802]]]}},{"type":"Feature","id":"pylon-kitzbuehel-14","properties":{"kind":"pylon","name":"Lift tower","height":13},"geometry":{"type":"Polygon","coordinates":[[[12.331128394851179,47.3958603],[12.331119843877245,47.39587427444232],[12.3310992,47.395880062845855],[12.331078556122756,47.39587427444232],[12.331070005148822,47.3958603],[12.331078556122756,47.395846325557685],[12.3310992,47.39584053715415],[12.331119843877245,47.395846325557685],[12.331128394851179,47.3958603]]]}},{"type":"Feature","id":"pylon-kitzbuehel-15","properties":{"kind":"pylon","name":"Lift tower","height":13},"geometry":{"type":"Polygon","coordinates":[[[12.330838795067702,47.3962511],[12.33083024403035,47.39626507444232],[12.3308096,47.39627086284585],[12.33078895596965,47.39626507444232],[12.330780404932298,47.3962511],[12.33078895596965,47.39623712555768],[12.3308096,47.39623133715415],[12.33083024403035,47.39623712555768],[12.330838795067702,47.3962511]]]}},{"type":"Feature","id":"pylon-kitzbuehel-16","properties":{"kind":"pylon","name":"Lift tower","height":13},"geometry":{"type":"Polygon","coordinates":[[[12.32916409631984,47.3985109],[12.329155544915745,47.398524874442316],[12.3291349,47.39853066284585],[12.329114255084255,47.398524874442316],[12.32910570368016,47.3985109],[12.329114255084255,47.39849692555768],[12.3291349,47.398491137154146],[12.329155544915745,47.39849692555768],[12.32916409631984,47.3985109]]]}},{"type":"Feature","id":"pylon-kitzbuehel-17","properties":{"kind":"pylon","name":"Lift tower","height":13},"geometry":{"type":"Polygon","coordinates":[[[12.326721598146294,47.4018067],[12.326713046207242,47.40182067444232],[12.3266924,47.401826462845854],[12.326671753792759,47.40182067444232],[12.326663201853707,47.4018067],[12.326671753792759,47.401792725557684],[12.3266924,47.40178693715415],[12.326713046207242,47.401792725557684],[12.326721598146294,47.4018067]]]}},{"type":"Feature","id":"pylon-kitzbuehel-18","properties":{"kind":"pylon","name":"Lift tower","height":13},"geometry":{"type":"Polygon","coordinates":[[[12.326403798384002,47.4022356],[12.326395246375327,47.402249574442315],[12.3263746,47.40225536284585],[12.326353953624672,47.402249574442315],[12.326345401615997,47.4022356],[12.326353953624672,47.40222162555768],[12.3263746,47.402215837154145],[12.326395246375327,47.40222162555768],[12.326403798384002,47.4022356]]]}},{"type":"Feature","id":"pylon-kitzbuehel-19","properties":{"kind":"pylon","name":"Lift tower","height":13},"geometry":{"type":"Polygon","coordinates":[[[12.325666798935153,47.40323],[12.32565824676505,47.40324397444232],[12.3256376,47.40324976284585],[12.32561695323495,47.40324397444232],[12.325608401064848,47.40323],[12.32561695323495,47.40321602555768],[12.3256376,47.40321023715415],[12.32565824676505,47.40321602555768],[12.325666798935153,47.40323]]]}},{"type":"Feature","id":"pylon-kitzbuehel-20","properties":{"kind":"pylon","name":"Lift tower","height":13},"geometry":{"type":"Polygon","coordinates":[[[12.324370299904778,47.4049793],[12.324361747450679,47.40499327444232],[12.3243411,47.40499906284585],[12.32432045254932,47.40499327444232],[12.324311900095221,47.4049793],[12.32432045254932,47.40496532555768],[12.3243411,47.40495953715415],[12.324361747450679,47.40496532555768],[12.324370299904778,47.4049793]]]}},{"type":"Feature","id":"pylon-kitzbuehel-21","properties":{"kind":"pylon","name":"Lift tower","height":13},"geometry":{"type":"Polygon","coordinates":[[[12.322696301156842,47.4072379],[12.32268774833602,47.407251874442316],[12.3226671,47.40725766284585],[12.32264645166398,47.407251874442316],[12.322637898843158,47.4072379],[12.32264645166398,47.40722392555768],[12.3226671,47.407218137154146],[12.32268774833602,47.40722392555768],[12.322696301156842,47.4072379]]]}},{"type":"Feature","id":"pylon-kitzbuehel-22","properties":{"kind":"pylon","name":"Lift tower","height":13},"geometry":{"type":"Polygon","coordinates":[[[12.320012803164143,47.4108583],[12.320004249755398,47.41087227444232],[12.3199836,47.41087806284585],[12.319962950244603,47.41087227444232],[12.319954396835858,47.4108583],[12.319962950244603,47.41084432555768],[12.3199836,47.41083853715415],[12.320004249755398,47.41084432555768],[12.320012803164143,47.4108583]]]}},{"type":"Feature","id":"pylon-kitzbuehel-23","properties":{"kind":"pylon","name":"Lift tower","height":13},"geometry":{"type":"Polygon","coordinates":[[[12.317052505378818,47.4148519],[12.31704395132141,47.41486587444232],[12.3170233,47.414871662845854],[12.317002648678592,47.41486587444232],[12.316994094621183,47.4148519],[12.317002648678592,47.414837925557684],[12.3170233,47.41483213715415],[12.31704395132141,47.414837925557684],[12.317052505378818,47.4148519]]]}},{"type":"Feature","id":"pylon-kitzbuehel-24","properties":{"kind":"pylon","name":"Lift tower","height":13},"geometry":{"type":"Polygon","coordinates":[[[12.315668506414282,47.4167188],[12.315659952053593,47.416732774442316],[12.3156393,47.41673856284585],[12.315618647946408,47.416732774442316],[12.31561009358572,47.4167188],[12.315618647946408,47.41670482555768],[12.3156393,47.416699037154146],[12.315659952053593,47.41670482555768],[12.315668506414282,47.4167188]]]}},{"type":"Feature","id":"pylon-kitzbuehel-25","properties":{"kind":"pylon","name":"Lift tower","height":13},"geometry":{"type":"Polygon","coordinates":[[[12.429624133691826,47.4658314],[12.42961557134173,47.46584537444232],[12.4295949,47.46585116284585],[12.42957422865827,47.46584537444232],[12.429565666308173,47.4658314],[12.42957422865827,47.46581742555768],[12.4295949,47.46581163715415],[12.42961557134173,47.46581742555768],[12.429624133691826,47.4658314]]]}},{"type":"Feature","id":"pylon-kitzbuehel-26","properties":{"kind":"pylon","name":"Lift tower","height":13},"geometry":{"type":"Polygon","coordinates":[[[12.429617633170897,47.4648947],[12.429609070973378,47.46490867444232],[12.4295884,47.464914462845854],[12.429567729026623,47.46490867444232],[12.429559166829103,47.4648947],[12.429567729026623,47.464880725557684],[12.4295884,47.46487493715415],[12.429609070973378,47.464880725557684],[12.429617633170897,47.4648947]]]}},{"type":"Feature","id":"pylon-kitzbuehel-27","properties":{"kind":"pylon","name":"Lift tower","height":13},"geometry":{"type":"Polygon","coordinates":[[[12.429614032875493,47.4643635],[12.429605470764495,47.464377474442315],[12.4295848,47.46438326284585],[12.429564129235507,47.464377474442315],[12.429555567124508,47.4643635],[12.429564129235507,47.46434952555768],[12.4295848,47.464343737154145],[12.429605470764495,47.46434952555768],[12.429614032875493,47.4643635]]]}},{"type":"Feature","id":"pylon-kitzbuehel-28","properties":{"kind":"pylon","name":"Lift tower","height":13},"geometry":{"type":"Polygon","coordinates":[[[12.429608832461707,47.4636194],[12.429600270471903,47.46363337444232],[12.4295796,47.46363916284585],[12.429558929528097,47.46363337444232],[12.429550367538294,47.4636194],[12.429558929528097,47.46360542555768],[12.4295796,47.46359963715415],[12.429600270471903,47.46360542555768],[12.429608832461707,47.4636194]]]}},{"type":"Feature","id":"pylon-kitzbuehel-29","properties":{"kind":"pylon","name":"Lift tower","height":13},"geometry":{"type":"Polygon","coordinates":[[[12.429602731969421,47.4627341],[12.429594170123805,47.46274807444232],[12.4295735,47.46275386284585],[12.429552829876195,47.46274807444232],[12.429544268030579,47.4627341],[12.429552829876195,47.46272012555768],[12.4295735,47.46271433715415],[12.429594170123805,47.46272012555768],[12.429602731969421,47.4627341]]]}},{"type":"Feature","id":"pylon-kitzbuehel-30","properties":{"kind":"pylon","name":"Lift tower","height":13},"geometry":{"type":"Polygon","coordinates":[[[12.429598431617501,47.4621012],[12.42958986987496,47.46211517444232],[12.4295692,47.46212096284585],[12.42954853012504,47.46211517444232],[12.429539968382498,47.4621012],[12.42954853012504,47.46208722555768],[12.4295692,47.46208143715415],[12.42958986987496,47.46208722555768],[12.429598431617501,47.4621012]]]}},{"type":"Feature","id":"pylon-kitzbuehel-31","properties":{"kind":"pylon","name":"Lift tower","height":13},"geometry":{"type":"Polygon","coordinates":[[[12.429596031428785,47.4617618],[12.429587469741518,47.461775774442316],[12.4295668,47.46178156284585],[12.429546130258482,47.461775774442316],[12.429537568571215,47.4617618],[12.429546130258482,47.46174782555768],[12.4295668,47.461742037154146],[12.429587469741518,47.46174782555768],[12.429596031428785,47.4617618]]]}},{"type":"Feature","id":"pylon-kitzbuehel-32","properties":{"kind":"pylon","name":"Lift tower","height":13},"geometry":{"type":"Polygon","coordinates":[[[12.429928531548777,47.4619776],[12.429919969826365,47.461991574442315],[12.4298993,47.46199736284585],[12.429878630173636,47.461991574442315],[12.429870068451224,47.4619776],[12.429878630173636,47.46196362555768],[12.4298993,47.461957837154145],[12.429919969826365,47.46196362555768],[12.429928531548777,47.4619776]]]}},{"type":"Feature","id":"pylon-kitzbuehel-33","properties":{"kind":"pylon","name":"Lift tower","height":13},"geometry":{"type":"Polygon","coordinates":[[[12.430265431858265,47.4625342],[12.430256870045206,47.46254817444232],[12.4302362,47.46255396284585],[12.430215529954793,47.46254817444232],[12.430206968141734,47.4625342],[12.430215529954793,47.46252022555768],[12.4302362,47.46251443715415],[12.430256870045206,47.46252022555768],[12.430265431858265,47.4625342]]]}},{"type":"Feature","id":"pylon-kitzbuehel-34","properties":{"kind":"pylon","name":"Lift tower","height":13},"geometry":{"type":"Polygon","coordinates":[[[12.430653532214698,47.4631752],[12.430644970297243,47.46318917444232],[12.4306243,47.463194962845854],[12.430603629702757,47.46318917444232],[12.430595067785301,47.4631752],[12.430603629702757,47.463161225557684],[12.4306243,47.46315543715415],[12.430644970297243,47.463161225557684],[12.430653532214698,47.4631752]]]}},{"type":"Feature","id":"pylon-kitzbuehel-35","properties":{"kind":"pylon","name":"Lift tower","height":13},"geometry":{"type":"Polygon","coordinates":[[[12.431028032558741,47.4637939],[12.431019470540518,47.46380787444232],[12.4309988,47.46381366284585],[12.430978129459481,47.46380787444232],[12.430969567441258,47.4637939],[12.430978129459481,47.46377992555768],[12.4309988,47.46377413715415],[12.431019470540518,47.46377992555768],[12.431028032558741,47.4637939]]]}},{"type":"Feature","id":"pylon-kitzbuehel-36","properties":{"kind":"pylon","name":"Lift tower","height":13},"geometry":{"type":"Polygon","coordinates":[[[12.431393932894844,47.4643983],[12.431385370778179,47.46441227444232],[12.4313647,47.46441806284585],[12.43134402922182,47.46441227444232],[12.431335467105155,47.4643983],[12.43134402922182,47.46438432555768],[12.4313647,47.46437853715415],[12.431385370778179,47.46438432555768],[12.431393932894844,47.4643983]]]}},{"type":"Feature","id":"pylon-kitzbuehel-37","properties":{"kind":"pylon","name":"Lift tower","height":13},"geometry":{"type":"Polygon","coordinates":[[[12.431693633170065,47.4648932],[12.431685070972788,47.46490717444232],[12.4316644,47.46491296284585],[12.431643729027213,47.46490717444232],[12.431635166829937,47.4648932],[12.431643729027213,47.46487922555768],[12.4316644,47.46487343715415],[12.431685070972788,47.46487922555768],[12.431693633170065,47.4648932]]]}},{"type":"Feature","id":"pylon-kitzbuehel-38","properties":{"kind":"pylon","name":"Lift tower","height":13},"geometry":{"type":"Polygon","coordinates":[[[12.431859833322775,47.4651678],[12.43185127108077,47.46518177444232],[12.4318306,47.465187562845855],[12.431809928919229,47.46518177444232],[12.431801366677224,47.4651678],[12.431809928919229,47.465153825557685],[12.4318306,47.46514803715415],[12.43185127108077,47.465153825557685],[12.431859833322775,47.4651678]]]}},{"type":"Feature","id":"pylon-kitzbuehel-39","properties":{"kind":"pylon","name":"Lift tower","height":13},"geometry":{"type":"Polygon","coordinates":[[[12.429630334185584,47.4667192],[12.429621771690869,47.46673317444232],[12.4296011,47.46673896284585],[12.42958042830913,47.46673317444232],[12.429571865814415,47.4667192],[12.42958042830913,47.46670522555768],[12.4296011,47.46669943715415],[12.429621771690869,47.46670522555768],[12.429630334185584,47.4667192]]]}},{"type":"Feature","id":"pylon-kitzbuehel-40","properties":{"kind":"pylon","name":"Lift tower","height":13},"geometry":{"type":"Polygon","coordinates":[[[12.356904887318018,47.3822587],[12.356896338550495,47.38227267444232],[12.3568757,47.38227846284585],[12.356855061449505,47.38227267444232],[12.356846512681981,47.3822587],[12.356855061449505,47.38224472555768],[12.3568757,47.38223893715415],[12.356896338550495,47.38224472555768],[12.356904887318018,47.3822587]]]}},{"type":"Feature","id":"pylon-kitzbuehel-41","properties":{"kind":"pylon","name":"Lift tower","height":13},"geometry":{"type":"Polygon","coordinates":[[[12.349118892040051,47.3907858],[12.349110341889478,47.39079977444232],[12.3490897,47.390805562845856],[12.349069058110523,47.39079977444232],[12.34906050795995,47.3907858],[12.349069058110523,47.390771825557685],[12.3490897,47.39076603715415],[12.349110341889478,47.390771825557685],[12.349118892040051,47.3907858]]]}},{"type":"Feature","id":"pylon-kitzbuehel-42","properties":{"kind":"pylon","name":"Lift tower","height":13},"geometry":{"type":"Polygon","coordinates":[[[12.349408792104139,47.3909015],[12.349400241934793,47.390915474442316],[12.3493796,47.39092126284585],[12.349358958065208,47.390915474442316],[12.349350407895862,47.3909015],[12.349358958065208,47.39088752555768],[12.3493796,47.390881737154146],[12.349400241934793,47.39088752555768],[12.349408792104139,47.3909015]]]}},{"type":"Feature","id":"pylon-kitzbuehel-43","properties":{"kind":"pylon","name":"Lift tower","height":13},"geometry":{"type":"Polygon","coordinates":[[[12.351179892495585,47.3916082],[12.351171342211588,47.39162217444232],[12.3511507,47.39162796284585],[12.351130057788412,47.39162217444232],[12.351121507504415,47.3916082],[12.351130057788412,47.39159422555768],[12.3511507,47.39158843715415],[12.351171342211588,47.39159422555768],[12.351179892495585,47.3916082]]]}},{"type":"Feature","id":"pylon-kitzbuehel-44","properties":{"kind":"pylon","name":"Lift tower","height":13},"geometry":{"type":"Polygon","coordinates":[[[12.352919392880068,47.3923023],[12.352910842483459,47.392316274442315],[12.3528902,47.39232206284585],[12.35286955751654,47.392316274442315],[12.35286100711993,47.3923023],[12.35286955751654,47.39228832555768],[12.3528902,47.392282537154145],[12.352910842483459,47.39228832555768],[12.352919392880068,47.3923023]]]}},{"type":"Feature","id":"pylon-kitzbuehel-45","properties":{"kind":"pylon","name":"Lift tower","height":13},"geometry":{"type":"Polygon","coordinates":[[[12.353956793109347,47.3927162],[12.353948242645584,47.39273017444232],[12.3539276,47.392735962845855],[12.353906957354416,47.39273017444232],[12.353898406890654,47.3927162],[12.353906957354416,47.392702225557684],[12.3539276,47.39269643715415],[12.353948242645584,47.392702225557684],[12.353956793109347,47.3927162]]]}},{"type":"Feature","id":"pylon-kitzbuehel-46","properties":{"kind":"pylon","name":"Lift tower","height":13},"geometry":{"type":"Polygon","coordinates":[[[12.355753793506596,47.3934333],[12.35574524292648,47.393447274442316],[12.3557246,47.39345306284585],[12.355703957073521,47.393447274442316],[12.355695406493405,47.3934333],[12.355703957073521,47.39341932555768],[12.3557246,47.393413537154146],[12.35574524292648,47.39341932555768],[12.355753793506596,47.3934333]]]}},{"type":"Feature","id":"pylon-kitzbuehel-47","properties":{"kind":"pylon","name":"Lift tower","height":13},"geometry":{"type":"Polygon","coordinates":[[[12.356695493714724,47.393809],[12.356686943073651,47.393822974442315],[12.3566663,47.39382876284585],[12.35664565692635,47.393822974442315],[12.356637106285277,47.393809],[12.35664565692635,47.39379502555768],[12.3566663,47.393789237154145],[12.356686943073651,47.39379502555768],[12.356695493714724,47.393809]]]}},{"type":"Feature","id":"pylon-kitzbuehel-48","properties":{"kind":"pylon","name":"Lift tower","height":13},"geometry":{"type":"Polygon","coordinates":[[[12.356603793694449,47.3937724],[12.356595243059314,47.39378637444232],[12.3565746,47.393792162845855],[12.356553956940687,47.39378637444232],[12.356545406305552,47.3937724],[12.356553956940687,47.393758425557685],[12.3565746,47.39375263715415],[12.356595243059314,47.393758425557685],[12.356603793694449,47.3937724]]]}},{"type":"Feature","id":"pylon-kitzbuehel-49","properties":{"kind":"pylon","name":"Lift tower","height":13},"geometry":{"type":"Polygon","coordinates":[[[12.353268596251073,47.3983868],[12.353260044867119,47.398400774442315],[12.3532394,47.39840656284585],[12.35321875513288,47.398400774442315],[12.353210203748926,47.3983868],[12.35321875513288,47.39837282555768],[12.3532394,47.398367037154145],[12.353260044867119,47.39837282555768],[12.353268596251073,47.3983868]]]}},{"type":"Feature","id":"pylon-kitzbuehel-50","properties":{"kind":"pylon","name":"Lift tower","height":13},"geometry":{"type":"Polygon","coordinates":[[[12.356814794159142,47.3946112],[12.3568062433879,47.39462517444232],[12.3567856,47.39463096284585],[12.3567649566121,47.39462517444232],[12.356756405840859,47.3946112],[12.3567649566121,47.39459722555768],[12.3567856,47.39459143715415],[12.3568062433879,47.39459722555768],[12.356814794159142,47.3946112]]]}},{"type":"Feature","id":"pylon-kitzbuehel-51","properties":{"kind":"pylon","name":"Lift tower","height":13},"geometry":{"type":"Polygon","coordinates":[[[12.356398994404405,47.3950539],[12.356390443561327,47.39506787444232],[12.3563698,47.39507366284585],[12.356349156438672,47.39506787444232],[12.356340605595594,47.3950539],[12.356349156438672,47.39503992555768],[12.3563698,47.39503413715415],[12.356390443561327,47.39503992555768],[12.356398994404405,47.3950539]]]}},{"type":"Feature","id":"pylon-kitzbuehel-52","properties":{"kind":"pylon","name":"Lift tower","height":13},"geometry":{"type":"Polygon","coordinates":[[[12.35587009471638,47.395617],[12.355861543781927,47.39563097444232],[12.3558409,47.395636762845854],[12.355820256218074,47.39563097444232],[12.355811705283621,47.395617],[12.355820256218074,47.39560302555768],[12.3558409,47.39559723715415],[12.355861543781927,47.39560302555768],[12.35587009471638,47.395617]]]}},{"type":"Feature","id":"pylon-kitzbuehel-53","properties":{"kind":"pylon","name":"Lift tower","height":13},"geometry":{"type":"Polygon","coordinates":[[[12.355517894924148,47.395992],[12.35550934392884,47.39600597444232],[12.3554887,47.39601176284585],[12.35546805607116,47.39600597444232],[12.355459505075853,47.395992],[12.35546805607116,47.39597802555768],[12.3554887,47.39597223715415],[12.35550934392884,47.39597802555768],[12.355517894924148,47.395992]]]}},{"type":"Feature","id":"pylon-kitzbuehel-54","properties":{"kind":"pylon","name":"Lift tower","height":13},"geometry":{"type":"Polygon","coordinates":[[[12.354484195534008,47.3970927],[12.354475644360077,47.39710667444232],[12.354455,47.397112462845854],[12.354434355639922,47.39710667444232],[12.354425804465992,47.3970927],[12.354434355639922,47.397078725557684],[12.354455,47.39707293715415],[12.354475644360077,47.397078725557684],[12.354484195534008,47.3970927]]]}},{"type":"Feature","id":"pylon-kitzbuehel-55","properties":{"kind":"pylon","name":"Lift tower","height":13},"geometry":{"type":"Polygon","coordinates":[[[12.353960395843027,47.3976504],[12.353951844578587,47.39766437444232],[12.3539312,47.397670162845856],[12.353910555421413,47.39766437444232],[12.353902004156973,47.3976504],[12.353910555421413,47.397636425557685],[12.3539312,47.39763063715415],[12.353951844578587,47.397636425557685],[12.353960395843027,47.3976504]]]}},{"type":"Feature","id":"pylon-kitzbuehel-56","properties":{"kind":"pylon","name":"Lift tower","height":13},"geometry":{"type":"Polygon","coordinates":[[[12.353299696232789,47.3983538],[12.35329114485419,47.39836777444232],[12.3532705,47.398373562845855],[12.353249855145812,47.39836777444232],[12.353241303767213,47.3983538],[12.353249855145812,47.398339825557684],[12.3532705,47.39833403715415],[12.35329114485419,47.398339825557684],[12.353299696232789,47.3983538]]]}},{"type":"Feature","id":"pylon-kitzbuehel-57","properties":{"kind":"pylon","name":"Lift tower","height":13},"geometry":{"type":"Polygon","coordinates":[[[12.337175698219063,47.401938],[12.337167146258697,47.40195197444232],[12.3371465,47.40195776284585],[12.337125853741302,47.40195197444232],[12.337117301780935,47.401938],[12.337125853741302,47.40192402555768],[12.3371465,47.40191823715415],[12.337167146258697,47.40192402555768],[12.337175698219063,47.401938]]]}},{"type":"Feature","id":"pylon-kitzbuehel-58","properties":{"kind":"pylon","name":"Lift tower","height":13},"geometry":{"type":"Polygon","coordinates":[[[12.353793196780718,47.3993426],[12.353784645241635,47.399356574442315],[12.353764,47.39936236284585],[12.353743354758365,47.399356574442315],[12.353734803219282,47.3993426],[12.353743354758365,47.39932862555768],[12.353764,47.399322837154145],[12.353784645241635,47.39932862555768],[12.353793196780718,47.3993426]]]}},{"type":"Feature","id":"pylon-kitzbuehel-59","properties":{"kind":"pylon","name":"Lift tower","height":13},"geometry":{"type":"Polygon","coordinates":[[[12.352664396878415,47.3995189],[12.352655845310718,47.399532874442315],[12.3526352,47.39953866284585],[12.352614554689282,47.399532874442315],[12.352606003121585,47.3995189],[12.352614554689282,47.39950492555768],[12.3526352,47.399499137154145],[12.352655845310718,47.39950492555768],[12.352664396878415,47.3995189]]]}},{"type":"Feature","id":"pylon-kitzbuehel-60","properties":{"kind":"pylon","name":"Lift tower","height":13},"geometry":{"type":"Polygon","coordinates":[[[12.352161696921916,47.3995974],[12.352153145341477,47.399611374442316],[12.3521325,47.39961716284585],[12.352111854658522,47.399611374442316],[12.352103303078083,47.3995974],[12.352111854658522,47.39958342555768],[12.3521325,47.399577637154145],[12.352153145341477,47.39958342555768],[12.352161696921916,47.3995974]]]}},{"type":"Feature","id":"pylon-kitzbuehel-61","properties":{"kind":"pylon","name":"Lift tower","height":13},"geometry":{"type":"Polygon","coordinates":[[[12.35145029698354,47.3997086],[12.351441745385051,47.399722574442315],[12.3514211,47.39972836284585],[12.351400454614948,47.399722574442315],[12.35139190301646,47.3997086],[12.351400454614948,47.39969462555768],[12.3514211,47.399688837154144],[12.351441745385051,47.39969462555768],[12.35145029698354,47.3997086]]]}},{"type":"Feature","id":"pylon-kitzbuehel-62","properties":{"kind":"pylon","name":"Lift tower","height":13},"geometry":{"type":"Polygon","coordinates":[[[12.3499296971151,47.399946],[12.349921145478078,47.39995997444232],[12.3499005,47.39996576284585],[12.349879854521923,47.39995997444232],[12.349871302884901,47.399946],[12.349879854521923,47.39993202555768],[12.3499005,47.39992623715415],[12.349921145478078,47.39993202555768],[12.3499296971151,47.399946]]]}},{"type":"Feature","id":"pylon-kitzbuehel-63","properties":{"kind":"pylon","name":"Lift tower","height":13},"geometry":{"type":"Polygon","coordinates":[[[12.348266297259128,47.4002059],[12.348257745579922,47.40021987444232],[12.3482371,47.400225662845855],[12.34821645442008,47.40021987444232],[12.348207902740873,47.4002059],[12.34821645442008,47.400191925557685],[12.3482371,47.40018613715415],[12.348257745579922,47.400191925557685],[12.348266297259128,47.4002059]]]}},{"type":"Feature","id":"pylon-kitzbuehel-64","properties":{"kind":"pylon","name":"Lift tower","height":13},"geometry":{"type":"Polygon","coordinates":[[[12.3472531973468,47.4003641],[12.347244645641915,47.400378074442315],[12.347224,47.40038386284585],[12.347203354358086,47.400378074442315],[12.3471948026532,47.4003641],[12.347203354358086,47.40035012555768],[12.347224,47.400344337154145],[12.347244645641915,47.40035012555768],[12.3472531973468,47.4003641]]]}},{"type":"Feature","id":"pylon-kitzbuehel-65","properties":{"kind":"pylon","name":"Lift tower","height":13},"geometry":{"type":"Polygon","coordinates":[[[12.346391497421392,47.4004987],[12.346382945694659,47.40051267444232],[12.3463623,47.40051846284585],[12.34634165430534,47.40051267444232],[12.346333102578606,47.4004987],[12.34634165430534,47.40048472555768],[12.3463623,47.40047893715415],[12.346382945694659,47.40048472555768],[12.346391497421392,47.4004987]]]}},{"type":"Feature","id":"pylon-kitzbuehel-66","properties":{"kind":"pylon","name":"Lift tower","height":13},"geometry":{"type":"Polygon","coordinates":[[[12.344592197577121,47.4007797],[12.344583645804777,47.40079367444232],[12.344563,47.40079946284585],[12.344542354195225,47.40079367444232],[12.34453380242288,47.4007797],[12.344542354195225,47.40076572555768],[12.344563,47.40075993715415],[12.344583645804777,47.40076572555768],[12.344592197577121,47.4007797]]]}},{"type":"Feature","id":"pylon-kitzbuehel-67","properties":{"kind":"pylon","name":"Lift tower","height":13},"geometry":{"type":"Polygon","coordinates":[[[12.343838997642294,47.4008973],[12.34383044585086,47.400911274442315],[12.3438098,47.40091706284585],[12.34378915414914,47.400911274442315],[12.343780602357707,47.4008973],[12.34378915414914,47.40088332555768],[12.3438098,47.400877537154145],[12.34383044585086,47.40088332555768],[12.343838997642294,47.4008973]]]}},{"type":"Feature","id":"pylon-kitzbuehel-68","properties":{"kind":"pylon","name":"Lift tower","height":13},"geometry":{"type":"Polygon","coordinates":[[[12.341394497853887,47.4012791],[12.34138594600048,47.40129307444232],[12.3413653,47.401298862845856],[12.341344653999519,47.40129307444232],[12.341336102146112,47.4012791],[12.341344653999519,47.401265125557686],[12.3413653,47.40125933715415],[12.34138594600048,47.401265125557686],[12.341394497853887,47.4012791]]]}},{"type":"Feature","id":"pylon-kitzbuehel-69","properties":{"kind":"pylon","name":"Lift tower","height":13},"geometry":{"type":"Polygon","coordinates":[[[12.339494298018378,47.4015759],[12.339485746116793,47.401589874442315],[12.3394651,47.40159566284585],[12.339444453883207,47.401589874442315],[12.339435901981622,47.4015759],[12.339444453883207,47.40156192555768],[12.3394651,47.401556137154145],[12.339485746116793,47.40156192555768],[12.339494298018378,47.4015759]]]}},{"type":"Feature","id":"pylon-kitzbuehel-70","properties":{"kind":"pylon","name":"Lift tower","height":13},"geometry":{"type":"Polygon","coordinates":[[[12.367456302025603,47.4088049],[12.36744774895033,47.40881887444232],[12.3674271,47.40882466284585],[12.367406451049671,47.40881887444232],[12.367397897974397,47.4088049],[12.367406451049671,47.40879092555768],[12.3674271,47.40878513715415],[12.36744774895033,47.40879092555768],[12.367456302025603,47.4088049]]]}},{"type":"Feature","id":"pylon-kitzbuehel-71","properties":{"kind":"pylon","name":"Lift tower","height":13},"geometry":{"type":"Polygon","coordinates":[[[12.347485390986042,47.3888828],[12.34747684114418,47.388896774442316],[12.3474562,47.38890256284585],[12.34743555885582,47.388896774442316],[12.347427009013957,47.3888828],[12.34743555885582,47.38886882555768],[12.3474562,47.388863037154145],[12.34747684114418,47.38886882555768],[12.347485390986042,47.3888828]]]}},{"type":"Feature","id":"pylon-kitzbuehel-72","properties":{"kind":"pylon","name":"Lift tower","height":13},"geometry":{"type":"Polygon","coordinates":[[[12.337985112195256,47.4271382],[12.337976556141358,47.42715217444232],[12.3379559,47.427157962845854],[12.337935243858643,47.42715217444232],[12.337926687804746,47.4271382],[12.337935243858643,47.427124225557684],[12.3379559,47.42711843715415],[12.337976556141358,47.427124225557684],[12.337985112195256,47.4271382]]]}},{"type":"Feature","id":"pylon-kitzbuehel-73","properties":{"kind":"pylon","name":"Lift tower","height":13},"geometry":{"type":"Polygon","coordinates":[[[12.336616912900997,47.4284098],[12.336608356640394,47.428423774442315],[12.3365877,47.42842956284585],[12.336567043359608,47.428423774442315],[12.336558487099005,47.4284098],[12.336567043359608,47.42839582555768],[12.3365877,47.428390037154145],[12.336608356640394,47.42839582555768],[12.336616912900997,47.4284098]]]}},{"type":"Feature","id":"pylon-kitzbuehel-74","properties":{"kind":"pylon","name":"Lift tower","height":13},"geometry":{"type":"Polygon","coordinates":[[[12.333134814697205,47.4316458],[12.333126257910504,47.431659774442316],[12.3331056,47.43166556284585],[12.333084942089496,47.431659774442316],[12.333076385302794,47.4316458],[12.333084942089496,47.43163182555768],[12.3331056,47.431626037154146],[12.333126257910504,47.43163182555768],[12.333134814697205,47.4316458]]]}},{"type":"Feature","id":"pylon-kitzbuehel-75","properties":{"kind":"pylon","name":"Lift tower","height":13},"geometry":{"type":"Polygon","coordinates":[[[12.333616614448626,47.431198],[12.333608057734732,47.43121197444232],[12.3335874,47.431217762845854],[12.333566742265269,47.43121197444232],[12.333558185551375,47.431198],[12.333566742265269,47.431184025557684],[12.3335874,47.43117823715415],[12.333608057734732,47.431184025557684],[12.333616614448626,47.431198]]]}},{"type":"Feature","id":"pylon-kitzbuehel-76","properties":{"kind":"pylon","name":"Lift tower","height":13},"geometry":{"type":"Polygon","coordinates":[[[12.332185615186832,47.4325278],[12.332177058256722,47.43254177444232],[12.3321564,47.432547562845855],[12.33213574174328,47.43254177444232],[12.332127184813169,47.4325278],[12.33213574174328,47.432513825557685],[12.3321564,47.43250803715415],[12.332177058256722,47.432513825557685],[12.332185615186832,47.4325278]]]}},{"type":"Feature","id":"pylon-kitzbuehel-77","properties":{"kind":"pylon","name":"Lift tower","height":13},"geometry":{"type":"Polygon","coordinates":[[[12.330427116094034,47.4341619],[12.330418558898211,47.43417587444232],[12.3303979,47.43418166284585],[12.330377241101788,47.43417587444232],[12.330368683905965,47.4341619],[12.330377241101788,47.43414792555768],[12.3303979,47.43414213715415],[12.330418558898211,47.43414792555768],[12.330427116094034,47.4341619]]]}},{"type":"Feature","id":"pylon-kitzbuehel-78","properties":{"kind":"pylon","name":"Lift tower","height":13},"geometry":{"type":"Polygon","coordinates":[[[12.357424606962644,47.4177074],[12.357416052441344,47.417721374442316],[12.3573954,47.41772716284585],[12.357374747558655,47.417721374442316],[12.357366193037356,47.4177074],[12.357374747558655,47.41769342555768],[12.3573954,47.417687637154145],[12.357416052441344,47.41769342555768],[12.357424606962644,47.4177074]]]}},{"type":"Feature","id":"pylon-kitzbuehel-79","properties":{"kind":"pylon","name":"Lift tower","height":13},"geometry":{"type":"Polygon","coordinates":[[[12.352417186032103,47.3799359],[12.352408637641217,47.37994987444232],[12.352388,47.37995566284585],[12.352367362358782,47.37994987444232],[12.352358813967896,47.3799359],[12.352367362358782,47.37992192555768],[12.352388,47.37991613715415],[12.352408637641217,47.37992192555768],[12.352417186032103,47.3799359]]]}},{"type":"Feature","id":"pylon-kitzbuehel-80","properties":{"kind":"pylon","name":"Lift tower","height":13},"geometry":{"type":"Polygon","coordinates":[[[12.3502241866514,47.3810546],[12.350215638079126,47.38106857444232],[12.350195,47.38107436284585],[12.350174361920873,47.38106857444232],[12.350165813348598,47.3810546],[12.350174361920873,47.38104062555768],[12.350195,47.38103483715415],[12.350215638079126,47.38104062555768],[12.3502241866514,47.3810546]]]}},{"type":"Feature","id":"pylon-kitzbuehel-81","properties":{"kind":"pylon","name":"Lift tower","height":13},"geometry":{"type":"Polygon","coordinates":[[[12.351094786405495,47.3806104],[12.351086237905244,47.38062437444232],[12.3510656,47.380630162845854],[12.351044962094756,47.38062437444232],[12.351036413594505,47.3806104],[12.351044962094756,47.380596425557684],[12.3510656,47.38059063715415],[12.351086237905244,47.380596425557684],[12.351094786405495,47.3806104]]]}},{"type":"Feature","id":"pylon-kitzbuehel-82","properties":{"kind":"pylon","name":"Lift tower","height":13},"geometry":{"type":"Polygon","coordinates":[[[12.349230886931862,47.3815612],[12.349222338277443,47.38157517444232],[12.3492017,47.38158096284585],[12.349181061722557,47.38157517444232],[12.349172513068138,47.3815612],[12.349181061722557,47.38154722555768],[12.3492017,47.38154143715415],[12.349222338277443,47.38154722555768],[12.349230886931862,47.3815612]]]}},{"type":"Feature","id":"pylon-kitzbuehel-83","properties":{"kind":"pylon","name":"Lift tower","height":13},"geometry":{"type":"Polygon","coordinates":[[[12.348236787212606,47.3820683],[12.348228238475958,47.38208227444232],[12.3482076,47.38208806284585],[12.348186961524043,47.38208227444232],[12.348178412787394,47.3820683],[12.348186961524043,47.38205432555768],[12.3482076,47.38204853715415],[12.348228238475958,47.38205432555768],[12.348236787212606,47.3820683]]]}},{"type":"Feature","id":"pylon-kitzbuehel-84","properties":{"kind":"pylon","name":"Lift tower","height":13},"geometry":{"type":"Polygon","coordinates":[[[12.347418687443641,47.3824856],[12.347410138639324,47.38249957444232],[12.3473895,47.382505362845855],[12.347368861360676,47.38249957444232],[12.34736031255636,47.3824856],[12.347368861360676,47.382471625557685],[12.3473895,47.38246583715415],[12.347410138639324,47.382471625557685],[12.347418687443641,47.3824856]]]}},{"type":"Feature","id":"pylon-kitzbuehel-85","properties":{"kind":"pylon","name":"Lift tower","height":13},"geometry":{"type":"Polygon","coordinates":[[[12.346283887764097,47.3830644],[12.34627533886592,47.38307837444232],[12.3462547,47.383084162845854],[12.346234061134078,47.38307837444232],[12.346225512235902,47.3830644],[12.346234061134078,47.383050425557684],[12.3462547,47.38304463715415],[12.34627533886592,47.383050425557684],[12.346283887764097,47.3830644]]]}},{"type":"Feature","id":"pylon-kitzbuehel-86","properties":{"kind":"pylon","name":"Lift tower","height":13},"geometry":{"type":"Polygon","coordinates":[[[12.345689787931914,47.3833675],[12.345681238984586,47.38338147444232],[12.3456606,47.38338726284585],[12.345639961015415,47.38338147444232],[12.345631412068087,47.3833675],[12.345639961015415,47.38335352555768],[12.3456606,47.383347737154146],[12.345681238984586,47.38335352555768],[12.345689787931914,47.3833675]]]}},{"type":"Feature","id":"pylon-kitzbuehel-87","properties":{"kind":"pylon","name":"Lift tower","height":13},"geometry":{"type":"Polygon","coordinates":[[[12.345510387982575,47.383459],[12.345501839020407,47.38347297444232],[12.3454812,47.383478762845854],[12.345460560979593,47.38347297444232],[12.345452012017425,47.383459],[12.345460560979593,47.383445025557684],[12.3454812,47.38343923715415],[12.345501839020407,47.383445025557684],[12.345510387982575,47.383459]]]}},{"type":"Feature","id":"pylon-kitzbuehel-88","properties":{"kind":"pylon","name":"Lift tower","height":13},"geometry":{"type":"Polygon","coordinates":[[[12.344063788866503,47.3850554],[12.344055239645439,47.38506937444232],[12.3440346,47.38507516284585],[12.344013960354562,47.38506937444232],[12.344005411133498,47.3850554],[12.344013960354562,47.38504142555768],[12.3440346,47.38503563715415],[12.344055239645439,47.38504142555768],[12.344063788866503,47.3850554]]]}},{"type":"Feature","id":"pylon-kitzbuehel-89","properties":{"kind":"pylon","name":"Lift tower","height":13},"geometry":{"type":"Polygon","coordinates":[[[12.34363108898367,47.385267],[12.343622539728289,47.38528097444232],[12.3436019,47.38528676284585],[12.34358126027171,47.38528097444232],[12.343572711016328,47.385267],[12.34358126027171,47.38525302555768],[12.3436019,47.38524723715415],[12.343622539728289,47.38525302555768],[12.34363108898367,47.385267]]]}},{"type":"Feature","id":"pylon-kitzbuehel-90","properties":{"kind":"pylon","name":"Lift tower","height":13},"geometry":{"type":"Polygon","coordinates":[[[12.342418189312149,47.3858602],[12.34240963996056,47.38587417444232],[12.342389,47.385879962845856],[12.342368360039442,47.38587417444232],[12.342359810687853,47.3858602],[12.342368360039442,47.385846225557685],[12.342389,47.38584043715415],[12.34240963996056,47.385846225557685],[12.342418189312149,47.3858602]]]}},{"type":"Feature","id":"pylon-kitzbuehel-91","properties":{"kind":"pylon","name":"Lift tower","height":13},"geometry":{"type":"Polygon","coordinates":[[[12.342239089360712,47.3859479],[12.342230539994897,47.385961874442316],[12.3422099,47.38596766284585],[12.342189260005103,47.385961874442316],[12.342180710639289,47.3859479],[12.342189260005103,47.38593392555768],[12.3422099,47.385928137154146],[12.342230539994897,47.38593392555768],[12.342239089360712,47.3859479]]]}},{"type":"Feature","id":"pylon-kitzbuehel-92","properties":{"kind":"pylon","name":"Lift tower","height":13},"geometry":{"type":"Polygon","coordinates":[[[12.340734089768281,47.3866839],[12.340725540283094,47.38669787444232],[12.3407049,47.386703662845854],[12.340684259716907,47.38669787444232],[12.34067571023172,47.3866839],[12.340684259716907,47.38666992555768],[12.3407049,47.38666413715415],[12.340725540283094,47.38666992555768],[12.340734089768281,47.3866839]]]}},{"type":"Feature","id":"pylon-kitzbuehel-93","properties":{"kind":"pylon","name":"Lift tower","height":13},"geometry":{"type":"Polygon","coordinates":[[[12.338510690370471,47.3877713],[12.338502140708906,47.387785274442315],[12.3384815,47.38779106284585],[12.338460859291095,47.387785274442315],[12.33845230962953,47.3877713],[12.338460859291095,47.38775732555768],[12.3384815,47.387751537154145],[12.338502140708906,47.38775732555768],[12.338510690370471,47.3877713]]]}},{"type":"Feature","id":"pylon-kitzbuehel-94","properties":{"kind":"pylon","name":"Lift tower","height":13},"geometry":{"type":"Polygon","coordinates":[[[12.338304690426295,47.3878721],[12.338296140748378,47.38788607444232],[12.3382755,47.387891862845855],[12.338254859251622,47.38788607444232],[12.338246309573705,47.3878721],[12.338254859251622,47.387858125557685],[12.3382755,47.38785233715415],[12.338296140748378,47.387858125557685],[12.338304690426295,47.3878721]]]}},{"type":"Feature","id":"pylon-kitzbuehel-95","properties":{"kind":"pylon","name":"Lift tower","height":13},"geometry":{"type":"Polygon","coordinates":[[[12.337359990682158,47.3883341],[12.3373514409293,47.38834807444232],[12.3373308,47.388353862845854],[12.3373101590707,47.38834807444232],[12.337301609317842,47.3883341],[12.3373101590707,47.388320125557684],[12.3373308,47.38831433715415],[12.3373514409293,47.388320125557684],[12.337359990682158,47.3883341]]]}},{"type":"Feature","id":"pylon-kitzbuehel-96","properties":{"kind":"pylon","name":"Lift tower","height":13},"geometry":{"type":"Polygon","coordinates":[[[12.335808991102239,47.3890926],[12.335800441226343,47.389106574442316],[12.3357798,47.38911236284585],[12.335759158773655,47.389106574442316],[12.33575060889776,47.3890926],[12.335759158773655,47.38907862555768],[12.3357798,47.389072837154146],[12.335800441226343,47.38907862555768],[12.335808991102239,47.3890926]]]}},{"type":"Feature","id":"pylon-kitzbuehel-97","properties":{"kind":"pylon","name":"Lift tower","height":13},"geometry":{"type":"Polygon","coordinates":[[[12.334665791411899,47.3896517],[12.334657241445305,47.38966567444232],[12.3346366,47.389671462845854],[12.334615958554695,47.38966567444232],[12.3346074085881,47.3896517],[12.334615958554695,47.389637725557684],[12.3346366,47.38963193715415],[12.334657241445305,47.389637725557684],[12.334665791411899,47.3896517]]]}},{"type":"Feature","id":"pylon-kitzbuehel-98","properties":{"kind":"pylon","name":"Lift tower","height":13},"geometry":{"type":"Polygon","coordinates":[[[12.333530291719462,47.390207],[12.333521741662786,47.390220974442315],[12.3335011,47.39022676284585],[12.333480458337213,47.390220974442315],[12.333471908280536,47.390207],[12.333480458337213,47.39019302555768],[12.3335011,47.390187237154144],[12.333521741662786,47.39019302555768],[12.333530291719462,47.390207]]]}},{"type":"Feature","id":"pylon-kitzbuehel-99","properties":{"kind":"pylon","name":"Lift tower","height":13},"geometry":{"type":"Polygon","coordinates":[[[12.33195159214712,47.3909791],[12.331943041965186,47.39099307444232],[12.3319224,47.390998862845855],[12.331901758034814,47.39099307444232],[12.331893207852879,47.3909791],[12.331901758034814,47.390965125557685],[12.3319224,47.39095933715415],[12.331943041965186,47.390965125557685],[12.33195159214712,47.3909791]]]}},{"type":"Feature","id":"pylon-kitzbuehel-100","properties":{"kind":"pylon","name":"Lift tower","height":13},"geometry":{"type":"Polygon","coordinates":[[[12.332281692057665,47.3908176],[12.332273141901931,47.390831574442316],[12.3322525,47.39083736284585],[12.332231858098067,47.390831574442316],[12.332223307942334,47.3908176],[12.332231858098067,47.39080362555768],[12.3322525,47.390797837154146],[12.332273141901931,47.39080362555768],[12.332281692057665,47.3908176]]]}},{"type":"Feature","id":"pylon-kitzbuehel-101","properties":{"kind":"pylon","name":"Lift tower","height":13},"geometry":{"type":"Polygon","coordinates":[[[12.329874292709789,47.3919949],[12.329865742363053,47.39200887444232],[12.3298451,47.39201466284585],[12.329824457636947,47.39200887444232],[12.329815907290211,47.3919949],[12.329824457636947,47.39198092555768],[12.3298451,47.39197513715415],[12.329865742363053,47.39198092555768],[12.329874292709789,47.3919949]]]}},{"type":"Feature","id":"pylon-kitzbuehel-102","properties":{"kind":"pylon","name":"Lift tower","height":13},"geometry":{"type":"Polygon","coordinates":[[[12.347340292071957,47.3908434],[12.347331741912038,47.39085737444232],[12.3473111,47.390863162845854],[12.347290458087963,47.39085737444232],[12.347281907928044,47.3908434],[12.347290458087963,47.39082942555768],[12.3473111,47.39082363715415],[12.347331741912038,47.39082942555768],[12.347340292071957,47.3908434]]]}},{"type":"Feature","id":"pylon-kitzbuehel-103","properties":{"kind":"pylon","name":"Lift tower","height":13},"geometry":{"type":"Polygon","coordinates":[[[12.34763889200643,47.3907251],[12.347630341865703,47.390739074442315],[12.3476097,47.39074486284585],[12.347589058134297,47.390739074442315],[12.34758050799357,47.3907251],[12.347589058134297,47.39071112555768],[12.3476097,47.390705337154145],[12.347630341865703,47.39071112555768],[12.34763889200643,47.3907251]]]}},{"type":"Feature","id":"pylon-kitzbuehel-104","properties":{"kind":"pylon","name":"Lift tower","height":13},"geometry":{"type":"Polygon","coordinates":[[[12.346582592238237,47.3911436],[12.346574042029616,47.39115757444232],[12.3465534,47.39116336284585],[12.346532757970383,47.39115757444232],[12.346524207761762,47.3911436],[12.346532757970383,47.39112962555768],[12.3465534,47.39112383715415],[12.346574042029616,47.39112962555768],[12.346582592238237,47.3911436]]]}},{"type":"Feature","id":"pylon-kitzbuehel-105","properties":{"kind":"pylon","name":"Lift tower","height":13},"geometry":{"type":"Polygon","coordinates":[[[12.345045892573856,47.3917495],[12.345037342266933,47.39176347444232],[12.3450167,47.391769262845855],[12.344996057733068,47.39176347444232],[12.344987507426145,47.3917495],[12.344996057733068,47.391735525557685],[12.3450167,47.39172973715415],[12.345037342266933,47.391735525557685],[12.345045892573856,47.3917495]]]}},{"type":"Feature","id":"pylon-kitzbuehel-106","properties":{"kind":"pylon","name":"Lift tower","height":13},"geometry":{"type":"Polygon","coordinates":[[[12.343814592841735,47.3922331],[12.343806042456354,47.39224707444232],[12.3437854,47.39225286284585],[12.343764757543646,47.39224707444232],[12.343756207158265,47.3922331],[12.343764757543646,47.39221912555768],[12.3437854,47.392213337154146],[12.343806042456354,47.39221912555768],[12.343814592841735,47.3922331]]]}},{"type":"Feature","id":"pylon-kitzbuehel-107","properties":{"kind":"pylon","name":"Lift tower","height":13},"geometry":{"type":"Polygon","coordinates":[[[12.342064993222353,47.3929202],[12.342056442725491,47.39293417444232],[12.3420358,47.39293996284585],[12.342015157274508,47.39293417444232],[12.342006606777646,47.3929202],[12.342015157274508,47.39290622555768],[12.3420358,47.39290043715415],[12.342056442725491,47.39290622555768],[12.342064993222353,47.3929202]]]}},{"type":"Feature","id":"pylon-kitzbuehel-108","properties":{"kind":"pylon","name":"Lift tower","height":13},"geometry":{"type":"Polygon","coordinates":[[[12.341071793438456,47.3933103],[12.341063242878297,47.39332427444232],[12.3410426,47.393330062845855],[12.341021957121702,47.39332427444232],[12.341013406561544,47.3933103],[12.341021957121702,47.393296325557685],[12.3410426,47.39329053715415],[12.341063242878297,47.393296325557685],[12.341071793438456,47.3933103]]]}},{"type":"Feature","id":"pylon-kitzbuehel-109","properties":{"kind":"pylon","name":"Lift tower","height":13},"geometry":{"type":"Polygon","coordinates":[[[12.34021309362531,47.3936476],[12.340204543010424,47.39366157444232],[12.3401839,47.393667362845854],[12.340163256989575,47.39366157444232],[12.340154706374689,47.3936476],[12.340163256989575,47.39363362555768],[12.3401839,47.39362783715415],[12.340204543010424,47.39363362555768],[12.34021309362531,47.3936476]]]}},{"type":"Feature","id":"pylon-kitzbuehel-110","properties":{"kind":"pylon","name":"Lift tower","height":13},"geometry":{"type":"Polygon","coordinates":[[[12.33810599408374,47.3944751],[12.338097443334584,47.39448907444232],[12.3380768,47.39449486284585],[12.338056156665415,47.39448907444232],[12.338047605916259,47.3944751],[12.338056156665415,47.39446112555768],[12.3380768,47.39445533715415],[12.338097443334584,47.39446112555768],[12.33810599408374,47.3944751]]]}},{"type":"Feature","id":"pylon-kitzbuehel-111","properties":{"kind":"pylon","name":"Lift tower","height":13},"geometry":{"type":"Polygon","coordinates":[[[12.336701294389888,47.3950277],[12.336692743551064,47.39504167444232],[12.3366721,47.39504746284585],[12.336651456448935,47.39504167444232],[12.33664290561011,47.3950277],[12.336651456448935,47.39501372555768],[12.3366721,47.39500793715415],[12.336692743551064,47.39501372555768],[12.336701294389888,47.3950277]]]}},{"type":"Feature","id":"pylon-kitzbuehel-112","properties":{"kind":"pylon","name":"Lift tower","height":13},"geometry":{"type":"Polygon","coordinates":[[[12.335364594682085,47.3955551],[12.335356043757677,47.39556907444232],[12.3353354,47.395574862845855],[12.335314756242322,47.39556907444232],[12.335306205317915,47.3955551],[12.335314756242322,47.395541125557685],[12.3353354,47.39553533715415],[12.335356043757677,47.395541125557685],[12.335364594682085,47.3955551]]]}},{"type":"Feature","id":"pylon-kitzbuehel-113","properties":{"kind":"pylon","name":"Lift tower","height":13},"geometry":{"type":"Polygon","coordinates":[[[12.33396739498742,47.3961062],[12.333958843973582,47.396120174442316],[12.3339382,47.39612596284585],[12.33391755602642,47.396120174442316],[12.33390900501258,47.3961062],[12.33391755602642,47.39609222555768],[12.3339382,47.396086437154146],[12.333958843973582,47.39609222555768],[12.33396739498742,47.3961062]]]}},{"type":"Feature","id":"pylon-kitzbuehel-114","properties":{"kind":"pylon","name":"Lift tower","height":13},"geometry":{"type":"Polygon","coordinates":[[[12.33209139539089,47.3968344],[12.332082844258878,47.39684837444232],[12.3320622,47.396854162845855],[12.332041555741121,47.39684837444232],[12.332033004609109,47.3968344],[12.332041555741121,47.396820425557685],[12.3320622,47.39681463715415],[12.332082844258878,47.396820425557685],[12.33209139539089,47.3968344]]]}},{"type":"Feature","id":"pylon-kitzbuehel-115","properties":{"kind":"pylon","name":"Lift tower","height":13},"geometry":{"type":"Polygon","coordinates":[[[12.330741095680233,47.3973566],[12.330732544463475,47.39737057444232],[12.3307119,47.397376362845854],[12.330691255536527,47.39737057444232],[12.330682704319768,47.3973566],[12.330691255536527,47.397342625557684],[12.3307119,47.39733683715415],[12.330732544463475,47.397342625557684],[12.330741095680233,47.3973566]]]}},{"type":"Feature","id":"pylon-kitzbuehel-116","properties":{"kind":"pylon","name":"Lift tower","height":13},"geometry":{"type":"Polygon","coordinates":[[[12.3291509960184,47.3979669],[12.329142444702594,47.39798087444232],[12.3291218,47.39798666284585],[12.329101155297405,47.39798087444232],[12.329092603981598,47.3979669],[12.329101155297405,47.39795292555768],[12.3291218,47.39794713715415],[12.329142444702594,47.39795292555768],[12.3291509960184,47.3979669]]]}},{"type":"Feature","id":"pylon-kitzbuehel-117","properties":{"kind":"pylon","name":"Lift tower","height":13},"geometry":{"type":"Polygon","coordinates":[[[12.328062596253568,47.3983913],[12.328054044868884,47.39840527444232],[12.3280334,47.39841106284585],[12.328012755131118,47.39840527444232],[12.328004203746433,47.3983913],[12.328012755131118,47.39837732555768],[12.3280334,47.39837153715415],[12.328054044868884,47.39837732555768],[12.328062596253568,47.3983913]]]}},{"type":"Feature","id":"pylon-kitzbuehel-118","properties":{"kind":"pylon","name":"Lift tower","height":13},"geometry":{"type":"Polygon","coordinates":[[[12.326638796567094,47.3989571],[12.32663024509058,47.398971074442315],[12.3266096,47.39897686284585],[12.326588954909418,47.398971074442315],[12.326580403432905,47.3989571],[12.326588954909418,47.39894312555768],[12.3266096,47.398937337154145],[12.32663024509058,47.39894312555768],[12.326638796567094,47.3989571]]]}},{"type":"Feature","id":"pylon-kitzbuehel-119","properties":{"kind":"pylon","name":"Lift tower","height":13},"geometry":{"type":"Polygon","coordinates":[[[12.325399996839845,47.3994493],[12.325391445283444,47.39946327444232],[12.3253708,47.39946906284585],[12.325350154716556,47.39946327444232],[12.325341603160155,47.3994493],[12.325350154716556,47.39943532555768],[12.3253708,47.39942953715415],[12.325391445283444,47.39943532555768],[12.325399996839845,47.3994493]]]}},{"type":"Feature","id":"pylon-kitzbuehel-120","properties":{"kind":"pylon","name":"Lift tower","height":13},"geometry":{"type":"Polygon","coordinates":[[[12.32453599703009,47.3997926],[12.324527445417967,47.399806574442316],[12.3245068,47.39981236284585],[12.324486154582033,47.399806574442316],[12.32447760296991,47.3997926],[12.324486154582033,47.39977862555768],[12.3245068,47.399772837154146],[12.324527445417967,47.39977862555768],[12.32453599703009,47.3997926]]]}},{"type":"Feature","id":"pylon-kitzbuehel-121","properties":{"kind":"pylon","name":"Lift tower","height":13},"geometry":{"type":"Polygon","coordinates":[[[12.365794698537307,47.4025122],[12.36578614648373,47.402526174442315],[12.3657655,47.40253196284585],[12.36574485351627,47.402526174442315],[12.365736301462693,47.4025122],[12.36574485351627,47.40249822555768],[12.3657655,47.402492437154145],[12.36578614648373,47.40249822555768],[12.365794698537307,47.4025122]]]}},{"type":"Feature","id":"pylon-kitzbuehel-122","properties":{"kind":"pylon","name":"Lift tower","height":13},"geometry":{"type":"Polygon","coordinates":[[[12.366315198223331,47.4019457],[12.366306646261716,47.40195967444232],[12.366286,47.40196546284585],[12.366265353738285,47.40195967444232],[12.36625680177667,47.4019457],[12.366265353738285,47.40193172555768],[12.366286,47.40192593715415],[12.366306646261716,47.40193172555768],[12.366315198223331,47.4019457]]]}},{"type":"Feature","id":"pylon-kitzbuehel-123","properties":{"kind":"pylon","name":"Lift tower","height":13},"geometry":{"type":"Polygon","coordinates":[[[12.365342998809888,47.403004],[12.365334446676474,47.40301797444232],[12.3653138,47.403023762845855],[12.365293153323524,47.40301797444232],[12.36528460119011,47.403004],[12.365293153323524,47.402990025557685],[12.3653138,47.40298423715415],[12.365334446676474,47.402990025557685],[12.365342998809888,47.403004]]]}},{"type":"Feature","id":"pylon-kitzbuehel-124","properties":{"kind":"pylon","name":"Lift tower","height":13},"geometry":{"type":"Polygon","coordinates":[[[12.364899899077212,47.4034863],[12.364891346865502,47.403500274442315],[12.3648707,47.40350606284585],[12.3648500531345,47.403500274442315],[12.36484150092279,47.4034863],[12.3648500531345,47.40347232555768],[12.3648707,47.403466537154145],[12.364891346865502,47.40347232555768],[12.364899899077212,47.4034863]]]}},{"type":"Feature","id":"pylon-kitzbuehel-125","properties":{"kind":"pylon","name":"Lift tower","height":13},"geometry":{"type":"Polygon","coordinates":[[[12.363972499636713,47.4044957],[12.363963947261128,47.404509674442316],[12.3639433,47.40451546284585],[12.363922652738873,47.404509674442316],[12.363914100363289,47.4044957],[12.363922652738873,47.40448172555768],[12.3639433,47.404475937154146],[12.363963947261128,47.40448172555768],[12.363972499636713,47.4044957]]]}},{"type":"Feature","id":"pylon-kitzbuehel-126","properties":{"kind":"pylon","name":"Lift tower","height":13},"geometry":{"type":"Polygon","coordinates":[[[12.363122800149457,47.4054207],[12.363114247623692,47.40543467444232],[12.3630936,47.40544046284585],[12.363072952376307,47.40543467444232],[12.363064399850542,47.4054207],[12.363072952376307,47.40540672555768],[12.3630936,47.40540093715415],[12.363114247623692,47.40540672555768],[12.363122800149457,47.4054207]]]}},{"type":"Feature","id":"pylon-kitzbuehel-127","properties":{"kind":"pylon","name":"Lift tower","height":13},"geometry":{"type":"Polygon","coordinates":[[[12.362040400802538,47.4065988],[12.36203184808549,47.406612774442316],[12.3620112,47.40661856284585],[12.36199055191451,47.406612774442316],[12.36198199919746,47.4065988],[12.36199055191451,47.40658482555768],[12.3620112,47.406579037154145],[12.36203184808549,47.40658482555768],[12.362040400802538,47.4065988]]]}},{"type":"Feature","id":"pylon-kitzbuehel-128","properties":{"kind":"pylon","name":"Lift tower","height":13},"geometry":{"type":"Polygon","coordinates":[[[12.361180101321663,47.4075352],[12.361171548452567,47.407549174442316],[12.3611509,47.40755496284585],[12.361130251547433,47.407549174442316],[12.361121698678337,47.4075352],[12.361130251547433,47.40752122555768],[12.3611509,47.407515437154146],[12.361171548452567,47.40752122555768],[12.361180101321663,47.4075352]]]}},{"type":"Feature","id":"pylon-kitzbuehel-129","properties":{"kind":"pylon","name":"Lift tower","height":13},"geometry":{"type":"Polygon","coordinates":[[[12.360814801542093,47.4079328],[12.360806248608435,47.407946774442316],[12.3607856,47.40795256284585],[12.360764951391564,47.407946774442316],[12.360756398457907,47.4079328],[12.360764951391564,47.40791882555768],[12.3607856,47.407913037154145],[12.360806248608435,47.40791882555768],[12.360814801542093,47.4079328]]]}},{"type":"Feature","id":"pylon-kitzbuehel-130","properties":{"kind":"pylon","name":"Lift tower","height":13},"geometry":{"type":"Polygon","coordinates":[[[12.367457398605978,47.4026361],[12.36744884653229,47.40265007444232],[12.3674282,47.402655862845855],[12.367407553467713,47.40265007444232],[12.367399001394023,47.4026361],[12.367407553467713,47.402622125557684],[12.3674282,47.40261633715415],[12.36744884653229,47.402622125557684],[12.367457398605978,47.4026361]]]}},{"type":"Feature","id":"pylon-kitzbuehel-131","properties":{"kind":"pylon","name":"Lift tower","height":13},"geometry":{"type":"Polygon","coordinates":[[[12.36745729852478,47.4024896],[12.367448746474873,47.40250357444232],[12.3674281,47.402509362845855],[12.367407453525127,47.40250357444232],[12.36739890147522,47.4024896],[12.367407453525127,47.402475625557685],[12.3674281,47.40246983715415],[12.367448746474873,47.402475625557685],[12.36745729852478,47.4024896]]]}},{"type":"Feature","id":"pylon-kitzbuehel-132","properties":{"kind":"pylon","name":"Lift tower","height":13},"geometry":{"type":"Polygon","coordinates":[[[12.367458499326306,47.4039357],[12.367449947041637,47.403949674442316],[12.3674293,47.40395546284585],[12.367408652958362,47.403949674442316],[12.367400100673693,47.4039357],[12.367408652958362,47.40392172555768],[12.3674293,47.403915937154146],[12.367449947041637,47.40392172555768],[12.367458499326306,47.4039357]]]}},{"type":"Feature","id":"pylon-kitzbuehel-133","properties":{"kind":"pylon","name":"Lift tower","height":13},"geometry":{"type":"Polygon","coordinates":[[[12.367459600047406,47.4052366],[12.367451047551532,47.40525057444232],[12.3674304,47.405256362845854],[12.367409752448468,47.40525057444232],[12.367401199952594,47.4052366],[12.367409752448468,47.405222625557684],[12.3674304,47.40521683715415],[12.367451047551532,47.405222625557684],[12.367459600047406,47.4052366]]]}},{"type":"Feature","id":"pylon-kitzbuehel-134","properties":{"kind":"pylon","name":"Lift tower","height":13},"geometry":{"type":"Polygon","coordinates":[[[12.367460300565437,47.4061711],[12.367451747917835,47.40618507444232],[12.3674311,47.406190862845854],[12.367410452082163,47.40618507444232],[12.367401899434562,47.4061711],[12.367410452082163,47.406157125557684],[12.3674311,47.40615133715415],[12.367451747917835,47.406157125557684],[12.367460300565437,47.4061711]]]}},{"type":"Feature","id":"pylon-kitzbuehel-135","properties":{"kind":"pylon","name":"Lift tower","height":13},"geometry":{"type":"Polygon","coordinates":[[[12.367461301170424,47.4072624],[12.367452748345626,47.40727637444232],[12.3674321,47.40728216284585],[12.367411451654375,47.40727637444232],[12.367402898829576,47.4072624],[12.367411451654375,47.40724842555768],[12.3674321,47.40724263715415],[12.367452748345626,47.40724842555768],[12.367461301170424,47.4072624]]]}},{"type":"Feature","id":"pylon-kitzbuehel-136","properties":{"kind":"pylon","name":"Lift tower","height":13},"geometry":{"type":"Polygon","coordinates":[[[12.367458902678194,47.4099819],[12.367450349411781,47.409995874442316],[12.3674297,47.41000166284585],[12.36740905058822,47.409995874442316],[12.367400497321807,47.4099819],[12.36740905058822,47.40996792555768],[12.3674297,47.409962137154146],[12.367450349411781,47.40996792555768],[12.367458902678194,47.4099819]]]}},{"type":"Feature","id":"pylon-kitzbuehel-137","properties":{"kind":"pylon","name":"Lift tower","height":13},"geometry":{"type":"Polygon","coordinates":[[[12.36746140329811,47.4110999],[12.367452849850126,47.41111387444232],[12.3674322,47.411119662845856],[12.367411550149873,47.41111387444232],[12.36740299670189,47.4110999],[12.367411550149873,47.411085925557686],[12.3674322,47.41108013715415],[12.367452849850126,47.411085925557686],[12.36746140329811,47.4110999]]]}},{"type":"Feature","id":"pylon-kitzbuehel-138","properties":{"kind":"pylon","name":"Lift tower","height":13},"geometry":{"type":"Polygon","coordinates":[[[12.367463903928211,47.4122362],[12.367455350295677,47.41225017444232],[12.3674347,47.412255962845855],[12.367414049704324,47.41225017444232],[12.36740549607179,47.4122362],[12.367414049704324,47.412222225557684],[12.3674347,47.41221643715415],[12.367455350295677,47.412222225557684],[12.367463903928211,47.4122362]]]}},{"type":"Feature","id":"pylon-kitzbuehel-139","properties":{"kind":"pylon","name":"Lift tower","height":13},"geometry":{"type":"Polygon","coordinates":[[[12.367465504318945,47.4129408],[12.367456950571967,47.41295477444232],[12.3674363,47.41296056284585],[12.367415649428033,47.41295477444232],[12.367407095681054,47.4129408],[12.367415649428033,47.41292682555768],[12.3674363,47.41292103715415],[12.367456950571967,47.41292682555768],[12.367465504318945,47.4129408]]]}},{"type":"Feature","id":"pylon-kitzbuehel-140","properties":{"kind":"pylon","name":"Lift tower","height":13},"geometry":{"type":"Polygon","coordinates":[[[12.360127702204798,47.4091281],[12.360119149077038,47.409142074442315],[12.3600985,47.40914786284585],[12.360077850922961,47.409142074442315],[12.360069297795201,47.4091281],[12.360077850922961,47.40911412555768],[12.3600985,47.409108337154144],[12.360119149077038,47.40911412555768],[12.360127702204798,47.4091281]]]}},{"type":"Feature","id":"pylon-kitzbuehel-141","properties":{"kind":"pylon","name":"Lift tower","height":13},"geometry":{"type":"Polygon","coordinates":[[[12.359998102725879,47.4100679],[12.359989549445498,47.41008187444232],[12.3599689,47.410087662845854],[12.359948250554503,47.41008187444232],[12.359939697274122,47.4100679],[12.359948250554503,47.41005392555768],[12.3599689,47.41004813715415],[12.359989549445498,47.41005392555768],[12.359998102725879,47.4100679]]]}},{"type":"Feature","id":"pylon-kitzbuehel-142","properties":{"kind":"pylon","name":"Lift tower","height":13},"geometry":{"type":"Polygon","coordinates":[[[12.359790003562168,47.4115761],[12.359781450036843,47.411590074442316],[12.3597608,47.41159586284585],[12.359740149963157,47.411590074442316],[12.359731596437832,47.4115761],[12.359740149963157,47.41156212555768],[12.3597608,47.411556337154146],[12.359781450036843,47.41156212555768],[12.359790003562168,47.4115761]]]}},{"type":"Feature","id":"pylon-kitzbuehel-143","properties":{"kind":"pylon","name":"Lift tower","height":13},"geometry":{"type":"Polygon","coordinates":[[[12.359635204184299,47.412698],[12.359626650476757,47.41271197444232],[12.359606,47.41271776284585],[12.359585349523242,47.41271197444232],[12.3595767958157,47.412698],[12.359585349523242,47.41268402555768],[12.359606,47.41267823715415],[12.359626650476757,47.41268402555768],[12.359635204184299,47.412698]]]}},{"type":"Feature","id":"pylon-kitzbuehel-144","properties":{"kind":"pylon","name":"Lift tower","height":13},"geometry":{"type":"Polygon","coordinates":[[[12.359372905238557,47.414599],[12.35936435122223,47.41461297444232],[12.3593437,47.414618762845855],[12.359323048777771,47.41461297444232],[12.359314494761444,47.414599],[12.359323048777771,47.414585025557685],[12.3593437,47.41457923715415],[12.35936435122223,47.414585025557685],[12.359372905238557,47.414599]]]}},{"type":"Feature","id":"pylon-kitzbuehel-145","properties":{"kind":"pylon","name":"Lift tower","height":13},"geometry":{"type":"Polygon","coordinates":[[[12.359330905407434,47.4149035],[12.359322351341644,47.41491747444232],[12.3593017,47.41492326284585],[12.359281048658355,47.41491747444232],[12.359272494592565,47.4149035],[12.359281048658355,47.41488952555768],[12.3593017,47.41488373715415],[12.359322351341644,47.41488952555768],[12.359330905407434,47.4149035]]]}},{"type":"Feature","id":"pylon-kitzbuehel-146","properties":{"kind":"pylon","name":"Lift tower","height":13},"geometry":{"type":"Polygon","coordinates":[[[12.359119606256812,47.4164349],[12.359111051942245,47.41644887444232],[12.3590904,47.41645466284585],[12.359069748057754,47.41644887444232],[12.359061193743187,47.4164349],[12.359069748057754,47.41642092555768],[12.3590904,47.41641513715415],[12.359111051942245,47.41642092555768],[12.359119606256812,47.4164349]]]}},{"type":"Feature","id":"pylon-kitzbuehel-147","properties":{"kind":"pylon","name":"Lift tower","height":13},"geometry":{"type":"Polygon","coordinates":[[[12.358987306788915,47.4173942],[12.358978752318498,47.417408174442315],[12.3589581,47.41741396284585],[12.358937447681503,47.417408174442315],[12.358928893211086,47.4173942],[12.358937447681503,47.41738022555768],[12.3589581,47.417374437154145],[12.358978752318498,47.41738022555768],[12.358987306788915,47.4173942]]]}},{"type":"Feature","id":"pylon-kitzbuehel-148","properties":{"kind":"pylon","name":"Lift tower","height":13},"geometry":{"type":"Polygon","coordinates":[[[12.358884507202056,47.418139],[12.358875952610633,47.418152974442314],[12.3588553,47.41815876284585],[12.358834647389367,47.418152974442314],[12.358826092797944,47.418139],[12.358834647389367,47.41812502555768],[12.3588553,47.418119237154144],[12.358875952610633,47.41812502555768],[12.358884507202056,47.418139]]]}},{"type":"Feature","id":"pylon-kitzbuehel-149","properties":{"kind":"pylon","name":"Lift tower","height":13},"geometry":{"type":"Polygon","coordinates":[[[12.359671307387332,47.418473],[12.359662752741643,47.41848697444232],[12.3596421,47.41849276284585],[12.359621447258357,47.41848697444232],[12.359612892612668,47.418473],[12.359621447258357,47.41845902555768],[12.3596421,47.41845323715415],[12.359662752741643,47.41845902555768],[12.359671307387332,47.418473]]]}},{"type":"Feature","id":"pylon-kitzbuehel-150","properties":{"kind":"pylon","name":"Lift tower","height":13},"geometry":{"type":"Polygon","coordinates":[[[12.359866307332027,47.4183733],[12.359857752702537,47.41838727444232],[12.3598371,47.41839306284585],[12.359816447297463,47.41838727444232],[12.359807892667973,47.4183733],[12.359816447297463,47.41835932555768],[12.3598371,47.41835353715415],[12.359857752702537,47.41835932555768],[12.359866307332027,47.4183733]]]}},{"type":"Feature","id":"pylon-kitzbuehel-151","properties":{"kind":"pylon","name":"Lift tower","height":13},"geometry":{"type":"Polygon","coordinates":[[[12.36138140690246,47.4175989],[12.361372852398787,47.41761287444232],[12.3613522,47.417618662845854],[12.361331547601214,47.41761287444232],[12.361322993097541,47.4175989],[12.361331547601214,47.417584925557684],[12.3613522,47.41757913715415],[12.361372852398787,47.417584925557684],[12.36138140690246,47.4175989]]]}},{"type":"Feature","id":"pylon-kitzbuehel-152","properties":{"kind":"pylon","name":"Lift tower","height":13},"geometry":{"type":"Polygon","coordinates":[[[12.36082430706044,47.4178837],[12.360815752510495,47.417897674442315],[12.3607951,47.41790346284585],[12.360774447489506,47.417897674442315],[12.360765892939561,47.4178837],[12.360774447489506,47.41786972555768],[12.3607951,47.417863937154145],[12.360815752510495,47.41786972555768],[12.36082430706044,47.4178837]]]}},{"type":"Feature","id":"pylon-kitzbuehel-153","properties":{"kind":"pylon","name":"Lift tower","height":13},"geometry":{"type":"Polygon","coordinates":[[[12.362435706603593,47.4170601],[12.362427152187456,47.41707407444232],[12.3624065,47.41707986284585],[12.362385847812545,47.41707407444232],[12.362377293396408,47.4170601],[12.362385847812545,47.41704612555768],[12.3624065,47.41704033715415],[12.362427152187456,47.41704612555768],[12.362435706603593,47.4170601]]]}},{"type":"Feature","id":"pylon-kitzbuehel-154","properties":{"kind":"pylon","name":"Lift tower","height":13},"geometry":{"type":"Polygon","coordinates":[[[12.363759506228302,47.4163835],[12.363750951922086,47.41639747444232],[12.3637303,47.416403262845854],[12.363709648077915,47.41639747444232],[12.363701093771699,47.4163835],[12.363709648077915,47.416369525557684],[12.3637303,47.41636373715415],[12.363750951922086,47.416369525557684],[12.363759506228302,47.4163835]]]}},{"type":"Feature","id":"pylon-kitzbuehel-155","properties":{"kind":"pylon","name":"Lift tower","height":13},"geometry":{"type":"Polygon","coordinates":[[[12.364833705923742,47.4158344],[12.364825151706729,47.41584837444232],[12.3648045,47.415854162845854],[12.364783848293271,47.41584837444232],[12.364775294076258,47.4158344],[12.364783848293271,47.41582042555768],[12.3648045,47.41581463715415],[12.364825151706729,47.41582042555768],[12.364833705923742,47.4158344]]]}},{"type":"Feature","id":"pylon-kitzbuehel-156","properties":{"kind":"pylon","name":"Lift tower","height":13},"geometry":{"type":"Polygon","coordinates":[[[12.366030605584415,47.4152226],[12.36602205146679,47.41523657444232],[12.3660014,47.41524236284585],[12.365980748533211,47.41523657444232],[12.365972194415585,47.4152226],[12.365980748533211,47.41520862555768],[12.3660014,47.41520283715415],[12.36602205146679,47.41520862555768],[12.366030605584415,47.4152226]]]}},{"type":"Feature","id":"pylon-kitzbuehel-157","properties":{"kind":"pylon","name":"Lift tower","height":13},"geometry":{"type":"Polygon","coordinates":[[[12.367440105184869,47.4145022],[12.367431551184266,47.41451617444232],[12.3674109,47.41452196284585],[12.367390248815733,47.41451617444232],[12.36738169481513,47.4145022],[12.367390248815733,47.41448822555768],[12.3674109,47.41448243715415],[12.367431551184266,47.41448822555768],[12.367440105184869,47.4145022]]]}},{"type":"Feature","id":"pylon-kitzbuehel-158","properties":{"kind":"pylon","name":"Lift tower","height":13},"geometry":{"type":"Polygon","coordinates":[[[12.356520806999699,47.4177742],[12.356512252467546,47.417788174442315],[12.3564916,47.41779396284585],[12.356470947532454,47.417788174442315],[12.356462393000301,47.4177742],[12.356470947532454,47.41776022555768],[12.3564916,47.417754437154144],[12.356512252467546,47.41776022555768],[12.356520806999699,47.4177742]]]}},{"type":"Feature","id":"pylon-kitzbuehel-159","properties":{"kind":"pylon","name":"Lift tower","height":13},"geometry":{"type":"Polygon","coordinates":[[[12.355218107053117,47.4178705],[12.355209552505316,47.41788447444232],[12.3551889,47.41789026284585],[12.355168247494683,47.41788447444232],[12.355159692946883,47.4178705],[12.355168247494683,47.41785652555768],[12.3551889,47.41785073715415],[12.355209552505316,47.41785652555768],[12.355218107053117,47.4178705]]]}},{"type":"Feature","id":"pylon-kitzbuehel-160","properties":{"kind":"pylon","name":"Lift tower","height":13},"geometry":{"type":"Polygon","coordinates":[[[12.353400807127668,47.4180049],[12.353392252558033,47.41801887444232],[12.3533716,47.41802466284585],[12.353350947441966,47.41801887444232],[12.35334239287233,47.4180049],[12.353350947441966,47.41799092555768],[12.3533716,47.41798513715415],[12.353392252558033,47.41799092555768],[12.353400807127668,47.4180049]]]}},{"type":"Feature","id":"pylon-kitzbuehel-161","properties":{"kind":"pylon","name":"Lift tower","height":13},"geometry":{"type":"Polygon","coordinates":[[[12.352930107146973,47.4180397],[12.352921552571685,47.41805367444232],[12.3529009,47.418059462845854],[12.352880247428315,47.41805367444232],[12.352871692853027,47.4180397],[12.352880247428315,47.41802572555768],[12.3529009,47.41801993715415],[12.352921552571685,47.41802572555768],[12.352930107146973,47.4180397]]]}},{"type":"Feature","id":"pylon-kitzbuehel-162","properties":{"kind":"pylon","name":"Lift tower","height":13},"geometry":{"type":"Polygon","coordinates":[[[12.350094807263241,47.4182493],[12.350086252653899,47.41826327444232],[12.3500656,47.41826906284585],[12.350044947346102,47.41826327444232],[12.35003639273676,47.4182493],[12.350044947346102,47.41823532555768],[12.3500656,47.41822953715415],[12.350086252653899,47.41823532555768],[12.350094807263241,47.4182493]]]}},{"type":"Feature","id":"pylon-kitzbuehel-163","properties":{"kind":"pylon","name":"Lift tower","height":13},"geometry":{"type":"Polygon","coordinates":[[[12.34822260733996,47.4183876],[12.348214052708146,47.41840157444232],[12.3481934,47.418407362845855],[12.348172747291853,47.41840157444232],[12.34816419266004,47.4183876],[12.348172747291853,47.418373625557685],[12.3481934,47.41836783715415],[12.348214052708146,47.418373625557685],[12.34822260733996,47.4183876]]]}},{"type":"Feature","id":"pylon-kitzbuehel-164","properties":{"kind":"pylon","name":"Lift tower","height":13},"geometry":{"type":"Polygon","coordinates":[[[12.34697770739105,47.4184797],[12.346969152744272,47.41849367444232],[12.3469485,47.41849946284585],[12.346927847255728,47.41849367444232],[12.34691929260895,47.4184797],[12.346927847255728,47.41846572555768],[12.3469485,47.41845993715415],[12.346969152744272,47.41846572555768],[12.34697770739105,47.4184797]]]}},{"type":"Feature","id":"pylon-kitzbuehel-165","properties":{"kind":"pylon","name":"Lift tower","height":13},"geometry":{"type":"Polygon","coordinates":[[[12.344796507480472,47.4186409],[12.344787952807504,47.41865487444232],[12.3447673,47.41866066284585],[12.344746647192498,47.41865487444232],[12.34473809251953,47.4186409],[12.344746647192498,47.41862692555768],[12.3447673,47.41862113715415],[12.344787952807504,47.41862692555768],[12.344796507480472,47.4186409]]]}},{"type":"Feature","id":"pylon-kitzbuehel-166","properties":{"kind":"pylon","name":"Lift tower","height":13},"geometry":{"type":"Polygon","coordinates":[[[12.344126607507931,47.4186904],[12.34411805282692,47.41870437444232],[12.3440974,47.418710162845855],[12.344076747173082,47.41870437444232],[12.34406819249207,47.4186904],[12.344076747173082,47.418676425557685],[12.3440974,47.41867063715415],[12.34411805282692,47.418676425557685],[12.344126607507931,47.4186904]]]}},{"type":"Feature","id":"pylon-kitzbuehel-167","properties":{"kind":"pylon","name":"Lift tower","height":13},"geometry":{"type":"Polygon","coordinates":[[[12.344251008963813,47.4213147],[12.344242453856383,47.42132867444232],[12.3442218,47.421334462845856],[12.344201146143616,47.42132867444232],[12.344192591036187,47.4213147],[12.344201146143616,47.421300725557685],[12.3442218,47.42129493715415],[12.344242453856383,47.421300725557685],[12.344251008963813,47.4213147]]]}},{"type":"Feature","id":"pylon-kitzbuehel-168","properties":{"kind":"pylon","name":"Lift tower","height":13},"geometry":{"type":"Polygon","coordinates":[[[12.342228810006631,47.4231942],[12.342220254593768,47.423208174442316],[12.3421996,47.42321396284585],[12.342178945406234,47.423208174442316],[12.34217038999337,47.4231942],[12.342178945406234,47.42318022555768],[12.3421996,47.423174437154145],[12.342220254593768,47.42318022555768],[12.342228810006631,47.4231942]]]}},{"type":"Feature","id":"pylon-kitzbuehel-169","properties":{"kind":"pylon","name":"Lift tower","height":13},"geometry":{"type":"Polygon","coordinates":[[[12.340128011090062,47.4251467],[12.340119455359869,47.42516067444232],[12.3400988,47.42516646284585],[12.340078144640131,47.42516067444232],[12.340069588909937,47.4251467],[12.340078144640131,47.42513272555768],[12.3400988,47.42512693715415],[12.340119455359869,47.42513272555768],[12.340128011090062,47.4251467]]]}},{"type":"Feature","id":"pylon-kitzbuehel-170","properties":{"kind":"pylon","name":"Lift tower","height":13},"geometry":{"type":"Polygon","coordinates":[[[12.338919211713483,47.4262701],[12.338910655800694,47.42628407444232],[12.33889,47.426289862845856],[12.338869344199304,47.42628407444232],[12.338860788286516,47.4262701],[12.338869344199304,47.426256125557686],[12.33889,47.42625033715415],[12.338910655800694,47.426256125557686],[12.338919211713483,47.4262701]]]}},{"type":"Feature","id":"pylon-kitzbuehel-171","properties":{"kind":"pylon","name":"Lift tower","height":13},"geometry":{"type":"Polygon","coordinates":[[[12.328572317050957,47.4358854],[12.328563759574857,47.435899374442315],[12.3285431,47.43590516284585],[12.328522440425141,47.435899374442315],[12.328513882949041,47.4358854],[12.328522440425141,47.43587142555768],[12.3285431,47.435865637154144],[12.328563759574857,47.43587142555768],[12.328572317050957,47.4358854]]]}},{"type":"Feature","id":"pylon-kitzbuehel-172","properties":{"kind":"pylon","name":"Lift tower","height":13},"geometry":{"type":"Polygon","coordinates":[[[12.326130818310666,47.438154],[12.326122260465606,47.438167974442315],[12.3261016,47.43817376284585],[12.326080939534393,47.438167974442315],[12.326072381689333,47.438154],[12.326080939534393,47.43814002555768],[12.3261016,47.438134237154145],[12.326122260465606,47.43814002555768],[12.326130818310666,47.438154]]]}},{"type":"Feature","id":"pylon-kitzbuehel-173","properties":{"kind":"pylon","name":"Lift tower","height":13},"geometry":{"type":"Polygon","coordinates":[[[12.38730632000074,47.4411972],[12.387297761660669,47.441211174442316],[12.3872771,47.44121696284585],[12.387256438339332,47.441211174442316],[12.387247879999261,47.4411972],[12.387256438339332,47.44118322555768],[12.3872771,47.441177437154145],[12.387297761660669,47.44118322555768],[12.38730632000074,47.4411972]]]}},{"type":"Feature","id":"pylon-kitzbuehel-174","properties":{"kind":"pylon","name":"Lift tower","height":13},"geometry":{"type":"Polygon","coordinates":[[[12.385615819085526,47.4395493],[12.385607261013515,47.43956327444232],[12.3855866,47.439569062845855],[12.385565938986485,47.43956327444232],[12.385557380914474,47.4395493],[12.385565938986485,47.439535325557685],[12.3855866,47.43952953715415],[12.385607261013515,47.439535325557685],[12.385615819085526,47.4395493]]]}},{"type":"Feature","id":"pylon-kitzbuehel-175","properties":{"kind":"pylon","name":"Lift tower","height":13},"geometry":{"type":"Polygon","coordinates":[[[12.384135218304612,47.4381431],[12.384126660461327,47.438157074442316],[12.384106,47.43816286284585],[12.384085339538672,47.438157074442316],[12.384076781695386,47.4381431],[12.384085339538672,47.43812912555768],[12.384106,47.438123337154146],[12.384126660461327,47.43812912555768],[12.384135218304612,47.4381431]]]}},{"type":"Feature","id":"pylon-kitzbuehel-176","properties":{"kind":"pylon","name":"Lift tower","height":13},"geometry":{"type":"Polygon","coordinates":[[[12.38168201697983,47.4357573],[12.381673459524563,47.43577127444232],[12.3816528,47.43577706284585],[12.381632140475435,47.43577127444232],[12.381623583020168,47.4357573],[12.381632140475435,47.43574332555768],[12.3816528,47.43573753715415],[12.381673459524563,47.43574332555768],[12.38168201697983,47.4357573]]]}},{"type":"Feature","id":"pylon-kitzbuehel-177","properties":{"kind":"pylon","name":"Lift tower","height":13},"geometry":{"type":"Polygon","coordinates":[[[12.38013501612174,47.4342118],[12.380126458917802,47.43422577444232],[12.3801058,47.43423156284585],[12.3800851410822,47.43422577444232],[12.380076583878262,47.4342118],[12.3800851410822,47.43419782555768],[12.3801058,47.43419203715415],[12.380126458917802,47.43419782555768],[12.38013501612174,47.4342118]]]}},{"type":"Feature","id":"pylon-kitzbuehel-178","properties":{"kind":"pylon","name":"Lift tower","height":13},"geometry":{"type":"Polygon","coordinates":[[[12.378339215148028,47.4324579],[12.378330658229284,47.43247187444232],[12.37831,47.432477662845855],[12.378289341770717,47.43247187444232],[12.378280784851974,47.4324579],[12.378289341770717,47.432443925557685],[12.37831,47.43243813715415],[12.378330658229284,47.432443925557685],[12.378339215148028,47.4324579]]]}},{"type":"Feature","id":"pylon-kitzbuehel-179","properties":{"kind":"pylon","name":"Lift tower","height":13},"geometry":{"type":"Polygon","coordinates":[[[12.376972214403219,47.4311162],[12.376963657702625,47.431130174442316],[12.376943,47.43113596284585],[12.376922342297377,47.431130174442316],[12.376913785596782,47.4311162],[12.376922342297377,47.43110222555768],[12.376943,47.431096437154146],[12.376963657702625,47.43110222555768],[12.376972214403219,47.4311162]]]}},{"type":"Feature","id":"pylon-kitzbuehel-180","properties":{"kind":"pylon","name":"Lift tower","height":13},"geometry":{"type":"Polygon","coordinates":[[[12.375012013345412,47.4292105],[12.37500345695464,47.42922447444232],[12.3749828,47.429230262845856],[12.374962143045359,47.42922447444232],[12.374953586654588,47.4292105],[12.374962143045359,47.429196525557686],[12.3749828,47.42919073715415],[12.37500345695464,47.429196525557686],[12.375012013345412,47.4292105]]]}},{"type":"Feature","id":"pylon-kitzbuehel-181","properties":{"kind":"pylon","name":"Lift tower","height":13},"geometry":{"type":"Polygon","coordinates":[[[12.374125412866363,47.4283474],[12.374116856615903,47.42836137444232],[12.3740962,47.42836716284585],[12.374075543384098,47.42836137444232],[12.374066987133638,47.4283474],[12.374075543384098,47.42833342555768],[12.3740962,47.42832763715415],[12.374116856615903,47.42833342555768],[12.374125412866363,47.4283474]]]}},{"type":"Feature","id":"pylon-kitzbuehel-182","properties":{"kind":"pylon","name":"Lift tower","height":13},"geometry":{"type":"Polygon","coordinates":[[[12.373027712257413,47.4272502],[12.37301915618531,47.42726417444232],[12.3729985,47.427269962845855],[12.37297784381469,47.42726417444232],[12.372969287742587,47.4272502],[12.37297784381469,47.427236225557685],[12.3729985,47.42723043715415],[12.37301915618531,47.427236225557685],[12.373027712257413,47.4272502]]]}},{"type":"Feature","id":"pylon-kitzbuehel-183","properties":{"kind":"pylon","name":"Lift tower","height":13},"geometry":{"type":"Polygon","coordinates":[[[12.3657543106003,47.4242641],[12.365745755013554,47.42427807444232],[12.3657251,47.424283862845854],[12.365704444986447,47.42427807444232],[12.365695889399701,47.4242641],[12.365704444986447,47.424250125557684],[12.3657251,47.42424433715415],[12.365745755013554,47.424250125557684],[12.3657543106003,47.4242641]]]}},{"type":"Feature","id":"pylon-kitzbuehel-184","properties":{"kind":"pylon","name":"Lift tower","height":13},"geometry":{"type":"Polygon","coordinates":[[[12.365633811362589,47.4256378],[12.365625255552574,47.425651774442315],[12.3656046,47.42565756284585],[12.365583944447424,47.425651774442315],[12.36557538863741,47.4256378],[12.365583944447424,47.42562382555768],[12.3656046,47.425618037154145],[12.365625255552574,47.42562382555768],[12.365633811362589,47.4256378]]]}},{"type":"Feature","id":"pylon-kitzbuehel-185","properties":{"kind":"pylon","name":"Lift tower","height":13},"geometry":{"type":"Polygon","coordinates":[[[12.365490912266292,47.4272662],[12.365482356191588,47.427280174442316],[12.3654617,47.42728596284585],[12.36544104380841,47.427280174442316],[12.365432487733706,47.4272662],[12.36544104380841,47.42725222555768],[12.3654617,47.427246437154146],[12.365482356191588,47.42725222555768],[12.365490912266292,47.4272662]]]}},{"type":"Feature","id":"pylon-kitzbuehel-186","properties":{"kind":"pylon","name":"Lift tower","height":13},"geometry":{"type":"Polygon","coordinates":[[[12.365462812444278,47.4275869],[12.365454256317443,47.42760087444232],[12.3654336,47.427606662845854],[12.365412943682555,47.42760087444232],[12.36540438755572,47.4275869],[12.365412943682555,47.42757292555768],[12.3654336,47.42756713715415],[12.365454256317443,47.42757292555768],[12.365462812444278,47.4275869]]]}},{"type":"Feature","id":"pylon-kitzbuehel-187","properties":{"kind":"pylon","name":"Lift tower","height":13},"geometry":{"type":"Polygon","coordinates":[[[12.408699032522597,47.4637289],[12.40869047051496,47.46374287444232],[12.4086698,47.46374866284585],[12.40864912948504,47.46374287444232],[12.408640567477404,47.4637289],[12.40864912948504,47.46371492555768],[12.4086698,47.46370913715415],[12.40869047051496,47.46371492555768],[12.408699032522597,47.4637289]]]}},{"type":"Feature","id":"pylon-kitzbuehel-188","properties":{"kind":"pylon","name":"Lift tower","height":13},"geometry":{"type":"Polygon","coordinates":[[[12.41042923266473,47.4639845],[12.410420670615464,47.46399847444232],[12.4104,47.464004262845854],[12.410379329384535,47.46399847444232],[12.410370767335268,47.4639845],[12.410379329384535,47.463970525557684],[12.4104,47.46396473715415],[12.410420670615464,47.463970525557684],[12.41042923266473,47.4639845]]]}},{"type":"Feature","id":"pylon-kitzbuehel-189","properties":{"kind":"pylon","name":"Lift tower","height":13},"geometry":{"type":"Polygon","coordinates":[[[12.410759332691814,47.4640332],[12.410750770634614,47.46404717444232],[12.4107301,47.464052962845855],[12.410709429365387,47.46404717444232],[12.410700867308186,47.4640332],[12.410709429365387,47.464019225557685],[12.4107301,47.46401343715415],[12.410750770634614,47.464019225557685],[12.410759332691814,47.4640332]]]}},{"type":"Feature","id":"pylon-kitzbuehel-190","properties":{"kind":"pylon","name":"Lift tower","height":13},"geometry":{"type":"Polygon","coordinates":[[[12.411191432727293,47.464097],[12.411182870659701,47.46411097444232],[12.4111622,47.464116762845855],[12.411141529340298,47.46411097444232],[12.411132967272707,47.464097],[12.411141529340298,47.464083025557684],[12.4111622,47.46407723715415],[12.411182870659701,47.464083025557684],[12.411191432727293,47.464097]]]}},{"type":"Feature","id":"pylon-kitzbuehel-191","properties":{"kind":"pylon","name":"Lift tower","height":13},"geometry":{"type":"Polygon","coordinates":[[[12.414667833012794,47.4646104],[12.414659270861582,47.464624374442316],[12.4146386,47.46463016284585],[12.414617929138418,47.464624374442316],[12.414609366987206,47.4646104],[12.414617929138418,47.46459642555768],[12.4146386,47.464590637154146],[12.414659270861582,47.46459642555768],[12.414667833012794,47.4646104]]]}},{"type":"Feature","id":"pylon-kitzbuehel-192","properties":{"kind":"pylon","name":"Lift tower","height":13},"geometry":{"type":"Polygon","coordinates":[[[12.415837033108835,47.4647831],[12.415828470929492,47.464797074442316],[12.4158078,47.46480286284585],[12.415787129070507,47.464797074442316],[12.415778566891165,47.4647831],[12.415787129070507,47.46476912555768],[12.4158078,47.464763337154146],[12.415828470929492,47.46476912555768],[12.415837033108835,47.4647831]]]}},{"type":"Feature","id":"pylon-kitzbuehel-193","properties":{"kind":"pylon","name":"Lift tower","height":13},"geometry":{"type":"Polygon","coordinates":[[[12.418383533317993,47.4651592],[12.41837497107739,47.46517317444232],[12.4183543,47.465178962845854],[12.418333628922612,47.46517317444232],[12.418325066682009,47.4651592],[12.418333628922612,47.465145225557684],[12.4183543,47.46513943715415],[12.41837497107739,47.465145225557684],[12.418383533317993,47.4651592]]]}},{"type":"Feature","id":"pylon-kitzbuehel-194","properties":{"kind":"pylon","name":"Lift tower","height":13},"geometry":{"type":"Polygon","coordinates":[[[12.418522733329393,47.4651797],[12.41851417108545,47.46519367444232],[12.4184935,47.46519946284585],[12.41847282891455,47.46519367444232],[12.418464266670608,47.4651797],[12.41847282891455,47.46516572555768],[12.4184935,47.46515993715415],[12.41851417108545,47.46516572555768],[12.418522733329393,47.4651797]]]}},{"type":"Feature","id":"pylon-kitzbuehel-195","properties":{"kind":"pylon","name":"Lift tower","height":13},"geometry":{"type":"Polygon","coordinates":[[[12.41963453342071,47.4653439],[12.41962597115002,47.46535787444232],[12.4196053,47.46536366284585],[12.41958462884998,47.46535787444232],[12.41957606657929,47.4653439],[12.41958462884998,47.46532992555768],[12.4196053,47.46532413715415],[12.41962597115002,47.46532992555768],[12.41963453342071,47.4653439]]]}},{"type":"Feature","id":"pylon-kitzbuehel-196","properties":{"kind":"pylon","name":"Lift tower","height":13},"geometry":{"type":"Polygon","coordinates":[[[12.421027833535163,47.4655497],[12.421019271230952,47.465563674442315],[12.4209986,47.46556946284585],[12.42097792876905,47.465563674442315],[12.420969366464838,47.4655497],[12.42097792876905,47.46553572555768],[12.4209986,47.465529937154145],[12.421019271230952,47.46553572555768],[12.421027833535163,47.4655497]]]}},{"type":"Feature","id":"pylon-kitzbuehel-197","properties":{"kind":"pylon","name":"Lift tower","height":13},"geometry":{"type":"Polygon","coordinates":[[[12.423157233710013,47.4658641],[12.42314867135459,47.465878074442315],[12.423128,47.46588386284585],[12.423107328645411,47.465878074442315],[12.423098766289987,47.4658641],[12.423107328645411,47.46585012555768],[12.423128,47.465844337154145],[12.42314867135459,47.46585012555768],[12.423157233710013,47.4658641]]]}},{"type":"Feature","id":"pylon-kitzbuehel-198","properties":{"kind":"pylon","name":"Lift tower","height":13},"geometry":{"type":"Polygon","coordinates":[[[12.42664313399632,47.4663789],[12.42663457155704,47.46639287444232],[12.4266139,47.466398662845855],[12.42659322844296,47.46639287444232],[12.426584666003679,47.4663789],[12.42659322844296,47.466364925557684],[12.4266139,47.46635913715415],[12.42663457155704,47.466364925557684],[12.42664313399632,47.4663789]]]}},{"type":"Feature","id":"pylon-kitzbuehel-199","properties":{"kind":"pylon","name":"Lift tower","height":13},"geometry":{"type":"Polygon","coordinates":[[[12.427896534099268,47.466564],[12.427887971629834,47.466577974442316],[12.4278673,47.46658376284585],[12.427846628370167,47.466577974442316],[12.427838065900733,47.466564],[12.427846628370167,47.46655002555768],[12.4278673,47.466544237154146],[12.427887971629834,47.46655002555768],[12.427896534099268,47.466564]]]}},{"type":"Feature","id":"pylon-kitzbuehel-200","properties":{"kind":"pylon","name":"Lift tower","height":13},"geometry":{"type":"Polygon","coordinates":[[[12.428745734169011,47.4666894],[12.42873717167915,47.46670337444232],[12.4287165,47.46670916284585],[12.42869582832085,47.46670337444232],[12.42868726583099,47.4666894],[12.42869582832085,47.46667542555768],[12.4287165,47.46666963715415],[12.42873717167915,47.46667542555768],[12.428745734169011,47.4666894]]]}},{"type":"Feature","id":"pylon-kitzbuehel-201","properties":{"kind":"pylon","name":"Lift tower","height":13},"geometry":{"type":"Polygon","coordinates":[[[12.428815734174794,47.4666998],[12.42880717168324,47.46671377444232],[12.4287865,47.46671956284585],[12.42876582831676,47.46671377444232],[12.428757265825205,47.4666998],[12.42876582831676,47.46668582555768],[12.4287865,47.46668003715415],[12.42880717168324,47.46668582555768],[12.428815734174794,47.4666998]]]}},{"type":"Feature","id":"pylon-kitzbuehel-202","properties":{"kind":"pylon","name":"Lift tower","height":13},"geometry":{"type":"Polygon","coordinates":[[[12.427436134947012,47.4680882],[12.42742757222928,47.468102174442315],[12.4274069,47.46810796284585],[12.427386227770718,47.468102174442315],[12.427377665052987,47.4680882],[12.427386227770718,47.46807422555768],[12.4274069,47.468068437154145],[12.42742757222928,47.46807422555768],[12.427436134947012,47.4680882]]]}},{"type":"Feature","id":"pylon-kitzbuehel-203","properties":{"kind":"pylon","name":"Lift tower","height":13},"geometry":{"type":"Polygon","coordinates":[[[12.426948434078634,47.4665269],[12.426939871615243,47.466540874442316],[12.4269192,47.46654666284585],[12.426898528384758,47.466540874442316],[12.426889965921367,47.4665269],[12.426898528384758,47.46651292555768],[12.4269192,47.466507137154146],[12.426939871615243,47.46651292555768],[12.426948434078634,47.4665269]]]}},{"type":"Feature","id":"pylon-kitzbuehel-204","properties":{"kind":"pylon","name":"Lift tower","height":13},"geometry":{"type":"Polygon","coordinates":[[[12.426726533683485,47.4658164],[12.426717971335831,47.46583037444232],[12.4266973,47.465836162845854],[12.42667662866417,47.46583037444232],[12.426668066316516,47.4658164],[12.42667662866417,47.46580242555768],[12.4266973,47.46579663715415],[12.426717971335831,47.46580242555768],[12.426726533683485,47.4658164]]]}},{"type":"Feature","id":"pylon-kitzbuehel-205","properties":{"kind":"pylon","name":"Lift tower","height":13},"geometry":{"type":"Polygon","coordinates":[[[12.426683133606291,47.4656776],[12.426674571281247,47.46569157444232],[12.4266539,47.46569736284585],[12.426633228718753,47.46569157444232],[12.426624666393709,47.4656776],[12.426633228718753,47.46566362555768],[12.4266539,47.46565783715415],[12.426674571281247,47.46566362555768],[12.426683133606291,47.4656776]]]}},{"type":"Feature","id":"pylon-kitzbuehel-206","properties":{"kind":"pylon","name":"Lift tower","height":13},"geometry":{"type":"Polygon","coordinates":[[[12.395465325333015,47.4507954],[12.395456765431158,47.450809374442315],[12.3954361,47.45081516284585],[12.395415434568841,47.450809374442315],[12.395406874666984,47.4507954],[12.395415434568841,47.45078142555768],[12.3954361,47.450775637154145],[12.395456765431158,47.45078142555768],[12.395465325333015,47.4507954]]]}},{"type":"Feature","id":"pylon-kitzbuehel-207","properties":{"kind":"pylon","name":"Lift tower","height":13},"geometry":{"type":"Polygon","coordinates":[[[12.394994125059174,47.4503026],[12.394985565237523,47.45031657444232],[12.3949649,47.45032236284585],[12.394944234762477,47.45031657444232],[12.394935674940825,47.4503026],[12.394944234762477,47.45028862555768],[12.3949649,47.45028283715415],[12.394985565237523,47.45028862555768],[12.394994125059174,47.4503026]]]}},{"type":"Feature","id":"pylon-kitzbuehel-208","properties":{"kind":"pylon","name":"Lift tower","height":13},"geometry":{"type":"Polygon","coordinates":[[[12.396617226002482,47.4520001],[12.396608665904543,47.45201407444232],[12.396588,47.45201986284585],[12.396567334095456,47.45201407444232],[12.396558773997517,47.4520001],[12.396567334095456,47.45198612555768],[12.396588,47.45198033715415],[12.396608665904543,47.45198612555768],[12.396617226002482,47.4520001]]]}},{"type":"Feature","id":"pylon-kitzbuehel-209","properties":{"kind":"pylon","name":"Lift tower","height":13},"geometry":{"type":"Polygon","coordinates":[[[12.397389326451245,47.4528076],[12.397380766221865,47.45282157444232],[12.3973601,47.45282736284585],[12.397339433778136,47.45282157444232],[12.397330873548755,47.4528076],[12.397339433778136,47.45279362555768],[12.3973601,47.45278783715415],[12.397380766221865,47.45279362555768],[12.397389326451245,47.4528076]]]}},{"type":"Feature","id":"pylon-kitzbuehel-210","properties":{"kind":"pylon","name":"Lift tower","height":13},"geometry":{"type":"Polygon","coordinates":[[[12.399066627426139,47.4545617],[12.39905806691122,47.45457567444232],[12.3990374,47.45458146284585],[12.399016733088779,47.45457567444232],[12.39900817257386,47.4545617],[12.399016733088779,47.45454772555768],[12.3990374,47.45454193715415],[12.39905806691122,47.45454772555768],[12.399066627426139,47.4545617]]]}},{"type":"Feature","id":"pylon-kitzbuehel-211","properties":{"kind":"pylon","name":"Lift tower","height":13},"geometry":{"type":"Polygon","coordinates":[[[12.400282228132761,47.455833],[12.400273667410877,47.455846974442316],[12.400253,47.45585276284585],[12.400232332589121,47.455846974442316],[12.400223771867237,47.455833],[12.400232332589121,47.45581902555768],[12.400253,47.455813237154146],[12.400273667410877,47.45581902555768],[12.400282228132761,47.455833]]]}},{"type":"Feature","id":"pylon-kitzbuehel-212","properties":{"kind":"pylon","name":"Lift tower","height":13},"geometry":{"type":"Polygon","coordinates":[[[12.401162828644651,47.4567539],[12.401154267772839,47.45676787444232],[12.4011336,47.456773662845855],[12.40111293222716,47.45676787444232],[12.401104371355348,47.4567539],[12.40111293222716,47.456739925557685],[12.4011336,47.45673413715415],[12.401154267772839,47.456739925557685],[12.401162828644651,47.4567539]]]}},{"type":"Feature","id":"pylon-kitzbuehel-213","properties":{"kind":"pylon","name":"Lift tower","height":13},"geometry":{"type":"Polygon","coordinates":[[[12.401802929016704,47.4574232],[12.401794368035919,47.45743717444232],[12.4017737,47.45744296284585],[12.40175303196408,47.45743717444232],[12.401744470983296,47.4574232],[12.40175303196408,47.45740922555768],[12.4017737,47.45740343715415],[12.401794368035919,47.45740922555768],[12.401802929016704,47.4574232]]]}},{"type":"Feature","id":"pylon-kitzbuehel-214","properties":{"kind":"pylon","name":"Lift tower","height":13},"geometry":{"type":"Polygon","coordinates":[[[12.4024904294164,47.4581422],[12.402481868318546,47.458156174442315],[12.4024612,47.45816196284585],[12.402440531681453,47.458156174442315],[12.4024319705836,47.4581422],[12.402440531681453,47.45812822555768],[12.4024612,47.458122437154145],[12.402481868318546,47.45812822555768],[12.4024904294164,47.4581422]]]}},{"type":"Feature","id":"pylon-kitzbuehel-215","properties":{"kind":"pylon","name":"Lift tower","height":13},"geometry":{"type":"Polygon","coordinates":[[[12.40313832979304,47.4588197],[12.40312976858487,47.45883367444232],[12.4031091,47.45883946284585],[12.40308843141513,47.45883367444232],[12.40307987020696,47.4588197],[12.40308843141513,47.45880572555768],[12.4031091,47.45879993715415],[12.40312976858487,47.45880572555768],[12.40313832979304,47.4588197]]]}},{"type":"Feature","id":"pylon-kitzbuehel-216","properties":{"kind":"pylon","name":"Lift tower","height":13},"geometry":{"type":"Polygon","coordinates":[[[12.403384029935859,47.4590766],[12.40337546868586,47.45909057444232],[12.4033548,47.459096362845855],[12.403334131314141,47.45909057444232],[12.403325570064142,47.4590766],[12.403334131314141,47.459062625557685],[12.4033548,47.45905683715415],[12.40337546868586,47.459062625557685],[12.403384029935859,47.4590766]]]}},{"type":"Feature","id":"pylon-kitzbuehel-217","properties":{"kind":"pylon","name":"Lift tower","height":13},"geometry":{"type":"Polygon","coordinates":[[[12.404458230560369,47.4601999],[12.404449669127455,47.46021387444232],[12.404429,47.46021966284585],[12.404408330872545,47.46021387444232],[12.404399769439632,47.4601999],[12.404408330872545,47.46018592555768],[12.404429,47.46018013715415],[12.404449669127455,47.46018592555768],[12.404458230560369,47.4601999]]]}},{"type":"Feature","id":"pylon-kitzbuehel-218","properties":{"kind":"pylon","name":"Lift tower","height":13},"geometry":{"type":"Polygon","coordinates":[[[12.405755431314578,47.4615564],[12.405746869660762,47.46157037444232],[12.4057262,47.46157616284585],[12.405705530339239,47.46157037444232],[12.405696968685422,47.4615564],[12.405705530339239,47.46154242555768],[12.4057262,47.46153663715415],[12.405746869660762,47.46154242555768],[12.405755431314578,47.4615564]]]}},{"type":"Feature","id":"pylon-kitzbuehel-219","properties":{"kind":"pylon","name":"Lift tower","height":13},"geometry":{"type":"Polygon","coordinates":[[[12.406558931781754,47.4623966],[12.406550369991105,47.462410574442316],[12.4065297,47.46241636284585],[12.406509030008895,47.462410574442316],[12.406500468218246,47.4623966],[12.406509030008895,47.46238262555768],[12.4065297,47.462376837154146],[12.406550369991105,47.46238262555768],[12.406558931781754,47.4623966]]]}},{"type":"Feature","id":"pylon-kitzbuehel-220","properties":{"kind":"pylon","name":"Lift tower","height":13},"geometry":{"type":"Polygon","coordinates":[[[12.40727783219974,47.4631483],[12.407269270286665,47.46316227444232],[12.4072486,47.46316806284585],[12.407227929713336,47.46316227444232],[12.407219367800261,47.4631483],[12.407227929713336,47.46313432555768],[12.4072486,47.46312853715415],[12.407269270286665,47.46313432555768],[12.40727783219974,47.4631483]]]}},{"type":"Feature","id":"pylon-kitzbuehel-221","properties":{"kind":"pylon","name":"Lift tower","height":13},"geometry":{"type":"Polygon","coordinates":[[[12.407314532221037,47.4631866],[12.407305970301724,47.46320057444232],[12.4072853,47.46320636284585],[12.407264629698275,47.46320057444232],[12.407256067778963,47.4631866],[12.407264629698275,47.46317262555768],[12.4072853,47.46316683715415],[12.407305970301724,47.46317262555768],[12.407314532221037,47.4631866]]]}},{"type":"Feature","id":"pylon-kitzbuehel-222","properties":{"kind":"pylon","name":"Lift tower","height":13},"geometry":{"type":"Polygon","coordinates":[[[12.407356832245616,47.4632308],[12.407348270319105,47.463244774442316],[12.4073276,47.46325056284585],[12.407306929680896,47.463244774442316],[12.407298367754384,47.4632308],[12.407306929680896,47.46321682555768],[12.4073276,47.463211037154146],[12.407348270319105,47.46321682555768],[12.407356832245616,47.4632308]]]}},{"type":"Feature","id":"pylon-kitzbuehel-223","properties":{"kind":"pylon","name":"Lift tower","height":13},"geometry":{"type":"Polygon","coordinates":[[[12.4170543877956,47.3831213],[12.417045838888196,47.38313527444232],[12.4170252,47.38314106284585],[12.417004561111803,47.38313527444232],[12.416996012204399,47.3831213],[12.417004561111803,47.38310732555768],[12.4170252,47.38310153715415],[12.417045838888196,47.38310732555768],[12.4170543877956,47.3831213]]]}},{"type":"Feature","id":"pylon-kitzbuehel-224","properties":{"kind":"pylon","name":"Lift tower","height":13},"geometry":{"type":"Polygon","coordinates":[[[12.41600338737427,47.3823603],[12.415994838590272,47.38237427444232],[12.4159742,47.382380062845854],[12.41595356140973,47.38237427444232],[12.415945012625732,47.3823603],[12.41595356140973,47.382346325557684],[12.4159742,47.38234053715415],[12.415994838590272,47.382346325557684],[12.41600338737427,47.3823603]]]}},{"type":"Feature","id":"pylon-kitzbuehel-225","properties":{"kind":"pylon","name":"Lift tower","height":13},"geometry":{"type":"Polygon","coordinates":[[[12.415480387164552,47.3819815],[12.415471838441977,47.38199547444232],[12.4154512,47.382001262845854],[12.415430561558022,47.38199547444232],[12.415422012835448,47.3819815],[12.415430561558022,47.381967525557684],[12.4154512,47.38196173715415],[12.415471838441977,47.381967525557684],[12.415480387164552,47.3819815]]]}},{"type":"Feature","id":"pylon-kitzbuehel-226","properties":{"kind":"pylon","name":"Lift tower","height":13},"geometry":{"type":"Polygon","coordinates":[[[12.414312886696521,47.3811361],[12.41430433811103,47.38115007444232],[12.4142837,47.38115586284585],[12.41426306188897,47.38115007444232],[12.41425451330348,47.3811361],[12.41426306188897,47.38112212555768],[12.4142837,47.38111633715415],[12.41430433811103,47.38112212555768],[12.414312886696521,47.3811361]]]}},{"type":"Feature","id":"pylon-kitzbuehel-227","properties":{"kind":"pylon","name":"Lift tower","height":13},"geometry":{"type":"Polygon","coordinates":[[[12.335538124761669,47.4497672],[12.335529565027155,47.449781174442315],[12.3355089,47.44978696284585],[12.335488234972846,47.449781174442315],[12.335479675238332,47.4497672],[12.335488234972846,47.44975322555768],[12.3355089,47.449747437154144],[12.335529565027155,47.44975322555768],[12.335538124761669,47.4497672]]]}},{"type":"Feature","id":"pylon-kitzbuehel-228","properties":{"kind":"pylon","name":"Lift tower","height":13},"geometry":{"type":"Polygon","coordinates":[[[12.335293224955707,47.4501164],[12.33528466516436,47.45013037444232],[12.335264,47.45013616284585],[12.33524333483564,47.45013037444232],[12.335234775044293,47.4501164],[12.33524333483564,47.45010242555768],[12.335264,47.45009663715415],[12.33528466516436,47.45010242555768],[12.335293224955707,47.4501164]]]}},{"type":"Feature","id":"pylon-kitzbuehel-229","properties":{"kind":"pylon","name":"Lift tower","height":13},"geometry":{"type":"Polygon","coordinates":[[[12.336188024223523,47.4487987],[12.336179464646627,47.448812674442316],[12.3361588,47.44881846284585],[12.336138135353373,47.448812674442316],[12.336129575776477,47.4487987],[12.336138135353373,47.44878472555768],[12.3361588,47.448778937154145],[12.336179464646627,47.44878472555768],[12.336188024223523,47.4487987]]]}},{"type":"Feature","id":"pylon-kitzbuehel-230","properties":{"kind":"pylon","name":"Lift tower","height":13},"geometry":{"type":"Polygon","coordinates":[[[12.337732722966534,47.4465363],[12.337724163757802,47.446550274442316],[12.3377035,47.44655606284585],[12.337682836242198,47.446550274442316],[12.337674277033466,47.4465363],[12.337682836242198,47.44652232555768],[12.3377035,47.446516537154146],[12.337724163757802,47.44652232555768],[12.337732722966534,47.4465363]]]}},{"type":"Feature","id":"pylon-kitzbuehel-231","properties":{"kind":"pylon","name":"Lift tower","height":13},"geometry":{"type":"Polygon","coordinates":[[[12.338449922381873,47.4454839],[12.338441363344383,47.44549787444232],[12.3384207,47.44550366284585],[12.338400036655617,47.44549787444232],[12.338391477618128,47.4454839],[12.338400036655617,47.44546992555768],[12.3384207,47.44546413715415],[12.338441363344383,47.44546992555768],[12.338449922381873,47.4454839]]]}},{"type":"Feature","id":"pylon-kitzbuehel-232","properties":{"kind":"pylon","name":"Lift tower","height":13},"geometry":{"type":"Polygon","coordinates":[[[12.34014242101107,47.4430162],[12.340133862375081,47.44303017444232],[12.3401132,47.443035962845855],[12.340092537624917,47.44303017444232],[12.340083978988929,47.4430162],[12.340092537624917,47.443002225557684],[12.3401132,47.44299643715415],[12.340133862375081,47.443002225557684],[12.34014242101107,47.4430162]]]}},{"type":"Feature","id":"pylon-kitzbuehel-233","properties":{"kind":"pylon","name":"Lift tower","height":13},"geometry":{"type":"Polygon","coordinates":[[[12.341159920185913,47.4415306],[12.341151361791606,47.44154457444232],[12.3411307,47.44155036284585],[12.341110038208395,47.44154457444232],[12.341101479814089,47.4415306],[12.341110038208395,47.44151662555768],[12.3411307,47.44151083715415],[12.341151361791606,47.44151662555768],[12.341159920185913,47.4415306]]]}},{"type":"Feature","id":"pylon-kitzbuehel-234","properties":{"kind":"pylon","name":"Lift tower","height":13},"geometry":{"type":"Polygon","coordinates":[[[12.34244841914195,47.4396509],[12.342439861053414,47.439664874442315],[12.3424192,47.43967066284585],[12.342398538946586,47.439664874442315],[12.34238998085805,47.4396509],[12.342398538946586,47.43963692555768],[12.3424192,47.439631137154144],[12.342439861053414,47.43963692555768],[12.34244841914195,47.4396509]]]}},{"type":"Feature","id":"pylon-kitzbuehel-235","properties":{"kind":"pylon","name":"Lift tower","height":13},"geometry":{"type":"Polygon","coordinates":[[[12.343573618226316,47.4380021],[12.343565060405963,47.43801607444232],[12.3435444,47.43802186284585],[12.343523739594039,47.43801607444232],[12.343515181773686,47.4380021],[12.343523739594039,47.43798812555768],[12.3435444,47.437982337154146],[12.343565060405963,47.43798812555768],[12.343573618226316,47.4380021]]]}},{"type":"Feature","id":"pylon-kitzbuehel-236","properties":{"kind":"pylon","name":"Lift tower","height":13},"geometry":{"type":"Polygon","coordinates":[[[12.344823617207371,47.4361671],[12.344815059685459,47.43618107444232],[12.3447944,47.43618686284585],[12.34477374031454,47.43618107444232],[12.344765182792628,47.4361671],[12.34477374031454,47.43615312555768],[12.3447944,47.436147337154146],[12.344815059685459,47.43615312555768],[12.344823617207371,47.4361671]]]}},{"type":"Feature","id":"pylon-kitzbuehel-237","properties":{"kind":"pylon","name":"Lift tower","height":13},"geometry":{"type":"Polygon","coordinates":[[[12.346061116203686,47.4343594],[12.346052558975748,47.434373374442316],[12.3460319,47.43437916284585],[12.346011241024252,47.434373374442316],[12.346002683796314,47.4343594],[12.346011241024252,47.43434542555768],[12.3460319,47.434339637154146],[12.346052558975748,47.43434542555768],[12.346061116203686,47.4343594]]]}},{"type":"Feature","id":"pylon-kitzbuehel-238","properties":{"kind":"pylon","name":"Lift tower","height":13},"geometry":{"type":"Polygon","coordinates":[[[12.347313015196768,47.4325457],[12.347304458263748,47.43255967444232],[12.3472838,47.43256546284585],[12.347263141736251,47.43255967444232],[12.347254584803231,47.4325457],[12.347263141736251,47.43253172555768],[12.3472838,47.432525937154146],[12.347304458263748,47.43253172555768],[12.347313015196768,47.4325457]]]}},{"type":"Feature","id":"pylon-kitzbuehel-239","properties":{"kind":"pylon","name":"Lift tower","height":13},"geometry":{"type":"Polygon","coordinates":[[[12.349113213789902,47.4300113],[12.349104657268944,47.430025274442315],[12.349084,47.43003106284585],[12.349063342731055,47.430025274442315],[12.349054786210097,47.4300113],[12.349063342731055,47.42999732555768],[12.349084,47.429991537154145],[12.349104657268944,47.42999732555768],[12.349113213789902,47.4300113]]]}},{"type":"Feature","id":"pylon-kitzbuehel-240","properties":{"kind":"pylon","name":"Lift tower","height":13},"geometry":{"type":"Polygon","coordinates":[[[12.350478612728775,47.4280995],[12.350470056518613,47.42811347444232],[12.3504494,47.428119262845854],[12.350428743481388,47.42811347444232],[12.350420187271226,47.4280995],[12.350428743481388,47.428085525557684],[12.3504494,47.42807973715415],[12.350470056518613,47.428085525557684],[12.350478612728775,47.4280995]]]}},{"type":"Feature","id":"pylon-kitzbuehel-241","properties":{"kind":"pylon","name":"Lift tower","height":13},"geometry":{"type":"Polygon","coordinates":[[[12.352305811333178,47.4255848],[12.352297255531777,47.42559877444232],[12.3522766,47.425604562845855],[12.352255944468222,47.42559877444232],[12.352247388666822,47.4255848],[12.352255944468222,47.425570825557685],[12.3522766,47.42556503715415],[12.352297255531777,47.425570825557685],[12.352305811333178,47.4255848]]]}},{"type":"Feature","id":"pylon-kitzbuehel-242","properties":{"kind":"pylon","name":"Lift tower","height":13},"geometry":{"type":"Polygon","coordinates":[[[12.352945210844846,47.4247048],[12.352936655186474,47.42471877444232],[12.352916,47.42472456284585],[12.352895344813527,47.42471877444232],[12.352886789155155,47.4247048],[12.352895344813527,47.42469082555768],[12.352916,47.42468503715415],[12.352936655186474,47.42469082555768],[12.352945210844846,47.4247048]]]}},{"type":"Feature","id":"pylon-kitzbuehel-243","properties":{"kind":"pylon","name":"Lift tower","height":13},"geometry":{"type":"Polygon","coordinates":[[[12.354772809449118,47.4221894],[12.354764254199546,47.42220337444232],[12.3547436,47.42220916284585],[12.354722945800455,47.42220337444232],[12.354714390550884,47.4221894],[12.354722945800455,47.42217542555768],[12.3547436,47.42216963715415],[12.354764254199546,47.42217542555768],[12.354772809449118,47.4221894]]]}},{"type":"Feature","id":"pylon-kitzbuehel-244","properties":{"kind":"pylon","name":"Lift tower","height":13},"geometry":{"type":"Polygon","coordinates":[[[12.355817108651571,47.4207519],[12.355808553635594,47.42076587444232],[12.3557879,47.42077166284585],[12.355767246364405,47.42076587444232],[12.355758691348427,47.4207519],[12.355767246364405,47.42073792555768],[12.3557879,47.42073213715415],[12.355808553635594,47.42073792555768],[12.355817108651571,47.4207519]]]}},{"type":"Feature","id":"pylon-kitzbuehel-245","properties":{"kind":"pylon","name":"Lift tower","height":13},"geometry":{"type":"Polygon","coordinates":[[[12.35653440810384,47.4197646],[12.356525853248291,47.41977857444232],[12.3565052,47.41978436284585],[12.35648454675171,47.41977857444232],[12.356475991896161,47.4197646],[12.35648454675171,47.41975062555768],[12.3565052,47.41974483715415],[12.356525853248291,47.41975062555768],[12.35653440810384,47.4197646]]]}},{"type":"Feature","id":"pylon-kitzbuehel-246","properties":{"kind":"pylon","name":"Lift tower","height":13},"geometry":{"type":"Polygon","coordinates":[[[12.357134907645339,47.4189381],[12.35712635292408,47.418952074442316],[12.3571057,47.41895786284585],[12.35708504707592,47.418952074442316],[12.357076492354661,47.4189381],[12.35708504707592,47.41892412555768],[12.3571057,47.418918337154146],[12.35712635292408,47.41892412555768],[12.357134907645339,47.4189381]]]}},{"type":"Feature","id":"pylon-kitzbuehel-247","properties":{"kind":"pylon","name":"Lift tower","height":13},"geometry":{"type":"Polygon","coordinates":[[[12.35760710728471,47.418288],[12.357598552669078,47.418301974442315],[12.3575779,47.41830776284585],[12.357557247330924,47.418301974442315],[12.35754869271529,47.418288],[12.357557247330924,47.41827402555768],[12.3575779,47.418268237154145],[12.357598552669078,47.41827402555768],[12.35760710728471,47.418288]]]}},{"type":"Feature","id":"pylon-kitzbuehel-248","properties":{"kind":"pylon","name":"Lift tower","height":13},"geometry":{"type":"Polygon","coordinates":[[[12.377232520845823,47.4427187],[12.377223962258233,47.44273267444232],[12.3772033,47.44273846284585],[12.377182637741766,47.44273267444232],[12.377174079154177,47.4427187],[12.377182637741766,47.44270472555768],[12.3772033,47.44269893715415],[12.377223962258233,47.44270472555768],[12.377232520845823,47.4427187]]]}},{"type":"Feature","id":"pylon-kitzbuehel-249","properties":{"kind":"pylon","name":"Lift tower","height":13},"geometry":{"type":"Polygon","coordinates":[[[12.379706221430007,47.4437704],[12.379697662671314,47.443784374442316],[12.379677,47.44379016284585],[12.379656337328685,47.443784374442316],[12.379647778569991,47.4437704],[12.379656337328685,47.44375642555768],[12.379677,47.443750637154146],[12.379697662671314,47.44375642555768],[12.379706221430007,47.4437704]]]}},{"type":"Feature","id":"pylon-kitzbuehel-250","properties":{"kind":"pylon","name":"Lift tower","height":13},"geometry":{"type":"Polygon","coordinates":[[[12.383557922351429,47.4454291],[12.383549363322857,47.445443074442316],[12.3835287,47.44544886284585],[12.383508036677142,47.445443074442316],[12.38349947764857,47.4454291],[12.383508036677142,47.44541512555768],[12.3835287,47.445409337154146],[12.383549363322857,47.44541512555768],[12.383557922351429,47.4454291]]]}},{"type":"Feature","id":"pylon-kitzbuehel-251","properties":{"kind":"pylon","name":"Lift tower","height":13},"geometry":{"type":"Polygon","coordinates":[[[12.426674614803233,47.4318368],[12.426666057985477,47.43185077444232],[12.4266454,47.43185656284585],[12.426624742014523,47.43185077444232],[12.426616185196767,47.4318368],[12.426624742014523,47.43182282555768],[12.4266454,47.43181703715415],[12.426666057985477,47.43182282555768],[12.426674614803233,47.4318368]]]}},{"type":"Feature","id":"pylon-kitzbuehel-252","properties":{"kind":"pylon","name":"Lift tower","height":13},"geometry":{"type":"Polygon","coordinates":[[[12.428447315169567,47.4324967],[12.428438758244514,47.43251067444232],[12.4284181,47.432516462845854],[12.428397441755486,47.43251067444232],[12.428388884830433,47.4324967],[12.428397441755486,47.43248272555768],[12.4284181,47.43247693715415],[12.428438758244514,47.43248272555768],[12.428447315169567,47.4324967]]]}},{"type":"Feature","id":"pylon-kitzbuehel-253","properties":{"kind":"pylon","name":"Lift tower","height":13},"geometry":{"type":"Polygon","coordinates":[[[12.430732515641838,47.4333474],[12.43072395857846,47.43336137444232],[12.4307033,47.433367162845855],[12.430682641421539,47.43336137444232],[12.430674084358161,47.4333474],[12.430682641421539,47.433333425557684],[12.4307033,47.43332763715415],[12.43072395857846,47.433333425557684],[12.430732515641838,47.4333474]]]}},{"type":"Feature","id":"pylon-kitzbuehel-254","properties":{"kind":"pylon","name":"Lift tower","height":13},"geometry":{"type":"Polygon","coordinates":[[[12.431525515805726,47.4336426],[12.431516958694345,47.43365657444232],[12.4314963,47.43366236284585],[12.431475641305653,47.43365657444232],[12.431467084194272,47.4336426],[12.431475641305653,47.43362862555768],[12.4314963,47.43362283715415],[12.431516958694345,47.43362862555768],[12.431525515805726,47.4336426]]]}},{"type":"Feature","id":"pylon-kitzbuehel-255","properties":{"kind":"pylon","name":"Lift tower","height":13},"geometry":{"type":"Polygon","coordinates":[[[12.432940616098199,47.4341694],[12.432932058901157,47.43418337444232],[12.4329114,47.434189162845854],[12.432890741098843,47.43418337444232],[12.432882183901802,47.4341694],[12.432890741098843,47.434155425557684],[12.4329114,47.43414963715415],[12.432932058901157,47.434155425557684],[12.432940616098199,47.4341694]]]}},{"type":"Feature","id":"pylon-kitzbuehel-256","properties":{"kind":"pylon","name":"Lift tower","height":13},"geometry":{"type":"Polygon","coordinates":[[[12.434559716432819,47.4347721],[12.434551159137769,47.43478607444232],[12.4345305,47.434791862845856],[12.43450984086223,47.43478607444232],[12.43450128356718,47.4347721],[12.43450984086223,47.434758125557686],[12.4345305,47.43475233715415],[12.434551159137769,47.434758125557686],[12.434559716432819,47.4347721]]]}},{"type":"Feature","id":"pylon-kitzbuehel-257","properties":{"kind":"pylon","name":"Lift tower","height":13},"geometry":{"type":"Polygon","coordinates":[[[12.437776417097654,47.4359695],[12.437767859607877,47.43598347444232],[12.4377472,47.43598926284585],[12.437726540392124,47.43598347444232],[12.437717982902347,47.4359695],[12.437726540392124,47.43595552555768],[12.4377472,47.43594973715415],[12.437767859607877,47.43595552555768],[12.437776417097654,47.4359695]]]}},{"type":"Feature","id":"pylon-kitzbuehel-258","properties":{"kind":"pylon","name":"Lift tower","height":13},"geometry":{"type":"Polygon","coordinates":[[[12.43902411735557,47.436434],[12.439015559790253,47.436447974442316],[12.4389949,47.43645376284585],[12.438974240209749,47.436447974442316],[12.438965682644431,47.436434],[12.438974240209749,47.43642002555768],[12.4389949,47.436414237154146],[12.439015559790253,47.43642002555768],[12.43902411735557,47.436434]]]}},{"type":"Feature","id":"pylon-kitzbuehel-259","properties":{"kind":"pylon","name":"Lift tower","height":13},"geometry":{"type":"Polygon","coordinates":[[[12.441164617797957,47.4372307],[12.441156060103067,47.43724467444232],[12.4411354,47.43725046284585],[12.441114739896934,47.43724467444232],[12.441106182202043,47.4372307],[12.441114739896934,47.43721672555768],[12.4411354,47.43721093715415],[12.441156060103067,47.43721672555768],[12.441164617797957,47.4372307]]]}},{"type":"Feature","id":"pylon-kitzbuehel-260","properties":{"kind":"pylon","name":"Lift tower","height":13},"geometry":{"type":"Polygon","coordinates":[[[12.44254841808399,47.4377458],[12.442539860305322,47.43775977444232],[12.4425192,47.437765562845854],[12.442498539694677,47.43775977444232],[12.44248998191601,47.4377458],[12.442498539694677,47.437731825557684],[12.4425192,47.43772603715415],[12.442539860305322,47.437731825557684],[12.44254841808399,47.4377458]]]}},{"type":"Feature","id":"pylon-kitzbuehel-261","properties":{"kind":"pylon","name":"Lift tower","height":13},"geometry":{"type":"Polygon","coordinates":[[[12.444640618516468,47.4385246],[12.44463206061113,47.43853857444232],[12.4446114,47.43854436284585],[12.444590739388868,47.43853857444232],[12.444582181483531,47.4385246],[12.444590739388868,47.43851062555768],[12.4446114,47.43850483715415],[12.44463206061113,47.43851062555768],[12.444640618516468,47.4385246]]]}},{"type":"Feature","id":"pylon-kitzbuehel-262","properties":{"kind":"pylon","name":"Lift tower","height":13},"geometry":{"type":"Polygon","coordinates":[[[12.446213018841505,47.4391099],[12.446204460840967,47.439123874442316],[12.4461838,47.43912966284585],[12.446163139159033,47.439123874442316],[12.446154581158495,47.4391099],[12.446163139159033,47.43909592555768],[12.4461838,47.439090137154146],[12.446204460840967,47.43909592555768],[12.446213018841505,47.4391099]]]}},{"type":"Feature","id":"pylon-kitzbuehel-263","properties":{"kind":"pylon","name":"Lift tower","height":13},"geometry":{"type":"Polygon","coordinates":[[[12.448371219287678,47.4399133],[12.448362661156459,47.43992727444232],[12.448342,47.43993306284585],[12.448321338843542,47.43992727444232],[12.448312780712323,47.4399133],[12.448321338843542,47.43989932555768],[12.448342,47.43989353715415],[12.448362661156459,47.43989932555768],[12.448371219287678,47.4399133]]]}},{"type":"Feature","id":"pylon-kitzbuehel-264","properties":{"kind":"pylon","name":"Lift tower","height":13},"geometry":{"type":"Polygon","coordinates":[[[12.450312019688882,47.4406357],[12.450303461440154,47.44064967444232],[12.4502828,47.440655462845854],[12.450262138559847,47.44064967444232],[12.450253580311118,47.4406357],[12.450262138559847,47.44062172555768],[12.4502828,47.44061593715415],[12.450303461440154,47.44062172555768],[12.450312019688882,47.4406357]]]}},{"type":"Feature","id":"pylon-kitzbuehel-265","properties":{"kind":"pylon","name":"Lift tower","height":13},"geometry":{"type":"Polygon","coordinates":[[[12.426110514686657,47.4316268],[12.426101957903045,47.431640774442315],[12.4260813,47.43164656284585],[12.426060642096955,47.431640774442315],[12.426052085313342,47.4316268],[12.426060642096955,47.43161282555768],[12.4260813,47.431607037154144],[12.426101957903045,47.43161282555768],[12.426110514686657,47.4316268]]]}},{"type":"Feature","id":"pylon-kitzbuehel-266","properties":{"kind":"pylon","name":"Lift tower","height":13},"geometry":{"type":"Polygon","coordinates":[[[12.435881016705933,47.435264],[12.43587245933089,47.435277974442315],[12.4358518,47.43528376284585],[12.43583114066911,47.435277974442315],[12.435822583294067,47.435264],[12.43583114066911,47.43525002555768],[12.4358518,47.435244237154144],[12.43587245933089,47.43525002555768],[12.435881016705933,47.435264]]]}},{"type":"Feature","id":"pylon-kitzbuehel-267","properties":{"kind":"pylon","name":"Lift tower","height":13},"geometry":{"type":"Polygon","coordinates":[[[12.436371116807207,47.4354464],[12.436362559402502,47.435460374442314],[12.4363419,47.43546616284585],[12.436321240597499,47.435460374442314],[12.436312683192794,47.4354464],[12.436321240597499,47.43543242555768],[12.4363419,47.435426637154144],[12.436362559402502,47.43543242555768],[12.436371116807207,47.4354464]]]}},{"type":"Feature","id":"pylon-kitzbuehel-268","properties":{"kind":"pylon","name":"Lift tower","height":13},"geometry":{"type":"Polygon","coordinates":[[[12.436047916740412,47.4353261],[12.43603935935527,47.435340074442315],[12.4360187,47.43534586284585],[12.43599804064473,47.435340074442315],[12.435989483259588,47.4353261],[12.43599804064473,47.43531212555768],[12.4360187,47.435306337154145],[12.43603935935527,47.43531212555768],[12.436047916740412,47.4353261]]]}},{"type":"Feature","id":"pylon-kitzbuehel-269","properties":{"kind":"pylon","name":"Lift tower","height":13},"geometry":{"type":"Polygon","coordinates":[[[12.436014516733529,47.4353137],[12.436005959350402,47.43532767444232],[12.4359853,47.435333462845854],[12.4359646406496,47.43532767444232],[12.435956083266472,47.4353137],[12.4359646406496,47.435299725557684],[12.4359853,47.43529393715415],[12.436005959350402,47.435299725557684],[12.436014516733529,47.4353137]]]}},{"type":"Feature","id":"marker-kitzbuehel-summit","properties":{"kind":"marker","markerType":"summit","name":"Upper mountain · 2000 m","height":26},"geometry":{"type":"Polygon","coordinates":[[[12.371092956480368,47.431999999999995],[12.371075203372355,47.43203696098424],[12.371028725132172,47.43205980412876],[12.370971274867829,47.43205980412876],[12.370924796627646,47.43203696098424],[12.370907043519633,47.431999999999995],[12.370924796627646,47.43196303901575],[12.370971274867829,47.43194019587123],[12.371028725132172,47.43194019587123],[12.371075203372355,47.43196303901575],[12.371092956480368,47.431999999999995]]]}},{"type":"Feature","id":"marker-kitzbuehel-base","properties":{"kind":"marker","markerType":"base","name":"Base · 800 m","height":18},"geometry":{"type":"Polygon","coordinates":[[[12.375092949415842,47.428],[12.375075197657035,47.428036960984244],[12.375028722949112,47.428059804128765],[12.374971277050888,47.428059804128765],[12.374924802342965,47.428036960984244],[12.374907050584158,47.428],[12.374924802342965,47.42796303901575],[12.374971277050888,47.42794019587123],[12.375028722949112,47.42794019587123],[12.375075197657035,47.42796303901575],[12.375092949415842,47.428]]]}}]}