{"type":"FeatureCollection","features":[{"type":"Feature","id":"building-391681275","properties":{"kind":"building","name":"Alpine building","height":7.2},"geometry":{"type":"Polygon","coordinates":[[[-70.9058374,47.0759725],[-70.9057429,47.0760368],[-70.9056353,47.0759635],[-70.9057297,47.0758992],[-70.9058374,47.0759725]]]}},{"type":"Feature","id":"building-391681272","properties":{"kind":"building","name":"Alpine building","height":7.2},"geometry":{"type":"Polygon","coordinates":[[[-70.9070074,47.0771623],[-70.906867,47.0772217],[-70.9066213,47.0769525],[-70.9067431,47.0769009],[-70.9067771,47.0769382],[-70.90688,47.0768946],[-70.9069281,47.0769473],[-70.9070128,47.0769115],[-70.9070504,47.0769527],[-70.9069657,47.0769886],[-70.9070529,47.0770842],[-70.9069687,47.0771198],[-70.9070074,47.0771623]]]}},{"type":"Feature","id":"building-561372464","properties":{"kind":"building","name":"Alpine building","height":7.2},"geometry":{"type":"Polygon","coordinates":[[[-70.905648,47.075662],[-70.9054607,47.0755499],[-70.9054056,47.0755927],[-70.9053675,47.0755699],[-70.9052184,47.0756854],[-70.9051032,47.075684],[-70.9049495,47.0756003],[-70.9049034,47.07562],[-70.9048548,47.0755901],[-70.9047003,47.0757068],[-70.9050571,47.075926],[-70.9053394,47.0759012],[-70.905648,47.075662]]]}},{"type":"Feature","id":"building-391681274","properties":{"kind":"building","name":"Alpine building","height":7.2},"geometry":{"type":"Polygon","coordinates":[[[-70.9062664,47.0756477],[-70.9062774,47.0757169],[-70.9060521,47.0758929],[-70.905871,47.0757831],[-70.9060764,47.0756236],[-70.9061957,47.0756101],[-70.9062664,47.0756477]]]}},{"type":"Feature","id":"building-561372463","properties":{"kind":"building","name":"Alpine building","height":7.2},"geometry":{"type":"Polygon","coordinates":[[[-70.90565,47.0754441],[-70.905258,47.0752029],[-70.9048848,47.0754843],[-70.9050033,47.0755572],[-70.9053682,47.0755363],[-70.9054448,47.0754785],[-70.9055326,47.0755326],[-70.90565,47.0754441]]]}},{"type":"Feature","id":"building-391681276","properties":{"kind":"building","name":"Alpine building","height":7.2},"geometry":{"type":"Polygon","coordinates":[[[-70.9067227,47.0757457],[-70.9066994,47.075807],[-70.9065806,47.075786],[-70.906604,47.0757247],[-70.9067227,47.0757457]]]}},{"type":"Feature","id":"building-561372462","properties":{"kind":"building","name":"Alpine building","height":7.2},"geometry":{"type":"Polygon","coordinates":[[[-70.9059862,47.075289],[-70.9054878,47.0749904],[-70.9052946,47.07514],[-70.905793,47.0754386],[-70.9059862,47.075289]]]}},{"type":"Feature","id":"building-391681273","properties":{"kind":"building","name":"Chalet Principal","height":7.2},"geometry":{"type":"Polygon","coordinates":[[[-70.90703,47.0750419],[-70.9069085,47.0751202],[-70.9069328,47.0752691],[-70.906893,47.0753037],[-70.906829,47.0752992],[-70.9068245,47.0753398],[-70.9067627,47.0753488],[-70.9064976,47.075573],[-70.9063673,47.075588],[-70.9063187,47.0755564],[-70.9063385,47.0754],[-70.9064004,47.0753639],[-70.9064004,47.0753097],[-70.9064777,47.0753022],[-70.9067605,47.0751021],[-70.9067561,47.075066],[-70.90703,47.0750419]]]}},{"type":"Feature","id":"building-391681277","properties":{"kind":"building","name":"Centre des Congrès","height":7.2},"geometry":{"type":"Polygon","coordinates":[[[-70.9073311,47.0748672],[-70.9073183,47.0747704],[-70.9073735,47.0746982],[-70.9072984,47.0746546],[-70.9072936,47.0745539],[-70.9069457,47.0745617],[-70.9069494,47.074638],[-70.9068074,47.0747461],[-70.9069781,47.0748501],[-70.9069832,47.0748885],[-70.9073311,47.0748672]]]}},{"type":"Feature","id":"building-391681279","properties":{"kind":"building","name":"Alpine building","height":7.2},"geometry":{"type":"Polygon","coordinates":[[[-70.9084406,47.0752149],[-70.9084318,47.0751268],[-70.9083537,47.0751304],[-70.9082963,47.0750913],[-70.9082837,47.075032],[-70.9081291,47.0750473],[-70.9081394,47.0750958],[-70.9080798,47.075147],[-70.9079205,47.0751579],[-70.9079343,47.0752503],[-70.908124,47.0752372],[-70.908188,47.0752718],[-70.9082001,47.0753739],[-70.9083421,47.0753661],[-70.9083294,47.0752583],[-70.9083802,47.0752177],[-70.9084406,47.0752149]]]}},{"type":"Feature","id":"building-561372461","properties":{"kind":"building","name":"Alpine building","height":7.2},"geometry":{"type":"Polygon","coordinates":[[[-70.9078921,47.0742539],[-70.9079733,47.0740452],[-70.9075704,47.0739724],[-70.9075704,47.0739362],[-70.9071758,47.0738624],[-70.9072012,47.0737994],[-70.9066744,47.073701],[-70.9066909,47.07366],[-70.9064145,47.0736087],[-70.9064046,47.0736337],[-70.9059236,47.0735454],[-70.905881,47.0736531],[-70.9060432,47.0736828],[-70.9059311,47.0739675],[-70.9060037,47.0739807],[-70.9059386,47.0741467],[-70.906542,47.0742564],[-70.9066569,47.0739631],[-70.9070645,47.0740371],[-70.9070568,47.0740569],[-70.9074832,47.0741341],[-70.9074665,47.074177],[-70.9078921,47.0742539]]]}},{"type":"Feature","id":"building-391681280","properties":{"kind":"building","name":"Alpine building","height":7.2},"geometry":{"type":"Polygon","coordinates":[[[-70.9088148,47.0744956],[-70.9087286,47.0745657],[-70.9088095,47.0746119],[-70.9087078,47.0746945],[-70.9082728,47.0744464],[-70.9084685,47.0742872],[-70.9085474,47.0743322],[-70.9085894,47.0742981],[-70.9087746,47.0744038],[-70.9087248,47.0744443],[-70.9088148,47.0744956]]]}},{"type":"Feature","id":"building-391681281","properties":{"kind":"building","name":"Alpine building","height":7.2},"geometry":{"type":"Polygon","coordinates":[[[-70.9074603,47.0805343],[-70.9072901,47.0806213],[-70.9071744,47.0805163],[-70.907083,47.080563],[-70.9069564,47.0804482],[-70.9070436,47.0804036],[-70.9069322,47.0803025],[-70.9071066,47.0802134],[-70.9074603,47.0805343]]]}},{"type":"Feature","id":"building-771367179","properties":{"kind":"building","name":"Alpine building","height":7.2},"geometry":{"type":"Polygon","coordinates":[[[-70.9079661,47.0738198],[-70.9080142,47.0737146],[-70.9077066,47.0736493],[-70.9076585,47.0737546],[-70.9079661,47.0738198]]]}},{"type":"Feature","id":"building-771367178","properties":{"kind":"building","name":"Alpine building","height":7.2},"geometry":{"type":"Polygon","coordinates":[[[-70.9083924,47.0738595],[-70.9082907,47.0737764],[-70.908024,47.0739279],[-70.9081257,47.074011],[-70.9083924,47.0738595]]]}},{"type":"Feature","id":"building-1413242498","properties":{"kind":"building","name":"Alpine building","height":7.2},"geometry":{"type":"Polygon","coordinates":[[[-70.9009208,47.0795694],[-70.9008209,47.0795871],[-70.9008105,47.0795597],[-70.9009103,47.079542],[-70.9009208,47.0795694]]]}},{"type":"Feature","id":"building-104578573","properties":{"kind":"building","name":"Alpine building","height":7.2},"geometry":{"type":"Polygon","coordinates":[[[-70.9072047,47.0731762],[-70.9070286,47.0731762],[-70.9070288,47.0735489],[-70.9072048,47.0735489],[-70.9072047,47.0731762]]]}},{"type":"Feature","id":"building-104578257","properties":{"kind":"building","name":"Alpine building","height":7.2},"geometry":{"type":"Polygon","coordinates":[[[-70.9066924,47.0729925],[-70.9066927,47.07351],[-70.9068701,47.07351],[-70.9068699,47.0729924],[-70.9066924,47.0729925]]]}},{"type":"Feature","id":"building-1413335796","properties":{"kind":"building","name":"Alpine building","height":7.2},"geometry":{"type":"Polygon","coordinates":[[[-70.9064126,47.0733918],[-70.9062464,47.0733935],[-70.9062353,47.0728766],[-70.9064016,47.0728749],[-70.9064126,47.0733918]]]}},{"type":"Feature","id":"building-1413335799","properties":{"kind":"building","name":"Alpine building","height":7.2},"geometry":{"type":"Polygon","coordinates":[[[-70.9076803,47.0735787],[-70.9075131,47.0735807],[-70.9075062,47.0733033],[-70.9076734,47.0733014],[-70.9076803,47.0735787]]]}},{"type":"Feature","id":"building-104577079","properties":{"kind":"building","name":"Alpine building","height":7.2},"geometry":{"type":"Polygon","coordinates":[[[-70.9061081,47.0727991],[-70.9059234,47.0727999],[-70.9059282,47.073313],[-70.9061127,47.0733122],[-70.9061081,47.0727991]]]}},{"type":"Feature","id":"building-104580227","properties":{"kind":"building","name":"Alpine building","height":7.2},"geometry":{"type":"Polygon","coordinates":[[[-70.9056267,47.07271],[-70.9054764,47.0727097],[-70.9054748,47.0731869],[-70.9056252,47.0731872],[-70.9056267,47.07271]]]}},{"type":"Feature","id":"building-932228364","properties":{"kind":"building","name":"Alpine building","height":7.2},"geometry":{"type":"Polygon","coordinates":[[[-70.9073048,47.0808411],[-70.9072296,47.0807632],[-70.9070147,47.0808592],[-70.9070899,47.0809373],[-70.9073048,47.0808411]]]}},{"type":"Feature","id":"building-1413335798","properties":{"kind":"building","name":"Alpine building","height":7.2},"geometry":{"type":"Polygon","coordinates":[[[-70.9072074,47.0731224],[-70.9070392,47.0731218],[-70.9070407,47.0729107],[-70.907209,47.0729113],[-70.9072074,47.0731224]]]}},{"type":"Feature","id":"building-1413335797","properties":{"kind":"building","name":"Alpine building","height":7.2},"geometry":{"type":"Polygon","coordinates":[[[-70.9068667,47.0729483],[-70.9067078,47.0729266],[-70.9067873,47.0726567],[-70.9069463,47.0726784],[-70.9068667,47.0729483]]]}},{"type":"Feature","id":"building-1413335795","properties":{"kind":"building","name":"Alpine building","height":7.2},"geometry":{"type":"Polygon","coordinates":[[[-70.9063905,47.0728113],[-70.9062319,47.0727908],[-70.9062879,47.0725899],[-70.9064464,47.0726104],[-70.9063905,47.0728113]]]}},{"type":"Feature","id":"building-932228363","properties":{"kind":"building","name":"Alpine building","height":7.2},"geometry":{"type":"Polygon","coordinates":[[[-70.9061461,47.0812492],[-70.9060292,47.0811833],[-70.9057003,47.0814541],[-70.9058172,47.08152],[-70.9061461,47.0812492]]]}},{"type":"Feature","id":"building-1413335793","properties":{"kind":"building","name":"Alpine building","height":7.2},"geometry":{"type":"Polygon","coordinates":[[[-70.9061393,47.0725698],[-70.9059848,47.0725449],[-70.9059172,47.0727393],[-70.9060717,47.0727643],[-70.9061393,47.0725698]]]}},{"type":"Feature","id":"building-104579461","properties":{"kind":"building","name":"Alpine building","height":7.2},"geometry":{"type":"Polygon","coordinates":[[[-70.9057575,47.0722107],[-70.9056028,47.0721892],[-70.9055027,47.072522],[-70.9056574,47.0725436],[-70.9057575,47.0722107]]]}},{"type":"Feature","id":"building-1413335794","properties":{"kind":"building","name":"Alpine building","height":7.2},"geometry":{"type":"Polygon","coordinates":[[[-70.9064647,47.0725049],[-70.9063162,47.0724856],[-70.9063638,47.0723158],[-70.9065123,47.0723351],[-70.9064647,47.0725049]]]}},{"type":"Feature","id":"building-771367180","properties":{"kind":"building","name":"Alpine building","height":7.2},"geometry":{"type":"Polygon","coordinates":[[[-70.9090939,47.0730498],[-70.9090746,47.0729529],[-70.9088324,47.0729753],[-70.9087567,47.0730373],[-70.9087093,47.0730104],[-70.9086112,47.0730906],[-70.9087801,47.0731864],[-70.9089283,47.0730652],[-70.9090939,47.0730498]]]}},{"type":"Feature","id":"building-104577857","properties":{"kind":"building","name":"Alpine building","height":7.2},"geometry":{"type":"Polygon","coordinates":[[[-70.9061236,47.0720922],[-70.9060092,47.0724319],[-70.9061618,47.0724557],[-70.9062761,47.072116],[-70.9061236,47.0720922]]]}},{"type":"Feature","id":"building-104582091","properties":{"kind":"building","name":"Alpine building","height":7.2},"geometry":{"type":"Polygon","coordinates":[[[-70.9057271,47.0717778],[-70.9056248,47.0721326],[-70.9057793,47.0721532],[-70.9058814,47.0717984],[-70.9057271,47.0717778]]]}},{"type":"Feature","id":"building-1098314907","properties":{"kind":"building","name":"Alpine building","height":7.2},"geometry":{"type":"Polygon","coordinates":[[[-70.8957203,47.0774808],[-70.8957512,47.0772295],[-70.8955148,47.077216],[-70.8954839,47.0774673],[-70.8957203,47.0774808]]]}},{"type":"Feature","id":"building-1413342485","properties":{"kind":"building","name":"Lake Placid","height":7.2},"geometry":{"type":"Polygon","coordinates":[[[-70.895078,47.0817636],[-70.8949588,47.0818289],[-70.8947865,47.0816832],[-70.8949058,47.0816178],[-70.895078,47.0817636]]]}},{"type":"Feature","id":"building-1413342487","properties":{"kind":"building","name":"Innsbruck","height":7.2},"geometry":{"type":"Polygon","coordinates":[[[-70.8953089,47.0820126],[-70.8950967,47.0820801],[-70.8949936,47.0819298],[-70.8952057,47.0818623],[-70.8953089,47.0820126]]]}},{"type":"Feature","id":"building-1413342488","properties":{"kind":"building","name":"Albertville","height":7.2},"geometry":{"type":"Polygon","coordinates":[[[-70.8945239,47.0815478],[-70.8946531,47.081474],[-70.8944913,47.0813425],[-70.8943621,47.0814163],[-70.8945239,47.0815478]]]}},{"type":"Feature","id":"building-1413342489","properties":{"kind":"building","name":"Calgary","height":7.2},"geometry":{"type":"Polygon","coordinates":[[[-70.8945464,47.0816561],[-70.8944107,47.0817291],[-70.894325,47.0816553],[-70.8944607,47.0815823],[-70.8945464,47.0816561]]]}},{"type":"Feature","id":"building-1413342490","properties":{"kind":"building","name":"Cortina","height":7.2},"geometry":{"type":"Polygon","coordinates":[[[-70.8947422,47.0818878],[-70.8945614,47.081972],[-70.8944154,47.0818267],[-70.8945963,47.0817425],[-70.8947422,47.0818878]]]}},{"type":"Feature","id":"building-1413342491","properties":{"kind":"building","name":"Saint-Moritz","height":7.2},"geometry":{"type":"Polygon","coordinates":[[[-70.8948526,47.0820722],[-70.8947252,47.0821376],[-70.8946302,47.0820519],[-70.8947576,47.0819864],[-70.8948526,47.0820722]]]}},{"type":"Feature","id":"building-399353479","properties":{"kind":"building","name":"Alpine building","height":7.2},"geometry":{"type":"Polygon","coordinates":[[[-70.9143657,47.0865909],[-70.9142491,47.0867145],[-70.9141136,47.0866553],[-70.9142302,47.0865317],[-70.9143657,47.0865909]]]}},{"type":"Feature","id":"building-399353477","properties":{"kind":"building","name":"Alpine building","height":7.2},"geometry":{"type":"Polygon","coordinates":[[[-70.9146238,47.0867773],[-70.9145104,47.0868702],[-70.9144105,47.0868135],[-70.9145239,47.0867207],[-70.9146238,47.0867773]]]}},{"type":"Feature","id":"building-399353472","properties":{"kind":"building","name":"Cabane a Sucre","height":7.2},"geometry":{"type":"Polygon","coordinates":[[[-70.9103012,47.0884473],[-70.9103162,47.0883761],[-70.9102302,47.0883677],[-70.9102152,47.088439],[-70.9103012,47.0884473]]]}},{"type":"Feature","id":"building-1098314904","properties":{"kind":"building","name":"Alpine building","height":7.2},"geometry":{"type":"Polygon","coordinates":[[[-70.8901352,47.0838324],[-70.8899801,47.0837017],[-70.8895037,47.0839638],[-70.8896589,47.0840946],[-70.8901352,47.0838324]]]}},{"type":"Feature","id":"building-1098314897","properties":{"kind":"building","name":"Alpine building","height":7.2},"geometry":{"type":"Polygon","coordinates":[[[-70.888948,47.0845741],[-70.8889665,47.0844647],[-70.8889304,47.0844619],[-70.8889496,47.084349],[-70.8889185,47.0843466],[-70.888939,47.084226],[-70.8890906,47.0842379],[-70.889071,47.0843533],[-70.8891074,47.0843561],[-70.8890901,47.0844583],[-70.8891168,47.0844604],[-70.8890955,47.0845857],[-70.888948,47.0845741]]]}},{"type":"Feature","id":"building-1098314896","properties":{"kind":"building","name":"Alpine building","height":7.2},"geometry":{"type":"Polygon","coordinates":[[[-70.888598,47.0842095],[-70.8886114,47.0840998],[-70.8886476,47.0841018],[-70.8886614,47.0839886],[-70.8886926,47.0839904],[-70.8887073,47.0838694],[-70.8885551,47.0838608],[-70.8885411,47.0839765],[-70.8885045,47.0839745],[-70.8884921,47.084077],[-70.8884653,47.0840755],[-70.88845,47.0842012],[-70.888598,47.0842095]]]}},{"type":"Feature","id":"building-1098314898","properties":{"kind":"building","name":"Alpine building","height":7.2},"geometry":{"type":"Polygon","coordinates":[[[-70.8887236,47.0848067],[-70.8887351,47.084692],[-70.8887659,47.0846934],[-70.8887784,47.0845696],[-70.8886266,47.0845625],[-70.8886148,47.0846799],[-70.8885788,47.0846782],[-70.8885666,47.0847994],[-70.8887236,47.0848067]]]}},{"type":"Feature","id":"building-1098314895","properties":{"kind":"building","name":"Alpine building","height":7.2},"geometry":{"type":"Polygon","coordinates":[[[-70.8877637,47.0845649],[-70.8878236,47.0842023],[-70.8875833,47.0841839],[-70.8875235,47.0845465],[-70.8877637,47.0845649]]]}},{"type":"Feature","id":"building-1098314894","properties":{"kind":"building","name":"Alpine building","height":7.2},"geometry":{"type":"Polygon","coordinates":[[[-70.8879252,47.0851405],[-70.887985,47.0847779],[-70.8877448,47.0847595],[-70.887685,47.0851221],[-70.8879252,47.0851405]]]}},{"type":"Feature","id":"building-932228346","properties":{"kind":"building","name":"Alpine building","height":7.2},"geometry":{"type":"Polygon","coordinates":[[[-70.9106552,47.0621669],[-70.9104798,47.0620148],[-70.9103585,47.0620974],[-70.9099725,47.0618692],[-70.9102054,47.0617497],[-70.9100331,47.0615932],[-70.9097651,47.0617236],[-70.9098768,47.0618409],[-70.9096949,47.0619865],[-70.9098959,47.0621235],[-70.9099246,47.0621126],[-70.9100682,47.0622191],[-70.9101033,47.0621995],[-70.910317,47.0623691],[-70.9106552,47.0621669]]]}},{"type":"Feature","id":"building-932228344","properties":{"kind":"building","name":"Condos Val des Neiges Le Céleste","height":7.2},"geometry":{"type":"Polygon","coordinates":[[[-70.9088556,47.0617537],[-70.9087958,47.0615399],[-70.9084254,47.061588],[-70.9083964,47.061484],[-70.9080743,47.0615258],[-70.9081015,47.061623],[-70.9076828,47.0616773],[-70.9077445,47.0618979],[-70.9088556,47.0617537]]]}},{"type":"Feature","id":"building-730971023","properties":{"kind":"building","name":"Alpine building","height":7.2},"geometry":{"type":"Polygon","coordinates":[[[-70.8904612,47.0890545],[-70.8905622,47.0890832],[-70.8906165,47.0889945],[-70.8905155,47.0889658],[-70.8904612,47.0890545]]]}},{"type":"Feature","id":"building-730971024","properties":{"kind":"building","name":"Alpine building","height":7.2},"geometry":{"type":"Polygon","coordinates":[[[-70.8908893,47.0893299],[-70.8907329,47.0893044],[-70.8907745,47.0891861],[-70.8909309,47.0892115],[-70.8908893,47.0893299]]]}},{"type":"Feature","id":"building-730971025","properties":{"kind":"building","name":"Alpine building","height":7.2},"geometry":{"type":"Polygon","coordinates":[[[-70.8910593,47.0894259],[-70.8910216,47.0895158],[-70.8911508,47.0895409],[-70.8911885,47.089451],[-70.8910593,47.0894259]]]}},{"type":"Feature","id":"building-730971026","properties":{"kind":"building","name":"Alpine building","height":7.2},"geometry":{"type":"Polygon","coordinates":[[[-70.8914291,47.0896827],[-70.8913194,47.0896268],[-70.8912282,47.0897098],[-70.891338,47.0897657],[-70.8914291,47.0896827]]]}},{"type":"Feature","id":"building-730971031","properties":{"kind":"building","name":"Alpine building","height":7.2},"geometry":{"type":"Polygon","coordinates":[[[-70.8916164,47.0898396],[-70.891527,47.0897957],[-70.8914403,47.0898776],[-70.8915297,47.0899214],[-70.8916164,47.0898396]]]}},{"type":"Feature","id":"building-730971027","properties":{"kind":"building","name":"Alpine building","height":7.2},"geometry":{"type":"Polygon","coordinates":[[[-70.8917621,47.0901044],[-70.8916674,47.0900259],[-70.8917771,47.0899645],[-70.8918719,47.090043],[-70.8917621,47.0901044]]]}},{"type":"Feature","id":"building-730971028","properties":{"kind":"building","name":"Alpine building","height":7.2},"geometry":{"type":"Polygon","coordinates":[[[-70.8920094,47.0903438],[-70.892123,47.0903983],[-70.8922213,47.0903033],[-70.8921077,47.0902488],[-70.8920094,47.0903438]]]}},{"type":"Feature","id":"building-730971029","properties":{"kind":"building","name":"Alpine building","height":7.2},"geometry":{"type":"Polygon","coordinates":[[[-70.8922629,47.0904982],[-70.892323,47.0905646],[-70.8923985,47.090533],[-70.8923384,47.0904666],[-70.8922629,47.0904982]]]}},{"type":"Feature","id":"building-730971030","properties":{"kind":"building","name":"Alpine building","height":7.2},"geometry":{"type":"Polygon","coordinates":[[[-70.8924706,47.0907378],[-70.8923997,47.0906727],[-70.8925218,47.090611],[-70.8925928,47.090676],[-70.8924706,47.0907378]]]}},{"type":"Feature","id":"building-947452787","properties":{"kind":"building","name":"Alpine building","height":7.2},"geometry":{"type":"Polygon","coordinates":[[[-70.9081033,47.0606505],[-70.9079155,47.0607456],[-70.9078355,47.0606722],[-70.9080233,47.0605772],[-70.9081033,47.0606505]]]}},{"type":"Feature","id":"building-947452786","properties":{"kind":"building","name":"Alpine building","height":7.2},"geometry":{"type":"Polygon","coordinates":[[[-70.9077573,47.0606158],[-70.9076634,47.0605427],[-70.9077371,47.0604988],[-70.907831,47.0605719],[-70.9077573,47.0606158]]]}},{"type":"Feature","id":"building-947452788","properties":{"kind":"building","name":"Alpine building","height":7.2},"geometry":{"type":"Polygon","coordinates":[[[-70.9083045,47.0605373],[-70.9081247,47.0606341],[-70.9080421,47.0605629],[-70.9082218,47.060466],[-70.9083045,47.0605373]]]}},{"type":"Feature","id":"building-947452791","properties":{"kind":"building","name":"Alpine building","height":7.2},"geometry":{"type":"Polygon","coordinates":[[[-70.9096563,47.06072],[-70.9094846,47.0607693],[-70.9094233,47.0606703],[-70.9095949,47.0606209],[-70.9096563,47.06072]]]}},{"type":"Feature","id":"building-947452785","properties":{"kind":"building","name":"Alpine building","height":7.2},"geometry":{"type":"Polygon","coordinates":[[[-70.9076634,47.0605427],[-70.9075561,47.0604514],[-70.9076343,47.0604088],[-70.9077416,47.0605001],[-70.9076634,47.0605427]]]}},{"type":"Feature","id":"building-947452796","properties":{"kind":"building","name":"Alpine building","height":7.2},"geometry":{"type":"Polygon","coordinates":[[[-70.9101954,47.0605994],[-70.9102447,47.0606781],[-70.9100623,47.0607311],[-70.910013,47.0606524],[-70.9101954,47.0605994]]]}},{"type":"Feature","id":"building-947452784","properties":{"kind":"building","name":"Alpine building","height":7.2},"geometry":{"type":"Polygon","coordinates":[[[-70.9075427,47.0604331],[-70.9074408,47.0603545],[-70.9075338,47.0602985],[-70.9076358,47.0603771],[-70.9075427,47.0604331]]]}},{"type":"Feature","id":"building-947452782","properties":{"kind":"building","name":"Alpine building","height":7.2},"geometry":{"type":"Polygon","coordinates":[[[-70.9083876,47.0604751],[-70.9082991,47.0603929],[-70.9083837,47.0603506],[-70.9084723,47.0604328],[-70.9083876,47.0604751]]]}},{"type":"Feature","id":"building-947452783","properties":{"kind":"building","name":"Alpine building","height":7.2},"geometry":{"type":"Polygon","coordinates":[[[-70.9074408,47.0603545],[-70.9073389,47.0602687],[-70.9074273,47.0602199],[-70.9075293,47.0603058],[-70.9074408,47.0603545]]]}},{"type":"Feature","id":"building-947452781","properties":{"kind":"building","name":"Alpine building","height":7.2},"geometry":{"type":"Polygon","coordinates":[[[-70.9082991,47.0603929],[-70.908232,47.0603381],[-70.9082961,47.0603017],[-70.9083632,47.0603565],[-70.9082991,47.0603929]]]}},{"type":"Feature","id":"building-947452797","properties":{"kind":"building","name":"Alpine building","height":7.2},"geometry":{"type":"Polygon","coordinates":[[[-70.9105548,47.0604952],[-70.9105911,47.0606165],[-70.9103014,47.0606567],[-70.9102652,47.0605354],[-70.9105548,47.0604952]]]}},{"type":"Feature","id":"building-947452798","properties":{"kind":"building","name":"Alpine building","height":7.2},"geometry":{"type":"Polygon","coordinates":[[[-70.9110242,47.0605902],[-70.9110072,47.060704],[-70.9107175,47.0606839],[-70.9107345,47.0605701],[-70.9110242,47.0605902]]]}},{"type":"Feature","id":"building-947452780","properties":{"kind":"building","name":"Alpine building","height":7.2},"geometry":{"type":"Polygon","coordinates":[[[-70.908232,47.0603381],[-70.9081838,47.0602851],[-70.9082548,47.0602551],[-70.9083031,47.0603081],[-70.908232,47.0603381]]]}},{"type":"Feature","id":"building-947452812","properties":{"kind":"building","name":"Alpine building","height":7.2},"geometry":{"type":"Polygon","coordinates":[[[-70.9119335,47.0607492],[-70.9119444,47.0608338],[-70.9117915,47.060843],[-70.9117806,47.0607583],[-70.9119335,47.0607492]]]}},{"type":"Feature","id":"building-549737263","properties":{"kind":"building","name":"Alpine building","height":7.2},"geometry":{"type":"Polygon","coordinates":[[[-70.9042937,47.0600089],[-70.9044394,47.0599251],[-70.9049758,47.0603582],[-70.9048063,47.0604556],[-70.9043258,47.0600677],[-70.9041202,47.0600805],[-70.9041122,47.0600202],[-70.9042937,47.0600089]]]}},{"type":"Feature","id":"building-947452792","properties":{"kind":"building","name":"Alpine building","height":7.2},"geometry":{"type":"Polygon","coordinates":[[[-70.9092593,47.0602723],[-70.9092966,47.0603729],[-70.9089989,47.0604241],[-70.9089616,47.0603235],[-70.9092593,47.0602723]]]}},{"type":"Feature","id":"building-947452779","properties":{"kind":"building","name":"Alpine building","height":7.2},"geometry":{"type":"Polygon","coordinates":[[[-70.9081489,47.0603089],[-70.9080604,47.0602285],[-70.9081625,47.0601763],[-70.908251,47.0602567],[-70.9081489,47.0603089]]]}},{"type":"Feature","id":"building-399353481","properties":{"kind":"building","name":"Alpine building","height":7.2},"geometry":{"type":"Polygon","coordinates":[[[-70.9206823,47.0901808],[-70.9205529,47.0902122],[-70.9205126,47.0901352],[-70.9205778,47.0901194],[-70.9205917,47.0901458],[-70.9206558,47.0901302],[-70.9206823,47.0901808]]]}},{"type":"Feature","id":"building-947452811","properties":{"kind":"building","name":"Alpine building","height":7.2},"geometry":{"type":"Polygon","coordinates":[[[-70.9121883,47.0607291],[-70.9122171,47.0608614],[-70.9120722,47.060876],[-70.9120435,47.0607437],[-70.9121883,47.0607291]]]}},{"type":"Feature","id":"building-947452810","properties":{"kind":"building","name":"Alpine building","height":7.2},"geometry":{"type":"Polygon","coordinates":[[[-70.9124967,47.0607894],[-70.9125156,47.0608751],[-70.9123547,47.0608915],[-70.9123358,47.0608059],[-70.9124967,47.0607894]]]}},{"type":"Feature","id":"building-947452790","properties":{"kind":"building","name":"Alpine building","height":7.2},"geometry":{"type":"Polygon","coordinates":[[[-70.9074488,47.0601243],[-70.9072611,47.0602175],[-70.9071661,47.0601287],[-70.9073539,47.0600355],[-70.9074488,47.0601243]]]}},{"type":"Feature","id":"building-947452809","properties":{"kind":"building","name":"Alpine building","height":7.2},"geometry":{"type":"Polygon","coordinates":[[[-70.912765,47.0608223],[-70.912776,47.0609169],[-70.912607,47.0609261],[-70.912596,47.0608314],[-70.912765,47.0608223]]]}},{"type":"Feature","id":"building-947452793","properties":{"kind":"building","name":"Alpine building","height":7.2},"geometry":{"type":"Polygon","coordinates":[[[-70.9095329,47.060254],[-70.9095664,47.0603482],[-70.9093894,47.0603774],[-70.9093559,47.0602833],[-70.9095329,47.060254]]]}},{"type":"Feature","id":"building-947452794","properties":{"kind":"building","name":"Alpine building","height":7.2},"geometry":{"type":"Polygon","coordinates":[[[-70.9099138,47.0602321],[-70.9099532,47.0603336],[-70.9096796,47.0603829],[-70.9096402,47.0602814],[-70.9099138,47.0602321]]]}},{"type":"Feature","id":"building-947452808","properties":{"kind":"building","name":"Alpine building","height":7.2},"geometry":{"type":"Polygon","coordinates":[[[-70.9133068,47.0608735],[-70.9133178,47.0609671],[-70.9131837,47.0609744],[-70.9131727,47.0608808],[-70.9133068,47.0608735]]]}},{"type":"Feature","id":"building-947452778","properties":{"kind":"building","name":"Alpine building","height":7.2},"geometry":{"type":"Polygon","coordinates":[[[-70.9079477,47.0601481],[-70.9078404,47.0600439],[-70.9079428,47.059995],[-70.9080501,47.0600991],[-70.9079477,47.0601481]]]}},{"type":"Feature","id":"building-947452807","properties":{"kind":"building","name":"Alpine building","height":7.2},"geometry":{"type":"Polygon","coordinates":[[[-70.913575,47.0609009],[-70.9135796,47.0609837],[-70.9134374,47.0609874],[-70.9134328,47.0609045],[-70.913575,47.0609009]]]}},{"type":"Feature","id":"building-947452789","properties":{"kind":"building","name":"Alpine building","height":7.2},"geometry":{"type":"Polygon","coordinates":[[[-70.9076849,47.0599946],[-70.9074837,47.0600969],[-70.907406,47.060026],[-70.9076072,47.0599237],[-70.9076849,47.0599946]]]}},{"type":"Feature","id":"building-947452795","properties":{"kind":"building","name":"Alpine building","height":7.2},"geometry":{"type":"Polygon","coordinates":[[[-70.9102249,47.0602449],[-70.9100533,47.0602924],[-70.9099929,47.0601912],[-70.9101645,47.0601436],[-70.9102249,47.0602449]]]}},{"type":"Feature","id":"building-947452806","properties":{"kind":"building","name":"Alpine building","height":7.2},"geometry":{"type":"Polygon","coordinates":[[[-70.9140873,47.0609063],[-70.9141271,47.0610097],[-70.9139125,47.0610481],[-70.9138727,47.0609447],[-70.9140873,47.0609063]]]}},{"type":"Feature","id":"building-947452777","properties":{"kind":"building","name":"Alpine building","height":7.2},"geometry":{"type":"Polygon","coordinates":[[[-70.9078404,47.0600439],[-70.9076741,47.0598831],[-70.9077615,47.0598412],[-70.9079278,47.060002],[-70.9078404,47.0600439]]]}},{"type":"Feature","id":"building-947452805","properties":{"kind":"building","name":"Alpine building","height":7.2},"geometry":{"type":"Polygon","coordinates":[[[-70.9143609,47.0608972],[-70.9144002,47.0610029],[-70.914199,47.0610376],[-70.9141597,47.0609319],[-70.9143609,47.0608972]]]}},{"type":"Feature","id":"building-947452815","properties":{"kind":"building","name":"Alpine building","height":7.2},"geometry":{"type":"Polygon","coordinates":[[[-70.9117645,47.0602796],[-70.9117967,47.0603659],[-70.9116277,47.0603951],[-70.9115955,47.0603089],[-70.9117645,47.0602796]]]}},{"type":"Feature","id":"building-947452804","properties":{"kind":"building","name":"Alpine building","height":7.2},"geometry":{"type":"Polygon","coordinates":[[[-70.9144306,47.0609502],[-70.9146211,47.0609228],[-70.9146555,47.0610337],[-70.914465,47.0610611],[-70.9144306,47.0609502]]]}},{"type":"Feature","id":"building-947452773","properties":{"kind":"building","name":"Alpine building","height":7.2},"geometry":{"type":"Polygon","coordinates":[[[-70.9088141,47.059927],[-70.9086639,47.0599672],[-70.9086085,47.0598711],[-70.9087587,47.0598309],[-70.9088141,47.059927]]]}},{"type":"Feature","id":"building-947452814","properties":{"kind":"building","name":"Alpine building","height":7.2},"geometry":{"type":"Polygon","coordinates":[[[-70.9120569,47.0603034],[-70.9120896,47.060397],[-70.9119206,47.0604244],[-70.9118879,47.0603308],[-70.9120569,47.0603034]]]}},{"type":"Feature","id":"building-947452774","properties":{"kind":"building","name":"Alpine building","height":7.2},"geometry":{"type":"Polygon","coordinates":[[[-70.9090984,47.0599087],[-70.9089106,47.0599635],[-70.9088604,47.0598837],[-70.9090482,47.0598289],[-70.9090984,47.0599087]]]}},{"type":"Feature","id":"building-947452813","properties":{"kind":"building","name":"Alpine building","height":7.2},"geometry":{"type":"Polygon","coordinates":[[[-70.912655,47.0603984],[-70.9126858,47.0604922],[-70.912482,47.0605233],[-70.9124512,47.0604295],[-70.912655,47.0603984]]]}},{"type":"Feature","id":"building-947452816","properties":{"kind":"building","name":"Alpine building","height":7.2},"geometry":{"type":"Polygon","coordinates":[[[-70.9109733,47.0600969],[-70.9109389,47.0601865],[-70.9107539,47.0601536],[-70.9107882,47.060064],[-70.9109733,47.0600969]]]}},{"type":"Feature","id":"building-1110669819","properties":{"kind":"building","name":"Alpine building","height":7.2},"geometry":{"type":"Polygon","coordinates":[[[-70.8798343,47.0794993],[-70.8796546,47.0794518],[-70.8796948,47.0793787],[-70.8798745,47.0794171],[-70.8798343,47.0794993]]]}},{"type":"Feature","id":"building-947452803","properties":{"kind":"building","name":"Alpine building","height":7.2},"geometry":{"type":"Polygon","coordinates":[[[-70.9146935,47.0609283],[-70.9148893,47.0609027],[-70.9149202,47.0610126],[-70.9147244,47.0610381],[-70.9146935,47.0609283]]]}},{"type":"Feature","id":"building-947452775","properties":{"kind":"building","name":"Alpine building","height":7.2},"geometry":{"type":"Polygon","coordinates":[[[-70.9093934,47.0598758],[-70.9092164,47.0599306],[-70.9091655,47.0598544],[-70.9093425,47.0597995],[-70.9093934,47.0598758]]]}},{"type":"Feature","id":"building-947292979","properties":{"kind":"building","name":"Alpine building","height":7.2},"geometry":{"type":"Polygon","coordinates":[[[-70.9132853,47.0604678],[-70.9132937,47.0605635],[-70.9131596,47.060569],[-70.9131512,47.0604733],[-70.9132853,47.0604678]]]}},{"type":"Feature","id":"building-947452772","properties":{"kind":"building","name":"Alpine building","height":7.2},"geometry":{"type":"Polygon","coordinates":[[[-70.908519,47.0597735],[-70.9083152,47.05981],[-70.9082797,47.0597181],[-70.9084835,47.0596816],[-70.908519,47.0597735]]]}},{"type":"Feature","id":"building-947452817","properties":{"kind":"building","name":"Alpine building","height":7.2},"geometry":{"type":"Polygon","coordinates":[[[-70.9107748,47.05998],[-70.9107175,47.0600769],[-70.9105243,47.0600239],[-70.9105817,47.059927],[-70.9107748,47.05998]]]}},{"type":"Feature","id":"building-947452776","properties":{"kind":"building","name":"Alpine building","height":7.2},"geometry":{"type":"Polygon","coordinates":[[[-70.9097743,47.0598648],[-70.9094846,47.0599343],[-70.9094324,47.0598331],[-70.9097221,47.0597637],[-70.9097743,47.0598648]]]}},{"type":"Feature","id":"building-947292980","properties":{"kind":"building","name":"Alpine building","height":7.2},"geometry":{"type":"Polygon","coordinates":[[[-70.9135991,47.0604569],[-70.9136145,47.0605538],[-70.9134401,47.0605665],[-70.9134248,47.0604697],[-70.9135991,47.0604569]]]}},{"type":"Feature","id":"building-947452802","properties":{"kind":"building","name":"Alpine building","height":7.2},"geometry":{"type":"Polygon","coordinates":[[[-70.9151468,47.0608479],[-70.9151848,47.0609529],[-70.914989,47.0609858],[-70.914951,47.0608808],[-70.9151468,47.0608479]]]}},{"type":"Feature","id":"building-947292981","properties":{"kind":"building","name":"Alpine building","height":7.2},"geometry":{"type":"Polygon","coordinates":[[[-70.9138325,47.0604623],[-70.9138695,47.0605584],[-70.9137059,47.0605876],[-70.9136689,47.0604916],[-70.9138325,47.0604623]]]}},{"type":"Feature","id":"building-947452818","properties":{"kind":"building","name":"Alpine building","height":7.2},"geometry":{"type":"Polygon","coordinates":[[[-70.9105548,47.0598064],[-70.9105072,47.0598956],[-70.9103597,47.059859],[-70.9104073,47.0597698],[-70.9105548,47.0598064]]]}},{"type":"Feature","id":"building-947452801","properties":{"kind":"building","name":"Alpine building","height":7.2},"geometry":{"type":"Polygon","coordinates":[[[-70.9154177,47.0608278],[-70.9154367,47.0609299],[-70.9152462,47.0609463],[-70.9152272,47.0608442],[-70.9154177,47.0608278]]]}},{"type":"Feature","id":"building-947292982","properties":{"kind":"building","name":"Alpine building","height":7.2},"geometry":{"type":"Polygon","coordinates":[[[-70.9141383,47.0604587],[-70.9141697,47.060574],[-70.9139819,47.0605978],[-70.9139505,47.0604824],[-70.9141383,47.0604587]]]}},{"type":"Feature","id":"building-947452771","properties":{"kind":"building","name":"Alpine building","height":7.2},"geometry":{"type":"Polygon","coordinates":[[[-70.908283,47.0595469],[-70.9080738,47.0595835],[-70.9080411,47.0594967],[-70.9082503,47.0594601],[-70.908283,47.0595469]]]}},{"type":"Feature","id":"building-947292983","properties":{"kind":"building","name":"Alpine building","height":7.2},"geometry":{"type":"Polygon","coordinates":[[[-70.9143984,47.0604569],[-70.9144422,47.0605619],[-70.9142437,47.0606003],[-70.9142,47.0604952],[-70.9143984,47.0604569]]]}},{"type":"Feature","id":"building-947452800","properties":{"kind":"building","name":"Alpine building","height":7.2},"geometry":{"type":"Polygon","coordinates":[[[-70.9156886,47.0608205],[-70.9157078,47.0609149],[-70.9155147,47.0609332],[-70.9154955,47.0608387],[-70.9156886,47.0608205]]]}},{"type":"Feature","id":"building-947292990","properties":{"kind":"building","name":"Alpine building","height":7.2},"geometry":{"type":"Polygon","coordinates":[[[-70.9127837,47.0600439],[-70.9128455,47.0601318],[-70.9125987,47.0602122],[-70.912537,47.0601243],[-70.9127837,47.0600439]]]}},{"type":"Feature","id":"building-947452821","properties":{"kind":"building","name":"Alpine building","height":7.2},"geometry":{"type":"Polygon","coordinates":[[[-70.9103832,47.0596474],[-70.9103321,47.0597325],[-70.910155,47.0596832],[-70.9102061,47.0595981],[-70.9103832,47.0596474]]]}},{"type":"Feature","id":"building-947452827","properties":{"kind":"building","name":"Alpine building","height":7.2},"geometry":{"type":"Polygon","coordinates":[[[-70.9091601,47.0594062],[-70.9092105,47.0594937],[-70.9089986,47.0595503],[-70.9089482,47.0594629],[-70.9091601,47.0594062]]]}},{"type":"Feature","id":"building-947452799","properties":{"kind":"building","name":"Alpine building","height":7.2},"geometry":{"type":"Polygon","coordinates":[[[-70.9159863,47.0608004],[-70.9160083,47.0608874],[-70.915775,47.0609148],[-70.915753,47.0608278],[-70.9159863,47.0608004]]]}},{"type":"Feature","id":"building-947292984","properties":{"kind":"building","name":"Alpine building","height":7.2},"geometry":{"type":"Polygon","coordinates":[[[-70.9146613,47.060413],[-70.9146995,47.0605068],[-70.9145064,47.0605433],[-70.9144682,47.0604496],[-70.9146613,47.060413]]]}},{"type":"Feature","id":"building-947452819","properties":{"kind":"building","name":"Alpine building","height":7.2},"geometry":{"type":"Polygon","coordinates":[[[-70.9108579,47.0596017],[-70.9109461,47.0596927],[-70.9107879,47.0597639],[-70.9106997,47.059673],[-70.9108579,47.0596017]]]}},{"type":"Feature","id":"building-399353474","properties":{"kind":"building","name":"Alpine building","height":7.2},"geometry":{"type":"Polygon","coordinates":[[[-70.9200465,47.0916551],[-70.9199591,47.0916901],[-70.9197968,47.091502],[-70.9198842,47.0914671],[-70.9200465,47.0916551]]]}},{"type":"Feature","id":"building-1143193143","properties":{"kind":"building","name":"Alpine building","height":7.2},"geometry":{"type":"Polygon","coordinates":[[[-70.913712,47.0601931],[-70.9135663,47.0600401],[-70.9132872,47.0601724],[-70.9134085,47.0603213],[-70.913712,47.0601931]]]}},{"type":"Feature","id":"building-947452768","properties":{"kind":"building","name":"Alpine building","height":7.2},"geometry":{"type":"Polygon","coordinates":[[[-70.9071779,47.0592911],[-70.9069687,47.0593094],[-70.9069504,47.0592122],[-70.9071596,47.0591939],[-70.9071779,47.0592911]]]}},{"type":"Feature","id":"building-947452826","properties":{"kind":"building","name":"Alpine building","height":7.2},"geometry":{"type":"Polygon","coordinates":[[[-70.9094417,47.0593678],[-70.9094831,47.0594732],[-70.9092927,47.059508],[-70.9092513,47.0594026],[-70.9094417,47.0593678]]]}},{"type":"Feature","id":"building-947452822","properties":{"kind":"building","name":"Alpine building","height":7.2},"geometry":{"type":"Polygon","coordinates":[[[-70.9101632,47.0595012],[-70.9101113,47.0595926],[-70.9098619,47.0595268],[-70.9099138,47.0594355],[-70.9101632,47.0595012]]]}},{"type":"Feature","id":"building-947292985","properties":{"kind":"building","name":"Alpine building","height":7.2},"geometry":{"type":"Polygon","coordinates":[[[-70.9149322,47.0604002],[-70.914962,47.0604958],[-70.9147474,47.0605269],[-70.9147176,47.0604313],[-70.9149322,47.0604002]]]}},{"type":"Feature","id":"building-947452825","properties":{"kind":"building","name":"Alpine building","height":7.2},"geometry":{"type":"Polygon","coordinates":[[[-70.9097582,47.0593697],[-70.9097731,47.0594762],[-70.9095478,47.0594908],[-70.9095329,47.0593843],[-70.9097582,47.0593697]]]}},{"type":"Feature","id":"building-947452770","properties":{"kind":"building","name":"Alpine building","height":7.2},"geometry":{"type":"Polygon","coordinates":[[[-70.9082079,47.0592655],[-70.9079021,47.059313],[-70.9078761,47.0592353],[-70.9081819,47.0591878],[-70.9082079,47.0592655]]]}},{"type":"Feature","id":"building-947292991","properties":{"kind":"building","name":"Alpine building","height":7.2},"geometry":{"type":"Polygon","coordinates":[[[-70.9130305,47.0599014],[-70.9130831,47.0599883],[-70.9129007,47.0600395],[-70.9128481,47.0599526],[-70.9130305,47.0599014]]]}},{"type":"Feature","id":"building-947292986","properties":{"kind":"building","name":"Alpine building","height":7.2},"geometry":{"type":"Polygon","coordinates":[[[-70.9152004,47.0604203],[-70.9152364,47.0605142],[-70.9150621,47.0605452],[-70.9150261,47.0604514],[-70.9152004,47.0604203]]]}},{"type":"Feature","id":"building-947452828","properties":{"kind":"building","name":"Alpine building","height":7.2},"geometry":{"type":"Polygon","coordinates":[[[-70.9088409,47.059176],[-70.9088963,47.0592658],[-70.9087112,47.0593188],[-70.9086558,47.059229],[-70.9088409,47.059176]]]}},{"type":"Feature","id":"building-947452820","properties":{"kind":"building","name":"Alpine building","height":7.2},"geometry":{"type":"Polygon","coordinates":[[[-70.9110242,47.0594501],[-70.9111067,47.0595344],[-70.9109539,47.0596038],[-70.9108713,47.0595195],[-70.9110242,47.0594501]]]}},{"type":"Feature","id":"building-947452769","properties":{"kind":"building","name":"Alpine building","height":7.2},"geometry":{"type":"Polygon","coordinates":[[[-70.9077144,47.0591267],[-70.9075749,47.0591267],[-70.9075749,47.0590682],[-70.9077144,47.0590682],[-70.9077144,47.0591267]]]}},{"type":"Feature","id":"building-947292987","properties":{"kind":"building","name":"Alpine building","height":7.2},"geometry":{"type":"Polygon","coordinates":[[[-70.9154579,47.060371],[-70.9154885,47.0604721],[-70.9153195,47.0604958],[-70.9152889,47.0603947],[-70.9154579,47.060371]]]}},{"type":"Feature","id":"building-947452829","properties":{"kind":"building","name":"Alpine building","height":7.2},"geometry":{"type":"Polygon","coordinates":[[[-70.9091091,47.0590974],[-70.9091636,47.0591954],[-70.9089866,47.0592411],[-70.9089321,47.0591431],[-70.9091091,47.0590974]]]}},{"type":"Feature","id":"building-947452823","properties":{"kind":"building","name":"Alpine building","height":7.2},"geometry":{"type":"Polygon","coordinates":[[[-70.9104529,47.0592472],[-70.9105412,47.0593459],[-70.9103695,47.0594172],[-70.9102812,47.0593185],[-70.9104529,47.0592472]]]}},{"type":"Feature","id":"building-947292988","properties":{"kind":"building","name":"Alpine building","height":7.2},"geometry":{"type":"Polygon","coordinates":[[[-70.9157395,47.0603344],[-70.9157722,47.0604273],[-70.9155817,47.0604583],[-70.9155491,47.0603655],[-70.9157395,47.0603344]]]}},{"type":"Feature","id":"building-947452833","properties":{"kind":"building","name":"Alpine building","height":7.2},"geometry":{"type":"Polygon","coordinates":[[[-70.911212,47.0592893],[-70.9112957,47.0593799],[-70.9111294,47.0594512],[-70.9110457,47.0593605],[-70.911212,47.0592893]]]}},{"type":"Feature","id":"building-947452830","properties":{"kind":"building","name":"Alpine building","height":7.2},"geometry":{"type":"Polygon","coordinates":[[[-70.9093693,47.0590335],[-70.9094259,47.0591328],[-70.9092462,47.0591803],[-70.9091896,47.059081],[-70.9093693,47.0590335]]]}},{"type":"Feature","id":"building-947292989","properties":{"kind":"building","name":"Alpine building","height":7.2},"geometry":{"type":"Polygon","coordinates":[[[-70.9159702,47.0603417],[-70.9160009,47.0604322],[-70.9158265,47.0604596],[-70.9157959,47.0603692],[-70.9159702,47.0603417]]]}},{"type":"Feature","id":"building-947452824","properties":{"kind":"building","name":"Alpine building","height":7.2},"geometry":{"type":"Polygon","coordinates":[[[-70.9106568,47.0591285],[-70.9107415,47.0592299],[-70.9106047,47.0592829],[-70.91052,47.0591815],[-70.9106568,47.0591285]]]}},{"type":"Feature","id":"building-947452831","properties":{"kind":"building","name":"Alpine building","height":7.2},"geometry":{"type":"Polygon","coordinates":[[[-70.9096295,47.0589622],[-70.9096927,47.0590549],[-70.9095023,47.0591152],[-70.909439,47.0590225],[-70.9096295,47.0589622]]]}},{"type":"Feature","id":"building-947452834","properties":{"kind":"building","name":"Alpine building","height":7.2},"geometry":{"type":"Polygon","coordinates":[[[-70.911448,47.0591943],[-70.9115302,47.0593002],[-70.911388,47.0593513],[-70.9113058,47.0592454],[-70.911448,47.0591943]]]}},{"type":"Feature","id":"building-947452832","properties":{"kind":"building","name":"Alpine building","height":7.2},"geometry":{"type":"Polygon","coordinates":[[[-70.9102625,47.0588215],[-70.9103968,47.0589424],[-70.9100213,47.0591361],[-70.909887,47.0590152],[-70.9102625,47.0588215]]]}},{"type":"Feature","id":"building-947452835","properties":{"kind":"building","name":"Alpine building","height":7.2},"geometry":{"type":"Polygon","coordinates":[[[-70.9116921,47.059112],[-70.9117583,47.0592219],[-70.9116081,47.0592639],[-70.9115419,47.0591541],[-70.9116921,47.059112]]]}},{"type":"Feature","id":"building-947452764","properties":{"kind":"building","name":"Alpine building","height":7.2},"geometry":{"type":"Polygon","coordinates":[[[-70.9077358,47.0587649],[-70.9075695,47.0587612],[-70.9075745,47.0586554],[-70.9077408,47.0586591],[-70.9077358,47.0587649]]]}},{"type":"Feature","id":"building-947452765","properties":{"kind":"building","name":"Alpine building","height":7.2},"geometry":{"type":"Polygon","coordinates":[[[-70.9081489,47.0587575],[-70.907886,47.0587575],[-70.907886,47.0586662],[-70.9081489,47.0586662],[-70.9081489,47.0587575]]]}},{"type":"Feature","id":"building-947452766","properties":{"kind":"building","name":"Alpine building","height":7.2},"geometry":{"type":"Polygon","coordinates":[[[-70.9084386,47.0587612],[-70.9082615,47.0587612],[-70.9082615,47.0586662],[-70.9084386,47.0586662],[-70.9084386,47.0587612]]]}},{"type":"Feature","id":"building-947452836","properties":{"kind":"building","name":"Alpine building","height":7.2},"geometry":{"type":"Polygon","coordinates":[[[-70.9119844,47.0590298],[-70.9120067,47.0591424],[-70.9118269,47.0591589],[-70.9118047,47.0590462],[-70.9119844,47.0590298]]]}},{"type":"Feature","id":"building-947452837","properties":{"kind":"building","name":"Alpine building","height":7.2},"geometry":{"type":"Polygon","coordinates":[[[-70.9123224,47.0591084],[-70.9122789,47.059204],[-70.9120885,47.0591638],[-70.912132,47.0590682],[-70.9123224,47.0591084]]]}},{"type":"Feature","id":"building-947292994","properties":{"kind":"building","name":"Alpine building","height":7.2},"geometry":{"type":"Polygon","coordinates":[[[-70.9111074,47.0588233],[-70.9111621,47.0589166],[-70.9109744,47.0589677],[-70.9109196,47.0588745],[-70.9111074,47.0588233]]]}},{"type":"Feature","id":"building-947452745","properties":{"kind":"building","name":"Alpine building","height":7.2},"geometry":{"type":"Polygon","coordinates":[[[-70.9053755,47.0584469],[-70.9051985,47.0584067],[-70.9052467,47.058308],[-70.9054238,47.0583482],[-70.9053755,47.0584469]]]}},{"type":"Feature","id":"building-947452746","properties":{"kind":"building","name":"Alpine building","height":7.2},"geometry":{"type":"Polygon","coordinates":[[[-70.9057537,47.0584122],[-70.9055847,47.0584232],[-70.9055737,47.0583443],[-70.9057426,47.0583333],[-70.9057537,47.0584122]]]}},{"type":"Feature","id":"building-947452767","properties":{"kind":"building","name":"Alpine building","height":7.2},"geometry":{"type":"Polygon","coordinates":[[[-70.909152,47.0584908],[-70.9092688,47.0585982],[-70.909124,47.0586713],[-70.9090072,47.0585639],[-70.909152,47.0584908]]]}},{"type":"Feature","id":"building-947452748","properties":{"kind":"building","name":"Alpine building","height":7.2},"geometry":{"type":"Polygon","coordinates":[[[-70.9064081,47.0584286],[-70.9062848,47.0584268],[-70.9062873,47.0583469],[-70.9064107,47.0583487],[-70.9064081,47.0584286]]]}},{"type":"Feature","id":"building-947452747","properties":{"kind":"building","name":"Alpine building","height":7.2},"geometry":{"type":"Polygon","coordinates":[[[-70.906038,47.0584195],[-70.9058663,47.0584268],[-70.905857,47.0583247],[-70.9060286,47.0583173],[-70.906038,47.0584195]]]}},{"type":"Feature","id":"building-947452750","properties":{"kind":"building","name":"Alpine building","height":7.2},"geometry":{"type":"Polygon","coordinates":[[[-70.9068936,47.0584341],[-70.9066737,47.0584305],[-70.9066773,47.058328],[-70.9068973,47.0583316],[-70.9068936,47.0584341]]]}},{"type":"Feature","id":"building-947292995","properties":{"kind":"building","name":"Alpine building","height":7.2},"geometry":{"type":"Polygon","coordinates":[[[-70.9113461,47.0587722],[-70.9114121,47.0588729],[-70.9112861,47.0589113],[-70.91122,47.0588105],[-70.9113461,47.0587722]]]}},{"type":"Feature","id":"building-947452763","properties":{"kind":"building","name":"Alpine building","height":7.2},"geometry":{"type":"Polygon","coordinates":[[[-70.9076393,47.0584908],[-70.9076285,47.0583738],[-70.9077778,47.0583675],[-70.9077886,47.0584844],[-70.9076393,47.0584908]]]}},{"type":"Feature","id":"building-947452751","properties":{"kind":"building","name":"Alpine building","height":7.2},"geometry":{"type":"Polygon","coordinates":[[[-70.9072289,47.0583318],[-70.9072313,47.0584321],[-70.907065,47.0584339],[-70.9070626,47.0583336],[-70.9072289,47.0583318]]]}},{"type":"Feature","id":"building-947452749","properties":{"kind":"building","name":"Alpine building","height":7.2},"geometry":{"type":"Polygon","coordinates":[[[-70.9065852,47.0584012],[-70.9064484,47.0584031],[-70.9064455,47.0583045],[-70.9065823,47.0583027],[-70.9065852,47.0584012]]]}},{"type":"Feature","id":"building-947452744","properties":{"kind":"building","name":"Alpine building","height":7.2},"geometry":{"type":"Polygon","coordinates":[[[-70.9050965,47.05833],[-70.9049302,47.058255],[-70.9049996,47.0581836],[-70.9051659,47.0582585],[-70.9050965,47.05833]]]}},{"type":"Feature","id":"building-932228326","properties":{"kind":"building","name":"Alpine building","height":7.2},"geometry":{"type":"Polygon","coordinates":[[[-70.890575,47.0611734],[-70.8902948,47.0608865],[-70.889987,47.061026],[-70.8902673,47.0613129],[-70.890575,47.0611734]]]}},{"type":"Feature","id":"building-947292993","properties":{"kind":"building","name":"Alpine building","height":7.2},"geometry":{"type":"Polygon","coordinates":[[[-70.9109223,47.0584743],[-70.9110443,47.058594],[-70.9106929,47.0587602],[-70.9105709,47.0586406],[-70.9109223,47.0584743]]]}},{"type":"Feature","id":"building-947292999","properties":{"kind":"building","name":"Alpine building","height":7.2},"geometry":{"type":"Polygon","coordinates":[[[-70.9131029,47.0589622],[-70.9130426,47.0590618],[-70.9127502,47.0589795],[-70.9128106,47.05888],[-70.9131029,47.0589622]]]}},{"type":"Feature","id":"building-947452743","properties":{"kind":"building","name":"Alpine building","height":7.2},"geometry":{"type":"Polygon","coordinates":[[[-70.9049276,47.0581765],[-70.9047478,47.0580705],[-70.9048274,47.0580079],[-70.9050072,47.0581138],[-70.9049276,47.0581765]]]}},{"type":"Feature","id":"building-947292996","properties":{"kind":"building","name":"Alpine building","height":7.2},"geometry":{"type":"Polygon","coordinates":[[[-70.9118611,47.0585967],[-70.9119112,47.0586855],[-70.9117368,47.0587312],[-70.9116867,47.0586424],[-70.9118611,47.0585967]]]}},{"type":"Feature","id":"building-947452752","properties":{"kind":"building","name":"Alpine building","height":7.2},"geometry":{"type":"Polygon","coordinates":[[[-70.9056759,47.058065],[-70.9055927,47.0580687],[-70.9055863,47.0580008],[-70.9056695,47.0579971],[-70.9056759,47.058065]]]}},{"type":"Feature","id":"building-947292997","properties":{"kind":"building","name":"Alpine building","height":7.2},"geometry":{"type":"Polygon","coordinates":[[[-70.912191,47.0585986],[-70.9121969,47.058685],[-70.911969,47.0586923],[-70.911963,47.0586059],[-70.912191,47.0585986]]]}},{"type":"Feature","id":"building-947452753","properties":{"kind":"building","name":"Alpine building","height":7.2},"geometry":{"type":"Polygon","coordinates":[[[-70.9059763,47.0580559],[-70.9058502,47.0580723],[-70.9058293,47.0579977],[-70.9059553,47.0579812],[-70.9059763,47.0580559]]]}},{"type":"Feature","id":"building-947292998","properties":{"kind":"building","name":"Alpine building","height":7.2},"geometry":{"type":"Polygon","coordinates":[[[-70.9124485,47.0586443],[-70.91242,47.0587386],[-70.9122242,47.0587112],[-70.9122527,47.0586168],[-70.9124485,47.0586443]]]}},{"type":"Feature","id":"building-947452755","properties":{"kind":"building","name":"Alpine building","height":7.2},"geometry":{"type":"Polygon","coordinates":[[[-70.9064779,47.0580559],[-70.9063518,47.0580723],[-70.9063275,47.0579858],[-70.9064535,47.0579693],[-70.9064779,47.0580559]]]}},{"type":"Feature","id":"building-947452754","properties":{"kind":"building","name":"Alpine building","height":7.2},"geometry":{"type":"Polygon","coordinates":[[[-70.9061641,47.0580413],[-70.9060299,47.0580614],[-70.9059998,47.0579679],[-70.9061339,47.0579478],[-70.9061641,47.0580413]]]}},{"type":"Feature","id":"building-947452759","properties":{"kind":"building","name":"Alpine building","height":7.2},"geometry":{"type":"Polygon","coordinates":[[[-70.9067997,47.0580595],[-70.9066978,47.0580705],[-70.9066797,47.0579922],[-70.9067816,47.0579813],[-70.9067997,47.0580595]]]}},{"type":"Feature","id":"building-947452761","properties":{"kind":"building","name":"Alpine building","height":7.2},"geometry":{"type":"Polygon","coordinates":[[[-70.9072289,47.0580778],[-70.9070948,47.0580778],[-70.9070948,47.0579937],[-70.9072289,47.0579937],[-70.9072289,47.0580778]]]}},{"type":"Feature","id":"building-947452760","properties":{"kind":"building","name":"Alpine building","height":7.2},"geometry":{"type":"Polygon","coordinates":[[[-70.9069687,47.0580504],[-70.9068427,47.0580687],[-70.9068104,47.0579655],[-70.9069365,47.0579472],[-70.9069687,47.0580504]]]}},{"type":"Feature","id":"building-947452762","properties":{"kind":"building","name":"Alpine building","height":7.2},"geometry":{"type":"Polygon","coordinates":[[[-70.907363,47.0580723],[-70.9072799,47.0580668],[-70.9072932,47.0579729],[-70.9073763,47.0579784],[-70.907363,47.0580723]]]}},{"type":"Feature","id":"building-947292992","properties":{"kind":"building","name":"Alpine building","height":7.2},"geometry":{"type":"Polygon","coordinates":[[[-70.9113568,47.0581947],[-70.9115107,47.0583188],[-70.9111995,47.0584979],[-70.9110457,47.0583738],[-70.9113568,47.0581947]]]}},{"type":"Feature","id":"building-947452756","properties":{"kind":"building","name":"Alpine building","height":7.2},"geometry":{"type":"Polygon","coordinates":[[[-70.9062016,47.0577324],[-70.9059817,47.0577471],[-70.9059662,47.0576389],[-70.9061861,47.0576243],[-70.9062016,47.0577324]]]}},{"type":"Feature","id":"building-947452757","properties":{"kind":"building","name":"Alpine building","height":7.2},"geometry":{"type":"Polygon","coordinates":[[[-70.9064242,47.0577215],[-70.9062606,47.0577324],[-70.9062468,47.0576369],[-70.9064104,47.057626],[-70.9064242,47.0577215]]]}},{"type":"Feature","id":"building-1143193140","properties":{"kind":"building","name":"Alpine building","height":7.2},"geometry":{"type":"Polygon","coordinates":[[[-70.9120626,47.0581357],[-70.91175,47.0582907],[-70.9116044,47.0581873],[-70.91192,47.0580137],[-70.9120626,47.0581357]]]}},{"type":"Feature","id":"building-947293000","properties":{"kind":"building","name":"Alpine building","height":7.2},"geometry":{"type":"Polygon","coordinates":[[[-70.9049785,47.0574291],[-70.9050223,47.057505],[-70.9048212,47.0575589],[-70.9047773,47.057483],[-70.9049785,47.0574291]]]}},{"type":"Feature","id":"building-947452758","properties":{"kind":"building","name":"Alpine building","height":7.2},"geometry":{"type":"Polygon","coordinates":[[[-70.9071726,47.0575625],[-70.9069982,47.0575899],[-70.9069738,47.0575177],[-70.9071481,47.0574903],[-70.9071726,47.0575625]]]}},{"type":"Feature","id":"building-1143193142","properties":{"kind":"building","name":"Alpine building","height":7.2},"geometry":{"type":"Polygon","coordinates":[[[-70.9116037,47.057953],[-70.9115071,47.0578448],[-70.9113419,47.0579238],[-70.9114449,47.0580261],[-70.9116037,47.057953]]]}},{"type":"Feature","id":"building-947293002","properties":{"kind":"building","name":"Alpine building","height":7.2},"geometry":{"type":"Polygon","coordinates":[[[-70.906207,47.0573049],[-70.906207,47.0574017],[-70.9060206,47.0574017],[-70.9060206,47.0573049],[-70.906207,47.0573049]]]}},{"type":"Feature","id":"building-947293001","properties":{"kind":"building","name":"Alpine building","height":7.2},"geometry":{"type":"Polygon","coordinates":[[[-70.9059414,47.0573843],[-70.9057429,47.0573843],[-70.9057429,47.0572884],[-70.9059414,47.0572884],[-70.9059414,47.0573843]]]}},{"type":"Feature","id":"building-1143193141","properties":{"kind":"building","name":"Alpine building","height":7.2},"geometry":{"type":"Polygon","coordinates":[[[-70.9117745,47.0578737],[-70.9116672,47.0577538],[-70.9115342,47.057824],[-70.9116402,47.0579303],[-70.9117745,47.0578737]]]}},{"type":"Feature","id":"building-785520774","properties":{"kind":"building","name":"Centrale Hydro-Canyon Saint-Joachim","height":7.2},"geometry":{"type":"Polygon","coordinates":[[[-70.8765174,47.0726321],[-70.8764931,47.0724241],[-70.8765739,47.0724197],[-70.8767182,47.0724119],[-70.876912,47.0724014],[-70.8769133,47.0724013],[-70.8769375,47.0726094],[-70.8767336,47.0726204],[-70.8765174,47.0726321]]]}},{"type":"Feature","id":"pylon-mont-sainte-anne-0","properties":{"kind":"pylon","name":"Lift tower","height":13},"geometry":{"type":"Polygon","coordinates":[[[-70.92088177927033,47.0788947],[-70.92089027924526,47.07890867444232],[-70.9209108,47.07891446284585],[-70.92093132075475,47.07890867444232],[-70.92093982072967,47.0788947],[-70.92093132075475,47.07888072555768],[-70.9209108,47.07887493715415],[-70.92089027924526,47.07888072555768],[-70.92088177927033,47.0788947]]]}},{"type":"Feature","id":"pylon-mont-sainte-anne-1","properties":{"kind":"pylon","name":"Lift tower","height":13},"geometry":{"type":"Polygon","coordinates":[[[-70.93124867450366,47.0876442],[-70.93125717587472,47.08765817444232],[-70.9312777,47.08766396284585],[-70.93129822412527,47.08765817444232],[-70.93130672549633,47.0876442],[-70.93129822412527,47.08763022555768],[-70.9312777,47.08762443715415],[-70.93125717587472,47.08763022555768],[-70.93124867450366,47.0876442]]]}},{"type":"Feature","id":"pylon-mont-sainte-anne-2","properties":{"kind":"pylon","name":"Lift tower","height":13},"geometry":{"type":"Polygon","coordinates":[[[-70.93013207435868,47.0879103],[-70.9301405757722,47.087924274442315],[-70.9301611,47.08793006284585],[-70.93018162422781,47.087924274442315],[-70.93019012564133,47.0879103],[-70.93018162422781,47.08789632555768],[-70.9301611,47.087890537154145],[-70.9301405757722,47.08789632555768],[-70.93013207435868,47.0879103]]]}},{"type":"Feature","id":"pylon-mont-sainte-anne-3","properties":{"kind":"pylon","name":"Lift tower","height":13},"geometry":{"type":"Polygon","coordinates":[[[-70.92956847428555,47.0880445],[-70.92957697572048,47.08805847444232],[-70.9295975,47.088064262845855],[-70.92961802427952,47.08805847444232],[-70.92962652571445,47.0880445],[-70.92961802427952,47.088030525557684],[-70.9295975,47.08802473715415],[-70.92957697572048,47.088030525557684],[-70.92956847428555,47.0880445]]]}},{"type":"Feature","id":"pylon-mont-sainte-anne-4","properties":{"kind":"pylon","name":"Lift tower","height":13},"geometry":{"type":"Polygon","coordinates":[[[-70.9286158741632,47.088269],[-70.92862437563396,47.088282974442315],[-70.9286449,47.08828876284585],[-70.92866542436603,47.088282974442315],[-70.92867392583679,47.088269],[-70.92866542436603,47.08825502555768],[-70.9286449,47.088249237154145],[-70.92862437563396,47.08825502555768],[-70.9286158741632,47.088269]]]}},{"type":"Feature","id":"pylon-mont-sainte-anne-5","properties":{"kind":"pylon","name":"Lift tower","height":13},"geometry":{"type":"Polygon","coordinates":[[[-70.92783787406032,47.0884578],[-70.92784637556122,47.08847177444232],[-70.9278669,47.08847756284585],[-70.92788742443878,47.08847177444232],[-70.92789592593968,47.0884578],[-70.92788742443878,47.08844382555768],[-70.9278669,47.08843803715415],[-70.92784637556122,47.08844382555768],[-70.92783787406032,47.0884578]]]}},{"type":"Feature","id":"pylon-mont-sainte-anne-6","properties":{"kind":"pylon","name":"Lift tower","height":13},"geometry":{"type":"Polygon","coordinates":[[[-70.9276893740401,47.0884949],[-70.92769787554693,47.08850887444232],[-70.9277184,47.08851466284585],[-70.92773892445308,47.08850887444232],[-70.92774742595991,47.0884949],[-70.92773892445308,47.08848092555768],[-70.9277184,47.08847513715415],[-70.92769787554693,47.08848092555768],[-70.9276893740401,47.0884949]]]}},{"type":"Feature","id":"pylon-mont-sainte-anne-7","properties":{"kind":"pylon","name":"Lift tower","height":13},"geometry":{"type":"Polygon","coordinates":[[[-70.9267562739194,47.0887164],[-70.92676477546158,47.08873037444232],[-70.9267853,47.088736162845855],[-70.92680582453843,47.08873037444232],[-70.92681432608062,47.0887164],[-70.92680582453843,47.088702425557685],[-70.9267853,47.08869663715415],[-70.92676477546158,47.088702425557685],[-70.9267562739194,47.0887164]]]}},{"type":"Feature","id":"pylon-mont-sainte-anne-8","properties":{"kind":"pylon","name":"Lift tower","height":13},"geometry":{"type":"Polygon","coordinates":[[[-70.9257911737934,47.0889476],[-70.92579967537249,47.088961574442315],[-70.9258202,47.08896736284585],[-70.92584072462752,47.088961574442315],[-70.92584922620661,47.0889476],[-70.92584072462752,47.08893362555768],[-70.9258202,47.088927837154145],[-70.92579967537249,47.08893362555768],[-70.9257911737934,47.0889476]]]}},{"type":"Feature","id":"pylon-mont-sainte-anne-9","properties":{"kind":"pylon","name":"Lift tower","height":13},"geometry":{"type":"Polygon","coordinates":[[[-70.92515157371122,47.0890984],[-70.92516007531438,47.089112374442315],[-70.9251806,47.08911816284585],[-70.92520112468563,47.089112374442315],[-70.92520962628879,47.0890984],[-70.92520112468563,47.08908442555768],[-70.9251806,47.089078637154145],[-70.92516007531438,47.08908442555768],[-70.92515157371122,47.0890984]]]}},{"type":"Feature","id":"pylon-mont-sainte-anne-10","properties":{"kind":"pylon","name":"Lift tower","height":13},"geometry":{"type":"Polygon","coordinates":[[[-70.92426697359868,47.0893049],[-70.9242754752348,47.08931887444232],[-70.924296,47.089324662845854],[-70.9243165247652,47.08931887444232],[-70.92432502640132,47.0893049],[-70.9243165247652,47.089290925557684],[-70.924296,47.08928513715415],[-70.9242754752348,47.089290925557684],[-70.92426697359868,47.0893049]]]}},{"type":"Feature","id":"pylon-mont-sainte-anne-11","properties":{"kind":"pylon","name":"Lift tower","height":13},"geometry":{"type":"Polygon","coordinates":[[[-70.9233475734766,47.0895289],[-70.92335607514848,47.089542874442316],[-70.9233766,47.08954866284585],[-70.92339712485152,47.089542874442316],[-70.92340562652339,47.0895289],[-70.92339712485152,47.08951492555768],[-70.9233766,47.089509137154145],[-70.92335607514848,47.08951492555768],[-70.9233475734766,47.0895289]]]}},{"type":"Feature","id":"pylon-mont-sainte-anne-12","properties":{"kind":"pylon","name":"Lift tower","height":13},"geometry":{"type":"Polygon","coordinates":[[[-70.9224696733656,47.0897326],[-70.92247817506998,47.089746574442316],[-70.9224987,47.08975236284585],[-70.92251922493003,47.089746574442316],[-70.92252772663441,47.0897326],[-70.92251922493003,47.08971862555768],[-70.9224987,47.089712837154146],[-70.92247817506998,47.08971862555768],[-70.9224696733656,47.0897326]]]}},{"type":"Feature","id":"pylon-mont-sainte-anne-13","properties":{"kind":"pylon","name":"Lift tower","height":13},"geometry":{"type":"Polygon","coordinates":[[[-70.92177167327274,47.089903],[-70.92178017500432,47.08991697444232],[-70.9218007,47.08992276284585],[-70.9218212249957,47.08991697444232],[-70.92182972672727,47.089903],[-70.9218212249957,47.08988902555768],[-70.9218007,47.08988323715415],[-70.92178017500432,47.08988902555768],[-70.92177167327274,47.089903]]]}},{"type":"Feature","id":"pylon-mont-sainte-anne-14","properties":{"kind":"pylon","name":"Lift tower","height":13},"geometry":{"type":"Polygon","coordinates":[[[-70.92113567319333,47.0900487],[-70.92114417494817,47.090062674442315],[-70.9211647,47.09006846284585],[-70.92118522505184,47.090062674442315],[-70.92119372680668,47.0900487],[-70.92118522505184,47.09003472555768],[-70.9211647,47.090028937154145],[-70.92114417494817,47.09003472555768],[-70.92113567319333,47.0900487]]]}},{"type":"Feature","id":"pylon-mont-sainte-anne-15","properties":{"kind":"pylon","name":"Lift tower","height":13},"geometry":{"type":"Polygon","coordinates":[[[-70.90924038149598,47.074808],[-70.90924888081902,47.074821974442315],[-70.9092694,47.07482776284585],[-70.90928991918098,47.074821974442315],[-70.90929841850402,47.074808],[-70.90928991918098,47.07479402555768],[-70.9092694,47.074788237154145],[-70.90924888081902,47.07479402555768],[-70.90924038149598,47.074808]]]}},{"type":"Feature","id":"pylon-mont-sainte-anne-16","properties":{"kind":"pylon","name":"Lift tower","height":13},"geometry":{"type":"Polygon","coordinates":[[[-70.90881568162182,47.0745769],[-70.90882418090801,47.074590874442315],[-70.9088447,47.07459666284585],[-70.908865219092,47.074590874442315],[-70.90887371837819,47.0745769],[-70.908865219092,47.07456292555768],[-70.9088447,47.074557137154144],[-70.90882418090801,47.07456292555768],[-70.90881568162182,47.0745769]]]}},{"type":"Feature","id":"pylon-mont-sainte-anne-17","properties":{"kind":"pylon","name":"Lift tower","height":13},"geometry":{"type":"Polygon","coordinates":[[[-70.9098001813301,47.0751126],[-70.90980868070174,47.075126574442315],[-70.9098292,47.07513236284585],[-70.90984971929826,47.075126574442315],[-70.90985821866991,47.0751126],[-70.90984971929826,47.07509862555768],[-70.9098292,47.075092837154145],[-70.90980868070174,47.07509862555768],[-70.9098001813301,47.0751126]]]}},{"type":"Feature","id":"pylon-mont-sainte-anne-18","properties":{"kind":"pylon","name":"Lift tower","height":13},"geometry":{"type":"Polygon","coordinates":[[[-70.91037728115906,47.0754267],[-70.9103857805808,47.07544067444232],[-70.9104063,47.07544646284585],[-70.91042681941921,47.07544067444232],[-70.91043531884095,47.0754267],[-70.91042681941921,47.07541272555768],[-70.9104063,47.07540693715415],[-70.9103857805808,47.07541272555768],[-70.91037728115906,47.0754267]]]}},{"type":"Feature","id":"pylon-mont-sainte-anne-19","properties":{"kind":"pylon","name":"Lift tower","height":13},"geometry":{"type":"Polygon","coordinates":[[[-70.91129358088759,47.0759252],[-70.91130208038884,47.07593917444232],[-70.9113226,47.07594496284585],[-70.91134311961117,47.07593917444232],[-70.91135161911242,47.0759252],[-70.91134311961117,47.07591122555768],[-70.9113226,47.07590543715415],[-70.91130208038884,47.07591122555768],[-70.91129358088759,47.0759252]]]}},{"type":"Feature","id":"pylon-mont-sainte-anne-20","properties":{"kind":"pylon","name":"Lift tower","height":13},"geometry":{"type":"Polygon","coordinates":[[[-70.91220238061828,47.0764197],[-70.9122108801984,47.07643367444232],[-70.9122314,47.076439462845855],[-70.91225191980159,47.07643367444232],[-70.91226041938171,47.0764197],[-70.91225191980159,47.076405725557684],[-70.9122314,47.07639993715415],[-70.9122108801984,47.076405725557684],[-70.91220238061828,47.0764197]]]}},{"type":"Feature","id":"pylon-mont-sainte-anne-21","properties":{"kind":"pylon","name":"Lift tower","height":13},"geometry":{"type":"Polygon","coordinates":[[[-70.91393538010472,47.0773627],[-70.91394387983526,47.07737667444232],[-70.9139644,47.077382462845854],[-70.91398492016474,47.07737667444232],[-70.91399341989528,47.0773627],[-70.91398492016474,47.077348725557684],[-70.9139644,47.07734293715415],[-70.91394387983526,47.077348725557684],[-70.91393538010472,47.0773627]]]}},{"type":"Feature","id":"pylon-mont-sainte-anne-22","properties":{"kind":"pylon","name":"Lift tower","height":13},"geometry":{"type":"Polygon","coordinates":[[[-70.9151081797572,47.0780008],[-70.91511667958953,47.078014774442316],[-70.9151372,47.07802056284585],[-70.91515772041048,47.078014774442316],[-70.91516622024281,47.0780008],[-70.91515772041048,47.07798682555768],[-70.9151372,47.077981037154146],[-70.91511667958953,47.07798682555768],[-70.9151081797572,47.0780008]]]}},{"type":"Feature","id":"pylon-mont-sainte-anne-23","properties":{"kind":"pylon","name":"Lift tower","height":13},"geometry":{"type":"Polygon","coordinates":[[[-70.91654757933063,47.078784],[-70.91655607928789,47.07879797444232],[-70.9165766,47.07880376284585],[-70.91659712071211,47.07879797444232],[-70.91660562066937,47.078784],[-70.91659712071211,47.07877002555768],[-70.9165766,47.07876423715415],[-70.91655607928789,47.07877002555768],[-70.91654757933063,47.078784]]]}},{"type":"Feature","id":"pylon-mont-sainte-anne-24","properties":{"kind":"pylon","name":"Lift tower","height":13},"geometry":{"type":"Polygon","coordinates":[[[-70.91776147897087,47.0794445],[-70.91776997903351,47.07945847444232],[-70.9177905,47.07946426284585],[-70.91781102096648,47.07945847444232],[-70.91781952102912,47.0794445],[-70.91781102096648,47.07943052555768],[-70.9177905,47.07942473715415],[-70.91776997903351,47.07943052555768],[-70.91776147897087,47.0794445]]]}},{"type":"Feature","id":"pylon-mont-sainte-anne-25","properties":{"kind":"pylon","name":"Lift tower","height":13},"geometry":{"type":"Polygon","coordinates":[[[-70.91893587862282,47.0800835],[-70.9189443787874,47.08009747444232],[-70.9189649,47.08010326284585],[-70.91898542121261,47.08009747444232],[-70.9189939213772,47.0800835],[-70.91898542121261,47.08006952555768],[-70.9189649,47.08006373715415],[-70.9189443787874,47.08006952555768],[-70.91893587862282,47.0800835]]]}},{"type":"Feature","id":"pylon-mont-sainte-anne-26","properties":{"kind":"pylon","name":"Lift tower","height":13},"geometry":{"type":"Polygon","coordinates":[[[-70.91908587857837,47.0801651],[-70.91909437875596,47.08017907444232],[-70.9191149,47.080184862845854],[-70.91913542124404,47.08017907444232],[-70.91914392142162,47.0801651],[-70.91913542124404,47.080151125557684],[-70.9191149,47.08014533715415],[-70.91909437875596,47.080151125557684],[-70.91908587857837,47.0801651]]]}},{"type":"Feature","id":"pylon-mont-sainte-anne-27","properties":{"kind":"pylon","name":"Lift tower","height":13},"geometry":{"type":"Polygon","coordinates":[[[-70.92027307822654,47.080811],[-70.92028157850719,47.080824974442315],[-70.9203021,47.08083076284585],[-70.92032262149282,47.080824974442315],[-70.92033112177346,47.080811],[-70.92032262149282,47.08079702555768],[-70.9203021,47.080791237154145],[-70.92028157850719,47.08079702555768],[-70.92027307822654,47.080811]]]}},{"type":"Feature","id":"pylon-mont-sainte-anne-28","properties":{"kind":"pylon","name":"Lift tower","height":13},"geometry":{"type":"Polygon","coordinates":[[[-70.92074427808687,47.0810674],[-70.92075277840841,47.08108137444232],[-70.9207733,47.081087162845854],[-70.92079382159157,47.08108137444232],[-70.92080232191311,47.0810674],[-70.92079382159157,47.081053425557684],[-70.9207733,47.08104763715415],[-70.92075277840841,47.081053425557684],[-70.92074427808687,47.0810674]]]}},{"type":"Feature","id":"pylon-mont-sainte-anne-29","properties":{"kind":"pylon","name":"Lift tower","height":13},"geometry":{"type":"Polygon","coordinates":[[[-70.92129127792477,47.081365],[-70.9212997782938,47.081378974442316],[-70.9213203,47.08138476284585],[-70.92134082170621,47.081378974442316],[-70.92134932207524,47.081365],[-70.92134082170621,47.08135102555768],[-70.9213203,47.081345237154146],[-70.9212997782938,47.08135102555768],[-70.92129127792477,47.081365]]]}},{"type":"Feature","id":"pylon-mont-sainte-anne-30","properties":{"kind":"pylon","name":"Lift tower","height":13},"geometry":{"type":"Polygon","coordinates":[[[-70.92224057764341,47.0818815],[-70.92224907809485,47.08189547444232],[-70.9222696,47.081901262845854],[-70.92229012190516,47.08189547444232],[-70.9222986223566,47.0818815],[-70.92229012190516,47.08186752555768],[-70.9222696,47.08186173715415],[-70.92224907809485,47.08186752555768],[-70.92224057764341,47.0818815]]]}},{"type":"Feature","id":"pylon-mont-sainte-anne-31","properties":{"kind":"pylon","name":"Lift tower","height":13},"geometry":{"type":"Polygon","coordinates":[[[-70.92251787756125,47.0820323],[-70.92252637803675,47.08204627444232],[-70.9225469,47.082052062845854],[-70.92256742196325,47.08204627444232],[-70.92257592243875,47.0820323],[-70.92256742196325,47.082018325557684],[-70.9225469,47.08201253715415],[-70.92252637803675,47.082018325557684],[-70.92251787756125,47.0820323]]]}},{"type":"Feature","id":"pylon-mont-sainte-anne-32","properties":{"kind":"pylon","name":"Lift tower","height":13},"geometry":{"type":"Polygon","coordinates":[[[-70.92380817717877,47.0827344],[-70.9238166777663,47.08274837444232],[-70.9238372,47.08275416284585],[-70.92385772223369,47.08274837444232],[-70.92386622282122,47.0827344],[-70.92385772223369,47.08272042555768],[-70.9238372,47.08271463715415],[-70.9238166777663,47.08272042555768],[-70.92380817717877,47.0827344]]]}},{"type":"Feature","id":"pylon-mont-sainte-anne-33","properties":{"kind":"pylon","name":"Lift tower","height":13},"geometry":{"type":"Polygon","coordinates":[[[-70.92485717686786,47.0833051],[-70.92486567754646,47.083319074442315],[-70.9248862,47.08332486284585],[-70.92490672245354,47.083319074442315],[-70.92491522313215,47.0833051],[-70.92490672245354,47.08329112555768],[-70.9248862,47.083285337154145],[-70.92486567754646,47.08329112555768],[-70.92485717686786,47.0833051]]]}},{"type":"Feature","id":"pylon-mont-sainte-anne-34","properties":{"kind":"pylon","name":"Lift tower","height":13},"geometry":{"type":"Polygon","coordinates":[[[-70.9249627768366,47.0833625],[-70.92497127752435,47.08337647444232],[-70.9249918,47.08338226284585],[-70.92501232247565,47.08337647444232],[-70.92502082316341,47.0833625],[-70.92501232247565,47.08334852555768],[-70.9249918,47.08334273715415],[-70.92497127752435,47.08334852555768],[-70.9249627768366,47.0833625]]]}},{"type":"Feature","id":"pylon-mont-sainte-anne-35","properties":{"kind":"pylon","name":"Lift tower","height":13},"geometry":{"type":"Polygon","coordinates":[[[-70.92613557648896,47.0840006],[-70.92614407727854,47.08401457444232],[-70.9261646,47.084020362845855],[-70.92618512272148,47.08401457444232],[-70.92619362351105,47.0840006],[-70.92618512272148,47.083986625557685],[-70.9261646,47.08398083715415],[-70.92614407727854,47.083986625557685],[-70.92613557648896,47.0840006]]]}},{"type":"Feature","id":"pylon-mont-sainte-anne-36","properties":{"kind":"pylon","name":"Lift tower","height":13},"geometry":{"type":"Polygon","coordinates":[[[-70.92712007619714,47.0845362],[-70.92712857707218,47.08455017444232],[-70.9271491,47.084555962845855],[-70.9271696229278,47.08455017444232],[-70.92717812380285,47.0845362],[-70.9271696229278,47.084522225557684],[-70.9271491,47.08451643715415],[-70.92712857707218,47.084522225557684],[-70.92712007619714,47.0845362]]]}},{"type":"Feature","id":"pylon-mont-sainte-anne-37","properties":{"kind":"pylon","name":"Lift tower","height":13},"geometry":{"type":"Polygon","coordinates":[[[-70.92820047587689,47.085124],[-70.92820897684574,47.08513797444232],[-70.9282295,47.08514376284585],[-70.92825002315426,47.08513797444232],[-70.92825852412311,47.085124],[-70.92825002315426,47.08511002555768],[-70.9282295,47.08510423715415],[-70.92820897684574,47.08511002555768],[-70.92820047587689,47.085124]]]}},{"type":"Feature","id":"pylon-mont-sainte-anne-38","properties":{"kind":"pylon","name":"Lift tower","height":13},"geometry":{"type":"Polygon","coordinates":[[[-70.92906207562152,47.0855927],[-70.92907057666515,47.08560667444232],[-70.9290911,47.08561246284585],[-70.92911162333483,47.08560667444232],[-70.92912012437847,47.0855927],[-70.92911162333483,47.08557872555768],[-70.9290911,47.08557293715415],[-70.92907057666515,47.08557872555768],[-70.92906207562152,47.0855927]]]}},{"type":"Feature","id":"pylon-mont-sainte-anne-39","properties":{"kind":"pylon","name":"Lift tower","height":13},"geometry":{"type":"Polygon","coordinates":[[[-70.930072375322,47.0861424],[-70.93008087645336,47.08615637444232],[-70.9301014,47.08616216284585],[-70.93012192354664,47.08615637444232],[-70.930130424678,47.0861424],[-70.93012192354664,47.08612842555768],[-70.9301014,47.08612263715415],[-70.93008087645336,47.08612842555768],[-70.930072375322,47.0861424]]]}},{"type":"Feature","id":"pylon-mont-sainte-anne-40","properties":{"kind":"pylon","name":"Lift tower","height":13},"geometry":{"type":"Polygon","coordinates":[[[-70.93128357496298,47.0868013],[-70.9312920761995,47.086815274442316],[-70.9313126,47.08682106284585],[-70.9313331238005,47.086815274442316],[-70.93134162503702,47.0868013],[-70.9313331238005,47.08678732555768],[-70.9313126,47.086781537154145],[-70.9312920761995,47.08678732555768],[-70.93128357496298,47.0868013]]]}},{"type":"Feature","id":"pylon-mont-sainte-anne-41","properties":{"kind":"pylon","name":"Lift tower","height":13},"geometry":{"type":"Polygon","coordinates":[[[-70.9314335754888,47.0858363],[-70.9314420765713,47.085850274442315],[-70.9314626,47.08585606284585],[-70.9314831234287,47.085850274442315],[-70.93149162451121,47.0858363],[-70.9314831234287,47.08582232555768],[-70.9314626,47.085816537154145],[-70.9314420765713,47.08582232555768],[-70.9314335754888,47.0858363]]]}},{"type":"Feature","id":"pylon-mont-sainte-anne-42","properties":{"kind":"pylon","name":"Lift tower","height":13},"geometry":{"type":"Polygon","coordinates":[[[-70.93041407585396,47.0851661],[-70.93042257682951,47.08518007444232],[-70.9304431,47.085185862845854],[-70.9304636231705,47.08518007444232],[-70.93047212414605,47.0851661],[-70.9304636231705,47.085152125557684],[-70.9304431,47.08514633715415],[-70.93042257682951,47.085152125557684],[-70.93041407585396,47.0851661]]]}},{"type":"Feature","id":"pylon-mont-sainte-anne-43","properties":{"kind":"pylon","name":"Lift tower","height":13},"geometry":{"type":"Polygon","coordinates":[[[-70.92959747614637,47.0846294],[-70.92960597703627,47.084643374442315],[-70.9296265,47.08464916284585],[-70.92964702296372,47.084643374442315],[-70.92965552385363,47.0846294],[-70.92964702296372,47.08461542555768],[-70.9296265,47.084609637154145],[-70.92960597703627,47.08461542555768],[-70.92959747614637,47.0846294]]]}},{"type":"Feature","id":"pylon-mont-sainte-anne-44","properties":{"kind":"pylon","name":"Lift tower","height":13},"geometry":{"type":"Polygon","coordinates":[[[-70.92889027639966,47.0841645],[-70.92889877721538,47.08417847444232],[-70.9289193,47.08418426284585],[-70.92893982278463,47.08417847444232],[-70.92894832360035,47.0841645],[-70.92893982278463,47.08415052555768],[-70.9289193,47.08414473715415],[-70.92889877721538,47.08415052555768],[-70.92889027639966,47.0841645]]]}},{"type":"Feature","id":"pylon-mont-sainte-anne-45","properties":{"kind":"pylon","name":"Lift tower","height":13},"geometry":{"type":"Polygon","coordinates":[[[-70.9280998766827,47.083645],[-70.92810837741551,47.083658974442315],[-70.9281289,47.08366476284585],[-70.9281494225845,47.083658974442315],[-70.92815792331731,47.083645],[-70.9281494225845,47.08363102555768],[-70.9281289,47.083625237154145],[-70.92810837741551,47.08363102555768],[-70.9280998766827,47.083645]]]}},{"type":"Feature","id":"pylon-mont-sainte-anne-46","properties":{"kind":"pylon","name":"Lift tower","height":13},"geometry":{"type":"Polygon","coordinates":[[[-70.92712537703163,47.0830045],[-70.92713387766226,47.08301847444232],[-70.9271544,47.08302426284585],[-70.92717492233776,47.08301847444232],[-70.92718342296838,47.0830045],[-70.92717492233776,47.08299052555768],[-70.9271544,47.08298473715415],[-70.92713387766226,47.08299052555768],[-70.92712537703163,47.0830045]]]}},{"type":"Feature","id":"pylon-mont-sainte-anne-47","properties":{"kind":"pylon","name":"Lift tower","height":13},"geometry":{"type":"Polygon","coordinates":[[[-70.92612467738998,47.0823467],[-70.92613317791564,47.08236067444232],[-70.9261537,47.082366462845854],[-70.92617422208436,47.08236067444232],[-70.92618272261002,47.0823467],[-70.92617422208436,47.082332725557684],[-70.9261537,47.08232693715415],[-70.92613317791564,47.082332725557684],[-70.92612467738998,47.0823467]]]}},{"type":"Feature","id":"pylon-mont-sainte-anne-48","properties":{"kind":"pylon","name":"Lift tower","height":13},"geometry":{"type":"Polygon","coordinates":[[[-70.92530517768344,47.081808],[-70.92531367812315,47.08182197444232],[-70.9253342,47.081827762845855],[-70.92535472187684,47.08182197444232],[-70.92536322231655,47.081808],[-70.92535472187684,47.081794025557684],[-70.9253342,47.08178823715415],[-70.92531367812315,47.081794025557684],[-70.92530517768344,47.081808]]]}},{"type":"Feature","id":"pylon-mont-sainte-anne-49","properties":{"kind":"pylon","name":"Lift tower","height":13},"geometry":{"type":"Polygon","coordinates":[[[-70.92424587806275,47.0811117],[-70.92425437839137,47.08112567444232],[-70.9242749,47.08113146284585],[-70.92429542160863,47.08112567444232],[-70.92430392193725,47.0811117],[-70.92429542160863,47.08109772555768],[-70.9242749,47.08109193715415],[-70.92425437839137,47.08109772555768],[-70.92424587806275,47.0811117]]]}},{"type":"Feature","id":"pylon-mont-sainte-anne-50","properties":{"kind":"pylon","name":"Lift tower","height":13},"geometry":{"type":"Polygon","coordinates":[[[-70.92313997845875,47.0803847],[-70.92314847867138,47.08039867444232],[-70.923169,47.080404462845856],[-70.92318952132862,47.08039867444232],[-70.92319802154125,47.0803847],[-70.92318952132862,47.080370725557685],[-70.923169,47.08036493715415],[-70.92314847867138,47.080370725557685],[-70.92313997845875,47.0803847]]]}},{"type":"Feature","id":"pylon-mont-sainte-anne-51","properties":{"kind":"pylon","name":"Lift tower","height":13},"geometry":{"type":"Polygon","coordinates":[[[-70.922108578828,47.0797068],[-70.92211707893249,47.079720774442315],[-70.9221376,47.07972656284585],[-70.92215812106751,47.079720774442315],[-70.922166621172,47.0797068],[-70.92215812106751,47.07969282555768],[-70.9221376,47.079687037154144],[-70.92211707893249,47.07969282555768],[-70.922108578828,47.0797068]]]}},{"type":"Feature","id":"pylon-mont-sainte-anne-52","properties":{"kind":"pylon","name":"Lift tower","height":13},"geometry":{"type":"Polygon","coordinates":[[[-70.9197721796328,47.0782292],[-70.91978067950156,47.07824317444232],[-70.9198012,47.078248962845855],[-70.91982172049843,47.07824317444232],[-70.91983022036719,47.0782292],[-70.91982172049843,47.078215225557685],[-70.9198012,47.07820943715415],[-70.91978067950156,47.078215225557685],[-70.9197721796328,47.0782292]]]}},{"type":"Feature","id":"pylon-mont-sainte-anne-53","properties":{"kind":"pylon","name":"Lift tower","height":13},"geometry":{"type":"Polygon","coordinates":[[[-70.91840168008055,47.0774071],[-70.91841017981817,47.07742107444232],[-70.9184307,47.077426862845854],[-70.91845122018184,47.07742107444232],[-70.91845971991945,47.0774071],[-70.91845122018184,47.077393125557684],[-70.9184307,47.07738733715415],[-70.91841017981817,47.077393125557684],[-70.91840168008055,47.0774071]]]}},{"type":"Feature","id":"pylon-mont-sainte-anne-54","properties":{"kind":"pylon","name":"Lift tower","height":13},"geometry":{"type":"Polygon","coordinates":[[[-70.91743228039718,47.0768257],[-70.91744078004206,47.07683967444232],[-70.9174613,47.07684546284585],[-70.91748181995794,47.07683967444232],[-70.91749031960282,47.0768257],[-70.91748181995794,47.07681172555768],[-70.9174613,47.07680593715415],[-70.91744078004206,47.07681172555768],[-70.91743228039718,47.0768257]]]}},{"type":"Feature","id":"pylon-mont-sainte-anne-55","properties":{"kind":"pylon","name":"Lift tower","height":13},"geometry":{"type":"Polygon","coordinates":[[[-70.91630168076652,47.0761475],[-70.91631018030323,47.076161474442316],[-70.9163307,47.07616726284585],[-70.91635121969678,47.076161474442316],[-70.91635971923348,47.0761475],[-70.91635121969678,47.07613352555768],[-70.9163307,47.076127737154145],[-70.91631018030323,47.07613352555768],[-70.91630168076652,47.0761475]]]}},{"type":"Feature","id":"pylon-mont-sainte-anne-56","properties":{"kind":"pylon","name":"Lift tower","height":13},"geometry":{"type":"Polygon","coordinates":[[[-70.90775667976685,47.0779831],[-70.90776517959634,47.077997074442315],[-70.9077857,47.07800286284585],[-70.90780622040367,47.077997074442315],[-70.90781472023316,47.0779831],[-70.90780622040367,47.07796912555768],[-70.9077857,47.077963337154145],[-70.90776517959634,47.07796912555768],[-70.90775667976685,47.0779831]]]}},{"type":"Feature","id":"pylon-mont-sainte-anne-57","properties":{"kind":"pylon","name":"Lift tower","height":13},"geometry":{"type":"Polygon","coordinates":[[[-70.90818727950351,47.0784666],[-70.90819577941014,47.07848057444232],[-70.9082163,47.07848636284585],[-70.90823682058988,47.07848057444232],[-70.9082453204965,47.0784666],[-70.90823682058988,47.07845262555768],[-70.9082163,47.07844683715415],[-70.90819577941014,47.07845262555768],[-70.90818727950351,47.0784666]]]}},{"type":"Feature","id":"pylon-mont-sainte-anne-58","properties":{"kind":"pylon","name":"Lift tower","height":13},"geometry":{"type":"Polygon","coordinates":[[[-70.90862817923389,47.0789616],[-70.90863667921948,47.07897557444232],[-70.9086572,47.07898136284585],[-70.9086777207805,47.07897557444232],[-70.9086862207661,47.0789616],[-70.9086777207805,47.07894762555768],[-70.9086572,47.07894183715415],[-70.90863667921948,47.07894762555768],[-70.90862817923389,47.0789616]]]}},{"type":"Feature","id":"pylon-mont-sainte-anne-59","properties":{"kind":"pylon","name":"Lift tower","height":13},"geometry":{"type":"Polygon","coordinates":[[[-70.90908837895252,47.0794782],[-70.90909687902052,47.079492174442315],[-70.9091174,47.07949796284585],[-70.90913792097948,47.079492174442315],[-70.90914642104748,47.0794782],[-70.90913792097948,47.07946422555768],[-70.9091174,47.079458437154145],[-70.90909687902052,47.07946422555768],[-70.90908837895252,47.0794782]]]}},{"type":"Feature","id":"pylon-mont-sainte-anne-60","properties":{"kind":"pylon","name":"Lift tower","height":13},"geometry":{"type":"Polygon","coordinates":[[[-70.90926567884414,47.0796772],[-70.90927417894389,47.07969117444232],[-70.9092947,47.07969696284585],[-70.90931522105612,47.07969117444232],[-70.90932372115587,47.0796772],[-70.90931522105612,47.07966322555768],[-70.9092947,47.07965743715415],[-70.90927417894389,47.07966322555768],[-70.90926567884414,47.0796772]]]}},{"type":"Feature","id":"pylon-mont-sainte-anne-61","properties":{"kind":"pylon","name":"Lift tower","height":13},"geometry":{"type":"Polygon","coordinates":[[[-70.90986637847683,47.0803515],[-70.90987487868416,47.08036547444232],[-70.9098954,47.08037126284585],[-70.90991592131583,47.08036547444232],[-70.90992442152316,47.0803515],[-70.90991592131583,47.08033752555768],[-70.9098954,47.08033173715415],[-70.90987487868416,47.08033752555768],[-70.90986637847683,47.0803515]]]}},{"type":"Feature","id":"pylon-mont-sainte-anne-62","properties":{"kind":"pylon","name":"Lift tower","height":13},"geometry":{"type":"Polygon","coordinates":[[[-70.91007417834975,47.0805848],[-70.9100826785943,47.080598774442315],[-70.9101032,47.08060456284585],[-70.91012372140568,47.080598774442315],[-70.91013222165024,47.0805848],[-70.91012372140568,47.08057082555768],[-70.9101032,47.080565037154145],[-70.9100826785943,47.08057082555768],[-70.91007417834975,47.0805848]]]}},{"type":"Feature","id":"pylon-mont-sainte-anne-63","properties":{"kind":"pylon","name":"Lift tower","height":13},"geometry":{"type":"Polygon","coordinates":[[[-70.91044397812358,47.081],[-70.91045247843438,47.08101397444232],[-70.910473,47.081019762845855],[-70.91049352156561,47.08101397444232],[-70.91050202187641,47.081],[-70.91049352156561,47.080986025557685],[-70.910473,47.08098023715415],[-70.91045247843438,47.080986025557685],[-70.91044397812358,47.081]]]}},{"type":"Feature","id":"pylon-mont-sainte-anne-64","properties":{"kind":"pylon","name":"Lift tower","height":13},"geometry":{"type":"Polygon","coordinates":[[[-70.91109007772855,47.0817252],[-70.91109857815505,47.08173917444232],[-70.9111191,47.08174496284585],[-70.91113962184494,47.08173917444232],[-70.91114812227144,47.0817252],[-70.91113962184494,47.08171122555768],[-70.9111191,47.08170543715415],[-70.91109857815505,47.08171122555768],[-70.91109007772855,47.0817252]]]}},{"type":"Feature","id":"pylon-mont-sainte-anne-65","properties":{"kind":"pylon","name":"Lift tower","height":13},"geometry":{"type":"Polygon","coordinates":[[[-70.91154207745208,47.0822327],[-70.91155057795956,47.08224667444232],[-70.9115711,47.08225246284585],[-70.91159162204045,47.08224667444232],[-70.91160012254792,47.0822327],[-70.91159162204045,47.08221872555768],[-70.9115711,47.08221293715415],[-70.91155057795956,47.08221872555768],[-70.91154207745208,47.0822327]]]}},{"type":"Feature","id":"pylon-mont-sainte-anne-66","properties":{"kind":"pylon","name":"Lift tower","height":13},"geometry":{"type":"Polygon","coordinates":[[[-70.9118851772423,47.0826178],[-70.91189367781122,47.08263177444232],[-70.9119142,47.08263756284585],[-70.91193472218878,47.08263177444232],[-70.9119432227577,47.0826178],[-70.91193472218878,47.08260382555768],[-70.9119142,47.08259803715415],[-70.91189367781122,47.08260382555768],[-70.9118851772423,47.0826178]]]}},{"type":"Feature","id":"pylon-mont-sainte-anne-67","properties":{"kind":"pylon","name":"Lift tower","height":13},"geometry":{"type":"Polygon","coordinates":[[[-70.91237357694358,47.0831661],[-70.9123820776,47.08318007444232],[-70.9124026,47.08318586284585],[-70.91242312239999,47.08318007444232],[-70.9124316230564,47.0831661],[-70.91242312239999,47.08315212555768],[-70.9124026,47.08314633715415],[-70.9123820776,47.08315212555768],[-70.91237357694358,47.0831661]]]}},{"type":"Feature","id":"pylon-mont-sainte-anne-68","properties":{"kind":"pylon","name":"Lift tower","height":13},"geometry":{"type":"Polygon","coordinates":[[[-70.91270467674109,47.0835378],[-70.91271317745682,47.08355177444232],[-70.9127337,47.083557562845854],[-70.91275422254319,47.08355177444232],[-70.91276272325892,47.0835378],[-70.91275422254319,47.083523825557684],[-70.9127337,47.08351803715415],[-70.91271317745682,47.083523825557684],[-70.91270467674109,47.0835378]]]}},{"type":"Feature","id":"pylon-mont-sainte-anne-69","properties":{"kind":"pylon","name":"Lift tower","height":13},"geometry":{"type":"Polygon","coordinates":[[[-70.9130949765024,47.0839759],[-70.91310347728803,47.08398987444232],[-70.913124,47.08399566284585],[-70.91314452271196,47.08398987444232],[-70.91315302349759,47.0839759],[-70.91314452271196,47.08396192555768],[-70.913124,47.083956137154146],[-70.91310347728803,47.08396192555768],[-70.9130949765024,47.0839759]]]}},{"type":"Feature","id":"pylon-mont-sainte-anne-70","properties":{"kind":"pylon","name":"Lift tower","height":13},"geometry":{"type":"Polygon","coordinates":[[[-70.91359257619807,47.0845345],[-70.91360107707284,47.084548474442315],[-70.9136216,47.08455426284585],[-70.91364212292716,47.084548474442315],[-70.91365062380193,47.0845345],[-70.91364212292716,47.08452052555768],[-70.9136216,47.084514737154144],[-70.91360107707284,47.08452052555768],[-70.91359257619807,47.0845345]]]}},{"type":"Feature","id":"pylon-mont-sainte-anne-71","properties":{"kind":"pylon","name":"Lift tower","height":13},"geometry":{"type":"Polygon","coordinates":[[[-70.91424637579826,47.0852683],[-70.91425487679012,47.08528227444232],[-70.9142754,47.085288062845855],[-70.91429592320986,47.08528227444232],[-70.91430442420173,47.0852683],[-70.91429592320986,47.085254325557685],[-70.9142754,47.08524853715415],[-70.91425487679012,47.085254325557685],[-70.91424637579826,47.0852683]]]}},{"type":"Feature","id":"pylon-mont-sainte-anne-72","properties":{"kind":"pylon","name":"Lift tower","height":13},"geometry":{"type":"Polygon","coordinates":[[[-70.91467067553876,47.0857446],[-70.91467917660663,47.085758574442316],[-70.9146997,47.08576436284585],[-70.91472022339337,47.085758574442316],[-70.91472872446124,47.0857446],[-70.91472022339337,47.08573062555768],[-70.9146997,47.085724837154146],[-70.91467917660663,47.08573062555768],[-70.91467067553876,47.0857446]]]}},{"type":"Feature","id":"pylon-mont-sainte-anne-73","properties":{"kind":"pylon","name":"Lift tower","height":13},"geometry":{"type":"Polygon","coordinates":[[[-70.91533507513239,47.0864904],[-70.91534357631929,47.08650437444232],[-70.9153641,47.086510162845855],[-70.91538462368072,47.08650437444232],[-70.91539312486762,47.0864904],[-70.91538462368072,47.086476425557684],[-70.9153641,47.08647063715415],[-70.91534357631929,47.086476425557684],[-70.91533507513239,47.0864904]]]}},{"type":"Feature","id":"pylon-mont-sainte-anne-74","properties":{"kind":"pylon","name":"Lift tower","height":13},"geometry":{"type":"Polygon","coordinates":[[[-70.91552757501464,47.0867065],[-70.91553607623602,47.086720474442316],[-70.9155566,47.08672626284585],[-70.91557712376398,47.086720474442316],[-70.91558562498537,47.0867065],[-70.91557712376398,47.08669252555768],[-70.9155566,47.086686737154146],[-70.91553607623602,47.08669252555768],[-70.91552757501464,47.0867065]]]}},{"type":"Feature","id":"pylon-mont-sainte-anne-75","properties":{"kind":"pylon","name":"Lift tower","height":13},"geometry":{"type":"Polygon","coordinates":[[[-70.91623397458258,47.0874994],[-70.91624247593052,47.08751337444232],[-70.916263,47.08751916284585],[-70.91628352406948,47.08751337444232],[-70.91629202541742,47.0874994],[-70.91628352406948,47.08748542555768],[-70.916263,47.087479637154146],[-70.91624247593052,47.08748542555768],[-70.91623397458258,47.0874994]]]}},{"type":"Feature","id":"pylon-mont-sainte-anne-76","properties":{"kind":"pylon","name":"Lift tower","height":13},"geometry":{"type":"Polygon","coordinates":[[[-70.91689467417851,47.0882409],[-70.91690317564479,47.08825487444232],[-70.9169237,47.088260662845855],[-70.9169442243552,47.08825487444232],[-70.91695272582149,47.0882409],[-70.9169442243552,47.088226925557684],[-70.9169237,47.08822113715415],[-70.91690317564479,47.088226925557684],[-70.91689467417851,47.0882409]]]}},{"type":"Feature","id":"pylon-mont-sainte-anne-77","properties":{"kind":"pylon","name":"Lift tower","height":13},"geometry":{"type":"Polygon","coordinates":[[[-70.9171575740177,47.088536],[-70.91716607553109,47.088549974442316],[-70.9171866,47.08855576284585],[-70.9172071244689,47.088549974442316],[-70.9172156259823,47.088536],[-70.9172071244689,47.08852202555768],[-70.9171866,47.088516237154145],[-70.91716607553109,47.08852202555768],[-70.9171575740177,47.088536]]]}},{"type":"Feature","id":"pylon-mont-sainte-anne-78","properties":{"kind":"pylon","name":"Lift tower","height":13},"geometry":{"type":"Polygon","coordinates":[[[-70.91775397365285,47.0892055],[-70.9177624752731,47.08921947444232],[-70.917783,47.08922526284585],[-70.9178035247269,47.08921947444232],[-70.91781202634715,47.0892055],[-70.9178035247269,47.08919152555768],[-70.917783,47.089185737154146],[-70.9177624752731,47.08919152555768],[-70.91775397365285,47.0892055]]]}},{"type":"Feature","id":"pylon-mont-sainte-anne-79","properties":{"kind":"pylon","name":"Lift tower","height":13},"geometry":{"type":"Polygon","coordinates":[[[-70.91836187328107,47.0898877],[-70.91837037501021,47.08990167444232],[-70.9183909,47.08990746284585],[-70.9184114249898,47.08990167444232],[-70.91841992671894,47.0898877],[-70.9184114249898,47.08987372555768],[-70.9183909,47.089867937154146],[-70.91837037501021,47.08987372555768],[-70.91836187328107,47.0898877]]]}},{"type":"Feature","id":"pylon-mont-sainte-anne-80","properties":{"kind":"pylon","name":"Lift tower","height":13},"geometry":{"type":"Polygon","coordinates":[[[-70.9190581728551,47.0906693],[-70.91906667470901,47.09068327444232],[-70.9190872,47.090689062845854],[-70.919107725291,47.09068327444232],[-70.91911622714491,47.0906693],[-70.919107725291,47.090655325557684],[-70.9190872,47.09064953715415],[-70.91906667470901,47.090655325557684],[-70.9190581728551,47.0906693]]]}},{"type":"Feature","id":"pylon-mont-sainte-anne-81","properties":{"kind":"pylon","name":"Lift tower","height":13},"geometry":{"type":"Polygon","coordinates":[[[-70.91963087250477,47.0913121],[-70.91963937446127,47.09132607444232],[-70.9196599,47.091331862845855],[-70.91968042553873,47.09132607444232],[-70.91968892749523,47.0913121],[-70.91968042553873,47.091298125557685],[-70.9196599,47.09129233715415],[-70.91963937446127,47.091298125557685],[-70.91963087250477,47.0913121]]]}},{"type":"Feature","id":"pylon-mont-sainte-anne-82","properties":{"kind":"pylon","name":"Lift tower","height":13},"geometry":{"type":"Polygon","coordinates":[[[-70.919762872424,47.0914603],[-70.91977137440416,47.09147427444232],[-70.9197919,47.091480062845854],[-70.91981242559585,47.09147427444232],[-70.91982092757601,47.0914603],[-70.91981242559585,47.09144632555768],[-70.9197919,47.09144053715415],[-70.91977137440416,47.09144632555768],[-70.919762872424,47.0914603]]]}},{"type":"Feature","id":"pylon-mont-sainte-anne-83","properties":{"kind":"pylon","name":"Lift tower","height":13},"geometry":{"type":"Polygon","coordinates":[[[-70.93237857420091,47.0881998],[-70.93238707566064,47.088213774442316],[-70.9324076,47.08821956284585],[-70.93242812433937,47.088213774442316],[-70.9324366257991,47.0881998],[-70.93242812433937,47.08818582555768],[-70.9324076,47.088180037154146],[-70.93238707566064,47.08818582555768],[-70.93237857420091,47.0881998]]]}},{"type":"Feature","id":"pylon-mont-sainte-anne-84","properties":{"kind":"pylon","name":"Lift tower","height":13},"geometry":{"type":"Polygon","coordinates":[[[-70.93252607409742,47.0883897],[-70.93253457558747,47.08840367444232],[-70.9325551,47.08840946284585],[-70.93257562441254,47.08840367444232],[-70.93258412590258,47.0883897],[-70.93257562441254,47.08837572555768],[-70.9325551,47.08836993715415],[-70.93253457558747,47.08837572555768],[-70.93252607409742,47.0883897]]]}},{"type":"Feature","id":"pylon-mont-sainte-anne-85","properties":{"kind":"pylon","name":"Lift tower","height":13},"geometry":{"type":"Polygon","coordinates":[[[-70.9327840739164,47.0887219],[-70.93279257545946,47.08873587444232],[-70.9328131,47.088741662845855],[-70.93283362454055,47.08873587444232],[-70.93284212608361,47.0887219],[-70.93283362454055,47.088707925557685],[-70.9328131,47.08870213715415],[-70.93279257545946,47.088707925557685],[-70.9327840739164,47.0887219]]]}},{"type":"Feature","id":"pylon-mont-sainte-anne-86","properties":{"kind":"pylon","name":"Lift tower","height":13},"geometry":{"type":"Polygon","coordinates":[[[-70.93339917348477,47.0895139],[-70.93340767515426,47.08952787444232],[-70.9334282,47.08953366284585],[-70.93344872484573,47.08952787444232],[-70.93345722651522,47.0895139],[-70.93344872484573,47.08949992555768],[-70.9334282,47.08949413715415],[-70.93340767515426,47.08949992555768],[-70.93339917348477,47.0895139]]]}},{"type":"Feature","id":"pylon-mont-sainte-anne-87","properties":{"kind":"pylon","name":"Lift tower","height":13},"geometry":{"type":"Polygon","coordinates":[[[-70.9338898731404,47.0901458],[-70.93389837491074,47.09015977444232],[-70.9339189,47.090165562845854],[-70.93393942508925,47.09015977444232],[-70.93394792685959,47.0901458],[-70.93393942508925,47.090131825557684],[-70.9339189,47.09012603715415],[-70.93389837491074,47.090131825557684],[-70.9338898731404,47.0901458]]]}},{"type":"Feature","id":"pylon-mont-sainte-anne-88","properties":{"kind":"pylon","name":"Lift tower","height":13},"geometry":{"type":"Polygon","coordinates":[[[-70.93425227288611,47.0906124],[-70.93426077473093,47.090626374442316],[-70.9342813,47.09063216284585],[-70.93430182526906,47.090626374442316],[-70.93431032711388,47.0906124],[-70.93430182526906,47.09059842555768],[-70.9342813,47.090592637154145],[-70.93426077473093,47.09059842555768],[-70.93425227288611,47.0906124]]]}},{"type":"Feature","id":"pylon-mont-sainte-anne-89","properties":{"kind":"pylon","name":"Lift tower","height":13},"geometry":{"type":"Polygon","coordinates":[[[-70.9347716725216,47.0912812],[-70.93478017447318,47.091295174442315],[-70.9348007,47.09130096284585],[-70.93482122552682,47.091295174442315],[-70.93482972747839,47.0912812],[-70.93482122552682,47.09126722555768],[-70.9348007,47.091261437154145],[-70.93478017447318,47.09126722555768],[-70.9347716725216,47.0912812]]]}},{"type":"Feature","id":"pylon-mont-sainte-anne-90","properties":{"kind":"pylon","name":"Lift tower","height":13},"geometry":{"type":"Polygon","coordinates":[[[-70.93524467218973,47.0918901],[-70.93525317423851,47.09190407444232],[-70.9352737,47.09190986284585],[-70.93529422576148,47.09190407444232],[-70.93530272781027,47.0918901],[-70.93529422576148,47.09187612555768],[-70.9352737,47.09187033715415],[-70.93525317423851,47.09187612555768],[-70.93524467218973,47.0918901]]]}},{"type":"Feature","id":"pylon-mont-sainte-anne-91","properties":{"kind":"pylon","name":"Lift tower","height":13},"geometry":{"type":"Polygon","coordinates":[[[-70.93572027185589,47.0925026],[-70.93572877400246,47.09251657444232],[-70.9357493,47.092522362845855],[-70.93576982599754,47.09251657444232],[-70.93577832814411,47.0925026],[-70.93576982599754,47.092488625557685],[-70.9357493,47.09248283715415],[-70.93572877400246,47.092488625557685],[-70.93572027185589,47.0925026]]]}},{"type":"Feature","id":"pylon-mont-sainte-anne-92","properties":{"kind":"pylon","name":"Lift tower","height":13},"geometry":{"type":"Polygon","coordinates":[[[-70.9363448714176,47.0933067],[-70.93635337369254,47.09332067444232],[-70.9363739,47.09332646284585],[-70.93639442630747,47.09332067444232],[-70.93640292858241,47.0933067],[-70.93639442630747,47.09329272555768],[-70.9363739,47.09328693715415],[-70.93635337369254,47.09329272555768],[-70.9363448714176,47.0933067]]]}},{"type":"Feature","id":"pylon-mont-sainte-anne-93","properties":{"kind":"pylon","name":"Lift tower","height":13},"geometry":{"type":"Polygon","coordinates":[[[-70.9368210710834,47.0939198],[-70.93682957345622,47.09393377444232],[-70.9368501,47.093939562845854],[-70.93687062654378,47.09393377444232],[-70.9368791289166,47.0939198],[-70.93687062654378,47.093905825557684],[-70.9368501,47.09390003715415],[-70.93682957345622,47.093905825557684],[-70.9368210710834,47.0939198]]]}},{"type":"Feature","id":"pylon-mont-sainte-anne-94","properties":{"kind":"pylon","name":"Lift tower","height":13},"geometry":{"type":"Polygon","coordinates":[[[-70.93737687069331,47.0946354],[-70.93738537318039,47.09464937444232],[-70.9374059,47.094655162845854],[-70.93742642681961,47.09464937444232],[-70.93743492930669,47.0946354],[-70.93742642681961,47.09462142555768],[-70.9374059,47.09461563715415],[-70.93738537318039,47.09462142555768],[-70.93737687069331,47.0946354]]]}},{"type":"Feature","id":"pylon-mont-sainte-anne-95","properties":{"kind":"pylon","name":"Lift tower","height":13},"geometry":{"type":"Polygon","coordinates":[[[-70.93788337033783,47.0952875],[-70.93789187292903,47.095301474442316],[-70.9379124,47.09530726284585],[-70.93793292707097,47.095301474442316],[-70.93794142966217,47.0952875],[-70.93793292707097,47.09527352555768],[-70.9379124,47.095267737154145],[-70.93789187292903,47.09527352555768],[-70.93788337033783,47.0952875]]]}},{"type":"Feature","id":"pylon-mont-sainte-anne-96","properties":{"kind":"pylon","name":"Lift tower","height":13},"geometry":{"type":"Polygon","coordinates":[[[-70.93816057014332,47.0956443],[-70.93816907279148,47.095658274442314],[-70.9381896,47.09566406284585],[-70.93821012720852,47.095658274442314],[-70.93821862985668,47.0956443],[-70.93821012720852,47.09563032555768],[-70.9381896,47.095624537154144],[-70.93816907279148,47.09563032555768],[-70.93816057014332,47.0956443]]]}},{"type":"Feature","id":"pylon-mont-sainte-anne-97","properties":{"kind":"pylon","name":"Lift tower","height":13},"geometry":{"type":"Polygon","coordinates":[[[-70.9387669697177,47.096425],[-70.93877547249052,47.09643897444232],[-70.938796,47.096444762845856],[-70.93881652750947,47.09643897444232],[-70.93882503028229,47.096425],[-70.93881652750947,47.096411025557686],[-70.938796,47.09640523715415],[-70.93877547249052,47.096411025557686],[-70.9387669697177,47.096425]]]}},{"type":"Feature","id":"pylon-mont-sainte-anne-98","properties":{"kind":"pylon","name":"Lift tower","height":13},"geometry":{"type":"Polygon","coordinates":[[[-70.93924956937892,47.0970464],[-70.93925807225096,47.09706037444232],[-70.9392786,47.097066162845856],[-70.93929912774902,47.09706037444232],[-70.93930763062107,47.0970464],[-70.93929912774902,47.097032425557686],[-70.9392786,47.09702663715415],[-70.93925807225096,47.097032425557686],[-70.93924956937892,47.0970464]]]}},{"type":"Feature","id":"pylon-mont-sainte-anne-99","properties":{"kind":"pylon","name":"Lift tower","height":13},"geometry":{"type":"Polygon","coordinates":[[[-70.93974316903244,47.0976819],[-70.93975167200597,47.097695874442316],[-70.9397722,47.09770166284585],[-70.93979272799402,47.097695874442316],[-70.93980123096755,47.0976819],[-70.93979272799402,47.09766792555768],[-70.9397722,47.097662137154146],[-70.93975167200597,47.09766792555768],[-70.93974316903244,47.0976819]]]}},{"type":"Feature","id":"marker-mont-sainte-anne-summit","properties":{"kind":"marker","markerType":"summit","name":"Upper mountain · 800 m","height":26},"geometry":{"type":"Polygon","coordinates":[[[-70.90890765766596,47.080999999999996],[-70.90892529348247,47.08103696098424],[-70.90897146464948,47.08105980412876],[-70.90902853535053,47.08105980412876],[-70.90907470651754,47.08103696098424],[-70.90909234233405,47.080999999999996],[-70.90907470651754,47.08096303901575],[-70.90902853535053,47.08094019587123],[-70.90897146464948,47.08094019587123],[-70.90892529348247,47.08096303901575],[-70.90890765766596,47.080999999999996]]]}},{"type":"Feature","id":"marker-mont-sainte-anne-base","properties":{"kind":"marker","markerType":"base","name":"Base · 175 m","height":18},"geometry":{"type":"Polygon","coordinates":[[[-70.9049076645981,47.077],[-70.90492529909068,47.077036960984245],[-70.90497146679164,47.077059804128766],[-70.90502853320837,47.077059804128766],[-70.90507470090932,47.077036960984245],[-70.9050923354019,47.077],[-70.90507470090932,47.07696303901575],[-70.90502853320837,47.07694019587123],[-70.90497146679164,47.07694019587123],[-70.90492529909068,47.07696303901575],[-70.9049076645981,47.077]]]}}]}